time=2026-08-21T16:44:39.933+08:00 level=INFO msg="provider whitelist loaded" entries=6
time=2026-08-21T16:44:39.934+08:00 level=INFO msg="single-instance guard acquired" pidfile=/Volumes/nvme/Projects/远程Agent安卓/.team/nodes/hl1-repro/tmp/state/agentmirrord.pid
time=2026-08-21T16:44:39.934+08:00 level=INFO msg="pairing token source=explicit"
time=2026-08-21T16:44:39.934+08:00 level=INFO msg="agentmirrord starting" listen=0.0.0.0:22195 qr_listen="" token_source=explicit upload_dir=/Volumes/nvme/Projects/远程Agent安卓/.team/nodes/hl1-repro/tmp/uploads max_upload_mib=20 list_interval=500ms
time=2026-08-21T16:44:39.934+08:00 level=DEBUG msg="listing loop started" interval=500ms
time=2026-08-21T16:44:39.934+08:00 level=DEBUG msg="level2 loop started" interval=2s heartbeat=8s
time=2026-08-21T16:44:39.935+08:00 level=WARN msg="tailnet 未启用：未配置 TS authkey，仅 LAN 监听"
                                                             
                                                             
    █▀▀▀▀▀█ ▄ █▄ ▄▄█ ▀ █▄   ▀▄▄▀▀▄▄ █ █▀▄ ▀█ ▄█▄  █▀▀▀▀▀█    
    █ ███ █   ██▄ ▄ ▄█▀▀▄██ ▀▄▀   ▄ █▄ ▀▀▄██▄▀▄▀▄ █ ███ █    
    █ ▀▀▀ █ ▀  ▄▀▄▄▀▄▀▄▀▄█▄▀█▀▀▀█   █ ▀▄█▀█▄█▄█   █ ▀▀▀ █    
    ▀▀▀▀▀▀▀ ▀▄█ ▀▄▀▄▀ █ █ █ █ ▀ █▄▀ ▀▄█ █▄▀▄▀ ▀ █ ▀▀▀▀▀▀▀    
    ▀▄█▄▀▄▀  ▀▄  ▀ ▀█▀█▀▀▄▄▄████▀  ▀▄█▀▄ █▀▀█▀▀▀█▄ ▄█▄▄█▄    
    █▀█ ▄ ▀▄▄ ▀▀▄█▄▄ ▀▄▀ ██   ▄  ▀█▄▀▀█  ▄▄ ▀▀ ▄▄▀ ▄ ▄█ █    
     ▄▄█▄ ▀█▀▄▀█▄██▄█▄▄▄▄▀▀▄▀▄   █ ▄ ▄█ ▄█  ▀███▀▄ ▄ █▄▄     
    ███  ▀▀▄█ ▄█▀  █▄▀▄▄▄▄▀▄▀█▄ ▀▄█ ██▄▄ ▄ █▄█ █▀█▀ ▄█  ▀    
     ▄▀▄▄▀▀▄ ▀▀█ ▄██▄▀▄ ▀▀▀█▄▄▄▄▀▄  ▄ ▀ ▀▄█▄██ █▄█▀█▄▄  ▀    
    ▄██ ██▀█▄ █▀ ▄▀▄▄▀█▄ █▄▄▀██▄█▄  ▀█▀▄▄▄█▄ █▀▀ ██▀  ▀▀█    
    █▄▄█▀ ▀▄▀ █▄█ █ ▀▀█   ▄▀▄▄▀  ▀▀▀ █▀ ██▀▄▀▄▀▀ ▄▀▀ █▀      
    ▄▀▄▄ ▄▀▄▀▀▄ █ ▄█  ▀█▄ ███▄█▀▀▄██▀▀ █  ▀█▀ ▄▄ ▄▄ ▀▄▄▀█    
    ▀█ ▄█▀▀▀█▄▄█▀▀ █▄▀▀██ ███▀▀▀█▀█▄▀ ▀██▀ ▄ ▄▄██▀▀▀██▀▄▀    
    ▄ ▀ █ ▀ █▀▀ ▄  ██ ▀ █ ▄ █ ▀ █▀█▄▀█▀▄▄▀ █▄▄▀▀█ ▀ █  ▄█    
      █ ▀▀▀█▀ ▀▄ █▀█▀▀ ▀▀▄▄▄▀██▀▀██▀ ▀██ ▄▀ █  ██▀██▀█▄ ▄    
     ██ ▄ ▀▀██▄█▀ ██  ▀▄▀ ▀▀ ▄█▀  ▀█▀▀██▄▄  ▀▄ ▀▀▄▀█▀█▄██    
    ██ ██ ▀▄▄▄ ▄▄█▄▀  █▀█▄▀█▀ ▄█▄██ █ ▀ ██  ▀▄▄█  ▀█ █▄▀█    
     █  █▄▀▀▄█ ▄  ▀▄▄ ▀▀██ █▀ ▀▀ █  ▀▄█▄█▄█ ██▄▀█▄█▄ ▀▄▄▀    
    █▄  █▄▀▄▀ ▄▀ ▀▄ █ ▄ ▄▄▀ ▄████ ▀ ▀▄ ▄ ▀█▄██ ▄  ▀ █ ▀▀█    
      ▀  ▀▀█▀ ▄██ █▀█ ▄███▄▀▀ █  ▄▄▄ ▄ ▄▄██▄▀▄█   █ ██ ▀█    
    ▄ █▄▄▄▀▀▀▄ ▄ █ █▄▀ ▀█▄ █▄  █▀█▀▀█▄▀▄█▄▀▀▄▀█ ▀ ▀▀▀ █▄▀    
    ▀█▄▀▀▀▀▀▄██████▄ █▄▄▄██▀  ▀  █▀  ▄▄  ▄ ▄ ██▀▀ ▀█▄▀█▀█    
       ▀  ▀ █  █▄ █▄ ▄ █▀█ ▀█▀▀▀█▀▀▄█▀▀▀▄█ ▀ ▀▄▄█▀▀▀█▀▀ ▀    
    █▀▀▀▀▀█  ▄▄ ▀██▄▀ ▀█▄▄▀██ ▀ █▀▄█▄█▀▄▀▀ ▀▄ █ █ ▀ █▄ ▀▀    
    █ ███ █ ▀██▀ █ ▄ ▀▀▄█▄▀▀█▀▀▀█▄█▄  ▄▀ ▄ ▀█▄▀▀▀▀█▀▀▄▄▀▀    
    █ ▀▀▀ █ ▀ ▀▄█▀▀▀ ▄▄▄ ▄▀▄ ▀▄▀▄▄▀▀▄█▀█▄██    ▄ ██ ▀██▄▀    
    ▀▀▀▀▀▀▀ ▀▀ ▀▀▀▀▀ ▀▀ ▀▀  ▀   ▀▀  ▀ ▀  ▀  ▀▀   ▀▀  ▀▀▀▀    
                                                             
                                                             

──────────────────────────────────────────────
配对信息 · 用 App 扫码，或手填以下内容：
  服务端 ws 地址 : ws://10.202.81.20:22195/ws
  配对 token      : HL1R1787301879
  其他可达地址（若上面的连不上，改用下列之一）：
    ws://10.202.81.20:22195/ws   [lan]
    ws://192.168.31.116:22195/ws   [lan]
    ws://100.75.207.88:22195/ws   [tailnet]
time=2026-08-21T16:45:18.962+08:00 level=INFO msg="ws: sendq health" conn=1 conn.deltas_dropped=0 conn.snapshots_pushed=0 conn.snapshots_from_resize=0 conn.snapshots_from_subscribe=0 conn.frames_sent=0 total.deltas_dropped=0 total.snapshots_pushed=0 total.snapshots_from_resize=0 total.subscribes=0 total.snapshots_from_subscribe=0 total.connections=1 total.queue_peak=0 total.frames_sent=0 close_reason="read_error: failed to get reader: received close frame: status = StatusNormalClosure and reason = \"client close\""
time=2026-08-21T16:45:18.985+08:00 level=DEBUG msg="discovery: skipping unreachable socket" socket=/tmp/tmux-501/t115d24675 err="query tmux on /tmp/tmux-501/t115d24675: exit status 1: no server running on /tmp/tmux-501/t115d24675"
time=2026-08-21T16:45:18.994+08:00 level=DEBUG msg="discovery: skipping unreachable socket" socket=/tmp/tmux-501/t115e31319 err="query tmux on /tmp/tmux-501/t115e31319: exit status 1: no server running on /tmp/tmux-501/t115e31319"
time=2026-08-21T16:45:19.003+08:00 level=DEBUG msg="discovery: skipping unreachable socket" socket=/tmp/tmux-501/t115f44898 err="query tmux on /tmp/tmux-501/t115f44898: exit status 1: no server running on /tmp/tmux-501/t115f44898"
time=2026-08-21T16:45:19.012+08:00 level=DEBUG msg="discovery: skipping unreachable socket" socket=/tmp/tmux-501/t115g47728 err="query tmux on /tmp/tmux-501/t115g47728: exit status 1: no server running on /tmp/tmux-501/t115g47728"
time=2026-08-21T16:45:19.022+08:00 level=DEBUG msg="discovery: skipping unreachable socket" socket=/tmp/tmux-501/ta-0bafa3965ade err="query tmux on /tmp/tmux-501/ta-0bafa3965ade: exit status 1: no server running on /tmp/tmux-501/ta-0bafa3965ade"
time=2026-08-21T16:45:19.049+08:00 level=DEBUG msg="discovery: skipping unreachable socket" socket=/tmp/tmux-501/ta-61709dcf801e err="query tmux on /tmp/tmux-501/ta-61709dcf801e: exit status 1: no server running on /tmp/tmux-501/ta-61709dcf801e"
time=2026-08-21T16:45:19.070+08:00 level=DEBUG msg="discovery: skipping unparsable pane line" socket=/tmp/tmux-501/ta-a9fd5b7defbd line="team-refactor-maintainability|6|%39|/Users/alauda/Documents/code/agent前沿探索/多agent协作|bash|87458|t.p9.review 零上下文设计审查已通过<|eos|> - grok|235x50|tester-t124"
time=2026-08-21T16:45:19.089+08:00 level=DEBUG msg="discovery: skipping unreachable socket" socket=/tmp/tmux-501/ta-ed81bd4d8c17 err="query tmux on /tmp/tmux-501/ta-ed81bd4d8c17: exit status 1: no server running on /tmp/tmux-501/ta-ed81bd4d8c17"
time=2026-08-21T16:45:19.098+08:00 level=DEBUG msg="discovery: skipping unreachable socket" socket=/tmp/tmux-501/ta-f1ad1b378fc7 err="query tmux on /tmp/tmux-501/ta-f1ad1b378fc7: exit status 1: no server running on /tmp/tmux-501/ta-f1ad1b378fc7"
time=2026-08-21T16:45:19.117+08:00 level=DEBUG msg="discovery: skipping unreachable socket" socket=/tmp/tmux-501/ta-t121u01 err="query tmux on /tmp/tmux-501/ta-t121u01: exit status 1: no server running on /tmp/tmux-501/ta-t121u01"
time=2026-08-21T16:45:19.126+08:00 level=DEBUG msg="discovery: skipping unreachable socket" socket=/tmp/tmux-501/ta-t121u01b err="query tmux on /tmp/tmux-501/ta-t121u01b: exit status 1: no server running on /tmp/tmux-501/ta-t121u01b"
time=2026-08-21T16:45:19.136+08:00 level=DEBUG msg="discovery: skipping unreachable socket" socket=/tmp/tmux-501/ta-user-agents err="query tmux on /tmp/tmux-501/ta-user-agents: exit status 1: no server running on /tmp/tmux-501/ta-user-agents"
time=2026-08-21T16:45:20.005+08:00 level=DEBUG msg="discovery: skipping unreachable socket" socket=/tmp/tmux-501/t115d24675 err="query tmux on /tmp/tmux-501/t115d24675: exit status 1: no server running on /tmp/tmux-501/t115d24675"
time=2026-08-21T16:45:20.014+08:00 level=DEBUG msg="discovery: skipping unreachable socket" socket=/tmp/tmux-501/t115e31319 err="query tmux on /tmp/tmux-501/t115e31319: exit status 1: no server running on /tmp/tmux-501/t115e31319"
time=2026-08-21T16:45:20.023+08:00 level=DEBUG msg="discovery: skipping unreachable socket" socket=/tmp/tmux-501/t115f44898 err="query tmux on /tmp/tmux-501/t115f44898: exit status 1: no server running on /tmp/tmux-501/t115f44898"
time=2026-08-21T16:45:20.032+08:00 level=DEBUG msg="discovery: skipping unreachable socket" socket=/tmp/tmux-501/t115g47728 err="query tmux on /tmp/tmux-501/t115g47728: exit status 1: no server running on /tmp/tmux-501/t115g47728"
time=2026-08-21T16:45:20.042+08:00 level=DEBUG msg="discovery: skipping unreachable socket" socket=/tmp/tmux-501/ta-0bafa3965ade err="query tmux on /tmp/tmux-501/ta-0bafa3965ade: exit status 1: no server running on /tmp/tmux-501/ta-0bafa3965ade"
time=2026-08-21T16:45:20.069+08:00 level=DEBUG msg="discovery: skipping unreachable socket" socket=/tmp/tmux-501/ta-61709dcf801e err="query tmux on /tmp/tmux-501/ta-61709dcf801e: exit status 1: no server running on /tmp/tmux-501/ta-61709dcf801e"
time=2026-08-21T16:45:20.089+08:00 level=DEBUG msg="discovery: skipping unparsable pane line" socket=/tmp/tmux-501/ta-a9fd5b7defbd line="team-refactor-maintainability|6|%39|/Users/alauda/Documents/code/agent前沿探索/多agent协作|bash|87458|t.p9.review 零上下文设计审查已通过<|eos|> - grok|235x50|tester-t124"
time=2026-08-21T16:45:20.107+08:00 level=DEBUG msg="discovery: skipping unreachable socket" socket=/tmp/tmux-501/ta-ed81bd4d8c17 err="query tmux on /tmp/tmux-501/ta-ed81bd4d8c17: exit status 1: no server running on /tmp/tmux-501/ta-ed81bd4d8c17"
time=2026-08-21T16:45:20.116+08:00 level=DEBUG msg="discovery: skipping unreachable socket" socket=/tmp/tmux-501/ta-f1ad1b378fc7 err="query tmux on /tmp/tmux-501/ta-f1ad1b378fc7: exit status 1: no server running on /tmp/tmux-501/ta-f1ad1b378fc7"
time=2026-08-21T16:45:20.135+08:00 level=DEBUG msg="discovery: skipping unreachable socket" socket=/tmp/tmux-501/ta-t121u01 err="query tmux on /tmp/tmux-501/ta-t121u01: exit status 1: no server running on /tmp/tmux-501/ta-t121u01"
time=2026-08-21T16:45:20.145+08:00 level=DEBUG msg="discovery: skipping unreachable socket" socket=/tmp/tmux-501/ta-t121u01b err="query tmux on /tmp/tmux-501/ta-t121u01b: exit status 1: no server running on /tmp/tmux-501/ta-t121u01b"
time=2026-08-21T16:45:20.154+08:00 level=DEBUG msg="discovery: skipping unreachable socket" socket=/tmp/tmux-501/ta-user-agents err="query tmux on /tmp/tmux-501/ta-user-agents: exit status 1: no server running on /tmp/tmux-501/ta-user-agents"
time=2026-08-21T16:45:21.145+08:00 level=DEBUG msg="listing: first snapshot" seq=1
time=2026-08-21T16:45:21.174+08:00 level=DEBUG msg="discovery: skipping unreachable socket" socket=/tmp/tmux-501/t115d24675 err="query tmux on /tmp/tmux-501/t115d24675: exit status 1: no server running on /tmp/tmux-501/t115d24675"
time=2026-08-21T16:45:21.182+08:00 level=DEBUG msg="discovery: skipping unreachable socket" socket=/tmp/tmux-501/t115e31319 err="query tmux on /tmp/tmux-501/t115e31319: exit status 1: no server running on /tmp/tmux-501/t115e31319"
time=2026-08-21T16:45:21.192+08:00 level=DEBUG msg="discovery: skipping unreachable socket" socket=/tmp/tmux-501/t115f44898 err="query tmux on /tmp/tmux-501/t115f44898: exit status 1: no server running on /tmp/tmux-501/t115f44898"
time=2026-08-21T16:45:21.200+08:00 level=DEBUG msg="discovery: skipping unreachable socket" socket=/tmp/tmux-501/t115g47728 err="query tmux on /tmp/tmux-501/t115g47728: exit status 1: no server running on /tmp/tmux-501/t115g47728"
time=2026-08-21T16:45:21.209+08:00 level=DEBUG msg="discovery: skipping unreachable socket" socket=/tmp/tmux-501/ta-0bafa3965ade err="query tmux on /tmp/tmux-501/ta-0bafa3965ade: exit status 1: no server running on /tmp/tmux-501/ta-0bafa3965ade"
time=2026-08-21T16:45:21.238+08:00 level=DEBUG msg="discovery: skipping unreachable socket" socket=/tmp/tmux-501/ta-61709dcf801e err="query tmux on /tmp/tmux-501/ta-61709dcf801e: exit status 1: no server running on /tmp/tmux-501/ta-61709dcf801e"
time=2026-08-21T16:45:21.258+08:00 level=DEBUG msg="discovery: skipping unparsable pane line" socket=/tmp/tmux-501/ta-a9fd5b7defbd line="team-refactor-maintainability|6|%39|/Users/alauda/Documents/code/agent前沿探索/多agent协作|bash|87458|t.p9.review 零上下文设计审查已通过<|eos|> - grok|235x50|tester-t124"
time=2026-08-21T16:45:21.277+08:00 level=DEBUG msg="discovery: skipping unreachable socket" socket=/tmp/tmux-501/ta-ed81bd4d8c17 err="query tmux on /tmp/tmux-501/ta-ed81bd4d8c17: exit status 1: no server running on /tmp/tmux-501/ta-ed81bd4d8c17"
time=2026-08-21T16:45:21.286+08:00 level=DEBUG msg="discovery: skipping unreachable socket" socket=/tmp/tmux-501/ta-f1ad1b378fc7 err="query tmux on /tmp/tmux-501/ta-f1ad1b378fc7: exit status 1: no server running on /tmp/tmux-501/ta-f1ad1b378fc7"
time=2026-08-21T16:45:21.303+08:00 level=DEBUG msg="discovery: skipping unreachable socket" socket=/tmp/tmux-501/ta-t121u01 err="query tmux on /tmp/tmux-501/ta-t121u01: exit status 1: no server running on /tmp/tmux-501/ta-t121u01"
time=2026-08-21T16:45:21.313+08:00 level=DEBUG msg="discovery: skipping unreachable socket" socket=/tmp/tmux-501/ta-t121u01b err="query tmux on /tmp/tmux-501/ta-t121u01b: exit status 1: no server running on /tmp/tmux-501/ta-t121u01b"
time=2026-08-21T16:45:21.322+08:00 level=DEBUG msg="discovery: skipping unreachable socket" socket=/tmp/tmux-501/ta-user-agents err="query tmux on /tmp/tmux-501/ta-user-agents: exit status 1: no server running on /tmp/tmux-501/ta-user-agents"
time=2026-08-21T16:45:23.103+08:00 level=DEBUG msg="listing: first snapshot" seq=1
time=2026-08-21T16:45:23.103+08:00 level=INFO msg="listing: refresh on open" req_id=1 had_cache=false prev_seq=0 prev_sessions=0 cur_sessions=36 cur_seq=1 refresh_err=""
time=2026-08-21T16:45:23.767+08:00 level=DEBUG msg="listing: no changes"
time=2026-08-21T16:45:24.293+08:00 level=DEBUG msg="discovery: skipping unreachable socket" socket=/tmp/tmux-501/t115d24675 err="query tmux on /tmp/tmux-501/t115d24675: exit status 1: no server running on /tmp/tmux-501/t115d24675"
time=2026-08-21T16:45:24.301+08:00 level=DEBUG msg="discovery: skipping unreachable socket" socket=/tmp/tmux-501/t115e31319 err="query tmux on /tmp/tmux-501/t115e31319: exit status 1: no server running on /tmp/tmux-501/t115e31319"
time=2026-08-21T16:45:24.309+08:00 level=DEBUG msg="discovery: skipping unreachable socket" socket=/tmp/tmux-501/t115f44898 err="query tmux on /tmp/tmux-501/t115f44898: exit status 1: no server running on /tmp/tmux-501/t115f44898"
time=2026-08-21T16:45:24.317+08:00 level=DEBUG msg="discovery: skipping unreachable socket" socket=/tmp/tmux-501/t115g47728 err="query tmux on /tmp/tmux-501/t115g47728: exit status 1: no server running on /tmp/tmux-501/t115g47728"
time=2026-08-21T16:45:24.325+08:00 level=DEBUG msg="discovery: skipping unreachable socket" socket=/tmp/tmux-501/ta-0bafa3965ade err="query tmux on /tmp/tmux-501/ta-0bafa3965ade: exit status 1: no server running on /tmp/tmux-501/ta-0bafa3965ade"
time=2026-08-21T16:45:24.348+08:00 level=DEBUG msg="discovery: skipping unreachable socket" socket=/tmp/tmux-501/ta-61709dcf801e err="query tmux on /tmp/tmux-501/ta-61709dcf801e: exit status 1: no server running on /tmp/tmux-501/ta-61709dcf801e"
time=2026-08-21T16:45:24.364+08:00 level=DEBUG msg="discovery: skipping unparsable pane line" socket=/tmp/tmux-501/ta-a9fd5b7defbd line="team-refactor-maintainability|6|%39|/Users/alauda/Documents/code/agent前沿探索/多agent协作|bash|87458|t.p9.review 零上下文设计审查已通过<|eos|> - grok|235x50|tester-t124"
time=2026-08-21T16:45:24.380+08:00 level=DEBUG msg="discovery: skipping unreachable socket" socket=/tmp/tmux-501/ta-ed81bd4d8c17 err="query tmux on /tmp/tmux-501/ta-ed81bd4d8c17: exit status 1: no server running on /tmp/tmux-501/ta-ed81bd4d8c17"
time=2026-08-21T16:45:24.389+08:00 level=DEBUG msg="discovery: skipping unreachable socket" socket=/tmp/tmux-501/ta-f1ad1b378fc7 err="query tmux on /tmp/tmux-501/ta-f1ad1b378fc7: exit status 1: no server running on /tmp/tmux-501/ta-f1ad1b378fc7"
time=2026-08-21T16:45:24.405+08:00 level=DEBUG msg="discovery: skipping unreachable socket" socket=/tmp/tmux-501/ta-t121u01 err="query tmux on /tmp/tmux-501/ta-t121u01: exit status 1: no server running on /tmp/tmux-501/ta-t121u01"
time=2026-08-21T16:45:24.413+08:00 level=DEBUG msg="discovery: skipping unreachable socket" socket=/tmp/tmux-501/ta-t121u01b err="query tmux on /tmp/tmux-501/ta-t121u01b: exit status 1: no server running on /tmp/tmux-501/ta-t121u01b"
time=2026-08-21T16:45:24.421+08:00 level=DEBUG msg="discovery: skipping unreachable socket" socket=/tmp/tmux-501/ta-user-agents err="query tmux on /tmp/tmux-501/ta-user-agents: exit status 1: no server running on /tmp/tmux-501/ta-user-agents"
time=2026-08-21T16:45:25.673+08:00 level=DEBUG msg="discovery: skipping unreachable socket" socket=/tmp/tmux-501/t115d24675 err="query tmux on /tmp/tmux-501/t115d24675: exit status 1: no server running on /tmp/tmux-501/t115d24675"
time=2026-08-21T16:45:25.673+08:00 level=DEBUG msg="discovery: skipping unreachable socket" socket=/tmp/tmux-501/t115d24675 err="query tmux on /tmp/tmux-501/t115d24675: exit status 1: no server running on /tmp/tmux-501/t115d24675"
time=2026-08-21T16:45:25.682+08:00 level=DEBUG msg="discovery: skipping unreachable socket" socket=/tmp/tmux-501/t115e31319 err="query tmux on /tmp/tmux-501/t115e31319: exit status 1: no server running on /tmp/tmux-501/t115e31319"
time=2026-08-21T16:45:25.682+08:00 level=DEBUG msg="discovery: skipping unreachable socket" socket=/tmp/tmux-501/t115e31319 err="query tmux on /tmp/tmux-501/t115e31319: exit status 1: no server running on /tmp/tmux-501/t115e31319"
time=2026-08-21T16:45:25.692+08:00 level=DEBUG msg="discovery: skipping unreachable socket" socket=/tmp/tmux-501/t115f44898 err="query tmux on /tmp/tmux-501/t115f44898: exit status 1: no server running on /tmp/tmux-501/t115f44898"
time=2026-08-21T16:45:25.692+08:00 level=DEBUG msg="discovery: skipping unreachable socket" socket=/tmp/tmux-501/t115f44898 err="query tmux on /tmp/tmux-501/t115f44898: exit status 1: no server running on /tmp/tmux-501/t115f44898"
time=2026-08-21T16:45:25.701+08:00 level=DEBUG msg="discovery: skipping unreachable socket" socket=/tmp/tmux-501/t115g47728 err="query tmux on /tmp/tmux-501/t115g47728: exit status 1: no server running on /tmp/tmux-501/t115g47728"
time=2026-08-21T16:45:25.701+08:00 level=DEBUG msg="discovery: skipping unreachable socket" socket=/tmp/tmux-501/t115g47728 err="query tmux on /tmp/tmux-501/t115g47728: exit status 1: no server running on /tmp/tmux-501/t115g47728"
time=2026-08-21T16:45:25.710+08:00 level=DEBUG msg="discovery: skipping unreachable socket" socket=/tmp/tmux-501/ta-0bafa3965ade err="query tmux on /tmp/tmux-501/ta-0bafa3965ade: exit status 1: no server running on /tmp/tmux-501/ta-0bafa3965ade"
time=2026-08-21T16:45:25.710+08:00 level=DEBUG msg="discovery: skipping unreachable socket" socket=/tmp/tmux-501/ta-0bafa3965ade err="query tmux on /tmp/tmux-501/ta-0bafa3965ade: exit status 1: no server running on /tmp/tmux-501/ta-0bafa3965ade"
time=2026-08-21T16:45:25.740+08:00 level=DEBUG msg="discovery: skipping unreachable socket" socket=/tmp/tmux-501/ta-61709dcf801e err="query tmux on /tmp/tmux-501/ta-61709dcf801e: exit status 1: no server running on /tmp/tmux-501/ta-61709dcf801e"
time=2026-08-21T16:45:25.740+08:00 level=DEBUG msg="discovery: skipping unreachable socket" socket=/tmp/tmux-501/ta-61709dcf801e err="query tmux on /tmp/tmux-501/ta-61709dcf801e: exit status 1: no server running on /tmp/tmux-501/ta-61709dcf801e"
time=2026-08-21T16:45:25.760+08:00 level=DEBUG msg="discovery: skipping unparsable pane line" socket=/tmp/tmux-501/ta-a9fd5b7defbd line="team-refactor-maintainability|6|%39|/Users/alauda/Documents/code/agent前沿探索/多agent协作|bash|87458|t.p9.review 零上下文设计审查已通过<|eos|> - grok|235x50|tester-t124"
time=2026-08-21T16:45:25.761+08:00 level=DEBUG msg="discovery: skipping unparsable pane line" socket=/tmp/tmux-501/ta-a9fd5b7defbd line="team-refactor-maintainability|6|%39|/Users/alauda/Documents/code/agent前沿探索/多agent协作|bash|87458|t.p9.review 零上下文设计审查已通过<|eos|> - grok|235x50|tester-t124"
time=2026-08-21T16:45:25.780+08:00 level=DEBUG msg="discovery: skipping unreachable socket" socket=/tmp/tmux-501/ta-ed81bd4d8c17 err="query tmux on /tmp/tmux-501/ta-ed81bd4d8c17: exit status 1: no server running on /tmp/tmux-501/ta-ed81bd4d8c17"
time=2026-08-21T16:45:25.780+08:00 level=DEBUG msg="discovery: skipping unreachable socket" socket=/tmp/tmux-501/ta-ed81bd4d8c17 err="query tmux on /tmp/tmux-501/ta-ed81bd4d8c17: exit status 1: no server running on /tmp/tmux-501/ta-ed81bd4d8c17"
time=2026-08-21T16:45:25.790+08:00 level=DEBUG msg="discovery: skipping unreachable socket" socket=/tmp/tmux-501/ta-f1ad1b378fc7 err="query tmux on /tmp/tmux-501/ta-f1ad1b378fc7: exit status 1: no server running on /tmp/tmux-501/ta-f1ad1b378fc7"
time=2026-08-21T16:45:25.790+08:00 level=DEBUG msg="discovery: skipping unreachable socket" socket=/tmp/tmux-501/ta-f1ad1b378fc7 err="query tmux on /tmp/tmux-501/ta-f1ad1b378fc7: exit status 1: no server running on /tmp/tmux-501/ta-f1ad1b378fc7"
time=2026-08-21T16:45:25.808+08:00 level=DEBUG msg="discovery: skipping unreachable socket" socket=/tmp/tmux-501/ta-t121u01 err="query tmux on /tmp/tmux-501/ta-t121u01: exit status 1: no server running on /tmp/tmux-501/ta-t121u01"
time=2026-08-21T16:45:25.809+08:00 level=DEBUG msg="discovery: skipping unreachable socket" socket=/tmp/tmux-501/ta-t121u01 err="query tmux on /tmp/tmux-501/ta-t121u01: exit status 1: no server running on /tmp/tmux-501/ta-t121u01"
time=2026-08-21T16:45:25.818+08:00 level=DEBUG msg="discovery: skipping unreachable socket" socket=/tmp/tmux-501/ta-t121u01b err="query tmux on /tmp/tmux-501/ta-t121u01b: exit status 1: no server running on /tmp/tmux-501/ta-t121u01b"
time=2026-08-21T16:45:25.818+08:00 level=DEBUG msg="discovery: skipping unreachable socket" socket=/tmp/tmux-501/ta-t121u01b err="query tmux on /tmp/tmux-501/ta-t121u01b: exit status 1: no server running on /tmp/tmux-501/ta-t121u01b"
time=2026-08-21T16:45:25.827+08:00 level=DEBUG msg="discovery: skipping unreachable socket" socket=/tmp/tmux-501/ta-user-agents err="query tmux on /tmp/tmux-501/ta-user-agents: exit status 1: no server running on /tmp/tmux-501/ta-user-agents"
time=2026-08-21T16:45:25.827+08:00 level=DEBUG msg="discovery: skipping unreachable socket" socket=/tmp/tmux-501/ta-user-agents err="query tmux on /tmp/tmux-501/ta-user-agents: exit status 1: no server running on /tmp/tmux-501/ta-user-agents"
time=2026-08-21T16:45:25.903+08:00 level=DEBUG msg="listing: no changes"
time=2026-08-21T16:45:25.974+08:00 level=DEBUG msg="discovery: skipping unreachable socket" socket=/tmp/tmux-501/t115d24675 err="query tmux on /tmp/tmux-501/t115d24675: exit status 1: no server running on /tmp/tmux-501/t115d24675"
time=2026-08-21T16:45:25.984+08:00 level=DEBUG msg="discovery: skipping unreachable socket" socket=/tmp/tmux-501/t115e31319 err="query tmux on /tmp/tmux-501/t115e31319: exit status 1: no server running on /tmp/tmux-501/t115e31319"
time=2026-08-21T16:45:25.993+08:00 level=DEBUG msg="discovery: skipping unreachable socket" socket=/tmp/tmux-501/t115f44898 err="query tmux on /tmp/tmux-501/t115f44898: exit status 1: no server running on /tmp/tmux-501/t115f44898"
time=2026-08-21T16:45:26.002+08:00 level=DEBUG msg="discovery: skipping unreachable socket" socket=/tmp/tmux-501/t115g47728 err="query tmux on /tmp/tmux-501/t115g47728: exit status 1: no server running on /tmp/tmux-501/t115g47728"
time=2026-08-21T16:45:26.010+08:00 level=DEBUG msg="discovery: skipping unreachable socket" socket=/tmp/tmux-501/ta-0bafa3965ade err="query tmux on /tmp/tmux-501/ta-0bafa3965ade: exit status 1: no server running on /tmp/tmux-501/ta-0bafa3965ade"
time=2026-08-21T16:45:26.037+08:00 level=DEBUG msg="discovery: skipping unreachable socket" socket=/tmp/tmux-501/ta-61709dcf801e err="query tmux on /tmp/tmux-501/ta-61709dcf801e: exit status 1: no server running on /tmp/tmux-501/ta-61709dcf801e"
time=2026-08-21T16:45:26.056+08:00 level=DEBUG msg="discovery: skipping unparsable pane line" socket=/tmp/tmux-501/ta-a9fd5b7defbd line="team-refactor-maintainability|6|%39|/Users/alauda/Documents/code/agent前沿探索/多agent协作|bash|87458|t.p9.review 零上下文设计审查已通过<|eos|> - grok|235x50|tester-t124"
time=2026-08-21T16:45:26.075+08:00 level=DEBUG msg="discovery: skipping unreachable socket" socket=/tmp/tmux-501/ta-ed81bd4d8c17 err="query tmux on /tmp/tmux-501/ta-ed81bd4d8c17: exit status 1: no server running on /tmp/tmux-501/ta-ed81bd4d8c17"
time=2026-08-21T16:45:26.083+08:00 level=DEBUG msg="discovery: skipping unreachable socket" socket=/tmp/tmux-501/ta-f1ad1b378fc7 err="query tmux on /tmp/tmux-501/ta-f1ad1b378fc7: exit status 1: no server running on /tmp/tmux-501/ta-f1ad1b378fc7"
time=2026-08-21T16:45:26.101+08:00 level=DEBUG msg="discovery: skipping unreachable socket" socket=/tmp/tmux-501/ta-t121u01 err="query tmux on /tmp/tmux-501/ta-t121u01: exit status 1: no server running on /tmp/tmux-501/ta-t121u01"
time=2026-08-21T16:45:26.109+08:00 level=DEBUG msg="discovery: skipping unreachable socket" socket=/tmp/tmux-501/ta-t121u01b err="query tmux on /tmp/tmux-501/ta-t121u01b: exit status 1: no server running on /tmp/tmux-501/ta-t121u01b"
time=2026-08-21T16:45:26.118+08:00 level=DEBUG msg="discovery: skipping unreachable socket" socket=/tmp/tmux-501/ta-user-agents err="query tmux on /tmp/tmux-501/ta-user-agents: exit status 1: no server running on /tmp/tmux-501/ta-user-agents"
time=2026-08-21T16:45:26.430+08:00 level=DEBUG msg="discovery: skipping unreachable socket" socket=/tmp/tmux-501/t115d24675 err="query tmux on /tmp/tmux-501/t115d24675: exit status 1: no server running on /tmp/tmux-501/t115d24675"
time=2026-08-21T16:45:26.438+08:00 level=DEBUG msg="discovery: skipping unreachable socket" socket=/tmp/tmux-501/t115e31319 err="query tmux on /tmp/tmux-501/t115e31319: exit status 1: no server running on /tmp/tmux-501/t115e31319"
time=2026-08-21T16:45:26.448+08:00 level=DEBUG msg="discovery: skipping unreachable socket" socket=/tmp/tmux-501/t115f44898 err="query tmux on /tmp/tmux-501/t115f44898: exit status 1: no server running on /tmp/tmux-501/t115f44898"
time=2026-08-21T16:45:26.456+08:00 level=DEBUG msg="discovery: skipping unreachable socket" socket=/tmp/tmux-501/t115g47728 err="query tmux on /tmp/tmux-501/t115g47728: exit status 1: no server running on /tmp/tmux-501/t115g47728"
time=2026-08-21T16:45:26.464+08:00 level=DEBUG msg="discovery: skipping unreachable socket" socket=/tmp/tmux-501/ta-0bafa3965ade err="query tmux on /tmp/tmux-501/ta-0bafa3965ade: exit status 1: no server running on /tmp/tmux-501/ta-0bafa3965ade"
time=2026-08-21T16:45:26.490+08:00 level=DEBUG msg="discovery: skipping unreachable socket" socket=/tmp/tmux-501/ta-61709dcf801e err="query tmux on /tmp/tmux-501/ta-61709dcf801e: exit status 1: no server running on /tmp/tmux-501/ta-61709dcf801e"
time=2026-08-21T16:45:26.507+08:00 level=DEBUG msg="discovery: skipping unparsable pane line" socket=/tmp/tmux-501/ta-a9fd5b7defbd line="team-refactor-maintainability|6|%39|/Users/alauda/Documents/code/agent前沿探索/多agent协作|bash|87458|t.p9.review 零上下文设计审查已通过<|eos|> - grok|235x50|tester-t124"
time=2026-08-21T16:45:26.526+08:00 level=DEBUG msg="discovery: skipping unreachable socket" socket=/tmp/tmux-501/ta-ed81bd4d8c17 err="query tmux on /tmp/tmux-501/ta-ed81bd4d8c17: exit status 1: no server running on /tmp/tmux-501/ta-ed81bd4d8c17"
time=2026-08-21T16:45:26.534+08:00 level=DEBUG msg="discovery: skipping unreachable socket" socket=/tmp/tmux-501/ta-f1ad1b378fc7 err="query tmux on /tmp/tmux-501/ta-f1ad1b378fc7: exit status 1: no server running on /tmp/tmux-501/ta-f1ad1b378fc7"
time=2026-08-21T16:45:26.550+08:00 level=DEBUG msg="discovery: skipping unreachable socket" socket=/tmp/tmux-501/ta-t121u01 err="query tmux on /tmp/tmux-501/ta-t121u01: exit status 1: no server running on /tmp/tmux-501/ta-t121u01"
time=2026-08-21T16:45:26.559+08:00 level=DEBUG msg="discovery: skipping unreachable socket" socket=/tmp/tmux-501/ta-t121u01b err="query tmux on /tmp/tmux-501/ta-t121u01b: exit status 1: no server running on /tmp/tmux-501/ta-t121u01b"
time=2026-08-21T16:45:26.567+08:00 level=DEBUG msg="discovery: skipping unreachable socket" socket=/tmp/tmux-501/ta-user-agents err="query tmux on /tmp/tmux-501/ta-user-agents: exit status 1: no server running on /tmp/tmux-501/ta-user-agents"
time=2026-08-21T16:45:27.974+08:00 level=DEBUG msg="discovery: skipping unreachable socket" socket=/tmp/tmux-501/t115d24675 err="query tmux on /tmp/tmux-501/t115d24675: exit status 1: no server running on /tmp/tmux-501/t115d24675"
time=2026-08-21T16:45:27.983+08:00 level=DEBUG msg="discovery: skipping unreachable socket" socket=/tmp/tmux-501/t115e31319 err="query tmux on /tmp/tmux-501/t115e31319: exit status 1: no server running on /tmp/tmux-501/t115e31319"
time=2026-08-21T16:45:27.991+08:00 level=DEBUG msg="discovery: skipping unreachable socket" socket=/tmp/tmux-501/t115f44898 err="query tmux on /tmp/tmux-501/t115f44898: exit status 1: no server running on /tmp/tmux-501/t115f44898"
time=2026-08-21T16:45:28.000+08:00 level=DEBUG msg="discovery: skipping unreachable socket" socket=/tmp/tmux-501/t115g47728 err="query tmux on /tmp/tmux-501/t115g47728: exit status 1: no server running on /tmp/tmux-501/t115g47728"
time=2026-08-21T16:45:28.008+08:00 level=DEBUG msg="discovery: skipping unreachable socket" socket=/tmp/tmux-501/ta-0bafa3965ade err="query tmux on /tmp/tmux-501/ta-0bafa3965ade: exit status 1: no server running on /tmp/tmux-501/ta-0bafa3965ade"
time=2026-08-21T16:45:28.033+08:00 level=DEBUG msg="discovery: skipping unreachable socket" socket=/tmp/tmux-501/ta-61709dcf801e err="query tmux on /tmp/tmux-501/ta-61709dcf801e: exit status 1: no server running on /tmp/tmux-501/ta-61709dcf801e"
time=2026-08-21T16:45:28.053+08:00 level=DEBUG msg="discovery: skipping unparsable pane line" socket=/tmp/tmux-501/ta-a9fd5b7defbd line="team-refactor-maintainability|6|%39|/Users/alauda/Documents/code/agent前沿探索/多agent协作|bash|87458|t.p9.review 零上下文设计审查已通过<|eos|> - grok|235x50|tester-t124"
time=2026-08-21T16:45:28.072+08:00 level=DEBUG msg="discovery: skipping unreachable socket" socket=/tmp/tmux-501/ta-ed81bd4d8c17 err="query tmux on /tmp/tmux-501/ta-ed81bd4d8c17: exit status 1: no server running on /tmp/tmux-501/ta-ed81bd4d8c17"
time=2026-08-21T16:45:28.080+08:00 level=DEBUG msg="discovery: skipping unreachable socket" socket=/tmp/tmux-501/ta-f1ad1b378fc7 err="query tmux on /tmp/tmux-501/ta-f1ad1b378fc7: exit status 1: no server running on /tmp/tmux-501/ta-f1ad1b378fc7"
time=2026-08-21T16:45:28.098+08:00 level=DEBUG msg="discovery: skipping unreachable socket" socket=/tmp/tmux-501/ta-t121u01 err="query tmux on /tmp/tmux-501/ta-t121u01: exit status 1: no server running on /tmp/tmux-501/ta-t121u01"
time=2026-08-21T16:45:28.106+08:00 level=DEBUG msg="discovery: skipping unreachable socket" socket=/tmp/tmux-501/ta-t121u01b err="query tmux on /tmp/tmux-501/ta-t121u01b: exit status 1: no server running on /tmp/tmux-501/ta-t121u01b"
time=2026-08-21T16:45:28.115+08:00 level=DEBUG msg="discovery: skipping unreachable socket" socket=/tmp/tmux-501/ta-user-agents err="query tmux on /tmp/tmux-501/ta-user-agents: exit status 1: no server running on /tmp/tmux-501/ta-user-agents"
time=2026-08-21T16:45:28.596+08:00 level=DEBUG msg="listing: no changes"
time=2026-08-21T16:45:28.596+08:00 level=INFO msg="listing: refresh on open" req_id=2 had_cache=true prev_seq=1 prev_sessions=36 cur_sessions=36 cur_seq=1 refresh_err=""
time=2026-08-21T16:45:29.125+08:00 level=DEBUG msg="listing: no changes"
time=2026-08-21T16:45:29.654+08:00 level=DEBUG msg="discovery: skipping unreachable socket" socket=/tmp/tmux-501/t115d24675 err="query tmux on /tmp/tmux-501/t115d24675: exit status 1: no server running on /tmp/tmux-501/t115d24675"
time=2026-08-21T16:45:29.662+08:00 level=DEBUG msg="discovery: skipping unreachable socket" socket=/tmp/tmux-501/t115e31319 err="query tmux on /tmp/tmux-501/t115e31319: exit status 1: no server running on /tmp/tmux-501/t115e31319"
time=2026-08-21T16:45:29.669+08:00 level=DEBUG msg="discovery: skipping unreachable socket" socket=/tmp/tmux-501/t115f44898 err="query tmux on /tmp/tmux-501/t115f44898: exit status 1: no server running on /tmp/tmux-501/t115f44898"
time=2026-08-21T16:45:29.677+08:00 level=DEBUG msg="discovery: skipping unreachable socket" socket=/tmp/tmux-501/t115g47728 err="query tmux on /tmp/tmux-501/t115g47728: exit status 1: no server running on /tmp/tmux-501/t115g47728"
time=2026-08-21T16:45:29.685+08:00 level=DEBUG msg="discovery: skipping unreachable socket" socket=/tmp/tmux-501/ta-0bafa3965ade err="query tmux on /tmp/tmux-501/ta-0bafa3965ade: exit status 1: no server running on /tmp/tmux-501/ta-0bafa3965ade"
time=2026-08-21T16:45:29.711+08:00 level=DEBUG msg="discovery: skipping unreachable socket" socket=/tmp/tmux-501/ta-61709dcf801e err="query tmux on /tmp/tmux-501/ta-61709dcf801e: exit status 1: no server running on /tmp/tmux-501/ta-61709dcf801e"
time=2026-08-21T16:45:29.729+08:00 level=DEBUG msg="discovery: skipping unparsable pane line" socket=/tmp/tmux-501/ta-a9fd5b7defbd line="team-refactor-maintainability|6|%39|/Users/alauda/Documents/code/agent前沿探索/多agent协作|bash|87458|t.p9.review 零上下文设计审查已通过<|eos|> - grok|235x50|tester-t124"
time=2026-08-21T16:45:29.746+08:00 level=DEBUG msg="discovery: skipping unreachable socket" socket=/tmp/tmux-501/ta-ed81bd4d8c17 err="query tmux on /tmp/tmux-501/ta-ed81bd4d8c17: exit status 1: no server running on /tmp/tmux-501/ta-ed81bd4d8c17"
time=2026-08-21T16:45:29.753+08:00 level=DEBUG msg="discovery: skipping unreachable socket" socket=/tmp/tmux-501/ta-f1ad1b378fc7 err="query tmux on /tmp/tmux-501/ta-f1ad1b378fc7: exit status 1: no server running on /tmp/tmux-501/ta-f1ad1b378fc7"
time=2026-08-21T16:45:29.769+08:00 level=DEBUG msg="discovery: skipping unreachable socket" socket=/tmp/tmux-501/ta-t121u01 err="query tmux on /tmp/tmux-501/ta-t121u01: exit status 1: no server running on /tmp/tmux-501/ta-t121u01"
time=2026-08-21T16:45:29.777+08:00 level=DEBUG msg="discovery: skipping unreachable socket" socket=/tmp/tmux-501/ta-t121u01b err="query tmux on /tmp/tmux-501/ta-t121u01b: exit status 1: no server running on /tmp/tmux-501/ta-t121u01b"
time=2026-08-21T16:45:29.785+08:00 level=DEBUG msg="discovery: skipping unreachable socket" socket=/tmp/tmux-501/ta-user-agents err="query tmux on /tmp/tmux-501/ta-user-agents: exit status 1: no server running on /tmp/tmux-501/ta-user-agents"
time=2026-08-21T16:45:30.294+08:00 level=DEBUG msg="discovery: skipping unreachable socket" socket=/tmp/tmux-501/t115d24675 err="query tmux on /tmp/tmux-501/t115d24675: exit status 1: no server running on /tmp/tmux-501/t115d24675"
time=2026-08-21T16:45:30.302+08:00 level=DEBUG msg="discovery: skipping unreachable socket" socket=/tmp/tmux-501/t115e31319 err="query tmux on /tmp/tmux-501/t115e31319: exit status 1: no server running on /tmp/tmux-501/t115e31319"
time=2026-08-21T16:45:30.310+08:00 level=DEBUG msg="discovery: skipping unreachable socket" socket=/tmp/tmux-501/t115f44898 err="query tmux on /tmp/tmux-501/t115f44898: exit status 1: no server running on /tmp/tmux-501/t115f44898"
time=2026-08-21T16:45:30.319+08:00 level=DEBUG msg="discovery: skipping unreachable socket" socket=/tmp/tmux-501/t115g47728 err="query tmux on /tmp/tmux-501/t115g47728: exit status 1: no server running on /tmp/tmux-501/t115g47728"
time=2026-08-21T16:45:30.327+08:00 level=DEBUG msg="discovery: skipping unreachable socket" socket=/tmp/tmux-501/ta-0bafa3965ade err="query tmux on /tmp/tmux-501/ta-0bafa3965ade: exit status 1: no server running on /tmp/tmux-501/ta-0bafa3965ade"
time=2026-08-21T16:45:30.353+08:00 level=DEBUG msg="discovery: skipping unreachable socket" socket=/tmp/tmux-501/ta-61709dcf801e err="query tmux on /tmp/tmux-501/ta-61709dcf801e: exit status 1: no server running on /tmp/tmux-501/ta-61709dcf801e"
time=2026-08-21T16:45:30.371+08:00 level=DEBUG msg="discovery: skipping unparsable pane line" socket=/tmp/tmux-501/ta-a9fd5b7defbd line="team-refactor-maintainability|6|%39|/Users/alauda/Documents/code/agent前沿探索/多agent协作|bash|87458|t.p9.review 零上下文设计审查已通过<|eos|> - grok|235x50|tester-t124"
time=2026-08-21T16:45:30.388+08:00 level=DEBUG msg="discovery: skipping unreachable socket" socket=/tmp/tmux-501/ta-ed81bd4d8c17 err="query tmux on /tmp/tmux-501/ta-ed81bd4d8c17: exit status 1: no server running on /tmp/tmux-501/ta-ed81bd4d8c17"
time=2026-08-21T16:45:30.396+08:00 level=DEBUG msg="discovery: skipping unreachable socket" socket=/tmp/tmux-501/ta-f1ad1b378fc7 err="query tmux on /tmp/tmux-501/ta-f1ad1b378fc7: exit status 1: no server running on /tmp/tmux-501/ta-f1ad1b378fc7"
time=2026-08-21T16:45:30.413+08:00 level=DEBUG msg="discovery: skipping unreachable socket" socket=/tmp/tmux-501/ta-t121u01 err="query tmux on /tmp/tmux-501/ta-t121u01: exit status 1: no server running on /tmp/tmux-501/ta-t121u01"
time=2026-08-21T16:45:30.421+08:00 level=DEBUG msg="discovery: skipping unreachable socket" socket=/tmp/tmux-501/ta-t121u01b err="query tmux on /tmp/tmux-501/ta-t121u01b: exit status 1: no server running on /tmp/tmux-501/ta-t121u01b"
time=2026-08-21T16:45:30.429+08:00 level=DEBUG msg="discovery: skipping unreachable socket" socket=/tmp/tmux-501/ta-user-agents err="query tmux on /tmp/tmux-501/ta-user-agents: exit status 1: no server running on /tmp/tmux-501/ta-user-agents"
time=2026-08-21T16:45:31.323+08:00 level=DEBUG msg="listing: no changes"
time=2026-08-21T16:45:31.850+08:00 level=DEBUG msg="discovery: skipping unreachable socket" socket=/tmp/tmux-501/t115d24675 err="query tmux on /tmp/tmux-501/t115d24675: exit status 1: no server running on /tmp/tmux-501/t115d24675"
time=2026-08-21T16:45:31.858+08:00 level=DEBUG msg="discovery: skipping unreachable socket" socket=/tmp/tmux-501/t115e31319 err="query tmux on /tmp/tmux-501/t115e31319: exit status 1: no server running on /tmp/tmux-501/t115e31319"
time=2026-08-21T16:45:31.866+08:00 level=DEBUG msg="discovery: skipping unreachable socket" socket=/tmp/tmux-501/t115f44898 err="query tmux on /tmp/tmux-501/t115f44898: exit status 1: no server running on /tmp/tmux-501/t115f44898"
time=2026-08-21T16:45:31.874+08:00 level=DEBUG msg="discovery: skipping unreachable socket" socket=/tmp/tmux-501/t115g47728 err="query tmux on /tmp/tmux-501/t115g47728: exit status 1: no server running on /tmp/tmux-501/t115g47728"
time=2026-08-21T16:45:31.882+08:00 level=DEBUG msg="discovery: skipping unreachable socket" socket=/tmp/tmux-501/ta-0bafa3965ade err="query tmux on /tmp/tmux-501/ta-0bafa3965ade: exit status 1: no server running on /tmp/tmux-501/ta-0bafa3965ade"
time=2026-08-21T16:45:31.907+08:00 level=DEBUG msg="discovery: skipping unreachable socket" socket=/tmp/tmux-501/ta-61709dcf801e err="query tmux on /tmp/tmux-501/ta-61709dcf801e: exit status 1: no server running on /tmp/tmux-501/ta-61709dcf801e"
time=2026-08-21T16:45:31.925+08:00 level=DEBUG msg="discovery: skipping unparsable pane line" socket=/tmp/tmux-501/ta-a9fd5b7defbd line="team-refactor-maintainability|6|%39|/Users/alauda/Documents/code/agent前沿探索/多agent协作|bash|87458|t.p9.review 零上下文设计审查已通过<|eos|> - grok|235x50|tester-t124"
time=2026-08-21T16:45:31.941+08:00 level=DEBUG msg="discovery: skipping unreachable socket" socket=/tmp/tmux-501/ta-ed81bd4d8c17 err="query tmux on /tmp/tmux-501/ta-ed81bd4d8c17: exit status 1: no server running on /tmp/tmux-501/ta-ed81bd4d8c17"
time=2026-08-21T16:45:31.950+08:00 level=DEBUG msg="discovery: skipping unreachable socket" socket=/tmp/tmux-501/ta-f1ad1b378fc7 err="query tmux on /tmp/tmux-501/ta-f1ad1b378fc7: exit status 1: no server running on /tmp/tmux-501/ta-f1ad1b378fc7"
time=2026-08-21T16:45:31.966+08:00 level=DEBUG msg="discovery: skipping unreachable socket" socket=/tmp/tmux-501/ta-t121u01 err="query tmux on /tmp/tmux-501/ta-t121u01: exit status 1: no server running on /tmp/tmux-501/ta-t121u01"
time=2026-08-21T16:45:31.974+08:00 level=DEBUG msg="discovery: skipping unreachable socket" socket=/tmp/tmux-501/ta-t121u01b err="query tmux on /tmp/tmux-501/ta-t121u01b: exit status 1: no server running on /tmp/tmux-501/ta-t121u01b"
time=2026-08-21T16:45:31.982+08:00 level=DEBUG msg="discovery: skipping unreachable socket" socket=/tmp/tmux-501/ta-user-agents err="query tmux on /tmp/tmux-501/ta-user-agents: exit status 1: no server running on /tmp/tmux-501/ta-user-agents"
time=2026-08-21T16:45:32.541+08:00 level=DEBUG msg="discovery: skipping unreachable socket" socket=/tmp/tmux-501/t115d24675 err="query tmux on /tmp/tmux-501/t115d24675: exit status 1: no server running on /tmp/tmux-501/t115d24675"
time=2026-08-21T16:45:32.549+08:00 level=DEBUG msg="discovery: skipping unreachable socket" socket=/tmp/tmux-501/t115e31319 err="query tmux on /tmp/tmux-501/t115e31319: exit status 1: no server running on /tmp/tmux-501/t115e31319"
time=2026-08-21T16:45:32.557+08:00 level=DEBUG msg="discovery: skipping unreachable socket" socket=/tmp/tmux-501/t115f44898 err="query tmux on /tmp/tmux-501/t115f44898: exit status 1: no server running on /tmp/tmux-501/t115f44898"
time=2026-08-21T16:45:32.565+08:00 level=DEBUG msg="discovery: skipping unreachable socket" socket=/tmp/tmux-501/t115g47728 err="query tmux on /tmp/tmux-501/t115g47728: exit status 1: no server running on /tmp/tmux-501/t115g47728"
time=2026-08-21T16:45:32.574+08:00 level=DEBUG msg="discovery: skipping unreachable socket" socket=/tmp/tmux-501/ta-0bafa3965ade err="query tmux on /tmp/tmux-501/ta-0bafa3965ade: exit status 1: no server running on /tmp/tmux-501/ta-0bafa3965ade"
time=2026-08-21T16:45:32.600+08:00 level=DEBUG msg="discovery: skipping unreachable socket" socket=/tmp/tmux-501/ta-61709dcf801e err="query tmux on /tmp/tmux-501/ta-61709dcf801e: exit status 1: no server running on /tmp/tmux-501/ta-61709dcf801e"
time=2026-08-21T16:45:32.619+08:00 level=DEBUG msg="discovery: skipping unparsable pane line" socket=/tmp/tmux-501/ta-a9fd5b7defbd line="team-refactor-maintainability|6|%39|/Users/alauda/Documents/code/agent前沿探索/多agent协作|bash|87458|t.p9.review 零上下文设计审查已通过<|eos|> - grok|235x50|tester-t124"
time=2026-08-21T16:45:32.637+08:00 level=DEBUG msg="discovery: skipping unreachable socket" socket=/tmp/tmux-501/ta-ed81bd4d8c17 err="query tmux on /tmp/tmux-501/ta-ed81bd4d8c17: exit status 1: no server running on /tmp/tmux-501/ta-ed81bd4d8c17"
time=2026-08-21T16:45:32.645+08:00 level=DEBUG msg="discovery: skipping unreachable socket" socket=/tmp/tmux-501/ta-f1ad1b378fc7 err="query tmux on /tmp/tmux-501/ta-f1ad1b378fc7: exit status 1: no server running on /tmp/tmux-501/ta-f1ad1b378fc7"
time=2026-08-21T16:45:32.661+08:00 level=DEBUG msg="discovery: skipping unreachable socket" socket=/tmp/tmux-501/ta-t121u01 err="query tmux on /tmp/tmux-501/ta-t121u01: exit status 1: no server running on /tmp/tmux-501/ta-t121u01"
time=2026-08-21T16:45:32.670+08:00 level=DEBUG msg="discovery: skipping unreachable socket" socket=/tmp/tmux-501/ta-t121u01b err="query tmux on /tmp/tmux-501/ta-t121u01b: exit status 1: no server running on /tmp/tmux-501/ta-t121u01b"
time=2026-08-21T16:45:32.678+08:00 level=DEBUG msg="discovery: skipping unreachable socket" socket=/tmp/tmux-501/ta-user-agents err="query tmux on /tmp/tmux-501/ta-user-agents: exit status 1: no server running on /tmp/tmux-501/ta-user-agents"
time=2026-08-21T16:45:34.002+08:00 level=DEBUG msg="discovery: skipping unreachable socket" socket=/tmp/tmux-501/t115d24675 err="query tmux on /tmp/tmux-501/t115d24675: exit status 1: no server running on /tmp/tmux-501/t115d24675"
time=2026-08-21T16:45:34.010+08:00 level=DEBUG msg="discovery: skipping unreachable socket" socket=/tmp/tmux-501/t115e31319 err="query tmux on /tmp/tmux-501/t115e31319: exit status 1: no server running on /tmp/tmux-501/t115e31319"
time=2026-08-21T16:45:34.019+08:00 level=DEBUG msg="discovery: skipping unreachable socket" socket=/tmp/tmux-501/t115f44898 err="query tmux on /tmp/tmux-501/t115f44898: exit status 1: no server running on /tmp/tmux-501/t115f44898"
time=2026-08-21T16:45:34.028+08:00 level=DEBUG msg="discovery: skipping unreachable socket" socket=/tmp/tmux-501/t115g47728 err="query tmux on /tmp/tmux-501/t115g47728: exit status 1: no server running on /tmp/tmux-501/t115g47728"
time=2026-08-21T16:45:34.037+08:00 level=DEBUG msg="discovery: skipping unreachable socket" socket=/tmp/tmux-501/ta-0bafa3965ade err="query tmux on /tmp/tmux-501/ta-0bafa3965ade: exit status 1: no server running on /tmp/tmux-501/ta-0bafa3965ade"
time=2026-08-21T16:45:34.063+08:00 level=DEBUG msg="discovery: skipping unreachable socket" socket=/tmp/tmux-501/ta-61709dcf801e err="query tmux on /tmp/tmux-501/ta-61709dcf801e: exit status 1: no server running on /tmp/tmux-501/ta-61709dcf801e"
time=2026-08-21T16:45:34.079+08:00 level=DEBUG msg="discovery: skipping unparsable pane line" socket=/tmp/tmux-501/ta-a9fd5b7defbd line="team-refactor-maintainability|6|%39|/Users/alauda/Documents/code/agent前沿探索/多agent协作|bash|87458|t.p9.review 零上下文设计审查已通过<|eos|> - grok|235x50|tester-t124"
time=2026-08-21T16:45:34.096+08:00 level=DEBUG msg="discovery: skipping unreachable socket" socket=/tmp/tmux-501/ta-ed81bd4d8c17 err="query tmux on /tmp/tmux-501/ta-ed81bd4d8c17: exit status 1: no server running on /tmp/tmux-501/ta-ed81bd4d8c17"
time=2026-08-21T16:45:34.104+08:00 level=DEBUG msg="discovery: skipping unreachable socket" socket=/tmp/tmux-501/ta-f1ad1b378fc7 err="query tmux on /tmp/tmux-501/ta-f1ad1b378fc7: exit status 1: no server running on /tmp/tmux-501/ta-f1ad1b378fc7"
time=2026-08-21T16:45:34.120+08:00 level=DEBUG msg="discovery: skipping unreachable socket" socket=/tmp/tmux-501/ta-t121u01 err="query tmux on /tmp/tmux-501/ta-t121u01: exit status 1: no server running on /tmp/tmux-501/ta-t121u01"
time=2026-08-21T16:45:34.127+08:00 level=DEBUG msg="discovery: skipping unreachable socket" socket=/tmp/tmux-501/ta-t121u01b err="query tmux on /tmp/tmux-501/ta-t121u01b: exit status 1: no server running on /tmp/tmux-501/ta-t121u01b"
time=2026-08-21T16:45:34.136+08:00 level=DEBUG msg="discovery: skipping unreachable socket" socket=/tmp/tmux-501/ta-user-agents err="query tmux on /tmp/tmux-501/ta-user-agents: exit status 1: no server running on /tmp/tmux-501/ta-user-agents"
time=2026-08-21T16:45:34.807+08:00 level=DEBUG msg="discovery: skipping unreachable socket" socket=/tmp/tmux-501/t115d24675 err="query tmux on /tmp/tmux-501/t115d24675: exit status 1: no server running on /tmp/tmux-501/t115d24675"
time=2026-08-21T16:45:34.815+08:00 level=DEBUG msg="discovery: skipping unreachable socket" socket=/tmp/tmux-501/t115e31319 err="query tmux on /tmp/tmux-501/t115e31319: exit status 1: no server running on /tmp/tmux-501/t115e31319"
time=2026-08-21T16:45:34.823+08:00 level=DEBUG msg="discovery: skipping unreachable socket" socket=/tmp/tmux-501/t115f44898 err="query tmux on /tmp/tmux-501/t115f44898: exit status 1: no server running on /tmp/tmux-501/t115f44898"
time=2026-08-21T16:45:34.832+08:00 level=DEBUG msg="discovery: skipping unreachable socket" socket=/tmp/tmux-501/t115g47728 err="query tmux on /tmp/tmux-501/t115g47728: exit status 1: no server running on /tmp/tmux-501/t115g47728"
time=2026-08-21T16:45:34.841+08:00 level=DEBUG msg="discovery: skipping unreachable socket" socket=/tmp/tmux-501/ta-0bafa3965ade err="query tmux on /tmp/tmux-501/ta-0bafa3965ade: exit status 1: no server running on /tmp/tmux-501/ta-0bafa3965ade"
time=2026-08-21T16:45:34.868+08:00 level=DEBUG msg="discovery: skipping unreachable socket" socket=/tmp/tmux-501/ta-61709dcf801e err="query tmux on /tmp/tmux-501/ta-61709dcf801e: exit status 1: no server running on /tmp/tmux-501/ta-61709dcf801e"
time=2026-08-21T16:45:34.887+08:00 level=DEBUG msg="discovery: skipping unparsable pane line" socket=/tmp/tmux-501/ta-a9fd5b7defbd line="team-refactor-maintainability|6|%39|/Users/alauda/Documents/code/agent前沿探索/多agent协作|bash|87458|t.p9.review 零上下文设计审查已通过<|eos|> - grok|235x50|tester-t124"
time=2026-08-21T16:45:34.906+08:00 level=DEBUG msg="discovery: skipping unreachable socket" socket=/tmp/tmux-501/ta-ed81bd4d8c17 err="query tmux on /tmp/tmux-501/ta-ed81bd4d8c17: exit status 1: no server running on /tmp/tmux-501/ta-ed81bd4d8c17"
time=2026-08-21T16:45:34.914+08:00 level=DEBUG msg="discovery: skipping unreachable socket" socket=/tmp/tmux-501/ta-f1ad1b378fc7 err="query tmux on /tmp/tmux-501/ta-f1ad1b378fc7: exit status 1: no server running on /tmp/tmux-501/ta-f1ad1b378fc7"
time=2026-08-21T16:45:34.932+08:00 level=DEBUG msg="discovery: skipping unreachable socket" socket=/tmp/tmux-501/ta-t121u01 err="query tmux on /tmp/tmux-501/ta-t121u01: exit status 1: no server running on /tmp/tmux-501/ta-t121u01"
time=2026-08-21T16:45:34.940+08:00 level=DEBUG msg="discovery: skipping unreachable socket" socket=/tmp/tmux-501/ta-t121u01b err="query tmux on /tmp/tmux-501/ta-t121u01b: exit status 1: no server running on /tmp/tmux-501/ta-t121u01b"
time=2026-08-21T16:45:34.949+08:00 level=DEBUG msg="discovery: skipping unreachable socket" socket=/tmp/tmux-501/ta-user-agents err="query tmux on /tmp/tmux-501/ta-user-agents: exit status 1: no server running on /tmp/tmux-501/ta-user-agents"
time=2026-08-21T16:45:35.645+08:00 level=DEBUG msg="listing: no changes"
time=2026-08-21T16:45:36.189+08:00 level=DEBUG msg="discovery: skipping unreachable socket" socket=/tmp/tmux-501/t115d24675 err="query tmux on /tmp/tmux-501/t115d24675: exit status 1: no server running on /tmp/tmux-501/t115d24675"
time=2026-08-21T16:45:36.199+08:00 level=DEBUG msg="discovery: skipping unreachable socket" socket=/tmp/tmux-501/t115e31319 err="query tmux on /tmp/tmux-501/t115e31319: exit status 1: no server running on /tmp/tmux-501/t115e31319"
time=2026-08-21T16:45:36.208+08:00 level=DEBUG msg="discovery: skipping unreachable socket" socket=/tmp/tmux-501/t115f44898 err="query tmux on /tmp/tmux-501/t115f44898: exit status 1: no server running on /tmp/tmux-501/t115f44898"
time=2026-08-21T16:45:36.217+08:00 level=DEBUG msg="discovery: skipping unreachable socket" socket=/tmp/tmux-501/t115g47728 err="query tmux on /tmp/tmux-501/t115g47728: exit status 1: no server running on /tmp/tmux-501/t115g47728"
time=2026-08-21T16:45:36.226+08:00 level=DEBUG msg="discovery: skipping unreachable socket" socket=/tmp/tmux-501/ta-0bafa3965ade err="query tmux on /tmp/tmux-501/ta-0bafa3965ade: exit status 1: no server running on /tmp/tmux-501/ta-0bafa3965ade"
time=2026-08-21T16:45:36.253+08:00 level=DEBUG msg="discovery: skipping unreachable socket" socket=/tmp/tmux-501/ta-61709dcf801e err="query tmux on /tmp/tmux-501/ta-61709dcf801e: exit status 1: no server running on /tmp/tmux-501/ta-61709dcf801e"
time=2026-08-21T16:45:36.272+08:00 level=DEBUG msg="discovery: skipping unparsable pane line" socket=/tmp/tmux-501/ta-a9fd5b7defbd line="team-refactor-maintainability|6|%39|/Users/alauda/Documents/code/agent前沿探索/多agent协作|bash|87458|t.p9.review 零上下文设计审查已通过<|eos|> - grok|235x50|tester-t124"
time=2026-08-21T16:45:36.289+08:00 level=DEBUG msg="discovery: skipping unreachable socket" socket=/tmp/tmux-501/ta-ed81bd4d8c17 err="query tmux on /tmp/tmux-501/ta-ed81bd4d8c17: exit status 1: no server running on /tmp/tmux-501/ta-ed81bd4d8c17"
time=2026-08-21T16:45:36.297+08:00 level=DEBUG msg="discovery: skipping unreachable socket" socket=/tmp/tmux-501/ta-f1ad1b378fc7 err="query tmux on /tmp/tmux-501/ta-f1ad1b378fc7: exit status 1: no server running on /tmp/tmux-501/ta-f1ad1b378fc7"
time=2026-08-21T16:45:36.313+08:00 level=DEBUG msg="discovery: skipping unreachable socket" socket=/tmp/tmux-501/ta-t121u01 err="query tmux on /tmp/tmux-501/ta-t121u01: exit status 1: no server running on /tmp/tmux-501/ta-t121u01"
time=2026-08-21T16:45:36.321+08:00 level=DEBUG msg="discovery: skipping unreachable socket" socket=/tmp/tmux-501/ta-t121u01b err="query tmux on /tmp/tmux-501/ta-t121u01b: exit status 1: no server running on /tmp/tmux-501/ta-t121u01b"
time=2026-08-21T16:45:36.328+08:00 level=DEBUG msg="discovery: skipping unreachable socket" socket=/tmp/tmux-501/ta-user-agents err="query tmux on /tmp/tmux-501/ta-user-agents: exit status 1: no server running on /tmp/tmux-501/ta-user-agents"
time=2026-08-21T16:45:37.080+08:00 level=DEBUG msg="discovery: skipping unreachable socket" socket=/tmp/tmux-501/t115d24675 err="query tmux on /tmp/tmux-501/t115d24675: exit status 1: no server running on /tmp/tmux-501/t115d24675"
time=2026-08-21T16:45:37.088+08:00 level=DEBUG msg="discovery: skipping unreachable socket" socket=/tmp/tmux-501/t115e31319 err="query tmux on /tmp/tmux-501/t115e31319: exit status 1: no server running on /tmp/tmux-501/t115e31319"
time=2026-08-21T16:45:37.097+08:00 level=DEBUG msg="discovery: skipping unreachable socket" socket=/tmp/tmux-501/t115f44898 err="query tmux on /tmp/tmux-501/t115f44898: exit status 1: no server running on /tmp/tmux-501/t115f44898"
time=2026-08-21T16:45:37.105+08:00 level=DEBUG msg="discovery: skipping unreachable socket" socket=/tmp/tmux-501/t115g47728 err="query tmux on /tmp/tmux-501/t115g47728: exit status 1: no server running on /tmp/tmux-501/t115g47728"
time=2026-08-21T16:45:37.113+08:00 level=DEBUG msg="discovery: skipping unreachable socket" socket=/tmp/tmux-501/ta-0bafa3965ade err="query tmux on /tmp/tmux-501/ta-0bafa3965ade: exit status 1: no server running on /tmp/tmux-501/ta-0bafa3965ade"
time=2026-08-21T16:45:37.139+08:00 level=DEBUG msg="discovery: skipping unreachable socket" socket=/tmp/tmux-501/ta-61709dcf801e err="query tmux on /tmp/tmux-501/ta-61709dcf801e: exit status 1: no server running on /tmp/tmux-501/ta-61709dcf801e"
time=2026-08-21T16:45:37.157+08:00 level=DEBUG msg="discovery: skipping unparsable pane line" socket=/tmp/tmux-501/ta-a9fd5b7defbd line="team-refactor-maintainability|6|%39|/Users/alauda/Documents/code/agent前沿探索/多agent协作|bash|87458|t.p9.review 零上下文设计审查已通过<|eos|> - grok|235x50|tester-t124"
time=2026-08-21T16:45:37.175+08:00 level=DEBUG msg="discovery: skipping unreachable socket" socket=/tmp/tmux-501/ta-ed81bd4d8c17 err="query tmux on /tmp/tmux-501/ta-ed81bd4d8c17: exit status 1: no server running on /tmp/tmux-501/ta-ed81bd4d8c17"
time=2026-08-21T16:45:37.183+08:00 level=DEBUG msg="discovery: skipping unreachable socket" socket=/tmp/tmux-501/ta-f1ad1b378fc7 err="query tmux on /tmp/tmux-501/ta-f1ad1b378fc7: exit status 1: no server running on /tmp/tmux-501/ta-f1ad1b378fc7"
time=2026-08-21T16:45:37.201+08:00 level=DEBUG msg="discovery: skipping unreachable socket" socket=/tmp/tmux-501/ta-t121u01 err="query tmux on /tmp/tmux-501/ta-t121u01: exit status 1: no server running on /tmp/tmux-501/ta-t121u01"
time=2026-08-21T16:45:37.209+08:00 level=DEBUG msg="discovery: skipping unreachable socket" socket=/tmp/tmux-501/ta-t121u01b err="query tmux on /tmp/tmux-501/ta-t121u01b: exit status 1: no server running on /tmp/tmux-501/ta-t121u01b"
time=2026-08-21T16:45:37.217+08:00 level=DEBUG msg="discovery: skipping unreachable socket" socket=/tmp/tmux-501/ta-user-agents err="query tmux on /tmp/tmux-501/ta-user-agents: exit status 1: no server running on /tmp/tmux-501/ta-user-agents"
time=2026-08-21T16:45:37.836+08:00 level=DEBUG msg="listing: no changes"
time=2026-08-21T16:45:38.370+08:00 level=DEBUG msg="discovery: skipping unreachable socket" socket=/tmp/tmux-501/t115d24675 err="query tmux on /tmp/tmux-501/t115d24675: exit status 1: no server running on /tmp/tmux-501/t115d24675"
time=2026-08-21T16:45:38.379+08:00 level=DEBUG msg="discovery: skipping unreachable socket" socket=/tmp/tmux-501/t115e31319 err="query tmux on /tmp/tmux-501/t115e31319: exit status 1: no server running on /tmp/tmux-501/t115e31319"
time=2026-08-21T16:45:38.387+08:00 level=DEBUG msg="discovery: skipping unreachable socket" socket=/tmp/tmux-501/t115f44898 err="query tmux on /tmp/tmux-501/t115f44898: exit status 1: no server running on /tmp/tmux-501/t115f44898"
time=2026-08-21T16:45:38.394+08:00 level=DEBUG msg="discovery: skipping unreachable socket" socket=/tmp/tmux-501/t115g47728 err="query tmux on /tmp/tmux-501/t115g47728: exit status 1: no server running on /tmp/tmux-501/t115g47728"
time=2026-08-21T16:45:38.402+08:00 level=DEBUG msg="discovery: skipping unreachable socket" socket=/tmp/tmux-501/ta-0bafa3965ade err="query tmux on /tmp/tmux-501/ta-0bafa3965ade: exit status 1: no server running on /tmp/tmux-501/ta-0bafa3965ade"
time=2026-08-21T16:45:38.427+08:00 level=DEBUG msg="discovery: skipping unreachable socket" socket=/tmp/tmux-501/ta-61709dcf801e err="query tmux on /tmp/tmux-501/ta-61709dcf801e: exit status 1: no server running on /tmp/tmux-501/ta-61709dcf801e"
time=2026-08-21T16:45:38.443+08:00 level=DEBUG msg="discovery: skipping unparsable pane line" socket=/tmp/tmux-501/ta-a9fd5b7defbd line="team-refactor-maintainability|6|%39|/Users/alauda/Documents/code/agent前沿探索/多agent协作|bash|87458|t.p9.review 零上下文设计审查已通过<|eos|> - grok|235x50|tester-t124"
time=2026-08-21T16:45:38.459+08:00 level=DEBUG msg="discovery: skipping unreachable socket" socket=/tmp/tmux-501/ta-ed81bd4d8c17 err="query tmux on /tmp/tmux-501/ta-ed81bd4d8c17: exit status 1: no server running on /tmp/tmux-501/ta-ed81bd4d8c17"
time=2026-08-21T16:45:38.467+08:00 level=DEBUG msg="discovery: skipping unreachable socket" socket=/tmp/tmux-501/ta-f1ad1b378fc7 err="query tmux on /tmp/tmux-501/ta-f1ad1b378fc7: exit status 1: no server running on /tmp/tmux-501/ta-f1ad1b378fc7"
time=2026-08-21T16:45:38.483+08:00 level=DEBUG msg="discovery: skipping unreachable socket" socket=/tmp/tmux-501/ta-t121u01 err="query tmux on /tmp/tmux-501/ta-t121u01: exit status 1: no server running on /tmp/tmux-501/ta-t121u01"
time=2026-08-21T16:45:38.491+08:00 level=DEBUG msg="discovery: skipping unreachable socket" socket=/tmp/tmux-501/ta-t121u01b err="query tmux on /tmp/tmux-501/ta-t121u01b: exit status 1: no server running on /tmp/tmux-501/ta-t121u01b"
time=2026-08-21T16:45:38.498+08:00 level=DEBUG msg="discovery: skipping unreachable socket" socket=/tmp/tmux-501/ta-user-agents err="query tmux on /tmp/tmux-501/ta-user-agents: exit status 1: no server running on /tmp/tmux-501/ta-user-agents"
time=2026-08-21T16:45:39.347+08:00 level=DEBUG msg="discovery: skipping unreachable socket" socket=/tmp/tmux-501/t115d24675 err="query tmux on /tmp/tmux-501/t115d24675: exit status 1: no server running on /tmp/tmux-501/t115d24675"
time=2026-08-21T16:45:39.355+08:00 level=DEBUG msg="discovery: skipping unreachable socket" socket=/tmp/tmux-501/t115e31319 err="query tmux on /tmp/tmux-501/t115e31319: exit status 1: no server running on /tmp/tmux-501/t115e31319"
time=2026-08-21T16:45:39.363+08:00 level=DEBUG msg="discovery: skipping unreachable socket" socket=/tmp/tmux-501/t115f44898 err="query tmux on /tmp/tmux-501/t115f44898: exit status 1: no server running on /tmp/tmux-501/t115f44898"
time=2026-08-21T16:45:39.373+08:00 level=DEBUG msg="discovery: skipping unreachable socket" socket=/tmp/tmux-501/t115g47728 err="query tmux on /tmp/tmux-501/t115g47728: exit status 1: no server running on /tmp/tmux-501/t115g47728"
time=2026-08-21T16:45:39.381+08:00 level=DEBUG msg="discovery: skipping unreachable socket" socket=/tmp/tmux-501/ta-0bafa3965ade err="query tmux on /tmp/tmux-501/ta-0bafa3965ade: exit status 1: no server running on /tmp/tmux-501/ta-0bafa3965ade"
time=2026-08-21T16:45:39.407+08:00 level=DEBUG msg="discovery: skipping unreachable socket" socket=/tmp/tmux-501/ta-61709dcf801e err="query tmux on /tmp/tmux-501/ta-61709dcf801e: exit status 1: no server running on /tmp/tmux-501/ta-61709dcf801e"
time=2026-08-21T16:45:39.425+08:00 level=DEBUG msg="discovery: skipping unparsable pane line" socket=/tmp/tmux-501/ta-a9fd5b7defbd line="team-refactor-maintainability|6|%39|/Users/alauda/Documents/code/agent前沿探索/多agent协作|bash|87458|t.p9.review 零上下文设计审查已通过<|eos|> - grok|235x50|tester-t124"
time=2026-08-21T16:45:39.443+08:00 level=DEBUG msg="discovery: skipping unreachable socket" socket=/tmp/tmux-501/ta-ed81bd4d8c17 err="query tmux on /tmp/tmux-501/ta-ed81bd4d8c17: exit status 1: no server running on /tmp/tmux-501/ta-ed81bd4d8c17"
time=2026-08-21T16:45:39.451+08:00 level=DEBUG msg="discovery: skipping unreachable socket" socket=/tmp/tmux-501/ta-f1ad1b378fc7 err="query tmux on /tmp/tmux-501/ta-f1ad1b378fc7: exit status 1: no server running on /tmp/tmux-501/ta-f1ad1b378fc7"
time=2026-08-21T16:45:39.468+08:00 level=DEBUG msg="discovery: skipping unreachable socket" socket=/tmp/tmux-501/ta-t121u01 err="query tmux on /tmp/tmux-501/ta-t121u01: exit status 1: no server running on /tmp/tmux-501/ta-t121u01"
time=2026-08-21T16:45:39.477+08:00 level=DEBUG msg="discovery: skipping unreachable socket" socket=/tmp/tmux-501/ta-t121u01b err="query tmux on /tmp/tmux-501/ta-t121u01b: exit status 1: no server running on /tmp/tmux-501/ta-t121u01b"
time=2026-08-21T16:45:39.487+08:00 level=DEBUG msg="discovery: skipping unreachable socket" socket=/tmp/tmux-501/ta-user-agents err="query tmux on /tmp/tmux-501/ta-user-agents: exit status 1: no server running on /tmp/tmux-501/ta-user-agents"
time=2026-08-21T16:45:39.986+08:00 level=DEBUG msg="listing: no changes"
time=2026-08-21T16:45:40.525+08:00 level=DEBUG msg="discovery: skipping unreachable socket" socket=/tmp/tmux-501/t115d24675 err="query tmux on /tmp/tmux-501/t115d24675: exit status 1: no server running on /tmp/tmux-501/t115d24675"
time=2026-08-21T16:45:40.534+08:00 level=DEBUG msg="discovery: skipping unreachable socket" socket=/tmp/tmux-501/t115e31319 err="query tmux on /tmp/tmux-501/t115e31319: exit status 1: no server running on /tmp/tmux-501/t115e31319"
time=2026-08-21T16:45:40.542+08:00 level=DEBUG msg="discovery: skipping unreachable socket" socket=/tmp/tmux-501/t115f44898 err="query tmux on /tmp/tmux-501/t115f44898: exit status 1: no server running on /tmp/tmux-501/t115f44898"
time=2026-08-21T16:45:40.550+08:00 level=DEBUG msg="discovery: skipping unreachable socket" socket=/tmp/tmux-501/t115g47728 err="query tmux on /tmp/tmux-501/t115g47728: exit status 1: no server running on /tmp/tmux-501/t115g47728"
time=2026-08-21T16:45:40.558+08:00 level=DEBUG msg="discovery: skipping unreachable socket" socket=/tmp/tmux-501/ta-0bafa3965ade err="query tmux on /tmp/tmux-501/ta-0bafa3965ade: exit status 1: no server running on /tmp/tmux-501/ta-0bafa3965ade"
time=2026-08-21T16:45:40.583+08:00 level=DEBUG msg="discovery: skipping unreachable socket" socket=/tmp/tmux-501/ta-61709dcf801e err="query tmux on /tmp/tmux-501/ta-61709dcf801e: exit status 1: no server running on /tmp/tmux-501/ta-61709dcf801e"
time=2026-08-21T16:45:40.599+08:00 level=DEBUG msg="discovery: skipping unparsable pane line" socket=/tmp/tmux-501/ta-a9fd5b7defbd line="team-refactor-maintainability|6|%39|/Users/alauda/Documents/code/agent前沿探索/多agent协作|bash|87458|t.p9.review 零上下文设计审查已通过<|eos|> - grok|235x50|tester-t124"
time=2026-08-21T16:45:40.616+08:00 level=DEBUG msg="discovery: skipping unreachable socket" socket=/tmp/tmux-501/ta-ed81bd4d8c17 err="query tmux on /tmp/tmux-501/ta-ed81bd4d8c17: exit status 1: no server running on /tmp/tmux-501/ta-ed81bd4d8c17"
time=2026-08-21T16:45:40.624+08:00 level=DEBUG msg="discovery: skipping unreachable socket" socket=/tmp/tmux-501/ta-f1ad1b378fc7 err="query tmux on /tmp/tmux-501/ta-f1ad1b378fc7: exit status 1: no server running on /tmp/tmux-501/ta-f1ad1b378fc7"
time=2026-08-21T16:45:40.642+08:00 level=DEBUG msg="discovery: skipping unreachable socket" socket=/tmp/tmux-501/ta-t121u01 err="query tmux on /tmp/tmux-501/ta-t121u01: exit status 1: no server running on /tmp/tmux-501/ta-t121u01"
time=2026-08-21T16:45:40.650+08:00 level=DEBUG msg="discovery: skipping unreachable socket" socket=/tmp/tmux-501/ta-t121u01b err="query tmux on /tmp/tmux-501/ta-t121u01b: exit status 1: no server running on /tmp/tmux-501/ta-t121u01b"
time=2026-08-21T16:45:40.658+08:00 level=DEBUG msg="discovery: skipping unreachable socket" socket=/tmp/tmux-501/ta-user-agents err="query tmux on /tmp/tmux-501/ta-user-agents: exit status 1: no server running on /tmp/tmux-501/ta-user-agents"
time=2026-08-21T16:45:41.626+08:00 level=DEBUG msg="discovery: skipping unreachable socket" socket=/tmp/tmux-501/t115d24675 err="query tmux on /tmp/tmux-501/t115d24675: exit status 1: no server running on /tmp/tmux-501/t115d24675"
time=2026-08-21T16:45:41.635+08:00 level=DEBUG msg="discovery: skipping unreachable socket" socket=/tmp/tmux-501/t115e31319 err="query tmux on /tmp/tmux-501/t115e31319: exit status 1: no server running on /tmp/tmux-501/t115e31319"
time=2026-08-21T16:45:41.643+08:00 level=DEBUG msg="discovery: skipping unreachable socket" socket=/tmp/tmux-501/t115f44898 err="query tmux on /tmp/tmux-501/t115f44898: exit status 1: no server running on /tmp/tmux-501/t115f44898"
time=2026-08-21T16:45:41.651+08:00 level=DEBUG msg="discovery: skipping unreachable socket" socket=/tmp/tmux-501/t115g47728 err="query tmux on /tmp/tmux-501/t115g47728: exit status 1: no server running on /tmp/tmux-501/t115g47728"
time=2026-08-21T16:45:41.659+08:00 level=DEBUG msg="discovery: skipping unreachable socket" socket=/tmp/tmux-501/ta-0bafa3965ade err="query tmux on /tmp/tmux-501/ta-0bafa3965ade: exit status 1: no server running on /tmp/tmux-501/ta-0bafa3965ade"
time=2026-08-21T16:45:41.685+08:00 level=DEBUG msg="discovery: skipping unreachable socket" socket=/tmp/tmux-501/ta-61709dcf801e err="query tmux on /tmp/tmux-501/ta-61709dcf801e: exit status 1: no server running on /tmp/tmux-501/ta-61709dcf801e"
time=2026-08-21T16:45:41.705+08:00 level=DEBUG msg="discovery: skipping unparsable pane line" socket=/tmp/tmux-501/ta-a9fd5b7defbd line="team-refactor-maintainability|6|%39|/Users/alauda/Documents/code/agent前沿探索/多agent协作|bash|87458|t.p9.review 零上下文设计审查已通过<|eos|> - grok|235x50|tester-t124"
time=2026-08-21T16:45:41.724+08:00 level=DEBUG msg="discovery: skipping unreachable socket" socket=/tmp/tmux-501/ta-ed81bd4d8c17 err="query tmux on /tmp/tmux-501/ta-ed81bd4d8c17: exit status 1: no server running on /tmp/tmux-501/ta-ed81bd4d8c17"
time=2026-08-21T16:45:41.733+08:00 level=DEBUG msg="discovery: skipping unreachable socket" socket=/tmp/tmux-501/ta-f1ad1b378fc7 err="query tmux on /tmp/tmux-501/ta-f1ad1b378fc7: exit status 1: no server running on /tmp/tmux-501/ta-f1ad1b378fc7"
time=2026-08-21T16:45:41.750+08:00 level=DEBUG msg="discovery: skipping unreachable socket" socket=/tmp/tmux-501/ta-t121u01 err="query tmux on /tmp/tmux-501/ta-t121u01: exit status 1: no server running on /tmp/tmux-501/ta-t121u01"
time=2026-08-21T16:45:41.758+08:00 level=DEBUG msg="discovery: skipping unreachable socket" socket=/tmp/tmux-501/ta-t121u01b err="query tmux on /tmp/tmux-501/ta-t121u01b: exit status 1: no server running on /tmp/tmux-501/ta-t121u01b"
time=2026-08-21T16:45:41.767+08:00 level=DEBUG msg="discovery: skipping unreachable socket" socket=/tmp/tmux-501/ta-user-agents err="query tmux on /tmp/tmux-501/ta-user-agents: exit status 1: no server running on /tmp/tmux-501/ta-user-agents"
time=2026-08-21T16:45:42.142+08:00 level=DEBUG msg="listing: no changes"
time=2026-08-21T16:45:42.672+08:00 level=DEBUG msg="discovery: skipping unreachable socket" socket=/tmp/tmux-501/t115d24675 err="query tmux on /tmp/tmux-501/t115d24675: exit status 1: no server running on /tmp/tmux-501/t115d24675"
time=2026-08-21T16:45:42.680+08:00 level=DEBUG msg="discovery: skipping unreachable socket" socket=/tmp/tmux-501/t115e31319 err="query tmux on /tmp/tmux-501/t115e31319: exit status 1: no server running on /tmp/tmux-501/t115e31319"
time=2026-08-21T16:45:42.689+08:00 level=DEBUG msg="discovery: skipping unreachable socket" socket=/tmp/tmux-501/t115f44898 err="query tmux on /tmp/tmux-501/t115f44898: exit status 1: no server running on /tmp/tmux-501/t115f44898"
time=2026-08-21T16:45:42.698+08:00 level=DEBUG msg="discovery: skipping unreachable socket" socket=/tmp/tmux-501/t115g47728 err="query tmux on /tmp/tmux-501/t115g47728: exit status 1: no server running on /tmp/tmux-501/t115g47728"
time=2026-08-21T16:45:42.706+08:00 level=DEBUG msg="discovery: skipping unreachable socket" socket=/tmp/tmux-501/ta-0bafa3965ade err="query tmux on /tmp/tmux-501/ta-0bafa3965ade: exit status 1: no server running on /tmp/tmux-501/ta-0bafa3965ade"
time=2026-08-21T16:45:42.734+08:00 level=DEBUG msg="discovery: skipping unreachable socket" socket=/tmp/tmux-501/ta-61709dcf801e err="query tmux on /tmp/tmux-501/ta-61709dcf801e: exit status 1: no server running on /tmp/tmux-501/ta-61709dcf801e"
time=2026-08-21T16:45:42.753+08:00 level=DEBUG msg="discovery: skipping unparsable pane line" socket=/tmp/tmux-501/ta-a9fd5b7defbd line="team-refactor-maintainability|6|%39|/Users/alauda/Documents/code/agent前沿探索/多agent协作|bash|87458|t.p9.review 零上下文设计审查已通过<|eos|> - grok|235x50|tester-t124"
time=2026-08-21T16:45:42.772+08:00 level=DEBUG msg="discovery: skipping unreachable socket" socket=/tmp/tmux-501/ta-ed81bd4d8c17 err="query tmux on /tmp/tmux-501/ta-ed81bd4d8c17: exit status 1: no server running on /tmp/tmux-501/ta-ed81bd4d8c17"
time=2026-08-21T16:45:42.780+08:00 level=DEBUG msg="discovery: skipping unreachable socket" socket=/tmp/tmux-501/ta-f1ad1b378fc7 err="query tmux on /tmp/tmux-501/ta-f1ad1b378fc7: exit status 1: no server running on /tmp/tmux-501/ta-f1ad1b378fc7"
time=2026-08-21T16:45:42.797+08:00 level=DEBUG msg="discovery: skipping unreachable socket" socket=/tmp/tmux-501/ta-t121u01 err="query tmux on /tmp/tmux-501/ta-t121u01: exit status 1: no server running on /tmp/tmux-501/ta-t121u01"
time=2026-08-21T16:45:42.805+08:00 level=DEBUG msg="discovery: skipping unreachable socket" socket=/tmp/tmux-501/ta-t121u01b err="query tmux on /tmp/tmux-501/ta-t121u01b: exit status 1: no server running on /tmp/tmux-501/ta-t121u01b"
time=2026-08-21T16:45:42.813+08:00 level=DEBUG msg="discovery: skipping unreachable socket" socket=/tmp/tmux-501/ta-user-agents err="query tmux on /tmp/tmux-501/ta-user-agents: exit status 1: no server running on /tmp/tmux-501/ta-user-agents"
time=2026-08-21T16:45:43.896+08:00 level=DEBUG msg="discovery: skipping unreachable socket" socket=/tmp/tmux-501/t115d24675 err="query tmux on /tmp/tmux-501/t115d24675: exit status 1: no server running on /tmp/tmux-501/t115d24675"
time=2026-08-21T16:45:43.904+08:00 level=DEBUG msg="discovery: skipping unreachable socket" socket=/tmp/tmux-501/t115e31319 err="query tmux on /tmp/tmux-501/t115e31319: exit status 1: no server running on /tmp/tmux-501/t115e31319"
time=2026-08-21T16:45:43.912+08:00 level=DEBUG msg="discovery: skipping unreachable socket" socket=/tmp/tmux-501/t115f44898 err="query tmux on /tmp/tmux-501/t115f44898: exit status 1: no server running on /tmp/tmux-501/t115f44898"
time=2026-08-21T16:45:43.921+08:00 level=DEBUG msg="discovery: skipping unreachable socket" socket=/tmp/tmux-501/t115g47728 err="query tmux on /tmp/tmux-501/t115g47728: exit status 1: no server running on /tmp/tmux-501/t115g47728"
time=2026-08-21T16:45:43.930+08:00 level=DEBUG msg="discovery: skipping unreachable socket" socket=/tmp/tmux-501/ta-0bafa3965ade err="query tmux on /tmp/tmux-501/ta-0bafa3965ade: exit status 1: no server running on /tmp/tmux-501/ta-0bafa3965ade"
time=2026-08-21T16:45:43.955+08:00 level=DEBUG msg="discovery: skipping unreachable socket" socket=/tmp/tmux-501/ta-61709dcf801e err="query tmux on /tmp/tmux-501/ta-61709dcf801e: exit status 1: no server running on /tmp/tmux-501/ta-61709dcf801e"
time=2026-08-21T16:45:43.973+08:00 level=DEBUG msg="discovery: skipping unparsable pane line" socket=/tmp/tmux-501/ta-a9fd5b7defbd line="team-refactor-maintainability|6|%39|/Users/alauda/Documents/code/agent前沿探索/多agent协作|bash|87458|t.p9.review 零上下文设计审查已通过<|eos|> - grok|235x50|tester-t124"
time=2026-08-21T16:45:43.991+08:00 level=DEBUG msg="discovery: skipping unreachable socket" socket=/tmp/tmux-501/ta-ed81bd4d8c17 err="query tmux on /tmp/tmux-501/ta-ed81bd4d8c17: exit status 1: no server running on /tmp/tmux-501/ta-ed81bd4d8c17"
time=2026-08-21T16:45:44.000+08:00 level=DEBUG msg="discovery: skipping unreachable socket" socket=/tmp/tmux-501/ta-f1ad1b378fc7 err="query tmux on /tmp/tmux-501/ta-f1ad1b378fc7: exit status 1: no server running on /tmp/tmux-501/ta-f1ad1b378fc7"
time=2026-08-21T16:45:44.017+08:00 level=DEBUG msg="discovery: skipping unreachable socket" socket=/tmp/tmux-501/ta-t121u01 err="query tmux on /tmp/tmux-501/ta-t121u01: exit status 1: no server running on /tmp/tmux-501/ta-t121u01"
time=2026-08-21T16:45:44.026+08:00 level=DEBUG msg="discovery: skipping unreachable socket" socket=/tmp/tmux-501/ta-t121u01b err="query tmux on /tmp/tmux-501/ta-t121u01b: exit status 1: no server running on /tmp/tmux-501/ta-t121u01b"
time=2026-08-21T16:45:44.035+08:00 level=DEBUG msg="discovery: skipping unreachable socket" socket=/tmp/tmux-501/ta-user-agents err="query tmux on /tmp/tmux-501/ta-user-agents: exit status 1: no server running on /tmp/tmux-501/ta-user-agents"
time=2026-08-21T16:45:44.322+08:00 level=DEBUG msg="listing: no changes"
time=2026-08-21T16:45:44.850+08:00 level=DEBUG msg="discovery: skipping unreachable socket" socket=/tmp/tmux-501/t115d24675 err="query tmux on /tmp/tmux-501/t115d24675: exit status 1: no server running on /tmp/tmux-501/t115d24675"
time=2026-08-21T16:45:44.857+08:00 level=DEBUG msg="discovery: skipping unreachable socket" socket=/tmp/tmux-501/t115e31319 err="query tmux on /tmp/tmux-501/t115e31319: exit status 1: no server running on /tmp/tmux-501/t115e31319"
time=2026-08-21T16:45:44.866+08:00 level=DEBUG msg="discovery: skipping unreachable socket" socket=/tmp/tmux-501/t115f44898 err="query tmux on /tmp/tmux-501/t115f44898: exit status 1: no server running on /tmp/tmux-501/t115f44898"
time=2026-08-21T16:45:44.875+08:00 level=DEBUG msg="discovery: skipping unreachable socket" socket=/tmp/tmux-501/t115g47728 err="query tmux on /tmp/tmux-501/t115g47728: exit status 1: no server running on /tmp/tmux-501/t115g47728"
time=2026-08-21T16:45:44.883+08:00 level=DEBUG msg="discovery: skipping unreachable socket" socket=/tmp/tmux-501/ta-0bafa3965ade err="query tmux on /tmp/tmux-501/ta-0bafa3965ade: exit status 1: no server running on /tmp/tmux-501/ta-0bafa3965ade"
time=2026-08-21T16:45:44.909+08:00 level=DEBUG msg="discovery: skipping unreachable socket" socket=/tmp/tmux-501/ta-61709dcf801e err="query tmux on /tmp/tmux-501/ta-61709dcf801e: exit status 1: no server running on /tmp/tmux-501/ta-61709dcf801e"
time=2026-08-21T16:45:44.926+08:00 level=DEBUG msg="discovery: skipping unparsable pane line" socket=/tmp/tmux-501/ta-a9fd5b7defbd line="team-refactor-maintainability|6|%39|/Users/alauda/Documents/code/agent前沿探索/多agent协作|bash|87458|t.p9.review 零上下文设计审查已通过<|eos|> - grok|235x50|tester-t124"
time=2026-08-21T16:45:44.944+08:00 level=DEBUG msg="discovery: skipping unreachable socket" socket=/tmp/tmux-501/ta-ed81bd4d8c17 err="query tmux on /tmp/tmux-501/ta-ed81bd4d8c17: exit status 1: no server running on /tmp/tmux-501/ta-ed81bd4d8c17"
time=2026-08-21T16:45:44.951+08:00 level=DEBUG msg="discovery: skipping unreachable socket" socket=/tmp/tmux-501/ta-f1ad1b378fc7 err="query tmux on /tmp/tmux-501/ta-f1ad1b378fc7: exit status 1: no server running on /tmp/tmux-501/ta-f1ad1b378fc7"
time=2026-08-21T16:45:44.967+08:00 level=DEBUG msg="discovery: skipping unreachable socket" socket=/tmp/tmux-501/ta-t121u01 err="query tmux on /tmp/tmux-501/ta-t121u01: exit status 1: no server running on /tmp/tmux-501/ta-t121u01"
time=2026-08-21T16:45:44.975+08:00 level=DEBUG msg="discovery: skipping unreachable socket" socket=/tmp/tmux-501/ta-t121u01b err="query tmux on /tmp/tmux-501/ta-t121u01b: exit status 1: no server running on /tmp/tmux-501/ta-t121u01b"
time=2026-08-21T16:45:44.982+08:00 level=DEBUG msg="discovery: skipping unreachable socket" socket=/tmp/tmux-501/ta-user-agents err="query tmux on /tmp/tmux-501/ta-user-agents: exit status 1: no server running on /tmp/tmux-501/ta-user-agents"
time=2026-08-21T16:45:46.152+08:00 level=DEBUG msg="discovery: skipping unreachable socket" socket=/tmp/tmux-501/t115d24675 err="query tmux on /tmp/tmux-501/t115d24675: exit status 1: no server running on /tmp/tmux-501/t115d24675"
time=2026-08-21T16:45:46.161+08:00 level=DEBUG msg="discovery: skipping unreachable socket" socket=/tmp/tmux-501/t115e31319 err="query tmux on /tmp/tmux-501/t115e31319: exit status 1: no server running on /tmp/tmux-501/t115e31319"
time=2026-08-21T16:45:46.169+08:00 level=DEBUG msg="discovery: skipping unreachable socket" socket=/tmp/tmux-501/t115f44898 err="query tmux on /tmp/tmux-501/t115f44898: exit status 1: no server running on /tmp/tmux-501/t115f44898"
time=2026-08-21T16:45:46.178+08:00 level=DEBUG msg="discovery: skipping unreachable socket" socket=/tmp/tmux-501/t115g47728 err="query tmux on /tmp/tmux-501/t115g47728: exit status 1: no server running on /tmp/tmux-501/t115g47728"
time=2026-08-21T16:45:46.186+08:00 level=DEBUG msg="discovery: skipping unreachable socket" socket=/tmp/tmux-501/ta-0bafa3965ade err="query tmux on /tmp/tmux-501/ta-0bafa3965ade: exit status 1: no server running on /tmp/tmux-501/ta-0bafa3965ade"
time=2026-08-21T16:45:46.213+08:00 level=DEBUG msg="discovery: skipping unreachable socket" socket=/tmp/tmux-501/ta-61709dcf801e err="query tmux on /tmp/tmux-501/ta-61709dcf801e: exit status 1: no server running on /tmp/tmux-501/ta-61709dcf801e"
time=2026-08-21T16:45:46.232+08:00 level=DEBUG msg="discovery: skipping unparsable pane line" socket=/tmp/tmux-501/ta-a9fd5b7defbd line="team-refactor-maintainability|6|%39|/Users/alauda/Documents/code/agent前沿探索/多agent协作|bash|87458|t.p9.review 零上下文设计审查已通过<|eos|> - grok|235x50|tester-t124"
time=2026-08-21T16:45:46.251+08:00 level=DEBUG msg="discovery: skipping unreachable socket" socket=/tmp/tmux-501/ta-ed81bd4d8c17 err="query tmux on /tmp/tmux-501/ta-ed81bd4d8c17: exit status 1: no server running on /tmp/tmux-501/ta-ed81bd4d8c17"
time=2026-08-21T16:45:46.259+08:00 level=DEBUG msg="discovery: skipping unreachable socket" socket=/tmp/tmux-501/ta-f1ad1b378fc7 err="query tmux on /tmp/tmux-501/ta-f1ad1b378fc7: exit status 1: no server running on /tmp/tmux-501/ta-f1ad1b378fc7"
time=2026-08-21T16:45:46.277+08:00 level=DEBUG msg="discovery: skipping unreachable socket" socket=/tmp/tmux-501/ta-t121u01 err="query tmux on /tmp/tmux-501/ta-t121u01: exit status 1: no server running on /tmp/tmux-501/ta-t121u01"
time=2026-08-21T16:45:46.285+08:00 level=DEBUG msg="discovery: skipping unreachable socket" socket=/tmp/tmux-501/ta-t121u01b err="query tmux on /tmp/tmux-501/ta-t121u01b: exit status 1: no server running on /tmp/tmux-501/ta-t121u01b"
time=2026-08-21T16:45:46.293+08:00 level=DEBUG msg="discovery: skipping unreachable socket" socket=/tmp/tmux-501/ta-user-agents err="query tmux on /tmp/tmux-501/ta-user-agents: exit status 1: no server running on /tmp/tmux-501/ta-user-agents"
time=2026-08-21T16:45:46.474+08:00 level=DEBUG msg="listing: no changes"
time=2026-08-21T16:45:47.003+08:00 level=DEBUG msg="discovery: skipping unreachable socket" socket=/tmp/tmux-501/t115d24675 err="query tmux on /tmp/tmux-501/t115d24675: exit status 1: no server running on /tmp/tmux-501/t115d24675"
time=2026-08-21T16:45:47.011+08:00 level=DEBUG msg="discovery: skipping unreachable socket" socket=/tmp/tmux-501/t115e31319 err="query tmux on /tmp/tmux-501/t115e31319: exit status 1: no server running on /tmp/tmux-501/t115e31319"
time=2026-08-21T16:45:47.019+08:00 level=DEBUG msg="discovery: skipping unreachable socket" socket=/tmp/tmux-501/t115f44898 err="query tmux on /tmp/tmux-501/t115f44898: exit status 1: no server running on /tmp/tmux-501/t115f44898"
time=2026-08-21T16:45:47.028+08:00 level=DEBUG msg="discovery: skipping unreachable socket" socket=/tmp/tmux-501/t115g47728 err="query tmux on /tmp/tmux-501/t115g47728: exit status 1: no server running on /tmp/tmux-501/t115g47728"
time=2026-08-21T16:45:47.036+08:00 level=DEBUG msg="discovery: skipping unreachable socket" socket=/tmp/tmux-501/ta-0bafa3965ade err="query tmux on /tmp/tmux-501/ta-0bafa3965ade: exit status 1: no server running on /tmp/tmux-501/ta-0bafa3965ade"
time=2026-08-21T16:45:47.060+08:00 level=DEBUG msg="discovery: skipping unreachable socket" socket=/tmp/tmux-501/ta-61709dcf801e err="query tmux on /tmp/tmux-501/ta-61709dcf801e: exit status 1: no server running on /tmp/tmux-501/ta-61709dcf801e"
time=2026-08-21T16:45:47.078+08:00 level=DEBUG msg="discovery: skipping unparsable pane line" socket=/tmp/tmux-501/ta-a9fd5b7defbd line="team-refactor-maintainability|6|%39|/Users/alauda/Documents/code/agent前沿探索/多agent协作|bash|87458|t.p9.review 零上下文设计审查已通过<|eos|> - grok|235x50|tester-t124"
time=2026-08-21T16:45:47.096+08:00 level=DEBUG msg="discovery: skipping unreachable socket" socket=/tmp/tmux-501/ta-ed81bd4d8c17 err="query tmux on /tmp/tmux-501/ta-ed81bd4d8c17: exit status 1: no server running on /tmp/tmux-501/ta-ed81bd4d8c17"
time=2026-08-21T16:45:47.104+08:00 level=DEBUG msg="discovery: skipping unreachable socket" socket=/tmp/tmux-501/ta-f1ad1b378fc7 err="query tmux on /tmp/tmux-501/ta-f1ad1b378fc7: exit status 1: no server running on /tmp/tmux-501/ta-f1ad1b378fc7"
time=2026-08-21T16:45:47.120+08:00 level=DEBUG msg="discovery: skipping unreachable socket" socket=/tmp/tmux-501/ta-t121u01 err="query tmux on /tmp/tmux-501/ta-t121u01: exit status 1: no server running on /tmp/tmux-501/ta-t121u01"
time=2026-08-21T16:45:47.128+08:00 level=DEBUG msg="discovery: skipping unreachable socket" socket=/tmp/tmux-501/ta-t121u01b err="query tmux on /tmp/tmux-501/ta-t121u01b: exit status 1: no server running on /tmp/tmux-501/ta-t121u01b"
time=2026-08-21T16:45:47.136+08:00 level=DEBUG msg="discovery: skipping unreachable socket" socket=/tmp/tmux-501/ta-user-agents err="query tmux on /tmp/tmux-501/ta-user-agents: exit status 1: no server running on /tmp/tmux-501/ta-user-agents"
time=2026-08-21T16:45:48.425+08:00 level=DEBUG msg="discovery: skipping unreachable socket" socket=/tmp/tmux-501/t115d24675 err="query tmux on /tmp/tmux-501/t115d24675: exit status 1: no server running on /tmp/tmux-501/t115d24675"
time=2026-08-21T16:45:48.433+08:00 level=DEBUG msg="discovery: skipping unreachable socket" socket=/tmp/tmux-501/t115e31319 err="query tmux on /tmp/tmux-501/t115e31319: exit status 1: no server running on /tmp/tmux-501/t115e31319"
time=2026-08-21T16:45:48.442+08:00 level=DEBUG msg="discovery: skipping unreachable socket" socket=/tmp/tmux-501/t115f44898 err="query tmux on /tmp/tmux-501/t115f44898: exit status 1: no server running on /tmp/tmux-501/t115f44898"
time=2026-08-21T16:45:48.450+08:00 level=DEBUG msg="discovery: skipping unreachable socket" socket=/tmp/tmux-501/t115g47728 err="query tmux on /tmp/tmux-501/t115g47728: exit status 1: no server running on /tmp/tmux-501/t115g47728"
time=2026-08-21T16:45:48.458+08:00 level=DEBUG msg="discovery: skipping unreachable socket" socket=/tmp/tmux-501/ta-0bafa3965ade err="query tmux on /tmp/tmux-501/ta-0bafa3965ade: exit status 1: no server running on /tmp/tmux-501/ta-0bafa3965ade"
time=2026-08-21T16:45:48.485+08:00 level=DEBUG msg="discovery: skipping unreachable socket" socket=/tmp/tmux-501/ta-61709dcf801e err="query tmux on /tmp/tmux-501/ta-61709dcf801e: exit status 1: no server running on /tmp/tmux-501/ta-61709dcf801e"
time=2026-08-21T16:45:48.503+08:00 level=DEBUG msg="discovery: skipping unparsable pane line" socket=/tmp/tmux-501/ta-a9fd5b7defbd line="team-refactor-maintainability|6|%39|/Users/alauda/Documents/code/agent前沿探索/多agent协作|bash|87458|t.p9.review 零上下文设计审查已通过<|eos|> - grok|235x50|tester-t124"
time=2026-08-21T16:45:48.520+08:00 level=DEBUG msg="discovery: skipping unreachable socket" socket=/tmp/tmux-501/ta-ed81bd4d8c17 err="query tmux on /tmp/tmux-501/ta-ed81bd4d8c17: exit status 1: no server running on /tmp/tmux-501/ta-ed81bd4d8c17"
time=2026-08-21T16:45:48.528+08:00 level=DEBUG msg="discovery: skipping unreachable socket" socket=/tmp/tmux-501/ta-f1ad1b378fc7 err="query tmux on /tmp/tmux-501/ta-f1ad1b378fc7: exit status 1: no server running on /tmp/tmux-501/ta-f1ad1b378fc7"
time=2026-08-21T16:45:48.545+08:00 level=DEBUG msg="discovery: skipping unreachable socket" socket=/tmp/tmux-501/ta-t121u01 err="query tmux on /tmp/tmux-501/ta-t121u01: exit status 1: no server running on /tmp/tmux-501/ta-t121u01"
time=2026-08-21T16:45:48.553+08:00 level=DEBUG msg="discovery: skipping unreachable socket" socket=/tmp/tmux-501/ta-t121u01b err="query tmux on /tmp/tmux-501/ta-t121u01b: exit status 1: no server running on /tmp/tmux-501/ta-t121u01b"
time=2026-08-21T16:45:48.561+08:00 level=DEBUG msg="discovery: skipping unreachable socket" socket=/tmp/tmux-501/ta-user-agents err="query tmux on /tmp/tmux-501/ta-user-agents: exit status 1: no server running on /tmp/tmux-501/ta-user-agents"
time=2026-08-21T16:45:48.580+08:00 level=DEBUG msg="listing: no changes"
time=2026-08-21T16:45:49.109+08:00 level=DEBUG msg="discovery: skipping unreachable socket" socket=/tmp/tmux-501/t115d24675 err="query tmux on /tmp/tmux-501/t115d24675: exit status 1: no server running on /tmp/tmux-501/t115d24675"
time=2026-08-21T16:45:49.117+08:00 level=DEBUG msg="discovery: skipping unreachable socket" socket=/tmp/tmux-501/t115e31319 err="query tmux on /tmp/tmux-501/t115e31319: exit status 1: no server running on /tmp/tmux-501/t115e31319"
time=2026-08-21T16:45:49.125+08:00 level=DEBUG msg="discovery: skipping unreachable socket" socket=/tmp/tmux-501/t115f44898 err="query tmux on /tmp/tmux-501/t115f44898: exit status 1: no server running on /tmp/tmux-501/t115f44898"
time=2026-08-21T16:45:49.132+08:00 level=DEBUG msg="discovery: skipping unreachable socket" socket=/tmp/tmux-501/t115g47728 err="query tmux on /tmp/tmux-501/t115g47728: exit status 1: no server running on /tmp/tmux-501/t115g47728"
time=2026-08-21T16:45:49.140+08:00 level=DEBUG msg="discovery: skipping unreachable socket" socket=/tmp/tmux-501/ta-0bafa3965ade err="query tmux on /tmp/tmux-501/ta-0bafa3965ade: exit status 1: no server running on /tmp/tmux-501/ta-0bafa3965ade"
time=2026-08-21T16:45:49.165+08:00 level=DEBUG msg="discovery: skipping unreachable socket" socket=/tmp/tmux-501/ta-61709dcf801e err="query tmux on /tmp/tmux-501/ta-61709dcf801e: exit status 1: no server running on /tmp/tmux-501/ta-61709dcf801e"
time=2026-08-21T16:45:49.182+08:00 level=DEBUG msg="discovery: skipping unparsable pane line" socket=/tmp/tmux-501/ta-a9fd5b7defbd line="team-refactor-maintainability|6|%39|/Users/alauda/Documents/code/agent前沿探索/多agent协作|bash|87458|t.p9.review 零上下文设计审查已通过<|eos|> - grok|235x50|tester-t124"
time=2026-08-21T16:45:49.198+08:00 level=DEBUG msg="discovery: skipping unreachable socket" socket=/tmp/tmux-501/ta-ed81bd4d8c17 err="query tmux on /tmp/tmux-501/ta-ed81bd4d8c17: exit status 1: no server running on /tmp/tmux-501/ta-ed81bd4d8c17"
time=2026-08-21T16:45:49.205+08:00 level=DEBUG msg="discovery: skipping unreachable socket" socket=/tmp/tmux-501/ta-f1ad1b378fc7 err="query tmux on /tmp/tmux-501/ta-f1ad1b378fc7: exit status 1: no server running on /tmp/tmux-501/ta-f1ad1b378fc7"
time=2026-08-21T16:45:49.221+08:00 level=DEBUG msg="discovery: skipping unreachable socket" socket=/tmp/tmux-501/ta-t121u01 err="query tmux on /tmp/tmux-501/ta-t121u01: exit status 1: no server running on /tmp/tmux-501/ta-t121u01"
time=2026-08-21T16:45:49.228+08:00 level=DEBUG msg="discovery: skipping unreachable socket" socket=/tmp/tmux-501/ta-t121u01b err="query tmux on /tmp/tmux-501/ta-t121u01b: exit status 1: no server running on /tmp/tmux-501/ta-t121u01b"
time=2026-08-21T16:45:49.236+08:00 level=DEBUG msg="discovery: skipping unreachable socket" socket=/tmp/tmux-501/ta-user-agents err="query tmux on /tmp/tmux-501/ta-user-agents: exit status 1: no server running on /tmp/tmux-501/ta-user-agents"
time=2026-08-21T16:45:50.633+08:00 level=DEBUG msg="listing: no changes"
time=2026-08-21T16:45:50.649+08:00 level=DEBUG msg="discovery: skipping unreachable socket" socket=/tmp/tmux-501/t115d24675 err="query tmux on /tmp/tmux-501/t115d24675: exit status 1: no server running on /tmp/tmux-501/t115d24675"
time=2026-08-21T16:45:50.657+08:00 level=DEBUG msg="discovery: skipping unreachable socket" socket=/tmp/tmux-501/t115e31319 err="query tmux on /tmp/tmux-501/t115e31319: exit status 1: no server running on /tmp/tmux-501/t115e31319"
time=2026-08-21T16:45:50.665+08:00 level=DEBUG msg="discovery: skipping unreachable socket" socket=/tmp/tmux-501/t115f44898 err="query tmux on /tmp/tmux-501/t115f44898: exit status 1: no server running on /tmp/tmux-501/t115f44898"
time=2026-08-21T16:45:50.673+08:00 level=DEBUG msg="discovery: skipping unreachable socket" socket=/tmp/tmux-501/t115g47728 err="query tmux on /tmp/tmux-501/t115g47728: exit status 1: no server running on /tmp/tmux-501/t115g47728"
time=2026-08-21T16:45:50.680+08:00 level=DEBUG msg="discovery: skipping unreachable socket" socket=/tmp/tmux-501/ta-0bafa3965ade err="query tmux on /tmp/tmux-501/ta-0bafa3965ade: exit status 1: no server running on /tmp/tmux-501/ta-0bafa3965ade"
time=2026-08-21T16:45:50.704+08:00 level=DEBUG msg="discovery: skipping unreachable socket" socket=/tmp/tmux-501/ta-61709dcf801e err="query tmux on /tmp/tmux-501/ta-61709dcf801e: exit status 1: no server running on /tmp/tmux-501/ta-61709dcf801e"
time=2026-08-21T16:45:50.722+08:00 level=DEBUG msg="discovery: skipping unparsable pane line" socket=/tmp/tmux-501/ta-a9fd5b7defbd line="team-refactor-maintainability|6|%39|/Users/alauda/Documents/code/agent前沿探索/多agent协作|bash|87458|t.p9.review 零上下文设计审查已通过<|eos|> - grok|235x50|tester-t124"
time=2026-08-21T16:45:50.740+08:00 level=DEBUG msg="discovery: skipping unreachable socket" socket=/tmp/tmux-501/ta-ed81bd4d8c17 err="query tmux on /tmp/tmux-501/ta-ed81bd4d8c17: exit status 1: no server running on /tmp/tmux-501/ta-ed81bd4d8c17"
time=2026-08-21T16:45:50.748+08:00 level=DEBUG msg="discovery: skipping unreachable socket" socket=/tmp/tmux-501/ta-f1ad1b378fc7 err="query tmux on /tmp/tmux-501/ta-f1ad1b378fc7: exit status 1: no server running on /tmp/tmux-501/ta-f1ad1b378fc7"
time=2026-08-21T16:45:50.763+08:00 level=DEBUG msg="discovery: skipping unreachable socket" socket=/tmp/tmux-501/ta-t121u01 err="query tmux on /tmp/tmux-501/ta-t121u01: exit status 1: no server running on /tmp/tmux-501/ta-t121u01"
time=2026-08-21T16:45:50.771+08:00 level=DEBUG msg="discovery: skipping unreachable socket" socket=/tmp/tmux-501/ta-t121u01b err="query tmux on /tmp/tmux-501/ta-t121u01b: exit status 1: no server running on /tmp/tmux-501/ta-t121u01b"
time=2026-08-21T16:45:50.779+08:00 level=DEBUG msg="discovery: skipping unreachable socket" socket=/tmp/tmux-501/ta-user-agents err="query tmux on /tmp/tmux-501/ta-user-agents: exit status 1: no server running on /tmp/tmux-501/ta-user-agents"
time=2026-08-21T16:45:51.169+08:00 level=DEBUG msg="discovery: skipping unreachable socket" socket=/tmp/tmux-501/t115d24675 err="query tmux on /tmp/tmux-501/t115d24675: exit status 1: no server running on /tmp/tmux-501/t115d24675"
time=2026-08-21T16:45:51.177+08:00 level=DEBUG msg="discovery: skipping unreachable socket" socket=/tmp/tmux-501/t115e31319 err="query tmux on /tmp/tmux-501/t115e31319: exit status 1: no server running on /tmp/tmux-501/t115e31319"
time=2026-08-21T16:45:51.186+08:00 level=DEBUG msg="discovery: skipping unreachable socket" socket=/tmp/tmux-501/t115f44898 err="query tmux on /tmp/tmux-501/t115f44898: exit status 1: no server running on /tmp/tmux-501/t115f44898"
time=2026-08-21T16:45:51.194+08:00 level=DEBUG msg="discovery: skipping unreachable socket" socket=/tmp/tmux-501/t115g47728 err="query tmux on /tmp/tmux-501/t115g47728: exit status 1: no server running on /tmp/tmux-501/t115g47728"
time=2026-08-21T16:45:51.201+08:00 level=DEBUG msg="discovery: skipping unreachable socket" socket=/tmp/tmux-501/ta-0bafa3965ade err="query tmux on /tmp/tmux-501/ta-0bafa3965ade: exit status 1: no server running on /tmp/tmux-501/ta-0bafa3965ade"
time=2026-08-21T16:45:51.224+08:00 level=DEBUG msg="discovery: skipping unreachable socket" socket=/tmp/tmux-501/ta-61709dcf801e err="query tmux on /tmp/tmux-501/ta-61709dcf801e: exit status 1: no server running on /tmp/tmux-501/ta-61709dcf801e"
time=2026-08-21T16:45:51.243+08:00 level=DEBUG msg="discovery: skipping unparsable pane line" socket=/tmp/tmux-501/ta-a9fd5b7defbd line="team-refactor-maintainability|6|%39|/Users/alauda/Documents/code/agent前沿探索/多agent协作|bash|87458|t.p9.review 零上下文设计审查已通过<|eos|> - grok|235x50|tester-t124"
time=2026-08-21T16:45:51.259+08:00 level=DEBUG msg="discovery: skipping unreachable socket" socket=/tmp/tmux-501/ta-ed81bd4d8c17 err="query tmux on /tmp/tmux-501/ta-ed81bd4d8c17: exit status 1: no server running on /tmp/tmux-501/ta-ed81bd4d8c17"
time=2026-08-21T16:45:51.268+08:00 level=DEBUG msg="discovery: skipping unreachable socket" socket=/tmp/tmux-501/ta-f1ad1b378fc7 err="query tmux on /tmp/tmux-501/ta-f1ad1b378fc7: exit status 1: no server running on /tmp/tmux-501/ta-f1ad1b378fc7"
time=2026-08-21T16:45:51.286+08:00 level=DEBUG msg="discovery: skipping unreachable socket" socket=/tmp/tmux-501/ta-t121u01 err="query tmux on /tmp/tmux-501/ta-t121u01: exit status 1: no server running on /tmp/tmux-501/ta-t121u01"
time=2026-08-21T16:45:51.294+08:00 level=DEBUG msg="discovery: skipping unreachable socket" socket=/tmp/tmux-501/ta-t121u01b err="query tmux on /tmp/tmux-501/ta-t121u01b: exit status 1: no server running on /tmp/tmux-501/ta-t121u01b"
time=2026-08-21T16:45:51.302+08:00 level=DEBUG msg="discovery: skipping unreachable socket" socket=/tmp/tmux-501/ta-user-agents err="query tmux on /tmp/tmux-501/ta-user-agents: exit status 1: no server running on /tmp/tmux-501/ta-user-agents"
time=2026-08-21T16:45:52.691+08:00 level=DEBUG msg="listing: no changes"
time=2026-08-21T16:45:52.845+08:00 level=DEBUG msg="discovery: skipping unreachable socket" socket=/tmp/tmux-501/t115d24675 err="query tmux on /tmp/tmux-501/t115d24675: exit status 1: no server running on /tmp/tmux-501/t115d24675"
time=2026-08-21T16:45:52.853+08:00 level=DEBUG msg="discovery: skipping unreachable socket" socket=/tmp/tmux-501/t115e31319 err="query tmux on /tmp/tmux-501/t115e31319: exit status 1: no server running on /tmp/tmux-501/t115e31319"
time=2026-08-21T16:45:52.861+08:00 level=DEBUG msg="discovery: skipping unreachable socket" socket=/tmp/tmux-501/t115f44898 err="query tmux on /tmp/tmux-501/t115f44898: exit status 1: no server running on /tmp/tmux-501/t115f44898"
time=2026-08-21T16:45:52.869+08:00 level=DEBUG msg="discovery: skipping unreachable socket" socket=/tmp/tmux-501/t115g47728 err="query tmux on /tmp/tmux-501/t115g47728: exit status 1: no server running on /tmp/tmux-501/t115g47728"
time=2026-08-21T16:45:52.877+08:00 level=DEBUG msg="discovery: skipping unreachable socket" socket=/tmp/tmux-501/ta-0bafa3965ade err="query tmux on /tmp/tmux-501/ta-0bafa3965ade: exit status 1: no server running on /tmp/tmux-501/ta-0bafa3965ade"
time=2026-08-21T16:45:52.902+08:00 level=DEBUG msg="discovery: skipping unreachable socket" socket=/tmp/tmux-501/ta-61709dcf801e err="query tmux on /tmp/tmux-501/ta-61709dcf801e: exit status 1: no server running on /tmp/tmux-501/ta-61709dcf801e"
time=2026-08-21T16:45:52.918+08:00 level=DEBUG msg="discovery: skipping unparsable pane line" socket=/tmp/tmux-501/ta-a9fd5b7defbd line="team-refactor-maintainability|6|%39|/Users/alauda/Documents/code/agent前沿探索/多agent协作|bash|87458|t.p9.review 零上下文设计审查已通过<|eos|> - grok|235x50|tester-t124"
time=2026-08-21T16:45:52.935+08:00 level=DEBUG msg="discovery: skipping unreachable socket" socket=/tmp/tmux-501/ta-ed81bd4d8c17 err="query tmux on /tmp/tmux-501/ta-ed81bd4d8c17: exit status 1: no server running on /tmp/tmux-501/ta-ed81bd4d8c17"
time=2026-08-21T16:45:52.943+08:00 level=DEBUG msg="discovery: skipping unreachable socket" socket=/tmp/tmux-501/ta-f1ad1b378fc7 err="query tmux on /tmp/tmux-501/ta-f1ad1b378fc7: exit status 1: no server running on /tmp/tmux-501/ta-f1ad1b378fc7"
time=2026-08-21T16:45:52.958+08:00 level=DEBUG msg="discovery: skipping unreachable socket" socket=/tmp/tmux-501/ta-t121u01 err="query tmux on /tmp/tmux-501/ta-t121u01: exit status 1: no server running on /tmp/tmux-501/ta-t121u01"
time=2026-08-21T16:45:52.966+08:00 level=DEBUG msg="discovery: skipping unreachable socket" socket=/tmp/tmux-501/ta-t121u01b err="query tmux on /tmp/tmux-501/ta-t121u01b: exit status 1: no server running on /tmp/tmux-501/ta-t121u01b"
time=2026-08-21T16:45:52.974+08:00 level=DEBUG msg="discovery: skipping unreachable socket" socket=/tmp/tmux-501/ta-user-agents err="query tmux on /tmp/tmux-501/ta-user-agents: exit status 1: no server running on /tmp/tmux-501/ta-user-agents"
time=2026-08-21T16:45:53.224+08:00 level=DEBUG msg="discovery: skipping unreachable socket" socket=/tmp/tmux-501/t115d24675 err="query tmux on /tmp/tmux-501/t115d24675: exit status 1: no server running on /tmp/tmux-501/t115d24675"
time=2026-08-21T16:45:53.233+08:00 level=DEBUG msg="discovery: skipping unreachable socket" socket=/tmp/tmux-501/t115e31319 err="query tmux on /tmp/tmux-501/t115e31319: exit status 1: no server running on /tmp/tmux-501/t115e31319"
time=2026-08-21T16:45:53.241+08:00 level=DEBUG msg="discovery: skipping unreachable socket" socket=/tmp/tmux-501/t115f44898 err="query tmux on /tmp/tmux-501/t115f44898: exit status 1: no server running on /tmp/tmux-501/t115f44898"
time=2026-08-21T16:45:53.249+08:00 level=DEBUG msg="discovery: skipping unreachable socket" socket=/tmp/tmux-501/t115g47728 err="query tmux on /tmp/tmux-501/t115g47728: exit status 1: no server running on /tmp/tmux-501/t115g47728"
time=2026-08-21T16:45:53.257+08:00 level=DEBUG msg="discovery: skipping unreachable socket" socket=/tmp/tmux-501/ta-0bafa3965ade err="query tmux on /tmp/tmux-501/ta-0bafa3965ade: exit status 1: no server running on /tmp/tmux-501/ta-0bafa3965ade"
time=2026-08-21T16:45:53.280+08:00 level=DEBUG msg="discovery: skipping unreachable socket" socket=/tmp/tmux-501/ta-61709dcf801e err="query tmux on /tmp/tmux-501/ta-61709dcf801e: exit status 1: no server running on /tmp/tmux-501/ta-61709dcf801e"
time=2026-08-21T16:45:53.296+08:00 level=DEBUG msg="discovery: skipping unparsable pane line" socket=/tmp/tmux-501/ta-a9fd5b7defbd line="team-refactor-maintainability|6|%39|/Users/alauda/Documents/code/agent前沿探索/多agent协作|bash|87458|t.p9.review 零上下文设计审查已通过<|eos|> - grok|235x50|tester-t124"
time=2026-08-21T16:45:53.312+08:00 level=DEBUG msg="discovery: skipping unreachable socket" socket=/tmp/tmux-501/ta-ed81bd4d8c17 err="query tmux on /tmp/tmux-501/ta-ed81bd4d8c17: exit status 1: no server running on /tmp/tmux-501/ta-ed81bd4d8c17"
time=2026-08-21T16:45:53.320+08:00 level=DEBUG msg="discovery: skipping unreachable socket" socket=/tmp/tmux-501/ta-f1ad1b378fc7 err="query tmux on /tmp/tmux-501/ta-f1ad1b378fc7: exit status 1: no server running on /tmp/tmux-501/ta-f1ad1b378fc7"
time=2026-08-21T16:45:53.336+08:00 level=DEBUG msg="discovery: skipping unreachable socket" socket=/tmp/tmux-501/ta-t121u01 err="query tmux on /tmp/tmux-501/ta-t121u01: exit status 1: no server running on /tmp/tmux-501/ta-t121u01"
time=2026-08-21T16:45:53.343+08:00 level=DEBUG msg="discovery: skipping unreachable socket" socket=/tmp/tmux-501/ta-t121u01b err="query tmux on /tmp/tmux-501/ta-t121u01b: exit status 1: no server running on /tmp/tmux-501/ta-t121u01b"
time=2026-08-21T16:45:53.351+08:00 level=DEBUG msg="discovery: skipping unreachable socket" socket=/tmp/tmux-501/ta-user-agents err="query tmux on /tmp/tmux-501/ta-user-agents: exit status 1: no server running on /tmp/tmux-501/ta-user-agents"
time=2026-08-21T16:45:54.760+08:00 level=DEBUG msg="listing: no changes"
time=2026-08-21T16:45:55.041+08:00 level=DEBUG msg="discovery: skipping unreachable socket" socket=/tmp/tmux-501/t115d24675 err="query tmux on /tmp/tmux-501/t115d24675: exit status 1: no server running on /tmp/tmux-501/t115d24675"
time=2026-08-21T16:45:55.050+08:00 level=DEBUG msg="discovery: skipping unreachable socket" socket=/tmp/tmux-501/t115e31319 err="query tmux on /tmp/tmux-501/t115e31319: exit status 1: no server running on /tmp/tmux-501/t115e31319"
time=2026-08-21T16:45:55.058+08:00 level=DEBUG msg="discovery: skipping unreachable socket" socket=/tmp/tmux-501/t115f44898 err="query tmux on /tmp/tmux-501/t115f44898: exit status 1: no server running on /tmp/tmux-501/t115f44898"
time=2026-08-21T16:45:55.066+08:00 level=DEBUG msg="discovery: skipping unreachable socket" socket=/tmp/tmux-501/t115g47728 err="query tmux on /tmp/tmux-501/t115g47728: exit status 1: no server running on /tmp/tmux-501/t115g47728"
time=2026-08-21T16:45:55.075+08:00 level=DEBUG msg="discovery: skipping unreachable socket" socket=/tmp/tmux-501/ta-0bafa3965ade err="query tmux on /tmp/tmux-501/ta-0bafa3965ade: exit status 1: no server running on /tmp/tmux-501/ta-0bafa3965ade"
time=2026-08-21T16:45:55.099+08:00 level=DEBUG msg="discovery: skipping unreachable socket" socket=/tmp/tmux-501/ta-61709dcf801e err="query tmux on /tmp/tmux-501/ta-61709dcf801e: exit status 1: no server running on /tmp/tmux-501/ta-61709dcf801e"
time=2026-08-21T16:45:55.116+08:00 level=DEBUG msg="discovery: skipping unparsable pane line" socket=/tmp/tmux-501/ta-a9fd5b7defbd line="team-refactor-maintainability|6|%39|/Users/alauda/Documents/code/agent前沿探索/多agent协作|bash|87458|t.p9.review 零上下文设计审查已通过<|eos|> - grok|235x50|tester-t124"
time=2026-08-21T16:45:55.132+08:00 level=DEBUG msg="discovery: skipping unreachable socket" socket=/tmp/tmux-501/ta-ed81bd4d8c17 err="query tmux on /tmp/tmux-501/ta-ed81bd4d8c17: exit status 1: no server running on /tmp/tmux-501/ta-ed81bd4d8c17"
time=2026-08-21T16:45:55.140+08:00 level=DEBUG msg="discovery: skipping unreachable socket" socket=/tmp/tmux-501/ta-f1ad1b378fc7 err="query tmux on /tmp/tmux-501/ta-f1ad1b378fc7: exit status 1: no server running on /tmp/tmux-501/ta-f1ad1b378fc7"
time=2026-08-21T16:45:55.156+08:00 level=DEBUG msg="discovery: skipping unreachable socket" socket=/tmp/tmux-501/ta-t121u01 err="query tmux on /tmp/tmux-501/ta-t121u01: exit status 1: no server running on /tmp/tmux-501/ta-t121u01"
time=2026-08-21T16:45:55.164+08:00 level=DEBUG msg="discovery: skipping unreachable socket" socket=/tmp/tmux-501/ta-t121u01b err="query tmux on /tmp/tmux-501/ta-t121u01b: exit status 1: no server running on /tmp/tmux-501/ta-t121u01b"
time=2026-08-21T16:45:55.171+08:00 level=DEBUG msg="discovery: skipping unreachable socket" socket=/tmp/tmux-501/ta-user-agents err="query tmux on /tmp/tmux-501/ta-user-agents: exit status 1: no server running on /tmp/tmux-501/ta-user-agents"
time=2026-08-21T16:45:55.286+08:00 level=DEBUG msg="discovery: skipping unreachable socket" socket=/tmp/tmux-501/t115d24675 err="query tmux on /tmp/tmux-501/t115d24675: exit status 1: no server running on /tmp/tmux-501/t115d24675"
time=2026-08-21T16:45:55.294+08:00 level=DEBUG msg="discovery: skipping unreachable socket" socket=/tmp/tmux-501/t115e31319 err="query tmux on /tmp/tmux-501/t115e31319: exit status 1: no server running on /tmp/tmux-501/t115e31319"
time=2026-08-21T16:45:55.303+08:00 level=DEBUG msg="discovery: skipping unreachable socket" socket=/tmp/tmux-501/t115f44898 err="query tmux on /tmp/tmux-501/t115f44898: exit status 1: no server running on /tmp/tmux-501/t115f44898"
time=2026-08-21T16:45:55.311+08:00 level=DEBUG msg="discovery: skipping unreachable socket" socket=/tmp/tmux-501/t115g47728 err="query tmux on /tmp/tmux-501/t115g47728: exit status 1: no server running on /tmp/tmux-501/t115g47728"
time=2026-08-21T16:45:55.319+08:00 level=DEBUG msg="discovery: skipping unreachable socket" socket=/tmp/tmux-501/ta-0bafa3965ade err="query tmux on /tmp/tmux-501/ta-0bafa3965ade: exit status 1: no server running on /tmp/tmux-501/ta-0bafa3965ade"
time=2026-08-21T16:45:55.342+08:00 level=DEBUG msg="discovery: skipping unreachable socket" socket=/tmp/tmux-501/ta-61709dcf801e err="query tmux on /tmp/tmux-501/ta-61709dcf801e: exit status 1: no server running on /tmp/tmux-501/ta-61709dcf801e"
time=2026-08-21T16:45:55.359+08:00 level=DEBUG msg="discovery: skipping unparsable pane line" socket=/tmp/tmux-501/ta-a9fd5b7defbd line="team-refactor-maintainability|6|%39|/Users/alauda/Documents/code/agent前沿探索/多agent协作|bash|87458|t.p9.review 零上下文设计审查已通过<|eos|> - grok|235x50|tester-t124"
time=2026-08-21T16:45:55.375+08:00 level=DEBUG msg="discovery: skipping unreachable socket" socket=/tmp/tmux-501/ta-ed81bd4d8c17 err="query tmux on /tmp/tmux-501/ta-ed81bd4d8c17: exit status 1: no server running on /tmp/tmux-501/ta-ed81bd4d8c17"
time=2026-08-21T16:45:55.383+08:00 level=DEBUG msg="discovery: skipping unreachable socket" socket=/tmp/tmux-501/ta-f1ad1b378fc7 err="query tmux on /tmp/tmux-501/ta-f1ad1b378fc7: exit status 1: no server running on /tmp/tmux-501/ta-f1ad1b378fc7"
time=2026-08-21T16:45:55.399+08:00 level=DEBUG msg="discovery: skipping unreachable socket" socket=/tmp/tmux-501/ta-t121u01 err="query tmux on /tmp/tmux-501/ta-t121u01: exit status 1: no server running on /tmp/tmux-501/ta-t121u01"
time=2026-08-21T16:45:55.407+08:00 level=DEBUG msg="discovery: skipping unreachable socket" socket=/tmp/tmux-501/ta-t121u01b err="query tmux on /tmp/tmux-501/ta-t121u01b: exit status 1: no server running on /tmp/tmux-501/ta-t121u01b"
time=2026-08-21T16:45:55.414+08:00 level=DEBUG msg="discovery: skipping unreachable socket" socket=/tmp/tmux-501/ta-user-agents err="query tmux on /tmp/tmux-501/ta-user-agents: exit status 1: no server running on /tmp/tmux-501/ta-user-agents"
time=2026-08-21T16:45:56.832+08:00 level=DEBUG msg="listing: no changes"
time=2026-08-21T16:45:57.255+08:00 level=DEBUG msg="discovery: skipping unreachable socket" socket=/tmp/tmux-501/t115d24675 err="query tmux on /tmp/tmux-501/t115d24675: exit status 1: no server running on /tmp/tmux-501/t115d24675"
time=2026-08-21T16:45:57.264+08:00 level=DEBUG msg="discovery: skipping unreachable socket" socket=/tmp/tmux-501/t115e31319 err="query tmux on /tmp/tmux-501/t115e31319: exit status 1: no server running on /tmp/tmux-501/t115e31319"
time=2026-08-21T16:45:57.273+08:00 level=DEBUG msg="discovery: skipping unreachable socket" socket=/tmp/tmux-501/t115f44898 err="query tmux on /tmp/tmux-501/t115f44898: exit status 1: no server running on /tmp/tmux-501/t115f44898"
time=2026-08-21T16:45:57.281+08:00 level=DEBUG msg="discovery: skipping unreachable socket" socket=/tmp/tmux-501/t115g47728 err="query tmux on /tmp/tmux-501/t115g47728: exit status 1: no server running on /tmp/tmux-501/t115g47728"
time=2026-08-21T16:45:57.289+08:00 level=DEBUG msg="discovery: skipping unreachable socket" socket=/tmp/tmux-501/ta-0bafa3965ade err="query tmux on /tmp/tmux-501/ta-0bafa3965ade: exit status 1: no server running on /tmp/tmux-501/ta-0bafa3965ade"
time=2026-08-21T16:45:57.313+08:00 level=DEBUG msg="discovery: skipping unreachable socket" socket=/tmp/tmux-501/ta-61709dcf801e err="query tmux on /tmp/tmux-501/ta-61709dcf801e: exit status 1: no server running on /tmp/tmux-501/ta-61709dcf801e"
time=2026-08-21T16:45:57.331+08:00 level=DEBUG msg="discovery: skipping unparsable pane line" socket=/tmp/tmux-501/ta-a9fd5b7defbd line="team-refactor-maintainability|6|%39|/Users/alauda/Documents/code/agent前沿探索/多agent协作|bash|87458|t.p9.review 零上下文设计审查已通过<|eos|> - grok|235x50|tester-t124"
time=2026-08-21T16:45:57.348+08:00 level=DEBUG msg="discovery: skipping unreachable socket" socket=/tmp/tmux-501/ta-ed81bd4d8c17 err="query tmux on /tmp/tmux-501/ta-ed81bd4d8c17: exit status 1: no server running on /tmp/tmux-501/ta-ed81bd4d8c17"
time=2026-08-21T16:45:57.356+08:00 level=DEBUG msg="discovery: skipping unreachable socket" socket=/tmp/tmux-501/ta-f1ad1b378fc7 err="query tmux on /tmp/tmux-501/ta-f1ad1b378fc7: exit status 1: no server running on /tmp/tmux-501/ta-f1ad1b378fc7"
time=2026-08-21T16:45:57.357+08:00 level=DEBUG msg="discovery: skipping unreachable socket" socket=/tmp/tmux-501/t115d24675 err="query tmux on /tmp/tmux-501/t115d24675: exit status 1: no server running on /tmp/tmux-501/t115d24675"
time=2026-08-21T16:45:57.365+08:00 level=DEBUG msg="discovery: skipping unreachable socket" socket=/tmp/tmux-501/t115e31319 err="query tmux on /tmp/tmux-501/t115e31319: exit status 1: no server running on /tmp/tmux-501/t115e31319"
time=2026-08-21T16:45:57.372+08:00 level=DEBUG msg="discovery: skipping unreachable socket" socket=/tmp/tmux-501/ta-t121u01 err="query tmux on /tmp/tmux-501/ta-t121u01: exit status 1: no server running on /tmp/tmux-501/ta-t121u01"
time=2026-08-21T16:45:57.373+08:00 level=DEBUG msg="discovery: skipping unreachable socket" socket=/tmp/tmux-501/t115f44898 err="query tmux on /tmp/tmux-501/t115f44898: exit status 1: no server running on /tmp/tmux-501/t115f44898"
time=2026-08-21T16:45:57.381+08:00 level=DEBUG msg="discovery: skipping unreachable socket" socket=/tmp/tmux-501/t115g47728 err="query tmux on /tmp/tmux-501/t115g47728: exit status 1: no server running on /tmp/tmux-501/t115g47728"
time=2026-08-21T16:45:57.381+08:00 level=DEBUG msg="discovery: skipping unreachable socket" socket=/tmp/tmux-501/ta-t121u01b err="query tmux on /tmp/tmux-501/ta-t121u01b: exit status 1: no server running on /tmp/tmux-501/ta-t121u01b"
time=2026-08-21T16:45:57.389+08:00 level=DEBUG msg="discovery: skipping unreachable socket" socket=/tmp/tmux-501/ta-user-agents err="query tmux on /tmp/tmux-501/ta-user-agents: exit status 1: no server running on /tmp/tmux-501/ta-user-agents"
time=2026-08-21T16:45:57.389+08:00 level=DEBUG msg="discovery: skipping unreachable socket" socket=/tmp/tmux-501/ta-0bafa3965ade err="query tmux on /tmp/tmux-501/ta-0bafa3965ade: exit status 1: no server running on /tmp/tmux-501/ta-0bafa3965ade"
time=2026-08-21T16:45:57.414+08:00 level=DEBUG msg="discovery: skipping unreachable socket" socket=/tmp/tmux-501/ta-61709dcf801e err="query tmux on /tmp/tmux-501/ta-61709dcf801e: exit status 1: no server running on /tmp/tmux-501/ta-61709dcf801e"
time=2026-08-21T16:45:57.431+08:00 level=DEBUG msg="discovery: skipping unparsable pane line" socket=/tmp/tmux-501/ta-a9fd5b7defbd line="team-refactor-maintainability|6|%39|/Users/alauda/Documents/code/agent前沿探索/多agent协作|bash|87458|t.p9.review 零上下文设计审查已通过<|eos|> - grok|235x50|tester-t124"
time=2026-08-21T16:45:57.448+08:00 level=DEBUG msg="discovery: skipping unreachable socket" socket=/tmp/tmux-501/ta-ed81bd4d8c17 err="query tmux on /tmp/tmux-501/ta-ed81bd4d8c17: exit status 1: no server running on /tmp/tmux-501/ta-ed81bd4d8c17"
time=2026-08-21T16:45:57.456+08:00 level=DEBUG msg="discovery: skipping unreachable socket" socket=/tmp/tmux-501/ta-f1ad1b378fc7 err="query tmux on /tmp/tmux-501/ta-f1ad1b378fc7: exit status 1: no server running on /tmp/tmux-501/ta-f1ad1b378fc7"
time=2026-08-21T16:45:57.472+08:00 level=DEBUG msg="discovery: skipping unreachable socket" socket=/tmp/tmux-501/ta-t121u01 err="query tmux on /tmp/tmux-501/ta-t121u01: exit status 1: no server running on /tmp/tmux-501/ta-t121u01"
time=2026-08-21T16:45:57.479+08:00 level=DEBUG msg="discovery: skipping unreachable socket" socket=/tmp/tmux-501/ta-t121u01b err="query tmux on /tmp/tmux-501/ta-t121u01b: exit status 1: no server running on /tmp/tmux-501/ta-t121u01b"
time=2026-08-21T16:45:57.487+08:00 level=DEBUG msg="discovery: skipping unreachable socket" socket=/tmp/tmux-501/ta-user-agents err="query tmux on /tmp/tmux-501/ta-user-agents: exit status 1: no server running on /tmp/tmux-501/ta-user-agents"
time=2026-08-21T16:45:58.877+08:00 level=DEBUG msg="listing: no changes"
time=2026-08-21T16:45:59.405+08:00 level=DEBUG msg="discovery: skipping unreachable socket" socket=/tmp/tmux-501/t115d24675 err="query tmux on /tmp/tmux-501/t115d24675: exit status 1: no server running on /tmp/tmux-501/t115d24675"
time=2026-08-21T16:45:59.413+08:00 level=DEBUG msg="discovery: skipping unreachable socket" socket=/tmp/tmux-501/t115e31319 err="query tmux on /tmp/tmux-501/t115e31319: exit status 1: no server running on /tmp/tmux-501/t115e31319"
time=2026-08-21T16:45:59.421+08:00 level=DEBUG msg="discovery: skipping unreachable socket" socket=/tmp/tmux-501/t115f44898 err="query tmux on /tmp/tmux-501/t115f44898: exit status 1: no server running on /tmp/tmux-501/t115f44898"
time=2026-08-21T16:45:59.428+08:00 level=DEBUG msg="discovery: skipping unreachable socket" socket=/tmp/tmux-501/t115g47728 err="query tmux on /tmp/tmux-501/t115g47728: exit status 1: no server running on /tmp/tmux-501/t115g47728"
time=2026-08-21T16:45:59.437+08:00 level=DEBUG msg="discovery: skipping unreachable socket" socket=/tmp/tmux-501/ta-0bafa3965ade err="query tmux on /tmp/tmux-501/ta-0bafa3965ade: exit status 1: no server running on /tmp/tmux-501/ta-0bafa3965ade"
time=2026-08-21T16:45:59.455+08:00 level=DEBUG msg="discovery: skipping unreachable socket" socket=/tmp/tmux-501/t115d24675 err="query tmux on /tmp/tmux-501/t115d24675: exit status 1: no server running on /tmp/tmux-501/t115d24675"
time=2026-08-21T16:45:59.462+08:00 level=DEBUG msg="discovery: skipping unreachable socket" socket=/tmp/tmux-501/ta-61709dcf801e err="query tmux on /tmp/tmux-501/ta-61709dcf801e: exit status 1: no server running on /tmp/tmux-501/ta-61709dcf801e"
time=2026-08-21T16:45:59.462+08:00 level=DEBUG msg="discovery: skipping unreachable socket" socket=/tmp/tmux-501/t115e31319 err="query tmux on /tmp/tmux-501/t115e31319: exit status 1: no server running on /tmp/tmux-501/t115e31319"
time=2026-08-21T16:45:59.471+08:00 level=DEBUG msg="discovery: skipping unreachable socket" socket=/tmp/tmux-501/t115f44898 err="query tmux on /tmp/tmux-501/t115f44898: exit status 1: no server running on /tmp/tmux-501/t115f44898"
time=2026-08-21T16:45:59.479+08:00 level=DEBUG msg="discovery: skipping unreachable socket" socket=/tmp/tmux-501/t115g47728 err="query tmux on /tmp/tmux-501/t115g47728: exit status 1: no server running on /tmp/tmux-501/t115g47728"
time=2026-08-21T16:45:59.479+08:00 level=DEBUG msg="discovery: skipping unparsable pane line" socket=/tmp/tmux-501/ta-a9fd5b7defbd line="team-refactor-maintainability|6|%39|/Users/alauda/Documents/code/agent前沿探索/多agent协作|bash|87458|t.p9.review 零上下文设计审查已通过<|eos|> - grok|235x50|tester-t124"
time=2026-08-21T16:45:59.487+08:00 level=DEBUG msg="discovery: skipping unreachable socket" socket=/tmp/tmux-501/ta-0bafa3965ade err="query tmux on /tmp/tmux-501/ta-0bafa3965ade: exit status 1: no server running on /tmp/tmux-501/ta-0bafa3965ade"
time=2026-08-21T16:45:59.496+08:00 level=DEBUG msg="discovery: skipping unreachable socket" socket=/tmp/tmux-501/ta-ed81bd4d8c17 err="query tmux on /tmp/tmux-501/ta-ed81bd4d8c17: exit status 1: no server running on /tmp/tmux-501/ta-ed81bd4d8c17"
time=2026-08-21T16:45:59.504+08:00 level=DEBUG msg="discovery: skipping unreachable socket" socket=/tmp/tmux-501/ta-f1ad1b378fc7 err="query tmux on /tmp/tmux-501/ta-f1ad1b378fc7: exit status 1: no server running on /tmp/tmux-501/ta-f1ad1b378fc7"
time=2026-08-21T16:45:59.512+08:00 level=DEBUG msg="discovery: skipping unreachable socket" socket=/tmp/tmux-501/ta-61709dcf801e err="query tmux on /tmp/tmux-501/ta-61709dcf801e: exit status 1: no server running on /tmp/tmux-501/ta-61709dcf801e"
time=2026-08-21T16:45:59.521+08:00 level=DEBUG msg="discovery: skipping unreachable socket" socket=/tmp/tmux-501/ta-t121u01 err="query tmux on /tmp/tmux-501/ta-t121u01: exit status 1: no server running on /tmp/tmux-501/ta-t121u01"
time=2026-08-21T16:45:59.529+08:00 level=DEBUG msg="discovery: skipping unreachable socket" socket=/tmp/tmux-501/ta-t121u01b err="query tmux on /tmp/tmux-501/ta-t121u01b: exit status 1: no server running on /tmp/tmux-501/ta-t121u01b"
time=2026-08-21T16:45:59.530+08:00 level=DEBUG msg="discovery: skipping unparsable pane line" socket=/tmp/tmux-501/ta-a9fd5b7defbd line="team-refactor-maintainability|6|%39|/Users/alauda/Documents/code/agent前沿探索/多agent协作|bash|87458|t.p9.review 零上下文设计审查已通过<|eos|> - grok|235x50|tester-t124"
time=2026-08-21T16:45:59.537+08:00 level=DEBUG msg="discovery: skipping unreachable socket" socket=/tmp/tmux-501/ta-user-agents err="query tmux on /tmp/tmux-501/ta-user-agents: exit status 1: no server running on /tmp/tmux-501/ta-user-agents"
time=2026-08-21T16:45:59.547+08:00 level=DEBUG msg="discovery: skipping unreachable socket" socket=/tmp/tmux-501/ta-ed81bd4d8c17 err="query tmux on /tmp/tmux-501/ta-ed81bd4d8c17: exit status 1: no server running on /tmp/tmux-501/ta-ed81bd4d8c17"
time=2026-08-21T16:45:59.556+08:00 level=DEBUG msg="discovery: skipping unreachable socket" socket=/tmp/tmux-501/ta-f1ad1b378fc7 err="query tmux on /tmp/tmux-501/ta-f1ad1b378fc7: exit status 1: no server running on /tmp/tmux-501/ta-f1ad1b378fc7"
time=2026-08-21T16:45:59.574+08:00 level=DEBUG msg="discovery: skipping unreachable socket" socket=/tmp/tmux-501/ta-t121u01 err="query tmux on /tmp/tmux-501/ta-t121u01: exit status 1: no server running on /tmp/tmux-501/ta-t121u01"
time=2026-08-21T16:45:59.582+08:00 level=DEBUG msg="discovery: skipping unreachable socket" socket=/tmp/tmux-501/ta-t121u01b err="query tmux on /tmp/tmux-501/ta-t121u01b: exit status 1: no server running on /tmp/tmux-501/ta-t121u01b"
time=2026-08-21T16:45:59.590+08:00 level=DEBUG msg="discovery: skipping unreachable socket" socket=/tmp/tmux-501/ta-user-agents err="query tmux on /tmp/tmux-501/ta-user-agents: exit status 1: no server running on /tmp/tmux-501/ta-user-agents"
time=2026-08-21T16:46:01.026+08:00 level=DEBUG msg="listing: no changes"
time=2026-08-21T16:46:01.554+08:00 level=DEBUG msg="discovery: skipping unreachable socket" socket=/tmp/tmux-501/t115d24675 err="query tmux on /tmp/tmux-501/t115d24675: exit status 1: no server running on /tmp/tmux-501/t115d24675"
time=2026-08-21T16:46:01.562+08:00 level=DEBUG msg="discovery: skipping unreachable socket" socket=/tmp/tmux-501/t115e31319 err="query tmux on /tmp/tmux-501/t115e31319: exit status 1: no server running on /tmp/tmux-501/t115e31319"
time=2026-08-21T16:46:01.571+08:00 level=DEBUG msg="discovery: skipping unreachable socket" socket=/tmp/tmux-501/t115f44898 err="query tmux on /tmp/tmux-501/t115f44898: exit status 1: no server running on /tmp/tmux-501/t115f44898"
time=2026-08-21T16:46:01.579+08:00 level=DEBUG msg="discovery: skipping unreachable socket" socket=/tmp/tmux-501/t115g47728 err="query tmux on /tmp/tmux-501/t115g47728: exit status 1: no server running on /tmp/tmux-501/t115g47728"
time=2026-08-21T16:46:01.586+08:00 level=DEBUG msg="discovery: skipping unreachable socket" socket=/tmp/tmux-501/ta-0bafa3965ade err="query tmux on /tmp/tmux-501/ta-0bafa3965ade: exit status 1: no server running on /tmp/tmux-501/ta-0bafa3965ade"
time=2026-08-21T16:46:01.610+08:00 level=DEBUG msg="discovery: skipping unreachable socket" socket=/tmp/tmux-501/ta-61709dcf801e err="query tmux on /tmp/tmux-501/ta-61709dcf801e: exit status 1: no server running on /tmp/tmux-501/ta-61709dcf801e"
time=2026-08-21T16:46:01.628+08:00 level=DEBUG msg="discovery: skipping unparsable pane line" socket=/tmp/tmux-501/ta-a9fd5b7defbd line="team-refactor-maintainability|6|%39|/Users/alauda/Documents/code/agent前沿探索/多agent协作|bash|87458|t.p9.review 零上下文设计审查已通过<|eos|> - grok|235x50|tester-t124"
time=2026-08-21T16:46:01.645+08:00 level=DEBUG msg="discovery: skipping unreachable socket" socket=/tmp/tmux-501/ta-ed81bd4d8c17 err="query tmux on /tmp/tmux-501/ta-ed81bd4d8c17: exit status 1: no server running on /tmp/tmux-501/ta-ed81bd4d8c17"
time=2026-08-21T16:46:01.652+08:00 level=DEBUG msg="discovery: skipping unreachable socket" socket=/tmp/tmux-501/ta-f1ad1b378fc7 err="query tmux on /tmp/tmux-501/ta-f1ad1b378fc7: exit status 1: no server running on /tmp/tmux-501/ta-f1ad1b378fc7"
time=2026-08-21T16:46:01.667+08:00 level=DEBUG msg="discovery: skipping unreachable socket" socket=/tmp/tmux-501/ta-t121u01 err="query tmux on /tmp/tmux-501/ta-t121u01: exit status 1: no server running on /tmp/tmux-501/ta-t121u01"
time=2026-08-21T16:46:01.675+08:00 level=DEBUG msg="discovery: skipping unreachable socket" socket=/tmp/tmux-501/ta-t121u01b err="query tmux on /tmp/tmux-501/ta-t121u01b: exit status 1: no server running on /tmp/tmux-501/ta-t121u01b"
time=2026-08-21T16:46:01.683+08:00 level=DEBUG msg="discovery: skipping unreachable socket" socket=/tmp/tmux-501/ta-user-agents err="query tmux on /tmp/tmux-501/ta-user-agents: exit status 1: no server running on /tmp/tmux-501/ta-user-agents"
time=2026-08-21T16:46:01.726+08:00 level=DEBUG msg="discovery: skipping unreachable socket" socket=/tmp/tmux-501/t115d24675 err="query tmux on /tmp/tmux-501/t115d24675: exit status 1: no server running on /tmp/tmux-501/t115d24675"
time=2026-08-21T16:46:01.735+08:00 level=DEBUG msg="discovery: skipping unreachable socket" socket=/tmp/tmux-501/t115e31319 err="query tmux on /tmp/tmux-501/t115e31319: exit status 1: no server running on /tmp/tmux-501/t115e31319"
time=2026-08-21T16:46:01.744+08:00 level=DEBUG msg="discovery: skipping unreachable socket" socket=/tmp/tmux-501/t115f44898 err="query tmux on /tmp/tmux-501/t115f44898: exit status 1: no server running on /tmp/tmux-501/t115f44898"
time=2026-08-21T16:46:01.753+08:00 level=DEBUG msg="discovery: skipping unreachable socket" socket=/tmp/tmux-501/t115g47728 err="query tmux on /tmp/tmux-501/t115g47728: exit status 1: no server running on /tmp/tmux-501/t115g47728"
time=2026-08-21T16:46:01.761+08:00 level=DEBUG msg="discovery: skipping unreachable socket" socket=/tmp/tmux-501/ta-0bafa3965ade err="query tmux on /tmp/tmux-501/ta-0bafa3965ade: exit status 1: no server running on /tmp/tmux-501/ta-0bafa3965ade"
time=2026-08-21T16:46:01.787+08:00 level=DEBUG msg="discovery: skipping unreachable socket" socket=/tmp/tmux-501/ta-61709dcf801e err="query tmux on /tmp/tmux-501/ta-61709dcf801e: exit status 1: no server running on /tmp/tmux-501/ta-61709dcf801e"
time=2026-08-21T16:46:01.805+08:00 level=DEBUG msg="discovery: skipping unparsable pane line" socket=/tmp/tmux-501/ta-a9fd5b7defbd line="team-refactor-maintainability|6|%39|/Users/alauda/Documents/code/agent前沿探索/多agent协作|bash|87458|t.p9.review 零上下文设计审查已通过<|eos|> - grok|235x50|tester-t124"
time=2026-08-21T16:46:01.822+08:00 level=DEBUG msg="discovery: skipping unreachable socket" socket=/tmp/tmux-501/ta-ed81bd4d8c17 err="query tmux on /tmp/tmux-501/ta-ed81bd4d8c17: exit status 1: no server running on /tmp/tmux-501/ta-ed81bd4d8c17"
time=2026-08-21T16:46:01.830+08:00 level=DEBUG msg="discovery: skipping unreachable socket" socket=/tmp/tmux-501/ta-f1ad1b378fc7 err="query tmux on /tmp/tmux-501/ta-f1ad1b378fc7: exit status 1: no server running on /tmp/tmux-501/ta-f1ad1b378fc7"
time=2026-08-21T16:46:01.848+08:00 level=DEBUG msg="discovery: skipping unreachable socket" socket=/tmp/tmux-501/ta-t121u01 err="query tmux on /tmp/tmux-501/ta-t121u01: exit status 1: no server running on /tmp/tmux-501/ta-t121u01"
time=2026-08-21T16:46:01.856+08:00 level=DEBUG msg="discovery: skipping unreachable socket" socket=/tmp/tmux-501/ta-t121u01b err="query tmux on /tmp/tmux-501/ta-t121u01b: exit status 1: no server running on /tmp/tmux-501/ta-t121u01b"
time=2026-08-21T16:46:01.864+08:00 level=DEBUG msg="discovery: skipping unreachable socket" socket=/tmp/tmux-501/ta-user-agents err="query tmux on /tmp/tmux-501/ta-user-agents: exit status 1: no server running on /tmp/tmux-501/ta-user-agents"
time=2026-08-21T16:46:03.163+08:00 level=DEBUG msg="listing: no changes"
time=2026-08-21T16:46:03.703+08:00 level=DEBUG msg="discovery: skipping unreachable socket" socket=/tmp/tmux-501/t115d24675 err="query tmux on /tmp/tmux-501/t115d24675: exit status 1: no server running on /tmp/tmux-501/t115d24675"
time=2026-08-21T16:46:03.712+08:00 level=DEBUG msg="discovery: skipping unreachable socket" socket=/tmp/tmux-501/t115e31319 err="query tmux on /tmp/tmux-501/t115e31319: exit status 1: no server running on /tmp/tmux-501/t115e31319"
time=2026-08-21T16:46:03.722+08:00 level=DEBUG msg="discovery: skipping unreachable socket" socket=/tmp/tmux-501/t115f44898 err="query tmux on /tmp/tmux-501/t115f44898: exit status 1: no server running on /tmp/tmux-501/t115f44898"
time=2026-08-21T16:46:03.731+08:00 level=DEBUG msg="discovery: skipping unreachable socket" socket=/tmp/tmux-501/t115g47728 err="query tmux on /tmp/tmux-501/t115g47728: exit status 1: no server running on /tmp/tmux-501/t115g47728"
time=2026-08-21T16:46:03.739+08:00 level=DEBUG msg="discovery: skipping unreachable socket" socket=/tmp/tmux-501/ta-0bafa3965ade err="query tmux on /tmp/tmux-501/ta-0bafa3965ade: exit status 1: no server running on /tmp/tmux-501/ta-0bafa3965ade"
time=2026-08-21T16:46:03.765+08:00 level=DEBUG msg="discovery: skipping unreachable socket" socket=/tmp/tmux-501/ta-61709dcf801e err="query tmux on /tmp/tmux-501/ta-61709dcf801e: exit status 1: no server running on /tmp/tmux-501/ta-61709dcf801e"
time=2026-08-21T16:46:03.781+08:00 level=DEBUG msg="discovery: skipping unparsable pane line" socket=/tmp/tmux-501/ta-a9fd5b7defbd line="team-refactor-maintainability|6|%39|/Users/alauda/Documents/code/agent前沿探索/多agent协作|bash|87458|t.p9.review 零上下文设计审查已通过<|eos|> - grok|235x50|tester-t124"
time=2026-08-21T16:46:03.797+08:00 level=DEBUG msg="discovery: skipping unreachable socket" socket=/tmp/tmux-501/ta-ed81bd4d8c17 err="query tmux on /tmp/tmux-501/ta-ed81bd4d8c17: exit status 1: no server running on /tmp/tmux-501/ta-ed81bd4d8c17"
time=2026-08-21T16:46:03.805+08:00 level=DEBUG msg="discovery: skipping unreachable socket" socket=/tmp/tmux-501/ta-f1ad1b378fc7 err="query tmux on /tmp/tmux-501/ta-f1ad1b378fc7: exit status 1: no server running on /tmp/tmux-501/ta-f1ad1b378fc7"
time=2026-08-21T16:46:03.821+08:00 level=DEBUG msg="discovery: skipping unreachable socket" socket=/tmp/tmux-501/ta-t121u01 err="query tmux on /tmp/tmux-501/ta-t121u01: exit status 1: no server running on /tmp/tmux-501/ta-t121u01"
time=2026-08-21T16:46:03.829+08:00 level=DEBUG msg="discovery: skipping unreachable socket" socket=/tmp/tmux-501/ta-t121u01b err="query tmux on /tmp/tmux-501/ta-t121u01b: exit status 1: no server running on /tmp/tmux-501/ta-t121u01b"
time=2026-08-21T16:46:03.837+08:00 level=DEBUG msg="discovery: skipping unreachable socket" socket=/tmp/tmux-501/ta-user-agents err="query tmux on /tmp/tmux-501/ta-user-agents: exit status 1: no server running on /tmp/tmux-501/ta-user-agents"
time=2026-08-21T16:46:03.990+08:00 level=DEBUG msg="discovery: skipping unreachable socket" socket=/tmp/tmux-501/t115d24675 err="query tmux on /tmp/tmux-501/t115d24675: exit status 1: no server running on /tmp/tmux-501/t115d24675"
time=2026-08-21T16:46:03.998+08:00 level=DEBUG msg="discovery: skipping unreachable socket" socket=/tmp/tmux-501/t115e31319 err="query tmux on /tmp/tmux-501/t115e31319: exit status 1: no server running on /tmp/tmux-501/t115e31319"
time=2026-08-21T16:46:04.006+08:00 level=DEBUG msg="discovery: skipping unreachable socket" socket=/tmp/tmux-501/t115f44898 err="query tmux on /tmp/tmux-501/t115f44898: exit status 1: no server running on /tmp/tmux-501/t115f44898"
time=2026-08-21T16:46:04.015+08:00 level=DEBUG msg="discovery: skipping unreachable socket" socket=/tmp/tmux-501/t115g47728 err="query tmux on /tmp/tmux-501/t115g47728: exit status 1: no server running on /tmp/tmux-501/t115g47728"
time=2026-08-21T16:46:04.024+08:00 level=DEBUG msg="discovery: skipping unreachable socket" socket=/tmp/tmux-501/ta-0bafa3965ade err="query tmux on /tmp/tmux-501/ta-0bafa3965ade: exit status 1: no server running on /tmp/tmux-501/ta-0bafa3965ade"
time=2026-08-21T16:46:04.050+08:00 level=DEBUG msg="discovery: skipping unreachable socket" socket=/tmp/tmux-501/ta-61709dcf801e err="query tmux on /tmp/tmux-501/ta-61709dcf801e: exit status 1: no server running on /tmp/tmux-501/ta-61709dcf801e"
time=2026-08-21T16:46:04.069+08:00 level=DEBUG msg="discovery: skipping unparsable pane line" socket=/tmp/tmux-501/ta-a9fd5b7defbd line="team-refactor-maintainability|6|%39|/Users/alauda/Documents/code/agent前沿探索/多agent协作|bash|87458|t.p9.review 零上下文设计审查已通过<|eos|> - grok|235x50|tester-t124"
time=2026-08-21T16:46:04.087+08:00 level=DEBUG msg="discovery: skipping unreachable socket" socket=/tmp/tmux-501/ta-ed81bd4d8c17 err="query tmux on /tmp/tmux-501/ta-ed81bd4d8c17: exit status 1: no server running on /tmp/tmux-501/ta-ed81bd4d8c17"
time=2026-08-21T16:46:04.096+08:00 level=DEBUG msg="discovery: skipping unreachable socket" socket=/tmp/tmux-501/ta-f1ad1b378fc7 err="query tmux on /tmp/tmux-501/ta-f1ad1b378fc7: exit status 1: no server running on /tmp/tmux-501/ta-f1ad1b378fc7"
time=2026-08-21T16:46:04.113+08:00 level=DEBUG msg="discovery: skipping unreachable socket" socket=/tmp/tmux-501/ta-t121u01 err="query tmux on /tmp/tmux-501/ta-t121u01: exit status 1: no server running on /tmp/tmux-501/ta-t121u01"
time=2026-08-21T16:46:04.121+08:00 level=DEBUG msg="discovery: skipping unreachable socket" socket=/tmp/tmux-501/ta-t121u01b err="query tmux on /tmp/tmux-501/ta-t121u01b: exit status 1: no server running on /tmp/tmux-501/ta-t121u01b"
time=2026-08-21T16:46:04.129+08:00 level=DEBUG msg="discovery: skipping unreachable socket" socket=/tmp/tmux-501/ta-user-agents err="query tmux on /tmp/tmux-501/ta-user-agents: exit status 1: no server running on /tmp/tmux-501/ta-user-agents"
time=2026-08-21T16:46:05.327+08:00 level=DEBUG msg="listing: no changes"
time=2026-08-21T16:46:05.857+08:00 level=DEBUG msg="discovery: skipping unreachable socket" socket=/tmp/tmux-501/t115d24675 err="query tmux on /tmp/tmux-501/t115d24675: exit status 1: no server running on /tmp/tmux-501/t115d24675"
time=2026-08-21T16:46:05.865+08:00 level=DEBUG msg="discovery: skipping unreachable socket" socket=/tmp/tmux-501/t115e31319 err="query tmux on /tmp/tmux-501/t115e31319: exit status 1: no server running on /tmp/tmux-501/t115e31319"
time=2026-08-21T16:46:05.873+08:00 level=DEBUG msg="discovery: skipping unreachable socket" socket=/tmp/tmux-501/t115f44898 err="query tmux on /tmp/tmux-501/t115f44898: exit status 1: no server running on /tmp/tmux-501/t115f44898"
time=2026-08-21T16:46:05.881+08:00 level=DEBUG msg="discovery: skipping unreachable socket" socket=/tmp/tmux-501/t115g47728 err="query tmux on /tmp/tmux-501/t115g47728: exit status 1: no server running on /tmp/tmux-501/t115g47728"
time=2026-08-21T16:46:05.889+08:00 level=DEBUG msg="discovery: skipping unreachable socket" socket=/tmp/tmux-501/ta-0bafa3965ade err="query tmux on /tmp/tmux-501/ta-0bafa3965ade: exit status 1: no server running on /tmp/tmux-501/ta-0bafa3965ade"
time=2026-08-21T16:46:05.914+08:00 level=DEBUG msg="discovery: skipping unreachable socket" socket=/tmp/tmux-501/ta-61709dcf801e err="query tmux on /tmp/tmux-501/ta-61709dcf801e: exit status 1: no server running on /tmp/tmux-501/ta-61709dcf801e"
time=2026-08-21T16:46:05.931+08:00 level=DEBUG msg="discovery: skipping unparsable pane line" socket=/tmp/tmux-501/ta-a9fd5b7defbd line="team-refactor-maintainability|6|%39|/Users/alauda/Documents/code/agent前沿探索/多agent协作|bash|87458|t.p9.review 零上下文设计审查已通过<|eos|> - grok|235x50|tester-t124"
time=2026-08-21T16:46:05.947+08:00 level=DEBUG msg="discovery: skipping unreachable socket" socket=/tmp/tmux-501/ta-ed81bd4d8c17 err="query tmux on /tmp/tmux-501/ta-ed81bd4d8c17: exit status 1: no server running on /tmp/tmux-501/ta-ed81bd4d8c17"
time=2026-08-21T16:46:05.955+08:00 level=DEBUG msg="discovery: skipping unreachable socket" socket=/tmp/tmux-501/ta-f1ad1b378fc7 err="query tmux on /tmp/tmux-501/ta-f1ad1b378fc7: exit status 1: no server running on /tmp/tmux-501/ta-f1ad1b378fc7"
time=2026-08-21T16:46:05.971+08:00 level=DEBUG msg="discovery: skipping unreachable socket" socket=/tmp/tmux-501/ta-t121u01 err="query tmux on /tmp/tmux-501/ta-t121u01: exit status 1: no server running on /tmp/tmux-501/ta-t121u01"
time=2026-08-21T16:46:05.978+08:00 level=DEBUG msg="discovery: skipping unreachable socket" socket=/tmp/tmux-501/ta-t121u01b err="query tmux on /tmp/tmux-501/ta-t121u01b: exit status 1: no server running on /tmp/tmux-501/ta-t121u01b"
time=2026-08-21T16:46:05.986+08:00 level=DEBUG msg="discovery: skipping unreachable socket" socket=/tmp/tmux-501/ta-user-agents err="query tmux on /tmp/tmux-501/ta-user-agents: exit status 1: no server running on /tmp/tmux-501/ta-user-agents"
time=2026-08-21T16:46:06.266+08:00 level=DEBUG msg="discovery: skipping unreachable socket" socket=/tmp/tmux-501/t115d24675 err="query tmux on /tmp/tmux-501/t115d24675: exit status 1: no server running on /tmp/tmux-501/t115d24675"
time=2026-08-21T16:46:06.275+08:00 level=DEBUG msg="discovery: skipping unreachable socket" socket=/tmp/tmux-501/t115e31319 err="query tmux on /tmp/tmux-501/t115e31319: exit status 1: no server running on /tmp/tmux-501/t115e31319"
time=2026-08-21T16:46:06.283+08:00 level=DEBUG msg="discovery: skipping unreachable socket" socket=/tmp/tmux-501/t115f44898 err="query tmux on /tmp/tmux-501/t115f44898: exit status 1: no server running on /tmp/tmux-501/t115f44898"
time=2026-08-21T16:46:06.291+08:00 level=DEBUG msg="discovery: skipping unreachable socket" socket=/tmp/tmux-501/t115g47728 err="query tmux on /tmp/tmux-501/t115g47728: exit status 1: no server running on /tmp/tmux-501/t115g47728"
time=2026-08-21T16:46:06.300+08:00 level=DEBUG msg="discovery: skipping unreachable socket" socket=/tmp/tmux-501/ta-0bafa3965ade err="query tmux on /tmp/tmux-501/ta-0bafa3965ade: exit status 1: no server running on /tmp/tmux-501/ta-0bafa3965ade"
time=2026-08-21T16:46:06.325+08:00 level=DEBUG msg="discovery: skipping unreachable socket" socket=/tmp/tmux-501/ta-61709dcf801e err="query tmux on /tmp/tmux-501/ta-61709dcf801e: exit status 1: no server running on /tmp/tmux-501/ta-61709dcf801e"
time=2026-08-21T16:46:06.344+08:00 level=DEBUG msg="discovery: skipping unparsable pane line" socket=/tmp/tmux-501/ta-a9fd5b7defbd line="team-refactor-maintainability|6|%39|/Users/alauda/Documents/code/agent前沿探索/多agent协作|bash|87458|t.p9.review 零上下文设计审查已通过<|eos|> - grok|235x50|tester-t124"
time=2026-08-21T16:46:06.361+08:00 level=DEBUG msg="discovery: skipping unreachable socket" socket=/tmp/tmux-501/ta-ed81bd4d8c17 err="query tmux on /tmp/tmux-501/ta-ed81bd4d8c17: exit status 1: no server running on /tmp/tmux-501/ta-ed81bd4d8c17"
time=2026-08-21T16:46:06.370+08:00 level=DEBUG msg="discovery: skipping unreachable socket" socket=/tmp/tmux-501/ta-f1ad1b378fc7 err="query tmux on /tmp/tmux-501/ta-f1ad1b378fc7: exit status 1: no server running on /tmp/tmux-501/ta-f1ad1b378fc7"
time=2026-08-21T16:46:06.389+08:00 level=DEBUG msg="discovery: skipping unreachable socket" socket=/tmp/tmux-501/ta-t121u01 err="query tmux on /tmp/tmux-501/ta-t121u01: exit status 1: no server running on /tmp/tmux-501/ta-t121u01"
time=2026-08-21T16:46:06.397+08:00 level=DEBUG msg="discovery: skipping unreachable socket" socket=/tmp/tmux-501/ta-t121u01b err="query tmux on /tmp/tmux-501/ta-t121u01b: exit status 1: no server running on /tmp/tmux-501/ta-t121u01b"
time=2026-08-21T16:46:06.405+08:00 level=DEBUG msg="discovery: skipping unreachable socket" socket=/tmp/tmux-501/ta-user-agents err="query tmux on /tmp/tmux-501/ta-user-agents: exit status 1: no server running on /tmp/tmux-501/ta-user-agents"
time=2026-08-21T16:46:07.481+08:00 level=DEBUG msg="listing: no changes"
time=2026-08-21T16:46:08.015+08:00 level=DEBUG msg="discovery: skipping unreachable socket" socket=/tmp/tmux-501/t115d24675 err="query tmux on /tmp/tmux-501/t115d24675: exit status 1: no server running on /tmp/tmux-501/t115d24675"
time=2026-08-21T16:46:08.024+08:00 level=DEBUG msg="discovery: skipping unreachable socket" socket=/tmp/tmux-501/t115e31319 err="query tmux on /tmp/tmux-501/t115e31319: exit status 1: no server running on /tmp/tmux-501/t115e31319"
time=2026-08-21T16:46:08.033+08:00 level=DEBUG msg="discovery: skipping unreachable socket" socket=/tmp/tmux-501/t115f44898 err="query tmux on /tmp/tmux-501/t115f44898: exit status 1: no server running on /tmp/tmux-501/t115f44898"
time=2026-08-21T16:46:08.041+08:00 level=DEBUG msg="discovery: skipping unreachable socket" socket=/tmp/tmux-501/t115g47728 err="query tmux on /tmp/tmux-501/t115g47728: exit status 1: no server running on /tmp/tmux-501/t115g47728"
time=2026-08-21T16:46:08.049+08:00 level=DEBUG msg="discovery: skipping unreachable socket" socket=/tmp/tmux-501/ta-0bafa3965ade err="query tmux on /tmp/tmux-501/ta-0bafa3965ade: exit status 1: no server running on /tmp/tmux-501/ta-0bafa3965ade"
time=2026-08-21T16:46:08.073+08:00 level=DEBUG msg="discovery: skipping unreachable socket" socket=/tmp/tmux-501/ta-61709dcf801e err="query tmux on /tmp/tmux-501/ta-61709dcf801e: exit status 1: no server running on /tmp/tmux-501/ta-61709dcf801e"
time=2026-08-21T16:46:08.090+08:00 level=DEBUG msg="discovery: skipping unparsable pane line" socket=/tmp/tmux-501/ta-a9fd5b7defbd line="team-refactor-maintainability|6|%39|/Users/alauda/Documents/code/agent前沿探索/多agent协作|bash|87458|t.p9.review 零上下文设计审查已通过<|eos|> - grok|235x50|tester-t124"
time=2026-08-21T16:46:08.106+08:00 level=DEBUG msg="discovery: skipping unreachable socket" socket=/tmp/tmux-501/ta-ed81bd4d8c17 err="query tmux on /tmp/tmux-501/ta-ed81bd4d8c17: exit status 1: no server running on /tmp/tmux-501/ta-ed81bd4d8c17"
time=2026-08-21T16:46:08.114+08:00 level=DEBUG msg="discovery: skipping unreachable socket" socket=/tmp/tmux-501/ta-f1ad1b378fc7 err="query tmux on /tmp/tmux-501/ta-f1ad1b378fc7: exit status 1: no server running on /tmp/tmux-501/ta-f1ad1b378fc7"
time=2026-08-21T16:46:08.131+08:00 level=DEBUG msg="discovery: skipping unreachable socket" socket=/tmp/tmux-501/ta-t121u01 err="query tmux on /tmp/tmux-501/ta-t121u01: exit status 1: no server running on /tmp/tmux-501/ta-t121u01"
time=2026-08-21T16:46:08.138+08:00 level=DEBUG msg="discovery: skipping unreachable socket" socket=/tmp/tmux-501/ta-t121u01b err="query tmux on /tmp/tmux-501/ta-t121u01b: exit status 1: no server running on /tmp/tmux-501/ta-t121u01b"
time=2026-08-21T16:46:08.146+08:00 level=DEBUG msg="discovery: skipping unreachable socket" socket=/tmp/tmux-501/ta-user-agents err="query tmux on /tmp/tmux-501/ta-user-agents: exit status 1: no server running on /tmp/tmux-501/ta-user-agents"
time=2026-08-21T16:46:08.533+08:00 level=DEBUG msg="discovery: skipping unreachable socket" socket=/tmp/tmux-501/t115d24675 err="query tmux on /tmp/tmux-501/t115d24675: exit status 1: no server running on /tmp/tmux-501/t115d24675"
time=2026-08-21T16:46:08.541+08:00 level=DEBUG msg="discovery: skipping unreachable socket" socket=/tmp/tmux-501/t115e31319 err="query tmux on /tmp/tmux-501/t115e31319: exit status 1: no server running on /tmp/tmux-501/t115e31319"
time=2026-08-21T16:46:08.549+08:00 level=DEBUG msg="discovery: skipping unreachable socket" socket=/tmp/tmux-501/t115f44898 err="query tmux on /tmp/tmux-501/t115f44898: exit status 1: no server running on /tmp/tmux-501/t115f44898"
time=2026-08-21T16:46:08.557+08:00 level=DEBUG msg="discovery: skipping unreachable socket" socket=/tmp/tmux-501/t115g47728 err="query tmux on /tmp/tmux-501/t115g47728: exit status 1: no server running on /tmp/tmux-501/t115g47728"
time=2026-08-21T16:46:08.565+08:00 level=DEBUG msg="discovery: skipping unreachable socket" socket=/tmp/tmux-501/ta-0bafa3965ade err="query tmux on /tmp/tmux-501/ta-0bafa3965ade: exit status 1: no server running on /tmp/tmux-501/ta-0bafa3965ade"
time=2026-08-21T16:46:08.590+08:00 level=DEBUG msg="discovery: skipping unreachable socket" socket=/tmp/tmux-501/ta-61709dcf801e err="query tmux on /tmp/tmux-501/ta-61709dcf801e: exit status 1: no server running on /tmp/tmux-501/ta-61709dcf801e"
time=2026-08-21T16:46:08.609+08:00 level=DEBUG msg="discovery: skipping unparsable pane line" socket=/tmp/tmux-501/ta-a9fd5b7defbd line="team-refactor-maintainability|6|%39|/Users/alauda/Documents/code/agent前沿探索/多agent协作|bash|87458|t.p9.review 零上下文设计审查已通过<|eos|> - grok|235x50|tester-t124"
time=2026-08-21T16:46:08.627+08:00 level=DEBUG msg="discovery: skipping unreachable socket" socket=/tmp/tmux-501/ta-ed81bd4d8c17 err="query tmux on /tmp/tmux-501/ta-ed81bd4d8c17: exit status 1: no server running on /tmp/tmux-501/ta-ed81bd4d8c17"
time=2026-08-21T16:46:08.636+08:00 level=DEBUG msg="discovery: skipping unreachable socket" socket=/tmp/tmux-501/ta-f1ad1b378fc7 err="query tmux on /tmp/tmux-501/ta-f1ad1b378fc7: exit status 1: no server running on /tmp/tmux-501/ta-f1ad1b378fc7"
time=2026-08-21T16:46:08.652+08:00 level=DEBUG msg="discovery: skipping unreachable socket" socket=/tmp/tmux-501/ta-t121u01 err="query tmux on /tmp/tmux-501/ta-t121u01: exit status 1: no server running on /tmp/tmux-501/ta-t121u01"
time=2026-08-21T16:46:08.661+08:00 level=DEBUG msg="discovery: skipping unreachable socket" socket=/tmp/tmux-501/ta-t121u01b err="query tmux on /tmp/tmux-501/ta-t121u01b: exit status 1: no server running on /tmp/tmux-501/ta-t121u01b"
time=2026-08-21T16:46:08.669+08:00 level=DEBUG msg="discovery: skipping unreachable socket" socket=/tmp/tmux-501/ta-user-agents err="query tmux on /tmp/tmux-501/ta-user-agents: exit status 1: no server running on /tmp/tmux-501/ta-user-agents"
time=2026-08-21T16:46:09.620+08:00 level=DEBUG msg="listing: no changes"
time=2026-08-21T16:46:10.161+08:00 level=DEBUG msg="discovery: skipping unreachable socket" socket=/tmp/tmux-501/t115d24675 err="query tmux on /tmp/tmux-501/t115d24675: exit status 1: no server running on /tmp/tmux-501/t115d24675"
time=2026-08-21T16:46:10.170+08:00 level=DEBUG msg="discovery: skipping unreachable socket" socket=/tmp/tmux-501/t115e31319 err="query tmux on /tmp/tmux-501/t115e31319: exit status 1: no server running on /tmp/tmux-501/t115e31319"
time=2026-08-21T16:46:10.178+08:00 level=DEBUG msg="discovery: skipping unreachable socket" socket=/tmp/tmux-501/t115f44898 err="query tmux on /tmp/tmux-501/t115f44898: exit status 1: no server running on /tmp/tmux-501/t115f44898"
time=2026-08-21T16:46:10.187+08:00 level=DEBUG msg="discovery: skipping unreachable socket" socket=/tmp/tmux-501/t115g47728 err="query tmux on /tmp/tmux-501/t115g47728: exit status 1: no server running on /tmp/tmux-501/t115g47728"
time=2026-08-21T16:46:10.196+08:00 level=DEBUG msg="discovery: skipping unreachable socket" socket=/tmp/tmux-501/ta-0bafa3965ade err="query tmux on /tmp/tmux-501/ta-0bafa3965ade: exit status 1: no server running on /tmp/tmux-501/ta-0bafa3965ade"
time=2026-08-21T16:46:10.221+08:00 level=DEBUG msg="discovery: skipping unreachable socket" socket=/tmp/tmux-501/ta-61709dcf801e err="query tmux on /tmp/tmux-501/ta-61709dcf801e: exit status 1: no server running on /tmp/tmux-501/ta-61709dcf801e"
time=2026-08-21T16:46:10.239+08:00 level=DEBUG msg="discovery: skipping unparsable pane line" socket=/tmp/tmux-501/ta-a9fd5b7defbd line="team-refactor-maintainability|6|%39|/Users/alauda/Documents/code/agent前沿探索/多agent协作|bash|87458|t.p9.review 零上下文设计审查已通过<|eos|> - grok|235x50|tester-t124"
time=2026-08-21T16:46:10.256+08:00 level=DEBUG msg="discovery: skipping unreachable socket" socket=/tmp/tmux-501/ta-ed81bd4d8c17 err="query tmux on /tmp/tmux-501/ta-ed81bd4d8c17: exit status 1: no server running on /tmp/tmux-501/ta-ed81bd4d8c17"
time=2026-08-21T16:46:10.264+08:00 level=DEBUG msg="discovery: skipping unreachable socket" socket=/tmp/tmux-501/ta-f1ad1b378fc7 err="query tmux on /tmp/tmux-501/ta-f1ad1b378fc7: exit status 1: no server running on /tmp/tmux-501/ta-f1ad1b378fc7"
time=2026-08-21T16:46:10.280+08:00 level=DEBUG msg="discovery: skipping unreachable socket" socket=/tmp/tmux-501/ta-t121u01 err="query tmux on /tmp/tmux-501/ta-t121u01: exit status 1: no server running on /tmp/tmux-501/ta-t121u01"
time=2026-08-21T16:46:10.287+08:00 level=DEBUG msg="discovery: skipping unreachable socket" socket=/tmp/tmux-501/ta-t121u01b err="query tmux on /tmp/tmux-501/ta-t121u01b: exit status 1: no server running on /tmp/tmux-501/ta-t121u01b"
time=2026-08-21T16:46:10.295+08:00 level=DEBUG msg="discovery: skipping unreachable socket" socket=/tmp/tmux-501/ta-user-agents err="query tmux on /tmp/tmux-501/ta-user-agents: exit status 1: no server running on /tmp/tmux-501/ta-user-agents"
time=2026-08-21T16:46:10.802+08:00 level=DEBUG msg="discovery: skipping unreachable socket" socket=/tmp/tmux-501/t115d24675 err="query tmux on /tmp/tmux-501/t115d24675: exit status 1: no server running on /tmp/tmux-501/t115d24675"
time=2026-08-21T16:46:10.811+08:00 level=DEBUG msg="discovery: skipping unreachable socket" socket=/tmp/tmux-501/t115e31319 err="query tmux on /tmp/tmux-501/t115e31319: exit status 1: no server running on /tmp/tmux-501/t115e31319"
time=2026-08-21T16:46:10.820+08:00 level=DEBUG msg="discovery: skipping unreachable socket" socket=/tmp/tmux-501/t115f44898 err="query tmux on /tmp/tmux-501/t115f44898: exit status 1: no server running on /tmp/tmux-501/t115f44898"
time=2026-08-21T16:46:10.828+08:00 level=DEBUG msg="discovery: skipping unreachable socket" socket=/tmp/tmux-501/t115g47728 err="query tmux on /tmp/tmux-501/t115g47728: exit status 1: no server running on /tmp/tmux-501/t115g47728"
time=2026-08-21T16:46:10.837+08:00 level=DEBUG msg="discovery: skipping unreachable socket" socket=/tmp/tmux-501/ta-0bafa3965ade err="query tmux on /tmp/tmux-501/ta-0bafa3965ade: exit status 1: no server running on /tmp/tmux-501/ta-0bafa3965ade"
time=2026-08-21T16:46:10.862+08:00 level=DEBUG msg="discovery: skipping unreachable socket" socket=/tmp/tmux-501/ta-61709dcf801e err="query tmux on /tmp/tmux-501/ta-61709dcf801e: exit status 1: no server running on /tmp/tmux-501/ta-61709dcf801e"
time=2026-08-21T16:46:10.882+08:00 level=DEBUG msg="discovery: skipping unparsable pane line" socket=/tmp/tmux-501/ta-a9fd5b7defbd line="team-refactor-maintainability|6|%39|/Users/alauda/Documents/code/agent前沿探索/多agent协作|bash|87458|t.p9.review 零上下文设计审查已通过<|eos|> - grok|235x50|tester-t124"
time=2026-08-21T16:46:10.900+08:00 level=DEBUG msg="discovery: skipping unreachable socket" socket=/tmp/tmux-501/ta-ed81bd4d8c17 err="query tmux on /tmp/tmux-501/ta-ed81bd4d8c17: exit status 1: no server running on /tmp/tmux-501/ta-ed81bd4d8c17"
time=2026-08-21T16:46:10.909+08:00 level=DEBUG msg="discovery: skipping unreachable socket" socket=/tmp/tmux-501/ta-f1ad1b378fc7 err="query tmux on /tmp/tmux-501/ta-f1ad1b378fc7: exit status 1: no server running on /tmp/tmux-501/ta-f1ad1b378fc7"
time=2026-08-21T16:46:10.928+08:00 level=DEBUG msg="discovery: skipping unreachable socket" socket=/tmp/tmux-501/ta-t121u01 err="query tmux on /tmp/tmux-501/ta-t121u01: exit status 1: no server running on /tmp/tmux-501/ta-t121u01"
time=2026-08-21T16:46:10.938+08:00 level=DEBUG msg="discovery: skipping unreachable socket" socket=/tmp/tmux-501/ta-t121u01b err="query tmux on /tmp/tmux-501/ta-t121u01b: exit status 1: no server running on /tmp/tmux-501/ta-t121u01b"
time=2026-08-21T16:46:10.946+08:00 level=DEBUG msg="discovery: skipping unreachable socket" socket=/tmp/tmux-501/ta-user-agents err="query tmux on /tmp/tmux-501/ta-user-agents: exit status 1: no server running on /tmp/tmux-501/ta-user-agents"
time=2026-08-21T16:46:11.796+08:00 level=DEBUG msg="listing: no changes"
time=2026-08-21T16:46:12.324+08:00 level=DEBUG msg="discovery: skipping unreachable socket" socket=/tmp/tmux-501/t115d24675 err="query tmux on /tmp/tmux-501/t115d24675: exit status 1: no server running on /tmp/tmux-501/t115d24675"
time=2026-08-21T16:46:12.332+08:00 level=DEBUG msg="discovery: skipping unreachable socket" socket=/tmp/tmux-501/t115e31319 err="query tmux on /tmp/tmux-501/t115e31319: exit status 1: no server running on /tmp/tmux-501/t115e31319"
time=2026-08-21T16:46:12.340+08:00 level=DEBUG msg="discovery: skipping unreachable socket" socket=/tmp/tmux-501/t115f44898 err="query tmux on /tmp/tmux-501/t115f44898: exit status 1: no server running on /tmp/tmux-501/t115f44898"
time=2026-08-21T16:46:12.348+08:00 level=DEBUG msg="discovery: skipping unreachable socket" socket=/tmp/tmux-501/t115g47728 err="query tmux on /tmp/tmux-501/t115g47728: exit status 1: no server running on /tmp/tmux-501/t115g47728"
time=2026-08-21T16:46:12.355+08:00 level=DEBUG msg="discovery: skipping unreachable socket" socket=/tmp/tmux-501/ta-0bafa3965ade err="query tmux on /tmp/tmux-501/ta-0bafa3965ade: exit status 1: no server running on /tmp/tmux-501/ta-0bafa3965ade"
time=2026-08-21T16:46:12.379+08:00 level=DEBUG msg="discovery: skipping unreachable socket" socket=/tmp/tmux-501/ta-61709dcf801e err="query tmux on /tmp/tmux-501/ta-61709dcf801e: exit status 1: no server running on /tmp/tmux-501/ta-61709dcf801e"
time=2026-08-21T16:46:12.394+08:00 level=DEBUG msg="discovery: skipping unparsable pane line" socket=/tmp/tmux-501/ta-a9fd5b7defbd line="team-refactor-maintainability|6|%39|/Users/alauda/Documents/code/agent前沿探索/多agent协作|bash|87458|t.p9.review 零上下文设计审查已通过<|eos|> - grok|235x50|tester-t124"
time=2026-08-21T16:46:12.410+08:00 level=DEBUG msg="discovery: skipping unreachable socket" socket=/tmp/tmux-501/ta-ed81bd4d8c17 err="query tmux on /tmp/tmux-501/ta-ed81bd4d8c17: exit status 1: no server running on /tmp/tmux-501/ta-ed81bd4d8c17"
time=2026-08-21T16:46:12.418+08:00 level=DEBUG msg="discovery: skipping unreachable socket" socket=/tmp/tmux-501/ta-f1ad1b378fc7 err="query tmux on /tmp/tmux-501/ta-f1ad1b378fc7: exit status 1: no server running on /tmp/tmux-501/ta-f1ad1b378fc7"
time=2026-08-21T16:46:12.433+08:00 level=DEBUG msg="discovery: skipping unreachable socket" socket=/tmp/tmux-501/ta-t121u01 err="query tmux on /tmp/tmux-501/ta-t121u01: exit status 1: no server running on /tmp/tmux-501/ta-t121u01"
time=2026-08-21T16:46:12.440+08:00 level=DEBUG msg="discovery: skipping unreachable socket" socket=/tmp/tmux-501/ta-t121u01b err="query tmux on /tmp/tmux-501/ta-t121u01b: exit status 1: no server running on /tmp/tmux-501/ta-t121u01b"
time=2026-08-21T16:46:12.449+08:00 level=DEBUG msg="discovery: skipping unreachable socket" socket=/tmp/tmux-501/ta-user-agents err="query tmux on /tmp/tmux-501/ta-user-agents: exit status 1: no server running on /tmp/tmux-501/ta-user-agents"
time=2026-08-21T16:46:13.051+08:00 level=DEBUG msg="discovery: skipping unreachable socket" socket=/tmp/tmux-501/t115d24675 err="query tmux on /tmp/tmux-501/t115d24675: exit status 1: no server running on /tmp/tmux-501/t115d24675"
time=2026-08-21T16:46:13.059+08:00 level=DEBUG msg="discovery: skipping unreachable socket" socket=/tmp/tmux-501/t115e31319 err="query tmux on /tmp/tmux-501/t115e31319: exit status 1: no server running on /tmp/tmux-501/t115e31319"
time=2026-08-21T16:46:13.067+08:00 level=DEBUG msg="discovery: skipping unreachable socket" socket=/tmp/tmux-501/t115f44898 err="query tmux on /tmp/tmux-501/t115f44898: exit status 1: no server running on /tmp/tmux-501/t115f44898"
time=2026-08-21T16:46:13.075+08:00 level=DEBUG msg="discovery: skipping unreachable socket" socket=/tmp/tmux-501/t115g47728 err="query tmux on /tmp/tmux-501/t115g47728: exit status 1: no server running on /tmp/tmux-501/t115g47728"
time=2026-08-21T16:46:13.084+08:00 level=DEBUG msg="discovery: skipping unreachable socket" socket=/tmp/tmux-501/ta-0bafa3965ade err="query tmux on /tmp/tmux-501/ta-0bafa3965ade: exit status 1: no server running on /tmp/tmux-501/ta-0bafa3965ade"
time=2026-08-21T16:46:13.109+08:00 level=DEBUG msg="discovery: skipping unreachable socket" socket=/tmp/tmux-501/ta-61709dcf801e err="query tmux on /tmp/tmux-501/ta-61709dcf801e: exit status 1: no server running on /tmp/tmux-501/ta-61709dcf801e"
time=2026-08-21T16:46:13.127+08:00 level=DEBUG msg="discovery: skipping unparsable pane line" socket=/tmp/tmux-501/ta-a9fd5b7defbd line="team-refactor-maintainability|6|%39|/Users/alauda/Documents/code/agent前沿探索/多agent协作|bash|87458|t.p9.review 零上下文设计审查已通过<|eos|> - grok|235x50|tester-t124"
time=2026-08-21T16:46:13.144+08:00 level=DEBUG msg="discovery: skipping unreachable socket" socket=/tmp/tmux-501/ta-ed81bd4d8c17 err="query tmux on /tmp/tmux-501/ta-ed81bd4d8c17: exit status 1: no server running on /tmp/tmux-501/ta-ed81bd4d8c17"
time=2026-08-21T16:46:13.152+08:00 level=DEBUG msg="discovery: skipping unreachable socket" socket=/tmp/tmux-501/ta-f1ad1b378fc7 err="query tmux on /tmp/tmux-501/ta-f1ad1b378fc7: exit status 1: no server running on /tmp/tmux-501/ta-f1ad1b378fc7"
time=2026-08-21T16:46:13.170+08:00 level=DEBUG msg="discovery: skipping unreachable socket" socket=/tmp/tmux-501/ta-t121u01 err="query tmux on /tmp/tmux-501/ta-t121u01: exit status 1: no server running on /tmp/tmux-501/ta-t121u01"
time=2026-08-21T16:46:13.178+08:00 level=DEBUG msg="discovery: skipping unreachable socket" socket=/tmp/tmux-501/ta-t121u01b err="query tmux on /tmp/tmux-501/ta-t121u01b: exit status 1: no server running on /tmp/tmux-501/ta-t121u01b"
time=2026-08-21T16:46:13.186+08:00 level=DEBUG msg="discovery: skipping unreachable socket" socket=/tmp/tmux-501/ta-user-agents err="query tmux on /tmp/tmux-501/ta-user-agents: exit status 1: no server running on /tmp/tmux-501/ta-user-agents"
time=2026-08-21T16:46:13.937+08:00 level=DEBUG msg="listing: no changes"
time=2026-08-21T16:46:14.479+08:00 level=DEBUG msg="discovery: skipping unreachable socket" socket=/tmp/tmux-501/t115d24675 err="query tmux on /tmp/tmux-501/t115d24675: exit status 1: no server running on /tmp/tmux-501/t115d24675"
time=2026-08-21T16:46:14.488+08:00 level=DEBUG msg="discovery: skipping unreachable socket" socket=/tmp/tmux-501/t115e31319 err="query tmux on /tmp/tmux-501/t115e31319: exit status 1: no server running on /tmp/tmux-501/t115e31319"
time=2026-08-21T16:46:14.497+08:00 level=DEBUG msg="discovery: skipping unreachable socket" socket=/tmp/tmux-501/t115f44898 err="query tmux on /tmp/tmux-501/t115f44898: exit status 1: no server running on /tmp/tmux-501/t115f44898"
time=2026-08-21T16:46:14.505+08:00 level=DEBUG msg="discovery: skipping unreachable socket" socket=/tmp/tmux-501/t115g47728 err="query tmux on /tmp/tmux-501/t115g47728: exit status 1: no server running on /tmp/tmux-501/t115g47728"
time=2026-08-21T16:46:14.513+08:00 level=DEBUG msg="discovery: skipping unreachable socket" socket=/tmp/tmux-501/ta-0bafa3965ade err="query tmux on /tmp/tmux-501/ta-0bafa3965ade: exit status 1: no server running on /tmp/tmux-501/ta-0bafa3965ade"
time=2026-08-21T16:46:14.536+08:00 level=DEBUG msg="discovery: skipping unreachable socket" socket=/tmp/tmux-501/ta-61709dcf801e err="query tmux on /tmp/tmux-501/ta-61709dcf801e: exit status 1: no server running on /tmp/tmux-501/ta-61709dcf801e"
time=2026-08-21T16:46:14.552+08:00 level=DEBUG msg="discovery: skipping unparsable pane line" socket=/tmp/tmux-501/ta-a9fd5b7defbd line="team-refactor-maintainability|6|%39|/Users/alauda/Documents/code/agent前沿探索/多agent协作|bash|87458|t.p9.review 零上下文设计审查已通过<|eos|> - grok|235x50|tester-t124"
time=2026-08-21T16:46:14.568+08:00 level=DEBUG msg="discovery: skipping unreachable socket" socket=/tmp/tmux-501/ta-ed81bd4d8c17 err="query tmux on /tmp/tmux-501/ta-ed81bd4d8c17: exit status 1: no server running on /tmp/tmux-501/ta-ed81bd4d8c17"
time=2026-08-21T16:46:14.576+08:00 level=DEBUG msg="discovery: skipping unreachable socket" socket=/tmp/tmux-501/ta-f1ad1b378fc7 err="query tmux on /tmp/tmux-501/ta-f1ad1b378fc7: exit status 1: no server running on /tmp/tmux-501/ta-f1ad1b378fc7"
time=2026-08-21T16:46:14.593+08:00 level=DEBUG msg="discovery: skipping unreachable socket" socket=/tmp/tmux-501/ta-t121u01 err="query tmux on /tmp/tmux-501/ta-t121u01: exit status 1: no server running on /tmp/tmux-501/ta-t121u01"
time=2026-08-21T16:46:14.601+08:00 level=DEBUG msg="discovery: skipping unreachable socket" socket=/tmp/tmux-501/ta-t121u01b err="query tmux on /tmp/tmux-501/ta-t121u01b: exit status 1: no server running on /tmp/tmux-501/ta-t121u01b"
time=2026-08-21T16:46:14.609+08:00 level=DEBUG msg="discovery: skipping unreachable socket" socket=/tmp/tmux-501/ta-user-agents err="query tmux on /tmp/tmux-501/ta-user-agents: exit status 1: no server running on /tmp/tmux-501/ta-user-agents"
time=2026-08-21T16:46:15.309+08:00 level=DEBUG msg="discovery: skipping unreachable socket" socket=/tmp/tmux-501/t115d24675 err="query tmux on /tmp/tmux-501/t115d24675: exit status 1: no server running on /tmp/tmux-501/t115d24675"
time=2026-08-21T16:46:15.319+08:00 level=DEBUG msg="discovery: skipping unreachable socket" socket=/tmp/tmux-501/t115e31319 err="query tmux on /tmp/tmux-501/t115e31319: exit status 1: no server running on /tmp/tmux-501/t115e31319"
time=2026-08-21T16:46:15.327+08:00 level=DEBUG msg="discovery: skipping unreachable socket" socket=/tmp/tmux-501/t115f44898 err="query tmux on /tmp/tmux-501/t115f44898: exit status 1: no server running on /tmp/tmux-501/t115f44898"
time=2026-08-21T16:46:15.336+08:00 level=DEBUG msg="discovery: skipping unreachable socket" socket=/tmp/tmux-501/t115g47728 err="query tmux on /tmp/tmux-501/t115g47728: exit status 1: no server running on /tmp/tmux-501/t115g47728"
time=2026-08-21T16:46:15.344+08:00 level=DEBUG msg="discovery: skipping unreachable socket" socket=/tmp/tmux-501/ta-0bafa3965ade err="query tmux on /tmp/tmux-501/ta-0bafa3965ade: exit status 1: no server running on /tmp/tmux-501/ta-0bafa3965ade"
time=2026-08-21T16:46:15.369+08:00 level=DEBUG msg="discovery: skipping unreachable socket" socket=/tmp/tmux-501/ta-61709dcf801e err="query tmux on /tmp/tmux-501/ta-61709dcf801e: exit status 1: no server running on /tmp/tmux-501/ta-61709dcf801e"
time=2026-08-21T16:46:15.387+08:00 level=DEBUG msg="discovery: skipping unparsable pane line" socket=/tmp/tmux-501/ta-a9fd5b7defbd line="team-refactor-maintainability|6|%39|/Users/alauda/Documents/code/agent前沿探索/多agent协作|bash|87458|t.p9.review 零上下文设计审查已通过<|eos|> - grok|235x50|tester-t124"
time=2026-08-21T16:46:15.406+08:00 level=DEBUG msg="discovery: skipping unreachable socket" socket=/tmp/tmux-501/ta-ed81bd4d8c17 err="query tmux on /tmp/tmux-501/ta-ed81bd4d8c17: exit status 1: no server running on /tmp/tmux-501/ta-ed81bd4d8c17"
time=2026-08-21T16:46:15.414+08:00 level=DEBUG msg="discovery: skipping unreachable socket" socket=/tmp/tmux-501/ta-f1ad1b378fc7 err="query tmux on /tmp/tmux-501/ta-f1ad1b378fc7: exit status 1: no server running on /tmp/tmux-501/ta-f1ad1b378fc7"
time=2026-08-21T16:46:15.431+08:00 level=DEBUG msg="discovery: skipping unreachable socket" socket=/tmp/tmux-501/ta-t121u01 err="query tmux on /tmp/tmux-501/ta-t121u01: exit status 1: no server running on /tmp/tmux-501/ta-t121u01"
time=2026-08-21T16:46:15.440+08:00 level=DEBUG msg="discovery: skipping unreachable socket" socket=/tmp/tmux-501/ta-t121u01b err="query tmux on /tmp/tmux-501/ta-t121u01b: exit status 1: no server running on /tmp/tmux-501/ta-t121u01b"
time=2026-08-21T16:46:15.448+08:00 level=DEBUG msg="discovery: skipping unreachable socket" socket=/tmp/tmux-501/ta-user-agents err="query tmux on /tmp/tmux-501/ta-user-agents: exit status 1: no server running on /tmp/tmux-501/ta-user-agents"
time=2026-08-21T16:46:16.110+08:00 level=DEBUG msg="listing: no changes"
time=2026-08-21T16:46:16.649+08:00 level=DEBUG msg="discovery: skipping unreachable socket" socket=/tmp/tmux-501/t115d24675 err="query tmux on /tmp/tmux-501/t115d24675: exit status 1: no server running on /tmp/tmux-501/t115d24675"
time=2026-08-21T16:46:16.659+08:00 level=DEBUG msg="discovery: skipping unreachable socket" socket=/tmp/tmux-501/t115e31319 err="query tmux on /tmp/tmux-501/t115e31319: exit status 1: no server running on /tmp/tmux-501/t115e31319"
time=2026-08-21T16:46:16.667+08:00 level=DEBUG msg="discovery: skipping unreachable socket" socket=/tmp/tmux-501/t115f44898 err="query tmux on /tmp/tmux-501/t115f44898: exit status 1: no server running on /tmp/tmux-501/t115f44898"
time=2026-08-21T16:46:16.675+08:00 level=DEBUG msg="discovery: skipping unreachable socket" socket=/tmp/tmux-501/t115g47728 err="query tmux on /tmp/tmux-501/t115g47728: exit status 1: no server running on /tmp/tmux-501/t115g47728"
time=2026-08-21T16:46:16.682+08:00 level=DEBUG msg="discovery: skipping unreachable socket" socket=/tmp/tmux-501/ta-0bafa3965ade err="query tmux on /tmp/tmux-501/ta-0bafa3965ade: exit status 1: no server running on /tmp/tmux-501/ta-0bafa3965ade"
time=2026-08-21T16:46:16.706+08:00 level=DEBUG msg="discovery: skipping unreachable socket" socket=/tmp/tmux-501/ta-61709dcf801e err="query tmux on /tmp/tmux-501/ta-61709dcf801e: exit status 1: no server running on /tmp/tmux-501/ta-61709dcf801e"
time=2026-08-21T16:46:16.723+08:00 level=DEBUG msg="discovery: skipping unparsable pane line" socket=/tmp/tmux-501/ta-a9fd5b7defbd line="team-refactor-maintainability|6|%39|/Users/alauda/Documents/code/agent前沿探索/多agent协作|bash|87458|t.p9.review 零上下文设计审查已通过<|eos|> - grok|235x50|tester-t124"
time=2026-08-21T16:46:16.739+08:00 level=DEBUG msg="discovery: skipping unreachable socket" socket=/tmp/tmux-501/ta-ed81bd4d8c17 err="query tmux on /tmp/tmux-501/ta-ed81bd4d8c17: exit status 1: no server running on /tmp/tmux-501/ta-ed81bd4d8c17"
time=2026-08-21T16:46:16.747+08:00 level=DEBUG msg="discovery: skipping unreachable socket" socket=/tmp/tmux-501/ta-f1ad1b378fc7 err="query tmux on /tmp/tmux-501/ta-f1ad1b378fc7: exit status 1: no server running on /tmp/tmux-501/ta-f1ad1b378fc7"
time=2026-08-21T16:46:16.762+08:00 level=DEBUG msg="discovery: skipping unreachable socket" socket=/tmp/tmux-501/ta-t121u01 err="query tmux on /tmp/tmux-501/ta-t121u01: exit status 1: no server running on /tmp/tmux-501/ta-t121u01"
time=2026-08-21T16:46:16.770+08:00 level=DEBUG msg="discovery: skipping unreachable socket" socket=/tmp/tmux-501/ta-t121u01b err="query tmux on /tmp/tmux-501/ta-t121u01b: exit status 1: no server running on /tmp/tmux-501/ta-t121u01b"
time=2026-08-21T16:46:16.777+08:00 level=DEBUG msg="discovery: skipping unreachable socket" socket=/tmp/tmux-501/ta-user-agents err="query tmux on /tmp/tmux-501/ta-user-agents: exit status 1: no server running on /tmp/tmux-501/ta-user-agents"
time=2026-08-21T16:46:17.580+08:00 level=DEBUG msg="discovery: skipping unreachable socket" socket=/tmp/tmux-501/t115d24675 err="query tmux on /tmp/tmux-501/t115d24675: exit status 1: no server running on /tmp/tmux-501/t115d24675"
time=2026-08-21T16:46:17.589+08:00 level=DEBUG msg="discovery: skipping unreachable socket" socket=/tmp/tmux-501/t115e31319 err="query tmux on /tmp/tmux-501/t115e31319: exit status 1: no server running on /tmp/tmux-501/t115e31319"
time=2026-08-21T16:46:17.597+08:00 level=DEBUG msg="discovery: skipping unreachable socket" socket=/tmp/tmux-501/t115f44898 err="query tmux on /tmp/tmux-501/t115f44898: exit status 1: no server running on /tmp/tmux-501/t115f44898"
time=2026-08-21T16:46:17.607+08:00 level=DEBUG msg="discovery: skipping unreachable socket" socket=/tmp/tmux-501/t115g47728 err="query tmux on /tmp/tmux-501/t115g47728: exit status 1: no server running on /tmp/tmux-501/t115g47728"
time=2026-08-21T16:46:17.616+08:00 level=DEBUG msg="discovery: skipping unreachable socket" socket=/tmp/tmux-501/ta-0bafa3965ade err="query tmux on /tmp/tmux-501/ta-0bafa3965ade: exit status 1: no server running on /tmp/tmux-501/ta-0bafa3965ade"
time=2026-08-21T16:46:17.643+08:00 level=DEBUG msg="discovery: skipping unreachable socket" socket=/tmp/tmux-501/ta-61709dcf801e err="query tmux on /tmp/tmux-501/ta-61709dcf801e: exit status 1: no server running on /tmp/tmux-501/ta-61709dcf801e"
time=2026-08-21T16:46:17.662+08:00 level=DEBUG msg="discovery: skipping unparsable pane line" socket=/tmp/tmux-501/ta-a9fd5b7defbd line="team-refactor-maintainability|6|%39|/Users/alauda/Documents/code/agent前沿探索/多agent协作|bash|87458|t.p9.review 零上下文设计审查已通过<|eos|> - grok|235x50|tester-t124"
time=2026-08-21T16:46:17.679+08:00 level=DEBUG msg="discovery: skipping unreachable socket" socket=/tmp/tmux-501/ta-ed81bd4d8c17 err="query tmux on /tmp/tmux-501/ta-ed81bd4d8c17: exit status 1: no server running on /tmp/tmux-501/ta-ed81bd4d8c17"
time=2026-08-21T16:46:17.687+08:00 level=DEBUG msg="discovery: skipping unreachable socket" socket=/tmp/tmux-501/ta-f1ad1b378fc7 err="query tmux on /tmp/tmux-501/ta-f1ad1b378fc7: exit status 1: no server running on /tmp/tmux-501/ta-f1ad1b378fc7"
time=2026-08-21T16:46:17.705+08:00 level=DEBUG msg="discovery: skipping unreachable socket" socket=/tmp/tmux-501/ta-t121u01 err="query tmux on /tmp/tmux-501/ta-t121u01: exit status 1: no server running on /tmp/tmux-501/ta-t121u01"
time=2026-08-21T16:46:17.715+08:00 level=DEBUG msg="discovery: skipping unreachable socket" socket=/tmp/tmux-501/ta-t121u01b err="query tmux on /tmp/tmux-501/ta-t121u01b: exit status 1: no server running on /tmp/tmux-501/ta-t121u01b"
time=2026-08-21T16:46:17.724+08:00 level=DEBUG msg="discovery: skipping unreachable socket" socket=/tmp/tmux-501/ta-user-agents err="query tmux on /tmp/tmux-501/ta-user-agents: exit status 1: no server running on /tmp/tmux-501/ta-user-agents"
time=2026-08-21T16:46:18.293+08:00 level=DEBUG msg="listing: no changes"
time=2026-08-21T16:46:18.835+08:00 level=DEBUG msg="discovery: skipping unreachable socket" socket=/tmp/tmux-501/t115d24675 err="query tmux on /tmp/tmux-501/t115d24675: exit status 1: no server running on /tmp/tmux-501/t115d24675"
time=2026-08-21T16:46:18.844+08:00 level=DEBUG msg="discovery: skipping unreachable socket" socket=/tmp/tmux-501/t115e31319 err="query tmux on /tmp/tmux-501/t115e31319: exit status 1: no server running on /tmp/tmux-501/t115e31319"
time=2026-08-21T16:46:18.852+08:00 level=DEBUG msg="discovery: skipping unreachable socket" socket=/tmp/tmux-501/t115f44898 err="query tmux on /tmp/tmux-501/t115f44898: exit status 1: no server running on /tmp/tmux-501/t115f44898"
time=2026-08-21T16:46:18.861+08:00 level=DEBUG msg="discovery: skipping unreachable socket" socket=/tmp/tmux-501/t115g47728 err="query tmux on /tmp/tmux-501/t115g47728: exit status 1: no server running on /tmp/tmux-501/t115g47728"
time=2026-08-21T16:46:18.869+08:00 level=DEBUG msg="discovery: skipping unreachable socket" socket=/tmp/tmux-501/ta-0bafa3965ade err="query tmux on /tmp/tmux-501/ta-0bafa3965ade: exit status 1: no server running on /tmp/tmux-501/ta-0bafa3965ade"
time=2026-08-21T16:46:18.892+08:00 level=DEBUG msg="discovery: skipping unreachable socket" socket=/tmp/tmux-501/ta-61709dcf801e err="query tmux on /tmp/tmux-501/ta-61709dcf801e: exit status 1: no server running on /tmp/tmux-501/ta-61709dcf801e"
time=2026-08-21T16:46:18.910+08:00 level=DEBUG msg="discovery: skipping unparsable pane line" socket=/tmp/tmux-501/ta-a9fd5b7defbd line="team-refactor-maintainability|6|%39|/Users/alauda/Documents/code/agent前沿探索/多agent协作|bash|87458|t.p9.review 零上下文设计审查已通过<|eos|> - grok|235x50|tester-t124"
time=2026-08-21T16:46:18.926+08:00 level=DEBUG msg="discovery: skipping unreachable socket" socket=/tmp/tmux-501/ta-ed81bd4d8c17 err="query tmux on /tmp/tmux-501/ta-ed81bd4d8c17: exit status 1: no server running on /tmp/tmux-501/ta-ed81bd4d8c17"
time=2026-08-21T16:46:18.934+08:00 level=DEBUG msg="discovery: skipping unreachable socket" socket=/tmp/tmux-501/ta-f1ad1b378fc7 err="query tmux on /tmp/tmux-501/ta-f1ad1b378fc7: exit status 1: no server running on /tmp/tmux-501/ta-f1ad1b378fc7"
time=2026-08-21T16:46:18.950+08:00 level=DEBUG msg="discovery: skipping unreachable socket" socket=/tmp/tmux-501/ta-t121u01 err="query tmux on /tmp/tmux-501/ta-t121u01: exit status 1: no server running on /tmp/tmux-501/ta-t121u01"
time=2026-08-21T16:46:18.959+08:00 level=DEBUG msg="discovery: skipping unreachable socket" socket=/tmp/tmux-501/ta-t121u01b err="query tmux on /tmp/tmux-501/ta-t121u01b: exit status 1: no server running on /tmp/tmux-501/ta-t121u01b"
time=2026-08-21T16:46:18.967+08:00 level=DEBUG msg="discovery: skipping unreachable socket" socket=/tmp/tmux-501/ta-user-agents err="query tmux on /tmp/tmux-501/ta-user-agents: exit status 1: no server running on /tmp/tmux-501/ta-user-agents"
time=2026-08-21T16:46:19.846+08:00 level=DEBUG msg="discovery: skipping unreachable socket" socket=/tmp/tmux-501/t115d24675 err="query tmux on /tmp/tmux-501/t115d24675: exit status 1: no server running on /tmp/tmux-501/t115d24675"
time=2026-08-21T16:46:19.855+08:00 level=DEBUG msg="discovery: skipping unreachable socket" socket=/tmp/tmux-501/t115e31319 err="query tmux on /tmp/tmux-501/t115e31319: exit status 1: no server running on /tmp/tmux-501/t115e31319"
time=2026-08-21T16:46:19.863+08:00 level=DEBUG msg="discovery: skipping unreachable socket" socket=/tmp/tmux-501/t115f44898 err="query tmux on /tmp/tmux-501/t115f44898: exit status 1: no server running on /tmp/tmux-501/t115f44898"
time=2026-08-21T16:46:19.872+08:00 level=DEBUG msg="discovery: skipping unreachable socket" socket=/tmp/tmux-501/t115g47728 err="query tmux on /tmp/tmux-501/t115g47728: exit status 1: no server running on /tmp/tmux-501/t115g47728"
time=2026-08-21T16:46:19.880+08:00 level=DEBUG msg="discovery: skipping unreachable socket" socket=/tmp/tmux-501/ta-0bafa3965ade err="query tmux on /tmp/tmux-501/ta-0bafa3965ade: exit status 1: no server running on /tmp/tmux-501/ta-0bafa3965ade"
time=2026-08-21T16:46:19.908+08:00 level=DEBUG msg="discovery: skipping unreachable socket" socket=/tmp/tmux-501/ta-61709dcf801e err="query tmux on /tmp/tmux-501/ta-61709dcf801e: exit status 1: no server running on /tmp/tmux-501/ta-61709dcf801e"
time=2026-08-21T16:46:19.927+08:00 level=DEBUG msg="discovery: skipping unparsable pane line" socket=/tmp/tmux-501/ta-a9fd5b7defbd line="team-refactor-maintainability|6|%39|/Users/alauda/Documents/code/agent前沿探索/多agent协作|bash|87458|t.p9.review 零上下文设计审查已通过<|eos|> - grok|235x50|tester-t124"
time=2026-08-21T16:46:19.945+08:00 level=DEBUG msg="discovery: skipping unreachable socket" socket=/tmp/tmux-501/ta-ed81bd4d8c17 err="query tmux on /tmp/tmux-501/ta-ed81bd4d8c17: exit status 1: no server running on /tmp/tmux-501/ta-ed81bd4d8c17"
time=2026-08-21T16:46:19.953+08:00 level=DEBUG msg="discovery: skipping unreachable socket" socket=/tmp/tmux-501/ta-f1ad1b378fc7 err="query tmux on /tmp/tmux-501/ta-f1ad1b378fc7: exit status 1: no server running on /tmp/tmux-501/ta-f1ad1b378fc7"
time=2026-08-21T16:46:19.970+08:00 level=DEBUG msg="discovery: skipping unreachable socket" socket=/tmp/tmux-501/ta-t121u01 err="query tmux on /tmp/tmux-501/ta-t121u01: exit status 1: no server running on /tmp/tmux-501/ta-t121u01"
time=2026-08-21T16:46:19.979+08:00 level=DEBUG msg="discovery: skipping unreachable socket" socket=/tmp/tmux-501/ta-t121u01b err="query tmux on /tmp/tmux-501/ta-t121u01b: exit status 1: no server running on /tmp/tmux-501/ta-t121u01b"
time=2026-08-21T16:46:19.988+08:00 level=DEBUG msg="discovery: skipping unreachable socket" socket=/tmp/tmux-501/ta-user-agents err="query tmux on /tmp/tmux-501/ta-user-agents: exit status 1: no server running on /tmp/tmux-501/ta-user-agents"
time=2026-08-21T16:46:20.548+08:00 level=DEBUG msg="listing: no changes"
time=2026-08-21T16:46:21.078+08:00 level=DEBUG msg="discovery: skipping unreachable socket" socket=/tmp/tmux-501/t115d24675 err="query tmux on /tmp/tmux-501/t115d24675: exit status 1: no server running on /tmp/tmux-501/t115d24675"
time=2026-08-21T16:46:21.087+08:00 level=DEBUG msg="discovery: skipping unreachable socket" socket=/tmp/tmux-501/t115e31319 err="query tmux on /tmp/tmux-501/t115e31319: exit status 1: no server running on /tmp/tmux-501/t115e31319"
time=2026-08-21T16:46:21.095+08:00 level=DEBUG msg="discovery: skipping unreachable socket" socket=/tmp/tmux-501/t115f44898 err="query tmux on /tmp/tmux-501/t115f44898: exit status 1: no server running on /tmp/tmux-501/t115f44898"
time=2026-08-21T16:46:21.103+08:00 level=DEBUG msg="discovery: skipping unreachable socket" socket=/tmp/tmux-501/t115g47728 err="query tmux on /tmp/tmux-501/t115g47728: exit status 1: no server running on /tmp/tmux-501/t115g47728"
time=2026-08-21T16:46:21.111+08:00 level=DEBUG msg="discovery: skipping unreachable socket" socket=/tmp/tmux-501/ta-0bafa3965ade err="query tmux on /tmp/tmux-501/ta-0bafa3965ade: exit status 1: no server running on /tmp/tmux-501/ta-0bafa3965ade"
time=2026-08-21T16:46:21.138+08:00 level=DEBUG msg="discovery: skipping unreachable socket" socket=/tmp/tmux-501/ta-61709dcf801e err="query tmux on /tmp/tmux-501/ta-61709dcf801e: exit status 1: no server running on /tmp/tmux-501/ta-61709dcf801e"
time=2026-08-21T16:46:21.156+08:00 level=DEBUG msg="discovery: skipping unparsable pane line" socket=/tmp/tmux-501/ta-a9fd5b7defbd line="team-refactor-maintainability|6|%39|/Users/alauda/Documents/code/agent前沿探索/多agent协作|bash|87458|t.p9.review 零上下文设计审查已通过<|eos|> - grok|235x50|tester-t124"
time=2026-08-21T16:46:21.175+08:00 level=DEBUG msg="discovery: skipping unreachable socket" socket=/tmp/tmux-501/ta-ed81bd4d8c17 err="query tmux on /tmp/tmux-501/ta-ed81bd4d8c17: exit status 1: no server running on /tmp/tmux-501/ta-ed81bd4d8c17"
time=2026-08-21T16:46:21.183+08:00 level=DEBUG msg="discovery: skipping unreachable socket" socket=/tmp/tmux-501/ta-f1ad1b378fc7 err="query tmux on /tmp/tmux-501/ta-f1ad1b378fc7: exit status 1: no server running on /tmp/tmux-501/ta-f1ad1b378fc7"
time=2026-08-21T16:46:21.200+08:00 level=DEBUG msg="discovery: skipping unreachable socket" socket=/tmp/tmux-501/ta-t121u01 err="query tmux on /tmp/tmux-501/ta-t121u01: exit status 1: no server running on /tmp/tmux-501/ta-t121u01"
time=2026-08-21T16:46:21.208+08:00 level=DEBUG msg="discovery: skipping unreachable socket" socket=/tmp/tmux-501/ta-t121u01b err="query tmux on /tmp/tmux-501/ta-t121u01b: exit status 1: no server running on /tmp/tmux-501/ta-t121u01b"
time=2026-08-21T16:46:21.217+08:00 level=DEBUG msg="discovery: skipping unreachable socket" socket=/tmp/tmux-501/ta-user-agents err="query tmux on /tmp/tmux-501/ta-user-agents: exit status 1: no server running on /tmp/tmux-501/ta-user-agents"
time=2026-08-21T16:46:22.141+08:00 level=DEBUG msg="discovery: skipping unreachable socket" socket=/tmp/tmux-501/t115d24675 err="query tmux on /tmp/tmux-501/t115d24675: exit status 1: no server running on /tmp/tmux-501/t115d24675"
time=2026-08-21T16:46:22.150+08:00 level=DEBUG msg="discovery: skipping unreachable socket" socket=/tmp/tmux-501/t115e31319 err="query tmux on /tmp/tmux-501/t115e31319: exit status 1: no server running on /tmp/tmux-501/t115e31319"
time=2026-08-21T16:46:22.158+08:00 level=DEBUG msg="discovery: skipping unreachable socket" socket=/tmp/tmux-501/t115f44898 err="query tmux on /tmp/tmux-501/t115f44898: exit status 1: no server running on /tmp/tmux-501/t115f44898"
time=2026-08-21T16:46:22.167+08:00 level=DEBUG msg="discovery: skipping unreachable socket" socket=/tmp/tmux-501/t115g47728 err="query tmux on /tmp/tmux-501/t115g47728: exit status 1: no server running on /tmp/tmux-501/t115g47728"
time=2026-08-21T16:46:22.176+08:00 level=DEBUG msg="discovery: skipping unreachable socket" socket=/tmp/tmux-501/ta-0bafa3965ade err="query tmux on /tmp/tmux-501/ta-0bafa3965ade: exit status 1: no server running on /tmp/tmux-501/ta-0bafa3965ade"
time=2026-08-21T16:46:22.203+08:00 level=DEBUG msg="discovery: skipping unreachable socket" socket=/tmp/tmux-501/ta-61709dcf801e err="query tmux on /tmp/tmux-501/ta-61709dcf801e: exit status 1: no server running on /tmp/tmux-501/ta-61709dcf801e"
time=2026-08-21T16:46:22.222+08:00 level=DEBUG msg="discovery: skipping unparsable pane line" socket=/tmp/tmux-501/ta-a9fd5b7defbd line="team-refactor-maintainability|6|%39|/Users/alauda/Documents/code/agent前沿探索/多agent协作|bash|87458|t.p9.review 零上下文设计审查已通过<|eos|> - grok|235x50|tester-t124"
time=2026-08-21T16:46:22.241+08:00 level=DEBUG msg="discovery: skipping unreachable socket" socket=/tmp/tmux-501/ta-ed81bd4d8c17 err="query tmux on /tmp/tmux-501/ta-ed81bd4d8c17: exit status 1: no server running on /tmp/tmux-501/ta-ed81bd4d8c17"
time=2026-08-21T16:46:22.249+08:00 level=DEBUG msg="discovery: skipping unreachable socket" socket=/tmp/tmux-501/ta-f1ad1b378fc7 err="query tmux on /tmp/tmux-501/ta-f1ad1b378fc7: exit status 1: no server running on /tmp/tmux-501/ta-f1ad1b378fc7"
time=2026-08-21T16:46:22.267+08:00 level=DEBUG msg="discovery: skipping unreachable socket" socket=/tmp/tmux-501/ta-t121u01 err="query tmux on /tmp/tmux-501/ta-t121u01: exit status 1: no server running on /tmp/tmux-501/ta-t121u01"
time=2026-08-21T16:46:22.276+08:00 level=DEBUG msg="discovery: skipping unreachable socket" socket=/tmp/tmux-501/ta-t121u01b err="query tmux on /tmp/tmux-501/ta-t121u01b: exit status 1: no server running on /tmp/tmux-501/ta-t121u01b"
time=2026-08-21T16:46:22.285+08:00 level=DEBUG msg="discovery: skipping unreachable socket" socket=/tmp/tmux-501/ta-user-agents err="query tmux on /tmp/tmux-501/ta-user-agents: exit status 1: no server running on /tmp/tmux-501/ta-user-agents"
time=2026-08-21T16:46:22.841+08:00 level=DEBUG msg="listing: no changes"
time=2026-08-21T16:46:23.369+08:00 level=DEBUG msg="discovery: skipping unreachable socket" socket=/tmp/tmux-501/t115d24675 err="query tmux on /tmp/tmux-501/t115d24675: exit status 1: no server running on /tmp/tmux-501/t115d24675"
time=2026-08-21T16:46:23.377+08:00 level=DEBUG msg="discovery: skipping unreachable socket" socket=/tmp/tmux-501/t115e31319 err="query tmux on /tmp/tmux-501/t115e31319: exit status 1: no server running on /tmp/tmux-501/t115e31319"
time=2026-08-21T16:46:23.385+08:00 level=DEBUG msg="discovery: skipping unreachable socket" socket=/tmp/tmux-501/t115f44898 err="query tmux on /tmp/tmux-501/t115f44898: exit status 1: no server running on /tmp/tmux-501/t115f44898"
time=2026-08-21T16:46:23.392+08:00 level=DEBUG msg="discovery: skipping unreachable socket" socket=/tmp/tmux-501/t115g47728 err="query tmux on /tmp/tmux-501/t115g47728: exit status 1: no server running on /tmp/tmux-501/t115g47728"
time=2026-08-21T16:46:23.400+08:00 level=DEBUG msg="discovery: skipping unreachable socket" socket=/tmp/tmux-501/ta-0bafa3965ade err="query tmux on /tmp/tmux-501/ta-0bafa3965ade: exit status 1: no server running on /tmp/tmux-501/ta-0bafa3965ade"
time=2026-08-21T16:46:23.425+08:00 level=DEBUG msg="discovery: skipping unreachable socket" socket=/tmp/tmux-501/ta-61709dcf801e err="query tmux on /tmp/tmux-501/ta-61709dcf801e: exit status 1: no server running on /tmp/tmux-501/ta-61709dcf801e"
time=2026-08-21T16:46:23.443+08:00 level=DEBUG msg="discovery: skipping unparsable pane line" socket=/tmp/tmux-501/ta-a9fd5b7defbd line="team-refactor-maintainability|6|%39|/Users/alauda/Documents/code/agent前沿探索/多agent协作|bash|87458|t.p9.review 零上下文设计审查已通过<|eos|> - grok|235x50|tester-t124"
time=2026-08-21T16:46:23.460+08:00 level=DEBUG msg="discovery: skipping unreachable socket" socket=/tmp/tmux-501/ta-ed81bd4d8c17 err="query tmux on /tmp/tmux-501/ta-ed81bd4d8c17: exit status 1: no server running on /tmp/tmux-501/ta-ed81bd4d8c17"
time=2026-08-21T16:46:23.468+08:00 level=DEBUG msg="discovery: skipping unreachable socket" socket=/tmp/tmux-501/ta-f1ad1b378fc7 err="query tmux on /tmp/tmux-501/ta-f1ad1b378fc7: exit status 1: no server running on /tmp/tmux-501/ta-f1ad1b378fc7"
time=2026-08-21T16:46:23.484+08:00 level=DEBUG msg="discovery: skipping unreachable socket" socket=/tmp/tmux-501/ta-t121u01 err="query tmux on /tmp/tmux-501/ta-t121u01: exit status 1: no server running on /tmp/tmux-501/ta-t121u01"
time=2026-08-21T16:46:23.491+08:00 level=DEBUG msg="discovery: skipping unreachable socket" socket=/tmp/tmux-501/ta-t121u01b err="query tmux on /tmp/tmux-501/ta-t121u01b: exit status 1: no server running on /tmp/tmux-501/ta-t121u01b"
time=2026-08-21T16:46:23.499+08:00 level=DEBUG msg="discovery: skipping unreachable socket" socket=/tmp/tmux-501/ta-user-agents err="query tmux on /tmp/tmux-501/ta-user-agents: exit status 1: no server running on /tmp/tmux-501/ta-user-agents"
time=2026-08-21T16:46:24.416+08:00 level=DEBUG msg="discovery: skipping unreachable socket" socket=/tmp/tmux-501/t115d24675 err="query tmux on /tmp/tmux-501/t115d24675: exit status 1: no server running on /tmp/tmux-501/t115d24675"
time=2026-08-21T16:46:24.425+08:00 level=DEBUG msg="discovery: skipping unreachable socket" socket=/tmp/tmux-501/t115e31319 err="query tmux on /tmp/tmux-501/t115e31319: exit status 1: no server running on /tmp/tmux-501/t115e31319"
time=2026-08-21T16:46:24.434+08:00 level=DEBUG msg="discovery: skipping unreachable socket" socket=/tmp/tmux-501/t115f44898 err="query tmux on /tmp/tmux-501/t115f44898: exit status 1: no server running on /tmp/tmux-501/t115f44898"
time=2026-08-21T16:46:24.443+08:00 level=DEBUG msg="discovery: skipping unreachable socket" socket=/tmp/tmux-501/t115g47728 err="query tmux on /tmp/tmux-501/t115g47728: exit status 1: no server running on /tmp/tmux-501/t115g47728"
time=2026-08-21T16:46:24.451+08:00 level=DEBUG msg="discovery: skipping unreachable socket" socket=/tmp/tmux-501/ta-0bafa3965ade err="query tmux on /tmp/tmux-501/ta-0bafa3965ade: exit status 1: no server running on /tmp/tmux-501/ta-0bafa3965ade"
time=2026-08-21T16:46:24.477+08:00 level=DEBUG msg="discovery: skipping unreachable socket" socket=/tmp/tmux-501/ta-61709dcf801e err="query tmux on /tmp/tmux-501/ta-61709dcf801e: exit status 1: no server running on /tmp/tmux-501/ta-61709dcf801e"
time=2026-08-21T16:46:24.496+08:00 level=DEBUG msg="discovery: skipping unparsable pane line" socket=/tmp/tmux-501/ta-a9fd5b7defbd line="team-refactor-maintainability|6|%39|/Users/alauda/Documents/code/agent前沿探索/多agent协作|bash|87458|t.p9.review 零上下文设计审查已通过<|eos|> - grok|235x50|tester-t124"
time=2026-08-21T16:46:24.514+08:00 level=DEBUG msg="discovery: skipping unreachable socket" socket=/tmp/tmux-501/ta-ed81bd4d8c17 err="query tmux on /tmp/tmux-501/ta-ed81bd4d8c17: exit status 1: no server running on /tmp/tmux-501/ta-ed81bd4d8c17"
time=2026-08-21T16:46:24.524+08:00 level=DEBUG msg="discovery: skipping unreachable socket" socket=/tmp/tmux-501/ta-f1ad1b378fc7 err="query tmux on /tmp/tmux-501/ta-f1ad1b378fc7: exit status 1: no server running on /tmp/tmux-501/ta-f1ad1b378fc7"
time=2026-08-21T16:46:24.541+08:00 level=DEBUG msg="discovery: skipping unreachable socket" socket=/tmp/tmux-501/ta-t121u01 err="query tmux on /tmp/tmux-501/ta-t121u01: exit status 1: no server running on /tmp/tmux-501/ta-t121u01"
time=2026-08-21T16:46:24.549+08:00 level=DEBUG msg="discovery: skipping unreachable socket" socket=/tmp/tmux-501/ta-t121u01b err="query tmux on /tmp/tmux-501/ta-t121u01b: exit status 1: no server running on /tmp/tmux-501/ta-t121u01b"
time=2026-08-21T16:46:24.558+08:00 level=DEBUG msg="discovery: skipping unreachable socket" socket=/tmp/tmux-501/ta-user-agents err="query tmux on /tmp/tmux-501/ta-user-agents: exit status 1: no server running on /tmp/tmux-501/ta-user-agents"
time=2026-08-21T16:46:25.001+08:00 level=DEBUG msg="listing: no changes"
time=2026-08-21T16:46:25.529+08:00 level=DEBUG msg="discovery: skipping unreachable socket" socket=/tmp/tmux-501/t115d24675 err="query tmux on /tmp/tmux-501/t115d24675: exit status 1: no server running on /tmp/tmux-501/t115d24675"
time=2026-08-21T16:46:25.537+08:00 level=DEBUG msg="discovery: skipping unreachable socket" socket=/tmp/tmux-501/t115e31319 err="query tmux on /tmp/tmux-501/t115e31319: exit status 1: no server running on /tmp/tmux-501/t115e31319"
time=2026-08-21T16:46:25.546+08:00 level=DEBUG msg="discovery: skipping unreachable socket" socket=/tmp/tmux-501/t115f44898 err="query tmux on /tmp/tmux-501/t115f44898: exit status 1: no server running on /tmp/tmux-501/t115f44898"
time=2026-08-21T16:46:25.555+08:00 level=DEBUG msg="discovery: skipping unreachable socket" socket=/tmp/tmux-501/t115g47728 err="query tmux on /tmp/tmux-501/t115g47728: exit status 1: no server running on /tmp/tmux-501/t115g47728"
time=2026-08-21T16:46:25.564+08:00 level=DEBUG msg="discovery: skipping unreachable socket" socket=/tmp/tmux-501/ta-0bafa3965ade err="query tmux on /tmp/tmux-501/ta-0bafa3965ade: exit status 1: no server running on /tmp/tmux-501/ta-0bafa3965ade"
time=2026-08-21T16:46:25.590+08:00 level=DEBUG msg="discovery: skipping unreachable socket" socket=/tmp/tmux-501/ta-61709dcf801e err="query tmux on /tmp/tmux-501/ta-61709dcf801e: exit status 1: no server running on /tmp/tmux-501/ta-61709dcf801e"
time=2026-08-21T16:46:25.607+08:00 level=DEBUG msg="discovery: skipping unparsable pane line" socket=/tmp/tmux-501/ta-a9fd5b7defbd line="team-refactor-maintainability|6|%39|/Users/alauda/Documents/code/agent前沿探索/多agent协作|bash|87458|t.p9.review 零上下文设计审查已通过<|eos|> - grok|235x50|tester-t124"
time=2026-08-21T16:46:25.626+08:00 level=DEBUG msg="discovery: skipping unreachable socket" socket=/tmp/tmux-501/ta-ed81bd4d8c17 err="query tmux on /tmp/tmux-501/ta-ed81bd4d8c17: exit status 1: no server running on /tmp/tmux-501/ta-ed81bd4d8c17"
time=2026-08-21T16:46:25.634+08:00 level=DEBUG msg="discovery: skipping unreachable socket" socket=/tmp/tmux-501/ta-f1ad1b378fc7 err="query tmux on /tmp/tmux-501/ta-f1ad1b378fc7: exit status 1: no server running on /tmp/tmux-501/ta-f1ad1b378fc7"
time=2026-08-21T16:46:25.651+08:00 level=DEBUG msg="discovery: skipping unreachable socket" socket=/tmp/tmux-501/ta-t121u01 err="query tmux on /tmp/tmux-501/ta-t121u01: exit status 1: no server running on /tmp/tmux-501/ta-t121u01"
time=2026-08-21T16:46:25.660+08:00 level=DEBUG msg="discovery: skipping unreachable socket" socket=/tmp/tmux-501/ta-t121u01b err="query tmux on /tmp/tmux-501/ta-t121u01b: exit status 1: no server running on /tmp/tmux-501/ta-t121u01b"
time=2026-08-21T16:46:25.669+08:00 level=DEBUG msg="discovery: skipping unreachable socket" socket=/tmp/tmux-501/ta-user-agents err="query tmux on /tmp/tmux-501/ta-user-agents: exit status 1: no server running on /tmp/tmux-501/ta-user-agents"
time=2026-08-21T16:46:25.728+08:00 level=INFO msg="shutting down"
time=2026-08-21T16:46:25.728+08:00 level=DEBUG msg="level2 loop stopped"
time=2026-08-21T16:46:25.746+08:00 level=DEBUG msg="pane restore size" ref="/Volumes/nvme/Projects/远程Agent安卓/.team/nodes/hl1-repro/tmp/tmux/tmux-501/default\x1f%0" err="tmux: server unreachable"
