2026-08-21T16:22:45.144 [lifecycle] ON_CREATE
2026-08-21T16:22:45.274 [lifecycle] ON_START
2026-08-21T16:22:45.285 [reconnect] onUiVisible wire source=lifecycle:ON_START manager=false config=false state=<none> servicePumpActive=false
2026-08-21T16:22:45.286 [reconnect] onUiVisible skip source=lifecycle:ON_START reason=no-config manager=false config=false
2026-08-21T16:23:49.004 [ws] conn state STOPPED → CONNECTING
2026-08-21T16:23:49.921 [ws] conn state CONNECTING → AUTHENTICATING
2026-08-21T16:23:49.932 [ws] conn state AUTHENTICATING → READY
2026-08-21T16:23:49.933 [ws] conn state READY → STOPPED
2026-08-21T16:23:49.936 [ws] closed code=1000 reason=client close
2026-08-21T16:23:49.936 [ws] close permanent=true reason=client close
2026-08-21T16:23:49.952 [ws] conn state STOPPED → CONNECTING
2026-08-21T16:23:50.069 [refresh] enterLevel1 list cached=0 first_frame=missing refreshing_prev=false → refresh()
2026-08-21T16:23:50.070 [refresh] refresh() refreshing_prev=false refreshing_next=true cached=0
2026-08-21T16:23:50.937 [ws] conn state CONNECTING → AUTHENTICATING
2026-08-21T16:23:50.942 [ws] conn state AUTHENTICATING → READY
2026-08-21T16:23:50.956 [refresh] applyListing seq=1 workspaces=8 refreshing_prev=true refreshing_next=false
2026-08-21T16:24:18.883 [refresh] enterLevel2 subscribe cwd=/Volumes/nvme/Projects/远程Agent安卓/.team/nodes/hl1-repro/tmp/hl1reprocwd painted=0 cached=0
2026-08-21T16:24:18.895 [refresh] refresh() refreshing_prev=false refreshing_next=true cached=8
2026-08-21T16:24:18.921 [refresh] applyListing seq=18 workspaces=8 refreshing_prev=true refreshing_next=false
2026-08-21T16:25:47.249 [refresh] refresh() refreshing_prev=false refreshing_next=true cached=8
2026-08-21T16:25:47.298 [refresh] applyListing seq=33 workspaces=8 refreshing_prev=true refreshing_next=false
2026-08-21T16:27:03.079 [term-theme] raw=vesper catalogHit=true slot=light
2026-08-21T16:27:03.079 [term-theme] raw=vesper catalogHit=true slot=dark
2026-08-21T16:27:03.080 [term-indexed] branch=ansi16 index=0 rgb=16,16,16 luma=16 chroma=0 thresh=index in 0..15 out=0xff101010
2026-08-21T16:27:03.080 [term-indexed] branch=screen-black index=0 rgb=16,16,16 luma=16 chroma=0 thresh=index in {0,16} lumaMax=32 out=0xff101010
2026-08-21T16:27:03.081 [term-indexed] branch=ansi16 index=1 rgb=245,161,145 luma=184 chroma=100 thresh=index in 0..15 out=0xfff5a191 ×2
2026-08-21T16:27:03.081 [term-indexed] branch=ansi16 index=2 rgb=144,185,159 luma=169 chroma=41 thresh=index in 0..15 out=0xff90b99f ×2
2026-08-21T16:27:03.081 [term-indexed] branch=ansi16 index=3 rgb=230,185,157 luma=195 chroma=73 thresh=index in 0..15 out=0xffe6b99d ×2
2026-08-21T16:27:03.081 [term-indexed] branch=ansi16 index=4 rgb=172,161,207 luma=169 chroma=46 thresh=index in 0..15 out=0xffaca1cf ×2
2026-08-21T16:27:03.081 [term-indexed] branch=ansi16 index=5 rgb=226,158,202 luma=183 chroma=68 thresh=index in 0..15 out=0xffe29eca ×2
2026-08-21T16:27:03.082 [term-indexed] branch=ansi16 index=6 rgb=234,131,165 luma=165 chroma=103 thresh=index in 0..15 out=0xffea83a5 ×2
2026-08-21T16:27:03.082 [term-indexed] branch=ansi16 index=7 rgb=160,160,160 luma=160 chroma=0 thresh=index in 0..15 out=0xffa0a0a0 ×2
2026-08-21T16:27:03.082 [term-indexed] branch=ansi16 index=8 rgb=126,126,126 luma=126 chroma=0 thresh=index in 0..15 out=0xff7e7e7e ×2
2026-08-21T16:27:03.082 [term-indexed] branch=ansi16 index=9 rgb=255,128,128 luma=165 chroma=127 thresh=index in 0..15 out=0xffff8080 ×2
2026-08-21T16:27:03.082 [term-indexed] branch=ansi16 index=10 rgb=153,255,228 luma=221 chroma=102 thresh=index in 0..15 out=0xff99ffe4 ×2
2026-08-21T16:27:03.083 [term-indexed] branch=ansi16 index=11 rgb=255,199,153 luma=210 chroma=102 thresh=index in 0..15 out=0xffffc799 ×2
2026-08-21T16:27:03.083 [term-indexed] branch=ansi16 index=12 rgb=185,174,218 luma=182 chroma=44 thresh=index in 0..15 out=0xffb9aeda ×2
2026-08-21T16:27:03.083 [term-indexed] branch=ansi16 index=13 rgb=236,170,214 luma=194 chroma=66 thresh=index in 0..15 out=0xffecaad6 ×2
2026-08-21T16:27:03.083 [term-indexed] branch=ansi16 index=14 rgb=245,145,178 luma=178 chroma=100 thresh=index in 0..15 out=0xfff591b2 ×2
2026-08-21T16:27:03.084 [term-indexed] branch=ansi16 index=15 rgb=255,255,255 luma=255 chroma=0 thresh=index in 0..15 out=0xffffffff ×2
2026-08-21T16:27:03.084 [term-indexed] branch=fallthrough-project index=16 rgb=0,0,0 luma=0 chroma=0 thresh=index not in {0,16,254,231,253,255} and not (bg && 0..15) out=0xff7e7e7e
2026-08-21T16:27:03.084 [term-indexed] branch=screen-black index=16 rgb=0,0,0 luma=0 chroma=0 thresh=index in {0,16} lumaMax=32 out=0xff101010
2026-08-21T16:27:03.084 [term-indexed] branch=fallthrough-project index=17 rgb=0,0,95 luma=10 chroma=95 thresh=index not in {0,16,254,231,253,255} and not (bg && 0..15) out=0xffaca1cf
2026-08-21T16:27:03.085 [term-guard-bg] branch=luma-screen-black rgb=0,0,95 luma=10 chroma=95 thresh=luma=10<=32 chroma=95 vs achromaMax=8 lumaMin=220 out=0xff101010
2026-08-21T16:27:03.085 [term-indexed] branch=fallthrough-guardRgbBg index=17 rgb=0,0,95 luma=10 chroma=95 thresh=index not in {0,16,254,231,253,255} and not (bg && 0..15) out=0xff101010
2026-08-21T16:27:03.085 [term-indexed] branch=fallthrough-project index=18 rgb=0,0,135 luma=15 chroma=135 thresh=index not in {0,16,254,231,253,255} and not (bg && 0..15) out=0xffaca1cf
2026-08-21T16:27:03.085 [term-guard-bg] branch=luma-screen-black rgb=0,0,135 luma=15 chroma=135 thresh=luma=15<=32 chroma=135 vs achromaMax=8 lumaMin=220 out=0xff101010
2026-08-21T16:27:03.085 [term-indexed] branch=fallthrough-guardRgbBg index=18 rgb=0,0,135 luma=15 chroma=135 thresh=index not in {0,16,254,231,253,255} and not (bg && 0..15) out=0xff101010
2026-08-21T16:27:03.085 [term-indexed] branch=fallthrough-project index=19 rgb=0,0,175 luma=19 chroma=175 thresh=index not in {0,16,254,231,253,255} and not (bg && 0..15) out=0xffaca1cf
2026-08-21T16:27:03.086 [term-guard-bg] branch=luma-screen-black rgb=0,0,175 luma=19 chroma=175 thresh=luma=19<=32 chroma=175 vs achromaMax=8 lumaMin=220 out=0xff101010
2026-08-21T16:27:03.086 [term-indexed] branch=fallthrough-guardRgbBg index=19 rgb=0,0,175 luma=19 chroma=175 thresh=index not in {0,16,254,231,253,255} and not (bg && 0..15) out=0xff101010
2026-08-21T16:27:03.086 [term-indexed] branch=fallthrough-project index=20 rgb=0,0,215 luma=24 chroma=215 thresh=index not in {0,16,254,231,253,255} and not (bg && 0..15) out=0xffaca1cf
2026-08-21T16:27:03.086 [term-guard-bg] branch=luma-screen-black rgb=0,0,215 luma=24 chroma=215 thresh=luma=24<=32 chroma=215 vs achromaMax=8 lumaMin=220 out=0xff101010
2026-08-21T16:27:03.086 [term-indexed] branch=fallthrough-guardRgbBg index=20 rgb=0,0,215 luma=24 chroma=215 thresh=index not in {0,16,254,231,253,255} and not (bg && 0..15) out=0xff101010
2026-08-21T16:27:03.086 [term-indexed] branch=fallthrough-project index=21 rgb=0,0,255 luma=29 chroma=255 thresh=index not in {0,16,254,231,253,255} and not (bg && 0..15) out=0xffaca1cf
2026-08-21T16:27:03.086 [term-guard-bg] branch=luma-screen-black rgb=0,0,255 luma=29 chroma=255 thresh=luma=29<=32 chroma=255 vs achromaMax=8 lumaMin=220 out=0xff101010
2026-08-21T16:27:03.087 [term-indexed] branch=fallthrough-guardRgbBg index=21 rgb=0,0,255 luma=29 chroma=255 thresh=index not in {0,16,254,231,253,255} and not (bg && 0..15) out=0xff101010
2026-08-21T16:27:03.087 [term-indexed] branch=fallthrough-project index=22 rgb=0,95,0 luma=55 chroma=95 thresh=index not in {0,16,254,231,253,255} and not (bg && 0..15) out=0xffaca1cf
2026-08-21T16:27:03.088 [term-guard-bg] branch=project rgb=0,95,0 luma=55 chroma=95 thresh=luma=55 in (32,220) chroma=95 vs achromaMax=8 out=0xffaca1cf
2026-08-21T16:27:03.088 [term-indexed] branch=fallthrough-guardRgbBg index=22 rgb=0,95,0 luma=55 chroma=95 thresh=index not in {0,16,254,231,253,255} and not (bg && 0..15) out=0xffaca1cf
2026-08-21T16:27:03.088 [term-indexed] branch=fallthrough-project index=23 rgb=0,95,95 luma=66 chroma=95 thresh=index not in {0,16,254,231,253,255} and not (bg && 0..15) out=0xff7e7e7e
2026-08-21T16:27:03.088 [term-guard-bg] branch=project rgb=0,95,95 luma=66 chroma=95 thresh=luma=66 in (32,220) chroma=95 vs achromaMax=8 out=0xff7e7e7e
2026-08-21T16:27:03.088 [term-indexed] branch=fallthrough-guardRgbBg index=23 rgb=0,95,95 luma=66 chroma=95 thresh=index not in {0,16,254,231,253,255} and not (bg && 0..15) out=0xff7e7e7e
2026-08-21T16:27:03.089 [term-indexed] branch=fallthrough-project index=24 rgb=0,95,135 luma=71 chroma=135 thresh=index not in {0,16,254,231,253,255} and not (bg && 0..15) out=0xffaca1cf
2026-08-21T16:27:03.089 [term-guard-bg] branch=project rgb=0,95,135 luma=71 chroma=135 thresh=luma=71 in (32,220) chroma=135 vs achromaMax=8 out=0xffaca1cf
2026-08-21T16:27:03.090 [term-indexed] branch=fallthrough-guardRgbBg index=24 rgb=0,95,135 luma=71 chroma=135 thresh=index not in {0,16,254,231,253,255} and not (bg && 0..15) out=0xffaca1cf
2026-08-21T16:27:03.090 [term-indexed] branch=fallthrough-project index=25 rgb=0,95,175 luma=75 chroma=175 thresh=index not in {0,16,254,231,253,255} and not (bg && 0..15) out=0xffaca1cf
2026-08-21T16:27:03.090 [term-guard-bg] branch=project rgb=0,95,175 luma=75 chroma=175 thresh=luma=75 in (32,220) chroma=175 vs achromaMax=8 out=0xffaca1cf
2026-08-21T16:27:03.090 [term-indexed] branch=fallthrough-guardRgbBg index=25 rgb=0,95,175 luma=75 chroma=175 thresh=index not in {0,16,254,231,253,255} and not (bg && 0..15) out=0xffaca1cf
2026-08-21T16:27:03.091 [term-indexed] branch=fallthrough-project index=26 rgb=0,95,215 luma=80 chroma=215 thresh=index not in {0,16,254,231,253,255} and not (bg && 0..15) out=0xffaca1cf
2026-08-21T16:27:03.091 [term-guard-bg] branch=project rgb=0,95,215 luma=80 chroma=215 thresh=luma=80 in (32,220) chroma=215 vs achromaMax=8 out=0xffaca1cf
2026-08-21T16:27:03.091 [term-indexed] branch=fallthrough-guardRgbBg index=26 rgb=0,95,215 luma=80 chroma=215 thresh=index not in {0,16,254,231,253,255} and not (bg && 0..15) out=0xffaca1cf
2026-08-21T16:27:03.091 [term-indexed] branch=fallthrough-project index=27 rgb=0,95,255 luma=84 chroma=255 thresh=index not in {0,16,254,231,253,255} and not (bg && 0..15) out=0xffaca1cf
2026-08-21T16:27:03.091 [term-guard-bg] branch=project rgb=0,95,255 luma=84 chroma=255 thresh=luma=84 in (32,220) chroma=255 vs achromaMax=8 out=0xffaca1cf
2026-08-21T16:27:03.092 [term-indexed] branch=fallthrough-guardRgbBg index=27 rgb=0,95,255 luma=84 chroma=255 thresh=index not in {0,16,254,231,253,255} and not (bg && 0..15) out=0xffaca1cf
2026-08-21T16:27:03.092 [term-indexed] branch=fallthrough-project index=28 rgb=0,135,0 luma=79 chroma=135 thresh=index not in {0,16,254,231,253,255} and not (bg && 0..15) out=0xffaca1cf
2026-08-21T16:27:03.092 [term-guard-bg] branch=project rgb=0,135,0 luma=79 chroma=135 thresh=luma=79 in (32,220) chroma=135 vs achromaMax=8 out=0xffaca1cf
2026-08-21T16:27:03.092 [term-indexed] branch=fallthrough-guardRgbBg index=28 rgb=0,135,0 luma=79 chroma=135 thresh=index not in {0,16,254,231,253,255} and not (bg && 0..15) out=0xffaca1cf
2026-08-21T16:27:03.092 [term-indexed] branch=fallthrough-project index=29 rgb=0,135,95 luma=90 chroma=135 thresh=index not in {0,16,254,231,253,255} and not (bg && 0..15) out=0xffaca1cf
2026-08-21T16:27:03.092 [term-guard-bg] branch=project rgb=0,135,95 luma=90 chroma=135 thresh=luma=90 in (32,220) chroma=135 vs achromaMax=8 out=0xffaca1cf
2026-08-21T16:27:03.092 [term-indexed] branch=fallthrough-guardRgbBg index=29 rgb=0,135,95 luma=90 chroma=135 thresh=index not in {0,16,254,231,253,255} and not (bg && 0..15) out=0xffaca1cf
2026-08-21T16:27:03.092 [term-indexed] branch=fallthrough-project index=30 rgb=0,135,135 luma=94 chroma=135 thresh=index not in {0,16,254,231,253,255} and not (bg && 0..15) out=0xffaca1cf
2026-08-21T16:27:03.092 [term-guard-bg] branch=project rgb=0,135,135 luma=94 chroma=135 thresh=luma=94 in (32,220) chroma=135 vs achromaMax=8 out=0xffaca1cf
2026-08-21T16:27:03.092 [term-indexed] branch=fallthrough-guardRgbBg index=30 rgb=0,135,135 luma=94 chroma=135 thresh=index not in {0,16,254,231,253,255} and not (bg && 0..15) out=0xffaca1cf
2026-08-21T16:27:03.092 [term-indexed] branch=fallthrough-project index=31 rgb=0,135,175 luma=99 chroma=175 thresh=index not in {0,16,254,231,253,255} and not (bg && 0..15) out=0xffaca1cf
2026-08-21T16:27:03.092 [term-guard-bg] branch=project rgb=0,135,175 luma=99 chroma=175 thresh=luma=99 in (32,220) chroma=175 vs achromaMax=8 out=0xffaca1cf
2026-08-21T16:27:03.092 [term-indexed] branch=fallthrough-guardRgbBg index=31 rgb=0,135,175 luma=99 chroma=175 thresh=index not in {0,16,254,231,253,255} and not (bg && 0..15) out=0xffaca1cf
2026-08-21T16:27:03.092 [term-indexed] branch=fallthrough-project index=32 rgb=0,135,215 luma=103 chroma=215 thresh=index not in {0,16,254,231,253,255} and not (bg && 0..15) out=0xffaca1cf
2026-08-21T16:27:03.092 [term-guard-bg] branch=project rgb=0,135,215 luma=103 chroma=215 thresh=luma=103 in (32,220) chroma=215 vs achromaMax=8 out=0xffaca1cf
2026-08-21T16:27:03.092 [term-indexed] branch=fallthrough-guardRgbBg index=32 rgb=0,135,215 luma=103 chroma=215 thresh=index not in {0,16,254,231,253,255} and not (bg && 0..15) out=0xffaca1cf
2026-08-21T16:27:03.093 [term-indexed] branch=fallthrough-project index=33 rgb=0,135,255 luma=108 chroma=255 thresh=index not in {0,16,254,231,253,255} and not (bg && 0..15) out=0xffaca1cf
2026-08-21T16:27:03.093 [term-guard-bg] branch=project rgb=0,135,255 luma=108 chroma=255 thresh=luma=108 in (32,220) chroma=255 vs achromaMax=8 out=0xffaca1cf
2026-08-21T16:27:03.093 [term-indexed] branch=fallthrough-guardRgbBg index=33 rgb=0,135,255 luma=108 chroma=255 thresh=index not in {0,16,254,231,253,255} and not (bg && 0..15) out=0xffaca1cf
2026-08-21T16:27:03.093 [term-indexed] branch=fallthrough-project index=34 rgb=0,175,0 luma=102 chroma=175 thresh=index not in {0,16,254,231,253,255} and not (bg && 0..15) out=0xffe6b99d
2026-08-21T16:27:03.093 [term-guard-bg] branch=project rgb=0,175,0 luma=102 chroma=175 thresh=luma=102 in (32,220) chroma=175 vs achromaMax=8 out=0xffe6b99d
2026-08-21T16:27:03.093 [term-indexed] branch=fallthrough-guardRgbBg index=34 rgb=0,175,0 luma=102 chroma=175 thresh=index not in {0,16,254,231,253,255} and not (bg && 0..15) out=0xffe6b99d
2026-08-21T16:27:03.093 [term-indexed] branch=fallthrough-project index=35 rgb=0,175,95 luma=113 chroma=175 thresh=index not in {0,16,254,231,253,255} and not (bg && 0..15) out=0xffaca1cf
2026-08-21T16:27:03.093 [term-guard-bg] branch=project rgb=0,175,95 luma=113 chroma=175 thresh=luma=113 in (32,220) chroma=175 vs achromaMax=8 out=0xffaca1cf
2026-08-21T16:27:03.093 [term-indexed] branch=fallthrough-guardRgbBg index=35 rgb=0,175,95 luma=113 chroma=175 thresh=index not in {0,16,254,231,253,255} and not (bg && 0..15) out=0xffaca1cf
2026-08-21T16:27:03.093 [term-indexed] branch=fallthrough-project index=36 rgb=0,175,135 luma=118 chroma=175 thresh=index not in {0,16,254,231,253,255} and not (bg && 0..15) out=0xffaca1cf
2026-08-21T16:27:03.093 [term-guard-bg] branch=project rgb=0,175,135 luma=118 chroma=175 thresh=luma=118 in (32,220) chroma=175 vs achromaMax=8 out=0xffaca1cf
2026-08-21T16:27:03.093 [term-indexed] branch=fallthrough-guardRgbBg index=36 rgb=0,175,135 luma=118 chroma=175 thresh=index not in {0,16,254,231,253,255} and not (bg && 0..15) out=0xffaca1cf
2026-08-21T16:27:03.093 [term-indexed] branch=fallthrough-project index=37 rgb=0,175,175 luma=122 chroma=175 thresh=index not in {0,16,254,231,253,255} and not (bg && 0..15) out=0xffaca1cf
2026-08-21T16:27:03.093 [term-guard-bg] branch=project rgb=0,175,175 luma=122 chroma=175 thresh=luma=122 in (32,220) chroma=175 vs achromaMax=8 out=0xffaca1cf
2026-08-21T16:27:03.093 [term-indexed] branch=fallthrough-guardRgbBg index=37 rgb=0,175,175 luma=122 chroma=175 thresh=index not in {0,16,254,231,253,255} and not (bg && 0..15) out=0xffaca1cf
2026-08-21T16:27:03.094 [term-indexed] branch=fallthrough-project index=38 rgb=0,175,215 luma=127 chroma=215 thresh=index not in {0,16,254,231,253,255} and not (bg && 0..15) out=0xffaca1cf
2026-08-21T16:27:03.094 [term-guard-bg] branch=project rgb=0,175,215 luma=127 chroma=215 thresh=luma=127 in (32,220) chroma=215 vs achromaMax=8 out=0xffaca1cf
2026-08-21T16:27:03.094 [term-indexed] branch=fallthrough-guardRgbBg index=38 rgb=0,175,215 luma=127 chroma=215 thresh=index not in {0,16,254,231,253,255} and not (bg && 0..15) out=0xffaca1cf
2026-08-21T16:27:03.094 [term-indexed] branch=fallthrough-project index=39 rgb=0,175,255 luma=131 chroma=255 thresh=index not in {0,16,254,231,253,255} and not (bg && 0..15) out=0xffaca1cf
2026-08-21T16:27:03.094 [term-guard-bg] branch=project rgb=0,175,255 luma=131 chroma=255 thresh=luma=131 in (32,220) chroma=255 vs achromaMax=8 out=0xffaca1cf
2026-08-21T16:27:03.094 [term-indexed] branch=fallthrough-guardRgbBg index=39 rgb=0,175,255 luma=131 chroma=255 thresh=index not in {0,16,254,231,253,255} and not (bg && 0..15) out=0xffaca1cf
2026-08-21T16:27:03.094 [term-indexed] branch=fallthrough-project index=40 rgb=0,215,0 luma=126 chroma=215 thresh=index not in {0,16,254,231,253,255} and not (bg && 0..15) out=0xff99ffe4
2026-08-21T16:27:03.094 [term-guard-bg] branch=project rgb=0,215,0 luma=126 chroma=215 thresh=luma=126 in (32,220) chroma=215 vs achromaMax=8 out=0xff99ffe4
2026-08-21T16:27:03.094 [term-indexed] branch=fallthrough-guardRgbBg index=40 rgb=0,215,0 luma=126 chroma=215 thresh=index not in {0,16,254,231,253,255} and not (bg && 0..15) out=0xff99ffe4
2026-08-21T16:27:03.094 [term-indexed] branch=fallthrough-project index=41 rgb=0,215,95 luma=137 chroma=215 thresh=index not in {0,16,254,231,253,255} and not (bg && 0..15) out=0xff99ffe4
2026-08-21T16:27:03.095 [term-guard-bg] branch=project rgb=0,215,95 luma=137 chroma=215 thresh=luma=137 in (32,220) chroma=215 vs achromaMax=8 out=0xff99ffe4
2026-08-21T16:27:03.095 [term-indexed] branch=fallthrough-guardRgbBg index=41 rgb=0,215,95 luma=137 chroma=215 thresh=index not in {0,16,254,231,253,255} and not (bg && 0..15) out=0xff99ffe4
2026-08-21T16:27:03.095 [term-indexed] branch=fallthrough-project index=42 rgb=0,215,135 luma=141 chroma=215 thresh=index not in {0,16,254,231,253,255} and not (bg && 0..15) out=0xff99ffe4
2026-08-21T16:27:03.095 [term-guard-bg] branch=project rgb=0,215,135 luma=141 chroma=215 thresh=luma=141 in (32,220) chroma=215 vs achromaMax=8 out=0xff99ffe4
2026-08-21T16:27:03.095 [term-indexed] branch=fallthrough-guardRgbBg index=42 rgb=0,215,135 luma=141 chroma=215 thresh=index not in {0,16,254,231,253,255} and not (bg && 0..15) out=0xff99ffe4
2026-08-21T16:27:03.095 [term-indexed] branch=fallthrough-project index=43 rgb=0,215,175 luma=146 chroma=215 thresh=index not in {0,16,254,231,253,255} and not (bg && 0..15) out=0xff99ffe4
2026-08-21T16:27:03.095 [term-guard-bg] branch=project rgb=0,215,175 luma=146 chroma=215 thresh=luma=146 in (32,220) chroma=215 vs achromaMax=8 out=0xff99ffe4
2026-08-21T16:27:03.095 [term-indexed] branch=fallthrough-guardRgbBg index=43 rgb=0,215,175 luma=146 chroma=215 thresh=index not in {0,16,254,231,253,255} and not (bg && 0..15) out=0xff99ffe4
2026-08-21T16:27:03.095 [term-indexed] branch=fallthrough-project index=44 rgb=0,215,215 luma=150 chroma=215 thresh=index not in {0,16,254,231,253,255} and not (bg && 0..15) out=0xff99ffe4
2026-08-21T16:27:03.095 [term-guard-bg] branch=project rgb=0,215,215 luma=150 chroma=215 thresh=luma=150 in (32,220) chroma=215 vs achromaMax=8 out=0xff99ffe4
2026-08-21T16:27:03.096 [term-indexed] branch=fallthrough-guardRgbBg index=44 rgb=0,215,215 luma=150 chroma=215 thresh=index not in {0,16,254,231,253,255} and not (bg && 0..15) out=0xff99ffe4
2026-08-21T16:27:03.096 [term-indexed] branch=fallthrough-project index=45 rgb=0,215,255 luma=155 chroma=255 thresh=index not in {0,16,254,231,253,255} and not (bg && 0..15) out=0xffb9aeda
2026-08-21T16:27:03.096 [term-guard-bg] branch=project rgb=0,215,255 luma=155 chroma=255 thresh=luma=155 in (32,220) chroma=255 vs achromaMax=8 out=0xffb9aeda
2026-08-21T16:27:03.096 [term-indexed] branch=fallthrough-guardRgbBg index=45 rgb=0,215,255 luma=155 chroma=255 thresh=index not in {0,16,254,231,253,255} and not (bg && 0..15) out=0xffb9aeda
2026-08-21T16:27:03.096 [term-indexed] branch=fallthrough-project index=46 rgb=0,255,0 luma=149 chroma=255 thresh=index not in {0,16,254,231,253,255} and not (bg && 0..15) out=0xff99ffe4
2026-08-21T16:27:03.096 [term-guard-bg] branch=project rgb=0,255,0 luma=149 chroma=255 thresh=luma=149 in (32,220) chroma=255 vs achromaMax=8 out=0xff99ffe4
2026-08-21T16:27:03.096 [term-indexed] branch=fallthrough-guardRgbBg index=46 rgb=0,255,0 luma=149 chroma=255 thresh=index not in {0,16,254,231,253,255} and not (bg && 0..15) out=0xff99ffe4
2026-08-21T16:27:03.096 [term-indexed] branch=fallthrough-project index=47 rgb=0,255,95 luma=160 chroma=255 thresh=index not in {0,16,254,231,253,255} and not (bg && 0..15) out=0xff99ffe4
2026-08-21T16:27:03.096 [term-guard-bg] branch=project rgb=0,255,95 luma=160 chroma=255 thresh=luma=160 in (32,220) chroma=255 vs achromaMax=8 out=0xff99ffe4
2026-08-21T16:27:03.096 [term-indexed] branch=fallthrough-guardRgbBg index=47 rgb=0,255,95 luma=160 chroma=255 thresh=index not in {0,16,254,231,253,255} and not (bg && 0..15) out=0xff99ffe4
2026-08-21T16:27:03.096 [term-indexed] branch=fallthrough-project index=48 rgb=0,255,135 luma=165 chroma=255 thresh=index not in {0,16,254,231,253,255} and not (bg && 0..15) out=0xff99ffe4
2026-08-21T16:27:03.096 [term-guard-bg] branch=project rgb=0,255,135 luma=165 chroma=255 thresh=luma=165 in (32,220) chroma=255 vs achromaMax=8 out=0xff99ffe4
2026-08-21T16:27:03.096 [term-indexed] branch=fallthrough-guardRgbBg index=48 rgb=0,255,135 luma=165 chroma=255 thresh=index not in {0,16,254,231,253,255} and not (bg && 0..15) out=0xff99ffe4
2026-08-21T16:27:03.096 [term-indexed] branch=fallthrough-project index=49 rgb=0,255,175 luma=169 chroma=255 thresh=index not in {0,16,254,231,253,255} and not (bg && 0..15) out=0xff99ffe4
2026-08-21T16:27:03.096 [term-guard-bg] branch=project rgb=0,255,175 luma=169 chroma=255 thresh=luma=169 in (32,220) chroma=255 vs achromaMax=8 out=0xff99ffe4
2026-08-21T16:27:03.097 [term-indexed] branch=fallthrough-guardRgbBg index=49 rgb=0,255,175 luma=169 chroma=255 thresh=index not in {0,16,254,231,253,255} and not (bg && 0..15) out=0xff99ffe4
2026-08-21T16:27:03.097 [term-indexed] branch=fallthrough-project index=50 rgb=0,255,215 luma=174 chroma=255 thresh=index not in {0,16,254,231,253,255} and not (bg && 0..15) out=0xff99ffe4
2026-08-21T16:27:03.097 [term-guard-bg] branch=project rgb=0,255,215 luma=174 chroma=255 thresh=luma=174 in (32,220) chroma=255 vs achromaMax=8 out=0xff99ffe4
2026-08-21T16:27:03.097 [term-indexed] branch=fallthrough-guardRgbBg index=50 rgb=0,255,215 luma=174 chroma=255 thresh=index not in {0,16,254,231,253,255} and not (bg && 0..15) out=0xff99ffe4
2026-08-21T16:27:03.097 [term-indexed] branch=fallthrough-project index=51 rgb=0,255,255 luma=178 chroma=255 thresh=index not in {0,16,254,231,253,255} and not (bg && 0..15) out=0xff99ffe4
2026-08-21T16:27:03.097 [term-guard-bg] branch=project rgb=0,255,255 luma=178 chroma=255 thresh=luma=178 in (32,220) chroma=255 vs achromaMax=8 out=0xff99ffe4
2026-08-21T16:27:03.097 [term-indexed] branch=fallthrough-guardRgbBg index=51 rgb=0,255,255 luma=178 chroma=255 thresh=index not in {0,16,254,231,253,255} and not (bg && 0..15) out=0xff99ffe4
2026-08-21T16:27:03.097 [term-indexed] branch=fallthrough-project index=52 rgb=95,0,0 luma=28 chroma=95 thresh=index not in {0,16,254,231,253,255} and not (bg && 0..15) out=0xffea83a5
2026-08-21T16:27:03.097 [term-guard-bg] branch=luma-screen-black rgb=95,0,0 luma=28 chroma=95 thresh=luma=28<=32 chroma=95 vs achromaMax=8 lumaMin=220 out=0xff101010
2026-08-21T16:27:03.097 [term-indexed] branch=fallthrough-guardRgbBg index=52 rgb=95,0,0 luma=28 chroma=95 thresh=index not in {0,16,254,231,253,255} and not (bg && 0..15) out=0xff101010
2026-08-21T16:27:03.097 [term-indexed] branch=fallthrough-project index=53 rgb=95,0,95 luma=39 chroma=95 thresh=index not in {0,16,254,231,253,255} and not (bg && 0..15) out=0xffea83a5
2026-08-21T16:27:03.097 [term-guard-bg] branch=project rgb=95,0,95 luma=39 chroma=95 thresh=luma=39 in (32,220) chroma=95 vs achromaMax=8 out=0xffea83a5
2026-08-21T16:27:03.097 [term-indexed] branch=fallthrough-guardRgbBg index=53 rgb=95,0,95 luma=39 chroma=95 thresh=index not in {0,16,254,231,253,255} and not (bg && 0..15) out=0xffea83a5
2026-08-21T16:27:03.097 [term-indexed] branch=fallthrough-project index=54 rgb=95,0,135 luma=43 chroma=135 thresh=index not in {0,16,254,231,253,255} and not (bg && 0..15) out=0xffaca1cf
2026-08-21T16:27:03.097 [term-guard-bg] branch=project rgb=95,0,135 luma=43 chroma=135 thresh=luma=43 in (32,220) chroma=135 vs achromaMax=8 out=0xffaca1cf
2026-08-21T16:27:03.097 [term-indexed] branch=fallthrough-guardRgbBg index=54 rgb=95,0,135 luma=43 chroma=135 thresh=index not in {0,16,254,231,253,255} and not (bg && 0..15) out=0xffaca1cf
2026-08-21T16:27:03.098 [term-indexed] branch=fallthrough-project index=55 rgb=95,0,175 luma=48 chroma=175 thresh=index not in {0,16,254,231,253,255} and not (bg && 0..15) out=0xffaca1cf
2026-08-21T16:27:03.098 [term-guard-bg] branch=project rgb=95,0,175 luma=48 chroma=175 thresh=luma=48 in (32,220) chroma=175 vs achromaMax=8 out=0xffaca1cf
2026-08-21T16:27:03.098 [term-indexed] branch=fallthrough-guardRgbBg index=55 rgb=95,0,175 luma=48 chroma=175 thresh=index not in {0,16,254,231,253,255} and not (bg && 0..15) out=0xffaca1cf
2026-08-21T16:27:03.098 [term-indexed] branch=fallthrough-project index=56 rgb=95,0,215 luma=52 chroma=215 thresh=index not in {0,16,254,231,253,255} and not (bg && 0..15) out=0xffaca1cf
2026-08-21T16:27:03.098 [term-guard-bg] branch=project rgb=95,0,215 luma=52 chroma=215 thresh=luma=52 in (32,220) chroma=215 vs achromaMax=8 out=0xffaca1cf
2026-08-21T16:27:03.098 [term-indexed] branch=fallthrough-guardRgbBg index=56 rgb=95,0,215 luma=52 chroma=215 thresh=index not in {0,16,254,231,253,255} and not (bg && 0..15) out=0xffaca1cf
2026-08-21T16:27:03.098 [term-indexed] branch=fallthrough-project index=57 rgb=95,0,255 luma=57 chroma=255 thresh=index not in {0,16,254,231,253,255} and not (bg && 0..15) out=0xffaca1cf
2026-08-21T16:27:03.098 [term-guard-bg] branch=project rgb=95,0,255 luma=57 chroma=255 thresh=luma=57 in (32,220) chroma=255 vs achromaMax=8 out=0xffaca1cf
2026-08-21T16:27:03.098 [term-indexed] branch=fallthrough-guardRgbBg index=57 rgb=95,0,255 luma=57 chroma=255 thresh=index not in {0,16,254,231,253,255} and not (bg && 0..15) out=0xffaca1cf
2026-08-21T16:27:03.098 [term-indexed] branch=fallthrough-project index=58 rgb=95,95,0 luma=84 chroma=95 thresh=index not in {0,16,254,231,253,255} and not (bg && 0..15) out=0xffaca1cf
2026-08-21T16:27:03.098 [term-guard-bg] branch=project rgb=95,95,0 luma=84 chroma=95 thresh=luma=84 in (32,220) chroma=95 vs achromaMax=8 out=0xffaca1cf
2026-08-21T16:27:03.098 [term-indexed] branch=fallthrough-guardRgbBg index=58 rgb=95,95,0 luma=84 chroma=95 thresh=index not in {0,16,254,231,253,255} and not (bg && 0..15) out=0xffaca1cf
2026-08-21T16:27:03.098 [term-indexed] branch=fallthrough-project index=59 rgb=95,95,95 luma=95 chroma=0 thresh=index not in {0,16,254,231,253,255} and not (bg && 0..15) out=0xff7e7e7e
2026-08-21T16:27:03.098 [term-guard-bg] branch=project rgb=95,95,95 luma=95 chroma=0 thresh=luma=95 in (32,220) chroma=0 vs achromaMax=8 out=0xff7e7e7e
2026-08-21T16:27:03.098 [term-indexed] branch=fallthrough-guardRgbBg index=59 rgb=95,95,95 luma=95 chroma=0 thresh=index not in {0,16,254,231,253,255} and not (bg && 0..15) out=0xff7e7e7e
2026-08-21T16:27:03.098 [term-indexed] branch=fallthrough-project index=60 rgb=95,95,135 luma=99 chroma=40 thresh=index not in {0,16,254,231,253,255} and not (bg && 0..15) out=0xff7e7e7e
2026-08-21T16:27:03.099 [term-guard-bg] branch=project rgb=95,95,135 luma=99 chroma=40 thresh=luma=99 in (32,220) chroma=40 vs achromaMax=8 out=0xff7e7e7e
2026-08-21T16:27:03.099 [term-indexed] branch=fallthrough-guardRgbBg index=60 rgb=95,95,135 luma=99 chroma=40 thresh=index not in {0,16,254,231,253,255} and not (bg && 0..15) out=0xff7e7e7e
2026-08-21T16:27:03.099 [term-indexed] branch=fallthrough-project index=61 rgb=95,95,175 luma=104 chroma=80 thresh=index not in {0,16,254,231,253,255} and not (bg && 0..15) out=0xffaca1cf
2026-08-21T16:27:03.099 [term-guard-bg] branch=project rgb=95,95,175 luma=104 chroma=80 thresh=luma=104 in (32,220) chroma=80 vs achromaMax=8 out=0xffaca1cf
2026-08-21T16:27:03.099 [term-indexed] branch=fallthrough-guardRgbBg index=61 rgb=95,95,175 luma=104 chroma=80 thresh=index not in {0,16,254,231,253,255} and not (bg && 0..15) out=0xffaca1cf
2026-08-21T16:27:03.099 [term-indexed] branch=fallthrough-project index=62 rgb=95,95,215 luma=108 chroma=120 thresh=index not in {0,16,254,231,253,255} and not (bg && 0..15) out=0xffaca1cf
2026-08-21T16:27:03.099 [term-guard-bg] branch=project rgb=95,95,215 luma=108 chroma=120 thresh=luma=108 in (32,220) chroma=120 vs achromaMax=8 out=0xffaca1cf
2026-08-21T16:27:03.099 [term-indexed] branch=fallthrough-guardRgbBg index=62 rgb=95,95,215 luma=108 chroma=120 thresh=index not in {0,16,254,231,253,255} and not (bg && 0..15) out=0xffaca1cf
2026-08-21T16:27:03.099 [term-indexed] branch=fallthrough-project index=63 rgb=95,95,255 luma=113 chroma=160 thresh=index not in {0,16,254,231,253,255} and not (bg && 0..15) out=0xffaca1cf
2026-08-21T16:27:03.099 [term-guard-bg] branch=project rgb=95,95,255 luma=113 chroma=160 thresh=luma=113 in (32,220) chroma=160 vs achromaMax=8 out=0xffaca1cf
2026-08-21T16:27:03.099 [term-indexed] branch=fallthrough-guardRgbBg index=63 rgb=95,95,255 luma=113 chroma=160 thresh=index not in {0,16,254,231,253,255} and not (bg && 0..15) out=0xffaca1cf
2026-08-21T16:27:03.099 [term-indexed] branch=fallthrough-project index=64 rgb=95,135,0 luma=107 chroma=135 thresh=index not in {0,16,254,231,253,255} and not (bg && 0..15) out=0xffaca1cf
2026-08-21T16:27:03.099 [term-guard-bg] branch=project rgb=95,135,0 luma=107 chroma=135 thresh=luma=107 in (32,220) chroma=135 vs achromaMax=8 out=0xffaca1cf
2026-08-21T16:27:03.099 [term-indexed] branch=fallthrough-guardRgbBg index=64 rgb=95,135,0 luma=107 chroma=135 thresh=index not in {0,16,254,231,253,255} and not (bg && 0..15) out=0xffaca1cf
2026-08-21T16:27:03.099 [term-indexed] branch=fallthrough-project index=65 rgb=95,135,95 luma=118 chroma=40 thresh=index not in {0,16,254,231,253,255} and not (bg && 0..15) out=0xff7e7e7e
2026-08-21T16:27:03.099 [term-guard-bg] branch=project rgb=95,135,95 luma=118 chroma=40 thresh=luma=118 in (32,220) chroma=40 vs achromaMax=8 out=0xff7e7e7e
2026-08-21T16:27:03.099 [term-indexed] branch=fallthrough-guardRgbBg index=65 rgb=95,135,95 luma=118 chroma=40 thresh=index not in {0,16,254,231,253,255} and not (bg && 0..15) out=0xff7e7e7e
2026-08-21T16:27:03.100 [term-indexed] branch=fallthrough-project index=66 rgb=95,135,135 luma=123 chroma=40 thresh=index not in {0,16,254,231,253,255} and not (bg && 0..15) out=0xff7e7e7e
2026-08-21T16:27:03.100 [term-guard-bg] branch=project rgb=95,135,135 luma=123 chroma=40 thresh=luma=123 in (32,220) chroma=40 vs achromaMax=8 out=0xff7e7e7e
2026-08-21T16:27:03.100 [term-indexed] branch=fallthrough-guardRgbBg index=66 rgb=95,135,135 luma=123 chroma=40 thresh=index not in {0,16,254,231,253,255} and not (bg && 0..15) out=0xff7e7e7e
2026-08-21T16:27:03.100 [term-indexed] branch=fallthrough-project index=67 rgb=95,135,175 luma=127 chroma=80 thresh=index not in {0,16,254,231,253,255} and not (bg && 0..15) out=0xff7e7e7e
2026-08-21T16:27:03.100 [term-guard-bg] branch=project rgb=95,135,175 luma=127 chroma=80 thresh=luma=127 in (32,220) chroma=80 vs achromaMax=8 out=0xff7e7e7e
2026-08-21T16:27:03.100 [term-indexed] branch=fallthrough-guardRgbBg index=67 rgb=95,135,175 luma=127 chroma=80 thresh=index not in {0,16,254,231,253,255} and not (bg && 0..15) out=0xff7e7e7e
2026-08-21T16:27:03.100 [term-indexed] branch=fallthrough-project index=68 rgb=95,135,215 luma=132 chroma=120 thresh=index not in {0,16,254,231,253,255} and not (bg && 0..15) out=0xffaca1cf
2026-08-21T16:27:03.100 [term-guard-bg] branch=project rgb=95,135,215 luma=132 chroma=120 thresh=luma=132 in (32,220) chroma=120 vs achromaMax=8 out=0xffaca1cf
2026-08-21T16:27:03.100 [term-indexed] branch=fallthrough-guardRgbBg index=68 rgb=95,135,215 luma=132 chroma=120 thresh=index not in {0,16,254,231,253,255} and not (bg && 0..15) out=0xffaca1cf
2026-08-21T16:27:03.100 [term-indexed] branch=fallthrough-project index=69 rgb=95,135,255 luma=136 chroma=160 thresh=index not in {0,16,254,231,253,255} and not (bg && 0..15) out=0xffaca1cf
2026-08-21T16:27:03.100 [term-guard-bg] branch=project rgb=95,135,255 luma=136 chroma=160 thresh=luma=136 in (32,220) chroma=160 vs achromaMax=8 out=0xffaca1cf
2026-08-21T16:27:03.100 [term-indexed] branch=fallthrough-guardRgbBg index=69 rgb=95,135,255 luma=136 chroma=160 thresh=index not in {0,16,254,231,253,255} and not (bg && 0..15) out=0xffaca1cf
2026-08-21T16:27:03.100 [term-indexed] branch=fallthrough-project index=70 rgb=95,175,0 luma=131 chroma=175 thresh=index not in {0,16,254,231,253,255} and not (bg && 0..15) out=0xffe6b99d
2026-08-21T16:27:03.100 [term-guard-bg] branch=project rgb=95,175,0 luma=131 chroma=175 thresh=luma=131 in (32,220) chroma=175 vs achromaMax=8 out=0xffe6b99d
2026-08-21T16:27:03.100 [term-indexed] branch=fallthrough-guardRgbBg index=70 rgb=95,175,0 luma=131 chroma=175 thresh=index not in {0,16,254,231,253,255} and not (bg && 0..15) out=0xffe6b99d
2026-08-21T16:27:03.100 [term-indexed] branch=fallthrough-project index=71 rgb=95,175,95 luma=141 chroma=80 thresh=index not in {0,16,254,231,253,255} and not (bg && 0..15) out=0xffe6b99d
2026-08-21T16:27:03.100 [term-guard-bg] branch=project rgb=95,175,95 luma=141 chroma=80 thresh=luma=141 in (32,220) chroma=80 vs achromaMax=8 out=0xffe6b99d
2026-08-21T16:27:03.101 [term-indexed] branch=fallthrough-guardRgbBg index=71 rgb=95,175,95 luma=141 chroma=80 thresh=index not in {0,16,254,231,253,255} and not (bg && 0..15) out=0xffe6b99d
2026-08-21T16:27:03.101 [term-indexed] branch=fallthrough-project index=72 rgb=95,175,135 luma=146 chroma=80 thresh=index not in {0,16,254,231,253,255} and not (bg && 0..15) out=0xffaca1cf
2026-08-21T16:27:03.101 [term-guard-bg] branch=project rgb=95,175,135 luma=146 chroma=80 thresh=luma=146 in (32,220) chroma=80 vs achromaMax=8 out=0xffaca1cf
2026-08-21T16:27:03.101 [term-indexed] branch=fallthrough-guardRgbBg index=72 rgb=95,175,135 luma=146 chroma=80 thresh=index not in {0,16,254,231,253,255} and not (bg && 0..15) out=0xffaca1cf
2026-08-21T16:27:03.101 [term-indexed] branch=fallthrough-project index=73 rgb=95,175,175 luma=151 chroma=80 thresh=index not in {0,16,254,231,253,255} and not (bg && 0..15) out=0xff90b99f
2026-08-21T16:27:03.101 [term-guard-bg] branch=project rgb=95,175,175 luma=151 chroma=80 thresh=luma=151 in (32,220) chroma=80 vs achromaMax=8 out=0xff90b99f
2026-08-21T16:27:03.101 [term-indexed] branch=fallthrough-guardRgbBg index=73 rgb=95,175,175 luma=151 chroma=80 thresh=index not in {0,16,254,231,253,255} and not (bg && 0..15) out=0xff90b99f
2026-08-21T16:27:03.101 [term-indexed] branch=fallthrough-project index=74 rgb=95,175,215 luma=155 chroma=120 thresh=index not in {0,16,254,231,253,255} and not (bg && 0..15) out=0xffaca1cf
2026-08-21T16:27:03.101 [term-guard-bg] branch=project rgb=95,175,215 luma=155 chroma=120 thresh=luma=155 in (32,220) chroma=120 vs achromaMax=8 out=0xffaca1cf
2026-08-21T16:27:03.101 [term-indexed] branch=fallthrough-guardRgbBg index=74 rgb=95,175,215 luma=155 chroma=120 thresh=index not in {0,16,254,231,253,255} and not (bg && 0..15) out=0xffaca1cf
2026-08-21T16:27:03.101 [term-indexed] branch=fallthrough-project index=75 rgb=95,175,255 luma=160 chroma=160 thresh=index not in {0,16,254,231,253,255} and not (bg && 0..15) out=0xffaca1cf
2026-08-21T16:27:03.101 [term-guard-bg] branch=project rgb=95,175,255 luma=160 chroma=160 thresh=luma=160 in (32,220) chroma=160 vs achromaMax=8 out=0xffaca1cf
2026-08-21T16:27:03.101 [term-indexed] branch=fallthrough-guardRgbBg index=75 rgb=95,175,255 luma=160 chroma=160 thresh=index not in {0,16,254,231,253,255} and not (bg && 0..15) out=0xffaca1cf
2026-08-21T16:27:03.101 [term-indexed] branch=fallthrough-project index=76 rgb=95,215,0 luma=154 chroma=215 thresh=index not in {0,16,254,231,253,255} and not (bg && 0..15) out=0xff99ffe4
2026-08-21T16:27:03.101 [term-guard-bg] branch=project rgb=95,215,0 luma=154 chroma=215 thresh=luma=154 in (32,220) chroma=215 vs achromaMax=8 out=0xff99ffe4
2026-08-21T16:27:03.101 [term-indexed] branch=fallthrough-guardRgbBg index=76 rgb=95,215,0 luma=154 chroma=215 thresh=index not in {0,16,254,231,253,255} and not (bg && 0..15) out=0xff99ffe4
2026-08-21T16:27:03.102 [term-indexed] branch=fallthrough-project index=77 rgb=95,215,95 luma=165 chroma=120 thresh=index not in {0,16,254,231,253,255} and not (bg && 0..15) out=0xff99ffe4
2026-08-21T16:27:03.102 [term-guard-bg] branch=project rgb=95,215,95 luma=165 chroma=120 thresh=luma=165 in (32,220) chroma=120 vs achromaMax=8 out=0xff99ffe4
2026-08-21T16:27:03.102 [term-indexed] branch=fallthrough-guardRgbBg index=77 rgb=95,215,95 luma=165 chroma=120 thresh=index not in {0,16,254,231,253,255} and not (bg && 0..15) out=0xff99ffe4
2026-08-21T16:27:03.102 [term-indexed] branch=fallthrough-project index=78 rgb=95,215,135 luma=170 chroma=120 thresh=index not in {0,16,254,231,253,255} and not (bg && 0..15) out=0xff99ffe4
2026-08-21T16:27:03.102 [term-guard-bg] branch=project rgb=95,215,135 luma=170 chroma=120 thresh=luma=170 in (32,220) chroma=120 vs achromaMax=8 out=0xff99ffe4
2026-08-21T16:27:03.102 [term-indexed] branch=fallthrough-guardRgbBg index=78 rgb=95,215,135 luma=170 chroma=120 thresh=index not in {0,16,254,231,253,255} and not (bg && 0..15) out=0xff99ffe4
2026-08-21T16:27:03.102 [term-indexed] branch=fallthrough-project index=79 rgb=95,215,175 luma=174 chroma=120 thresh=index not in {0,16,254,231,253,255} and not (bg && 0..15) out=0xff99ffe4
2026-08-21T16:27:03.102 [term-guard-bg] branch=project rgb=95,215,175 luma=174 chroma=120 thresh=luma=174 in (32,220) chroma=120 vs achromaMax=8 out=0xff99ffe4
2026-08-21T16:27:03.102 [term-indexed] branch=fallthrough-guardRgbBg index=79 rgb=95,215,175 luma=174 chroma=120 thresh=index not in {0,16,254,231,253,255} and not (bg && 0..15) out=0xff99ffe4
2026-08-21T16:27:03.102 [term-indexed] branch=fallthrough-project index=80 rgb=95,215,215 luma=179 chroma=120 thresh=index not in {0,16,254,231,253,255} and not (bg && 0..15) out=0xff99ffe4
2026-08-21T16:27:03.102 [term-guard-bg] branch=project rgb=95,215,215 luma=179 chroma=120 thresh=luma=179 in (32,220) chroma=120 vs achromaMax=8 out=0xff99ffe4
2026-08-21T16:27:03.102 [term-indexed] branch=fallthrough-guardRgbBg index=80 rgb=95,215,215 luma=179 chroma=120 thresh=index not in {0,16,254,231,253,255} and not (bg && 0..15) out=0xff99ffe4
2026-08-21T16:27:03.103 [term-indexed] branch=fallthrough-project index=81 rgb=95,215,255 luma=183 chroma=160 thresh=index not in {0,16,254,231,253,255} and not (bg && 0..15) out=0xffb9aeda
2026-08-21T16:27:03.103 [term-guard-bg] branch=project rgb=95,215,255 luma=183 chroma=160 thresh=luma=183 in (32,220) chroma=160 vs achromaMax=8 out=0xffb9aeda
2026-08-21T16:27:03.103 [term-indexed] branch=fallthrough-guardRgbBg index=81 rgb=95,215,255 luma=183 chroma=160 thresh=index not in {0,16,254,231,253,255} and not (bg && 0..15) out=0xffb9aeda
2026-08-21T16:27:03.103 [term-indexed] branch=fallthrough-project index=82 rgb=95,255,0 luma=178 chroma=255 thresh=index not in {0,16,254,231,253,255} and not (bg && 0..15) out=0xff99ffe4
2026-08-21T16:27:03.103 [term-guard-bg] branch=project rgb=95,255,0 luma=178 chroma=255 thresh=luma=178 in (32,220) chroma=255 vs achromaMax=8 out=0xff99ffe4
2026-08-21T16:27:03.103 [term-indexed] branch=fallthrough-guardRgbBg index=82 rgb=95,255,0 luma=178 chroma=255 thresh=index not in {0,16,254,231,253,255} and not (bg && 0..15) out=0xff99ffe4
2026-08-21T16:27:03.103 [term-indexed] branch=fallthrough-project index=83 rgb=95,255,95 luma=188 chroma=160 thresh=index not in {0,16,254,231,253,255} and not (bg && 0..15) out=0xff99ffe4
2026-08-21T16:27:03.103 [term-guard-bg] branch=project rgb=95,255,95 luma=188 chroma=160 thresh=luma=188 in (32,220) chroma=160 vs achromaMax=8 out=0xff99ffe4
2026-08-21T16:27:03.103 [term-indexed] branch=fallthrough-guardRgbBg index=83 rgb=95,255,95 luma=188 chroma=160 thresh=index not in {0,16,254,231,253,255} and not (bg && 0..15) out=0xff99ffe4
2026-08-21T16:27:03.103 [term-indexed] branch=fallthrough-project index=84 rgb=95,255,135 luma=193 chroma=160 thresh=index not in {0,16,254,231,253,255} and not (bg && 0..15) out=0xff99ffe4
2026-08-21T16:27:03.103 [term-guard-bg] branch=project rgb=95,255,135 luma=193 chroma=160 thresh=luma=193 in (32,220) chroma=160 vs achromaMax=8 out=0xff99ffe4
2026-08-21T16:27:03.103 [term-indexed] branch=fallthrough-guardRgbBg index=84 rgb=95,255,135 luma=193 chroma=160 thresh=index not in {0,16,254,231,253,255} and not (bg && 0..15) out=0xff99ffe4
2026-08-21T16:27:03.103 [term-indexed] branch=fallthrough-project index=85 rgb=95,255,175 luma=198 chroma=160 thresh=index not in {0,16,254,231,253,255} and not (bg && 0..15) out=0xff99ffe4
2026-08-21T16:27:03.103 [term-guard-bg] branch=project rgb=95,255,175 luma=198 chroma=160 thresh=luma=198 in (32,220) chroma=160 vs achromaMax=8 out=0xff99ffe4
2026-08-21T16:27:03.103 [term-indexed] branch=fallthrough-guardRgbBg index=85 rgb=95,255,175 luma=198 chroma=160 thresh=index not in {0,16,254,231,253,255} and not (bg && 0..15) out=0xff99ffe4
2026-08-21T16:27:03.103 [term-indexed] branch=fallthrough-project index=86 rgb=95,255,215 luma=202 chroma=160 thresh=index not in {0,16,254,231,253,255} and not (bg && 0..15) out=0xff99ffe4
2026-08-21T16:27:03.103 [term-guard-bg] branch=project rgb=95,255,215 luma=202 chroma=160 thresh=luma=202 in (32,220) chroma=160 vs achromaMax=8 out=0xff99ffe4
2026-08-21T16:27:03.104 [term-indexed] branch=fallthrough-guardRgbBg index=86 rgb=95,255,215 luma=202 chroma=160 thresh=index not in {0,16,254,231,253,255} and not (bg && 0..15) out=0xff99ffe4
2026-08-21T16:27:03.104 [term-indexed] branch=fallthrough-project index=87 rgb=95,255,255 luma=207 chroma=160 thresh=index not in {0,16,254,231,253,255} and not (bg && 0..15) out=0xff99ffe4
2026-08-21T16:27:03.104 [term-guard-bg] branch=project rgb=95,255,255 luma=207 chroma=160 thresh=luma=207 in (32,220) chroma=160 vs achromaMax=8 out=0xff99ffe4
2026-08-21T16:27:03.104 [term-indexed] branch=fallthrough-guardRgbBg index=87 rgb=95,255,255 luma=207 chroma=160 thresh=index not in {0,16,254,231,253,255} and not (bg && 0..15) out=0xff99ffe4
2026-08-21T16:27:03.104 [term-indexed] branch=fallthrough-project index=88 rgb=135,0,0 luma=40 chroma=135 thresh=index not in {0,16,254,231,253,255} and not (bg && 0..15) out=0xffea83a5
2026-08-21T16:27:03.104 [term-guard-bg] branch=project rgb=135,0,0 luma=40 chroma=135 thresh=luma=40 in (32,220) chroma=135 vs achromaMax=8 out=0xffea83a5
2026-08-21T16:27:03.104 [term-indexed] branch=fallthrough-guardRgbBg index=88 rgb=135,0,0 luma=40 chroma=135 thresh=index not in {0,16,254,231,253,255} and not (bg && 0..15) out=0xffea83a5
2026-08-21T16:27:03.104 [term-indexed] branch=fallthrough-project index=89 rgb=135,0,95 luma=51 chroma=135 thresh=index not in {0,16,254,231,253,255} and not (bg && 0..15) out=0xffea83a5
2026-08-21T16:27:03.104 [term-guard-bg] branch=project rgb=135,0,95 luma=51 chroma=135 thresh=luma=51 in (32,220) chroma=135 vs achromaMax=8 out=0xffea83a5
2026-08-21T16:27:03.104 [term-indexed] branch=fallthrough-guardRgbBg index=89 rgb=135,0,95 luma=51 chroma=135 thresh=index not in {0,16,254,231,253,255} and not (bg && 0..15) out=0xffea83a5
2026-08-21T16:27:03.104 [term-indexed] branch=fallthrough-project index=90 rgb=135,0,135 luma=55 chroma=135 thresh=index not in {0,16,254,231,253,255} and not (bg && 0..15) out=0xffea83a5
2026-08-21T16:27:03.104 [term-guard-bg] branch=project rgb=135,0,135 luma=55 chroma=135 thresh=luma=55 in (32,220) chroma=135 vs achromaMax=8 out=0xffea83a5
2026-08-21T16:27:03.104 [term-indexed] branch=fallthrough-guardRgbBg index=90 rgb=135,0,135 luma=55 chroma=135 thresh=index not in {0,16,254,231,253,255} and not (bg && 0..15) out=0xffea83a5
2026-08-21T16:27:03.104 [term-indexed] branch=fallthrough-project index=91 rgb=135,0,175 luma=60 chroma=175 thresh=index not in {0,16,254,231,253,255} and not (bg && 0..15) out=0xffea83a5
2026-08-21T16:27:03.104 [term-guard-bg] branch=project rgb=135,0,175 luma=60 chroma=175 thresh=luma=60 in (32,220) chroma=175 vs achromaMax=8 out=0xffea83a5
2026-08-21T16:27:03.104 [term-indexed] branch=fallthrough-guardRgbBg index=91 rgb=135,0,175 luma=60 chroma=175 thresh=index not in {0,16,254,231,253,255} and not (bg && 0..15) out=0xffea83a5
2026-08-21T16:27:03.104 [term-indexed] branch=fallthrough-project index=92 rgb=135,0,215 luma=64 chroma=215 thresh=index not in {0,16,254,231,253,255} and not (bg && 0..15) out=0xffaca1cf
2026-08-21T16:27:03.105 [term-guard-bg] branch=project rgb=135,0,215 luma=64 chroma=215 thresh=luma=64 in (32,220) chroma=215 vs achromaMax=8 out=0xffaca1cf
2026-08-21T16:27:03.105 [term-indexed] branch=fallthrough-guardRgbBg index=92 rgb=135,0,215 luma=64 chroma=215 thresh=index not in {0,16,254,231,253,255} and not (bg && 0..15) out=0xffaca1cf
2026-08-21T16:27:03.105 [term-indexed] branch=fallthrough-project index=93 rgb=135,0,255 luma=69 chroma=255 thresh=index not in {0,16,254,231,253,255} and not (bg && 0..15) out=0xffaca1cf
2026-08-21T16:27:03.105 [term-guard-bg] branch=project rgb=135,0,255 luma=69 chroma=255 thresh=luma=69 in (32,220) chroma=255 vs achromaMax=8 out=0xffaca1cf
2026-08-21T16:27:03.105 [term-indexed] branch=fallthrough-guardRgbBg index=93 rgb=135,0,255 luma=69 chroma=255 thresh=index not in {0,16,254,231,253,255} and not (bg && 0..15) out=0xffaca1cf
2026-08-21T16:27:03.105 [term-indexed] branch=fallthrough-project index=94 rgb=135,95,0 luma=96 chroma=135 thresh=index not in {0,16,254,231,253,255} and not (bg && 0..15) out=0xffea83a5
2026-08-21T16:27:03.105 [term-guard-bg] branch=project rgb=135,95,0 luma=96 chroma=135 thresh=luma=96 in (32,220) chroma=135 vs achromaMax=8 out=0xffea83a5
2026-08-21T16:27:03.105 [term-indexed] branch=fallthrough-guardRgbBg index=94 rgb=135,95,0 luma=96 chroma=135 thresh=index not in {0,16,254,231,253,255} and not (bg && 0..15) out=0xffea83a5
2026-08-21T16:27:03.105 [term-indexed] branch=fallthrough-project index=95 rgb=135,95,95 luma=106 chroma=40 thresh=index not in {0,16,254,231,253,255} and not (bg && 0..15) out=0xff7e7e7e
2026-08-21T16:27:03.105 [term-guard-bg] branch=project rgb=135,95,95 luma=106 chroma=40 thresh=luma=106 in (32,220) chroma=40 vs achromaMax=8 out=0xff7e7e7e
2026-08-21T16:27:03.105 [term-indexed] branch=fallthrough-guardRgbBg index=95 rgb=135,95,95 luma=106 chroma=40 thresh=index not in {0,16,254,231,253,255} and not (bg && 0..15) out=0xff7e7e7e
2026-08-21T16:27:03.105 [term-indexed] branch=fallthrough-project index=96 rgb=135,95,135 luma=111 chroma=40 thresh=index not in {0,16,254,231,253,255} and not (bg && 0..15) out=0xff7e7e7e
2026-08-21T16:27:03.105 [term-guard-bg] branch=project rgb=135,95,135 luma=111 chroma=40 thresh=luma=111 in (32,220) chroma=40 vs achromaMax=8 out=0xff7e7e7e
2026-08-21T16:27:03.105 [term-indexed] branch=fallthrough-guardRgbBg index=96 rgb=135,95,135 luma=111 chroma=40 thresh=index not in {0,16,254,231,253,255} and not (bg && 0..15) out=0xff7e7e7e
2026-08-21T16:27:03.105 [term-indexed] branch=fallthrough-project index=97 rgb=135,95,175 luma=116 chroma=80 thresh=index not in {0,16,254,231,253,255} and not (bg && 0..15) out=0xffaca1cf
2026-08-21T16:27:03.106 [term-guard-bg] branch=project rgb=135,95,175 luma=116 chroma=80 thresh=luma=116 in (32,220) chroma=80 vs achromaMax=8 out=0xffaca1cf
2026-08-21T16:27:03.106 [term-indexed] branch=fallthrough-guardRgbBg index=97 rgb=135,95,175 luma=116 chroma=80 thresh=index not in {0,16,254,231,253,255} and not (bg && 0..15) out=0xffaca1cf
2026-08-21T16:27:03.106 [term-indexed] branch=fallthrough-project index=98 rgb=135,95,215 luma=120 chroma=120 thresh=index not in {0,16,254,231,253,255} and not (bg && 0..15) out=0xffaca1cf
2026-08-21T16:27:03.106 [term-guard-bg] branch=project rgb=135,95,215 luma=120 chroma=120 thresh=luma=120 in (32,220) chroma=120 vs achromaMax=8 out=0xffaca1cf
2026-08-21T16:27:03.106 [term-indexed] branch=fallthrough-guardRgbBg index=98 rgb=135,95,215 luma=120 chroma=120 thresh=index not in {0,16,254,231,253,255} and not (bg && 0..15) out=0xffaca1cf
2026-08-21T16:27:03.106 [term-indexed] branch=fallthrough-project index=99 rgb=135,95,255 luma=125 chroma=160 thresh=index not in {0,16,254,231,253,255} and not (bg && 0..15) out=0xffaca1cf
2026-08-21T16:27:03.106 [term-guard-bg] branch=project rgb=135,95,255 luma=125 chroma=160 thresh=luma=125 in (32,220) chroma=160 vs achromaMax=8 out=0xffaca1cf
2026-08-21T16:27:03.107 [term-indexed] branch=fallthrough-guardRgbBg index=99 rgb=135,95,255 luma=125 chroma=160 thresh=index not in {0,16,254,231,253,255} and not (bg && 0..15) out=0xffaca1cf
2026-08-21T16:27:03.107 [term-indexed] branch=fallthrough-project index=100 rgb=135,135,0 luma=119 chroma=135 thresh=index not in {0,16,254,231,253,255} and not (bg && 0..15) out=0xffaca1cf
2026-08-21T16:27:03.107 [term-guard-bg] branch=project rgb=135,135,0 luma=119 chroma=135 thresh=luma=119 in (32,220) chroma=135 vs achromaMax=8 out=0xffaca1cf
2026-08-21T16:27:03.107 [term-indexed] branch=fallthrough-guardRgbBg index=100 rgb=135,135,0 luma=119 chroma=135 thresh=index not in {0,16,254,231,253,255} and not (bg && 0..15) out=0xffaca1cf
2026-08-21T16:27:03.107 [term-indexed] branch=fallthrough-project index=101 rgb=135,135,95 luma=130 chroma=40 thresh=index not in {0,16,254,231,253,255} and not (bg && 0..15) out=0xff7e7e7e
2026-08-21T16:27:03.107 [term-guard-bg] branch=project rgb=135,135,95 luma=130 chroma=40 thresh=luma=130 in (32,220) chroma=40 vs achromaMax=8 out=0xff7e7e7e
2026-08-21T16:27:03.107 [term-indexed] branch=fallthrough-guardRgbBg index=101 rgb=135,135,95 luma=130 chroma=40 thresh=index not in {0,16,254,231,253,255} and not (bg && 0..15) out=0xff7e7e7e
2026-08-21T16:27:03.107 [term-indexed] branch=fallthrough-project index=102 rgb=135,135,135 luma=135 chroma=0 thresh=index not in {0,16,254,231,253,255} and not (bg && 0..15) out=0xff7e7e7e
2026-08-21T16:27:03.107 [term-guard-bg] branch=project rgb=135,135,135 luma=135 chroma=0 thresh=luma=135 in (32,220) chroma=0 vs achromaMax=8 out=0xff7e7e7e
2026-08-21T16:27:03.107 [term-indexed] branch=fallthrough-guardRgbBg index=102 rgb=135,135,135 luma=135 chroma=0 thresh=index not in {0,16,254,231,253,255} and not (bg && 0..15) out=0xff7e7e7e
2026-08-21T16:27:03.107 [term-indexed] branch=fallthrough-project index=103 rgb=135,135,175 luma=139 chroma=40 thresh=index not in {0,16,254,231,253,255} and not (bg && 0..15) out=0xff7e7e7e
2026-08-21T16:27:03.107 [term-guard-bg] branch=project rgb=135,135,175 luma=139 chroma=40 thresh=luma=139 in (32,220) chroma=40 vs achromaMax=8 out=0xff7e7e7e
2026-08-21T16:27:03.107 [term-indexed] branch=fallthrough-guardRgbBg index=103 rgb=135,135,175 luma=139 chroma=40 thresh=index not in {0,16,254,231,253,255} and not (bg && 0..15) out=0xff7e7e7e
2026-08-21T16:27:03.107 [term-indexed] branch=fallthrough-project index=104 rgb=135,135,215 luma=144 chroma=80 thresh=index not in {0,16,254,231,253,255} and not (bg && 0..15) out=0xffaca1cf
2026-08-21T16:27:03.107 [term-guard-bg] branch=project rgb=135,135,215 luma=144 chroma=80 thresh=luma=144 in (32,220) chroma=80 vs achromaMax=8 out=0xffaca1cf
2026-08-21T16:27:03.107 [term-indexed] branch=fallthrough-guardRgbBg index=104 rgb=135,135,215 luma=144 chroma=80 thresh=index not in {0,16,254,231,253,255} and not (bg && 0..15) out=0xffaca1cf
2026-08-21T16:27:03.107 [term-indexed] branch=fallthrough-project index=105 rgb=135,135,255 luma=148 chroma=120 thresh=index not in {0,16,254,231,253,255} and not (bg && 0..15) out=0xffaca1cf
2026-08-21T16:27:03.108 [term-guard-bg] branch=project rgb=135,135,255 luma=148 chroma=120 thresh=luma=148 in (32,220) chroma=120 vs achromaMax=8 out=0xffaca1cf
2026-08-21T16:27:03.108 [term-indexed] branch=fallthrough-guardRgbBg index=105 rgb=135,135,255 luma=148 chroma=120 thresh=index not in {0,16,254,231,253,255} and not (bg && 0..15) out=0xffaca1cf
2026-08-21T16:27:03.108 [term-indexed] branch=fallthrough-project index=106 rgb=135,175,0 luma=143 chroma=175 thresh=index not in {0,16,254,231,253,255} and not (bg && 0..15) out=0xffe6b99d
2026-08-21T16:27:03.108 [term-guard-bg] branch=project rgb=135,175,0 luma=143 chroma=175 thresh=luma=143 in (32,220) chroma=175 vs achromaMax=8 out=0xffe6b99d
2026-08-21T16:27:03.108 [term-indexed] branch=fallthrough-guardRgbBg index=106 rgb=135,175,0 luma=143 chroma=175 thresh=index not in {0,16,254,231,253,255} and not (bg && 0..15) out=0xffe6b99d
2026-08-21T16:27:03.108 [term-indexed] branch=fallthrough-project index=107 rgb=135,175,95 luma=153 chroma=80 thresh=index not in {0,16,254,231,253,255} and not (bg && 0..15) out=0xffe6b99d
2026-08-21T16:27:03.108 [term-guard-bg] branch=project rgb=135,175,95 luma=153 chroma=80 thresh=luma=153 in (32,220) chroma=80 vs achromaMax=8 out=0xffe6b99d
2026-08-21T16:27:03.108 [term-indexed] branch=fallthrough-guardRgbBg index=107 rgb=135,175,95 luma=153 chroma=80 thresh=index not in {0,16,254,231,253,255} and not (bg && 0..15) out=0xffe6b99d
2026-08-21T16:27:03.108 [term-indexed] branch=fallthrough-project index=108 rgb=135,175,135 luma=158 chroma=40 thresh=index not in {0,16,254,231,253,255} and not (bg && 0..15) out=0xff90b99f
2026-08-21T16:27:03.108 [term-guard-bg] branch=project rgb=135,175,135 luma=158 chroma=40 thresh=luma=158 in (32,220) chroma=40 vs achromaMax=8 out=0xff90b99f
2026-08-21T16:27:03.108 [term-indexed] branch=fallthrough-guardRgbBg index=108 rgb=135,175,135 luma=158 chroma=40 thresh=index not in {0,16,254,231,253,255} and not (bg && 0..15) out=0xff90b99f
2026-08-21T16:27:03.108 [term-indexed] branch=fallthrough-project index=109 rgb=135,175,175 luma=163 chroma=40 thresh=index not in {0,16,254,231,253,255} and not (bg && 0..15) out=0xff90b99f
2026-08-21T16:27:03.108 [term-guard-bg] branch=project rgb=135,175,175 luma=163 chroma=40 thresh=luma=163 in (32,220) chroma=40 vs achromaMax=8 out=0xff90b99f
2026-08-21T16:27:03.108 [term-indexed] branch=fallthrough-guardRgbBg index=109 rgb=135,175,175 luma=163 chroma=40 thresh=index not in {0,16,254,231,253,255} and not (bg && 0..15) out=0xff90b99f
2026-08-21T16:27:03.108 [term-indexed] branch=fallthrough-project index=110 rgb=135,175,215 luma=167 chroma=80 thresh=index not in {0,16,254,231,253,255} and not (bg && 0..15) out=0xffa0a0a0
2026-08-21T16:27:03.108 [term-guard-bg] branch=project rgb=135,175,215 luma=167 chroma=80 thresh=luma=167 in (32,220) chroma=80 vs achromaMax=8 out=0xffa0a0a0
2026-08-21T16:27:03.108 [term-indexed] branch=fallthrough-guardRgbBg index=110 rgb=135,175,215 luma=167 chroma=80 thresh=index not in {0,16,254,231,253,255} and not (bg && 0..15) out=0xffa0a0a0
2026-08-21T16:27:03.109 [term-indexed] branch=fallthrough-project index=111 rgb=135,175,255 luma=172 chroma=120 thresh=index not in {0,16,254,231,253,255} and not (bg && 0..15) out=0xffaca1cf
2026-08-21T16:27:03.109 [term-guard-bg] branch=project rgb=135,175,255 luma=172 chroma=120 thresh=luma=172 in (32,220) chroma=120 vs achromaMax=8 out=0xffaca1cf
2026-08-21T16:27:03.109 [term-indexed] branch=fallthrough-guardRgbBg index=111 rgb=135,175,255 luma=172 chroma=120 thresh=index not in {0,16,254,231,253,255} and not (bg && 0..15) out=0xffaca1cf
2026-08-21T16:27:03.109 [term-indexed] branch=fallthrough-project index=112 rgb=135,215,0 luma=166 chroma=215 thresh=index not in {0,16,254,231,253,255} and not (bg && 0..15) out=0xff99ffe4
2026-08-21T16:27:03.109 [term-guard-bg] branch=project rgb=135,215,0 luma=166 chroma=215 thresh=luma=166 in (32,220) chroma=215 vs achromaMax=8 out=0xff99ffe4
2026-08-21T16:27:03.109 [term-indexed] branch=fallthrough-guardRgbBg index=112 rgb=135,215,0 luma=166 chroma=215 thresh=index not in {0,16,254,231,253,255} and not (bg && 0..15) out=0xff99ffe4
2026-08-21T16:27:03.109 [term-indexed] branch=fallthrough-project index=113 rgb=135,215,95 luma=177 chroma=120 thresh=index not in {0,16,254,231,253,255} and not (bg && 0..15) out=0xff99ffe4
2026-08-21T16:27:03.109 [term-guard-bg] branch=project rgb=135,215,95 luma=177 chroma=120 thresh=luma=177 in (32,220) chroma=120 vs achromaMax=8 out=0xff99ffe4
2026-08-21T16:27:03.109 [term-indexed] branch=fallthrough-guardRgbBg index=113 rgb=135,215,95 luma=177 chroma=120 thresh=index not in {0,16,254,231,253,255} and not (bg && 0..15) out=0xff99ffe4
2026-08-21T16:27:03.109 [term-indexed] branch=fallthrough-project index=114 rgb=135,215,135 luma=181 chroma=80 thresh=index not in {0,16,254,231,253,255} and not (bg && 0..15) out=0xff99ffe4
2026-08-21T16:27:03.109 [term-guard-bg] branch=project rgb=135,215,135 luma=181 chroma=80 thresh=luma=181 in (32,220) chroma=80 vs achromaMax=8 out=0xff99ffe4
2026-08-21T16:27:03.109 [term-indexed] branch=fallthrough-guardRgbBg index=114 rgb=135,215,135 luma=181 chroma=80 thresh=index not in {0,16,254,231,253,255} and not (bg && 0..15) out=0xff99ffe4
2026-08-21T16:27:03.109 [term-indexed] branch=fallthrough-project index=115 rgb=135,215,175 luma=186 chroma=80 thresh=index not in {0,16,254,231,253,255} and not (bg && 0..15) out=0xff99ffe4
2026-08-21T16:27:03.110 [term-guard-bg] branch=project rgb=135,215,175 luma=186 chroma=80 thresh=luma=186 in (32,220) chroma=80 vs achromaMax=8 out=0xff99ffe4
2026-08-21T16:27:03.110 [term-indexed] branch=fallthrough-guardRgbBg index=115 rgb=135,215,175 luma=186 chroma=80 thresh=index not in {0,16,254,231,253,255} and not (bg && 0..15) out=0xff99ffe4
2026-08-21T16:27:03.110 [term-indexed] branch=fallthrough-project index=116 rgb=135,215,215 luma=191 chroma=80 thresh=index not in {0,16,254,231,253,255} and not (bg && 0..15) out=0xff90b99f
2026-08-21T16:27:03.110 [term-guard-bg] branch=project rgb=135,215,215 luma=191 chroma=80 thresh=luma=191 in (32,220) chroma=80 vs achromaMax=8 out=0xff90b99f
2026-08-21T16:27:03.110 [term-indexed] branch=fallthrough-guardRgbBg index=116 rgb=135,215,215 luma=191 chroma=80 thresh=index not in {0,16,254,231,253,255} and not (bg && 0..15) out=0xff90b99f
2026-08-21T16:27:03.110 [term-indexed] branch=fallthrough-project index=117 rgb=135,215,255 luma=195 chroma=120 thresh=index not in {0,16,254,231,253,255} and not (bg && 0..15) out=0xffb9aeda
2026-08-21T16:27:03.110 [term-guard-bg] branch=project rgb=135,215,255 luma=195 chroma=120 thresh=luma=195 in (32,220) chroma=120 vs achromaMax=8 out=0xffb9aeda
2026-08-21T16:27:03.110 [term-indexed] branch=fallthrough-guardRgbBg index=117 rgb=135,215,255 luma=195 chroma=120 thresh=index not in {0,16,254,231,253,255} and not (bg && 0..15) out=0xffb9aeda
2026-08-21T16:27:03.110 [term-indexed] branch=fallthrough-project index=118 rgb=135,255,0 luma=190 chroma=255 thresh=index not in {0,16,254,231,253,255} and not (bg && 0..15) out=0xff99ffe4
2026-08-21T16:27:03.111 [term-guard-bg] branch=project rgb=135,255,0 luma=190 chroma=255 thresh=luma=190 in (32,220) chroma=255 vs achromaMax=8 out=0xff99ffe4
2026-08-21T16:27:03.111 [term-indexed] branch=fallthrough-guardRgbBg index=118 rgb=135,255,0 luma=190 chroma=255 thresh=index not in {0,16,254,231,253,255} and not (bg && 0..15) out=0xff99ffe4
2026-08-21T16:27:03.111 [term-indexed] branch=fallthrough-project index=119 rgb=135,255,95 luma=200 chroma=160 thresh=index not in {0,16,254,231,253,255} and not (bg && 0..15) out=0xff99ffe4
2026-08-21T16:27:03.111 [term-guard-bg] branch=project rgb=135,255,95 luma=200 chroma=160 thresh=luma=200 in (32,220) chroma=160 vs achromaMax=8 out=0xff99ffe4
2026-08-21T16:27:03.111 [term-indexed] branch=fallthrough-guardRgbBg index=119 rgb=135,255,95 luma=200 chroma=160 thresh=index not in {0,16,254,231,253,255} and not (bg && 0..15) out=0xff99ffe4
2026-08-21T16:27:03.111 [term-indexed] branch=fallthrough-project index=120 rgb=135,255,135 luma=205 chroma=120 thresh=index not in {0,16,254,231,253,255} and not (bg && 0..15) out=0xff99ffe4
2026-08-21T16:27:03.111 [term-guard-bg] branch=project rgb=135,255,135 luma=205 chroma=120 thresh=luma=205 in (32,220) chroma=120 vs achromaMax=8 out=0xff99ffe4
2026-08-21T16:27:03.111 [term-indexed] branch=fallthrough-guardRgbBg index=120 rgb=135,255,135 luma=205 chroma=120 thresh=index not in {0,16,254,231,253,255} and not (bg && 0..15) out=0xff99ffe4
2026-08-21T16:27:03.111 [term-indexed] branch=fallthrough-project index=121 rgb=135,255,175 luma=210 chroma=120 thresh=index not in {0,16,254,231,253,255} and not (bg && 0..15) out=0xff99ffe4
2026-08-21T16:27:03.111 [term-guard-bg] branch=project rgb=135,255,175 luma=210 chroma=120 thresh=luma=210 in (32,220) chroma=120 vs achromaMax=8 out=0xff99ffe4
2026-08-21T16:27:03.111 [term-indexed] branch=fallthrough-guardRgbBg index=121 rgb=135,255,175 luma=210 chroma=120 thresh=index not in {0,16,254,231,253,255} and not (bg && 0..15) out=0xff99ffe4
2026-08-21T16:27:03.111 [term-indexed] branch=fallthrough-project index=122 rgb=135,255,215 luma=214 chroma=120 thresh=index not in {0,16,254,231,253,255} and not (bg && 0..15) out=0xff99ffe4
2026-08-21T16:27:03.111 [term-guard-bg] branch=project rgb=135,255,215 luma=214 chroma=120 thresh=luma=214 in (32,220) chroma=120 vs achromaMax=8 out=0xff99ffe4
2026-08-21T16:27:03.111 [term-indexed] branch=fallthrough-guardRgbBg index=122 rgb=135,255,215 luma=214 chroma=120 thresh=index not in {0,16,254,231,253,255} and not (bg && 0..15) out=0xff99ffe4
2026-08-21T16:27:03.111 [term-indexed] branch=fallthrough-project index=123 rgb=135,255,255 luma=219 chroma=120 thresh=index not in {0,16,254,231,253,255} and not (bg && 0..15) out=0xff99ffe4
2026-08-21T16:27:03.111 [term-guard-bg] branch=project rgb=135,255,255 luma=219 chroma=120 thresh=luma=219 in (32,220) chroma=120 vs achromaMax=8 out=0xff99ffe4
2026-08-21T16:27:03.111 [term-indexed] branch=fallthrough-guardRgbBg index=123 rgb=135,255,255 luma=219 chroma=120 thresh=index not in {0,16,254,231,253,255} and not (bg && 0..15) out=0xff99ffe4
2026-08-21T16:27:03.112 [term-indexed] branch=fallthrough-project index=124 rgb=175,0,0 luma=52 chroma=175 thresh=index not in {0,16,254,231,253,255} and not (bg && 0..15) out=0xffff8080
2026-08-21T16:27:03.112 [term-guard-bg] branch=project rgb=175,0,0 luma=52 chroma=175 thresh=luma=52 in (32,220) chroma=175 vs achromaMax=8 out=0xffff8080
2026-08-21T16:27:03.112 [term-indexed] branch=fallthrough-guardRgbBg index=124 rgb=175,0,0 luma=52 chroma=175 thresh=index not in {0,16,254,231,253,255} and not (bg && 0..15) out=0xffff8080
2026-08-21T16:27:03.112 [term-indexed] branch=fallthrough-project index=125 rgb=175,0,95 luma=63 chroma=175 thresh=index not in {0,16,254,231,253,255} and not (bg && 0..15) out=0xffea83a5
2026-08-21T16:27:03.112 [term-guard-bg] branch=project rgb=175,0,95 luma=63 chroma=175 thresh=luma=63 in (32,220) chroma=175 vs achromaMax=8 out=0xffea83a5
2026-08-21T16:27:03.112 [term-indexed] branch=fallthrough-guardRgbBg index=125 rgb=175,0,95 luma=63 chroma=175 thresh=index not in {0,16,254,231,253,255} and not (bg && 0..15) out=0xffea83a5
2026-08-21T16:27:03.112 [term-indexed] branch=fallthrough-project index=126 rgb=175,0,135 luma=67 chroma=175 thresh=index not in {0,16,254,231,253,255} and not (bg && 0..15) out=0xffea83a5
2026-08-21T16:27:03.112 [term-guard-bg] branch=project rgb=175,0,135 luma=67 chroma=175 thresh=luma=67 in (32,220) chroma=175 vs achromaMax=8 out=0xffea83a5
2026-08-21T16:27:03.112 [term-indexed] branch=fallthrough-guardRgbBg index=126 rgb=175,0,135 luma=67 chroma=175 thresh=index not in {0,16,254,231,253,255} and not (bg && 0..15) out=0xffea83a5
2026-08-21T16:27:03.112 [term-indexed] branch=fallthrough-project index=127 rgb=175,0,175 luma=72 chroma=175 thresh=index not in {0,16,254,231,253,255} and not (bg && 0..15) out=0xffea83a5
2026-08-21T16:27:03.112 [term-guard-bg] branch=project rgb=175,0,175 luma=72 chroma=175 thresh=luma=72 in (32,220) chroma=175 vs achromaMax=8 out=0xffea83a5
2026-08-21T16:27:03.112 [term-indexed] branch=fallthrough-guardRgbBg index=127 rgb=175,0,175 luma=72 chroma=175 thresh=index not in {0,16,254,231,253,255} and not (bg && 0..15) out=0xffea83a5
2026-08-21T16:27:03.112 [term-indexed] branch=fallthrough-project index=128 rgb=175,0,215 luma=76 chroma=215 thresh=index not in {0,16,254,231,253,255} and not (bg && 0..15) out=0xffea83a5
2026-08-21T16:27:03.112 [term-guard-bg] branch=project rgb=175,0,215 luma=76 chroma=215 thresh=luma=76 in (32,220) chroma=215 vs achromaMax=8 out=0xffea83a5
2026-08-21T16:27:03.112 [term-indexed] branch=fallthrough-guardRgbBg index=128 rgb=175,0,215 luma=76 chroma=215 thresh=index not in {0,16,254,231,253,255} and not (bg && 0..15) out=0xffea83a5
2026-08-21T16:27:03.112 [term-indexed] branch=fallthrough-project index=129 rgb=175,0,255 luma=81 chroma=255 thresh=index not in {0,16,254,231,253,255} and not (bg && 0..15) out=0xffaca1cf
2026-08-21T16:27:03.112 [term-guard-bg] branch=project rgb=175,0,255 luma=81 chroma=255 thresh=luma=81 in (32,220) chroma=255 vs achromaMax=8 out=0xffaca1cf
2026-08-21T16:27:03.113 [term-indexed] branch=fallthrough-guardRgbBg index=129 rgb=175,0,255 luma=81 chroma=255 thresh=index not in {0,16,254,231,253,255} and not (bg && 0..15) out=0xffaca1cf
2026-08-21T16:27:03.113 [term-indexed] branch=fallthrough-project index=130 rgb=175,95,0 luma=108 chroma=175 thresh=index not in {0,16,254,231,253,255} and not (bg && 0..15) out=0xffff8080
2026-08-21T16:27:03.113 [term-guard-bg] branch=project rgb=175,95,0 luma=108 chroma=175 thresh=luma=108 in (32,220) chroma=175 vs achromaMax=8 out=0xffff8080
2026-08-21T16:27:03.113 [term-indexed] branch=fallthrough-guardRgbBg index=130 rgb=175,95,0 luma=108 chroma=175 thresh=index not in {0,16,254,231,253,255} and not (bg && 0..15) out=0xffff8080
2026-08-21T16:27:03.113 [term-indexed] branch=fallthrough-project index=131 rgb=175,95,95 luma=118 chroma=80 thresh=index not in {0,16,254,231,253,255} and not (bg && 0..15) out=0xffea83a5
2026-08-21T16:27:03.113 [term-guard-bg] branch=project rgb=175,95,95 luma=118 chroma=80 thresh=luma=118 in (32,220) chroma=80 vs achromaMax=8 out=0xffea83a5
2026-08-21T16:27:03.113 [term-indexed] branch=fallthrough-guardRgbBg index=131 rgb=175,95,95 luma=118 chroma=80 thresh=index not in {0,16,254,231,253,255} and not (bg && 0..15) out=0xffea83a5
2026-08-21T16:27:03.113 [term-indexed] branch=fallthrough-project index=132 rgb=175,95,135 luma=123 chroma=80 thresh=index not in {0,16,254,231,253,255} and not (bg && 0..15) out=0xffea83a5
2026-08-21T16:27:03.113 [term-guard-bg] branch=project rgb=175,95,135 luma=123 chroma=80 thresh=luma=123 in (32,220) chroma=80 vs achromaMax=8 out=0xffea83a5
2026-08-21T16:27:03.113 [term-indexed] branch=fallthrough-guardRgbBg index=132 rgb=175,95,135 luma=123 chroma=80 thresh=index not in {0,16,254,231,253,255} and not (bg && 0..15) out=0xffea83a5
2026-08-21T16:27:03.113 [term-indexed] branch=fallthrough-project index=133 rgb=175,95,175 luma=128 chroma=80 thresh=index not in {0,16,254,231,253,255} and not (bg && 0..15) out=0xffea83a5
2026-08-21T16:27:03.113 [term-guard-bg] branch=project rgb=175,95,175 luma=128 chroma=80 thresh=luma=128 in (32,220) chroma=80 vs achromaMax=8 out=0xffea83a5
2026-08-21T16:27:03.113 [term-indexed] branch=fallthrough-guardRgbBg index=133 rgb=175,95,175 luma=128 chroma=80 thresh=index not in {0,16,254,231,253,255} and not (bg && 0..15) out=0xffea83a5
2026-08-21T16:27:03.113 [term-indexed] branch=fallthrough-project index=134 rgb=175,95,215 luma=132 chroma=120 thresh=index not in {0,16,254,231,253,255} and not (bg && 0..15) out=0xffaca1cf
2026-08-21T16:27:03.113 [term-guard-bg] branch=project rgb=175,95,215 luma=132 chroma=120 thresh=luma=132 in (32,220) chroma=120 vs achromaMax=8 out=0xffaca1cf
2026-08-21T16:27:03.113 [term-indexed] branch=fallthrough-guardRgbBg index=134 rgb=175,95,215 luma=132 chroma=120 thresh=index not in {0,16,254,231,253,255} and not (bg && 0..15) out=0xffaca1cf
2026-08-21T16:27:03.114 [term-indexed] branch=fallthrough-project index=135 rgb=175,95,255 luma=137 chroma=160 thresh=index not in {0,16,254,231,253,255} and not (bg && 0..15) out=0xffaca1cf
2026-08-21T16:27:03.114 [term-guard-bg] branch=project rgb=175,95,255 luma=137 chroma=160 thresh=luma=137 in (32,220) chroma=160 vs achromaMax=8 out=0xffaca1cf
2026-08-21T16:27:03.114 [term-indexed] branch=fallthrough-guardRgbBg index=135 rgb=175,95,255 luma=137 chroma=160 thresh=index not in {0,16,254,231,253,255} and not (bg && 0..15) out=0xffaca1cf
2026-08-21T16:27:03.114 [term-indexed] branch=fallthrough-project index=136 rgb=175,135,0 luma=131 chroma=175 thresh=index not in {0,16,254,231,253,255} and not (bg && 0..15) out=0xfff5a191
2026-08-21T16:27:03.114 [term-guard-bg] branch=project rgb=175,135,0 luma=131 chroma=175 thresh=luma=131 in (32,220) chroma=175 vs achromaMax=8 out=0xfff5a191
2026-08-21T16:27:03.114 [term-indexed] branch=fallthrough-guardRgbBg index=136 rgb=175,135,0 luma=131 chroma=175 thresh=index not in {0,16,254,231,253,255} and not (bg && 0..15) out=0xfff5a191
2026-08-21T16:27:03.114 [term-indexed] branch=fallthrough-project index=137 rgb=175,135,95 luma=142 chroma=80 thresh=index not in {0,16,254,231,253,255} and not (bg && 0..15) out=0xffa0a0a0
2026-08-21T16:27:03.114 [term-guard-bg] branch=project rgb=175,135,95 luma=142 chroma=80 thresh=luma=142 in (32,220) chroma=80 vs achromaMax=8 out=0xffa0a0a0
2026-08-21T16:27:03.115 [term-indexed] branch=fallthrough-guardRgbBg index=137 rgb=175,135,95 luma=142 chroma=80 thresh=index not in {0,16,254,231,253,255} and not (bg && 0..15) out=0xffa0a0a0
2026-08-21T16:27:03.115 [term-indexed] branch=fallthrough-project index=138 rgb=175,135,135 luma=146 chroma=40 thresh=index not in {0,16,254,231,253,255} and not (bg && 0..15) out=0xffa0a0a0
2026-08-21T16:27:03.115 [term-guard-bg] branch=project rgb=175,135,135 luma=146 chroma=40 thresh=luma=146 in (32,220) chroma=40 vs achromaMax=8 out=0xffa0a0a0
2026-08-21T16:27:03.115 [term-indexed] branch=fallthrough-guardRgbBg index=138 rgb=175,135,135 luma=146 chroma=40 thresh=index not in {0,16,254,231,253,255} and not (bg && 0..15) out=0xffa0a0a0
2026-08-21T16:27:03.120 [term-indexed] branch=fallthrough-project index=139 rgb=175,135,175 luma=151 chroma=40 thresh=index not in {0,16,254,231,253,255} and not (bg && 0..15) out=0xffa0a0a0
2026-08-21T16:27:03.121 [term-guard-bg] branch=project rgb=175,135,175 luma=151 chroma=40 thresh=luma=151 in (32,220) chroma=40 vs achromaMax=8 out=0xffa0a0a0
2026-08-21T16:27:03.121 [term-indexed] branch=fallthrough-guardRgbBg index=139 rgb=175,135,175 luma=151 chroma=40 thresh=index not in {0,16,254,231,253,255} and not (bg && 0..15) out=0xffa0a0a0
2026-08-21T16:27:03.121 [term-indexed] branch=fallthrough-project index=140 rgb=175,135,215 luma=156 chroma=80 thresh=index not in {0,16,254,231,253,255} and not (bg && 0..15) out=0xffaca1cf
2026-08-21T16:27:03.121 [term-guard-bg] branch=project rgb=175,135,215 luma=156 chroma=80 thresh=luma=156 in (32,220) chroma=80 vs achromaMax=8 out=0xffaca1cf
2026-08-21T16:27:03.121 [term-indexed] branch=fallthrough-guardRgbBg index=140 rgb=175,135,215 luma=156 chroma=80 thresh=index not in {0,16,254,231,253,255} and not (bg && 0..15) out=0xffaca1cf
2026-08-21T16:27:03.121 [term-indexed] branch=fallthrough-project index=141 rgb=175,135,255 luma=160 chroma=120 thresh=index not in {0,16,254,231,253,255} and not (bg && 0..15) out=0xffaca1cf
2026-08-21T16:27:03.121 [term-guard-bg] branch=project rgb=175,135,255 luma=160 chroma=120 thresh=luma=160 in (32,220) chroma=120 vs achromaMax=8 out=0xffaca1cf
2026-08-21T16:27:03.121 [term-indexed] branch=fallthrough-guardRgbBg index=141 rgb=175,135,255 luma=160 chroma=120 thresh=index not in {0,16,254,231,253,255} and not (bg && 0..15) out=0xffaca1cf
2026-08-21T16:27:03.121 [term-indexed] branch=fallthrough-project index=142 rgb=175,175,0 luma=155 chroma=175 thresh=index not in {0,16,254,231,253,255} and not (bg && 0..15) out=0xffe6b99d
2026-08-21T16:27:03.121 [term-guard-bg] branch=project rgb=175,175,0 luma=155 chroma=175 thresh=luma=155 in (32,220) chroma=175 vs achromaMax=8 out=0xffe6b99d
2026-08-21T16:27:03.121 [term-indexed] branch=fallthrough-guardRgbBg index=142 rgb=175,175,0 luma=155 chroma=175 thresh=index not in {0,16,254,231,253,255} and not (bg && 0..15) out=0xffe6b99d
2026-08-21T16:27:03.121 [term-indexed] branch=fallthrough-project index=143 rgb=175,175,95 luma=165 chroma=80 thresh=index not in {0,16,254,231,253,255} and not (bg && 0..15) out=0xffe6b99d
2026-08-21T16:27:03.121 [term-guard-bg] branch=project rgb=175,175,95 luma=165 chroma=80 thresh=luma=165 in (32,220) chroma=80 vs achromaMax=8 out=0xffe6b99d
2026-08-21T16:27:03.121 [term-indexed] branch=fallthrough-guardRgbBg index=143 rgb=175,175,95 luma=165 chroma=80 thresh=index not in {0,16,254,231,253,255} and not (bg && 0..15) out=0xffe6b99d
2026-08-21T16:27:03.121 [term-indexed] branch=fallthrough-project index=144 rgb=175,175,135 luma=170 chroma=40 thresh=index not in {0,16,254,231,253,255} and not (bg && 0..15) out=0xff90b99f
2026-08-21T16:27:03.121 [term-guard-bg] branch=project rgb=175,175,135 luma=170 chroma=40 thresh=luma=170 in (32,220) chroma=40 vs achromaMax=8 out=0xff90b99f
2026-08-21T16:27:03.122 [term-indexed] branch=fallthrough-guardRgbBg index=144 rgb=175,175,135 luma=170 chroma=40 thresh=index not in {0,16,254,231,253,255} and not (bg && 0..15) out=0xff90b99f
2026-08-21T16:27:03.122 [term-indexed] branch=fallthrough-project index=145 rgb=175,175,175 luma=175 chroma=0 thresh=index not in {0,16,254,231,253,255} and not (bg && 0..15) out=0xffa0a0a0
2026-08-21T16:27:03.122 [term-guard-bg] branch=project rgb=175,175,175 luma=175 chroma=0 thresh=luma=175 in (32,220) chroma=0 vs achromaMax=8 out=0xffa0a0a0
2026-08-21T16:27:03.122 [term-indexed] branch=fallthrough-guardRgbBg index=145 rgb=175,175,175 luma=175 chroma=0 thresh=index not in {0,16,254,231,253,255} and not (bg && 0..15) out=0xffa0a0a0
2026-08-21T16:27:03.122 [term-indexed] branch=fallthrough-project index=146 rgb=175,175,215 luma=179 chroma=40 thresh=index not in {0,16,254,231,253,255} and not (bg && 0..15) out=0xffa0a0a0
2026-08-21T16:27:03.122 [term-guard-bg] branch=project rgb=175,175,215 luma=179 chroma=40 thresh=luma=179 in (32,220) chroma=40 vs achromaMax=8 out=0xffa0a0a0
2026-08-21T16:27:03.122 [term-indexed] branch=fallthrough-guardRgbBg index=146 rgb=175,175,215 luma=179 chroma=40 thresh=index not in {0,16,254,231,253,255} and not (bg && 0..15) out=0xffa0a0a0
2026-08-21T16:27:03.122 [term-indexed] branch=fallthrough-project index=147 rgb=175,175,255 luma=184 chroma=80 thresh=index not in {0,16,254,231,253,255} and not (bg && 0..15) out=0xffb9aeda
2026-08-21T16:27:03.122 [term-guard-bg] branch=project rgb=175,175,255 luma=184 chroma=80 thresh=luma=184 in (32,220) chroma=80 vs achromaMax=8 out=0xffb9aeda
2026-08-21T16:27:03.122 [term-indexed] branch=fallthrough-guardRgbBg index=147 rgb=175,175,255 luma=184 chroma=80 thresh=index not in {0,16,254,231,253,255} and not (bg && 0..15) out=0xffb9aeda
2026-08-21T16:27:03.123 [term-indexed] branch=fallthrough-project index=148 rgb=175,215,0 luma=178 chroma=215 thresh=index not in {0,16,254,231,253,255} and not (bg && 0..15) out=0xffffc799
2026-08-21T16:27:03.123 [term-guard-bg] branch=project rgb=175,215,0 luma=178 chroma=215 thresh=luma=178 in (32,220) chroma=215 vs achromaMax=8 out=0xffffc799
2026-08-21T16:27:03.123 [term-indexed] branch=fallthrough-guardRgbBg index=148 rgb=175,215,0 luma=178 chroma=215 thresh=index not in {0,16,254,231,253,255} and not (bg && 0..15) out=0xffffc799
2026-08-21T16:27:03.123 [term-indexed] branch=fallthrough-project index=149 rgb=175,215,95 luma=189 chroma=120 thresh=index not in {0,16,254,231,253,255} and not (bg && 0..15) out=0xffffc799
2026-08-21T16:27:03.123 [term-guard-bg] branch=project rgb=175,215,95 luma=189 chroma=120 thresh=luma=189 in (32,220) chroma=120 vs achromaMax=8 out=0xffffc799
2026-08-21T16:27:03.123 [term-indexed] branch=fallthrough-guardRgbBg index=149 rgb=175,215,95 luma=189 chroma=120 thresh=index not in {0,16,254,231,253,255} and not (bg && 0..15) out=0xffffc799
2026-08-21T16:27:03.123 [term-indexed] branch=fallthrough-project index=150 rgb=175,215,135 luma=193 chroma=80 thresh=index not in {0,16,254,231,253,255} and not (bg && 0..15) out=0xffe6b99d
2026-08-21T16:27:03.123 [term-guard-bg] branch=project rgb=175,215,135 luma=193 chroma=80 thresh=luma=193 in (32,220) chroma=80 vs achromaMax=8 out=0xffe6b99d
2026-08-21T16:27:03.123 [term-indexed] branch=fallthrough-guardRgbBg index=150 rgb=175,215,135 luma=193 chroma=80 thresh=index not in {0,16,254,231,253,255} and not (bg && 0..15) out=0xffe6b99d
2026-08-21T16:27:03.123 [term-indexed] branch=fallthrough-project index=151 rgb=175,215,175 luma=198 chroma=40 thresh=index not in {0,16,254,231,253,255} and not (bg && 0..15) out=0xff90b99f
2026-08-21T16:27:03.124 [term-guard-bg] branch=project rgb=175,215,175 luma=198 chroma=40 thresh=luma=198 in (32,220) chroma=40 vs achromaMax=8 out=0xff90b99f
2026-08-21T16:27:03.124 [term-indexed] branch=fallthrough-guardRgbBg index=151 rgb=175,215,175 luma=198 chroma=40 thresh=index not in {0,16,254,231,253,255} and not (bg && 0..15) out=0xff90b99f
2026-08-21T16:27:03.124 [term-indexed] branch=fallthrough-project index=152 rgb=175,215,215 luma=203 chroma=40 thresh=index not in {0,16,254,231,253,255} and not (bg && 0..15) out=0xff90b99f
2026-08-21T16:27:03.124 [term-guard-bg] branch=project rgb=175,215,215 luma=203 chroma=40 thresh=luma=203 in (32,220) chroma=40 vs achromaMax=8 out=0xff90b99f
2026-08-21T16:27:03.124 [term-indexed] branch=fallthrough-guardRgbBg index=152 rgb=175,215,215 luma=203 chroma=40 thresh=index not in {0,16,254,231,253,255} and not (bg && 0..15) out=0xff90b99f
2026-08-21T16:27:03.124 [term-indexed] branch=fallthrough-project index=153 rgb=175,215,255 luma=207 chroma=80 thresh=index not in {0,16,254,231,253,255} and not (bg && 0..15) out=0xff90b99f
2026-08-21T16:27:03.124 [term-guard-bg] branch=project rgb=175,215,255 luma=207 chroma=80 thresh=luma=207 in (32,220) chroma=80 vs achromaMax=8 out=0xff90b99f
2026-08-21T16:27:03.124 [term-indexed] branch=fallthrough-guardRgbBg index=153 rgb=175,215,255 luma=207 chroma=80 thresh=index not in {0,16,254,231,253,255} and not (bg && 0..15) out=0xff90b99f
2026-08-21T16:27:03.124 [term-indexed] branch=fallthrough-project index=154 rgb=175,255,0 luma=202 chroma=255 thresh=index not in {0,16,254,231,253,255} and not (bg && 0..15) out=0xff99ffe4
2026-08-21T16:27:03.124 [term-guard-bg] branch=project rgb=175,255,0 luma=202 chroma=255 thresh=luma=202 in (32,220) chroma=255 vs achromaMax=8 out=0xff99ffe4
2026-08-21T16:27:03.125 [term-indexed] branch=fallthrough-guardRgbBg index=154 rgb=175,255,0 luma=202 chroma=255 thresh=index not in {0,16,254,231,253,255} and not (bg && 0..15) out=0xff99ffe4
2026-08-21T16:27:03.125 [term-indexed] branch=fallthrough-project index=155 rgb=175,255,95 luma=212 chroma=160 thresh=index not in {0,16,254,231,253,255} and not (bg && 0..15) out=0xff99ffe4
2026-08-21T16:27:03.125 [term-guard-bg] branch=project rgb=175,255,95 luma=212 chroma=160 thresh=luma=212 in (32,220) chroma=160 vs achromaMax=8 out=0xff99ffe4
2026-08-21T16:27:03.125 [term-indexed] branch=fallthrough-guardRgbBg index=155 rgb=175,255,95 luma=212 chroma=160 thresh=index not in {0,16,254,231,253,255} and not (bg && 0..15) out=0xff99ffe4
2026-08-21T16:27:03.125 [term-indexed] branch=fallthrough-project index=156 rgb=175,255,135 luma=217 chroma=120 thresh=index not in {0,16,254,231,253,255} and not (bg && 0..15) out=0xff99ffe4
2026-08-21T16:27:03.125 [term-guard-bg] branch=project rgb=175,255,135 luma=217 chroma=120 thresh=luma=217 in (32,220) chroma=120 vs achromaMax=8 out=0xff99ffe4
2026-08-21T16:27:03.125 [term-indexed] branch=fallthrough-guardRgbBg index=156 rgb=175,255,135 luma=217 chroma=120 thresh=index not in {0,16,254,231,253,255} and not (bg && 0..15) out=0xff99ffe4
2026-08-21T16:27:03.125 [term-indexed] branch=fallthrough-project index=157 rgb=175,255,175 luma=221 chroma=80 thresh=index not in {0,16,254,231,253,255} and not (bg && 0..15) out=0xff99ffe4
2026-08-21T16:27:03.125 [term-guard-bg] branch=luma-chroma-white rgb=175,255,175 luma=221 chroma=80 thresh=luma=221>=220 chroma=80>8 lumaMax=32 out=0xff988049
2026-08-21T16:27:03.126 [term-indexed] branch=fallthrough-guardRgbBg index=157 rgb=175,255,175 luma=221 chroma=80 thresh=index not in {0,16,254,231,253,255} and not (bg && 0..15) out=0xff988049
2026-08-21T16:27:03.126 [term-indexed] branch=fallthrough-project index=158 rgb=175,255,215 luma=226 chroma=80 thresh=index not in {0,16,254,231,253,255} and not (bg && 0..15) out=0xff99ffe4
2026-08-21T16:27:03.126 [term-guard-bg] branch=luma-chroma-white rgb=175,255,215 luma=226 chroma=80 thresh=luma=226>=220 chroma=80>8 lumaMax=32 out=0xff988049
2026-08-21T16:27:03.126 [term-indexed] branch=fallthrough-guardRgbBg index=158 rgb=175,255,215 luma=226 chroma=80 thresh=index not in {0,16,254,231,253,255} and not (bg && 0..15) out=0xff988049
2026-08-21T16:27:03.126 [term-indexed] branch=fallthrough-project index=159 rgb=175,255,255 luma=231 chroma=80 thresh=index not in {0,16,254,231,253,255} and not (bg && 0..15) out=0xffffffff
2026-08-21T16:27:03.126 [term-guard-bg] branch=luma-chroma-white rgb=175,255,255 luma=231 chroma=80 thresh=luma=231>=220 chroma=80>8 lumaMax=32 out=0xff988049
2026-08-21T16:27:03.126 [term-indexed] branch=fallthrough-guardRgbBg index=159 rgb=175,255,255 luma=231 chroma=80 thresh=index not in {0,16,254,231,253,255} and not (bg && 0..15) out=0xff988049
2026-08-21T16:27:03.126 [term-indexed] branch=fallthrough-project index=160 rgb=215,0,0 luma=64 chroma=215 thresh=index not in {0,16,254,231,253,255} and not (bg && 0..15) out=0xffff8080
2026-08-21T16:27:03.127 [term-guard-bg] branch=project rgb=215,0,0 luma=64 chroma=215 thresh=luma=64 in (32,220) chroma=215 vs achromaMax=8 out=0xffff8080
2026-08-21T16:27:03.127 [term-indexed] branch=fallthrough-guardRgbBg index=160 rgb=215,0,0 luma=64 chroma=215 thresh=index not in {0,16,254,231,253,255} and not (bg && 0..15) out=0xffff8080
2026-08-21T16:27:03.127 [term-indexed] branch=fallthrough-project index=161 rgb=215,0,95 luma=75 chroma=215 thresh=index not in {0,16,254,231,253,255} and not (bg && 0..15) out=0xffea83a5
2026-08-21T16:27:03.127 [term-guard-bg] branch=project rgb=215,0,95 luma=75 chroma=215 thresh=luma=75 in (32,220) chroma=215 vs achromaMax=8 out=0xffea83a5
2026-08-21T16:27:03.127 [term-indexed] branch=fallthrough-guardRgbBg index=161 rgb=215,0,95 luma=75 chroma=215 thresh=index not in {0,16,254,231,253,255} and not (bg && 0..15) out=0xffea83a5
2026-08-21T16:27:03.127 [term-indexed] branch=fallthrough-project index=162 rgb=215,0,135 luma=79 chroma=215 thresh=index not in {0,16,254,231,253,255} and not (bg && 0..15) out=0xffea83a5
2026-08-21T16:27:03.127 [term-guard-bg] branch=project rgb=215,0,135 luma=79 chroma=215 thresh=luma=79 in (32,220) chroma=215 vs achromaMax=8 out=0xffea83a5
2026-08-21T16:27:03.127 [term-indexed] branch=fallthrough-guardRgbBg index=162 rgb=215,0,135 luma=79 chroma=215 thresh=index not in {0,16,254,231,253,255} and not (bg && 0..15) out=0xffea83a5
2026-08-21T16:27:03.127 [term-indexed] branch=fallthrough-project index=163 rgb=215,0,175 luma=84 chroma=215 thresh=index not in {0,16,254,231,253,255} and not (bg && 0..15) out=0xffea83a5
2026-08-21T16:27:03.127 [term-guard-bg] branch=project rgb=215,0,175 luma=84 chroma=215 thresh=luma=84 in (32,220) chroma=215 vs achromaMax=8 out=0xffea83a5
2026-08-21T16:27:03.128 [term-indexed] branch=fallthrough-guardRgbBg index=163 rgb=215,0,175 luma=84 chroma=215 thresh=index not in {0,16,254,231,253,255} and not (bg && 0..15) out=0xffea83a5
2026-08-21T16:27:03.128 [term-indexed] branch=fallthrough-project index=164 rgb=215,0,215 luma=88 chroma=215 thresh=index not in {0,16,254,231,253,255} and not (bg && 0..15) out=0xffea83a5
2026-08-21T16:27:03.128 [term-guard-bg] branch=project rgb=215,0,215 luma=88 chroma=215 thresh=luma=88 in (32,220) chroma=215 vs achromaMax=8 out=0xffea83a5
2026-08-21T16:27:03.128 [term-indexed] branch=fallthrough-guardRgbBg index=164 rgb=215,0,215 luma=88 chroma=215 thresh=index not in {0,16,254,231,253,255} and not (bg && 0..15) out=0xffea83a5
2026-08-21T16:27:03.128 [term-indexed] branch=fallthrough-project index=165 rgb=215,0,255 luma=93 chroma=255 thresh=index not in {0,16,254,231,253,255} and not (bg && 0..15) out=0xffea83a5
2026-08-21T16:27:03.128 [term-guard-bg] branch=project rgb=215,0,255 luma=93 chroma=255 thresh=luma=93 in (32,220) chroma=255 vs achromaMax=8 out=0xffea83a5
2026-08-21T16:27:03.128 [term-indexed] branch=fallthrough-guardRgbBg index=165 rgb=215,0,255 luma=93 chroma=255 thresh=index not in {0,16,254,231,253,255} and not (bg && 0..15) out=0xffea83a5
2026-08-21T16:27:03.128 [term-indexed] branch=fallthrough-project index=166 rgb=215,95,0 luma=120 chroma=215 thresh=index not in {0,16,254,231,253,255} and not (bg && 0..15) out=0xffff8080
2026-08-21T16:27:03.128 [term-guard-bg] branch=project rgb=215,95,0 luma=120 chroma=215 thresh=luma=120 in (32,220) chroma=215 vs achromaMax=8 out=0xffff8080
2026-08-21T16:27:03.128 [term-indexed] branch=fallthrough-guardRgbBg index=166 rgb=215,95,0 luma=120 chroma=215 thresh=index not in {0,16,254,231,253,255} and not (bg && 0..15) out=0xffff8080
2026-08-21T16:27:03.128 [term-indexed] branch=fallthrough-project index=167 rgb=215,95,95 luma=130 chroma=120 thresh=index not in {0,16,254,231,253,255} and not (bg && 0..15) out=0xffff8080
2026-08-21T16:27:03.128 [term-guard-bg] branch=project rgb=215,95,95 luma=130 chroma=120 thresh=luma=130 in (32,220) chroma=120 vs achromaMax=8 out=0xffff8080
2026-08-21T16:27:03.128 [term-indexed] branch=fallthrough-guardRgbBg index=167 rgb=215,95,95 luma=130 chroma=120 thresh=index not in {0,16,254,231,253,255} and not (bg && 0..15) out=0xffff8080
2026-08-21T16:27:03.128 [term-indexed] branch=fallthrough-project index=168 rgb=215,95,135 luma=135 chroma=120 thresh=index not in {0,16,254,231,253,255} and not (bg && 0..15) out=0xffea83a5
2026-08-21T16:27:03.129 [term-guard-bg] branch=project rgb=215,95,135 luma=135 chroma=120 thresh=luma=135 in (32,220) chroma=120 vs achromaMax=8 out=0xffea83a5
2026-08-21T16:27:03.129 [term-indexed] branch=fallthrough-guardRgbBg index=168 rgb=215,95,135 luma=135 chroma=120 thresh=index not in {0,16,254,231,253,255} and not (bg && 0..15) out=0xffea83a5
2026-08-21T16:27:03.129 [term-indexed] branch=fallthrough-project index=169 rgb=215,95,175 luma=140 chroma=120 thresh=index not in {0,16,254,231,253,255} and not (bg && 0..15) out=0xffea83a5
2026-08-21T16:27:03.129 [term-guard-bg] branch=project rgb=215,95,175 luma=140 chroma=120 thresh=luma=140 in (32,220) chroma=120 vs achromaMax=8 out=0xffea83a5
2026-08-21T16:27:03.129 [term-indexed] branch=fallthrough-guardRgbBg index=169 rgb=215,95,175 luma=140 chroma=120 thresh=index not in {0,16,254,231,253,255} and not (bg && 0..15) out=0xffea83a5
2026-08-21T16:27:03.129 [term-indexed] branch=fallthrough-project index=170 rgb=215,95,215 luma=144 chroma=120 thresh=index not in {0,16,254,231,253,255} and not (bg && 0..15) out=0xffea83a5
2026-08-21T16:27:03.129 [term-guard-bg] branch=project rgb=215,95,215 luma=144 chroma=120 thresh=luma=144 in (32,220) chroma=120 vs achromaMax=8 out=0xffea83a5
2026-08-21T16:27:03.129 [term-indexed] branch=fallthrough-guardRgbBg index=170 rgb=215,95,215 luma=144 chroma=120 thresh=index not in {0,16,254,231,253,255} and not (bg && 0..15) out=0xffea83a5
2026-08-21T16:27:03.129 [term-indexed] branch=fallthrough-project index=171 rgb=215,95,255 luma=149 chroma=160 thresh=index not in {0,16,254,231,253,255} and not (bg && 0..15) out=0xffea83a5
2026-08-21T16:27:03.129 [term-guard-bg] branch=project rgb=215,95,255 luma=149 chroma=160 thresh=luma=149 in (32,220) chroma=160 vs achromaMax=8 out=0xffea83a5
2026-08-21T16:27:03.130 [term-indexed] branch=fallthrough-guardRgbBg index=171 rgb=215,95,255 luma=149 chroma=160 thresh=index not in {0,16,254,231,253,255} and not (bg && 0..15) out=0xffea83a5
2026-08-21T16:27:03.130 [term-indexed] branch=fallthrough-project index=172 rgb=215,135,0 luma=143 chroma=215 thresh=index not in {0,16,254,231,253,255} and not (bg && 0..15) out=0xffff8080
2026-08-21T16:27:03.130 [term-guard-bg] branch=project rgb=215,135,0 luma=143 chroma=215 thresh=luma=143 in (32,220) chroma=215 vs achromaMax=8 out=0xffff8080
2026-08-21T16:27:03.130 [term-indexed] branch=fallthrough-guardRgbBg index=172 rgb=215,135,0 luma=143 chroma=215 thresh=index not in {0,16,254,231,253,255} and not (bg && 0..15) out=0xffff8080
2026-08-21T16:27:03.130 [term-indexed] branch=fallthrough-project index=173 rgb=215,135,95 luma=154 chroma=120 thresh=index not in {0,16,254,231,253,255} and not (bg && 0..15) out=0xffff8080
2026-08-21T16:27:03.130 [term-guard-bg] branch=project rgb=215,135,95 luma=154 chroma=120 thresh=luma=154 in (32,220) chroma=120 vs achromaMax=8 out=0xffff8080
2026-08-21T16:27:03.130 [term-indexed] branch=fallthrough-guardRgbBg index=173 rgb=215,135,95 luma=154 chroma=120 thresh=index not in {0,16,254,231,253,255} and not (bg && 0..15) out=0xffff8080
2026-08-21T16:27:03.130 [term-indexed] branch=fallthrough-project index=174 rgb=215,135,135 luma=158 chroma=80 thresh=index not in {0,16,254,231,253,255} and not (bg && 0..15) out=0xffea83a5
2026-08-21T16:27:03.130 [term-guard-bg] branch=project rgb=215,135,135 luma=158 chroma=80 thresh=luma=158 in (32,220) chroma=80 vs achromaMax=8 out=0xffea83a5
2026-08-21T16:27:03.130 [term-indexed] branch=fallthrough-guardRgbBg index=174 rgb=215,135,135 luma=158 chroma=80 thresh=index not in {0,16,254,231,253,255} and not (bg && 0..15) out=0xffea83a5
2026-08-21T16:27:03.130 [term-indexed] branch=fallthrough-project index=175 rgb=215,135,175 luma=163 chroma=80 thresh=index not in {0,16,254,231,253,255} and not (bg && 0..15) out=0xffea83a5
2026-08-21T16:27:03.130 [term-guard-bg] branch=project rgb=215,135,175 luma=163 chroma=80 thresh=luma=163 in (32,220) chroma=80 vs achromaMax=8 out=0xffea83a5
2026-08-21T16:27:03.131 [term-indexed] branch=fallthrough-guardRgbBg index=175 rgb=215,135,175 luma=163 chroma=80 thresh=index not in {0,16,254,231,253,255} and not (bg && 0..15) out=0xffea83a5
2026-08-21T16:27:03.131 [term-indexed] branch=fallthrough-project index=176 rgb=215,135,215 luma=168 chroma=80 thresh=index not in {0,16,254,231,253,255} and not (bg && 0..15) out=0xffe29eca
2026-08-21T16:27:03.131 [term-guard-bg] branch=project rgb=215,135,215 luma=168 chroma=80 thresh=luma=168 in (32,220) chroma=80 vs achromaMax=8 out=0xffe29eca
2026-08-21T16:27:03.131 [term-indexed] branch=fallthrough-guardRgbBg index=176 rgb=215,135,215 luma=168 chroma=80 thresh=index not in {0,16,254,231,253,255} and not (bg && 0..15) out=0xffe29eca
2026-08-21T16:27:03.131 [term-indexed] branch=fallthrough-project index=177 rgb=215,135,255 luma=172 chroma=120 thresh=index not in {0,16,254,231,253,255} and not (bg && 0..15) out=0xffe29eca
2026-08-21T16:27:03.131 [term-guard-bg] branch=project rgb=215,135,255 luma=172 chroma=120 thresh=luma=172 in (32,220) chroma=120 vs achromaMax=8 out=0xffe29eca
2026-08-21T16:27:03.131 [term-indexed] branch=fallthrough-guardRgbBg index=177 rgb=215,135,255 luma=172 chroma=120 thresh=index not in {0,16,254,231,253,255} and not (bg && 0..15) out=0xffe29eca
2026-08-21T16:27:03.131 [term-indexed] branch=fallthrough-project index=178 rgb=215,175,0 luma=167 chroma=215 thresh=index not in {0,16,254,231,253,255} and not (bg && 0..15) out=0xffe6b99d
2026-08-21T16:27:03.131 [term-guard-bg] branch=project rgb=215,175,0 luma=167 chroma=215 thresh=luma=167 in (32,220) chroma=215 vs achromaMax=8 out=0xffe6b99d
2026-08-21T16:27:03.131 [term-indexed] branch=fallthrough-guardRgbBg index=178 rgb=215,175,0 luma=167 chroma=215 thresh=index not in {0,16,254,231,253,255} and not (bg && 0..15) out=0xffe6b99d
2026-08-21T16:27:03.131 [term-indexed] branch=fallthrough-project index=179 rgb=215,175,95 luma=177 chroma=120 thresh=index not in {0,16,254,231,253,255} and not (bg && 0..15) out=0xffe6b99d
2026-08-21T16:27:03.131 [term-guard-bg] branch=project rgb=215,175,95 luma=177 chroma=120 thresh=luma=177 in (32,220) chroma=120 vs achromaMax=8 out=0xffe6b99d
2026-08-21T16:27:03.131 [term-indexed] branch=fallthrough-guardRgbBg index=179 rgb=215,175,95 luma=177 chroma=120 thresh=index not in {0,16,254,231,253,255} and not (bg && 0..15) out=0xffe6b99d
2026-08-21T16:27:03.131 [term-indexed] branch=fallthrough-project index=180 rgb=215,175,135 luma=182 chroma=80 thresh=index not in {0,16,254,231,253,255} and not (bg && 0..15) out=0xff90b99f
2026-08-21T16:27:03.131 [term-guard-bg] branch=project rgb=215,175,135 luma=182 chroma=80 thresh=luma=182 in (32,220) chroma=80 vs achromaMax=8 out=0xff90b99f
2026-08-21T16:27:03.131 [term-indexed] branch=fallthrough-guardRgbBg index=180 rgb=215,175,135 luma=182 chroma=80 thresh=index not in {0,16,254,231,253,255} and not (bg && 0..15) out=0xff90b99f
2026-08-21T16:27:03.131 [term-indexed] branch=fallthrough-project index=181 rgb=215,175,175 luma=186 chroma=40 thresh=index not in {0,16,254,231,253,255} and not (bg && 0..15) out=0xffa0a0a0
2026-08-21T16:27:03.131 [term-guard-bg] branch=project rgb=215,175,175 luma=186 chroma=40 thresh=luma=186 in (32,220) chroma=40 vs achromaMax=8 out=0xffa0a0a0
2026-08-21T16:27:03.131 [term-indexed] branch=fallthrough-guardRgbBg index=181 rgb=215,175,175 luma=186 chroma=40 thresh=index not in {0,16,254,231,253,255} and not (bg && 0..15) out=0xffa0a0a0
2026-08-21T16:27:03.132 [term-indexed] branch=fallthrough-project index=182 rgb=215,175,215 luma=191 chroma=40 thresh=index not in {0,16,254,231,253,255} and not (bg && 0..15) out=0xffa0a0a0
2026-08-21T16:27:03.132 [term-guard-bg] branch=project rgb=215,175,215 luma=191 chroma=40 thresh=luma=191 in (32,220) chroma=40 vs achromaMax=8 out=0xffa0a0a0
2026-08-21T16:27:03.132 [term-indexed] branch=fallthrough-guardRgbBg index=182 rgb=215,175,215 luma=191 chroma=40 thresh=index not in {0,16,254,231,253,255} and not (bg && 0..15) out=0xffa0a0a0
2026-08-21T16:27:03.132 [term-indexed] branch=fallthrough-project index=183 rgb=215,175,255 luma=196 chroma=80 thresh=index not in {0,16,254,231,253,255} and not (bg && 0..15) out=0xffecaad6
2026-08-21T16:27:03.132 [term-guard-bg] branch=project rgb=215,175,255 luma=196 chroma=80 thresh=luma=196 in (32,220) chroma=80 vs achromaMax=8 out=0xffecaad6
2026-08-21T16:27:03.132 [term-indexed] branch=fallthrough-guardRgbBg index=183 rgb=215,175,255 luma=196 chroma=80 thresh=index not in {0,16,254,231,253,255} and not (bg && 0..15) out=0xffecaad6
2026-08-21T16:27:03.132 [term-indexed] branch=fallthrough-project index=184 rgb=215,215,0 luma=190 chroma=215 thresh=index not in {0,16,254,231,253,255} and not (bg && 0..15) out=0xffffc799
2026-08-21T16:27:03.132 [term-guard-bg] branch=project rgb=215,215,0 luma=190 chroma=215 thresh=luma=190 in (32,220) chroma=215 vs achromaMax=8 out=0xffffc799
2026-08-21T16:27:03.132 [term-indexed] branch=fallthrough-guardRgbBg index=184 rgb=215,215,0 luma=190 chroma=215 thresh=index not in {0,16,254,231,253,255} and not (bg && 0..15) out=0xffffc799
2026-08-21T16:27:03.132 [term-indexed] branch=fallthrough-project index=185 rgb=215,215,95 luma=201 chroma=120 thresh=index not in {0,16,254,231,253,255} and not (bg && 0..15) out=0xffffc799
2026-08-21T16:27:03.132 [term-guard-bg] branch=project rgb=215,215,95 luma=201 chroma=120 thresh=luma=201 in (32,220) chroma=120 vs achromaMax=8 out=0xffffc799
2026-08-21T16:27:03.132 [term-indexed] branch=fallthrough-guardRgbBg index=185 rgb=215,215,95 luma=201 chroma=120 thresh=index not in {0,16,254,231,253,255} and not (bg && 0..15) out=0xffffc799
2026-08-21T16:27:03.132 [term-indexed] branch=fallthrough-project index=186 rgb=215,215,135 luma=205 chroma=80 thresh=index not in {0,16,254,231,253,255} and not (bg && 0..15) out=0xffffc799
2026-08-21T16:27:03.132 [term-guard-bg] branch=project rgb=215,215,135 luma=205 chroma=80 thresh=luma=205 in (32,220) chroma=80 vs achromaMax=8 out=0xffffc799
2026-08-21T16:27:03.132 [term-indexed] branch=fallthrough-guardRgbBg index=186 rgb=215,215,135 luma=205 chroma=80 thresh=index not in {0,16,254,231,253,255} and not (bg && 0..15) out=0xffffc799
2026-08-21T16:27:03.132 [term-indexed] branch=fallthrough-project index=187 rgb=215,215,175 luma=210 chroma=40 thresh=index not in {0,16,254,231,253,255} and not (bg && 0..15) out=0xff90b99f
2026-08-21T16:27:03.132 [term-guard-bg] branch=project rgb=215,215,175 luma=210 chroma=40 thresh=luma=210 in (32,220) chroma=40 vs achromaMax=8 out=0xff90b99f
2026-08-21T16:27:03.132 [term-indexed] branch=fallthrough-guardRgbBg index=187 rgb=215,215,175 luma=210 chroma=40 thresh=index not in {0,16,254,231,253,255} and not (bg && 0..15) out=0xff90b99f
2026-08-21T16:27:03.132 [term-indexed] branch=fallthrough-project index=188 rgb=215,215,215 luma=215 chroma=0 thresh=index not in {0,16,254,231,253,255} and not (bg && 0..15) out=0xffffffff
2026-08-21T16:27:03.133 [term-guard-bg] branch=project rgb=215,215,215 luma=215 chroma=0 thresh=luma=215 in (32,220) chroma=0 vs achromaMax=8 out=0xffffffff
2026-08-21T16:27:03.133 [term-indexed] branch=fallthrough-guardRgbBg index=188 rgb=215,215,215 luma=215 chroma=0 thresh=index not in {0,16,254,231,253,255} and not (bg && 0..15) out=0xffffffff
2026-08-21T16:27:03.133 [term-indexed] branch=fallthrough-project index=189 rgb=215,215,255 luma=219 chroma=40 thresh=index not in {0,16,254,231,253,255} and not (bg && 0..15) out=0xffffffff
2026-08-21T16:27:03.133 [term-guard-bg] branch=project rgb=215,215,255 luma=219 chroma=40 thresh=luma=219 in (32,220) chroma=40 vs achromaMax=8 out=0xffffffff
2026-08-21T16:27:03.133 [term-indexed] branch=fallthrough-guardRgbBg index=189 rgb=215,215,255 luma=219 chroma=40 thresh=index not in {0,16,254,231,253,255} and not (bg && 0..15) out=0xffffffff
2026-08-21T16:27:03.133 [term-indexed] branch=fallthrough-project index=190 rgb=215,255,0 luma=213 chroma=255 thresh=index not in {0,16,254,231,253,255} and not (bg && 0..15) out=0xff99ffe4
2026-08-21T16:27:03.133 [term-guard-bg] branch=project rgb=215,255,0 luma=213 chroma=255 thresh=luma=213 in (32,220) chroma=255 vs achromaMax=8 out=0xff99ffe4
2026-08-21T16:27:03.133 [term-indexed] branch=fallthrough-guardRgbBg index=190 rgb=215,255,0 luma=213 chroma=255 thresh=index not in {0,16,254,231,253,255} and not (bg && 0..15) out=0xff99ffe4
2026-08-21T16:27:03.133 [term-indexed] branch=fallthrough-project index=191 rgb=215,255,95 luma=224 chroma=160 thresh=index not in {0,16,254,231,253,255} and not (bg && 0..15) out=0xff99ffe4
2026-08-21T16:27:03.133 [term-guard-bg] branch=luma-chroma-white rgb=215,255,95 luma=224 chroma=160 thresh=luma=224>=220 chroma=160>8 lumaMax=32 out=0xff988049
2026-08-21T16:27:03.133 [term-indexed] branch=fallthrough-guardRgbBg index=191 rgb=215,255,95 luma=224 chroma=160 thresh=index not in {0,16,254,231,253,255} and not (bg && 0..15) out=0xff988049
2026-08-21T16:27:03.133 [term-indexed] branch=fallthrough-project index=192 rgb=215,255,135 luma=229 chroma=120 thresh=index not in {0,16,254,231,253,255} and not (bg && 0..15) out=0xff99ffe4
2026-08-21T16:27:03.134 [term-guard-bg] branch=luma-chroma-white rgb=215,255,135 luma=229 chroma=120 thresh=luma=229>=220 chroma=120>8 lumaMax=32 out=0xff988049
2026-08-21T16:27:03.134 [term-indexed] branch=fallthrough-guardRgbBg index=192 rgb=215,255,135 luma=229 chroma=120 thresh=index not in {0,16,254,231,253,255} and not (bg && 0..15) out=0xff988049
2026-08-21T16:27:03.134 [term-indexed] branch=fallthrough-project index=193 rgb=215,255,175 luma=233 chroma=80 thresh=index not in {0,16,254,231,253,255} and not (bg && 0..15) out=0xff99ffe4
2026-08-21T16:27:03.134 [term-guard-bg] branch=luma-chroma-white rgb=215,255,175 luma=233 chroma=80 thresh=luma=233>=220 chroma=80>8 lumaMax=32 out=0xff988049
2026-08-21T16:27:03.134 [term-indexed] branch=fallthrough-guardRgbBg index=193 rgb=215,255,175 luma=233 chroma=80 thresh=index not in {0,16,254,231,253,255} and not (bg && 0..15) out=0xff988049
2026-08-21T16:27:03.134 [term-indexed] branch=fallthrough-project index=194 rgb=215,255,215 luma=238 chroma=40 thresh=index not in {0,16,254,231,253,255} and not (bg && 0..15) out=0xffffffff
2026-08-21T16:27:03.134 [term-guard-bg] branch=luma-chroma-white rgb=215,255,215 luma=238 chroma=40 thresh=luma=238>=220 chroma=40>8 lumaMax=32 out=0xff988049
2026-08-21T16:27:03.134 [term-indexed] branch=fallthrough-guardRgbBg index=194 rgb=215,255,215 luma=238 chroma=40 thresh=index not in {0,16,254,231,253,255} and not (bg && 0..15) out=0xff988049
2026-08-21T16:27:03.134 [term-indexed] branch=fallthrough-project index=195 rgb=215,255,255 luma=243 chroma=40 thresh=index not in {0,16,254,231,253,255} and not (bg && 0..15) out=0xffffffff
2026-08-21T16:27:03.134 [term-guard-bg] branch=luma-chroma-white rgb=215,255,255 luma=243 chroma=40 thresh=luma=243>=220 chroma=40>8 lumaMax=32 out=0xff988049
2026-08-21T16:27:03.134 [term-indexed] branch=fallthrough-guardRgbBg index=195 rgb=215,255,255 luma=243 chroma=40 thresh=index not in {0,16,254,231,253,255} and not (bg && 0..15) out=0xff988049
2026-08-21T16:27:03.134 [term-indexed] branch=fallthrough-project index=196 rgb=255,0,0 luma=76 chroma=255 thresh=index not in {0,16,254,231,253,255} and not (bg && 0..15) out=0xffff8080
2026-08-21T16:27:03.134 [term-guard-bg] branch=project rgb=255,0,0 luma=76 chroma=255 thresh=luma=76 in (32,220) chroma=255 vs achromaMax=8 out=0xffff8080
2026-08-21T16:27:03.134 [term-indexed] branch=fallthrough-guardRgbBg index=196 rgb=255,0,0 luma=76 chroma=255 thresh=index not in {0,16,254,231,253,255} and not (bg && 0..15) out=0xffff8080
2026-08-21T16:27:03.134 [term-indexed] branch=fallthrough-project index=197 rgb=255,0,95 luma=87 chroma=255 thresh=index not in {0,16,254,231,253,255} and not (bg && 0..15) out=0xffff8080
2026-08-21T16:27:03.134 [term-guard-bg] branch=project rgb=255,0,95 luma=87 chroma=255 thresh=luma=87 in (32,220) chroma=255 vs achromaMax=8 out=0xffff8080
2026-08-21T16:27:03.134 [term-indexed] branch=fallthrough-guardRgbBg index=197 rgb=255,0,95 luma=87 chroma=255 thresh=index not in {0,16,254,231,253,255} and not (bg && 0..15) out=0xffff8080
2026-08-21T16:27:03.135 [term-indexed] branch=fallthrough-project index=198 rgb=255,0,135 luma=91 chroma=255 thresh=index not in {0,16,254,231,253,255} and not (bg && 0..15) out=0xffea83a5
2026-08-21T16:27:03.135 [term-guard-bg] branch=project rgb=255,0,135 luma=91 chroma=255 thresh=luma=91 in (32,220) chroma=255 vs achromaMax=8 out=0xffea83a5
2026-08-21T16:27:03.135 [term-indexed] branch=fallthrough-guardRgbBg index=198 rgb=255,0,135 luma=91 chroma=255 thresh=index not in {0,16,254,231,253,255} and not (bg && 0..15) out=0xffea83a5
2026-08-21T16:27:03.135 [term-indexed] branch=fallthrough-project index=199 rgb=255,0,175 luma=96 chroma=255 thresh=index not in {0,16,254,231,253,255} and not (bg && 0..15) out=0xffea83a5
2026-08-21T16:27:03.135 [term-guard-bg] branch=project rgb=255,0,175 luma=96 chroma=255 thresh=luma=96 in (32,220) chroma=255 vs achromaMax=8 out=0xffea83a5
2026-08-21T16:27:03.135 [term-indexed] branch=fallthrough-guardRgbBg index=199 rgb=255,0,175 luma=96 chroma=255 thresh=index not in {0,16,254,231,253,255} and not (bg && 0..15) out=0xffea83a5
2026-08-21T16:27:03.135 [term-indexed] branch=fallthrough-project index=200 rgb=255,0,215 luma=100 chroma=255 thresh=index not in {0,16,254,231,253,255} and not (bg && 0..15) out=0xffea83a5
2026-08-21T16:27:03.135 [term-guard-bg] branch=project rgb=255,0,215 luma=100 chroma=255 thresh=luma=100 in (32,220) chroma=255 vs achromaMax=8 out=0xffea83a5
2026-08-21T16:27:03.135 [term-indexed] branch=fallthrough-guardRgbBg index=200 rgb=255,0,215 luma=100 chroma=255 thresh=index not in {0,16,254,231,253,255} and not (bg && 0..15) out=0xffea83a5
2026-08-21T16:27:03.135 [term-indexed] branch=fallthrough-project index=201 rgb=255,0,255 luma=105 chroma=255 thresh=index not in {0,16,254,231,253,255} and not (bg && 0..15) out=0xffea83a5
2026-08-21T16:27:03.135 [term-guard-bg] branch=project rgb=255,0,255 luma=105 chroma=255 thresh=luma=105 in (32,220) chroma=255 vs achromaMax=8 out=0xffea83a5
2026-08-21T16:27:03.135 [term-indexed] branch=fallthrough-guardRgbBg index=201 rgb=255,0,255 luma=105 chroma=255 thresh=index not in {0,16,254,231,253,255} and not (bg && 0..15) out=0xffea83a5
2026-08-21T16:27:03.135 [term-indexed] branch=fallthrough-project index=202 rgb=255,95,0 luma=132 chroma=255 thresh=index not in {0,16,254,231,253,255} and not (bg && 0..15) out=0xffff8080
2026-08-21T16:27:03.135 [term-guard-bg] branch=project rgb=255,95,0 luma=132 chroma=255 thresh=luma=132 in (32,220) chroma=255 vs achromaMax=8 out=0xffff8080
2026-08-21T16:27:03.135 [term-indexed] branch=fallthrough-guardRgbBg index=202 rgb=255,95,0 luma=132 chroma=255 thresh=index not in {0,16,254,231,253,255} and not (bg && 0..15) out=0xffff8080
2026-08-21T16:27:03.135 [term-indexed] branch=fallthrough-project index=203 rgb=255,95,95 luma=142 chroma=160 thresh=index not in {0,16,254,231,253,255} and not (bg && 0..15) out=0xffff8080
2026-08-21T16:27:03.135 [term-guard-bg] branch=project rgb=255,95,95 luma=142 chroma=160 thresh=luma=142 in (32,220) chroma=160 vs achromaMax=8 out=0xffff8080
2026-08-21T16:27:03.135 [term-indexed] branch=fallthrough-guardRgbBg index=203 rgb=255,95,95 luma=142 chroma=160 thresh=index not in {0,16,254,231,253,255} and not (bg && 0..15) out=0xffff8080
2026-08-21T16:27:03.136 [term-indexed] branch=fallthrough-project index=204 rgb=255,95,135 luma=147 chroma=160 thresh=index not in {0,16,254,231,253,255} and not (bg && 0..15) out=0xffff8080
2026-08-21T16:27:03.136 [term-guard-bg] branch=project rgb=255,95,135 luma=147 chroma=160 thresh=luma=147 in (32,220) chroma=160 vs achromaMax=8 out=0xffff8080
2026-08-21T16:27:03.136 [term-indexed] branch=fallthrough-guardRgbBg index=204 rgb=255,95,135 luma=147 chroma=160 thresh=index not in {0,16,254,231,253,255} and not (bg && 0..15) out=0xffff8080
2026-08-21T16:27:03.136 [term-indexed] branch=fallthrough-project index=205 rgb=255,95,175 luma=151 chroma=160 thresh=index not in {0,16,254,231,253,255} and not (bg && 0..15) out=0xffea83a5
2026-08-21T16:27:03.136 [term-guard-bg] branch=project rgb=255,95,175 luma=151 chroma=160 thresh=luma=151 in (32,220) chroma=160 vs achromaMax=8 out=0xffea83a5
2026-08-21T16:27:03.136 [term-indexed] branch=fallthrough-guardRgbBg index=205 rgb=255,95,175 luma=151 chroma=160 thresh=index not in {0,16,254,231,253,255} and not (bg && 0..15) out=0xffea83a5
2026-08-21T16:27:03.136 [term-indexed] branch=fallthrough-project index=206 rgb=255,95,215 luma=156 chroma=160 thresh=index not in {0,16,254,231,253,255} and not (bg && 0..15) out=0xffea83a5
2026-08-21T16:27:03.136 [term-guard-bg] branch=project rgb=255,95,215 luma=156 chroma=160 thresh=luma=156 in (32,220) chroma=160 vs achromaMax=8 out=0xffea83a5
2026-08-21T16:27:03.136 [term-indexed] branch=fallthrough-guardRgbBg index=206 rgb=255,95,215 luma=156 chroma=160 thresh=index not in {0,16,254,231,253,255} and not (bg && 0..15) out=0xffea83a5
2026-08-21T16:27:03.136 [term-indexed] branch=fallthrough-project index=207 rgb=255,95,255 luma=161 chroma=160 thresh=index not in {0,16,254,231,253,255} and not (bg && 0..15) out=0xffea83a5
2026-08-21T16:27:03.136 [term-guard-bg] branch=project rgb=255,95,255 luma=161 chroma=160 thresh=luma=161 in (32,220) chroma=160 vs achromaMax=8 out=0xffea83a5
2026-08-21T16:27:03.136 [term-indexed] branch=fallthrough-guardRgbBg index=207 rgb=255,95,255 luma=161 chroma=160 thresh=index not in {0,16,254,231,253,255} and not (bg && 0..15) out=0xffea83a5
2026-08-21T16:27:03.136 [term-indexed] branch=fallthrough-project index=208 rgb=255,135,0 luma=155 chroma=255 thresh=index not in {0,16,254,231,253,255} and not (bg && 0..15) out=0xffff8080
2026-08-21T16:27:03.136 [term-guard-bg] branch=project rgb=255,135,0 luma=155 chroma=255 thresh=luma=155 in (32,220) chroma=255 vs achromaMax=8 out=0xffff8080
2026-08-21T16:27:03.136 [term-indexed] branch=fallthrough-guardRgbBg index=208 rgb=255,135,0 luma=155 chroma=255 thresh=index not in {0,16,254,231,253,255} and not (bg && 0..15) out=0xffff8080
2026-08-21T16:27:03.136 [term-indexed] branch=fallthrough-project index=209 rgb=255,135,95 luma=166 chroma=160 thresh=index not in {0,16,254,231,253,255} and not (bg && 0..15) out=0xffff8080
2026-08-21T16:27:03.136 [term-guard-bg] branch=project rgb=255,135,95 luma=166 chroma=160 thresh=luma=166 in (32,220) chroma=160 vs achromaMax=8 out=0xffff8080
2026-08-21T16:27:03.136 [term-indexed] branch=fallthrough-guardRgbBg index=209 rgb=255,135,95 luma=166 chroma=160 thresh=index not in {0,16,254,231,253,255} and not (bg && 0..15) out=0xffff8080
2026-08-21T16:27:03.136 [term-indexed] branch=fallthrough-project index=210 rgb=255,135,135 luma=170 chroma=120 thresh=index not in {0,16,254,231,253,255} and not (bg && 0..15) out=0xffff8080
2026-08-21T16:27:03.137 [term-guard-bg] branch=project rgb=255,135,135 luma=170 chroma=120 thresh=luma=170 in (32,220) chroma=120 vs achromaMax=8 out=0xffff8080
2026-08-21T16:27:03.137 [term-indexed] branch=fallthrough-guardRgbBg index=210 rgb=255,135,135 luma=170 chroma=120 thresh=index not in {0,16,254,231,253,255} and not (bg && 0..15) out=0xffff8080
2026-08-21T16:27:03.137 [term-indexed] branch=fallthrough-project index=211 rgb=255,135,175 luma=175 chroma=120 thresh=index not in {0,16,254,231,253,255} and not (bg && 0..15) out=0xfff591b2
2026-08-21T16:27:03.137 [term-guard-bg] branch=project rgb=255,135,175 luma=175 chroma=120 thresh=luma=175 in (32,220) chroma=120 vs achromaMax=8 out=0xfff591b2
2026-08-21T16:27:03.137 [term-indexed] branch=fallthrough-guardRgbBg index=211 rgb=255,135,175 luma=175 chroma=120 thresh=index not in {0,16,254,231,253,255} and not (bg && 0..15) out=0xfff591b2
2026-08-21T16:27:03.137 [term-indexed] branch=fallthrough-project index=212 rgb=255,135,215 luma=180 chroma=120 thresh=index not in {0,16,254,231,253,255} and not (bg && 0..15) out=0xfff591b2
2026-08-21T16:27:03.137 [term-guard-bg] branch=project rgb=255,135,215 luma=180 chroma=120 thresh=luma=180 in (32,220) chroma=120 vs achromaMax=8 out=0xfff591b2
2026-08-21T16:27:03.137 [term-indexed] branch=fallthrough-guardRgbBg index=212 rgb=255,135,215 luma=180 chroma=120 thresh=index not in {0,16,254,231,253,255} and not (bg && 0..15) out=0xfff591b2
2026-08-21T16:27:03.137 [term-indexed] branch=fallthrough-project index=213 rgb=255,135,255 luma=184 chroma=120 thresh=index not in {0,16,254,231,253,255} and not (bg && 0..15) out=0xffe29eca
2026-08-21T16:27:03.137 [term-guard-bg] branch=project rgb=255,135,255 luma=184 chroma=120 thresh=luma=184 in (32,220) chroma=120 vs achromaMax=8 out=0xffe29eca
2026-08-21T16:27:03.137 [term-indexed] branch=fallthrough-guardRgbBg index=213 rgb=255,135,255 luma=184 chroma=120 thresh=index not in {0,16,254,231,253,255} and not (bg && 0..15) out=0xffe29eca
2026-08-21T16:27:03.137 [term-indexed] branch=fallthrough-project index=214 rgb=255,175,0 luma=178 chroma=255 thresh=index not in {0,16,254,231,253,255} and not (bg && 0..15) out=0xffffc799
2026-08-21T16:27:03.137 [term-guard-bg] branch=project rgb=255,175,0 luma=178 chroma=255 thresh=luma=178 in (32,220) chroma=255 vs achromaMax=8 out=0xffffc799
2026-08-21T16:27:03.137 [term-indexed] branch=fallthrough-guardRgbBg index=214 rgb=255,175,0 luma=178 chroma=255 thresh=index not in {0,16,254,231,253,255} and not (bg && 0..15) out=0xffffc799
2026-08-21T16:27:03.137 [term-indexed] branch=fallthrough-project index=215 rgb=255,175,95 luma=189 chroma=160 thresh=index not in {0,16,254,231,253,255} and not (bg && 0..15) out=0xffffc799
2026-08-21T16:27:03.137 [term-guard-bg] branch=project rgb=255,175,95 luma=189 chroma=160 thresh=luma=189 in (32,220) chroma=160 vs achromaMax=8 out=0xffffc799
2026-08-21T16:27:03.137 [term-indexed] branch=fallthrough-guardRgbBg index=215 rgb=255,175,95 luma=189 chroma=160 thresh=index not in {0,16,254,231,253,255} and not (bg && 0..15) out=0xffffc799
2026-08-21T16:27:03.137 [term-indexed] branch=fallthrough-project index=216 rgb=255,175,135 luma=194 chroma=120 thresh=index not in {0,16,254,231,253,255} and not (bg && 0..15) out=0xffe6b99d
2026-08-21T16:27:03.138 [term-guard-bg] branch=project rgb=255,175,135 luma=194 chroma=120 thresh=luma=194 in (32,220) chroma=120 vs achromaMax=8 out=0xffe6b99d
2026-08-21T16:27:03.138 [term-indexed] branch=fallthrough-guardRgbBg index=216 rgb=255,175,135 luma=194 chroma=120 thresh=index not in {0,16,254,231,253,255} and not (bg && 0..15) out=0xffe6b99d
2026-08-21T16:27:03.138 [term-indexed] branch=fallthrough-project index=217 rgb=255,175,175 luma=198 chroma=80 thresh=index not in {0,16,254,231,253,255} and not (bg && 0..15) out=0xfff5a191
2026-08-21T16:27:03.138 [term-guard-bg] branch=project rgb=255,175,175 luma=198 chroma=80 thresh=luma=198 in (32,220) chroma=80 vs achromaMax=8 out=0xfff5a191
2026-08-21T16:27:03.138 [term-indexed] branch=fallthrough-guardRgbBg index=217 rgb=255,175,175 luma=198 chroma=80 thresh=index not in {0,16,254,231,253,255} and not (bg && 0..15) out=0xfff5a191
2026-08-21T16:27:03.138 [term-indexed] branch=fallthrough-project index=218 rgb=255,175,215 luma=203 chroma=80 thresh=index not in {0,16,254,231,253,255} and not (bg && 0..15) out=0xffecaad6
2026-08-21T16:27:03.138 [term-guard-bg] branch=project rgb=255,175,215 luma=203 chroma=80 thresh=luma=203 in (32,220) chroma=80 vs achromaMax=8 out=0xffecaad6
2026-08-21T16:27:03.138 [term-indexed] branch=fallthrough-guardRgbBg index=218 rgb=255,175,215 luma=203 chroma=80 thresh=index not in {0,16,254,231,253,255} and not (bg && 0..15) out=0xffecaad6
2026-08-21T16:27:03.138 [term-indexed] branch=fallthrough-project index=219 rgb=255,175,255 luma=208 chroma=80 thresh=index not in {0,16,254,231,253,255} and not (bg && 0..15) out=0xffecaad6
2026-08-21T16:27:03.138 [term-guard-bg] branch=project rgb=255,175,255 luma=208 chroma=80 thresh=luma=208 in (32,220) chroma=80 vs achromaMax=8 out=0xffecaad6
2026-08-21T16:27:03.138 [term-indexed] branch=fallthrough-guardRgbBg index=219 rgb=255,175,255 luma=208 chroma=80 thresh=index not in {0,16,254,231,253,255} and not (bg && 0..15) out=0xffecaad6
2026-08-21T16:27:03.138 [term-indexed] branch=fallthrough-project index=220 rgb=255,215,0 luma=202 chroma=255 thresh=index not in {0,16,254,231,253,255} and not (bg && 0..15) out=0xffffc799
2026-08-21T16:27:03.138 [term-guard-bg] branch=project rgb=255,215,0 luma=202 chroma=255 thresh=luma=202 in (32,220) chroma=255 vs achromaMax=8 out=0xffffc799
2026-08-21T16:27:03.138 [term-indexed] branch=fallthrough-guardRgbBg index=220 rgb=255,215,0 luma=202 chroma=255 thresh=index not in {0,16,254,231,253,255} and not (bg && 0..15) out=0xffffc799
2026-08-21T16:27:03.138 [term-indexed] branch=fallthrough-project index=221 rgb=255,215,95 luma=213 chroma=160 thresh=index not in {0,16,254,231,253,255} and not (bg && 0..15) out=0xffffc799
2026-08-21T16:27:03.138 [term-guard-bg] branch=project rgb=255,215,95 luma=213 chroma=160 thresh=luma=213 in (32,220) chroma=160 vs achromaMax=8 out=0xffffc799
2026-08-21T16:27:03.138 [term-indexed] branch=fallthrough-guardRgbBg index=221 rgb=255,215,95 luma=213 chroma=160 thresh=index not in {0,16,254,231,253,255} and not (bg && 0..15) out=0xffffc799
2026-08-21T16:27:03.139 [term-indexed] branch=fallthrough-project index=222 rgb=255,215,135 luma=217 chroma=120 thresh=index not in {0,16,254,231,253,255} and not (bg && 0..15) out=0xffffc799
2026-08-21T16:27:03.139 [term-guard-bg] branch=project rgb=255,215,135 luma=217 chroma=120 thresh=luma=217 in (32,220) chroma=120 vs achromaMax=8 out=0xffffc799
2026-08-21T16:27:03.139 [term-indexed] branch=fallthrough-guardRgbBg index=222 rgb=255,215,135 luma=217 chroma=120 thresh=index not in {0,16,254,231,253,255} and not (bg && 0..15) out=0xffffc799
2026-08-21T16:27:03.139 [term-indexed] branch=fallthrough-project index=223 rgb=255,215,175 luma=222 chroma=80 thresh=index not in {0,16,254,231,253,255} and not (bg && 0..15) out=0xffffffff
2026-08-21T16:27:03.139 [term-guard-bg] branch=luma-chroma-white rgb=255,215,175 luma=222 chroma=80 thresh=luma=222>=220 chroma=80>8 lumaMax=32 out=0xff988049
2026-08-21T16:27:03.139 [term-indexed] branch=fallthrough-guardRgbBg index=223 rgb=255,215,175 luma=222 chroma=80 thresh=index not in {0,16,254,231,253,255} and not (bg && 0..15) out=0xff988049
2026-08-21T16:27:03.139 [term-indexed] branch=fallthrough-project index=224 rgb=255,215,215 luma=226 chroma=40 thresh=index not in {0,16,254,231,253,255} and not (bg && 0..15) out=0xffffffff
2026-08-21T16:27:03.139 [term-guard-bg] branch=luma-chroma-white rgb=255,215,215 luma=226 chroma=40 thresh=luma=226>=220 chroma=40>8 lumaMax=32 out=0xff988049
2026-08-21T16:27:03.139 [term-indexed] branch=fallthrough-guardRgbBg index=224 rgb=255,215,215 luma=226 chroma=40 thresh=index not in {0,16,254,231,253,255} and not (bg && 0..15) out=0xff988049
2026-08-21T16:27:03.139 [term-indexed] branch=fallthrough-project index=225 rgb=255,215,255 luma=231 chroma=40 thresh=index not in {0,16,254,231,253,255} and not (bg && 0..15) out=0xffffffff
2026-08-21T16:27:03.139 [term-guard-bg] branch=luma-chroma-white rgb=255,215,255 luma=231 chroma=40 thresh=luma=231>=220 chroma=40>8 lumaMax=32 out=0xff988049
2026-08-21T16:27:03.139 [term-indexed] branch=fallthrough-guardRgbBg index=225 rgb=255,215,255 luma=231 chroma=40 thresh=index not in {0,16,254,231,253,255} and not (bg && 0..15) out=0xff988049
2026-08-21T16:27:03.139 [term-indexed] branch=fallthrough-project index=226 rgb=255,255,0 luma=225 chroma=255 thresh=index not in {0,16,254,231,253,255} and not (bg && 0..15) out=0xffffc799
2026-08-21T16:27:03.139 [term-guard-bg] branch=luma-chroma-white rgb=255,255,0 luma=225 chroma=255 thresh=luma=225>=220 chroma=255>8 lumaMax=32 out=0xff988049
2026-08-21T16:27:03.139 [term-indexed] branch=fallthrough-guardRgbBg index=226 rgb=255,255,0 luma=225 chroma=255 thresh=index not in {0,16,254,231,253,255} and not (bg && 0..15) out=0xff988049
2026-08-21T16:27:03.139 [term-indexed] branch=fallthrough-project index=227 rgb=255,255,95 luma=236 chroma=160 thresh=index not in {0,16,254,231,253,255} and not (bg && 0..15) out=0xff99ffe4
2026-08-21T16:27:03.139 [term-guard-bg] branch=luma-chroma-white rgb=255,255,95 luma=236 chroma=160 thresh=luma=236>=220 chroma=160>8 lumaMax=32 out=0xff988049
2026-08-21T16:27:03.139 [term-indexed] branch=fallthrough-guardRgbBg index=227 rgb=255,255,95 luma=236 chroma=160 thresh=index not in {0,16,254,231,253,255} and not (bg && 0..15) out=0xff988049
2026-08-21T16:27:03.139 [term-indexed] branch=fallthrough-project index=228 rgb=255,255,135 luma=241 chroma=120 thresh=index not in {0,16,254,231,253,255} and not (bg && 0..15) out=0xff99ffe4
2026-08-21T16:27:03.139 [term-guard-bg] branch=luma-chroma-white rgb=255,255,135 luma=241 chroma=120 thresh=luma=241>=220 chroma=120>8 lumaMax=32 out=0xff988049
2026-08-21T16:27:03.140 [term-indexed] branch=fallthrough-guardRgbBg index=228 rgb=255,255,135 luma=241 chroma=120 thresh=index not in {0,16,254,231,253,255} and not (bg && 0..15) out=0xff988049
2026-08-21T16:27:03.140 [term-indexed] branch=fallthrough-project index=229 rgb=255,255,175 luma=245 chroma=80 thresh=index not in {0,16,254,231,253,255} and not (bg && 0..15) out=0xff99ffe4
2026-08-21T16:27:03.140 [term-guard-bg] branch=luma-chroma-white rgb=255,255,175 luma=245 chroma=80 thresh=luma=245>=220 chroma=80>8 lumaMax=32 out=0xff988049
2026-08-21T16:27:03.140 [term-indexed] branch=fallthrough-guardRgbBg index=229 rgb=255,255,175 luma=245 chroma=80 thresh=index not in {0,16,254,231,253,255} and not (bg && 0..15) out=0xff988049
2026-08-21T16:27:03.140 [term-indexed] branch=fallthrough-project index=230 rgb=255,255,215 luma=250 chroma=40 thresh=index not in {0,16,254,231,253,255} and not (bg && 0..15) out=0xffffffff
2026-08-21T16:27:03.140 [term-guard-bg] branch=luma-chroma-white rgb=255,255,215 luma=250 chroma=40 thresh=luma=250>=220 chroma=40>8 lumaMax=32 out=0xff988049
2026-08-21T16:27:03.140 [term-indexed] branch=fallthrough-guardRgbBg index=230 rgb=255,255,215 luma=250 chroma=40 thresh=index not in {0,16,254,231,253,255} and not (bg && 0..15) out=0xff988049
2026-08-21T16:27:03.140 [term-indexed] branch=fallthrough-project index=231 rgb=255,255,255 luma=255 chroma=0 thresh=index not in {0,16,254,231,253,255} and not (bg && 0..15) out=0xffffffff
2026-08-21T16:27:03.140 [term-indexed] branch=near-white index=231 rgb=255,255,255 luma=255 chroma=0 thresh=index in {231,253,255} lumaMin=220 out=0xff988049
2026-08-21T16:27:03.140 [term-indexed] branch=fallthrough-project index=232 rgb=8,8,8 luma=8 chroma=0 thresh=index not in {0,16,254,231,253,255} and not (bg && 0..15) out=0xff7e7e7e
2026-08-21T16:27:03.140 [term-guard-bg] branch=luma-screen-black rgb=8,8,8 luma=8 chroma=0 thresh=luma=8<=32 chroma=0 vs achromaMax=8 lumaMin=220 out=0xff101010
2026-08-21T16:27:03.140 [term-indexed] branch=fallthrough-guardRgbBg index=232 rgb=8,8,8 luma=8 chroma=0 thresh=index not in {0,16,254,231,253,255} and not (bg && 0..15) out=0xff101010
2026-08-21T16:27:03.140 [term-indexed] branch=fallthrough-project index=233 rgb=18,18,18 luma=18 chroma=0 thresh=index not in {0,16,254,231,253,255} and not (bg && 0..15) out=0xff7e7e7e
2026-08-21T16:27:03.140 [term-guard-bg] branch=luma-screen-black rgb=18,18,18 luma=18 chroma=0 thresh=luma=18<=32 chroma=0 vs achromaMax=8 lumaMin=220 out=0xff101010
2026-08-21T16:27:03.140 [term-indexed] branch=fallthrough-guardRgbBg index=233 rgb=18,18,18 luma=18 chroma=0 thresh=index not in {0,16,254,231,253,255} and not (bg && 0..15) out=0xff101010
2026-08-21T16:27:03.140 [term-indexed] branch=fallthrough-project index=234 rgb=28,28,28 luma=28 chroma=0 thresh=index not in {0,16,254,231,253,255} and not (bg && 0..15) out=0xff7e7e7e
2026-08-21T16:27:03.140 [term-guard-bg] branch=luma-screen-black rgb=28,28,28 luma=28 chroma=0 thresh=luma=28<=32 chroma=0 vs achromaMax=8 lumaMin=220 out=0xff101010
2026-08-21T16:27:03.140 [term-indexed] branch=fallthrough-guardRgbBg index=234 rgb=28,28,28 luma=28 chroma=0 thresh=index not in {0,16,254,231,253,255} and not (bg && 0..15) out=0xff101010
2026-08-21T16:27:03.141 [term-indexed] branch=fallthrough-project index=235 rgb=38,38,38 luma=38 chroma=0 thresh=index not in {0,16,254,231,253,255} and not (bg && 0..15) out=0xff7e7e7e
2026-08-21T16:27:03.141 [term-guard-bg] branch=project rgb=38,38,38 luma=38 chroma=0 thresh=luma=38 in (32,220) chroma=0 vs achromaMax=8 out=0xff101010
2026-08-21T16:27:03.141 [term-indexed] branch=fallthrough-guardRgbBg index=235 rgb=38,38,38 luma=38 chroma=0 thresh=index not in {0,16,254,231,253,255} and not (bg && 0..15) out=0xff101010
2026-08-21T16:27:03.141 [term-indexed] branch=fallthrough-project index=236 rgb=48,48,48 luma=48 chroma=0 thresh=index not in {0,16,254,231,253,255} and not (bg && 0..15) out=0xff7e7e7e
2026-08-21T16:27:03.141 [term-guard-bg] branch=project rgb=48,48,48 luma=48 chroma=0 thresh=luma=48 in (32,220) chroma=0 vs achromaMax=8 out=0xff101010
2026-08-21T16:27:03.141 [term-indexed] branch=fallthrough-guardRgbBg index=236 rgb=48,48,48 luma=48 chroma=0 thresh=index not in {0,16,254,231,253,255} and not (bg && 0..15) out=0xff101010
2026-08-21T16:27:03.141 [term-indexed] branch=fallthrough-project index=237 rgb=58,58,58 luma=58 chroma=0 thresh=index not in {0,16,254,231,253,255} and not (bg && 0..15) out=0xff7e7e7e
2026-08-21T16:27:03.141 [term-guard-bg] branch=project rgb=58,58,58 luma=58 chroma=0 thresh=luma=58 in (32,220) chroma=0 vs achromaMax=8 out=0xff101010
2026-08-21T16:27:03.141 [term-indexed] branch=fallthrough-guardRgbBg index=237 rgb=58,58,58 luma=58 chroma=0 thresh=index not in {0,16,254,231,253,255} and not (bg && 0..15) out=0xff101010
2026-08-21T16:27:03.141 [term-indexed] branch=fallthrough-project index=238 rgb=68,68,68 luma=68 chroma=0 thresh=index not in {0,16,254,231,253,255} and not (bg && 0..15) out=0xff7e7e7e
2026-08-21T16:27:03.141 [term-guard-bg] branch=project rgb=68,68,68 luma=68 chroma=0 thresh=luma=68 in (32,220) chroma=0 vs achromaMax=8 out=0xff7e7e7e
2026-08-21T16:27:03.141 [term-indexed] branch=fallthrough-guardRgbBg index=238 rgb=68,68,68 luma=68 chroma=0 thresh=index not in {0,16,254,231,253,255} and not (bg && 0..15) out=0xff7e7e7e
2026-08-21T16:27:03.141 [term-indexed] branch=fallthrough-project index=239 rgb=78,78,78 luma=78 chroma=0 thresh=index not in {0,16,254,231,253,255} and not (bg && 0..15) out=0xff7e7e7e
2026-08-21T16:27:03.141 [term-guard-bg] branch=project rgb=78,78,78 luma=78 chroma=0 thresh=luma=78 in (32,220) chroma=0 vs achromaMax=8 out=0xff7e7e7e
2026-08-21T16:27:03.142 [term-indexed] branch=fallthrough-guardRgbBg index=239 rgb=78,78,78 luma=78 chroma=0 thresh=index not in {0,16,254,231,253,255} and not (bg && 0..15) out=0xff7e7e7e
2026-08-21T16:27:03.142 [term-indexed] branch=fallthrough-project index=240 rgb=88,88,88 luma=88 chroma=0 thresh=index not in {0,16,254,231,253,255} and not (bg && 0..15) out=0xff7e7e7e
2026-08-21T16:27:03.142 [term-guard-bg] branch=project rgb=88,88,88 luma=88 chroma=0 thresh=luma=88 in (32,220) chroma=0 vs achromaMax=8 out=0xff7e7e7e
2026-08-21T16:27:03.142 [term-indexed] branch=fallthrough-guardRgbBg index=240 rgb=88,88,88 luma=88 chroma=0 thresh=index not in {0,16,254,231,253,255} and not (bg && 0..15) out=0xff7e7e7e
2026-08-21T16:27:03.142 [term-indexed] branch=fallthrough-project index=241 rgb=98,98,98 luma=98 chroma=0 thresh=index not in {0,16,254,231,253,255} and not (bg && 0..15) out=0xff7e7e7e
2026-08-21T16:27:03.142 [term-guard-bg] branch=project rgb=98,98,98 luma=98 chroma=0 thresh=luma=98 in (32,220) chroma=0 vs achromaMax=8 out=0xff7e7e7e
2026-08-21T16:27:03.142 [term-indexed] branch=fallthrough-guardRgbBg index=241 rgb=98,98,98 luma=98 chroma=0 thresh=index not in {0,16,254,231,253,255} and not (bg && 0..15) out=0xff7e7e7e
2026-08-21T16:27:03.142 [term-indexed] branch=fallthrough-project index=242 rgb=108,108,108 luma=108 chroma=0 thresh=index not in {0,16,254,231,253,255} and not (bg && 0..15) out=0xff7e7e7e
2026-08-21T16:27:03.142 [term-guard-bg] branch=project rgb=108,108,108 luma=108 chroma=0 thresh=luma=108 in (32,220) chroma=0 vs achromaMax=8 out=0xff7e7e7e
2026-08-21T16:27:03.142 [term-indexed] branch=fallthrough-guardRgbBg index=242 rgb=108,108,108 luma=108 chroma=0 thresh=index not in {0,16,254,231,253,255} and not (bg && 0..15) out=0xff7e7e7e
2026-08-21T16:27:03.142 [term-indexed] branch=fallthrough-project index=243 rgb=118,118,118 luma=118 chroma=0 thresh=index not in {0,16,254,231,253,255} and not (bg && 0..15) out=0xff7e7e7e
2026-08-21T16:27:03.142 [term-guard-bg] branch=project rgb=118,118,118 luma=118 chroma=0 thresh=luma=118 in (32,220) chroma=0 vs achromaMax=8 out=0xff7e7e7e
2026-08-21T16:27:03.142 [term-indexed] branch=fallthrough-guardRgbBg index=243 rgb=118,118,118 luma=118 chroma=0 thresh=index not in {0,16,254,231,253,255} and not (bg && 0..15) out=0xff7e7e7e
2026-08-21T16:27:03.142 [term-indexed] branch=fallthrough-project index=244 rgb=128,128,128 luma=128 chroma=0 thresh=index not in {0,16,254,231,253,255} and not (bg && 0..15) out=0xff7e7e7e
2026-08-21T16:27:03.142 [term-guard-bg] branch=project rgb=128,128,128 luma=128 chroma=0 thresh=luma=128 in (32,220) chroma=0 vs achromaMax=8 out=0xff7e7e7e
2026-08-21T16:27:03.142 [term-indexed] branch=fallthrough-guardRgbBg index=244 rgb=128,128,128 luma=128 chroma=0 thresh=index not in {0,16,254,231,253,255} and not (bg && 0..15) out=0xff7e7e7e
2026-08-21T16:27:03.142 [term-indexed] branch=fallthrough-project index=245 rgb=138,138,138 luma=138 chroma=0 thresh=index not in {0,16,254,231,253,255} and not (bg && 0..15) out=0xff7e7e7e
2026-08-21T16:27:03.143 [term-guard-bg] branch=project rgb=138,138,138 luma=138 chroma=0 thresh=luma=138 in (32,220) chroma=0 vs achromaMax=8 out=0xff7e7e7e
2026-08-21T16:27:03.143 [term-indexed] branch=fallthrough-guardRgbBg index=245 rgb=138,138,138 luma=138 chroma=0 thresh=index not in {0,16,254,231,253,255} and not (bg && 0..15) out=0xff7e7e7e
2026-08-21T16:27:03.143 [term-indexed] branch=fallthrough-project index=246 rgb=148,148,148 luma=148 chroma=0 thresh=index not in {0,16,254,231,253,255} and not (bg && 0..15) out=0xffa0a0a0
2026-08-21T16:27:03.143 [term-guard-bg] branch=project rgb=148,148,148 luma=148 chroma=0 thresh=luma=148 in (32,220) chroma=0 vs achromaMax=8 out=0xffa0a0a0
2026-08-21T16:27:03.143 [term-indexed] branch=fallthrough-guardRgbBg index=246 rgb=148,148,148 luma=148 chroma=0 thresh=index not in {0,16,254,231,253,255} and not (bg && 0..15) out=0xffa0a0a0
2026-08-21T16:27:03.143 [term-indexed] branch=fallthrough-project index=247 rgb=158,158,158 luma=158 chroma=0 thresh=index not in {0,16,254,231,253,255} and not (bg && 0..15) out=0xffa0a0a0
2026-08-21T16:27:03.143 [term-guard-bg] branch=project rgb=158,158,158 luma=158 chroma=0 thresh=luma=158 in (32,220) chroma=0 vs achromaMax=8 out=0xffa0a0a0
2026-08-21T16:27:03.143 [term-indexed] branch=fallthrough-guardRgbBg index=247 rgb=158,158,158 luma=158 chroma=0 thresh=index not in {0,16,254,231,253,255} and not (bg && 0..15) out=0xffa0a0a0
2026-08-21T16:27:03.143 [term-indexed] branch=fallthrough-project index=248 rgb=168,168,168 luma=168 chroma=0 thresh=index not in {0,16,254,231,253,255} and not (bg && 0..15) out=0xffa0a0a0
2026-08-21T16:27:03.143 [term-guard-bg] branch=project rgb=168,168,168 luma=168 chroma=0 thresh=luma=168 in (32,220) chroma=0 vs achromaMax=8 out=0xffa0a0a0
2026-08-21T16:27:03.143 [term-indexed] branch=fallthrough-guardRgbBg index=248 rgb=168,168,168 luma=168 chroma=0 thresh=index not in {0,16,254,231,253,255} and not (bg && 0..15) out=0xffa0a0a0
2026-08-21T16:27:03.143 [term-indexed] branch=fallthrough-project index=249 rgb=178,178,178 luma=178 chroma=0 thresh=index not in {0,16,254,231,253,255} and not (bg && 0..15) out=0xffa0a0a0
2026-08-21T16:27:03.143 [term-guard-bg] branch=project rgb=178,178,178 luma=178 chroma=0 thresh=luma=178 in (32,220) chroma=0 vs achromaMax=8 out=0xffa0a0a0
2026-08-21T16:27:03.143 [term-indexed] branch=fallthrough-guardRgbBg index=249 rgb=178,178,178 luma=178 chroma=0 thresh=index not in {0,16,254,231,253,255} and not (bg && 0..15) out=0xffa0a0a0
2026-08-21T16:27:03.143 [term-indexed] branch=fallthrough-project index=250 rgb=188,188,188 luma=188 chroma=0 thresh=index not in {0,16,254,231,253,255} and not (bg && 0..15) out=0xff90b99f
2026-08-21T16:27:03.143 [term-guard-bg] branch=project rgb=188,188,188 luma=188 chroma=0 thresh=luma=188 in (32,220) chroma=0 vs achromaMax=8 out=0xff90b99f
2026-08-21T16:27:03.143 [term-indexed] branch=fallthrough-guardRgbBg index=250 rgb=188,188,188 luma=188 chroma=0 thresh=index not in {0,16,254,231,253,255} and not (bg && 0..15) out=0xff90b99f
2026-08-21T16:27:03.143 [term-indexed] branch=fallthrough-project index=251 rgb=198,198,198 luma=198 chroma=0 thresh=index not in {0,16,254,231,253,255} and not (bg && 0..15) out=0xff90b99f
2026-08-21T16:27:03.143 [term-guard-bg] branch=project rgb=198,198,198 luma=198 chroma=0 thresh=luma=198 in (32,220) chroma=0 vs achromaMax=8 out=0xff90b99f
2026-08-21T16:27:03.144 [term-indexed] branch=fallthrough-guardRgbBg index=251 rgb=198,198,198 luma=198 chroma=0 thresh=index not in {0,16,254,231,253,255} and not (bg && 0..15) out=0xff90b99f
2026-08-21T16:27:03.144 [term-indexed] branch=fallthrough-project index=252 rgb=208,208,208 luma=208 chroma=0 thresh=index not in {0,16,254,231,253,255} and not (bg && 0..15) out=0xff90b99f
2026-08-21T16:27:03.144 [term-guard-bg] branch=project rgb=208,208,208 luma=208 chroma=0 thresh=luma=208 in (32,220) chroma=0 vs achromaMax=8 out=0xff90b99f
2026-08-21T16:27:03.144 [term-indexed] branch=fallthrough-guardRgbBg index=252 rgb=208,208,208 luma=208 chroma=0 thresh=index not in {0,16,254,231,253,255} and not (bg && 0..15) out=0xff90b99f
2026-08-21T16:27:03.144 [term-indexed] branch=fallthrough-project index=253 rgb=218,218,218 luma=218 chroma=0 thresh=index not in {0,16,254,231,253,255} and not (bg && 0..15) out=0xffffffff
2026-08-21T16:27:03.144 [term-indexed] branch=near-white index=253 rgb=218,218,218 luma=218 chroma=0 thresh=index in {231,253,255} lumaMin=220 out=0xff988049
2026-08-21T16:27:03.144 [term-indexed] branch=index-254 index=254 rgb=228,228,228 luma=228 chroma=0 thresh=index==254 out=0xff988049 ×2
2026-08-21T16:27:03.144 [term-indexed] branch=fallthrough-project index=255 rgb=238,238,238 luma=238 chroma=0 thresh=index not in {0,16,254,231,253,255} and not (bg && 0..15) out=0xffffffff
2026-08-21T16:27:03.144 [term-indexed] branch=near-white index=255 rgb=238,238,238 luma=238 chroma=0 thresh=index in {231,253,255} lumaMin=220 out=0xff988049
2026-08-21T16:27:03.144 [term-indexed] branch=ansi16 index=0 rgb=16,16,16 luma=16 chroma=0 thresh=index in 0..15 out=0xff101010
2026-08-21T16:27:03.144 [term-indexed] branch=screen-black index=0 rgb=16,16,16 luma=16 chroma=0 thresh=index in {0,16} lumaMax=32 out=0xff101010
2026-08-21T16:27:03.144 [term-indexed] branch=ansi16 index=1 rgb=245,161,145 luma=184 chroma=100 thresh=index in 0..15 out=0xfff5a191 ×2
2026-08-21T16:27:03.144 [term-indexed] branch=ansi16 index=2 rgb=144,185,159 luma=169 chroma=41 thresh=index in 0..15 out=0xff90b99f ×2
2026-08-21T16:27:03.144 [term-indexed] branch=ansi16 index=3 rgb=230,185,157 luma=195 chroma=73 thresh=index in 0..15 out=0xffe6b99d ×2
2026-08-21T16:27:03.145 [term-indexed] branch=ansi16 index=4 rgb=172,161,207 luma=169 chroma=46 thresh=index in 0..15 out=0xffaca1cf ×2
2026-08-21T16:27:03.145 [term-indexed] branch=ansi16 index=5 rgb=226,158,202 luma=183 chroma=68 thresh=index in 0..15 out=0xffe29eca ×2
2026-08-21T16:27:03.145 [term-indexed] branch=ansi16 index=6 rgb=234,131,165 luma=165 chroma=103 thresh=index in 0..15 out=0xffea83a5 ×2
2026-08-21T16:27:03.145 [term-indexed] branch=ansi16 index=7 rgb=160,160,160 luma=160 chroma=0 thresh=index in 0..15 out=0xffa0a0a0 ×2
2026-08-21T16:27:03.145 [term-indexed] branch=ansi16 index=8 rgb=126,126,126 luma=126 chroma=0 thresh=index in 0..15 out=0xff7e7e7e ×2
2026-08-21T16:27:03.145 [term-indexed] branch=ansi16 index=9 rgb=255,128,128 luma=165 chroma=127 thresh=index in 0..15 out=0xffff8080 ×2
2026-08-21T16:27:03.145 [term-indexed] branch=ansi16 index=10 rgb=153,255,228 luma=221 chroma=102 thresh=index in 0..15 out=0xff99ffe4 ×2
2026-08-21T16:27:03.145 [term-indexed] branch=ansi16 index=11 rgb=255,199,153 luma=210 chroma=102 thresh=index in 0..15 out=0xffffc799 ×2
2026-08-21T16:27:03.145 [term-indexed] branch=ansi16 index=12 rgb=185,174,218 luma=182 chroma=44 thresh=index in 0..15 out=0xffb9aeda ×2
2026-08-21T16:27:03.146 [term-indexed] branch=ansi16 index=13 rgb=236,170,214 luma=194 chroma=66 thresh=index in 0..15 out=0xffecaad6 ×2
2026-08-21T16:27:03.146 [term-indexed] branch=ansi16 index=14 rgb=245,145,178 luma=178 chroma=100 thresh=index in 0..15 out=0xfff591b2 ×2
2026-08-21T16:27:03.146 [term-indexed] branch=ansi16 index=15 rgb=255,255,255 luma=255 chroma=0 thresh=index in 0..15 out=0xffffffff ×2
2026-08-21T16:27:03.146 [term-indexed] branch=fallthrough-project index=16 rgb=0,0,0 luma=0 chroma=0 thresh=index not in {0,16,254,231,253,255} and not (bg && 0..15) out=0xff7e7e7e
2026-08-21T16:27:03.146 [term-indexed] branch=screen-black index=16 rgb=0,0,0 luma=0 chroma=0 thresh=index in {0,16} lumaMax=32 out=0xff101010
2026-08-21T16:27:03.146 [term-indexed] branch=fallthrough-project index=17 rgb=0,0,95 luma=10 chroma=95 thresh=index not in {0,16,254,231,253,255} and not (bg && 0..15) out=0xffaca1cf
2026-08-21T16:27:03.146 [term-guard-bg] branch=luma-screen-black rgb=0,0,95 luma=10 chroma=95 thresh=luma=10<=32 chroma=95 vs achromaMax=8 lumaMin=220 out=0xff101010
2026-08-21T16:27:03.146 [term-indexed] branch=fallthrough-guardRgbBg index=17 rgb=0,0,95 luma=10 chroma=95 thresh=index not in {0,16,254,231,253,255} and not (bg && 0..15) out=0xff101010
2026-08-21T16:27:03.146 [term-indexed] branch=fallthrough-project index=18 rgb=0,0,135 luma=15 chroma=135 thresh=index not in {0,16,254,231,253,255} and not (bg && 0..15) out=0xffaca1cf
2026-08-21T16:27:03.146 [term-guard-bg] branch=luma-screen-black rgb=0,0,135 luma=15 chroma=135 thresh=luma=15<=32 chroma=135 vs achromaMax=8 lumaMin=220 out=0xff101010
2026-08-21T16:27:03.147 [term-indexed] branch=fallthrough-guardRgbBg index=18 rgb=0,0,135 luma=15 chroma=135 thresh=index not in {0,16,254,231,253,255} and not (bg && 0..15) out=0xff101010
2026-08-21T16:27:03.147 [term-indexed] branch=fallthrough-project index=19 rgb=0,0,175 luma=19 chroma=175 thresh=index not in {0,16,254,231,253,255} and not (bg && 0..15) out=0xffaca1cf
2026-08-21T16:27:03.147 [term-guard-bg] branch=luma-screen-black rgb=0,0,175 luma=19 chroma=175 thresh=luma=19<=32 chroma=175 vs achromaMax=8 lumaMin=220 out=0xff101010
2026-08-21T16:27:03.147 [term-indexed] branch=fallthrough-guardRgbBg index=19 rgb=0,0,175 luma=19 chroma=175 thresh=index not in {0,16,254,231,253,255} and not (bg && 0..15) out=0xff101010
2026-08-21T16:27:03.147 [term-indexed] branch=fallthrough-project index=20 rgb=0,0,215 luma=24 chroma=215 thresh=index not in {0,16,254,231,253,255} and not (bg && 0..15) out=0xffaca1cf
2026-08-21T16:27:03.147 [term-guard-bg] branch=luma-screen-black rgb=0,0,215 luma=24 chroma=215 thresh=luma=24<=32 chroma=215 vs achromaMax=8 lumaMin=220 out=0xff101010
2026-08-21T16:27:03.147 [term-indexed] branch=fallthrough-guardRgbBg index=20 rgb=0,0,215 luma=24 chroma=215 thresh=index not in {0,16,254,231,253,255} and not (bg && 0..15) out=0xff101010
2026-08-21T16:27:03.147 [term-indexed] branch=fallthrough-project index=21 rgb=0,0,255 luma=29 chroma=255 thresh=index not in {0,16,254,231,253,255} and not (bg && 0..15) out=0xffaca1cf
2026-08-21T16:27:03.147 [term-guard-bg] branch=luma-screen-black rgb=0,0,255 luma=29 chroma=255 thresh=luma=29<=32 chroma=255 vs achromaMax=8 lumaMin=220 out=0xff101010
2026-08-21T16:27:03.147 [term-indexed] branch=fallthrough-guardRgbBg index=21 rgb=0,0,255 luma=29 chroma=255 thresh=index not in {0,16,254,231,253,255} and not (bg && 0..15) out=0xff101010
2026-08-21T16:27:03.147 [term-indexed] branch=fallthrough-project index=22 rgb=0,95,0 luma=55 chroma=95 thresh=index not in {0,16,254,231,253,255} and not (bg && 0..15) out=0xffaca1cf
2026-08-21T16:27:03.147 [term-guard-bg] branch=project rgb=0,95,0 luma=55 chroma=95 thresh=luma=55 in (32,220) chroma=95 vs achromaMax=8 out=0xffaca1cf
2026-08-21T16:27:03.147 [term-indexed] branch=fallthrough-guardRgbBg index=22 rgb=0,95,0 luma=55 chroma=95 thresh=index not in {0,16,254,231,253,255} and not (bg && 0..15) out=0xffaca1cf
2026-08-21T16:27:03.147 [term-indexed] branch=fallthrough-project index=23 rgb=0,95,95 luma=66 chroma=95 thresh=index not in {0,16,254,231,253,255} and not (bg && 0..15) out=0xff7e7e7e
2026-08-21T16:27:03.147 [term-guard-bg] branch=project rgb=0,95,95 luma=66 chroma=95 thresh=luma=66 in (32,220) chroma=95 vs achromaMax=8 out=0xff7e7e7e
2026-08-21T16:27:03.148 [term-indexed] branch=fallthrough-guardRgbBg index=23 rgb=0,95,95 luma=66 chroma=95 thresh=index not in {0,16,254,231,253,255} and not (bg && 0..15) out=0xff7e7e7e
2026-08-21T16:27:03.148 [term-indexed] branch=fallthrough-project index=24 rgb=0,95,135 luma=71 chroma=135 thresh=index not in {0,16,254,231,253,255} and not (bg && 0..15) out=0xffaca1cf
2026-08-21T16:27:03.148 [term-guard-bg] branch=project rgb=0,95,135 luma=71 chroma=135 thresh=luma=71 in (32,220) chroma=135 vs achromaMax=8 out=0xffaca1cf
2026-08-21T16:27:03.148 [term-indexed] branch=fallthrough-guardRgbBg index=24 rgb=0,95,135 luma=71 chroma=135 thresh=index not in {0,16,254,231,253,255} and not (bg && 0..15) out=0xffaca1cf
2026-08-21T16:27:03.148 [term-indexed] branch=fallthrough-project index=25 rgb=0,95,175 luma=75 chroma=175 thresh=index not in {0,16,254,231,253,255} and not (bg && 0..15) out=0xffaca1cf
2026-08-21T16:27:03.148 [term-guard-bg] branch=project rgb=0,95,175 luma=75 chroma=175 thresh=luma=75 in (32,220) chroma=175 vs achromaMax=8 out=0xffaca1cf
2026-08-21T16:27:03.148 [term-indexed] branch=fallthrough-guardRgbBg index=25 rgb=0,95,175 luma=75 chroma=175 thresh=index not in {0,16,254,231,253,255} and not (bg && 0..15) out=0xffaca1cf
2026-08-21T16:27:03.148 [term-indexed] branch=fallthrough-project index=26 rgb=0,95,215 luma=80 chroma=215 thresh=index not in {0,16,254,231,253,255} and not (bg && 0..15) out=0xffaca1cf
2026-08-21T16:27:03.148 [term-guard-bg] branch=project rgb=0,95,215 luma=80 chroma=215 thresh=luma=80 in (32,220) chroma=215 vs achromaMax=8 out=0xffaca1cf
2026-08-21T16:27:03.148 [term-indexed] branch=fallthrough-guardRgbBg index=26 rgb=0,95,215 luma=80 chroma=215 thresh=index not in {0,16,254,231,253,255} and not (bg && 0..15) out=0xffaca1cf
2026-08-21T16:27:03.148 [term-indexed] branch=fallthrough-project index=27 rgb=0,95,255 luma=84 chroma=255 thresh=index not in {0,16,254,231,253,255} and not (bg && 0..15) out=0xffaca1cf
2026-08-21T16:27:03.148 [term-guard-bg] branch=project rgb=0,95,255 luma=84 chroma=255 thresh=luma=84 in (32,220) chroma=255 vs achromaMax=8 out=0xffaca1cf
2026-08-21T16:27:03.148 [term-indexed] branch=fallthrough-guardRgbBg index=27 rgb=0,95,255 luma=84 chroma=255 thresh=index not in {0,16,254,231,253,255} and not (bg && 0..15) out=0xffaca1cf
2026-08-21T16:27:03.148 [term-indexed] branch=fallthrough-project index=28 rgb=0,135,0 luma=79 chroma=135 thresh=index not in {0,16,254,231,253,255} and not (bg && 0..15) out=0xffaca1cf
2026-08-21T16:27:03.148 [term-guard-bg] branch=project rgb=0,135,0 luma=79 chroma=135 thresh=luma=79 in (32,220) chroma=135 vs achromaMax=8 out=0xffaca1cf
2026-08-21T16:27:03.148 [term-indexed] branch=fallthrough-guardRgbBg index=28 rgb=0,135,0 luma=79 chroma=135 thresh=index not in {0,16,254,231,253,255} and not (bg && 0..15) out=0xffaca1cf
2026-08-21T16:27:03.148 [term-indexed] branch=fallthrough-project index=29 rgb=0,135,95 luma=90 chroma=135 thresh=index not in {0,16,254,231,253,255} and not (bg && 0..15) out=0xffaca1cf
2026-08-21T16:27:03.148 [term-guard-bg] branch=project rgb=0,135,95 luma=90 chroma=135 thresh=luma=90 in (32,220) chroma=135 vs achromaMax=8 out=0xffaca1cf
2026-08-21T16:27:03.149 [term-indexed] branch=fallthrough-guardRgbBg index=29 rgb=0,135,95 luma=90 chroma=135 thresh=index not in {0,16,254,231,253,255} and not (bg && 0..15) out=0xffaca1cf
2026-08-21T16:27:03.149 [term-indexed] branch=fallthrough-project index=30 rgb=0,135,135 luma=94 chroma=135 thresh=index not in {0,16,254,231,253,255} and not (bg && 0..15) out=0xffaca1cf
2026-08-21T16:27:03.149 [term-guard-bg] branch=project rgb=0,135,135 luma=94 chroma=135 thresh=luma=94 in (32,220) chroma=135 vs achromaMax=8 out=0xffaca1cf
2026-08-21T16:27:03.149 [term-indexed] branch=fallthrough-guardRgbBg index=30 rgb=0,135,135 luma=94 chroma=135 thresh=index not in {0,16,254,231,253,255} and not (bg && 0..15) out=0xffaca1cf
2026-08-21T16:27:03.149 [term-indexed] branch=fallthrough-project index=31 rgb=0,135,175 luma=99 chroma=175 thresh=index not in {0,16,254,231,253,255} and not (bg && 0..15) out=0xffaca1cf
2026-08-21T16:27:03.149 [term-guard-bg] branch=project rgb=0,135,175 luma=99 chroma=175 thresh=luma=99 in (32,220) chroma=175 vs achromaMax=8 out=0xffaca1cf
2026-08-21T16:27:03.149 [term-indexed] branch=fallthrough-guardRgbBg index=31 rgb=0,135,175 luma=99 chroma=175 thresh=index not in {0,16,254,231,253,255} and not (bg && 0..15) out=0xffaca1cf
2026-08-21T16:27:03.149 [term-indexed] branch=fallthrough-project index=32 rgb=0,135,215 luma=103 chroma=215 thresh=index not in {0,16,254,231,253,255} and not (bg && 0..15) out=0xffaca1cf
2026-08-21T16:27:03.149 [term-guard-bg] branch=project rgb=0,135,215 luma=103 chroma=215 thresh=luma=103 in (32,220) chroma=215 vs achromaMax=8 out=0xffaca1cf
2026-08-21T16:27:03.149 [term-indexed] branch=fallthrough-guardRgbBg index=32 rgb=0,135,215 luma=103 chroma=215 thresh=index not in {0,16,254,231,253,255} and not (bg && 0..15) out=0xffaca1cf
2026-08-21T16:27:03.149 [term-indexed] branch=fallthrough-project index=33 rgb=0,135,255 luma=108 chroma=255 thresh=index not in {0,16,254,231,253,255} and not (bg && 0..15) out=0xffaca1cf
2026-08-21T16:27:03.149 [term-guard-bg] branch=project rgb=0,135,255 luma=108 chroma=255 thresh=luma=108 in (32,220) chroma=255 vs achromaMax=8 out=0xffaca1cf
2026-08-21T16:27:03.149 [term-indexed] branch=fallthrough-guardRgbBg index=33 rgb=0,135,255 luma=108 chroma=255 thresh=index not in {0,16,254,231,253,255} and not (bg && 0..15) out=0xffaca1cf
2026-08-21T16:27:03.149 [term-indexed] branch=fallthrough-project index=34 rgb=0,175,0 luma=102 chroma=175 thresh=index not in {0,16,254,231,253,255} and not (bg && 0..15) out=0xffe6b99d
2026-08-21T16:27:03.149 [term-guard-bg] branch=project rgb=0,175,0 luma=102 chroma=175 thresh=luma=102 in (32,220) chroma=175 vs achromaMax=8 out=0xffe6b99d
2026-08-21T16:27:03.149 [term-indexed] branch=fallthrough-guardRgbBg index=34 rgb=0,175,0 luma=102 chroma=175 thresh=index not in {0,16,254,231,253,255} and not (bg && 0..15) out=0xffe6b99d
2026-08-21T16:27:03.149 [term-indexed] branch=fallthrough-project index=35 rgb=0,175,95 luma=113 chroma=175 thresh=index not in {0,16,254,231,253,255} and not (bg && 0..15) out=0xffaca1cf
2026-08-21T16:27:03.149 [term-guard-bg] branch=project rgb=0,175,95 luma=113 chroma=175 thresh=luma=113 in (32,220) chroma=175 vs achromaMax=8 out=0xffaca1cf
2026-08-21T16:27:03.150 [term-indexed] branch=fallthrough-guardRgbBg index=35 rgb=0,175,95 luma=113 chroma=175 thresh=index not in {0,16,254,231,253,255} and not (bg && 0..15) out=0xffaca1cf
2026-08-21T16:27:03.150 [term-indexed] branch=fallthrough-project index=36 rgb=0,175,135 luma=118 chroma=175 thresh=index not in {0,16,254,231,253,255} and not (bg && 0..15) out=0xffaca1cf
2026-08-21T16:27:03.150 [term-guard-bg] branch=project rgb=0,175,135 luma=118 chroma=175 thresh=luma=118 in (32,220) chroma=175 vs achromaMax=8 out=0xffaca1cf
2026-08-21T16:27:03.150 [term-indexed] branch=fallthrough-guardRgbBg index=36 rgb=0,175,135 luma=118 chroma=175 thresh=index not in {0,16,254,231,253,255} and not (bg && 0..15) out=0xffaca1cf
2026-08-21T16:27:03.150 [term-indexed] branch=fallthrough-project index=37 rgb=0,175,175 luma=122 chroma=175 thresh=index not in {0,16,254,231,253,255} and not (bg && 0..15) out=0xffaca1cf
2026-08-21T16:27:03.150 [term-guard-bg] branch=project rgb=0,175,175 luma=122 chroma=175 thresh=luma=122 in (32,220) chroma=175 vs achromaMax=8 out=0xffaca1cf
2026-08-21T16:27:03.150 [term-indexed] branch=fallthrough-guardRgbBg index=37 rgb=0,175,175 luma=122 chroma=175 thresh=index not in {0,16,254,231,253,255} and not (bg && 0..15) out=0xffaca1cf
2026-08-21T16:27:03.150 [term-indexed] branch=fallthrough-project index=38 rgb=0,175,215 luma=127 chroma=215 thresh=index not in {0,16,254,231,253,255} and not (bg && 0..15) out=0xffaca1cf
2026-08-21T16:27:03.150 [term-guard-bg] branch=project rgb=0,175,215 luma=127 chroma=215 thresh=luma=127 in (32,220) chroma=215 vs achromaMax=8 out=0xffaca1cf
2026-08-21T16:27:03.151 [term-indexed] branch=fallthrough-guardRgbBg index=38 rgb=0,175,215 luma=127 chroma=215 thresh=index not in {0,16,254,231,253,255} and not (bg && 0..15) out=0xffaca1cf
2026-08-21T16:27:03.151 [term-indexed] branch=fallthrough-project index=39 rgb=0,175,255 luma=131 chroma=255 thresh=index not in {0,16,254,231,253,255} and not (bg && 0..15) out=0xffaca1cf
2026-08-21T16:27:03.151 [term-guard-bg] branch=project rgb=0,175,255 luma=131 chroma=255 thresh=luma=131 in (32,220) chroma=255 vs achromaMax=8 out=0xffaca1cf
2026-08-21T16:27:03.151 [term-indexed] branch=fallthrough-guardRgbBg index=39 rgb=0,175,255 luma=131 chroma=255 thresh=index not in {0,16,254,231,253,255} and not (bg && 0..15) out=0xffaca1cf
2026-08-21T16:27:03.151 [term-indexed] branch=fallthrough-project index=40 rgb=0,215,0 luma=126 chroma=215 thresh=index not in {0,16,254,231,253,255} and not (bg && 0..15) out=0xff99ffe4
2026-08-21T16:27:03.151 [term-guard-bg] branch=project rgb=0,215,0 luma=126 chroma=215 thresh=luma=126 in (32,220) chroma=215 vs achromaMax=8 out=0xff99ffe4
2026-08-21T16:27:03.151 [term-indexed] branch=fallthrough-guardRgbBg index=40 rgb=0,215,0 luma=126 chroma=215 thresh=index not in {0,16,254,231,253,255} and not (bg && 0..15) out=0xff99ffe4
2026-08-21T16:27:03.151 [term-indexed] branch=fallthrough-project index=41 rgb=0,215,95 luma=137 chroma=215 thresh=index not in {0,16,254,231,253,255} and not (bg && 0..15) out=0xff99ffe4
2026-08-21T16:27:03.151 [term-guard-bg] branch=project rgb=0,215,95 luma=137 chroma=215 thresh=luma=137 in (32,220) chroma=215 vs achromaMax=8 out=0xff99ffe4
2026-08-21T16:27:03.151 [term-indexed] branch=fallthrough-guardRgbBg index=41 rgb=0,215,95 luma=137 chroma=215 thresh=index not in {0,16,254,231,253,255} and not (bg && 0..15) out=0xff99ffe4
2026-08-21T16:27:03.151 [term-indexed] branch=fallthrough-project index=42 rgb=0,215,135 luma=141 chroma=215 thresh=index not in {0,16,254,231,253,255} and not (bg && 0..15) out=0xff99ffe4
2026-08-21T16:27:03.151 [term-guard-bg] branch=project rgb=0,215,135 luma=141 chroma=215 thresh=luma=141 in (32,220) chroma=215 vs achromaMax=8 out=0xff99ffe4
2026-08-21T16:27:03.151 [term-indexed] branch=fallthrough-guardRgbBg index=42 rgb=0,215,135 luma=141 chroma=215 thresh=index not in {0,16,254,231,253,255} and not (bg && 0..15) out=0xff99ffe4
2026-08-21T16:27:03.151 [term-indexed] branch=fallthrough-project index=43 rgb=0,215,175 luma=146 chroma=215 thresh=index not in {0,16,254,231,253,255} and not (bg && 0..15) out=0xff99ffe4
2026-08-21T16:27:03.151 [term-guard-bg] branch=project rgb=0,215,175 luma=146 chroma=215 thresh=luma=146 in (32,220) chroma=215 vs achromaMax=8 out=0xff99ffe4
2026-08-21T16:27:03.151 [term-indexed] branch=fallthrough-guardRgbBg index=43 rgb=0,215,175 luma=146 chroma=215 thresh=index not in {0,16,254,231,253,255} and not (bg && 0..15) out=0xff99ffe4
2026-08-21T16:27:03.151 [term-indexed] branch=fallthrough-project index=44 rgb=0,215,215 luma=150 chroma=215 thresh=index not in {0,16,254,231,253,255} and not (bg && 0..15) out=0xff99ffe4
2026-08-21T16:27:03.151 [term-guard-bg] branch=project rgb=0,215,215 luma=150 chroma=215 thresh=luma=150 in (32,220) chroma=215 vs achromaMax=8 out=0xff99ffe4
2026-08-21T16:27:03.152 [term-indexed] branch=fallthrough-guardRgbBg index=44 rgb=0,215,215 luma=150 chroma=215 thresh=index not in {0,16,254,231,253,255} and not (bg && 0..15) out=0xff99ffe4
2026-08-21T16:27:03.152 [term-indexed] branch=fallthrough-project index=45 rgb=0,215,255 luma=155 chroma=255 thresh=index not in {0,16,254,231,253,255} and not (bg && 0..15) out=0xffb9aeda
2026-08-21T16:27:03.152 [term-guard-bg] branch=project rgb=0,215,255 luma=155 chroma=255 thresh=luma=155 in (32,220) chroma=255 vs achromaMax=8 out=0xffb9aeda
2026-08-21T16:27:03.152 [term-indexed] branch=fallthrough-guardRgbBg index=45 rgb=0,215,255 luma=155 chroma=255 thresh=index not in {0,16,254,231,253,255} and not (bg && 0..15) out=0xffb9aeda
2026-08-21T16:27:03.152 [term-indexed] branch=fallthrough-project index=46 rgb=0,255,0 luma=149 chroma=255 thresh=index not in {0,16,254,231,253,255} and not (bg && 0..15) out=0xff99ffe4
2026-08-21T16:27:03.152 [term-guard-bg] branch=project rgb=0,255,0 luma=149 chroma=255 thresh=luma=149 in (32,220) chroma=255 vs achromaMax=8 out=0xff99ffe4
2026-08-21T16:27:03.152 [term-indexed] branch=fallthrough-guardRgbBg index=46 rgb=0,255,0 luma=149 chroma=255 thresh=index not in {0,16,254,231,253,255} and not (bg && 0..15) out=0xff99ffe4
2026-08-21T16:27:03.152 [term-indexed] branch=fallthrough-project index=47 rgb=0,255,95 luma=160 chroma=255 thresh=index not in {0,16,254,231,253,255} and not (bg && 0..15) out=0xff99ffe4
2026-08-21T16:27:03.152 [term-guard-bg] branch=project rgb=0,255,95 luma=160 chroma=255 thresh=luma=160 in (32,220) chroma=255 vs achromaMax=8 out=0xff99ffe4
2026-08-21T16:27:03.152 [term-indexed] branch=fallthrough-guardRgbBg index=47 rgb=0,255,95 luma=160 chroma=255 thresh=index not in {0,16,254,231,253,255} and not (bg && 0..15) out=0xff99ffe4
2026-08-21T16:27:03.152 [term-indexed] branch=fallthrough-project index=48 rgb=0,255,135 luma=165 chroma=255 thresh=index not in {0,16,254,231,253,255} and not (bg && 0..15) out=0xff99ffe4
2026-08-21T16:27:03.152 [term-guard-bg] branch=project rgb=0,255,135 luma=165 chroma=255 thresh=luma=165 in (32,220) chroma=255 vs achromaMax=8 out=0xff99ffe4
2026-08-21T16:27:03.152 [term-indexed] branch=fallthrough-guardRgbBg index=48 rgb=0,255,135 luma=165 chroma=255 thresh=index not in {0,16,254,231,253,255} and not (bg && 0..15) out=0xff99ffe4
2026-08-21T16:27:03.152 [term-indexed] branch=fallthrough-project index=49 rgb=0,255,175 luma=169 chroma=255 thresh=index not in {0,16,254,231,253,255} and not (bg && 0..15) out=0xff99ffe4
2026-08-21T16:27:03.152 [term-guard-bg] branch=project rgb=0,255,175 luma=169 chroma=255 thresh=luma=169 in (32,220) chroma=255 vs achromaMax=8 out=0xff99ffe4
2026-08-21T16:27:03.152 [term-indexed] branch=fallthrough-guardRgbBg index=49 rgb=0,255,175 luma=169 chroma=255 thresh=index not in {0,16,254,231,253,255} and not (bg && 0..15) out=0xff99ffe4
2026-08-21T16:27:03.152 [term-indexed] branch=fallthrough-project index=50 rgb=0,255,215 luma=174 chroma=255 thresh=index not in {0,16,254,231,253,255} and not (bg && 0..15) out=0xff99ffe4
2026-08-21T16:27:03.152 [term-guard-bg] branch=project rgb=0,255,215 luma=174 chroma=255 thresh=luma=174 in (32,220) chroma=255 vs achromaMax=8 out=0xff99ffe4
2026-08-21T16:27:03.152 [term-indexed] branch=fallthrough-guardRgbBg index=50 rgb=0,255,215 luma=174 chroma=255 thresh=index not in {0,16,254,231,253,255} and not (bg && 0..15) out=0xff99ffe4
2026-08-21T16:27:03.153 [term-indexed] branch=fallthrough-project index=51 rgb=0,255,255 luma=178 chroma=255 thresh=index not in {0,16,254,231,253,255} and not (bg && 0..15) out=0xff99ffe4
2026-08-21T16:27:03.153 [term-guard-bg] branch=project rgb=0,255,255 luma=178 chroma=255 thresh=luma=178 in (32,220) chroma=255 vs achromaMax=8 out=0xff99ffe4
2026-08-21T16:27:03.153 [term-indexed] branch=fallthrough-guardRgbBg index=51 rgb=0,255,255 luma=178 chroma=255 thresh=index not in {0,16,254,231,253,255} and not (bg && 0..15) out=0xff99ffe4
2026-08-21T16:27:03.153 [term-indexed] branch=fallthrough-project index=52 rgb=95,0,0 luma=28 chroma=95 thresh=index not in {0,16,254,231,253,255} and not (bg && 0..15) out=0xffea83a5
2026-08-21T16:27:03.153 [term-guard-bg] branch=luma-screen-black rgb=95,0,0 luma=28 chroma=95 thresh=luma=28<=32 chroma=95 vs achromaMax=8 lumaMin=220 out=0xff101010
2026-08-21T16:27:03.153 [term-indexed] branch=fallthrough-guardRgbBg index=52 rgb=95,0,0 luma=28 chroma=95 thresh=index not in {0,16,254,231,253,255} and not (bg && 0..15) out=0xff101010
2026-08-21T16:27:03.153 [term-indexed] branch=fallthrough-project index=53 rgb=95,0,95 luma=39 chroma=95 thresh=index not in {0,16,254,231,253,255} and not (bg && 0..15) out=0xffea83a5
2026-08-21T16:27:03.153 [term-guard-bg] branch=project rgb=95,0,95 luma=39 chroma=95 thresh=luma=39 in (32,220) chroma=95 vs achromaMax=8 out=0xffea83a5
2026-08-21T16:27:03.153 [term-indexed] branch=fallthrough-guardRgbBg index=53 rgb=95,0,95 luma=39 chroma=95 thresh=index not in {0,16,254,231,253,255} and not (bg && 0..15) out=0xffea83a5
2026-08-21T16:27:03.153 [term-indexed] branch=fallthrough-project index=54 rgb=95,0,135 luma=43 chroma=135 thresh=index not in {0,16,254,231,253,255} and not (bg && 0..15) out=0xffaca1cf
2026-08-21T16:27:03.153 [term-guard-bg] branch=project rgb=95,0,135 luma=43 chroma=135 thresh=luma=43 in (32,220) chroma=135 vs achromaMax=8 out=0xffaca1cf
2026-08-21T16:27:03.153 [term-indexed] branch=fallthrough-guardRgbBg index=54 rgb=95,0,135 luma=43 chroma=135 thresh=index not in {0,16,254,231,253,255} and not (bg && 0..15) out=0xffaca1cf
2026-08-21T16:27:03.153 [term-indexed] branch=fallthrough-project index=55 rgb=95,0,175 luma=48 chroma=175 thresh=index not in {0,16,254,231,253,255} and not (bg && 0..15) out=0xffaca1cf
2026-08-21T16:27:03.153 [term-guard-bg] branch=project rgb=95,0,175 luma=48 chroma=175 thresh=luma=48 in (32,220) chroma=175 vs achromaMax=8 out=0xffaca1cf
2026-08-21T16:27:03.153 [term-indexed] branch=fallthrough-guardRgbBg index=55 rgb=95,0,175 luma=48 chroma=175 thresh=index not in {0,16,254,231,253,255} and not (bg && 0..15) out=0xffaca1cf
2026-08-21T16:27:03.153 [term-indexed] branch=fallthrough-project index=56 rgb=95,0,215 luma=52 chroma=215 thresh=index not in {0,16,254,231,253,255} and not (bg && 0..15) out=0xffaca1cf
2026-08-21T16:27:03.153 [term-guard-bg] branch=project rgb=95,0,215 luma=52 chroma=215 thresh=luma=52 in (32,220) chroma=215 vs achromaMax=8 out=0xffaca1cf
2026-08-21T16:27:03.153 [term-indexed] branch=fallthrough-guardRgbBg index=56 rgb=95,0,215 luma=52 chroma=215 thresh=index not in {0,16,254,231,253,255} and not (bg && 0..15) out=0xffaca1cf
2026-08-21T16:27:03.154 [term-indexed] branch=fallthrough-project index=57 rgb=95,0,255 luma=57 chroma=255 thresh=index not in {0,16,254,231,253,255} and not (bg && 0..15) out=0xffaca1cf
2026-08-21T16:27:03.154 [term-guard-bg] branch=project rgb=95,0,255 luma=57 chroma=255 thresh=luma=57 in (32,220) chroma=255 vs achromaMax=8 out=0xffaca1cf
2026-08-21T16:27:03.154 [term-indexed] branch=fallthrough-guardRgbBg index=57 rgb=95,0,255 luma=57 chroma=255 thresh=index not in {0,16,254,231,253,255} and not (bg && 0..15) out=0xffaca1cf
2026-08-21T16:27:03.154 [term-indexed] branch=fallthrough-project index=58 rgb=95,95,0 luma=84 chroma=95 thresh=index not in {0,16,254,231,253,255} and not (bg && 0..15) out=0xffaca1cf
2026-08-21T16:27:03.154 [term-guard-bg] branch=project rgb=95,95,0 luma=84 chroma=95 thresh=luma=84 in (32,220) chroma=95 vs achromaMax=8 out=0xffaca1cf
2026-08-21T16:27:03.154 [term-indexed] branch=fallthrough-guardRgbBg index=58 rgb=95,95,0 luma=84 chroma=95 thresh=index not in {0,16,254,231,253,255} and not (bg && 0..15) out=0xffaca1cf
2026-08-21T16:27:03.154 [term-indexed] branch=fallthrough-project index=59 rgb=95,95,95 luma=95 chroma=0 thresh=index not in {0,16,254,231,253,255} and not (bg && 0..15) out=0xff7e7e7e
2026-08-21T16:27:03.154 [term-guard-bg] branch=project rgb=95,95,95 luma=95 chroma=0 thresh=luma=95 in (32,220) chroma=0 vs achromaMax=8 out=0xff7e7e7e
2026-08-21T16:27:03.154 [term-indexed] branch=fallthrough-guardRgbBg index=59 rgb=95,95,95 luma=95 chroma=0 thresh=index not in {0,16,254,231,253,255} and not (bg && 0..15) out=0xff7e7e7e
2026-08-21T16:27:03.154 [term-indexed] branch=fallthrough-project index=60 rgb=95,95,135 luma=99 chroma=40 thresh=index not in {0,16,254,231,253,255} and not (bg && 0..15) out=0xff7e7e7e
2026-08-21T16:27:03.154 [term-guard-bg] branch=project rgb=95,95,135 luma=99 chroma=40 thresh=luma=99 in (32,220) chroma=40 vs achromaMax=8 out=0xff7e7e7e
2026-08-21T16:27:03.154 [term-indexed] branch=fallthrough-guardRgbBg index=60 rgb=95,95,135 luma=99 chroma=40 thresh=index not in {0,16,254,231,253,255} and not (bg && 0..15) out=0xff7e7e7e
2026-08-21T16:27:03.154 [term-indexed] branch=fallthrough-project index=61 rgb=95,95,175 luma=104 chroma=80 thresh=index not in {0,16,254,231,253,255} and not (bg && 0..15) out=0xffaca1cf
2026-08-21T16:27:03.154 [term-guard-bg] branch=project rgb=95,95,175 luma=104 chroma=80 thresh=luma=104 in (32,220) chroma=80 vs achromaMax=8 out=0xffaca1cf
2026-08-21T16:27:03.154 [term-indexed] branch=fallthrough-guardRgbBg index=61 rgb=95,95,175 luma=104 chroma=80 thresh=index not in {0,16,254,231,253,255} and not (bg && 0..15) out=0xffaca1cf
2026-08-21T16:27:03.155 [term-indexed] branch=fallthrough-project index=62 rgb=95,95,215 luma=108 chroma=120 thresh=index not in {0,16,254,231,253,255} and not (bg && 0..15) out=0xffaca1cf
2026-08-21T16:27:03.155 [term-guard-bg] branch=project rgb=95,95,215 luma=108 chroma=120 thresh=luma=108 in (32,220) chroma=120 vs achromaMax=8 out=0xffaca1cf
2026-08-21T16:27:03.155 [term-indexed] branch=fallthrough-guardRgbBg index=62 rgb=95,95,215 luma=108 chroma=120 thresh=index not in {0,16,254,231,253,255} and not (bg && 0..15) out=0xffaca1cf
2026-08-21T16:27:03.155 [term-indexed] branch=fallthrough-project index=63 rgb=95,95,255 luma=113 chroma=160 thresh=index not in {0,16,254,231,253,255} and not (bg && 0..15) out=0xffaca1cf
2026-08-21T16:27:03.155 [term-guard-bg] branch=project rgb=95,95,255 luma=113 chroma=160 thresh=luma=113 in (32,220) chroma=160 vs achromaMax=8 out=0xffaca1cf
2026-08-21T16:27:03.155 [term-indexed] branch=fallthrough-guardRgbBg index=63 rgb=95,95,255 luma=113 chroma=160 thresh=index not in {0,16,254,231,253,255} and not (bg && 0..15) out=0xffaca1cf
2026-08-21T16:27:03.155 [term-indexed] branch=fallthrough-project index=64 rgb=95,135,0 luma=107 chroma=135 thresh=index not in {0,16,254,231,253,255} and not (bg && 0..15) out=0xffaca1cf
2026-08-21T16:27:03.155 [term-guard-bg] branch=project rgb=95,135,0 luma=107 chroma=135 thresh=luma=107 in (32,220) chroma=135 vs achromaMax=8 out=0xffaca1cf
2026-08-21T16:27:03.155 [term-indexed] branch=fallthrough-guardRgbBg index=64 rgb=95,135,0 luma=107 chroma=135 thresh=index not in {0,16,254,231,253,255} and not (bg && 0..15) out=0xffaca1cf
2026-08-21T16:27:03.155 [term-indexed] branch=fallthrough-project index=65 rgb=95,135,95 luma=118 chroma=40 thresh=index not in {0,16,254,231,253,255} and not (bg && 0..15) out=0xff7e7e7e
2026-08-21T16:27:03.155 [term-guard-bg] branch=project rgb=95,135,95 luma=118 chroma=40 thresh=luma=118 in (32,220) chroma=40 vs achromaMax=8 out=0xff7e7e7e
2026-08-21T16:27:03.155 [term-indexed] branch=fallthrough-guardRgbBg index=65 rgb=95,135,95 luma=118 chroma=40 thresh=index not in {0,16,254,231,253,255} and not (bg && 0..15) out=0xff7e7e7e
2026-08-21T16:27:03.155 [term-indexed] branch=fallthrough-project index=66 rgb=95,135,135 luma=123 chroma=40 thresh=index not in {0,16,254,231,253,255} and not (bg && 0..15) out=0xff7e7e7e
2026-08-21T16:27:03.155 [term-guard-bg] branch=project rgb=95,135,135 luma=123 chroma=40 thresh=luma=123 in (32,220) chroma=40 vs achromaMax=8 out=0xff7e7e7e
2026-08-21T16:27:03.155 [term-indexed] branch=fallthrough-guardRgbBg index=66 rgb=95,135,135 luma=123 chroma=40 thresh=index not in {0,16,254,231,253,255} and not (bg && 0..15) out=0xff7e7e7e
2026-08-21T16:27:03.155 [term-indexed] branch=fallthrough-project index=67 rgb=95,135,175 luma=127 chroma=80 thresh=index not in {0,16,254,231,253,255} and not (bg && 0..15) out=0xff7e7e7e
2026-08-21T16:27:03.155 [term-guard-bg] branch=project rgb=95,135,175 luma=127 chroma=80 thresh=luma=127 in (32,220) chroma=80 vs achromaMax=8 out=0xff7e7e7e
2026-08-21T16:27:03.155 [term-indexed] branch=fallthrough-guardRgbBg index=67 rgb=95,135,175 luma=127 chroma=80 thresh=index not in {0,16,254,231,253,255} and not (bg && 0..15) out=0xff7e7e7e
2026-08-21T16:27:03.155 [term-indexed] branch=fallthrough-project index=68 rgb=95,135,215 luma=132 chroma=120 thresh=index not in {0,16,254,231,253,255} and not (bg && 0..15) out=0xffaca1cf
2026-08-21T16:27:03.156 [term-guard-bg] branch=project rgb=95,135,215 luma=132 chroma=120 thresh=luma=132 in (32,220) chroma=120 vs achromaMax=8 out=0xffaca1cf
2026-08-21T16:27:03.156 [term-indexed] branch=fallthrough-guardRgbBg index=68 rgb=95,135,215 luma=132 chroma=120 thresh=index not in {0,16,254,231,253,255} and not (bg && 0..15) out=0xffaca1cf
2026-08-21T16:27:03.156 [term-indexed] branch=fallthrough-project index=69 rgb=95,135,255 luma=136 chroma=160 thresh=index not in {0,16,254,231,253,255} and not (bg && 0..15) out=0xffaca1cf
2026-08-21T16:27:03.156 [term-guard-bg] branch=project rgb=95,135,255 luma=136 chroma=160 thresh=luma=136 in (32,220) chroma=160 vs achromaMax=8 out=0xffaca1cf
2026-08-21T16:27:03.156 [term-indexed] branch=fallthrough-guardRgbBg index=69 rgb=95,135,255 luma=136 chroma=160 thresh=index not in {0,16,254,231,253,255} and not (bg && 0..15) out=0xffaca1cf
2026-08-21T16:27:03.156 [term-indexed] branch=fallthrough-project index=70 rgb=95,175,0 luma=131 chroma=175 thresh=index not in {0,16,254,231,253,255} and not (bg && 0..15) out=0xffe6b99d
2026-08-21T16:27:03.156 [term-guard-bg] branch=project rgb=95,175,0 luma=131 chroma=175 thresh=luma=131 in (32,220) chroma=175 vs achromaMax=8 out=0xffe6b99d
2026-08-21T16:27:03.156 [term-indexed] branch=fallthrough-guardRgbBg index=70 rgb=95,175,0 luma=131 chroma=175 thresh=index not in {0,16,254,231,253,255} and not (bg && 0..15) out=0xffe6b99d
2026-08-21T16:27:03.156 [term-indexed] branch=fallthrough-project index=71 rgb=95,175,95 luma=141 chroma=80 thresh=index not in {0,16,254,231,253,255} and not (bg && 0..15) out=0xffe6b99d
2026-08-21T16:27:03.156 [term-guard-bg] branch=project rgb=95,175,95 luma=141 chroma=80 thresh=luma=141 in (32,220) chroma=80 vs achromaMax=8 out=0xffe6b99d
2026-08-21T16:27:03.156 [term-indexed] branch=fallthrough-guardRgbBg index=71 rgb=95,175,95 luma=141 chroma=80 thresh=index not in {0,16,254,231,253,255} and not (bg && 0..15) out=0xffe6b99d
2026-08-21T16:27:03.156 [term-indexed] branch=fallthrough-project index=72 rgb=95,175,135 luma=146 chroma=80 thresh=index not in {0,16,254,231,253,255} and not (bg && 0..15) out=0xffaca1cf
2026-08-21T16:27:03.157 [term-guard-bg] branch=project rgb=95,175,135 luma=146 chroma=80 thresh=luma=146 in (32,220) chroma=80 vs achromaMax=8 out=0xffaca1cf
2026-08-21T16:27:03.157 [term-indexed] branch=fallthrough-guardRgbBg index=72 rgb=95,175,135 luma=146 chroma=80 thresh=index not in {0,16,254,231,253,255} and not (bg && 0..15) out=0xffaca1cf
2026-08-21T16:27:03.157 [term-indexed] branch=fallthrough-project index=73 rgb=95,175,175 luma=151 chroma=80 thresh=index not in {0,16,254,231,253,255} and not (bg && 0..15) out=0xff90b99f
2026-08-21T16:27:03.157 [term-guard-bg] branch=project rgb=95,175,175 luma=151 chroma=80 thresh=luma=151 in (32,220) chroma=80 vs achromaMax=8 out=0xff90b99f
2026-08-21T16:27:03.157 [term-indexed] branch=fallthrough-guardRgbBg index=73 rgb=95,175,175 luma=151 chroma=80 thresh=index not in {0,16,254,231,253,255} and not (bg && 0..15) out=0xff90b99f
2026-08-21T16:27:03.157 [term-indexed] branch=fallthrough-project index=74 rgb=95,175,215 luma=155 chroma=120 thresh=index not in {0,16,254,231,253,255} and not (bg && 0..15) out=0xffaca1cf
2026-08-21T16:27:03.157 [term-guard-bg] branch=project rgb=95,175,215 luma=155 chroma=120 thresh=luma=155 in (32,220) chroma=120 vs achromaMax=8 out=0xffaca1cf
2026-08-21T16:27:03.157 [term-indexed] branch=fallthrough-guardRgbBg index=74 rgb=95,175,215 luma=155 chroma=120 thresh=index not in {0,16,254,231,253,255} and not (bg && 0..15) out=0xffaca1cf
2026-08-21T16:27:03.157 [term-indexed] branch=fallthrough-project index=75 rgb=95,175,255 luma=160 chroma=160 thresh=index not in {0,16,254,231,253,255} and not (bg && 0..15) out=0xffaca1cf
2026-08-21T16:27:03.157 [term-guard-bg] branch=project rgb=95,175,255 luma=160 chroma=160 thresh=luma=160 in (32,220) chroma=160 vs achromaMax=8 out=0xffaca1cf
2026-08-21T16:27:03.157 [term-indexed] branch=fallthrough-guardRgbBg index=75 rgb=95,175,255 luma=160 chroma=160 thresh=index not in {0,16,254,231,253,255} and not (bg && 0..15) out=0xffaca1cf
2026-08-21T16:27:03.157 [term-indexed] branch=fallthrough-project index=76 rgb=95,215,0 luma=154 chroma=215 thresh=index not in {0,16,254,231,253,255} and not (bg && 0..15) out=0xff99ffe4
2026-08-21T16:27:03.157 [term-guard-bg] branch=project rgb=95,215,0 luma=154 chroma=215 thresh=luma=154 in (32,220) chroma=215 vs achromaMax=8 out=0xff99ffe4
2026-08-21T16:27:03.157 [term-indexed] branch=fallthrough-guardRgbBg index=76 rgb=95,215,0 luma=154 chroma=215 thresh=index not in {0,16,254,231,253,255} and not (bg && 0..15) out=0xff99ffe4
2026-08-21T16:27:03.157 [term-indexed] branch=fallthrough-project index=77 rgb=95,215,95 luma=165 chroma=120 thresh=index not in {0,16,254,231,253,255} and not (bg && 0..15) out=0xff99ffe4
2026-08-21T16:27:03.157 [term-guard-bg] branch=project rgb=95,215,95 luma=165 chroma=120 thresh=luma=165 in (32,220) chroma=120 vs achromaMax=8 out=0xff99ffe4
2026-08-21T16:27:03.157 [term-indexed] branch=fallthrough-guardRgbBg index=77 rgb=95,215,95 luma=165 chroma=120 thresh=index not in {0,16,254,231,253,255} and not (bg && 0..15) out=0xff99ffe4
2026-08-21T16:27:03.158 [term-indexed] branch=fallthrough-project index=78 rgb=95,215,135 luma=170 chroma=120 thresh=index not in {0,16,254,231,253,255} and not (bg && 0..15) out=0xff99ffe4
2026-08-21T16:27:03.158 [term-guard-bg] branch=project rgb=95,215,135 luma=170 chroma=120 thresh=luma=170 in (32,220) chroma=120 vs achromaMax=8 out=0xff99ffe4
2026-08-21T16:27:03.158 [term-indexed] branch=fallthrough-guardRgbBg index=78 rgb=95,215,135 luma=170 chroma=120 thresh=index not in {0,16,254,231,253,255} and not (bg && 0..15) out=0xff99ffe4
2026-08-21T16:27:03.158 [term-indexed] branch=fallthrough-project index=79 rgb=95,215,175 luma=174 chroma=120 thresh=index not in {0,16,254,231,253,255} and not (bg && 0..15) out=0xff99ffe4
2026-08-21T16:27:03.158 [term-guard-bg] branch=project rgb=95,215,175 luma=174 chroma=120 thresh=luma=174 in (32,220) chroma=120 vs achromaMax=8 out=0xff99ffe4
2026-08-21T16:27:03.158 [term-indexed] branch=fallthrough-guardRgbBg index=79 rgb=95,215,175 luma=174 chroma=120 thresh=index not in {0,16,254,231,253,255} and not (bg && 0..15) out=0xff99ffe4
2026-08-21T16:27:03.158 [term-indexed] branch=fallthrough-project index=80 rgb=95,215,215 luma=179 chroma=120 thresh=index not in {0,16,254,231,253,255} and not (bg && 0..15) out=0xff99ffe4
2026-08-21T16:27:03.158 [term-guard-bg] branch=project rgb=95,215,215 luma=179 chroma=120 thresh=luma=179 in (32,220) chroma=120 vs achromaMax=8 out=0xff99ffe4
2026-08-21T16:27:03.158 [term-indexed] branch=fallthrough-guardRgbBg index=80 rgb=95,215,215 luma=179 chroma=120 thresh=index not in {0,16,254,231,253,255} and not (bg && 0..15) out=0xff99ffe4
2026-08-21T16:27:03.158 [term-indexed] branch=fallthrough-project index=81 rgb=95,215,255 luma=183 chroma=160 thresh=index not in {0,16,254,231,253,255} and not (bg && 0..15) out=0xffb9aeda
2026-08-21T16:27:03.158 [term-guard-bg] branch=project rgb=95,215,255 luma=183 chroma=160 thresh=luma=183 in (32,220) chroma=160 vs achromaMax=8 out=0xffb9aeda
2026-08-21T16:27:03.158 [term-indexed] branch=fallthrough-guardRgbBg index=81 rgb=95,215,255 luma=183 chroma=160 thresh=index not in {0,16,254,231,253,255} and not (bg && 0..15) out=0xffb9aeda
2026-08-21T16:27:03.158 [term-indexed] branch=fallthrough-project index=82 rgb=95,255,0 luma=178 chroma=255 thresh=index not in {0,16,254,231,253,255} and not (bg && 0..15) out=0xff99ffe4
2026-08-21T16:27:03.158 [term-guard-bg] branch=project rgb=95,255,0 luma=178 chroma=255 thresh=luma=178 in (32,220) chroma=255 vs achromaMax=8 out=0xff99ffe4
2026-08-21T16:27:03.158 [term-indexed] branch=fallthrough-guardRgbBg index=82 rgb=95,255,0 luma=178 chroma=255 thresh=index not in {0,16,254,231,253,255} and not (bg && 0..15) out=0xff99ffe4
2026-08-21T16:27:03.158 [term-indexed] branch=fallthrough-project index=83 rgb=95,255,95 luma=188 chroma=160 thresh=index not in {0,16,254,231,253,255} and not (bg && 0..15) out=0xff99ffe4
2026-08-21T16:27:03.158 [term-guard-bg] branch=project rgb=95,255,95 luma=188 chroma=160 thresh=luma=188 in (32,220) chroma=160 vs achromaMax=8 out=0xff99ffe4
2026-08-21T16:27:03.159 [term-indexed] branch=fallthrough-guardRgbBg index=83 rgb=95,255,95 luma=188 chroma=160 thresh=index not in {0,16,254,231,253,255} and not (bg && 0..15) out=0xff99ffe4
2026-08-21T16:27:03.159 [term-indexed] branch=fallthrough-project index=84 rgb=95,255,135 luma=193 chroma=160 thresh=index not in {0,16,254,231,253,255} and not (bg && 0..15) out=0xff99ffe4
2026-08-21T16:27:03.159 [term-guard-bg] branch=project rgb=95,255,135 luma=193 chroma=160 thresh=luma=193 in (32,220) chroma=160 vs achromaMax=8 out=0xff99ffe4
2026-08-21T16:27:03.159 [term-indexed] branch=fallthrough-guardRgbBg index=84 rgb=95,255,135 luma=193 chroma=160 thresh=index not in {0,16,254,231,253,255} and not (bg && 0..15) out=0xff99ffe4
2026-08-21T16:27:03.159 [term-indexed] branch=fallthrough-project index=85 rgb=95,255,175 luma=198 chroma=160 thresh=index not in {0,16,254,231,253,255} and not (bg && 0..15) out=0xff99ffe4
2026-08-21T16:27:03.159 [term-guard-bg] branch=project rgb=95,255,175 luma=198 chroma=160 thresh=luma=198 in (32,220) chroma=160 vs achromaMax=8 out=0xff99ffe4
2026-08-21T16:27:03.159 [term-indexed] branch=fallthrough-guardRgbBg index=85 rgb=95,255,175 luma=198 chroma=160 thresh=index not in {0,16,254,231,253,255} and not (bg && 0..15) out=0xff99ffe4
2026-08-21T16:27:03.159 [term-indexed] branch=fallthrough-project index=86 rgb=95,255,215 luma=202 chroma=160 thresh=index not in {0,16,254,231,253,255} and not (bg && 0..15) out=0xff99ffe4
2026-08-21T16:27:03.159 [term-guard-bg] branch=project rgb=95,255,215 luma=202 chroma=160 thresh=luma=202 in (32,220) chroma=160 vs achromaMax=8 out=0xff99ffe4
2026-08-21T16:27:03.159 [term-indexed] branch=fallthrough-guardRgbBg index=86 rgb=95,255,215 luma=202 chroma=160 thresh=index not in {0,16,254,231,253,255} and not (bg && 0..15) out=0xff99ffe4
2026-08-21T16:27:03.159 [term-indexed] branch=fallthrough-project index=87 rgb=95,255,255 luma=207 chroma=160 thresh=index not in {0,16,254,231,253,255} and not (bg && 0..15) out=0xff99ffe4
2026-08-21T16:27:03.159 [term-guard-bg] branch=project rgb=95,255,255 luma=207 chroma=160 thresh=luma=207 in (32,220) chroma=160 vs achromaMax=8 out=0xff99ffe4
2026-08-21T16:27:03.159 [term-indexed] branch=fallthrough-guardRgbBg index=87 rgb=95,255,255 luma=207 chroma=160 thresh=index not in {0,16,254,231,253,255} and not (bg && 0..15) out=0xff99ffe4
2026-08-21T16:27:03.159 [term-indexed] branch=fallthrough-project index=88 rgb=135,0,0 luma=40 chroma=135 thresh=index not in {0,16,254,231,253,255} and not (bg && 0..15) out=0xffea83a5
2026-08-21T16:27:03.159 [term-guard-bg] branch=project rgb=135,0,0 luma=40 chroma=135 thresh=luma=40 in (32,220) chroma=135 vs achromaMax=8 out=0xffea83a5
2026-08-21T16:27:03.159 [term-indexed] branch=fallthrough-guardRgbBg index=88 rgb=135,0,0 luma=40 chroma=135 thresh=index not in {0,16,254,231,253,255} and not (bg && 0..15) out=0xffea83a5
2026-08-21T16:27:03.159 [term-indexed] branch=fallthrough-project index=89 rgb=135,0,95 luma=51 chroma=135 thresh=index not in {0,16,254,231,253,255} and not (bg && 0..15) out=0xffea83a5
2026-08-21T16:27:03.159 [term-guard-bg] branch=project rgb=135,0,95 luma=51 chroma=135 thresh=luma=51 in (32,220) chroma=135 vs achromaMax=8 out=0xffea83a5
2026-08-21T16:27:03.160 [term-indexed] branch=fallthrough-guardRgbBg index=89 rgb=135,0,95 luma=51 chroma=135 thresh=index not in {0,16,254,231,253,255} and not (bg && 0..15) out=0xffea83a5
2026-08-21T16:27:03.160 [term-indexed] branch=fallthrough-project index=90 rgb=135,0,135 luma=55 chroma=135 thresh=index not in {0,16,254,231,253,255} and not (bg && 0..15) out=0xffea83a5
2026-08-21T16:27:03.160 [term-guard-bg] branch=project rgb=135,0,135 luma=55 chroma=135 thresh=luma=55 in (32,220) chroma=135 vs achromaMax=8 out=0xffea83a5
2026-08-21T16:27:03.160 [term-indexed] branch=fallthrough-guardRgbBg index=90 rgb=135,0,135 luma=55 chroma=135 thresh=index not in {0,16,254,231,253,255} and not (bg && 0..15) out=0xffea83a5
2026-08-21T16:27:03.160 [term-indexed] branch=fallthrough-project index=91 rgb=135,0,175 luma=60 chroma=175 thresh=index not in {0,16,254,231,253,255} and not (bg && 0..15) out=0xffea83a5
2026-08-21T16:27:03.160 [term-guard-bg] branch=project rgb=135,0,175 luma=60 chroma=175 thresh=luma=60 in (32,220) chroma=175 vs achromaMax=8 out=0xffea83a5
2026-08-21T16:27:03.160 [term-indexed] branch=fallthrough-guardRgbBg index=91 rgb=135,0,175 luma=60 chroma=175 thresh=index not in {0,16,254,231,253,255} and not (bg && 0..15) out=0xffea83a5
2026-08-21T16:27:03.160 [term-indexed] branch=fallthrough-project index=92 rgb=135,0,215 luma=64 chroma=215 thresh=index not in {0,16,254,231,253,255} and not (bg && 0..15) out=0xffaca1cf
2026-08-21T16:27:03.160 [term-guard-bg] branch=project rgb=135,0,215 luma=64 chroma=215 thresh=luma=64 in (32,220) chroma=215 vs achromaMax=8 out=0xffaca1cf
2026-08-21T16:27:03.160 [term-indexed] branch=fallthrough-guardRgbBg index=92 rgb=135,0,215 luma=64 chroma=215 thresh=index not in {0,16,254,231,253,255} and not (bg && 0..15) out=0xffaca1cf
2026-08-21T16:27:03.160 [term-indexed] branch=fallthrough-project index=93 rgb=135,0,255 luma=69 chroma=255 thresh=index not in {0,16,254,231,253,255} and not (bg && 0..15) out=0xffaca1cf
2026-08-21T16:27:03.160 [term-guard-bg] branch=project rgb=135,0,255 luma=69 chroma=255 thresh=luma=69 in (32,220) chroma=255 vs achromaMax=8 out=0xffaca1cf
2026-08-21T16:27:03.160 [term-indexed] branch=fallthrough-guardRgbBg index=93 rgb=135,0,255 luma=69 chroma=255 thresh=index not in {0,16,254,231,253,255} and not (bg && 0..15) out=0xffaca1cf
2026-08-21T16:27:03.160 [term-indexed] branch=fallthrough-project index=94 rgb=135,95,0 luma=96 chroma=135 thresh=index not in {0,16,254,231,253,255} and not (bg && 0..15) out=0xffea83a5
2026-08-21T16:27:03.160 [term-guard-bg] branch=project rgb=135,95,0 luma=96 chroma=135 thresh=luma=96 in (32,220) chroma=135 vs achromaMax=8 out=0xffea83a5
2026-08-21T16:27:03.160 [term-indexed] branch=fallthrough-guardRgbBg index=94 rgb=135,95,0 luma=96 chroma=135 thresh=index not in {0,16,254,231,253,255} and not (bg && 0..15) out=0xffea83a5
2026-08-21T16:27:03.160 [term-indexed] branch=fallthrough-project index=95 rgb=135,95,95 luma=106 chroma=40 thresh=index not in {0,16,254,231,253,255} and not (bg && 0..15) out=0xff7e7e7e
2026-08-21T16:27:03.160 [term-guard-bg] branch=project rgb=135,95,95 luma=106 chroma=40 thresh=luma=106 in (32,220) chroma=40 vs achromaMax=8 out=0xff7e7e7e
2026-08-21T16:27:03.161 [term-indexed] branch=fallthrough-guardRgbBg index=95 rgb=135,95,95 luma=106 chroma=40 thresh=index not in {0,16,254,231,253,255} and not (bg && 0..15) out=0xff7e7e7e
2026-08-21T16:27:03.161 [term-indexed] branch=fallthrough-project index=96 rgb=135,95,135 luma=111 chroma=40 thresh=index not in {0,16,254,231,253,255} and not (bg && 0..15) out=0xff7e7e7e
2026-08-21T16:27:03.161 [term-guard-bg] branch=project rgb=135,95,135 luma=111 chroma=40 thresh=luma=111 in (32,220) chroma=40 vs achromaMax=8 out=0xff7e7e7e
2026-08-21T16:27:03.161 [term-indexed] branch=fallthrough-guardRgbBg index=96 rgb=135,95,135 luma=111 chroma=40 thresh=index not in {0,16,254,231,253,255} and not (bg && 0..15) out=0xff7e7e7e
2026-08-21T16:27:03.161 [term-indexed] branch=fallthrough-project index=97 rgb=135,95,175 luma=116 chroma=80 thresh=index not in {0,16,254,231,253,255} and not (bg && 0..15) out=0xffaca1cf
2026-08-21T16:27:03.161 [term-guard-bg] branch=project rgb=135,95,175 luma=116 chroma=80 thresh=luma=116 in (32,220) chroma=80 vs achromaMax=8 out=0xffaca1cf
2026-08-21T16:27:03.161 [term-indexed] branch=fallthrough-guardRgbBg index=97 rgb=135,95,175 luma=116 chroma=80 thresh=index not in {0,16,254,231,253,255} and not (bg && 0..15) out=0xffaca1cf
2026-08-21T16:27:03.161 [term-indexed] branch=fallthrough-project index=98 rgb=135,95,215 luma=120 chroma=120 thresh=index not in {0,16,254,231,253,255} and not (bg && 0..15) out=0xffaca1cf
2026-08-21T16:27:03.161 [term-guard-bg] branch=project rgb=135,95,215 luma=120 chroma=120 thresh=luma=120 in (32,220) chroma=120 vs achromaMax=8 out=0xffaca1cf
2026-08-21T16:27:03.161 [term-indexed] branch=fallthrough-guardRgbBg index=98 rgb=135,95,215 luma=120 chroma=120 thresh=index not in {0,16,254,231,253,255} and not (bg && 0..15) out=0xffaca1cf
2026-08-21T16:27:03.161 [term-indexed] branch=fallthrough-project index=99 rgb=135,95,255 luma=125 chroma=160 thresh=index not in {0,16,254,231,253,255} and not (bg && 0..15) out=0xffaca1cf
2026-08-21T16:27:03.161 [term-guard-bg] branch=project rgb=135,95,255 luma=125 chroma=160 thresh=luma=125 in (32,220) chroma=160 vs achromaMax=8 out=0xffaca1cf
2026-08-21T16:27:03.161 [term-indexed] branch=fallthrough-guardRgbBg index=99 rgb=135,95,255 luma=125 chroma=160 thresh=index not in {0,16,254,231,253,255} and not (bg && 0..15) out=0xffaca1cf
2026-08-21T16:27:03.161 [term-indexed] branch=fallthrough-project index=100 rgb=135,135,0 luma=119 chroma=135 thresh=index not in {0,16,254,231,253,255} and not (bg && 0..15) out=0xffaca1cf
2026-08-21T16:27:03.161 [term-guard-bg] branch=project rgb=135,135,0 luma=119 chroma=135 thresh=luma=119 in (32,220) chroma=135 vs achromaMax=8 out=0xffaca1cf
2026-08-21T16:27:03.161 [term-indexed] branch=fallthrough-guardRgbBg index=100 rgb=135,135,0 luma=119 chroma=135 thresh=index not in {0,16,254,231,253,255} and not (bg && 0..15) out=0xffaca1cf
2026-08-21T16:27:03.161 [term-indexed] branch=fallthrough-project index=101 rgb=135,135,95 luma=130 chroma=40 thresh=index not in {0,16,254,231,253,255} and not (bg && 0..15) out=0xff7e7e7e
2026-08-21T16:27:03.161 [term-guard-bg] branch=project rgb=135,135,95 luma=130 chroma=40 thresh=luma=130 in (32,220) chroma=40 vs achromaMax=8 out=0xff7e7e7e
2026-08-21T16:27:03.162 [term-indexed] branch=fallthrough-guardRgbBg index=101 rgb=135,135,95 luma=130 chroma=40 thresh=index not in {0,16,254,231,253,255} and not (bg && 0..15) out=0xff7e7e7e
2026-08-21T16:27:03.162 [term-indexed] branch=fallthrough-project index=102 rgb=135,135,135 luma=135 chroma=0 thresh=index not in {0,16,254,231,253,255} and not (bg && 0..15) out=0xff7e7e7e
2026-08-21T16:27:03.162 [term-guard-bg] branch=project rgb=135,135,135 luma=135 chroma=0 thresh=luma=135 in (32,220) chroma=0 vs achromaMax=8 out=0xff7e7e7e
2026-08-21T16:27:03.162 [term-indexed] branch=fallthrough-guardRgbBg index=102 rgb=135,135,135 luma=135 chroma=0 thresh=index not in {0,16,254,231,253,255} and not (bg && 0..15) out=0xff7e7e7e
2026-08-21T16:27:03.162 [term-indexed] branch=fallthrough-project index=103 rgb=135,135,175 luma=139 chroma=40 thresh=index not in {0,16,254,231,253,255} and not (bg && 0..15) out=0xff7e7e7e
2026-08-21T16:27:03.162 [term-guard-bg] branch=project rgb=135,135,175 luma=139 chroma=40 thresh=luma=139 in (32,220) chroma=40 vs achromaMax=8 out=0xff7e7e7e
2026-08-21T16:27:03.162 [term-indexed] branch=fallthrough-guardRgbBg index=103 rgb=135,135,175 luma=139 chroma=40 thresh=index not in {0,16,254,231,253,255} and not (bg && 0..15) out=0xff7e7e7e
2026-08-21T16:27:03.162 [term-indexed] branch=fallthrough-project index=104 rgb=135,135,215 luma=144 chroma=80 thresh=index not in {0,16,254,231,253,255} and not (bg && 0..15) out=0xffaca1cf
2026-08-21T16:27:03.162 [term-guard-bg] branch=project rgb=135,135,215 luma=144 chroma=80 thresh=luma=144 in (32,220) chroma=80 vs achromaMax=8 out=0xffaca1cf
2026-08-21T16:27:03.162 [term-indexed] branch=fallthrough-guardRgbBg index=104 rgb=135,135,215 luma=144 chroma=80 thresh=index not in {0,16,254,231,253,255} and not (bg && 0..15) out=0xffaca1cf
2026-08-21T16:27:03.162 [term-indexed] branch=fallthrough-project index=105 rgb=135,135,255 luma=148 chroma=120 thresh=index not in {0,16,254,231,253,255} and not (bg && 0..15) out=0xffaca1cf
2026-08-21T16:27:03.162 [term-guard-bg] branch=project rgb=135,135,255 luma=148 chroma=120 thresh=luma=148 in (32,220) chroma=120 vs achromaMax=8 out=0xffaca1cf
2026-08-21T16:27:03.162 [term-indexed] branch=fallthrough-guardRgbBg index=105 rgb=135,135,255 luma=148 chroma=120 thresh=index not in {0,16,254,231,253,255} and not (bg && 0..15) out=0xffaca1cf
2026-08-21T16:27:03.162 [term-indexed] branch=fallthrough-project index=106 rgb=135,175,0 luma=143 chroma=175 thresh=index not in {0,16,254,231,253,255} and not (bg && 0..15) out=0xffe6b99d
2026-08-21T16:27:03.162 [term-guard-bg] branch=project rgb=135,175,0 luma=143 chroma=175 thresh=luma=143 in (32,220) chroma=175 vs achromaMax=8 out=0xffe6b99d
2026-08-21T16:27:03.162 [term-indexed] branch=fallthrough-guardRgbBg index=106 rgb=135,175,0 luma=143 chroma=175 thresh=index not in {0,16,254,231,253,255} and not (bg && 0..15) out=0xffe6b99d
2026-08-21T16:27:03.162 [term-indexed] branch=fallthrough-project index=107 rgb=135,175,95 luma=153 chroma=80 thresh=index not in {0,16,254,231,253,255} and not (bg && 0..15) out=0xffe6b99d
2026-08-21T16:27:03.163 [term-guard-bg] branch=project rgb=135,175,95 luma=153 chroma=80 thresh=luma=153 in (32,220) chroma=80 vs achromaMax=8 out=0xffe6b99d
2026-08-21T16:27:03.163 [term-indexed] branch=fallthrough-guardRgbBg index=107 rgb=135,175,95 luma=153 chroma=80 thresh=index not in {0,16,254,231,253,255} and not (bg && 0..15) out=0xffe6b99d
2026-08-21T16:27:03.163 [term-indexed] branch=fallthrough-project index=108 rgb=135,175,135 luma=158 chroma=40 thresh=index not in {0,16,254,231,253,255} and not (bg && 0..15) out=0xff90b99f
2026-08-21T16:27:03.163 [term-guard-bg] branch=project rgb=135,175,135 luma=158 chroma=40 thresh=luma=158 in (32,220) chroma=40 vs achromaMax=8 out=0xff90b99f
2026-08-21T16:27:03.163 [term-indexed] branch=fallthrough-guardRgbBg index=108 rgb=135,175,135 luma=158 chroma=40 thresh=index not in {0,16,254,231,253,255} and not (bg && 0..15) out=0xff90b99f
2026-08-21T16:27:03.163 [term-indexed] branch=fallthrough-project index=109 rgb=135,175,175 luma=163 chroma=40 thresh=index not in {0,16,254,231,253,255} and not (bg && 0..15) out=0xff90b99f
2026-08-21T16:27:03.163 [term-guard-bg] branch=project rgb=135,175,175 luma=163 chroma=40 thresh=luma=163 in (32,220) chroma=40 vs achromaMax=8 out=0xff90b99f
2026-08-21T16:27:03.163 [term-indexed] branch=fallthrough-guardRgbBg index=109 rgb=135,175,175 luma=163 chroma=40 thresh=index not in {0,16,254,231,253,255} and not (bg && 0..15) out=0xff90b99f
2026-08-21T16:27:03.163 [term-indexed] branch=fallthrough-project index=110 rgb=135,175,215 luma=167 chroma=80 thresh=index not in {0,16,254,231,253,255} and not (bg && 0..15) out=0xffa0a0a0
2026-08-21T16:27:03.163 [term-guard-bg] branch=project rgb=135,175,215 luma=167 chroma=80 thresh=luma=167 in (32,220) chroma=80 vs achromaMax=8 out=0xffa0a0a0
2026-08-21T16:27:03.163 [term-indexed] branch=fallthrough-guardRgbBg index=110 rgb=135,175,215 luma=167 chroma=80 thresh=index not in {0,16,254,231,253,255} and not (bg && 0..15) out=0xffa0a0a0
2026-08-21T16:27:03.163 [term-indexed] branch=fallthrough-project index=111 rgb=135,175,255 luma=172 chroma=120 thresh=index not in {0,16,254,231,253,255} and not (bg && 0..15) out=0xffaca1cf
2026-08-21T16:27:03.163 [term-guard-bg] branch=project rgb=135,175,255 luma=172 chroma=120 thresh=luma=172 in (32,220) chroma=120 vs achromaMax=8 out=0xffaca1cf
2026-08-21T16:27:03.163 [term-indexed] branch=fallthrough-guardRgbBg index=111 rgb=135,175,255 luma=172 chroma=120 thresh=index not in {0,16,254,231,253,255} and not (bg && 0..15) out=0xffaca1cf
2026-08-21T16:27:03.163 [term-indexed] branch=fallthrough-project index=112 rgb=135,215,0 luma=166 chroma=215 thresh=index not in {0,16,254,231,253,255} and not (bg && 0..15) out=0xff99ffe4
2026-08-21T16:27:03.163 [term-guard-bg] branch=project rgb=135,215,0 luma=166 chroma=215 thresh=luma=166 in (32,220) chroma=215 vs achromaMax=8 out=0xff99ffe4
2026-08-21T16:27:03.163 [term-indexed] branch=fallthrough-guardRgbBg index=112 rgb=135,215,0 luma=166 chroma=215 thresh=index not in {0,16,254,231,253,255} and not (bg && 0..15) out=0xff99ffe4
2026-08-21T16:27:03.163 [term-indexed] branch=fallthrough-project index=113 rgb=135,215,95 luma=177 chroma=120 thresh=index not in {0,16,254,231,253,255} and not (bg && 0..15) out=0xff99ffe4
2026-08-21T16:27:03.163 [term-guard-bg] branch=project rgb=135,215,95 luma=177 chroma=120 thresh=luma=177 in (32,220) chroma=120 vs achromaMax=8 out=0xff99ffe4
2026-08-21T16:27:03.164 [term-indexed] branch=fallthrough-guardRgbBg index=113 rgb=135,215,95 luma=177 chroma=120 thresh=index not in {0,16,254,231,253,255} and not (bg && 0..15) out=0xff99ffe4
2026-08-21T16:27:03.164 [term-indexed] branch=fallthrough-project index=114 rgb=135,215,135 luma=181 chroma=80 thresh=index not in {0,16,254,231,253,255} and not (bg && 0..15) out=0xff99ffe4
2026-08-21T16:27:03.164 [term-guard-bg] branch=project rgb=135,215,135 luma=181 chroma=80 thresh=luma=181 in (32,220) chroma=80 vs achromaMax=8 out=0xff99ffe4
2026-08-21T16:27:03.164 [term-indexed] branch=fallthrough-guardRgbBg index=114 rgb=135,215,135 luma=181 chroma=80 thresh=index not in {0,16,254,231,253,255} and not (bg && 0..15) out=0xff99ffe4
2026-08-21T16:27:03.164 [term-indexed] branch=fallthrough-project index=115 rgb=135,215,175 luma=186 chroma=80 thresh=index not in {0,16,254,231,253,255} and not (bg && 0..15) out=0xff99ffe4
2026-08-21T16:27:03.164 [term-guard-bg] branch=project rgb=135,215,175 luma=186 chroma=80 thresh=luma=186 in (32,220) chroma=80 vs achromaMax=8 out=0xff99ffe4
2026-08-21T16:27:03.164 [term-indexed] branch=fallthrough-guardRgbBg index=115 rgb=135,215,175 luma=186 chroma=80 thresh=index not in {0,16,254,231,253,255} and not (bg && 0..15) out=0xff99ffe4
2026-08-21T16:27:03.164 [term-indexed] branch=fallthrough-project index=116 rgb=135,215,215 luma=191 chroma=80 thresh=index not in {0,16,254,231,253,255} and not (bg && 0..15) out=0xff90b99f
2026-08-21T16:27:03.164 [term-guard-bg] branch=project rgb=135,215,215 luma=191 chroma=80 thresh=luma=191 in (32,220) chroma=80 vs achromaMax=8 out=0xff90b99f
2026-08-21T16:27:03.164 [term-indexed] branch=fallthrough-guardRgbBg index=116 rgb=135,215,215 luma=191 chroma=80 thresh=index not in {0,16,254,231,253,255} and not (bg && 0..15) out=0xff90b99f
2026-08-21T16:27:03.164 [term-indexed] branch=fallthrough-project index=117 rgb=135,215,255 luma=195 chroma=120 thresh=index not in {0,16,254,231,253,255} and not (bg && 0..15) out=0xffb9aeda
2026-08-21T16:27:03.164 [term-guard-bg] branch=project rgb=135,215,255 luma=195 chroma=120 thresh=luma=195 in (32,220) chroma=120 vs achromaMax=8 out=0xffb9aeda
2026-08-21T16:27:03.164 [term-indexed] branch=fallthrough-guardRgbBg index=117 rgb=135,215,255 luma=195 chroma=120 thresh=index not in {0,16,254,231,253,255} and not (bg && 0..15) out=0xffb9aeda
2026-08-21T16:27:03.165 [term-indexed] branch=fallthrough-project index=118 rgb=135,255,0 luma=190 chroma=255 thresh=index not in {0,16,254,231,253,255} and not (bg && 0..15) out=0xff99ffe4
2026-08-21T16:27:03.165 [term-guard-bg] branch=project rgb=135,255,0 luma=190 chroma=255 thresh=luma=190 in (32,220) chroma=255 vs achromaMax=8 out=0xff99ffe4
2026-08-21T16:27:03.165 [term-indexed] branch=fallthrough-guardRgbBg index=118 rgb=135,255,0 luma=190 chroma=255 thresh=index not in {0,16,254,231,253,255} and not (bg && 0..15) out=0xff99ffe4
2026-08-21T16:27:03.165 [term-indexed] branch=fallthrough-project index=119 rgb=135,255,95 luma=200 chroma=160 thresh=index not in {0,16,254,231,253,255} and not (bg && 0..15) out=0xff99ffe4
2026-08-21T16:27:03.165 [term-guard-bg] branch=project rgb=135,255,95 luma=200 chroma=160 thresh=luma=200 in (32,220) chroma=160 vs achromaMax=8 out=0xff99ffe4
2026-08-21T16:27:03.165 [term-indexed] branch=fallthrough-guardRgbBg index=119 rgb=135,255,95 luma=200 chroma=160 thresh=index not in {0,16,254,231,253,255} and not (bg && 0..15) out=0xff99ffe4
2026-08-21T16:27:03.165 [term-indexed] branch=fallthrough-project index=120 rgb=135,255,135 luma=205 chroma=120 thresh=index not in {0,16,254,231,253,255} and not (bg && 0..15) out=0xff99ffe4
2026-08-21T16:27:03.165 [term-guard-bg] branch=project rgb=135,255,135 luma=205 chroma=120 thresh=luma=205 in (32,220) chroma=120 vs achromaMax=8 out=0xff99ffe4
2026-08-21T16:27:03.165 [term-indexed] branch=fallthrough-guardRgbBg index=120 rgb=135,255,135 luma=205 chroma=120 thresh=index not in {0,16,254,231,253,255} and not (bg && 0..15) out=0xff99ffe4
2026-08-21T16:27:03.165 [term-indexed] branch=fallthrough-project index=121 rgb=135,255,175 luma=210 chroma=120 thresh=index not in {0,16,254,231,253,255} and not (bg && 0..15) out=0xff99ffe4
2026-08-21T16:27:03.165 [term-guard-bg] branch=project rgb=135,255,175 luma=210 chroma=120 thresh=luma=210 in (32,220) chroma=120 vs achromaMax=8 out=0xff99ffe4
2026-08-21T16:27:03.165 [term-indexed] branch=fallthrough-guardRgbBg index=121 rgb=135,255,175 luma=210 chroma=120 thresh=index not in {0,16,254,231,253,255} and not (bg && 0..15) out=0xff99ffe4
2026-08-21T16:27:03.165 [term-indexed] branch=fallthrough-project index=122 rgb=135,255,215 luma=214 chroma=120 thresh=index not in {0,16,254,231,253,255} and not (bg && 0..15) out=0xff99ffe4
2026-08-21T16:27:03.165 [term-guard-bg] branch=project rgb=135,255,215 luma=214 chroma=120 thresh=luma=214 in (32,220) chroma=120 vs achromaMax=8 out=0xff99ffe4
2026-08-21T16:27:03.165 [term-indexed] branch=fallthrough-guardRgbBg index=122 rgb=135,255,215 luma=214 chroma=120 thresh=index not in {0,16,254,231,253,255} and not (bg && 0..15) out=0xff99ffe4
2026-08-21T16:27:03.165 [term-indexed] branch=fallthrough-project index=123 rgb=135,255,255 luma=219 chroma=120 thresh=index not in {0,16,254,231,253,255} and not (bg && 0..15) out=0xff99ffe4
2026-08-21T16:27:03.165 [term-guard-bg] branch=project rgb=135,255,255 luma=219 chroma=120 thresh=luma=219 in (32,220) chroma=120 vs achromaMax=8 out=0xff99ffe4
2026-08-21T16:27:03.165 [term-indexed] branch=fallthrough-guardRgbBg index=123 rgb=135,255,255 luma=219 chroma=120 thresh=index not in {0,16,254,231,253,255} and not (bg && 0..15) out=0xff99ffe4
2026-08-21T16:27:03.166 [term-indexed] branch=fallthrough-project index=124 rgb=175,0,0 luma=52 chroma=175 thresh=index not in {0,16,254,231,253,255} and not (bg && 0..15) out=0xffff8080
2026-08-21T16:27:03.166 [term-guard-bg] branch=project rgb=175,0,0 luma=52 chroma=175 thresh=luma=52 in (32,220) chroma=175 vs achromaMax=8 out=0xffff8080
2026-08-21T16:27:03.166 [term-indexed] branch=fallthrough-guardRgbBg index=124 rgb=175,0,0 luma=52 chroma=175 thresh=index not in {0,16,254,231,253,255} and not (bg && 0..15) out=0xffff8080
2026-08-21T16:27:03.166 [term-indexed] branch=fallthrough-project index=125 rgb=175,0,95 luma=63 chroma=175 thresh=index not in {0,16,254,231,253,255} and not (bg && 0..15) out=0xffea83a5
2026-08-21T16:27:03.166 [term-guard-bg] branch=project rgb=175,0,95 luma=63 chroma=175 thresh=luma=63 in (32,220) chroma=175 vs achromaMax=8 out=0xffea83a5
2026-08-21T16:27:03.166 [term-indexed] branch=fallthrough-guardRgbBg index=125 rgb=175,0,95 luma=63 chroma=175 thresh=index not in {0,16,254,231,253,255} and not (bg && 0..15) out=0xffea83a5
2026-08-21T16:27:03.166 [term-indexed] branch=fallthrough-project index=126 rgb=175,0,135 luma=67 chroma=175 thresh=index not in {0,16,254,231,253,255} and not (bg && 0..15) out=0xffea83a5
2026-08-21T16:27:03.166 [term-guard-bg] branch=project rgb=175,0,135 luma=67 chroma=175 thresh=luma=67 in (32,220) chroma=175 vs achromaMax=8 out=0xffea83a5
2026-08-21T16:27:03.166 [term-indexed] branch=fallthrough-guardRgbBg index=126 rgb=175,0,135 luma=67 chroma=175 thresh=index not in {0,16,254,231,253,255} and not (bg && 0..15) out=0xffea83a5
2026-08-21T16:27:03.166 [term-indexed] branch=fallthrough-project index=127 rgb=175,0,175 luma=72 chroma=175 thresh=index not in {0,16,254,231,253,255} and not (bg && 0..15) out=0xffea83a5
2026-08-21T16:27:03.166 [term-guard-bg] branch=project rgb=175,0,175 luma=72 chroma=175 thresh=luma=72 in (32,220) chroma=175 vs achromaMax=8 out=0xffea83a5
2026-08-21T16:27:03.166 [term-indexed] branch=fallthrough-guardRgbBg index=127 rgb=175,0,175 luma=72 chroma=175 thresh=index not in {0,16,254,231,253,255} and not (bg && 0..15) out=0xffea83a5
2026-08-21T16:27:03.166 [term-indexed] branch=fallthrough-project index=128 rgb=175,0,215 luma=76 chroma=215 thresh=index not in {0,16,254,231,253,255} and not (bg && 0..15) out=0xffea83a5
2026-08-21T16:27:03.166 [term-guard-bg] branch=project rgb=175,0,215 luma=76 chroma=215 thresh=luma=76 in (32,220) chroma=215 vs achromaMax=8 out=0xffea83a5
2026-08-21T16:27:03.166 [term-indexed] branch=fallthrough-guardRgbBg index=128 rgb=175,0,215 luma=76 chroma=215 thresh=index not in {0,16,254,231,253,255} and not (bg && 0..15) out=0xffea83a5
2026-08-21T16:27:03.166 [term-indexed] branch=fallthrough-project index=129 rgb=175,0,255 luma=81 chroma=255 thresh=index not in {0,16,254,231,253,255} and not (bg && 0..15) out=0xffaca1cf
2026-08-21T16:27:03.166 [term-guard-bg] branch=project rgb=175,0,255 luma=81 chroma=255 thresh=luma=81 in (32,220) chroma=255 vs achromaMax=8 out=0xffaca1cf
2026-08-21T16:27:03.167 [term-indexed] branch=fallthrough-guardRgbBg index=129 rgb=175,0,255 luma=81 chroma=255 thresh=index not in {0,16,254,231,253,255} and not (bg && 0..15) out=0xffaca1cf
2026-08-21T16:27:03.167 [term-indexed] branch=fallthrough-project index=130 rgb=175,95,0 luma=108 chroma=175 thresh=index not in {0,16,254,231,253,255} and not (bg && 0..15) out=0xffff8080
2026-08-21T16:27:03.167 [term-guard-bg] branch=project rgb=175,95,0 luma=108 chroma=175 thresh=luma=108 in (32,220) chroma=175 vs achromaMax=8 out=0xffff8080
2026-08-21T16:27:03.167 [term-indexed] branch=fallthrough-guardRgbBg index=130 rgb=175,95,0 luma=108 chroma=175 thresh=index not in {0,16,254,231,253,255} and not (bg && 0..15) out=0xffff8080
2026-08-21T16:27:03.167 [term-indexed] branch=fallthrough-project index=131 rgb=175,95,95 luma=118 chroma=80 thresh=index not in {0,16,254,231,253,255} and not (bg && 0..15) out=0xffea83a5
2026-08-21T16:27:03.167 [term-guard-bg] branch=project rgb=175,95,95 luma=118 chroma=80 thresh=luma=118 in (32,220) chroma=80 vs achromaMax=8 out=0xffea83a5
2026-08-21T16:27:03.167 [term-indexed] branch=fallthrough-guardRgbBg index=131 rgb=175,95,95 luma=118 chroma=80 thresh=index not in {0,16,254,231,253,255} and not (bg && 0..15) out=0xffea83a5
2026-08-21T16:27:03.167 [term-indexed] branch=fallthrough-project index=132 rgb=175,95,135 luma=123 chroma=80 thresh=index not in {0,16,254,231,253,255} and not (bg && 0..15) out=0xffea83a5
2026-08-21T16:27:03.167 [term-guard-bg] branch=project rgb=175,95,135 luma=123 chroma=80 thresh=luma=123 in (32,220) chroma=80 vs achromaMax=8 out=0xffea83a5
2026-08-21T16:27:03.167 [term-indexed] branch=fallthrough-guardRgbBg index=132 rgb=175,95,135 luma=123 chroma=80 thresh=index not in {0,16,254,231,253,255} and not (bg && 0..15) out=0xffea83a5
2026-08-21T16:27:03.167 [term-indexed] branch=fallthrough-project index=133 rgb=175,95,175 luma=128 chroma=80 thresh=index not in {0,16,254,231,253,255} and not (bg && 0..15) out=0xffea83a5
2026-08-21T16:27:03.167 [term-guard-bg] branch=project rgb=175,95,175 luma=128 chroma=80 thresh=luma=128 in (32,220) chroma=80 vs achromaMax=8 out=0xffea83a5
2026-08-21T16:27:03.167 [term-indexed] branch=fallthrough-guardRgbBg index=133 rgb=175,95,175 luma=128 chroma=80 thresh=index not in {0,16,254,231,253,255} and not (bg && 0..15) out=0xffea83a5
2026-08-21T16:27:03.167 [term-indexed] branch=fallthrough-project index=134 rgb=175,95,215 luma=132 chroma=120 thresh=index not in {0,16,254,231,253,255} and not (bg && 0..15) out=0xffaca1cf
2026-08-21T16:27:03.167 [term-guard-bg] branch=project rgb=175,95,215 luma=132 chroma=120 thresh=luma=132 in (32,220) chroma=120 vs achromaMax=8 out=0xffaca1cf
2026-08-21T16:27:03.167 [term-indexed] branch=fallthrough-guardRgbBg index=134 rgb=175,95,215 luma=132 chroma=120 thresh=index not in {0,16,254,231,253,255} and not (bg && 0..15) out=0xffaca1cf
2026-08-21T16:27:03.167 [term-indexed] branch=fallthrough-project index=135 rgb=175,95,255 luma=137 chroma=160 thresh=index not in {0,16,254,231,253,255} and not (bg && 0..15) out=0xffaca1cf
2026-08-21T16:27:03.167 [term-guard-bg] branch=project rgb=175,95,255 luma=137 chroma=160 thresh=luma=137 in (32,220) chroma=160 vs achromaMax=8 out=0xffaca1cf
2026-08-21T16:27:03.167 [term-indexed] branch=fallthrough-guardRgbBg index=135 rgb=175,95,255 luma=137 chroma=160 thresh=index not in {0,16,254,231,253,255} and not (bg && 0..15) out=0xffaca1cf
2026-08-21T16:27:03.168 [term-indexed] branch=fallthrough-project index=136 rgb=175,135,0 luma=131 chroma=175 thresh=index not in {0,16,254,231,253,255} and not (bg && 0..15) out=0xfff5a191
2026-08-21T16:27:03.168 [term-guard-bg] branch=project rgb=175,135,0 luma=131 chroma=175 thresh=luma=131 in (32,220) chroma=175 vs achromaMax=8 out=0xfff5a191
2026-08-21T16:27:03.168 [term-indexed] branch=fallthrough-guardRgbBg index=136 rgb=175,135,0 luma=131 chroma=175 thresh=index not in {0,16,254,231,253,255} and not (bg && 0..15) out=0xfff5a191
2026-08-21T16:27:03.168 [term-indexed] branch=fallthrough-project index=137 rgb=175,135,95 luma=142 chroma=80 thresh=index not in {0,16,254,231,253,255} and not (bg && 0..15) out=0xffa0a0a0
2026-08-21T16:27:03.168 [term-guard-bg] branch=project rgb=175,135,95 luma=142 chroma=80 thresh=luma=142 in (32,220) chroma=80 vs achromaMax=8 out=0xffa0a0a0
2026-08-21T16:27:03.168 [term-indexed] branch=fallthrough-guardRgbBg index=137 rgb=175,135,95 luma=142 chroma=80 thresh=index not in {0,16,254,231,253,255} and not (bg && 0..15) out=0xffa0a0a0
2026-08-21T16:27:03.168 [term-indexed] branch=fallthrough-project index=138 rgb=175,135,135 luma=146 chroma=40 thresh=index not in {0,16,254,231,253,255} and not (bg && 0..15) out=0xffa0a0a0
2026-08-21T16:27:03.168 [term-guard-bg] branch=project rgb=175,135,135 luma=146 chroma=40 thresh=luma=146 in (32,220) chroma=40 vs achromaMax=8 out=0xffa0a0a0
2026-08-21T16:27:03.168 [term-indexed] branch=fallthrough-guardRgbBg index=138 rgb=175,135,135 luma=146 chroma=40 thresh=index not in {0,16,254,231,253,255} and not (bg && 0..15) out=0xffa0a0a0
2026-08-21T16:27:03.168 [term-indexed] branch=fallthrough-project index=139 rgb=175,135,175 luma=151 chroma=40 thresh=index not in {0,16,254,231,253,255} and not (bg && 0..15) out=0xffa0a0a0
2026-08-21T16:27:03.168 [term-guard-bg] branch=project rgb=175,135,175 luma=151 chroma=40 thresh=luma=151 in (32,220) chroma=40 vs achromaMax=8 out=0xffa0a0a0
2026-08-21T16:27:03.168 [term-indexed] branch=fallthrough-guardRgbBg index=139 rgb=175,135,175 luma=151 chroma=40 thresh=index not in {0,16,254,231,253,255} and not (bg && 0..15) out=0xffa0a0a0
2026-08-21T16:27:03.168 [term-indexed] branch=fallthrough-project index=140 rgb=175,135,215 luma=156 chroma=80 thresh=index not in {0,16,254,231,253,255} and not (bg && 0..15) out=0xffaca1cf
2026-08-21T16:27:03.168 [term-guard-bg] branch=project rgb=175,135,215 luma=156 chroma=80 thresh=luma=156 in (32,220) chroma=80 vs achromaMax=8 out=0xffaca1cf
2026-08-21T16:27:03.168 [term-indexed] branch=fallthrough-guardRgbBg index=140 rgb=175,135,215 luma=156 chroma=80 thresh=index not in {0,16,254,231,253,255} and not (bg && 0..15) out=0xffaca1cf
2026-08-21T16:27:03.169 [term-indexed] branch=fallthrough-project index=141 rgb=175,135,255 luma=160 chroma=120 thresh=index not in {0,16,254,231,253,255} and not (bg && 0..15) out=0xffaca1cf
2026-08-21T16:27:03.169 [term-guard-bg] branch=project rgb=175,135,255 luma=160 chroma=120 thresh=luma=160 in (32,220) chroma=120 vs achromaMax=8 out=0xffaca1cf
2026-08-21T16:27:03.169 [term-indexed] branch=fallthrough-guardRgbBg index=141 rgb=175,135,255 luma=160 chroma=120 thresh=index not in {0,16,254,231,253,255} and not (bg && 0..15) out=0xffaca1cf
2026-08-21T16:27:03.169 [term-indexed] branch=fallthrough-project index=142 rgb=175,175,0 luma=155 chroma=175 thresh=index not in {0,16,254,231,253,255} and not (bg && 0..15) out=0xffe6b99d
2026-08-21T16:27:03.169 [term-guard-bg] branch=project rgb=175,175,0 luma=155 chroma=175 thresh=luma=155 in (32,220) chroma=175 vs achromaMax=8 out=0xffe6b99d
2026-08-21T16:27:03.169 [term-indexed] branch=fallthrough-guardRgbBg index=142 rgb=175,175,0 luma=155 chroma=175 thresh=index not in {0,16,254,231,253,255} and not (bg && 0..15) out=0xffe6b99d
2026-08-21T16:27:03.169 [term-indexed] branch=fallthrough-project index=143 rgb=175,175,95 luma=165 chroma=80 thresh=index not in {0,16,254,231,253,255} and not (bg && 0..15) out=0xffe6b99d
2026-08-21T16:27:03.169 [term-guard-bg] branch=project rgb=175,175,95 luma=165 chroma=80 thresh=luma=165 in (32,220) chroma=80 vs achromaMax=8 out=0xffe6b99d
2026-08-21T16:27:03.169 [term-indexed] branch=fallthrough-guardRgbBg index=143 rgb=175,175,95 luma=165 chroma=80 thresh=index not in {0,16,254,231,253,255} and not (bg && 0..15) out=0xffe6b99d
2026-08-21T16:27:03.169 [term-indexed] branch=fallthrough-project index=144 rgb=175,175,135 luma=170 chroma=40 thresh=index not in {0,16,254,231,253,255} and not (bg && 0..15) out=0xff90b99f
2026-08-21T16:27:03.169 [term-guard-bg] branch=project rgb=175,175,135 luma=170 chroma=40 thresh=luma=170 in (32,220) chroma=40 vs achromaMax=8 out=0xff90b99f
2026-08-21T16:27:03.169 [term-indexed] branch=fallthrough-guardRgbBg index=144 rgb=175,175,135 luma=170 chroma=40 thresh=index not in {0,16,254,231,253,255} and not (bg && 0..15) out=0xff90b99f
2026-08-21T16:27:03.169 [term-indexed] branch=fallthrough-project index=145 rgb=175,175,175 luma=175 chroma=0 thresh=index not in {0,16,254,231,253,255} and not (bg && 0..15) out=0xffa0a0a0
2026-08-21T16:27:03.169 [term-guard-bg] branch=project rgb=175,175,175 luma=175 chroma=0 thresh=luma=175 in (32,220) chroma=0 vs achromaMax=8 out=0xffa0a0a0
2026-08-21T16:27:03.169 [term-indexed] branch=fallthrough-guardRgbBg index=145 rgb=175,175,175 luma=175 chroma=0 thresh=index not in {0,16,254,231,253,255} and not (bg && 0..15) out=0xffa0a0a0
2026-08-21T16:27:03.169 [term-indexed] branch=fallthrough-project index=146 rgb=175,175,215 luma=179 chroma=40 thresh=index not in {0,16,254,231,253,255} and not (bg && 0..15) out=0xffa0a0a0
2026-08-21T16:27:03.169 [term-guard-bg] branch=project rgb=175,175,215 luma=179 chroma=40 thresh=luma=179 in (32,220) chroma=40 vs achromaMax=8 out=0xffa0a0a0
2026-08-21T16:27:03.169 [term-indexed] branch=fallthrough-guardRgbBg index=146 rgb=175,175,215 luma=179 chroma=40 thresh=index not in {0,16,254,231,253,255} and not (bg && 0..15) out=0xffa0a0a0
2026-08-21T16:27:03.170 [term-indexed] branch=fallthrough-project index=147 rgb=175,175,255 luma=184 chroma=80 thresh=index not in {0,16,254,231,253,255} and not (bg && 0..15) out=0xffb9aeda
2026-08-21T16:27:03.170 [term-guard-bg] branch=project rgb=175,175,255 luma=184 chroma=80 thresh=luma=184 in (32,220) chroma=80 vs achromaMax=8 out=0xffb9aeda
2026-08-21T16:27:03.170 [term-indexed] branch=fallthrough-guardRgbBg index=147 rgb=175,175,255 luma=184 chroma=80 thresh=index not in {0,16,254,231,253,255} and not (bg && 0..15) out=0xffb9aeda
2026-08-21T16:27:03.170 [term-indexed] branch=fallthrough-project index=148 rgb=175,215,0 luma=178 chroma=215 thresh=index not in {0,16,254,231,253,255} and not (bg && 0..15) out=0xffffc799
2026-08-21T16:27:03.170 [term-guard-bg] branch=project rgb=175,215,0 luma=178 chroma=215 thresh=luma=178 in (32,220) chroma=215 vs achromaMax=8 out=0xffffc799
2026-08-21T16:27:03.170 [term-indexed] branch=fallthrough-guardRgbBg index=148 rgb=175,215,0 luma=178 chroma=215 thresh=index not in {0,16,254,231,253,255} and not (bg && 0..15) out=0xffffc799
2026-08-21T16:27:03.170 [term-indexed] branch=fallthrough-project index=149 rgb=175,215,95 luma=189 chroma=120 thresh=index not in {0,16,254,231,253,255} and not (bg && 0..15) out=0xffffc799
2026-08-21T16:27:03.170 [term-guard-bg] branch=project rgb=175,215,95 luma=189 chroma=120 thresh=luma=189 in (32,220) chroma=120 vs achromaMax=8 out=0xffffc799
2026-08-21T16:27:03.170 [term-indexed] branch=fallthrough-guardRgbBg index=149 rgb=175,215,95 luma=189 chroma=120 thresh=index not in {0,16,254,231,253,255} and not (bg && 0..15) out=0xffffc799
2026-08-21T16:27:03.170 [term-indexed] branch=fallthrough-project index=150 rgb=175,215,135 luma=193 chroma=80 thresh=index not in {0,16,254,231,253,255} and not (bg && 0..15) out=0xffe6b99d
2026-08-21T16:27:03.170 [term-guard-bg] branch=project rgb=175,215,135 luma=193 chroma=80 thresh=luma=193 in (32,220) chroma=80 vs achromaMax=8 out=0xffe6b99d
2026-08-21T16:27:03.170 [term-indexed] branch=fallthrough-guardRgbBg index=150 rgb=175,215,135 luma=193 chroma=80 thresh=index not in {0,16,254,231,253,255} and not (bg && 0..15) out=0xffe6b99d
2026-08-21T16:27:03.170 [term-indexed] branch=fallthrough-project index=151 rgb=175,215,175 luma=198 chroma=40 thresh=index not in {0,16,254,231,253,255} and not (bg && 0..15) out=0xff90b99f
2026-08-21T16:27:03.170 [term-guard-bg] branch=project rgb=175,215,175 luma=198 chroma=40 thresh=luma=198 in (32,220) chroma=40 vs achromaMax=8 out=0xff90b99f
2026-08-21T16:27:03.170 [term-indexed] branch=fallthrough-guardRgbBg index=151 rgb=175,215,175 luma=198 chroma=40 thresh=index not in {0,16,254,231,253,255} and not (bg && 0..15) out=0xff90b99f
2026-08-21T16:27:03.170 [term-indexed] branch=fallthrough-project index=152 rgb=175,215,215 luma=203 chroma=40 thresh=index not in {0,16,254,231,253,255} and not (bg && 0..15) out=0xff90b99f
2026-08-21T16:27:03.171 [term-guard-bg] branch=project rgb=175,215,215 luma=203 chroma=40 thresh=luma=203 in (32,220) chroma=40 vs achromaMax=8 out=0xff90b99f
2026-08-21T16:27:03.171 [term-indexed] branch=fallthrough-guardRgbBg index=152 rgb=175,215,215 luma=203 chroma=40 thresh=index not in {0,16,254,231,253,255} and not (bg && 0..15) out=0xff90b99f
2026-08-21T16:27:03.171 [term-indexed] branch=fallthrough-project index=153 rgb=175,215,255 luma=207 chroma=80 thresh=index not in {0,16,254,231,253,255} and not (bg && 0..15) out=0xff90b99f
2026-08-21T16:27:03.171 [term-guard-bg] branch=project rgb=175,215,255 luma=207 chroma=80 thresh=luma=207 in (32,220) chroma=80 vs achromaMax=8 out=0xff90b99f
2026-08-21T16:27:03.171 [term-indexed] branch=fallthrough-guardRgbBg index=153 rgb=175,215,255 luma=207 chroma=80 thresh=index not in {0,16,254,231,253,255} and not (bg && 0..15) out=0xff90b99f
2026-08-21T16:27:03.171 [term-indexed] branch=fallthrough-project index=154 rgb=175,255,0 luma=202 chroma=255 thresh=index not in {0,16,254,231,253,255} and not (bg && 0..15) out=0xff99ffe4
2026-08-21T16:27:03.171 [term-guard-bg] branch=project rgb=175,255,0 luma=202 chroma=255 thresh=luma=202 in (32,220) chroma=255 vs achromaMax=8 out=0xff99ffe4
2026-08-21T16:27:03.171 [term-indexed] branch=fallthrough-guardRgbBg index=154 rgb=175,255,0 luma=202 chroma=255 thresh=index not in {0,16,254,231,253,255} and not (bg && 0..15) out=0xff99ffe4
2026-08-21T16:27:03.171 [term-indexed] branch=fallthrough-project index=155 rgb=175,255,95 luma=212 chroma=160 thresh=index not in {0,16,254,231,253,255} and not (bg && 0..15) out=0xff99ffe4
2026-08-21T16:27:03.171 [term-guard-bg] branch=project rgb=175,255,95 luma=212 chroma=160 thresh=luma=212 in (32,220) chroma=160 vs achromaMax=8 out=0xff99ffe4
2026-08-21T16:27:03.171 [term-indexed] branch=fallthrough-guardRgbBg index=155 rgb=175,255,95 luma=212 chroma=160 thresh=index not in {0,16,254,231,253,255} and not (bg && 0..15) out=0xff99ffe4
2026-08-21T16:27:03.171 [term-indexed] branch=fallthrough-project index=156 rgb=175,255,135 luma=217 chroma=120 thresh=index not in {0,16,254,231,253,255} and not (bg && 0..15) out=0xff99ffe4
2026-08-21T16:27:03.171 [term-guard-bg] branch=project rgb=175,255,135 luma=217 chroma=120 thresh=luma=217 in (32,220) chroma=120 vs achromaMax=8 out=0xff99ffe4
2026-08-21T16:27:03.171 [term-indexed] branch=fallthrough-guardRgbBg index=156 rgb=175,255,135 luma=217 chroma=120 thresh=index not in {0,16,254,231,253,255} and not (bg && 0..15) out=0xff99ffe4
2026-08-21T16:27:03.171 [term-indexed] branch=fallthrough-project index=157 rgb=175,255,175 luma=221 chroma=80 thresh=index not in {0,16,254,231,253,255} and not (bg && 0..15) out=0xff99ffe4
2026-08-21T16:27:03.171 [term-guard-bg] branch=luma-chroma-white rgb=175,255,175 luma=221 chroma=80 thresh=luma=221>=220 chroma=80>8 lumaMax=32 out=0xff988049
2026-08-21T16:27:03.171 [term-indexed] branch=fallthrough-guardRgbBg index=157 rgb=175,255,175 luma=221 chroma=80 thresh=index not in {0,16,254,231,253,255} and not (bg && 0..15) out=0xff988049
2026-08-21T16:27:03.171 [term-indexed] branch=fallthrough-project index=158 rgb=175,255,215 luma=226 chroma=80 thresh=index not in {0,16,254,231,253,255} and not (bg && 0..15) out=0xff99ffe4
2026-08-21T16:27:03.172 [term-guard-bg] branch=luma-chroma-white rgb=175,255,215 luma=226 chroma=80 thresh=luma=226>=220 chroma=80>8 lumaMax=32 out=0xff988049
2026-08-21T16:27:03.172 [term-indexed] branch=fallthrough-guardRgbBg index=158 rgb=175,255,215 luma=226 chroma=80 thresh=index not in {0,16,254,231,253,255} and not (bg && 0..15) out=0xff988049
2026-08-21T16:27:03.172 [term-indexed] branch=fallthrough-project index=159 rgb=175,255,255 luma=231 chroma=80 thresh=index not in {0,16,254,231,253,255} and not (bg && 0..15) out=0xffffffff
2026-08-21T16:27:03.172 [term-guard-bg] branch=luma-chroma-white rgb=175,255,255 luma=231 chroma=80 thresh=luma=231>=220 chroma=80>8 lumaMax=32 out=0xff988049
2026-08-21T16:27:03.172 [term-indexed] branch=fallthrough-guardRgbBg index=159 rgb=175,255,255 luma=231 chroma=80 thresh=index not in {0,16,254,231,253,255} and not (bg && 0..15) out=0xff988049
2026-08-21T16:27:03.172 [term-indexed] branch=fallthrough-project index=160 rgb=215,0,0 luma=64 chroma=215 thresh=index not in {0,16,254,231,253,255} and not (bg && 0..15) out=0xffff8080
2026-08-21T16:27:03.172 [term-guard-bg] branch=project rgb=215,0,0 luma=64 chroma=215 thresh=luma=64 in (32,220) chroma=215 vs achromaMax=8 out=0xffff8080
2026-08-21T16:27:03.172 [term-indexed] branch=fallthrough-guardRgbBg index=160 rgb=215,0,0 luma=64 chroma=215 thresh=index not in {0,16,254,231,253,255} and not (bg && 0..15) out=0xffff8080
2026-08-21T16:27:03.172 [term-indexed] branch=fallthrough-project index=161 rgb=215,0,95 luma=75 chroma=215 thresh=index not in {0,16,254,231,253,255} and not (bg && 0..15) out=0xffea83a5
2026-08-21T16:27:03.172 [term-guard-bg] branch=project rgb=215,0,95 luma=75 chroma=215 thresh=luma=75 in (32,220) chroma=215 vs achromaMax=8 out=0xffea83a5
2026-08-21T16:27:03.172 [term-indexed] branch=fallthrough-guardRgbBg index=161 rgb=215,0,95 luma=75 chroma=215 thresh=index not in {0,16,254,231,253,255} and not (bg && 0..15) out=0xffea83a5
2026-08-21T16:27:03.172 [term-indexed] branch=fallthrough-project index=162 rgb=215,0,135 luma=79 chroma=215 thresh=index not in {0,16,254,231,253,255} and not (bg && 0..15) out=0xffea83a5
2026-08-21T16:27:03.172 [term-guard-bg] branch=project rgb=215,0,135 luma=79 chroma=215 thresh=luma=79 in (32,220) chroma=215 vs achromaMax=8 out=0xffea83a5
2026-08-21T16:27:03.172 [term-indexed] branch=fallthrough-guardRgbBg index=162 rgb=215,0,135 luma=79 chroma=215 thresh=index not in {0,16,254,231,253,255} and not (bg && 0..15) out=0xffea83a5
2026-08-21T16:27:03.172 [term-indexed] branch=fallthrough-project index=163 rgb=215,0,175 luma=84 chroma=215 thresh=index not in {0,16,254,231,253,255} and not (bg && 0..15) out=0xffea83a5
2026-08-21T16:27:03.172 [term-guard-bg] branch=project rgb=215,0,175 luma=84 chroma=215 thresh=luma=84 in (32,220) chroma=215 vs achromaMax=8 out=0xffea83a5
2026-08-21T16:27:03.172 [term-indexed] branch=fallthrough-guardRgbBg index=163 rgb=215,0,175 luma=84 chroma=215 thresh=index not in {0,16,254,231,253,255} and not (bg && 0..15) out=0xffea83a5
2026-08-21T16:27:03.172 [term-indexed] branch=fallthrough-project index=164 rgb=215,0,215 luma=88 chroma=215 thresh=index not in {0,16,254,231,253,255} and not (bg && 0..15) out=0xffea83a5
2026-08-21T16:27:03.173 [term-guard-bg] branch=project rgb=215,0,215 luma=88 chroma=215 thresh=luma=88 in (32,220) chroma=215 vs achromaMax=8 out=0xffea83a5
2026-08-21T16:27:03.173 [term-indexed] branch=fallthrough-guardRgbBg index=164 rgb=215,0,215 luma=88 chroma=215 thresh=index not in {0,16,254,231,253,255} and not (bg && 0..15) out=0xffea83a5
2026-08-21T16:27:03.173 [term-indexed] branch=fallthrough-project index=165 rgb=215,0,255 luma=93 chroma=255 thresh=index not in {0,16,254,231,253,255} and not (bg && 0..15) out=0xffea83a5
2026-08-21T16:27:03.173 [term-guard-bg] branch=project rgb=215,0,255 luma=93 chroma=255 thresh=luma=93 in (32,220) chroma=255 vs achromaMax=8 out=0xffea83a5
2026-08-21T16:27:03.173 [term-indexed] branch=fallthrough-guardRgbBg index=165 rgb=215,0,255 luma=93 chroma=255 thresh=index not in {0,16,254,231,253,255} and not (bg && 0..15) out=0xffea83a5
2026-08-21T16:27:03.173 [term-indexed] branch=fallthrough-project index=166 rgb=215,95,0 luma=120 chroma=215 thresh=index not in {0,16,254,231,253,255} and not (bg && 0..15) out=0xffff8080
2026-08-21T16:27:03.173 [term-guard-bg] branch=project rgb=215,95,0 luma=120 chroma=215 thresh=luma=120 in (32,220) chroma=215 vs achromaMax=8 out=0xffff8080
2026-08-21T16:27:03.173 [term-indexed] branch=fallthrough-guardRgbBg index=166 rgb=215,95,0 luma=120 chroma=215 thresh=index not in {0,16,254,231,253,255} and not (bg && 0..15) out=0xffff8080
2026-08-21T16:27:03.173 [term-indexed] branch=fallthrough-project index=167 rgb=215,95,95 luma=130 chroma=120 thresh=index not in {0,16,254,231,253,255} and not (bg && 0..15) out=0xffff8080
2026-08-21T16:27:03.173 [term-guard-bg] branch=project rgb=215,95,95 luma=130 chroma=120 thresh=luma=130 in (32,220) chroma=120 vs achromaMax=8 out=0xffff8080
2026-08-21T16:27:03.173 [term-indexed] branch=fallthrough-guardRgbBg index=167 rgb=215,95,95 luma=130 chroma=120 thresh=index not in {0,16,254,231,253,255} and not (bg && 0..15) out=0xffff8080
2026-08-21T16:27:03.173 [term-indexed] branch=fallthrough-project index=168 rgb=215,95,135 luma=135 chroma=120 thresh=index not in {0,16,254,231,253,255} and not (bg && 0..15) out=0xffea83a5
2026-08-21T16:27:03.173 [term-guard-bg] branch=project rgb=215,95,135 luma=135 chroma=120 thresh=luma=135 in (32,220) chroma=120 vs achromaMax=8 out=0xffea83a5
2026-08-21T16:27:03.173 [term-indexed] branch=fallthrough-guardRgbBg index=168 rgb=215,95,135 luma=135 chroma=120 thresh=index not in {0,16,254,231,253,255} and not (bg && 0..15) out=0xffea83a5
2026-08-21T16:27:03.174 [term-indexed] branch=fallthrough-project index=169 rgb=215,95,175 luma=140 chroma=120 thresh=index not in {0,16,254,231,253,255} and not (bg && 0..15) out=0xffea83a5
2026-08-21T16:27:03.174 [term-guard-bg] branch=project rgb=215,95,175 luma=140 chroma=120 thresh=luma=140 in (32,220) chroma=120 vs achromaMax=8 out=0xffea83a5
2026-08-21T16:27:03.174 [term-indexed] branch=fallthrough-guardRgbBg index=169 rgb=215,95,175 luma=140 chroma=120 thresh=index not in {0,16,254,231,253,255} and not (bg && 0..15) out=0xffea83a5
2026-08-21T16:27:03.174 [term-indexed] branch=fallthrough-project index=170 rgb=215,95,215 luma=144 chroma=120 thresh=index not in {0,16,254,231,253,255} and not (bg && 0..15) out=0xffea83a5
2026-08-21T16:27:03.174 [term-guard-bg] branch=project rgb=215,95,215 luma=144 chroma=120 thresh=luma=144 in (32,220) chroma=120 vs achromaMax=8 out=0xffea83a5
2026-08-21T16:27:03.174 [term-indexed] branch=fallthrough-guardRgbBg index=170 rgb=215,95,215 luma=144 chroma=120 thresh=index not in {0,16,254,231,253,255} and not (bg && 0..15) out=0xffea83a5
2026-08-21T16:27:03.174 [term-indexed] branch=fallthrough-project index=171 rgb=215,95,255 luma=149 chroma=160 thresh=index not in {0,16,254,231,253,255} and not (bg && 0..15) out=0xffea83a5
2026-08-21T16:27:03.174 [term-guard-bg] branch=project rgb=215,95,255 luma=149 chroma=160 thresh=luma=149 in (32,220) chroma=160 vs achromaMax=8 out=0xffea83a5
2026-08-21T16:27:03.174 [term-indexed] branch=fallthrough-guardRgbBg index=171 rgb=215,95,255 luma=149 chroma=160 thresh=index not in {0,16,254,231,253,255} and not (bg && 0..15) out=0xffea83a5
2026-08-21T16:27:03.174 [term-indexed] branch=fallthrough-project index=172 rgb=215,135,0 luma=143 chroma=215 thresh=index not in {0,16,254,231,253,255} and not (bg && 0..15) out=0xffff8080
2026-08-21T16:27:03.174 [term-guard-bg] branch=project rgb=215,135,0 luma=143 chroma=215 thresh=luma=143 in (32,220) chroma=215 vs achromaMax=8 out=0xffff8080
2026-08-21T16:27:03.174 [term-indexed] branch=fallthrough-guardRgbBg index=172 rgb=215,135,0 luma=143 chroma=215 thresh=index not in {0,16,254,231,253,255} and not (bg && 0..15) out=0xffff8080
2026-08-21T16:27:03.174 [term-indexed] branch=fallthrough-project index=173 rgb=215,135,95 luma=154 chroma=120 thresh=index not in {0,16,254,231,253,255} and not (bg && 0..15) out=0xffff8080
2026-08-21T16:27:03.174 [term-guard-bg] branch=project rgb=215,135,95 luma=154 chroma=120 thresh=luma=154 in (32,220) chroma=120 vs achromaMax=8 out=0xffff8080
2026-08-21T16:27:03.174 [term-indexed] branch=fallthrough-guardRgbBg index=173 rgb=215,135,95 luma=154 chroma=120 thresh=index not in {0,16,254,231,253,255} and not (bg && 0..15) out=0xffff8080
2026-08-21T16:27:03.174 [term-indexed] branch=fallthrough-project index=174 rgb=215,135,135 luma=158 chroma=80 thresh=index not in {0,16,254,231,253,255} and not (bg && 0..15) out=0xffea83a5
2026-08-21T16:27:03.175 [term-guard-bg] branch=project rgb=215,135,135 luma=158 chroma=80 thresh=luma=158 in (32,220) chroma=80 vs achromaMax=8 out=0xffea83a5
2026-08-21T16:27:03.175 [term-indexed] branch=fallthrough-guardRgbBg index=174 rgb=215,135,135 luma=158 chroma=80 thresh=index not in {0,16,254,231,253,255} and not (bg && 0..15) out=0xffea83a5
2026-08-21T16:27:03.175 [term-indexed] branch=fallthrough-project index=175 rgb=215,135,175 luma=163 chroma=80 thresh=index not in {0,16,254,231,253,255} and not (bg && 0..15) out=0xffea83a5
2026-08-21T16:27:03.175 [term-guard-bg] branch=project rgb=215,135,175 luma=163 chroma=80 thresh=luma=163 in (32,220) chroma=80 vs achromaMax=8 out=0xffea83a5
2026-08-21T16:27:03.175 [term-indexed] branch=fallthrough-guardRgbBg index=175 rgb=215,135,175 luma=163 chroma=80 thresh=index not in {0,16,254,231,253,255} and not (bg && 0..15) out=0xffea83a5
2026-08-21T16:27:03.175 [term-indexed] branch=fallthrough-project index=176 rgb=215,135,215 luma=168 chroma=80 thresh=index not in {0,16,254,231,253,255} and not (bg && 0..15) out=0xffe29eca
2026-08-21T16:27:03.175 [term-guard-bg] branch=project rgb=215,135,215 luma=168 chroma=80 thresh=luma=168 in (32,220) chroma=80 vs achromaMax=8 out=0xffe29eca
2026-08-21T16:27:03.175 [term-indexed] branch=fallthrough-guardRgbBg index=176 rgb=215,135,215 luma=168 chroma=80 thresh=index not in {0,16,254,231,253,255} and not (bg && 0..15) out=0xffe29eca
2026-08-21T16:27:03.175 [term-indexed] branch=fallthrough-project index=177 rgb=215,135,255 luma=172 chroma=120 thresh=index not in {0,16,254,231,253,255} and not (bg && 0..15) out=0xffe29eca
2026-08-21T16:27:03.175 [term-guard-bg] branch=project rgb=215,135,255 luma=172 chroma=120 thresh=luma=172 in (32,220) chroma=120 vs achromaMax=8 out=0xffe29eca
2026-08-21T16:27:03.175 [term-indexed] branch=fallthrough-guardRgbBg index=177 rgb=215,135,255 luma=172 chroma=120 thresh=index not in {0,16,254,231,253,255} and not (bg && 0..15) out=0xffe29eca
2026-08-21T16:27:03.175 [term-indexed] branch=fallthrough-project index=178 rgb=215,175,0 luma=167 chroma=215 thresh=index not in {0,16,254,231,253,255} and not (bg && 0..15) out=0xffe6b99d
2026-08-21T16:27:03.175 [term-guard-bg] branch=project rgb=215,175,0 luma=167 chroma=215 thresh=luma=167 in (32,220) chroma=215 vs achromaMax=8 out=0xffe6b99d
2026-08-21T16:27:03.175 [term-indexed] branch=fallthrough-guardRgbBg index=178 rgb=215,175,0 luma=167 chroma=215 thresh=index not in {0,16,254,231,253,255} and not (bg && 0..15) out=0xffe6b99d
2026-08-21T16:27:03.175 [term-indexed] branch=fallthrough-project index=179 rgb=215,175,95 luma=177 chroma=120 thresh=index not in {0,16,254,231,253,255} and not (bg && 0..15) out=0xffe6b99d
2026-08-21T16:27:03.175 [term-guard-bg] branch=project rgb=215,175,95 luma=177 chroma=120 thresh=luma=177 in (32,220) chroma=120 vs achromaMax=8 out=0xffe6b99d
2026-08-21T16:27:03.175 [term-indexed] branch=fallthrough-guardRgbBg index=179 rgb=215,175,95 luma=177 chroma=120 thresh=index not in {0,16,254,231,253,255} and not (bg && 0..15) out=0xffe6b99d
2026-08-21T16:27:03.175 [term-indexed] branch=fallthrough-project index=180 rgb=215,175,135 luma=182 chroma=80 thresh=index not in {0,16,254,231,253,255} and not (bg && 0..15) out=0xff90b99f
2026-08-21T16:27:03.176 [term-guard-bg] branch=project rgb=215,175,135 luma=182 chroma=80 thresh=luma=182 in (32,220) chroma=80 vs achromaMax=8 out=0xff90b99f
2026-08-21T16:27:03.176 [term-indexed] branch=fallthrough-guardRgbBg index=180 rgb=215,175,135 luma=182 chroma=80 thresh=index not in {0,16,254,231,253,255} and not (bg && 0..15) out=0xff90b99f
2026-08-21T16:27:03.176 [term-indexed] branch=fallthrough-project index=181 rgb=215,175,175 luma=186 chroma=40 thresh=index not in {0,16,254,231,253,255} and not (bg && 0..15) out=0xffa0a0a0
2026-08-21T16:27:03.176 [term-guard-bg] branch=project rgb=215,175,175 luma=186 chroma=40 thresh=luma=186 in (32,220) chroma=40 vs achromaMax=8 out=0xffa0a0a0
2026-08-21T16:27:03.176 [term-indexed] branch=fallthrough-guardRgbBg index=181 rgb=215,175,175 luma=186 chroma=40 thresh=index not in {0,16,254,231,253,255} and not (bg && 0..15) out=0xffa0a0a0
2026-08-21T16:27:03.176 [term-indexed] branch=fallthrough-project index=182 rgb=215,175,215 luma=191 chroma=40 thresh=index not in {0,16,254,231,253,255} and not (bg && 0..15) out=0xffa0a0a0
2026-08-21T16:27:03.176 [term-guard-bg] branch=project rgb=215,175,215 luma=191 chroma=40 thresh=luma=191 in (32,220) chroma=40 vs achromaMax=8 out=0xffa0a0a0
2026-08-21T16:27:03.176 [term-indexed] branch=fallthrough-guardRgbBg index=182 rgb=215,175,215 luma=191 chroma=40 thresh=index not in {0,16,254,231,253,255} and not (bg && 0..15) out=0xffa0a0a0
2026-08-21T16:27:03.176 [term-indexed] branch=fallthrough-project index=183 rgb=215,175,255 luma=196 chroma=80 thresh=index not in {0,16,254,231,253,255} and not (bg && 0..15) out=0xffecaad6
2026-08-21T16:27:03.176 [term-guard-bg] branch=project rgb=215,175,255 luma=196 chroma=80 thresh=luma=196 in (32,220) chroma=80 vs achromaMax=8 out=0xffecaad6
2026-08-21T16:27:03.176 [term-indexed] branch=fallthrough-guardRgbBg index=183 rgb=215,175,255 luma=196 chroma=80 thresh=index not in {0,16,254,231,253,255} and not (bg && 0..15) out=0xffecaad6
2026-08-21T16:27:03.176 [term-indexed] branch=fallthrough-project index=184 rgb=215,215,0 luma=190 chroma=215 thresh=index not in {0,16,254,231,253,255} and not (bg && 0..15) out=0xffffc799
2026-08-21T16:27:03.176 [term-guard-bg] branch=project rgb=215,215,0 luma=190 chroma=215 thresh=luma=190 in (32,220) chroma=215 vs achromaMax=8 out=0xffffc799
2026-08-21T16:27:03.176 [term-indexed] branch=fallthrough-guardRgbBg index=184 rgb=215,215,0 luma=190 chroma=215 thresh=index not in {0,16,254,231,253,255} and not (bg && 0..15) out=0xffffc799
2026-08-21T16:27:03.176 [term-indexed] branch=fallthrough-project index=185 rgb=215,215,95 luma=201 chroma=120 thresh=index not in {0,16,254,231,253,255} and not (bg && 0..15) out=0xffffc799
2026-08-21T16:27:03.176 [term-guard-bg] branch=project rgb=215,215,95 luma=201 chroma=120 thresh=luma=201 in (32,220) chroma=120 vs achromaMax=8 out=0xffffc799
2026-08-21T16:27:03.176 [term-indexed] branch=fallthrough-guardRgbBg index=185 rgb=215,215,95 luma=201 chroma=120 thresh=index not in {0,16,254,231,253,255} and not (bg && 0..15) out=0xffffc799
2026-08-21T16:27:03.176 [term-indexed] branch=fallthrough-project index=186 rgb=215,215,135 luma=205 chroma=80 thresh=index not in {0,16,254,231,253,255} and not (bg && 0..15) out=0xffffc799
2026-08-21T16:27:03.176 [term-guard-bg] branch=project rgb=215,215,135 luma=205 chroma=80 thresh=luma=205 in (32,220) chroma=80 vs achromaMax=8 out=0xffffc799
2026-08-21T16:27:03.177 [term-indexed] branch=fallthrough-guardRgbBg index=186 rgb=215,215,135 luma=205 chroma=80 thresh=index not in {0,16,254,231,253,255} and not (bg && 0..15) out=0xffffc799
2026-08-21T16:27:03.177 [term-indexed] branch=fallthrough-project index=187 rgb=215,215,175 luma=210 chroma=40 thresh=index not in {0,16,254,231,253,255} and not (bg && 0..15) out=0xff90b99f
2026-08-21T16:27:03.177 [term-guard-bg] branch=project rgb=215,215,175 luma=210 chroma=40 thresh=luma=210 in (32,220) chroma=40 vs achromaMax=8 out=0xff90b99f
2026-08-21T16:27:03.177 [term-indexed] branch=fallthrough-guardRgbBg index=187 rgb=215,215,175 luma=210 chroma=40 thresh=index not in {0,16,254,231,253,255} and not (bg && 0..15) out=0xff90b99f
2026-08-21T16:27:03.177 [term-indexed] branch=fallthrough-project index=188 rgb=215,215,215 luma=215 chroma=0 thresh=index not in {0,16,254,231,253,255} and not (bg && 0..15) out=0xffffffff
2026-08-21T16:27:03.177 [term-guard-bg] branch=project rgb=215,215,215 luma=215 chroma=0 thresh=luma=215 in (32,220) chroma=0 vs achromaMax=8 out=0xffffffff
2026-08-21T16:27:03.177 [term-indexed] branch=fallthrough-guardRgbBg index=188 rgb=215,215,215 luma=215 chroma=0 thresh=index not in {0,16,254,231,253,255} and not (bg && 0..15) out=0xffffffff
2026-08-21T16:27:03.177 [term-indexed] branch=fallthrough-project index=189 rgb=215,215,255 luma=219 chroma=40 thresh=index not in {0,16,254,231,253,255} and not (bg && 0..15) out=0xffffffff
2026-08-21T16:27:03.177 [term-guard-bg] branch=project rgb=215,215,255 luma=219 chroma=40 thresh=luma=219 in (32,220) chroma=40 vs achromaMax=8 out=0xffffffff
2026-08-21T16:27:03.177 [term-indexed] branch=fallthrough-guardRgbBg index=189 rgb=215,215,255 luma=219 chroma=40 thresh=index not in {0,16,254,231,253,255} and not (bg && 0..15) out=0xffffffff
2026-08-21T16:27:03.177 [term-indexed] branch=fallthrough-project index=190 rgb=215,255,0 luma=213 chroma=255 thresh=index not in {0,16,254,231,253,255} and not (bg && 0..15) out=0xff99ffe4
2026-08-21T16:27:03.177 [term-guard-bg] branch=project rgb=215,255,0 luma=213 chroma=255 thresh=luma=213 in (32,220) chroma=255 vs achromaMax=8 out=0xff99ffe4
2026-08-21T16:27:03.177 [term-indexed] branch=fallthrough-guardRgbBg index=190 rgb=215,255,0 luma=213 chroma=255 thresh=index not in {0,16,254,231,253,255} and not (bg && 0..15) out=0xff99ffe4
2026-08-21T16:27:03.177 [term-indexed] branch=fallthrough-project index=191 rgb=215,255,95 luma=224 chroma=160 thresh=index not in {0,16,254,231,253,255} and not (bg && 0..15) out=0xff99ffe4
2026-08-21T16:27:03.177 [term-guard-bg] branch=luma-chroma-white rgb=215,255,95 luma=224 chroma=160 thresh=luma=224>=220 chroma=160>8 lumaMax=32 out=0xff988049
2026-08-21T16:27:03.177 [term-indexed] branch=fallthrough-guardRgbBg index=191 rgb=215,255,95 luma=224 chroma=160 thresh=index not in {0,16,254,231,253,255} and not (bg && 0..15) out=0xff988049
2026-08-21T16:27:03.177 [term-indexed] branch=fallthrough-project index=192 rgb=215,255,135 luma=229 chroma=120 thresh=index not in {0,16,254,231,253,255} and not (bg && 0..15) out=0xff99ffe4
2026-08-21T16:27:03.177 [term-guard-bg] branch=luma-chroma-white rgb=215,255,135 luma=229 chroma=120 thresh=luma=229>=220 chroma=120>8 lumaMax=32 out=0xff988049
2026-08-21T16:27:03.177 [term-indexed] branch=fallthrough-guardRgbBg index=192 rgb=215,255,135 luma=229 chroma=120 thresh=index not in {0,16,254,231,253,255} and not (bg && 0..15) out=0xff988049
2026-08-21T16:27:03.178 [term-indexed] branch=fallthrough-project index=193 rgb=215,255,175 luma=233 chroma=80 thresh=index not in {0,16,254,231,253,255} and not (bg && 0..15) out=0xff99ffe4
2026-08-21T16:27:03.178 [term-guard-bg] branch=luma-chroma-white rgb=215,255,175 luma=233 chroma=80 thresh=luma=233>=220 chroma=80>8 lumaMax=32 out=0xff988049
2026-08-21T16:27:03.178 [term-indexed] branch=fallthrough-guardRgbBg index=193 rgb=215,255,175 luma=233 chroma=80 thresh=index not in {0,16,254,231,253,255} and not (bg && 0..15) out=0xff988049
2026-08-21T16:27:03.178 [term-indexed] branch=fallthrough-project index=194 rgb=215,255,215 luma=238 chroma=40 thresh=index not in {0,16,254,231,253,255} and not (bg && 0..15) out=0xffffffff
2026-08-21T16:27:03.178 [term-guard-bg] branch=luma-chroma-white rgb=215,255,215 luma=238 chroma=40 thresh=luma=238>=220 chroma=40>8 lumaMax=32 out=0xff988049
2026-08-21T16:27:03.178 [term-indexed] branch=fallthrough-guardRgbBg index=194 rgb=215,255,215 luma=238 chroma=40 thresh=index not in {0,16,254,231,253,255} and not (bg && 0..15) out=0xff988049
2026-08-21T16:27:03.178 [term-indexed] branch=fallthrough-project index=195 rgb=215,255,255 luma=243 chroma=40 thresh=index not in {0,16,254,231,253,255} and not (bg && 0..15) out=0xffffffff
2026-08-21T16:27:03.178 [term-guard-bg] branch=luma-chroma-white rgb=215,255,255 luma=243 chroma=40 thresh=luma=243>=220 chroma=40>8 lumaMax=32 out=0xff988049
2026-08-21T16:27:03.178 [term-indexed] branch=fallthrough-guardRgbBg index=195 rgb=215,255,255 luma=243 chroma=40 thresh=index not in {0,16,254,231,253,255} and not (bg && 0..15) out=0xff988049
2026-08-21T16:27:03.178 [term-indexed] branch=fallthrough-project index=196 rgb=255,0,0 luma=76 chroma=255 thresh=index not in {0,16,254,231,253,255} and not (bg && 0..15) out=0xffff8080
2026-08-21T16:27:03.178 [term-guard-bg] branch=project rgb=255,0,0 luma=76 chroma=255 thresh=luma=76 in (32,220) chroma=255 vs achromaMax=8 out=0xffff8080
2026-08-21T16:27:03.178 [term-indexed] branch=fallthrough-guardRgbBg index=196 rgb=255,0,0 luma=76 chroma=255 thresh=index not in {0,16,254,231,253,255} and not (bg && 0..15) out=0xffff8080
2026-08-21T16:27:03.178 [term-indexed] branch=fallthrough-project index=197 rgb=255,0,95 luma=87 chroma=255 thresh=index not in {0,16,254,231,253,255} and not (bg && 0..15) out=0xffff8080
2026-08-21T16:27:03.178 [term-guard-bg] branch=project rgb=255,0,95 luma=87 chroma=255 thresh=luma=87 in (32,220) chroma=255 vs achromaMax=8 out=0xffff8080
2026-08-21T16:27:03.178 [term-indexed] branch=fallthrough-guardRgbBg index=197 rgb=255,0,95 luma=87 chroma=255 thresh=index not in {0,16,254,231,253,255} and not (bg && 0..15) out=0xffff8080
2026-08-21T16:27:03.178 [term-indexed] branch=fallthrough-project index=198 rgb=255,0,135 luma=91 chroma=255 thresh=index not in {0,16,254,231,253,255} and not (bg && 0..15) out=0xffea83a5
2026-08-21T16:27:03.178 [term-guard-bg] branch=project rgb=255,0,135 luma=91 chroma=255 thresh=luma=91 in (32,220) chroma=255 vs achromaMax=8 out=0xffea83a5
2026-08-21T16:27:03.178 [term-indexed] branch=fallthrough-guardRgbBg index=198 rgb=255,0,135 luma=91 chroma=255 thresh=index not in {0,16,254,231,253,255} and not (bg && 0..15) out=0xffea83a5
2026-08-21T16:27:03.179 [term-indexed] branch=fallthrough-project index=199 rgb=255,0,175 luma=96 chroma=255 thresh=index not in {0,16,254,231,253,255} and not (bg && 0..15) out=0xffea83a5
2026-08-21T16:27:03.179 [term-guard-bg] branch=project rgb=255,0,175 luma=96 chroma=255 thresh=luma=96 in (32,220) chroma=255 vs achromaMax=8 out=0xffea83a5
2026-08-21T16:27:03.179 [term-indexed] branch=fallthrough-guardRgbBg index=199 rgb=255,0,175 luma=96 chroma=255 thresh=index not in {0,16,254,231,253,255} and not (bg && 0..15) out=0xffea83a5
2026-08-21T16:27:03.179 [term-indexed] branch=fallthrough-project index=200 rgb=255,0,215 luma=100 chroma=255 thresh=index not in {0,16,254,231,253,255} and not (bg && 0..15) out=0xffea83a5
2026-08-21T16:27:03.179 [term-guard-bg] branch=project rgb=255,0,215 luma=100 chroma=255 thresh=luma=100 in (32,220) chroma=255 vs achromaMax=8 out=0xffea83a5
2026-08-21T16:27:03.179 [term-indexed] branch=fallthrough-guardRgbBg index=200 rgb=255,0,215 luma=100 chroma=255 thresh=index not in {0,16,254,231,253,255} and not (bg && 0..15) out=0xffea83a5
2026-08-21T16:27:03.179 [term-indexed] branch=fallthrough-project index=201 rgb=255,0,255 luma=105 chroma=255 thresh=index not in {0,16,254,231,253,255} and not (bg && 0..15) out=0xffea83a5
2026-08-21T16:27:03.179 [term-guard-bg] branch=project rgb=255,0,255 luma=105 chroma=255 thresh=luma=105 in (32,220) chroma=255 vs achromaMax=8 out=0xffea83a5
2026-08-21T16:27:03.179 [term-indexed] branch=fallthrough-guardRgbBg index=201 rgb=255,0,255 luma=105 chroma=255 thresh=index not in {0,16,254,231,253,255} and not (bg && 0..15) out=0xffea83a5
2026-08-21T16:27:03.179 [term-indexed] branch=fallthrough-project index=202 rgb=255,95,0 luma=132 chroma=255 thresh=index not in {0,16,254,231,253,255} and not (bg && 0..15) out=0xffff8080
2026-08-21T16:27:03.179 [term-guard-bg] branch=project rgb=255,95,0 luma=132 chroma=255 thresh=luma=132 in (32,220) chroma=255 vs achromaMax=8 out=0xffff8080
2026-08-21T16:27:03.179 [term-indexed] branch=fallthrough-guardRgbBg index=202 rgb=255,95,0 luma=132 chroma=255 thresh=index not in {0,16,254,231,253,255} and not (bg && 0..15) out=0xffff8080
2026-08-21T16:27:03.179 [term-indexed] branch=fallthrough-project index=203 rgb=255,95,95 luma=142 chroma=160 thresh=index not in {0,16,254,231,253,255} and not (bg && 0..15) out=0xffff8080
2026-08-21T16:27:03.179 [term-guard-bg] branch=project rgb=255,95,95 luma=142 chroma=160 thresh=luma=142 in (32,220) chroma=160 vs achromaMax=8 out=0xffff8080
2026-08-21T16:27:03.179 [term-indexed] branch=fallthrough-guardRgbBg index=203 rgb=255,95,95 luma=142 chroma=160 thresh=index not in {0,16,254,231,253,255} and not (bg && 0..15) out=0xffff8080
2026-08-21T16:27:03.179 [term-indexed] branch=fallthrough-project index=204 rgb=255,95,135 luma=147 chroma=160 thresh=index not in {0,16,254,231,253,255} and not (bg && 0..15) out=0xffff8080
2026-08-21T16:27:03.179 [term-guard-bg] branch=project rgb=255,95,135 luma=147 chroma=160 thresh=luma=147 in (32,220) chroma=160 vs achromaMax=8 out=0xffff8080
2026-08-21T16:27:03.179 [term-indexed] branch=fallthrough-guardRgbBg index=204 rgb=255,95,135 luma=147 chroma=160 thresh=index not in {0,16,254,231,253,255} and not (bg && 0..15) out=0xffff8080
2026-08-21T16:27:03.179 [term-indexed] branch=fallthrough-project index=205 rgb=255,95,175 luma=151 chroma=160 thresh=index not in {0,16,254,231,253,255} and not (bg && 0..15) out=0xffea83a5
2026-08-21T16:27:03.180 [term-guard-bg] branch=project rgb=255,95,175 luma=151 chroma=160 thresh=luma=151 in (32,220) chroma=160 vs achromaMax=8 out=0xffea83a5
2026-08-21T16:27:03.180 [term-indexed] branch=fallthrough-guardRgbBg index=205 rgb=255,95,175 luma=151 chroma=160 thresh=index not in {0,16,254,231,253,255} and not (bg && 0..15) out=0xffea83a5
2026-08-21T16:27:03.180 [term-indexed] branch=fallthrough-project index=206 rgb=255,95,215 luma=156 chroma=160 thresh=index not in {0,16,254,231,253,255} and not (bg && 0..15) out=0xffea83a5
2026-08-21T16:27:03.180 [term-guard-bg] branch=project rgb=255,95,215 luma=156 chroma=160 thresh=luma=156 in (32,220) chroma=160 vs achromaMax=8 out=0xffea83a5
2026-08-21T16:27:03.180 [term-indexed] branch=fallthrough-guardRgbBg index=206 rgb=255,95,215 luma=156 chroma=160 thresh=index not in {0,16,254,231,253,255} and not (bg && 0..15) out=0xffea83a5
2026-08-21T16:27:03.180 [term-indexed] branch=fallthrough-project index=207 rgb=255,95,255 luma=161 chroma=160 thresh=index not in {0,16,254,231,253,255} and not (bg && 0..15) out=0xffea83a5
2026-08-21T16:27:03.180 [term-guard-bg] branch=project rgb=255,95,255 luma=161 chroma=160 thresh=luma=161 in (32,220) chroma=160 vs achromaMax=8 out=0xffea83a5
2026-08-21T16:27:03.180 [term-indexed] branch=fallthrough-guardRgbBg index=207 rgb=255,95,255 luma=161 chroma=160 thresh=index not in {0,16,254,231,253,255} and not (bg && 0..15) out=0xffea83a5
2026-08-21T16:27:03.180 [term-indexed] branch=fallthrough-project index=208 rgb=255,135,0 luma=155 chroma=255 thresh=index not in {0,16,254,231,253,255} and not (bg && 0..15) out=0xffff8080
2026-08-21T16:27:03.180 [term-guard-bg] branch=project rgb=255,135,0 luma=155 chroma=255 thresh=luma=155 in (32,220) chroma=255 vs achromaMax=8 out=0xffff8080
2026-08-21T16:27:03.180 [term-indexed] branch=fallthrough-guardRgbBg index=208 rgb=255,135,0 luma=155 chroma=255 thresh=index not in {0,16,254,231,253,255} and not (bg && 0..15) out=0xffff8080
2026-08-21T16:27:03.180 [term-indexed] branch=fallthrough-project index=209 rgb=255,135,95 luma=166 chroma=160 thresh=index not in {0,16,254,231,253,255} and not (bg && 0..15) out=0xffff8080
2026-08-21T16:27:03.180 [term-guard-bg] branch=project rgb=255,135,95 luma=166 chroma=160 thresh=luma=166 in (32,220) chroma=160 vs achromaMax=8 out=0xffff8080
2026-08-21T16:27:03.180 [term-indexed] branch=fallthrough-guardRgbBg index=209 rgb=255,135,95 luma=166 chroma=160 thresh=index not in {0,16,254,231,253,255} and not (bg && 0..15) out=0xffff8080
2026-08-21T16:27:03.180 [term-indexed] branch=fallthrough-project index=210 rgb=255,135,135 luma=170 chroma=120 thresh=index not in {0,16,254,231,253,255} and not (bg && 0..15) out=0xffff8080
2026-08-21T16:27:03.180 [term-guard-bg] branch=project rgb=255,135,135 luma=170 chroma=120 thresh=luma=170 in (32,220) chroma=120 vs achromaMax=8 out=0xffff8080
2026-08-21T16:27:03.180 [term-indexed] branch=fallthrough-guardRgbBg index=210 rgb=255,135,135 luma=170 chroma=120 thresh=index not in {0,16,254,231,253,255} and not (bg && 0..15) out=0xffff8080
2026-08-21T16:27:03.180 [term-indexed] branch=fallthrough-project index=211 rgb=255,135,175 luma=175 chroma=120 thresh=index not in {0,16,254,231,253,255} and not (bg && 0..15) out=0xfff591b2
2026-08-21T16:27:03.180 [term-guard-bg] branch=project rgb=255,135,175 luma=175 chroma=120 thresh=luma=175 in (32,220) chroma=120 vs achromaMax=8 out=0xfff591b2
2026-08-21T16:27:03.181 [term-indexed] branch=fallthrough-guardRgbBg index=211 rgb=255,135,175 luma=175 chroma=120 thresh=index not in {0,16,254,231,253,255} and not (bg && 0..15) out=0xfff591b2
2026-08-21T16:27:03.181 [term-indexed] branch=fallthrough-project index=212 rgb=255,135,215 luma=180 chroma=120 thresh=index not in {0,16,254,231,253,255} and not (bg && 0..15) out=0xfff591b2
2026-08-21T16:27:03.181 [term-guard-bg] branch=project rgb=255,135,215 luma=180 chroma=120 thresh=luma=180 in (32,220) chroma=120 vs achromaMax=8 out=0xfff591b2
2026-08-21T16:27:03.181 [term-indexed] branch=fallthrough-guardRgbBg index=212 rgb=255,135,215 luma=180 chroma=120 thresh=index not in {0,16,254,231,253,255} and not (bg && 0..15) out=0xfff591b2
2026-08-21T16:27:03.181 [term-indexed] branch=fallthrough-project index=213 rgb=255,135,255 luma=184 chroma=120 thresh=index not in {0,16,254,231,253,255} and not (bg && 0..15) out=0xffe29eca
2026-08-21T16:27:03.181 [term-guard-bg] branch=project rgb=255,135,255 luma=184 chroma=120 thresh=luma=184 in (32,220) chroma=120 vs achromaMax=8 out=0xffe29eca
2026-08-21T16:27:03.181 [term-indexed] branch=fallthrough-guardRgbBg index=213 rgb=255,135,255 luma=184 chroma=120 thresh=index not in {0,16,254,231,253,255} and not (bg && 0..15) out=0xffe29eca
2026-08-21T16:27:03.181 [term-indexed] branch=fallthrough-project index=214 rgb=255,175,0 luma=178 chroma=255 thresh=index not in {0,16,254,231,253,255} and not (bg && 0..15) out=0xffffc799
2026-08-21T16:27:03.181 [term-guard-bg] branch=project rgb=255,175,0 luma=178 chroma=255 thresh=luma=178 in (32,220) chroma=255 vs achromaMax=8 out=0xffffc799
2026-08-21T16:27:03.181 [term-indexed] branch=fallthrough-guardRgbBg index=214 rgb=255,175,0 luma=178 chroma=255 thresh=index not in {0,16,254,231,253,255} and not (bg && 0..15) out=0xffffc799
2026-08-21T16:27:03.181 [term-indexed] branch=fallthrough-project index=215 rgb=255,175,95 luma=189 chroma=160 thresh=index not in {0,16,254,231,253,255} and not (bg && 0..15) out=0xffffc799
2026-08-21T16:27:03.181 [term-guard-bg] branch=project rgb=255,175,95 luma=189 chroma=160 thresh=luma=189 in (32,220) chroma=160 vs achromaMax=8 out=0xffffc799
2026-08-21T16:27:03.181 [term-indexed] branch=fallthrough-guardRgbBg index=215 rgb=255,175,95 luma=189 chroma=160 thresh=index not in {0,16,254,231,253,255} and not (bg && 0..15) out=0xffffc799
2026-08-21T16:27:03.181 [term-indexed] branch=fallthrough-project index=216 rgb=255,175,135 luma=194 chroma=120 thresh=index not in {0,16,254,231,253,255} and not (bg && 0..15) out=0xffe6b99d
2026-08-21T16:27:03.181 [term-guard-bg] branch=project rgb=255,175,135 luma=194 chroma=120 thresh=luma=194 in (32,220) chroma=120 vs achromaMax=8 out=0xffe6b99d
2026-08-21T16:27:03.181 [term-indexed] branch=fallthrough-guardRgbBg index=216 rgb=255,175,135 luma=194 chroma=120 thresh=index not in {0,16,254,231,253,255} and not (bg && 0..15) out=0xffe6b99d
2026-08-21T16:27:03.181 [term-indexed] branch=fallthrough-project index=217 rgb=255,175,175 luma=198 chroma=80 thresh=index not in {0,16,254,231,253,255} and not (bg && 0..15) out=0xfff5a191
2026-08-21T16:27:03.181 [term-guard-bg] branch=project rgb=255,175,175 luma=198 chroma=80 thresh=luma=198 in (32,220) chroma=80 vs achromaMax=8 out=0xfff5a191
2026-08-21T16:27:03.181 [term-indexed] branch=fallthrough-guardRgbBg index=217 rgb=255,175,175 luma=198 chroma=80 thresh=index not in {0,16,254,231,253,255} and not (bg && 0..15) out=0xfff5a191
2026-08-21T16:27:03.182 [term-indexed] branch=fallthrough-project index=218 rgb=255,175,215 luma=203 chroma=80 thresh=index not in {0,16,254,231,253,255} and not (bg && 0..15) out=0xffecaad6
2026-08-21T16:27:03.182 [term-guard-bg] branch=project rgb=255,175,215 luma=203 chroma=80 thresh=luma=203 in (32,220) chroma=80 vs achromaMax=8 out=0xffecaad6
2026-08-21T16:27:03.182 [term-indexed] branch=fallthrough-guardRgbBg index=218 rgb=255,175,215 luma=203 chroma=80 thresh=index not in {0,16,254,231,253,255} and not (bg && 0..15) out=0xffecaad6
2026-08-21T16:27:03.182 [term-indexed] branch=fallthrough-project index=219 rgb=255,175,255 luma=208 chroma=80 thresh=index not in {0,16,254,231,253,255} and not (bg && 0..15) out=0xffecaad6
2026-08-21T16:27:03.182 [term-guard-bg] branch=project rgb=255,175,255 luma=208 chroma=80 thresh=luma=208 in (32,220) chroma=80 vs achromaMax=8 out=0xffecaad6
2026-08-21T16:27:03.182 [term-indexed] branch=fallthrough-guardRgbBg index=219 rgb=255,175,255 luma=208 chroma=80 thresh=index not in {0,16,254,231,253,255} and not (bg && 0..15) out=0xffecaad6
2026-08-21T16:27:03.182 [term-indexed] branch=fallthrough-project index=220 rgb=255,215,0 luma=202 chroma=255 thresh=index not in {0,16,254,231,253,255} and not (bg && 0..15) out=0xffffc799
2026-08-21T16:27:03.182 [term-guard-bg] branch=project rgb=255,215,0 luma=202 chroma=255 thresh=luma=202 in (32,220) chroma=255 vs achromaMax=8 out=0xffffc799
2026-08-21T16:27:03.182 [term-indexed] branch=fallthrough-guardRgbBg index=220 rgb=255,215,0 luma=202 chroma=255 thresh=index not in {0,16,254,231,253,255} and not (bg && 0..15) out=0xffffc799
2026-08-21T16:27:03.182 [term-indexed] branch=fallthrough-project index=221 rgb=255,215,95 luma=213 chroma=160 thresh=index not in {0,16,254,231,253,255} and not (bg && 0..15) out=0xffffc799
2026-08-21T16:27:03.182 [term-guard-bg] branch=project rgb=255,215,95 luma=213 chroma=160 thresh=luma=213 in (32,220) chroma=160 vs achromaMax=8 out=0xffffc799
2026-08-21T16:27:03.182 [term-indexed] branch=fallthrough-guardRgbBg index=221 rgb=255,215,95 luma=213 chroma=160 thresh=index not in {0,16,254,231,253,255} and not (bg && 0..15) out=0xffffc799
2026-08-21T16:27:03.182 [term-indexed] branch=fallthrough-project index=222 rgb=255,215,135 luma=217 chroma=120 thresh=index not in {0,16,254,231,253,255} and not (bg && 0..15) out=0xffffc799
2026-08-21T16:27:03.182 [term-guard-bg] branch=project rgb=255,215,135 luma=217 chroma=120 thresh=luma=217 in (32,220) chroma=120 vs achromaMax=8 out=0xffffc799
2026-08-21T16:27:03.182 [term-indexed] branch=fallthrough-guardRgbBg index=222 rgb=255,215,135 luma=217 chroma=120 thresh=index not in {0,16,254,231,253,255} and not (bg && 0..15) out=0xffffc799
2026-08-21T16:27:03.182 [term-indexed] branch=fallthrough-project index=223 rgb=255,215,175 luma=222 chroma=80 thresh=index not in {0,16,254,231,253,255} and not (bg && 0..15) out=0xffffffff
2026-08-21T16:27:03.182 [term-guard-bg] branch=luma-chroma-white rgb=255,215,175 luma=222 chroma=80 thresh=luma=222>=220 chroma=80>8 lumaMax=32 out=0xff988049
2026-08-21T16:27:03.182 [term-indexed] branch=fallthrough-guardRgbBg index=223 rgb=255,215,175 luma=222 chroma=80 thresh=index not in {0,16,254,231,253,255} and not (bg && 0..15) out=0xff988049
2026-08-21T16:27:03.183 [term-indexed] branch=fallthrough-project index=224 rgb=255,215,215 luma=226 chroma=40 thresh=index not in {0,16,254,231,253,255} and not (bg && 0..15) out=0xffffffff
2026-08-21T16:27:03.183 [term-guard-bg] branch=luma-chroma-white rgb=255,215,215 luma=226 chroma=40 thresh=luma=226>=220 chroma=40>8 lumaMax=32 out=0xff988049
2026-08-21T16:27:03.183 [term-indexed] branch=fallthrough-guardRgbBg index=224 rgb=255,215,215 luma=226 chroma=40 thresh=index not in {0,16,254,231,253,255} and not (bg && 0..15) out=0xff988049
2026-08-21T16:27:03.183 [term-indexed] branch=fallthrough-project index=225 rgb=255,215,255 luma=231 chroma=40 thresh=index not in {0,16,254,231,253,255} and not (bg && 0..15) out=0xffffffff
2026-08-21T16:27:03.183 [term-guard-bg] branch=luma-chroma-white rgb=255,215,255 luma=231 chroma=40 thresh=luma=231>=220 chroma=40>8 lumaMax=32 out=0xff988049
2026-08-21T16:27:03.183 [term-indexed] branch=fallthrough-guardRgbBg index=225 rgb=255,215,255 luma=231 chroma=40 thresh=index not in {0,16,254,231,253,255} and not (bg && 0..15) out=0xff988049
2026-08-21T16:27:03.183 [term-indexed] branch=fallthrough-project index=226 rgb=255,255,0 luma=225 chroma=255 thresh=index not in {0,16,254,231,253,255} and not (bg && 0..15) out=0xffffc799
2026-08-21T16:27:03.183 [term-guard-bg] branch=luma-chroma-white rgb=255,255,0 luma=225 chroma=255 thresh=luma=225>=220 chroma=255>8 lumaMax=32 out=0xff988049
2026-08-21T16:27:03.183 [term-indexed] branch=fallthrough-guardRgbBg index=226 rgb=255,255,0 luma=225 chroma=255 thresh=index not in {0,16,254,231,253,255} and not (bg && 0..15) out=0xff988049
2026-08-21T16:27:03.183 [term-indexed] branch=fallthrough-project index=227 rgb=255,255,95 luma=236 chroma=160 thresh=index not in {0,16,254,231,253,255} and not (bg && 0..15) out=0xff99ffe4
2026-08-21T16:27:03.183 [term-guard-bg] branch=luma-chroma-white rgb=255,255,95 luma=236 chroma=160 thresh=luma=236>=220 chroma=160>8 lumaMax=32 out=0xff988049
2026-08-21T16:27:03.183 [term-indexed] branch=fallthrough-guardRgbBg index=227 rgb=255,255,95 luma=236 chroma=160 thresh=index not in {0,16,254,231,253,255} and not (bg && 0..15) out=0xff988049
2026-08-21T16:27:03.183 [term-indexed] branch=fallthrough-project index=228 rgb=255,255,135 luma=241 chroma=120 thresh=index not in {0,16,254,231,253,255} and not (bg && 0..15) out=0xff99ffe4
2026-08-21T16:27:03.183 [term-guard-bg] branch=luma-chroma-white rgb=255,255,135 luma=241 chroma=120 thresh=luma=241>=220 chroma=120>8 lumaMax=32 out=0xff988049
2026-08-21T16:27:03.183 [term-indexed] branch=fallthrough-guardRgbBg index=228 rgb=255,255,135 luma=241 chroma=120 thresh=index not in {0,16,254,231,253,255} and not (bg && 0..15) out=0xff988049
2026-08-21T16:27:03.183 [term-indexed] branch=fallthrough-project index=229 rgb=255,255,175 luma=245 chroma=80 thresh=index not in {0,16,254,231,253,255} and not (bg && 0..15) out=0xff99ffe4
2026-08-21T16:27:03.183 [term-guard-bg] branch=luma-chroma-white rgb=255,255,175 luma=245 chroma=80 thresh=luma=245>=220 chroma=80>8 lumaMax=32 out=0xff988049
2026-08-21T16:27:03.183 [term-indexed] branch=fallthrough-guardRgbBg index=229 rgb=255,255,175 luma=245 chroma=80 thresh=index not in {0,16,254,231,253,255} and not (bg && 0..15) out=0xff988049
2026-08-21T16:27:03.183 [term-indexed] branch=fallthrough-project index=230 rgb=255,255,215 luma=250 chroma=40 thresh=index not in {0,16,254,231,253,255} and not (bg && 0..15) out=0xffffffff
2026-08-21T16:27:03.184 [term-guard-bg] branch=luma-chroma-white rgb=255,255,215 luma=250 chroma=40 thresh=luma=250>=220 chroma=40>8 lumaMax=32 out=0xff988049
2026-08-21T16:27:03.184 [term-indexed] branch=fallthrough-guardRgbBg index=230 rgb=255,255,215 luma=250 chroma=40 thresh=index not in {0,16,254,231,253,255} and not (bg && 0..15) out=0xff988049
2026-08-21T16:27:03.184 [term-indexed] branch=fallthrough-project index=231 rgb=255,255,255 luma=255 chroma=0 thresh=index not in {0,16,254,231,253,255} and not (bg && 0..15) out=0xffffffff
2026-08-21T16:27:03.184 [term-indexed] branch=near-white index=231 rgb=255,255,255 luma=255 chroma=0 thresh=index in {231,253,255} lumaMin=220 out=0xff988049
2026-08-21T16:27:03.184 [term-indexed] branch=fallthrough-project index=232 rgb=8,8,8 luma=8 chroma=0 thresh=index not in {0,16,254,231,253,255} and not (bg && 0..15) out=0xff7e7e7e
2026-08-21T16:27:03.184 [term-guard-bg] branch=luma-screen-black rgb=8,8,8 luma=8 chroma=0 thresh=luma=8<=32 chroma=0 vs achromaMax=8 lumaMin=220 out=0xff101010
2026-08-21T16:27:03.184 [term-indexed] branch=fallthrough-guardRgbBg index=232 rgb=8,8,8 luma=8 chroma=0 thresh=index not in {0,16,254,231,253,255} and not (bg && 0..15) out=0xff101010
2026-08-21T16:27:03.184 [term-indexed] branch=fallthrough-project index=233 rgb=18,18,18 luma=18 chroma=0 thresh=index not in {0,16,254,231,253,255} and not (bg && 0..15) out=0xff7e7e7e
2026-08-21T16:27:03.184 [term-guard-bg] branch=luma-screen-black rgb=18,18,18 luma=18 chroma=0 thresh=luma=18<=32 chroma=0 vs achromaMax=8 lumaMin=220 out=0xff101010
2026-08-21T16:27:03.184 [term-indexed] branch=fallthrough-guardRgbBg index=233 rgb=18,18,18 luma=18 chroma=0 thresh=index not in {0,16,254,231,253,255} and not (bg && 0..15) out=0xff101010
2026-08-21T16:27:03.185 [term-indexed] branch=fallthrough-project index=234 rgb=28,28,28 luma=28 chroma=0 thresh=index not in {0,16,254,231,253,255} and not (bg && 0..15) out=0xff7e7e7e
2026-08-21T16:27:03.185 [term-guard-bg] branch=luma-screen-black rgb=28,28,28 luma=28 chroma=0 thresh=luma=28<=32 chroma=0 vs achromaMax=8 lumaMin=220 out=0xff101010
2026-08-21T16:27:03.185 [term-indexed] branch=fallthrough-guardRgbBg index=234 rgb=28,28,28 luma=28 chroma=0 thresh=index not in {0,16,254,231,253,255} and not (bg && 0..15) out=0xff101010
2026-08-21T16:27:03.185 [term-indexed] branch=fallthrough-project index=235 rgb=38,38,38 luma=38 chroma=0 thresh=index not in {0,16,254,231,253,255} and not (bg && 0..15) out=0xff7e7e7e
2026-08-21T16:27:03.185 [term-guard-bg] branch=project rgb=38,38,38 luma=38 chroma=0 thresh=luma=38 in (32,220) chroma=0 vs achromaMax=8 out=0xff101010
2026-08-21T16:27:03.185 [term-indexed] branch=fallthrough-guardRgbBg index=235 rgb=38,38,38 luma=38 chroma=0 thresh=index not in {0,16,254,231,253,255} and not (bg && 0..15) out=0xff101010
2026-08-21T16:27:03.185 [term-indexed] branch=fallthrough-project index=236 rgb=48,48,48 luma=48 chroma=0 thresh=index not in {0,16,254,231,253,255} and not (bg && 0..15) out=0xff7e7e7e
2026-08-21T16:27:03.185 [term-guard-bg] branch=project rgb=48,48,48 luma=48 chroma=0 thresh=luma=48 in (32,220) chroma=0 vs achromaMax=8 out=0xff101010
2026-08-21T16:27:03.185 [term-indexed] branch=fallthrough-guardRgbBg index=236 rgb=48,48,48 luma=48 chroma=0 thresh=index not in {0,16,254,231,253,255} and not (bg && 0..15) out=0xff101010
2026-08-21T16:27:03.185 [term-indexed] branch=fallthrough-project index=237 rgb=58,58,58 luma=58 chroma=0 thresh=index not in {0,16,254,231,253,255} and not (bg && 0..15) out=0xff7e7e7e
2026-08-21T16:27:03.185 [term-guard-bg] branch=project rgb=58,58,58 luma=58 chroma=0 thresh=luma=58 in (32,220) chroma=0 vs achromaMax=8 out=0xff101010
2026-08-21T16:27:03.185 [term-indexed] branch=fallthrough-guardRgbBg index=237 rgb=58,58,58 luma=58 chroma=0 thresh=index not in {0,16,254,231,253,255} and not (bg && 0..15) out=0xff101010
2026-08-21T16:27:03.185 [term-indexed] branch=fallthrough-project index=238 rgb=68,68,68 luma=68 chroma=0 thresh=index not in {0,16,254,231,253,255} and not (bg && 0..15) out=0xff7e7e7e
2026-08-21T16:27:03.185 [term-guard-bg] branch=project rgb=68,68,68 luma=68 chroma=0 thresh=luma=68 in (32,220) chroma=0 vs achromaMax=8 out=0xff7e7e7e
2026-08-21T16:27:03.185 [term-indexed] branch=fallthrough-guardRgbBg index=238 rgb=68,68,68 luma=68 chroma=0 thresh=index not in {0,16,254,231,253,255} and not (bg && 0..15) out=0xff7e7e7e
2026-08-21T16:27:03.185 [term-indexed] branch=fallthrough-project index=239 rgb=78,78,78 luma=78 chroma=0 thresh=index not in {0,16,254,231,253,255} and not (bg && 0..15) out=0xff7e7e7e
2026-08-21T16:27:03.185 [term-guard-bg] branch=project rgb=78,78,78 luma=78 chroma=0 thresh=luma=78 in (32,220) chroma=0 vs achromaMax=8 out=0xff7e7e7e
2026-08-21T16:27:03.185 [term-indexed] branch=fallthrough-guardRgbBg index=239 rgb=78,78,78 luma=78 chroma=0 thresh=index not in {0,16,254,231,253,255} and not (bg && 0..15) out=0xff7e7e7e
2026-08-21T16:27:03.186 [term-indexed] branch=fallthrough-project index=240 rgb=88,88,88 luma=88 chroma=0 thresh=index not in {0,16,254,231,253,255} and not (bg && 0..15) out=0xff7e7e7e
2026-08-21T16:27:03.186 [term-guard-bg] branch=project rgb=88,88,88 luma=88 chroma=0 thresh=luma=88 in (32,220) chroma=0 vs achromaMax=8 out=0xff7e7e7e
2026-08-21T16:27:03.186 [term-indexed] branch=fallthrough-guardRgbBg index=240 rgb=88,88,88 luma=88 chroma=0 thresh=index not in {0,16,254,231,253,255} and not (bg && 0..15) out=0xff7e7e7e
2026-08-21T16:27:03.186 [term-indexed] branch=fallthrough-project index=241 rgb=98,98,98 luma=98 chroma=0 thresh=index not in {0,16,254,231,253,255} and not (bg && 0..15) out=0xff7e7e7e
2026-08-21T16:27:03.186 [term-guard-bg] branch=project rgb=98,98,98 luma=98 chroma=0 thresh=luma=98 in (32,220) chroma=0 vs achromaMax=8 out=0xff7e7e7e
2026-08-21T16:27:03.186 [term-indexed] branch=fallthrough-guardRgbBg index=241 rgb=98,98,98 luma=98 chroma=0 thresh=index not in {0,16,254,231,253,255} and not (bg && 0..15) out=0xff7e7e7e
2026-08-21T16:27:03.186 [term-indexed] branch=fallthrough-project index=242 rgb=108,108,108 luma=108 chroma=0 thresh=index not in {0,16,254,231,253,255} and not (bg && 0..15) out=0xff7e7e7e
2026-08-21T16:27:03.186 [term-guard-bg] branch=project rgb=108,108,108 luma=108 chroma=0 thresh=luma=108 in (32,220) chroma=0 vs achromaMax=8 out=0xff7e7e7e
2026-08-21T16:27:03.186 [term-indexed] branch=fallthrough-guardRgbBg index=242 rgb=108,108,108 luma=108 chroma=0 thresh=index not in {0,16,254,231,253,255} and not (bg && 0..15) out=0xff7e7e7e
2026-08-21T16:27:03.186 [term-indexed] branch=fallthrough-project index=243 rgb=118,118,118 luma=118 chroma=0 thresh=index not in {0,16,254,231,253,255} and not (bg && 0..15) out=0xff7e7e7e
2026-08-21T16:27:03.186 [term-guard-bg] branch=project rgb=118,118,118 luma=118 chroma=0 thresh=luma=118 in (32,220) chroma=0 vs achromaMax=8 out=0xff7e7e7e
2026-08-21T16:27:03.186 [term-indexed] branch=fallthrough-guardRgbBg index=243 rgb=118,118,118 luma=118 chroma=0 thresh=index not in {0,16,254,231,253,255} and not (bg && 0..15) out=0xff7e7e7e
2026-08-21T16:27:03.186 [term-indexed] branch=fallthrough-project index=244 rgb=128,128,128 luma=128 chroma=0 thresh=index not in {0,16,254,231,253,255} and not (bg && 0..15) out=0xff7e7e7e
2026-08-21T16:27:03.186 [term-guard-bg] branch=project rgb=128,128,128 luma=128 chroma=0 thresh=luma=128 in (32,220) chroma=0 vs achromaMax=8 out=0xff7e7e7e
2026-08-21T16:27:03.186 [term-indexed] branch=fallthrough-guardRgbBg index=244 rgb=128,128,128 luma=128 chroma=0 thresh=index not in {0,16,254,231,253,255} and not (bg && 0..15) out=0xff7e7e7e
2026-08-21T16:27:03.186 [term-indexed] branch=fallthrough-project index=245 rgb=138,138,138 luma=138 chroma=0 thresh=index not in {0,16,254,231,253,255} and not (bg && 0..15) out=0xff7e7e7e
2026-08-21T16:27:03.186 [term-guard-bg] branch=project rgb=138,138,138 luma=138 chroma=0 thresh=luma=138 in (32,220) chroma=0 vs achromaMax=8 out=0xff7e7e7e
2026-08-21T16:27:03.187 [term-indexed] branch=fallthrough-guardRgbBg index=245 rgb=138,138,138 luma=138 chroma=0 thresh=index not in {0,16,254,231,253,255} and not (bg && 0..15) out=0xff7e7e7e
2026-08-21T16:27:03.187 [term-indexed] branch=fallthrough-project index=246 rgb=148,148,148 luma=148 chroma=0 thresh=index not in {0,16,254,231,253,255} and not (bg && 0..15) out=0xffa0a0a0
2026-08-21T16:27:03.187 [term-guard-bg] branch=project rgb=148,148,148 luma=148 chroma=0 thresh=luma=148 in (32,220) chroma=0 vs achromaMax=8 out=0xffa0a0a0
2026-08-21T16:27:03.187 [term-indexed] branch=fallthrough-guardRgbBg index=246 rgb=148,148,148 luma=148 chroma=0 thresh=index not in {0,16,254,231,253,255} and not (bg && 0..15) out=0xffa0a0a0
2026-08-21T16:27:03.187 [term-indexed] branch=fallthrough-project index=247 rgb=158,158,158 luma=158 chroma=0 thresh=index not in {0,16,254,231,253,255} and not (bg && 0..15) out=0xffa0a0a0
2026-08-21T16:27:03.187 [term-guard-bg] branch=project rgb=158,158,158 luma=158 chroma=0 thresh=luma=158 in (32,220) chroma=0 vs achromaMax=8 out=0xffa0a0a0
2026-08-21T16:27:03.187 [term-indexed] branch=fallthrough-guardRgbBg index=247 rgb=158,158,158 luma=158 chroma=0 thresh=index not in {0,16,254,231,253,255} and not (bg && 0..15) out=0xffa0a0a0
2026-08-21T16:27:03.187 [term-indexed] branch=fallthrough-project index=248 rgb=168,168,168 luma=168 chroma=0 thresh=index not in {0,16,254,231,253,255} and not (bg && 0..15) out=0xffa0a0a0
2026-08-21T16:27:03.187 [term-guard-bg] branch=project rgb=168,168,168 luma=168 chroma=0 thresh=luma=168 in (32,220) chroma=0 vs achromaMax=8 out=0xffa0a0a0
2026-08-21T16:27:03.187 [term-indexed] branch=fallthrough-guardRgbBg index=248 rgb=168,168,168 luma=168 chroma=0 thresh=index not in {0,16,254,231,253,255} and not (bg && 0..15) out=0xffa0a0a0
2026-08-21T16:27:03.187 [term-indexed] branch=fallthrough-project index=249 rgb=178,178,178 luma=178 chroma=0 thresh=index not in {0,16,254,231,253,255} and not (bg && 0..15) out=0xffa0a0a0
2026-08-21T16:27:03.187 [term-guard-bg] branch=project rgb=178,178,178 luma=178 chroma=0 thresh=luma=178 in (32,220) chroma=0 vs achromaMax=8 out=0xffa0a0a0
2026-08-21T16:27:03.187 [term-indexed] branch=fallthrough-guardRgbBg index=249 rgb=178,178,178 luma=178 chroma=0 thresh=index not in {0,16,254,231,253,255} and not (bg && 0..15) out=0xffa0a0a0
2026-08-21T16:27:03.187 [term-indexed] branch=fallthrough-project index=250 rgb=188,188,188 luma=188 chroma=0 thresh=index not in {0,16,254,231,253,255} and not (bg && 0..15) out=0xff90b99f
2026-08-21T16:27:03.187 [term-guard-bg] branch=project rgb=188,188,188 luma=188 chroma=0 thresh=luma=188 in (32,220) chroma=0 vs achromaMax=8 out=0xff90b99f
2026-08-21T16:27:03.187 [term-indexed] branch=fallthrough-guardRgbBg index=250 rgb=188,188,188 luma=188 chroma=0 thresh=index not in {0,16,254,231,253,255} and not (bg && 0..15) out=0xff90b99f
2026-08-21T16:27:03.187 [term-indexed] branch=fallthrough-project index=251 rgb=198,198,198 luma=198 chroma=0 thresh=index not in {0,16,254,231,253,255} and not (bg && 0..15) out=0xff90b99f
2026-08-21T16:27:03.187 [term-guard-bg] branch=project rgb=198,198,198 luma=198 chroma=0 thresh=luma=198 in (32,220) chroma=0 vs achromaMax=8 out=0xff90b99f
2026-08-21T16:27:03.187 [term-indexed] branch=fallthrough-guardRgbBg index=251 rgb=198,198,198 luma=198 chroma=0 thresh=index not in {0,16,254,231,253,255} and not (bg && 0..15) out=0xff90b99f
2026-08-21T16:27:03.188 [term-indexed] branch=fallthrough-project index=252 rgb=208,208,208 luma=208 chroma=0 thresh=index not in {0,16,254,231,253,255} and not (bg && 0..15) out=0xff90b99f
2026-08-21T16:27:03.188 [term-guard-bg] branch=project rgb=208,208,208 luma=208 chroma=0 thresh=luma=208 in (32,220) chroma=0 vs achromaMax=8 out=0xff90b99f
2026-08-21T16:27:03.188 [term-indexed] branch=fallthrough-guardRgbBg index=252 rgb=208,208,208 luma=208 chroma=0 thresh=index not in {0,16,254,231,253,255} and not (bg && 0..15) out=0xff90b99f
2026-08-21T16:27:03.188 [term-indexed] branch=fallthrough-project index=253 rgb=218,218,218 luma=218 chroma=0 thresh=index not in {0,16,254,231,253,255} and not (bg && 0..15) out=0xffffffff
2026-08-21T16:27:03.188 [term-indexed] branch=near-white index=253 rgb=218,218,218 luma=218 chroma=0 thresh=index in {231,253,255} lumaMin=220 out=0xff988049
2026-08-21T16:27:03.188 [term-indexed] branch=index-254 index=254 rgb=228,228,228 luma=228 chroma=0 thresh=index==254 out=0xff988049 ×2
2026-08-21T16:27:03.189 [term-indexed] branch=fallthrough-project index=255 rgb=238,238,238 luma=238 chroma=0 thresh=index not in {0,16,254,231,253,255} and not (bg && 0..15) out=0xffffffff
2026-08-21T16:27:03.189 [term-indexed] branch=near-white index=255 rgb=238,238,238 luma=238 chroma=0 thresh=index in {231,253,255} lumaMin=220 out=0xff988049
