time=2026-08-21T18:18:13.082+08:00 level=INFO msg="provider whitelist loaded" entries=6
time=2026-08-21T18:18:13.083+08:00 level=INFO msg="single-instance guard acquired" pidfile=/Volumes/nvme/Projects/远程Agent安卓/.team/nodes/hl1-verify/tmp/state/agentmirrord.pid
time=2026-08-21T18:18:13.083+08:00 level=INFO msg="pairing token source=explicit"
time=2026-08-21T18:18:13.083+08:00 level=INFO msg="agentmirrord starting" listen=0.0.0.0:22351 qr_listen="" token_source=explicit upload_dir=/Volumes/nvme/Projects/远程Agent安卓/.team/nodes/hl1-verify/tmp/uploads max_upload_mib=20 list_interval=500ms
time=2026-08-21T18:18:13.083+08:00 level=DEBUG msg="listing loop started" interval=500ms
time=2026-08-21T18:18:13.083+08:00 level=DEBUG msg="level2 loop started" interval=2s heartbeat=8s
time=2026-08-21T18:18:13.083+08:00 level=WARN msg="tailnet 未启用：未配置 TS authkey，仅 LAN 监听"
                                                                 
                                                                 
    █▀▀▀▀▀█  ▀▄██▀▄ ▀█ █▄▀█▄▀▀▄▄█▄▀  █▄ ▄▀▀▀█▄▀▄▀▄▀█  █▀▀▀▀▀█    
    █ ███ █ █▀   ▄▀██▄▄█▄█▀ ▀▄▄▄▀▄█▀ ▀  ▄▄ ▄▀ ▀█▀█▀█  █ ███ █    
    █ ▀▀▀ █ █▄█ ▄▀▀▄█ ▄▄█▄▀ ▀ █▀▀▀█▀ █▄ ▄▄▄▀▀█▀ ▀ ▄▀  █ ▀▀▀ █    
    ▀▀▀▀▀▀▀ █ █ █ ▀ █ ▀▄█ ▀ █▄█ ▀ █ █ █ ▀ ▀ █ █▄█ ▀ █ ▀▀▀▀▀▀▀    
    ▀▄▀▀▀█▀▄▄▀█▀  █ ▀▀   ▀  ▄██▀███  ▀█ ▀  ▀▄▀▄█▄   ▄ ▀▀█▀█▄▄    
    ▀  █▀█▀█▀▀█▀█▄██▄▄█▄▄▄█▀▄▀▀▀ ▀▄██▀▄▄█▀▀ ██▄██▄█ ▄▄█▄█▄▄▀▄    
    ▄▄▀▀█ ▀▄ █ ▀█ ▀██  ▄▀▄▀▄▀▄█▀  █ ▄█▀▄█▀ ▀▄█▄ ▄▀ ▄▄ ▀▄  ▄▄▄    
     █▄▀ ▀▀▀ ▄    █▄▀█▄ ▄  ▄ ▄██▄▀▄ ▄ █▄▀▀█▀▄█▄▀█▀ ▄█▀█▄▄▄▄▀▄    
     ▀▄███▀▀█ ▄▄█▀█ ▄███▀█  ▄▄ █▄▄▄█▄█ ▄█ ▀▀▄█▄▄▄  ▄█ ▀  █ ▀█    
     ▄▀█ ▄▀█▀▀▀▄▄███▄▀▀▄▀▀  █▀ ▀██ ██▀██▀▀▀▄▀▀▄ ▀ █ ▄██ ▄ ▄▄     
     ▀██ ▄▀  ▀▄▄ ▀▄█▀▀█▄▄▄▄█▄█▀█▄▄  ▄█▀ █▀ ▀ ▀█▀▄█▀█▄ ▀█▄▀ ▀▄    
    ▄█▄▀  ▀ ▄▀█▀  █▄█▀█  ▄▄█▄█ █▄ ▀   █ ▀▀  ██▄ ▄▄▀ ▄ ██▄▀▄      
    ██ ▀█▀▀▄▄█▀█ ▀▄  ██▄▄██ ▄█▀▄  ▄▀█ ▀ █  ▀ █▄ ▄█▀▀▄█ ▀▄▄▄▀█    
    ▀█▀▄█▀▀▀█ ▀▄▄▄▄█ ▄▀▄ █▄  ▄█▀▀▀█▀█▄▀▄▀▄▀█▄▀▄ █▄▀▄█▀▀▀█▄█      
    █ █ █ ▀ █▀▄▄ █ ▀█▀  ▀▄ █▄ █ ▀ █ ▄▄  █▀▀▀▄▀█▄ ▀▀▄█ ▀ █ ▄▀█    
      █ ▀▀▀█▀█▄ ▀▀▄▄ ▄▄█  ██▄█████▀▄▄▄▄ █▀▀ █ ▄ ▄▀███▀█▀▀█▄      
    ██▀▄ ▀▀▄ ▄▀▀  ▄▀ ▄█▄ ▄▀▀█▀█▄▀██ ▄█ ▀   ▀▄▀▄  █  ▄███▀▄▄██    
     ▀ ▄▄ ▀█ ▄▀▄█▀▄▄ ███▀▄▀▀█▀▄█▀█▀█▀▄▀█  ▀▄▄ ▄▄▀▄▀█ ▄▄███▄ ▀    
    ▀▀ ▄▀▀▀█ ▀█ ▀▄▀▄   █ ▄█▀▄ ▄▀▄  █▄▀▀▄▀ ▀▀▄▀▄▀▄▄▀ ▄ ▀▀▀▀▄▄▄    
      ▄▀▀▄▀ ▀▀▄ █▀█▄█▀███▀▄ █ ▄▀█▄▀▄▄▄█▄▀██ ██▄▄▀█▀▄█▄▄▀█ ▄▄▄    
     ▀ █▄▀▀█▄█  ▄█▄ █▄▀ ▄ ██▄ ▄▄▀█▀ ▄█  ▀▄█  ▀▄▀▄▄ ▄█▄ ▀▀▀▄▀▄    
    █ ██▀█▀▀██▀█▄█▄▄█▄  ██ █ █ ▄▀█▀█▀ ▀▄▀▄▄ █▀▄█▄▄▀██ ▄▄█▄▄ ▄    
    ▄▀██▀█▀ ▄▀▄ █  █▀ ▄▄▄█▀▀▄ ▄▄▀▄█▄  ▀▄█ ▀▀ ▀▄ ▄▄▀ ▀ ▄█▀█  ▄    
    █▄█▄▄▀▀▄▀▀    ▀▀▄█▀▀█ ▄ ▄▀ █▀▄█ ▄ █▄▀▀▀█▄█ ▄▄ ██▄▄▄▀▀█▄ ▄    
          ▀ ▄▀▄▀▄ █▄█ █▄ ███▄ █▀▀▀█▄▄▀█ ▀▀▀█▄ ▄▄ █  █▀▀▀█ ▄ ▄    
    █▀▀▀▀▀█ ▄▄▄▀▀▀▄ █▄▄▀▄▀██ ▀█ ▀ █ ▄█ ▄███▀█▀▄█▄█▀ █ ▀ ███ ▄    
    █ ███ █ ██ █  ▀████▀█ ▀▄▀ ███▀█▄ ▄ ▄█ ▀█ ▄▄ ▄  █▀█▀▀█ ▄      
    █ ▀▀▀ █ ▀█ ▄ ▀▀▀▀█▄  ▄ ▄ ▄ ▄  ▄▄▄▀▀▄▀▀▀██▀▀█▄▄ ▄█▄ █ ▀▄      
    ▀▀▀▀▀▀▀ ▀▀  ▀▀ ▀▀▀▀▀▀ ▀▀     ▀ ▀ ▀  ▀ ▀▀     ▀▀ ▀ ▀▀ ▀ ▀     
                                                                 
                                                                 

──────────────────────────────────────────────
配对信息 · 用 App 扫码，或手填以下内容：
  服务端 ws 地址 : ws://10.202.81.20:22351/ws
  配对 token      : HL1VRF1787307310
  其他可达地址（若上面的连不上，改用下列之一）：
    ws://10.202.81.20:22351/ws   [lan]
    ws://192.168.31.116:22351/ws   [lan]
    ws://100.75.207.88:22351/ws   [tailnet]
time=2026-08-21T18:18:14.401+08:00 level=DEBUG msg="discovery: skipping unreachable socket" socket=/tmp/tmux-501/t115d24675 err="query tmux on /tmp/tmux-501/t115d24675: exit status 1: no server running on /tmp/tmux-501/t115d24675"
time=2026-08-21T18:18:14.405+08:00 level=DEBUG msg="discovery: skipping unreachable socket" socket=/tmp/tmux-501/t115d24675 err="query tmux on /tmp/tmux-501/t115d24675: exit status 1: no server running on /tmp/tmux-501/t115d24675"
time=2026-08-21T18:18:14.410+08:00 level=DEBUG msg="discovery: skipping unreachable socket" socket=/tmp/tmux-501/t115e31319 err="query tmux on /tmp/tmux-501/t115e31319: exit status 1: no server running on /tmp/tmux-501/t115e31319"
time=2026-08-21T18:18:14.414+08:00 level=DEBUG msg="discovery: skipping unreachable socket" socket=/tmp/tmux-501/t115e31319 err="query tmux on /tmp/tmux-501/t115e31319: exit status 1: no server running on /tmp/tmux-501/t115e31319"
time=2026-08-21T18:18:14.418+08:00 level=DEBUG msg="discovery: skipping unreachable socket" socket=/tmp/tmux-501/t115f44898 err="query tmux on /tmp/tmux-501/t115f44898: exit status 1: no server running on /tmp/tmux-501/t115f44898"
time=2026-08-21T18:18:14.422+08:00 level=DEBUG msg="discovery: skipping unreachable socket" socket=/tmp/tmux-501/t115f44898 err="query tmux on /tmp/tmux-501/t115f44898: exit status 1: no server running on /tmp/tmux-501/t115f44898"
time=2026-08-21T18:18:14.426+08:00 level=DEBUG msg="discovery: skipping unreachable socket" socket=/tmp/tmux-501/t115g47728 err="query tmux on /tmp/tmux-501/t115g47728: exit status 1: no server running on /tmp/tmux-501/t115g47728"
time=2026-08-21T18:18:14.430+08:00 level=DEBUG msg="discovery: skipping unreachable socket" socket=/tmp/tmux-501/t115g47728 err="query tmux on /tmp/tmux-501/t115g47728: exit status 1: no server running on /tmp/tmux-501/t115g47728"
time=2026-08-21T18:18:14.435+08:00 level=DEBUG msg="discovery: skipping unreachable socket" socket=/tmp/tmux-501/ta-0bafa3965ade err="query tmux on /tmp/tmux-501/ta-0bafa3965ade: exit status 1: no server running on /tmp/tmux-501/ta-0bafa3965ade"
time=2026-08-21T18:18:14.439+08:00 level=DEBUG msg="discovery: skipping unreachable socket" socket=/tmp/tmux-501/ta-0bafa3965ade err="query tmux on /tmp/tmux-501/ta-0bafa3965ade: exit status 1: no server running on /tmp/tmux-501/ta-0bafa3965ade"
time=2026-08-21T18:18:14.461+08:00 level=DEBUG msg="discovery: skipping unreachable socket" socket=/tmp/tmux-501/ta-61709dcf801e err="query tmux on /tmp/tmux-501/ta-61709dcf801e: exit status 1: no server running on /tmp/tmux-501/ta-61709dcf801e"
time=2026-08-21T18:18:14.464+08:00 level=DEBUG msg="discovery: skipping unreachable socket" socket=/tmp/tmux-501/ta-61709dcf801e err="query tmux on /tmp/tmux-501/ta-61709dcf801e: exit status 1: no server running on /tmp/tmux-501/ta-61709dcf801e"
time=2026-08-21T18:18:14.478+08:00 level=DEBUG msg="discovery: skipping unparsable pane line" socket=/tmp/tmux-501/ta-a9fd5b7defbd line="team-refactor-maintainability|6|%39|/Users/alauda/Documents/code/agent前沿探索/多agent协作|bash|87458|t.p9.review 零上下文设计审查已通过<|eos|> - grok|235x50|tester-t124"
time=2026-08-21T18:18:14.483+08:00 level=DEBUG msg="discovery: skipping unparsable pane line" socket=/tmp/tmux-501/ta-a9fd5b7defbd line="team-refactor-maintainability|6|%39|/Users/alauda/Documents/code/agent前沿探索/多agent协作|bash|87458|t.p9.review 零上下文设计审查已通过<|eos|> - grok|235x50|tester-t124"
time=2026-08-21T18:18:14.498+08:00 level=DEBUG msg="discovery: skipping unreachable socket" socket=/tmp/tmux-501/ta-ed81bd4d8c17 err="query tmux on /tmp/tmux-501/ta-ed81bd4d8c17: exit status 1: no server running on /tmp/tmux-501/ta-ed81bd4d8c17"
time=2026-08-21T18:18:14.501+08:00 level=DEBUG msg="discovery: skipping unreachable socket" socket=/tmp/tmux-501/ta-ed81bd4d8c17 err="query tmux on /tmp/tmux-501/ta-ed81bd4d8c17: exit status 1: no server running on /tmp/tmux-501/ta-ed81bd4d8c17"
time=2026-08-21T18:18:14.506+08:00 level=DEBUG msg="discovery: skipping unreachable socket" socket=/tmp/tmux-501/ta-f1ad1b378fc7 err="query tmux on /tmp/tmux-501/ta-f1ad1b378fc7: exit status 1: no server running on /tmp/tmux-501/ta-f1ad1b378fc7"
time=2026-08-21T18:18:14.509+08:00 level=DEBUG msg="discovery: skipping unreachable socket" socket=/tmp/tmux-501/ta-f1ad1b378fc7 err="query tmux on /tmp/tmux-501/ta-f1ad1b378fc7: exit status 1: no server running on /tmp/tmux-501/ta-f1ad1b378fc7"
time=2026-08-21T18:18:14.522+08:00 level=DEBUG msg="discovery: skipping unreachable socket" socket=/tmp/tmux-501/ta-t121u01 err="query tmux on /tmp/tmux-501/ta-t121u01: exit status 1: no server running on /tmp/tmux-501/ta-t121u01"
time=2026-08-21T18:18:14.525+08:00 level=DEBUG msg="discovery: skipping unreachable socket" socket=/tmp/tmux-501/ta-t121u01 err="query tmux on /tmp/tmux-501/ta-t121u01: exit status 1: no server running on /tmp/tmux-501/ta-t121u01"
time=2026-08-21T18:18:14.531+08:00 level=DEBUG msg="discovery: skipping unreachable socket" socket=/tmp/tmux-501/ta-t121u01b err="query tmux on /tmp/tmux-501/ta-t121u01b: exit status 1: no server running on /tmp/tmux-501/ta-t121u01b"
time=2026-08-21T18:18:14.534+08:00 level=DEBUG msg="discovery: skipping unreachable socket" socket=/tmp/tmux-501/ta-t121u01b err="query tmux on /tmp/tmux-501/ta-t121u01b: exit status 1: no server running on /tmp/tmux-501/ta-t121u01b"
time=2026-08-21T18:18:14.539+08:00 level=DEBUG msg="discovery: skipping unreachable socket" socket=/tmp/tmux-501/ta-user-agents err="query tmux on /tmp/tmux-501/ta-user-agents: exit status 1: no server running on /tmp/tmux-501/ta-user-agents"
time=2026-08-21T18:18:14.542+08:00 level=DEBUG msg="discovery: skipping unreachable socket" socket=/tmp/tmux-501/ta-user-agents err="query tmux on /tmp/tmux-501/ta-user-agents: exit status 1: no server running on /tmp/tmux-501/ta-user-agents"
time=2026-08-21T18:18:18.787+08:00 level=DEBUG msg="listing: first snapshot" seq=1
time=2026-08-21T18:18:18.787+08:00 level=DEBUG msg="listing: first snapshot" seq=1
time=2026-08-21T18:18:18.787+08:00 level=INFO msg="listing: refresh on open" req_id=2 had_cache=false prev_seq=0 prev_sessions=0 cur_sessions=48 cur_seq=1 refresh_err=""
time=2026-08-21T18:18:19.314+08:00 level=DEBUG msg="discovery: skipping unreachable socket" socket=/tmp/tmux-501/t115d24675 err="query tmux on /tmp/tmux-501/t115d24675: exit status 1: no server running on /tmp/tmux-501/t115d24675"
time=2026-08-21T18:18:19.323+08:00 level=DEBUG msg="discovery: skipping unreachable socket" socket=/tmp/tmux-501/t115e31319 err="query tmux on /tmp/tmux-501/t115e31319: exit status 1: no server running on /tmp/tmux-501/t115e31319"
time=2026-08-21T18:18:19.331+08:00 level=DEBUG msg="discovery: skipping unreachable socket" socket=/tmp/tmux-501/t115f44898 err="query tmux on /tmp/tmux-501/t115f44898: exit status 1: no server running on /tmp/tmux-501/t115f44898"
time=2026-08-21T18:18:19.340+08:00 level=DEBUG msg="discovery: skipping unreachable socket" socket=/tmp/tmux-501/t115g47728 err="query tmux on /tmp/tmux-501/t115g47728: exit status 1: no server running on /tmp/tmux-501/t115g47728"
time=2026-08-21T18:18:19.348+08:00 level=DEBUG msg="discovery: skipping unreachable socket" socket=/tmp/tmux-501/ta-0bafa3965ade err="query tmux on /tmp/tmux-501/ta-0bafa3965ade: exit status 1: no server running on /tmp/tmux-501/ta-0bafa3965ade"
time=2026-08-21T18:18:19.373+08:00 level=DEBUG msg="discovery: skipping unreachable socket" socket=/tmp/tmux-501/ta-61709dcf801e err="query tmux on /tmp/tmux-501/ta-61709dcf801e: exit status 1: no server running on /tmp/tmux-501/ta-61709dcf801e"
time=2026-08-21T18:18:19.392+08:00 level=DEBUG msg="discovery: skipping unparsable pane line" socket=/tmp/tmux-501/ta-a9fd5b7defbd line="team-refactor-maintainability|6|%39|/Users/alauda/Documents/code/agent前沿探索/多agent协作|bash|87458|t.p9.review 零上下文设计审查已通过<|eos|> - grok|235x50|tester-t124"
time=2026-08-21T18:18:19.409+08:00 level=DEBUG msg="discovery: skipping unreachable socket" socket=/tmp/tmux-501/ta-ed81bd4d8c17 err="query tmux on /tmp/tmux-501/ta-ed81bd4d8c17: exit status 1: no server running on /tmp/tmux-501/ta-ed81bd4d8c17"
time=2026-08-21T18:18:19.418+08:00 level=DEBUG msg="discovery: skipping unreachable socket" socket=/tmp/tmux-501/ta-f1ad1b378fc7 err="query tmux on /tmp/tmux-501/ta-f1ad1b378fc7: exit status 1: no server running on /tmp/tmux-501/ta-f1ad1b378fc7"
time=2026-08-21T18:18:19.436+08:00 level=DEBUG msg="discovery: skipping unreachable socket" socket=/tmp/tmux-501/ta-t121u01 err="query tmux on /tmp/tmux-501/ta-t121u01: exit status 1: no server running on /tmp/tmux-501/ta-t121u01"
time=2026-08-21T18:18:19.443+08:00 level=DEBUG msg="discovery: skipping unreachable socket" socket=/tmp/tmux-501/ta-t121u01b err="query tmux on /tmp/tmux-501/ta-t121u01b: exit status 1: no server running on /tmp/tmux-501/ta-t121u01b"
time=2026-08-21T18:18:19.451+08:00 level=DEBUG msg="discovery: skipping unreachable socket" socket=/tmp/tmux-501/ta-user-agents err="query tmux on /tmp/tmux-501/ta-user-agents: exit status 1: no server running on /tmp/tmux-501/ta-user-agents"
time=2026-08-21T18:18:21.818+08:00 level=DEBUG msg="listing: no changes"
time=2026-08-21T18:18:22.348+08:00 level=DEBUG msg="discovery: skipping unreachable socket" socket=/tmp/tmux-501/t115d24675 err="query tmux on /tmp/tmux-501/t115d24675: exit status 1: no server running on /tmp/tmux-501/t115d24675"
time=2026-08-21T18:18:22.356+08:00 level=DEBUG msg="discovery: skipping unreachable socket" socket=/tmp/tmux-501/t115e31319 err="query tmux on /tmp/tmux-501/t115e31319: exit status 1: no server running on /tmp/tmux-501/t115e31319"
time=2026-08-21T18:18:22.365+08:00 level=DEBUG msg="discovery: skipping unreachable socket" socket=/tmp/tmux-501/t115f44898 err="query tmux on /tmp/tmux-501/t115f44898: exit status 1: no server running on /tmp/tmux-501/t115f44898"
time=2026-08-21T18:18:22.373+08:00 level=DEBUG msg="discovery: skipping unreachable socket" socket=/tmp/tmux-501/t115g47728 err="query tmux on /tmp/tmux-501/t115g47728: exit status 1: no server running on /tmp/tmux-501/t115g47728"
time=2026-08-21T18:18:22.382+08:00 level=DEBUG msg="discovery: skipping unreachable socket" socket=/tmp/tmux-501/ta-0bafa3965ade err="query tmux on /tmp/tmux-501/ta-0bafa3965ade: exit status 1: no server running on /tmp/tmux-501/ta-0bafa3965ade"
time=2026-08-21T18:18:22.408+08:00 level=DEBUG msg="discovery: skipping unreachable socket" socket=/tmp/tmux-501/ta-61709dcf801e err="query tmux on /tmp/tmux-501/ta-61709dcf801e: exit status 1: no server running on /tmp/tmux-501/ta-61709dcf801e"
time=2026-08-21T18:18:22.426+08:00 level=DEBUG msg="discovery: skipping unparsable pane line" socket=/tmp/tmux-501/ta-a9fd5b7defbd line="team-refactor-maintainability|6|%39|/Users/alauda/Documents/code/agent前沿探索/多agent协作|bash|87458|t.p9.review 零上下文设计审查已通过<|eos|> - grok|235x50|tester-t124"
time=2026-08-21T18:18:22.445+08:00 level=DEBUG msg="discovery: skipping unreachable socket" socket=/tmp/tmux-501/ta-ed81bd4d8c17 err="query tmux on /tmp/tmux-501/ta-ed81bd4d8c17: exit status 1: no server running on /tmp/tmux-501/ta-ed81bd4d8c17"
time=2026-08-21T18:18:22.454+08:00 level=DEBUG msg="discovery: skipping unreachable socket" socket=/tmp/tmux-501/ta-f1ad1b378fc7 err="query tmux on /tmp/tmux-501/ta-f1ad1b378fc7: exit status 1: no server running on /tmp/tmux-501/ta-f1ad1b378fc7"
time=2026-08-21T18:18:22.470+08:00 level=DEBUG msg="discovery: skipping unreachable socket" socket=/tmp/tmux-501/ta-t121u01 err="query tmux on /tmp/tmux-501/ta-t121u01: exit status 1: no server running on /tmp/tmux-501/ta-t121u01"
time=2026-08-21T18:18:22.478+08:00 level=DEBUG msg="discovery: skipping unreachable socket" socket=/tmp/tmux-501/ta-t121u01b err="query tmux on /tmp/tmux-501/ta-t121u01b: exit status 1: no server running on /tmp/tmux-501/ta-t121u01b"
time=2026-08-21T18:18:22.487+08:00 level=DEBUG msg="discovery: skipping unreachable socket" socket=/tmp/tmux-501/ta-user-agents err="query tmux on /tmp/tmux-501/ta-user-agents: exit status 1: no server running on /tmp/tmux-501/ta-user-agents"
time=2026-08-21T18:18:24.635+08:00 level=DEBUG msg="listing: no changes"
time=2026-08-21T18:18:25.178+08:00 level=DEBUG msg="discovery: skipping unreachable socket" socket=/tmp/tmux-501/t115d24675 err="query tmux on /tmp/tmux-501/t115d24675: exit status 1: no server running on /tmp/tmux-501/t115d24675"
time=2026-08-21T18:18:25.187+08:00 level=DEBUG msg="discovery: skipping unreachable socket" socket=/tmp/tmux-501/t115e31319 err="query tmux on /tmp/tmux-501/t115e31319: exit status 1: no server running on /tmp/tmux-501/t115e31319"
time=2026-08-21T18:18:25.195+08:00 level=DEBUG msg="discovery: skipping unreachable socket" socket=/tmp/tmux-501/t115f44898 err="query tmux on /tmp/tmux-501/t115f44898: exit status 1: no server running on /tmp/tmux-501/t115f44898"
time=2026-08-21T18:18:25.203+08:00 level=DEBUG msg="discovery: skipping unreachable socket" socket=/tmp/tmux-501/t115g47728 err="query tmux on /tmp/tmux-501/t115g47728: exit status 1: no server running on /tmp/tmux-501/t115g47728"
time=2026-08-21T18:18:25.211+08:00 level=DEBUG msg="discovery: skipping unreachable socket" socket=/tmp/tmux-501/ta-0bafa3965ade err="query tmux on /tmp/tmux-501/ta-0bafa3965ade: exit status 1: no server running on /tmp/tmux-501/ta-0bafa3965ade"
time=2026-08-21T18:18:25.234+08:00 level=DEBUG msg="discovery: skipping unreachable socket" socket=/tmp/tmux-501/ta-61709dcf801e err="query tmux on /tmp/tmux-501/ta-61709dcf801e: exit status 1: no server running on /tmp/tmux-501/ta-61709dcf801e"
time=2026-08-21T18:18:25.251+08:00 level=DEBUG msg="discovery: skipping unparsable pane line" socket=/tmp/tmux-501/ta-a9fd5b7defbd line="team-refactor-maintainability|6|%39|/Users/alauda/Documents/code/agent前沿探索/多agent协作|bash|87458|t.p9.review 零上下文设计审查已通过<|eos|> - grok|235x50|tester-t124"
time=2026-08-21T18:18:25.267+08:00 level=DEBUG msg="discovery: skipping unreachable socket" socket=/tmp/tmux-501/ta-ed81bd4d8c17 err="query tmux on /tmp/tmux-501/ta-ed81bd4d8c17: exit status 1: no server running on /tmp/tmux-501/ta-ed81bd4d8c17"
time=2026-08-21T18:18:25.275+08:00 level=DEBUG msg="discovery: skipping unreachable socket" socket=/tmp/tmux-501/ta-f1ad1b378fc7 err="query tmux on /tmp/tmux-501/ta-f1ad1b378fc7: exit status 1: no server running on /tmp/tmux-501/ta-f1ad1b378fc7"
time=2026-08-21T18:18:25.290+08:00 level=DEBUG msg="discovery: skipping unreachable socket" socket=/tmp/tmux-501/ta-t121u01 err="query tmux on /tmp/tmux-501/ta-t121u01: exit status 1: no server running on /tmp/tmux-501/ta-t121u01"
time=2026-08-21T18:18:25.298+08:00 level=DEBUG msg="discovery: skipping unreachable socket" socket=/tmp/tmux-501/ta-t121u01b err="query tmux on /tmp/tmux-501/ta-t121u01b: exit status 1: no server running on /tmp/tmux-501/ta-t121u01b"
time=2026-08-21T18:18:25.306+08:00 level=DEBUG msg="discovery: skipping unreachable socket" socket=/tmp/tmux-501/ta-user-agents err="query tmux on /tmp/tmux-501/ta-user-agents: exit status 1: no server running on /tmp/tmux-501/ta-user-agents"
time=2026-08-21T18:18:27.557+08:00 level=DEBUG msg="listing: no changes"
time=2026-08-21T18:18:28.090+08:00 level=DEBUG msg="discovery: skipping unreachable socket" socket=/tmp/tmux-501/t115d24675 err="query tmux on /tmp/tmux-501/t115d24675: exit status 1: no server running on /tmp/tmux-501/t115d24675"
time=2026-08-21T18:18:28.100+08:00 level=DEBUG msg="discovery: skipping unreachable socket" socket=/tmp/tmux-501/t115e31319 err="query tmux on /tmp/tmux-501/t115e31319: exit status 1: no server running on /tmp/tmux-501/t115e31319"
time=2026-08-21T18:18:28.110+08:00 level=DEBUG msg="discovery: skipping unreachable socket" socket=/tmp/tmux-501/t115f44898 err="query tmux on /tmp/tmux-501/t115f44898: exit status 1: no server running on /tmp/tmux-501/t115f44898"
time=2026-08-21T18:18:28.119+08:00 level=DEBUG msg="discovery: skipping unreachable socket" socket=/tmp/tmux-501/t115g47728 err="query tmux on /tmp/tmux-501/t115g47728: exit status 1: no server running on /tmp/tmux-501/t115g47728"
time=2026-08-21T18:18:28.129+08:00 level=DEBUG msg="discovery: skipping unreachable socket" socket=/tmp/tmux-501/ta-0bafa3965ade err="query tmux on /tmp/tmux-501/ta-0bafa3965ade: exit status 1: no server running on /tmp/tmux-501/ta-0bafa3965ade"
time=2026-08-21T18:18:28.159+08:00 level=DEBUG msg="discovery: skipping unreachable socket" socket=/tmp/tmux-501/ta-61709dcf801e err="query tmux on /tmp/tmux-501/ta-61709dcf801e: exit status 1: no server running on /tmp/tmux-501/ta-61709dcf801e"
time=2026-08-21T18:18:28.182+08:00 level=DEBUG msg="discovery: skipping unparsable pane line" socket=/tmp/tmux-501/ta-a9fd5b7defbd line="team-refactor-maintainability|6|%39|/Users/alauda/Documents/code/agent前沿探索/多agent协作|bash|87458|t.p9.review 零上下文设计审查已通过<|eos|> - grok|235x50|tester-t124"
time=2026-08-21T18:18:28.202+08:00 level=DEBUG msg="discovery: skipping unreachable socket" socket=/tmp/tmux-501/ta-ed81bd4d8c17 err="query tmux on /tmp/tmux-501/ta-ed81bd4d8c17: exit status 1: no server running on /tmp/tmux-501/ta-ed81bd4d8c17"
time=2026-08-21T18:18:28.212+08:00 level=DEBUG msg="discovery: skipping unreachable socket" socket=/tmp/tmux-501/ta-f1ad1b378fc7 err="query tmux on /tmp/tmux-501/ta-f1ad1b378fc7: exit status 1: no server running on /tmp/tmux-501/ta-f1ad1b378fc7"
time=2026-08-21T18:18:28.233+08:00 level=DEBUG msg="discovery: skipping unreachable socket" socket=/tmp/tmux-501/ta-t121u01 err="query tmux on /tmp/tmux-501/ta-t121u01: exit status 1: no server running on /tmp/tmux-501/ta-t121u01"
time=2026-08-21T18:18:28.242+08:00 level=DEBUG msg="discovery: skipping unreachable socket" socket=/tmp/tmux-501/ta-t121u01b err="query tmux on /tmp/tmux-501/ta-t121u01b: exit status 1: no server running on /tmp/tmux-501/ta-t121u01b"
time=2026-08-21T18:18:28.252+08:00 level=DEBUG msg="discovery: skipping unreachable socket" socket=/tmp/tmux-501/ta-user-agents err="query tmux on /tmp/tmux-501/ta-user-agents: exit status 1: no server running on /tmp/tmux-501/ta-user-agents"
time=2026-08-21T18:18:30.528+08:00 level=DEBUG msg="listing: no changes"
time=2026-08-21T18:18:31.058+08:00 level=DEBUG msg="discovery: skipping unreachable socket" socket=/tmp/tmux-501/t115d24675 err="query tmux on /tmp/tmux-501/t115d24675: exit status 1: no server running on /tmp/tmux-501/t115d24675"
time=2026-08-21T18:18:31.067+08:00 level=DEBUG msg="discovery: skipping unreachable socket" socket=/tmp/tmux-501/t115e31319 err="query tmux on /tmp/tmux-501/t115e31319: exit status 1: no server running on /tmp/tmux-501/t115e31319"
time=2026-08-21T18:18:31.075+08:00 level=DEBUG msg="discovery: skipping unreachable socket" socket=/tmp/tmux-501/t115f44898 err="query tmux on /tmp/tmux-501/t115f44898: exit status 1: no server running on /tmp/tmux-501/t115f44898"
time=2026-08-21T18:18:31.083+08:00 level=DEBUG msg="discovery: skipping unreachable socket" socket=/tmp/tmux-501/t115g47728 err="query tmux on /tmp/tmux-501/t115g47728: exit status 1: no server running on /tmp/tmux-501/t115g47728"
time=2026-08-21T18:18:31.091+08:00 level=DEBUG msg="discovery: skipping unreachable socket" socket=/tmp/tmux-501/ta-0bafa3965ade err="query tmux on /tmp/tmux-501/ta-0bafa3965ade: exit status 1: no server running on /tmp/tmux-501/ta-0bafa3965ade"
time=2026-08-21T18:18:31.118+08:00 level=DEBUG msg="discovery: skipping unreachable socket" socket=/tmp/tmux-501/ta-61709dcf801e err="query tmux on /tmp/tmux-501/ta-61709dcf801e: exit status 1: no server running on /tmp/tmux-501/ta-61709dcf801e"
time=2026-08-21T18:18:31.135+08:00 level=DEBUG msg="discovery: skipping unparsable pane line" socket=/tmp/tmux-501/ta-a9fd5b7defbd line="team-refactor-maintainability|6|%39|/Users/alauda/Documents/code/agent前沿探索/多agent协作|bash|87458|t.p9.review 零上下文设计审查已通过<|eos|> - grok|235x50|tester-t124"
time=2026-08-21T18:18:31.156+08:00 level=DEBUG msg="discovery: skipping unreachable socket" socket=/tmp/tmux-501/ta-ed81bd4d8c17 err="query tmux on /tmp/tmux-501/ta-ed81bd4d8c17: exit status 1: no server running on /tmp/tmux-501/ta-ed81bd4d8c17"
time=2026-08-21T18:18:31.164+08:00 level=DEBUG msg="discovery: skipping unreachable socket" socket=/tmp/tmux-501/ta-f1ad1b378fc7 err="query tmux on /tmp/tmux-501/ta-f1ad1b378fc7: exit status 1: no server running on /tmp/tmux-501/ta-f1ad1b378fc7"
time=2026-08-21T18:18:31.180+08:00 level=DEBUG msg="discovery: skipping unreachable socket" socket=/tmp/tmux-501/ta-t121u01 err="query tmux on /tmp/tmux-501/ta-t121u01: exit status 1: no server running on /tmp/tmux-501/ta-t121u01"
time=2026-08-21T18:18:31.188+08:00 level=DEBUG msg="discovery: skipping unreachable socket" socket=/tmp/tmux-501/ta-t121u01b err="query tmux on /tmp/tmux-501/ta-t121u01b: exit status 1: no server running on /tmp/tmux-501/ta-t121u01b"
time=2026-08-21T18:18:31.197+08:00 level=DEBUG msg="discovery: skipping unreachable socket" socket=/tmp/tmux-501/ta-user-agents err="query tmux on /tmp/tmux-501/ta-user-agents: exit status 1: no server running on /tmp/tmux-501/ta-user-agents"
time=2026-08-21T18:18:33.387+08:00 level=DEBUG msg="listing: no changes"
time=2026-08-21T18:18:33.925+08:00 level=DEBUG msg="discovery: skipping unreachable socket" socket=/tmp/tmux-501/t115d24675 err="query tmux on /tmp/tmux-501/t115d24675: exit status 1: no server running on /tmp/tmux-501/t115d24675"
time=2026-08-21T18:18:33.935+08:00 level=DEBUG msg="discovery: skipping unreachable socket" socket=/tmp/tmux-501/t115e31319 err="query tmux on /tmp/tmux-501/t115e31319: exit status 1: no server running on /tmp/tmux-501/t115e31319"
time=2026-08-21T18:18:33.944+08:00 level=DEBUG msg="discovery: skipping unreachable socket" socket=/tmp/tmux-501/t115f44898 err="query tmux on /tmp/tmux-501/t115f44898: exit status 1: no server running on /tmp/tmux-501/t115f44898"
time=2026-08-21T18:18:33.952+08:00 level=DEBUG msg="discovery: skipping unreachable socket" socket=/tmp/tmux-501/t115g47728 err="query tmux on /tmp/tmux-501/t115g47728: exit status 1: no server running on /tmp/tmux-501/t115g47728"
time=2026-08-21T18:18:33.959+08:00 level=DEBUG msg="discovery: skipping unreachable socket" socket=/tmp/tmux-501/ta-0bafa3965ade err="query tmux on /tmp/tmux-501/ta-0bafa3965ade: exit status 1: no server running on /tmp/tmux-501/ta-0bafa3965ade"
time=2026-08-21T18:18:33.983+08:00 level=DEBUG msg="discovery: skipping unreachable socket" socket=/tmp/tmux-501/ta-61709dcf801e err="query tmux on /tmp/tmux-501/ta-61709dcf801e: exit status 1: no server running on /tmp/tmux-501/ta-61709dcf801e"
time=2026-08-21T18:18:33.999+08:00 level=DEBUG msg="discovery: skipping unparsable pane line" socket=/tmp/tmux-501/ta-a9fd5b7defbd line="team-refactor-maintainability|6|%39|/Users/alauda/Documents/code/agent前沿探索/多agent协作|bash|87458|t.p9.review 零上下文设计审查已通过<|eos|> - grok|235x50|tester-t124"
time=2026-08-21T18:18:34.015+08:00 level=DEBUG msg="discovery: skipping unreachable socket" socket=/tmp/tmux-501/ta-ed81bd4d8c17 err="query tmux on /tmp/tmux-501/ta-ed81bd4d8c17: exit status 1: no server running on /tmp/tmux-501/ta-ed81bd4d8c17"
time=2026-08-21T18:18:34.023+08:00 level=DEBUG msg="discovery: skipping unreachable socket" socket=/tmp/tmux-501/ta-f1ad1b378fc7 err="query tmux on /tmp/tmux-501/ta-f1ad1b378fc7: exit status 1: no server running on /tmp/tmux-501/ta-f1ad1b378fc7"
time=2026-08-21T18:18:34.040+08:00 level=DEBUG msg="discovery: skipping unreachable socket" socket=/tmp/tmux-501/ta-t121u01 err="query tmux on /tmp/tmux-501/ta-t121u01: exit status 1: no server running on /tmp/tmux-501/ta-t121u01"
time=2026-08-21T18:18:34.048+08:00 level=DEBUG msg="discovery: skipping unreachable socket" socket=/tmp/tmux-501/ta-t121u01b err="query tmux on /tmp/tmux-501/ta-t121u01b: exit status 1: no server running on /tmp/tmux-501/ta-t121u01b"
time=2026-08-21T18:18:34.056+08:00 level=DEBUG msg="discovery: skipping unreachable socket" socket=/tmp/tmux-501/ta-user-agents err="query tmux on /tmp/tmux-501/ta-user-agents: exit status 1: no server running on /tmp/tmux-501/ta-user-agents"
time=2026-08-21T18:18:36.315+08:00 level=DEBUG msg="listing: no changes"
time=2026-08-21T18:18:36.844+08:00 level=DEBUG msg="discovery: skipping unreachable socket" socket=/tmp/tmux-501/t115d24675 err="query tmux on /tmp/tmux-501/t115d24675: exit status 1: no server running on /tmp/tmux-501/t115d24675"
time=2026-08-21T18:18:36.853+08:00 level=DEBUG msg="discovery: skipping unreachable socket" socket=/tmp/tmux-501/t115e31319 err="query tmux on /tmp/tmux-501/t115e31319: exit status 1: no server running on /tmp/tmux-501/t115e31319"
time=2026-08-21T18:18:36.862+08:00 level=DEBUG msg="discovery: skipping unreachable socket" socket=/tmp/tmux-501/t115f44898 err="query tmux on /tmp/tmux-501/t115f44898: exit status 1: no server running on /tmp/tmux-501/t115f44898"
time=2026-08-21T18:18:36.870+08:00 level=DEBUG msg="discovery: skipping unreachable socket" socket=/tmp/tmux-501/t115g47728 err="query tmux on /tmp/tmux-501/t115g47728: exit status 1: no server running on /tmp/tmux-501/t115g47728"
time=2026-08-21T18:18:36.878+08:00 level=DEBUG msg="discovery: skipping unreachable socket" socket=/tmp/tmux-501/ta-0bafa3965ade err="query tmux on /tmp/tmux-501/ta-0bafa3965ade: exit status 1: no server running on /tmp/tmux-501/ta-0bafa3965ade"
time=2026-08-21T18:18:36.904+08:00 level=DEBUG msg="discovery: skipping unreachable socket" socket=/tmp/tmux-501/ta-61709dcf801e err="query tmux on /tmp/tmux-501/ta-61709dcf801e: exit status 1: no server running on /tmp/tmux-501/ta-61709dcf801e"
time=2026-08-21T18:18:36.923+08:00 level=DEBUG msg="discovery: skipping unparsable pane line" socket=/tmp/tmux-501/ta-a9fd5b7defbd line="team-refactor-maintainability|6|%39|/Users/alauda/Documents/code/agent前沿探索/多agent协作|bash|87458|t.p9.review 零上下文设计审查已通过<|eos|> - grok|235x50|tester-t124"
time=2026-08-21T18:18:36.939+08:00 level=DEBUG msg="discovery: skipping unreachable socket" socket=/tmp/tmux-501/ta-ed81bd4d8c17 err="query tmux on /tmp/tmux-501/ta-ed81bd4d8c17: exit status 1: no server running on /tmp/tmux-501/ta-ed81bd4d8c17"
time=2026-08-21T18:18:36.948+08:00 level=DEBUG msg="discovery: skipping unreachable socket" socket=/tmp/tmux-501/ta-f1ad1b378fc7 err="query tmux on /tmp/tmux-501/ta-f1ad1b378fc7: exit status 1: no server running on /tmp/tmux-501/ta-f1ad1b378fc7"
time=2026-08-21T18:18:36.965+08:00 level=DEBUG msg="discovery: skipping unreachable socket" socket=/tmp/tmux-501/ta-t121u01 err="query tmux on /tmp/tmux-501/ta-t121u01: exit status 1: no server running on /tmp/tmux-501/ta-t121u01"
time=2026-08-21T18:18:36.973+08:00 level=DEBUG msg="discovery: skipping unreachable socket" socket=/tmp/tmux-501/ta-t121u01b err="query tmux on /tmp/tmux-501/ta-t121u01b: exit status 1: no server running on /tmp/tmux-501/ta-t121u01b"
time=2026-08-21T18:18:36.981+08:00 level=DEBUG msg="discovery: skipping unreachable socket" socket=/tmp/tmux-501/ta-user-agents err="query tmux on /tmp/tmux-501/ta-user-agents: exit status 1: no server running on /tmp/tmux-501/ta-user-agents"
time=2026-08-21T18:18:39.214+08:00 level=DEBUG msg="listing: no changes"
time=2026-08-21T18:18:39.744+08:00 level=DEBUG msg="discovery: skipping unreachable socket" socket=/tmp/tmux-501/t115d24675 err="query tmux on /tmp/tmux-501/t115d24675: exit status 1: no server running on /tmp/tmux-501/t115d24675"
time=2026-08-21T18:18:39.752+08:00 level=DEBUG msg="discovery: skipping unreachable socket" socket=/tmp/tmux-501/t115e31319 err="query tmux on /tmp/tmux-501/t115e31319: exit status 1: no server running on /tmp/tmux-501/t115e31319"
time=2026-08-21T18:18:39.761+08:00 level=DEBUG msg="discovery: skipping unreachable socket" socket=/tmp/tmux-501/t115f44898 err="query tmux on /tmp/tmux-501/t115f44898: exit status 1: no server running on /tmp/tmux-501/t115f44898"
time=2026-08-21T18:18:39.769+08:00 level=DEBUG msg="discovery: skipping unreachable socket" socket=/tmp/tmux-501/t115g47728 err="query tmux on /tmp/tmux-501/t115g47728: exit status 1: no server running on /tmp/tmux-501/t115g47728"
time=2026-08-21T18:18:39.777+08:00 level=DEBUG msg="discovery: skipping unreachable socket" socket=/tmp/tmux-501/ta-0bafa3965ade err="query tmux on /tmp/tmux-501/ta-0bafa3965ade: exit status 1: no server running on /tmp/tmux-501/ta-0bafa3965ade"
time=2026-08-21T18:18:39.802+08:00 level=DEBUG msg="discovery: skipping unreachable socket" socket=/tmp/tmux-501/ta-61709dcf801e err="query tmux on /tmp/tmux-501/ta-61709dcf801e: exit status 1: no server running on /tmp/tmux-501/ta-61709dcf801e"
time=2026-08-21T18:18:39.820+08:00 level=DEBUG msg="discovery: skipping unparsable pane line" socket=/tmp/tmux-501/ta-a9fd5b7defbd line="team-refactor-maintainability|6|%39|/Users/alauda/Documents/code/agent前沿探索/多agent协作|bash|87458|t.p9.review 零上下文设计审查已通过<|eos|> - grok|235x50|tester-t124"
time=2026-08-21T18:18:39.839+08:00 level=DEBUG msg="discovery: skipping unreachable socket" socket=/tmp/tmux-501/ta-ed81bd4d8c17 err="query tmux on /tmp/tmux-501/ta-ed81bd4d8c17: exit status 1: no server running on /tmp/tmux-501/ta-ed81bd4d8c17"
time=2026-08-21T18:18:39.847+08:00 level=DEBUG msg="discovery: skipping unreachable socket" socket=/tmp/tmux-501/ta-f1ad1b378fc7 err="query tmux on /tmp/tmux-501/ta-f1ad1b378fc7: exit status 1: no server running on /tmp/tmux-501/ta-f1ad1b378fc7"
time=2026-08-21T18:18:39.864+08:00 level=DEBUG msg="discovery: skipping unreachable socket" socket=/tmp/tmux-501/ta-t121u01 err="query tmux on /tmp/tmux-501/ta-t121u01: exit status 1: no server running on /tmp/tmux-501/ta-t121u01"
time=2026-08-21T18:18:39.873+08:00 level=DEBUG msg="discovery: skipping unreachable socket" socket=/tmp/tmux-501/ta-t121u01b err="query tmux on /tmp/tmux-501/ta-t121u01b: exit status 1: no server running on /tmp/tmux-501/ta-t121u01b"
time=2026-08-21T18:18:39.882+08:00 level=DEBUG msg="discovery: skipping unreachable socket" socket=/tmp/tmux-501/ta-user-agents err="query tmux on /tmp/tmux-501/ta-user-agents: exit status 1: no server running on /tmp/tmux-501/ta-user-agents"
time=2026-08-21T18:18:42.064+08:00 level=DEBUG msg="listing: no changes"
time=2026-08-21T18:18:42.588+08:00 level=DEBUG msg="discovery: skipping unreachable socket" socket=/tmp/tmux-501/t115d24675 err="query tmux on /tmp/tmux-501/t115d24675: exit status 1: no server running on /tmp/tmux-501/t115d24675"
time=2026-08-21T18:18:42.596+08:00 level=DEBUG msg="discovery: skipping unreachable socket" socket=/tmp/tmux-501/t115e31319 err="query tmux on /tmp/tmux-501/t115e31319: exit status 1: no server running on /tmp/tmux-501/t115e31319"
time=2026-08-21T18:18:42.605+08:00 level=DEBUG msg="discovery: skipping unreachable socket" socket=/tmp/tmux-501/t115f44898 err="query tmux on /tmp/tmux-501/t115f44898: exit status 1: no server running on /tmp/tmux-501/t115f44898"
time=2026-08-21T18:18:42.614+08:00 level=DEBUG msg="discovery: skipping unreachable socket" socket=/tmp/tmux-501/t115g47728 err="query tmux on /tmp/tmux-501/t115g47728: exit status 1: no server running on /tmp/tmux-501/t115g47728"
time=2026-08-21T18:18:42.623+08:00 level=DEBUG msg="discovery: skipping unreachable socket" socket=/tmp/tmux-501/ta-0bafa3965ade err="query tmux on /tmp/tmux-501/ta-0bafa3965ade: exit status 1: no server running on /tmp/tmux-501/ta-0bafa3965ade"
time=2026-08-21T18:18:42.647+08:00 level=DEBUG msg="discovery: skipping unreachable socket" socket=/tmp/tmux-501/ta-61709dcf801e err="query tmux on /tmp/tmux-501/ta-61709dcf801e: exit status 1: no server running on /tmp/tmux-501/ta-61709dcf801e"
time=2026-08-21T18:18:42.664+08:00 level=DEBUG msg="discovery: skipping unparsable pane line" socket=/tmp/tmux-501/ta-a9fd5b7defbd line="team-refactor-maintainability|6|%39|/Users/alauda/Documents/code/agent前沿探索/多agent协作|bash|87458|t.p9.review 零上下文设计审查已通过<|eos|> - grok|235x50|tester-t124"
time=2026-08-21T18:18:42.681+08:00 level=DEBUG msg="discovery: skipping unreachable socket" socket=/tmp/tmux-501/ta-ed81bd4d8c17 err="query tmux on /tmp/tmux-501/ta-ed81bd4d8c17: exit status 1: no server running on /tmp/tmux-501/ta-ed81bd4d8c17"
time=2026-08-21T18:18:42.689+08:00 level=DEBUG msg="discovery: skipping unreachable socket" socket=/tmp/tmux-501/ta-f1ad1b378fc7 err="query tmux on /tmp/tmux-501/ta-f1ad1b378fc7: exit status 1: no server running on /tmp/tmux-501/ta-f1ad1b378fc7"
time=2026-08-21T18:18:42.705+08:00 level=DEBUG msg="discovery: skipping unreachable socket" socket=/tmp/tmux-501/ta-t121u01 err="query tmux on /tmp/tmux-501/ta-t121u01: exit status 1: no server running on /tmp/tmux-501/ta-t121u01"
time=2026-08-21T18:18:42.713+08:00 level=DEBUG msg="discovery: skipping unreachable socket" socket=/tmp/tmux-501/ta-t121u01b err="query tmux on /tmp/tmux-501/ta-t121u01b: exit status 1: no server running on /tmp/tmux-501/ta-t121u01b"
time=2026-08-21T18:18:42.720+08:00 level=DEBUG msg="discovery: skipping unreachable socket" socket=/tmp/tmux-501/ta-user-agents err="query tmux on /tmp/tmux-501/ta-user-agents: exit status 1: no server running on /tmp/tmux-501/ta-user-agents"
time=2026-08-21T18:18:44.937+08:00 level=DEBUG msg="listing: no changes"
time=2026-08-21T18:18:45.464+08:00 level=DEBUG msg="discovery: skipping unreachable socket" socket=/tmp/tmux-501/t115d24675 err="query tmux on /tmp/tmux-501/t115d24675: exit status 1: no server running on /tmp/tmux-501/t115d24675"
time=2026-08-21T18:18:45.473+08:00 level=DEBUG msg="discovery: skipping unreachable socket" socket=/tmp/tmux-501/t115e31319 err="query tmux on /tmp/tmux-501/t115e31319: exit status 1: no server running on /tmp/tmux-501/t115e31319"
time=2026-08-21T18:18:45.482+08:00 level=DEBUG msg="discovery: skipping unreachable socket" socket=/tmp/tmux-501/t115f44898 err="query tmux on /tmp/tmux-501/t115f44898: exit status 1: no server running on /tmp/tmux-501/t115f44898"
time=2026-08-21T18:18:45.490+08:00 level=DEBUG msg="discovery: skipping unreachable socket" socket=/tmp/tmux-501/t115g47728 err="query tmux on /tmp/tmux-501/t115g47728: exit status 1: no server running on /tmp/tmux-501/t115g47728"
time=2026-08-21T18:18:45.498+08:00 level=DEBUG msg="discovery: skipping unreachable socket" socket=/tmp/tmux-501/ta-0bafa3965ade err="query tmux on /tmp/tmux-501/ta-0bafa3965ade: exit status 1: no server running on /tmp/tmux-501/ta-0bafa3965ade"
time=2026-08-21T18:18:45.524+08:00 level=DEBUG msg="discovery: skipping unreachable socket" socket=/tmp/tmux-501/ta-61709dcf801e err="query tmux on /tmp/tmux-501/ta-61709dcf801e: exit status 1: no server running on /tmp/tmux-501/ta-61709dcf801e"
time=2026-08-21T18:18:45.542+08:00 level=DEBUG msg="discovery: skipping unparsable pane line" socket=/tmp/tmux-501/ta-a9fd5b7defbd line="team-refactor-maintainability|6|%39|/Users/alauda/Documents/code/agent前沿探索/多agent协作|bash|87458|t.p9.review 零上下文设计审查已通过<|eos|> - grok|235x50|tester-t124"
time=2026-08-21T18:18:45.561+08:00 level=DEBUG msg="discovery: skipping unreachable socket" socket=/tmp/tmux-501/ta-ed81bd4d8c17 err="query tmux on /tmp/tmux-501/ta-ed81bd4d8c17: exit status 1: no server running on /tmp/tmux-501/ta-ed81bd4d8c17"
time=2026-08-21T18:18:45.570+08:00 level=DEBUG msg="discovery: skipping unreachable socket" socket=/tmp/tmux-501/ta-f1ad1b378fc7 err="query tmux on /tmp/tmux-501/ta-f1ad1b378fc7: exit status 1: no server running on /tmp/tmux-501/ta-f1ad1b378fc7"
time=2026-08-21T18:18:45.587+08:00 level=DEBUG msg="discovery: skipping unreachable socket" socket=/tmp/tmux-501/ta-t121u01 err="query tmux on /tmp/tmux-501/ta-t121u01: exit status 1: no server running on /tmp/tmux-501/ta-t121u01"
time=2026-08-21T18:18:45.595+08:00 level=DEBUG msg="discovery: skipping unreachable socket" socket=/tmp/tmux-501/ta-t121u01b err="query tmux on /tmp/tmux-501/ta-t121u01b: exit status 1: no server running on /tmp/tmux-501/ta-t121u01b"
time=2026-08-21T18:18:45.604+08:00 level=DEBUG msg="discovery: skipping unreachable socket" socket=/tmp/tmux-501/ta-user-agents err="query tmux on /tmp/tmux-501/ta-user-agents: exit status 1: no server running on /tmp/tmux-501/ta-user-agents"
time=2026-08-21T18:18:47.822+08:00 level=DEBUG msg="listing: no changes"
time=2026-08-21T18:18:48.351+08:00 level=DEBUG msg="discovery: skipping unreachable socket" socket=/tmp/tmux-501/t115d24675 err="query tmux on /tmp/tmux-501/t115d24675: exit status 1: no server running on /tmp/tmux-501/t115d24675"
time=2026-08-21T18:18:48.359+08:00 level=DEBUG msg="discovery: skipping unreachable socket" socket=/tmp/tmux-501/t115e31319 err="query tmux on /tmp/tmux-501/t115e31319: exit status 1: no server running on /tmp/tmux-501/t115e31319"
time=2026-08-21T18:18:48.368+08:00 level=DEBUG msg="discovery: skipping unreachable socket" socket=/tmp/tmux-501/t115f44898 err="query tmux on /tmp/tmux-501/t115f44898: exit status 1: no server running on /tmp/tmux-501/t115f44898"
time=2026-08-21T18:18:48.377+08:00 level=DEBUG msg="discovery: skipping unreachable socket" socket=/tmp/tmux-501/t115g47728 err="query tmux on /tmp/tmux-501/t115g47728: exit status 1: no server running on /tmp/tmux-501/t115g47728"
time=2026-08-21T18:18:48.385+08:00 level=DEBUG msg="discovery: skipping unreachable socket" socket=/tmp/tmux-501/ta-0bafa3965ade err="query tmux on /tmp/tmux-501/ta-0bafa3965ade: exit status 1: no server running on /tmp/tmux-501/ta-0bafa3965ade"
time=2026-08-21T18:18:48.412+08:00 level=DEBUG msg="discovery: skipping unreachable socket" socket=/tmp/tmux-501/ta-61709dcf801e err="query tmux on /tmp/tmux-501/ta-61709dcf801e: exit status 1: no server running on /tmp/tmux-501/ta-61709dcf801e"
time=2026-08-21T18:18:48.430+08:00 level=DEBUG msg="discovery: skipping unparsable pane line" socket=/tmp/tmux-501/ta-a9fd5b7defbd line="team-refactor-maintainability|6|%39|/Users/alauda/Documents/code/agent前沿探索/多agent协作|bash|87458|t.p9.review 零上下文设计审查已通过<|eos|> - grok|235x50|tester-t124"
time=2026-08-21T18:18:48.448+08:00 level=DEBUG msg="discovery: skipping unreachable socket" socket=/tmp/tmux-501/ta-ed81bd4d8c17 err="query tmux on /tmp/tmux-501/ta-ed81bd4d8c17: exit status 1: no server running on /tmp/tmux-501/ta-ed81bd4d8c17"
time=2026-08-21T18:18:48.458+08:00 level=DEBUG msg="discovery: skipping unreachable socket" socket=/tmp/tmux-501/ta-f1ad1b378fc7 err="query tmux on /tmp/tmux-501/ta-f1ad1b378fc7: exit status 1: no server running on /tmp/tmux-501/ta-f1ad1b378fc7"
time=2026-08-21T18:18:48.474+08:00 level=DEBUG msg="discovery: skipping unreachable socket" socket=/tmp/tmux-501/ta-t121u01 err="query tmux on /tmp/tmux-501/ta-t121u01: exit status 1: no server running on /tmp/tmux-501/ta-t121u01"
time=2026-08-21T18:18:48.482+08:00 level=DEBUG msg="discovery: skipping unreachable socket" socket=/tmp/tmux-501/ta-t121u01b err="query tmux on /tmp/tmux-501/ta-t121u01b: exit status 1: no server running on /tmp/tmux-501/ta-t121u01b"
time=2026-08-21T18:18:48.493+08:00 level=DEBUG msg="discovery: skipping unreachable socket" socket=/tmp/tmux-501/ta-user-agents err="query tmux on /tmp/tmux-501/ta-user-agents: exit status 1: no server running on /tmp/tmux-501/ta-user-agents"
time=2026-08-21T18:18:50.742+08:00 level=DEBUG msg="listing: no changes"
time=2026-08-21T18:18:51.270+08:00 level=DEBUG msg="discovery: skipping unreachable socket" socket=/tmp/tmux-501/t115d24675 err="query tmux on /tmp/tmux-501/t115d24675: exit status 1: no server running on /tmp/tmux-501/t115d24675"
time=2026-08-21T18:18:51.278+08:00 level=DEBUG msg="discovery: skipping unreachable socket" socket=/tmp/tmux-501/t115e31319 err="query tmux on /tmp/tmux-501/t115e31319: exit status 1: no server running on /tmp/tmux-501/t115e31319"
time=2026-08-21T18:18:51.286+08:00 level=DEBUG msg="discovery: skipping unreachable socket" socket=/tmp/tmux-501/t115f44898 err="query tmux on /tmp/tmux-501/t115f44898: exit status 1: no server running on /tmp/tmux-501/t115f44898"
time=2026-08-21T18:18:51.294+08:00 level=DEBUG msg="discovery: skipping unreachable socket" socket=/tmp/tmux-501/t115g47728 err="query tmux on /tmp/tmux-501/t115g47728: exit status 1: no server running on /tmp/tmux-501/t115g47728"
time=2026-08-21T18:18:51.303+08:00 level=DEBUG msg="discovery: skipping unreachable socket" socket=/tmp/tmux-501/ta-0bafa3965ade err="query tmux on /tmp/tmux-501/ta-0bafa3965ade: exit status 1: no server running on /tmp/tmux-501/ta-0bafa3965ade"
time=2026-08-21T18:18:51.327+08:00 level=DEBUG msg="discovery: skipping unreachable socket" socket=/tmp/tmux-501/ta-61709dcf801e err="query tmux on /tmp/tmux-501/ta-61709dcf801e: exit status 1: no server running on /tmp/tmux-501/ta-61709dcf801e"
time=2026-08-21T18:18:51.346+08:00 level=DEBUG msg="discovery: skipping unparsable pane line" socket=/tmp/tmux-501/ta-a9fd5b7defbd line="team-refactor-maintainability|6|%39|/Users/alauda/Documents/code/agent前沿探索/多agent协作|bash|87458|t.p9.review 零上下文设计审查已通过<|eos|> - grok|235x50|tester-t124"
time=2026-08-21T18:18:51.363+08:00 level=DEBUG msg="discovery: skipping unreachable socket" socket=/tmp/tmux-501/ta-ed81bd4d8c17 err="query tmux on /tmp/tmux-501/ta-ed81bd4d8c17: exit status 1: no server running on /tmp/tmux-501/ta-ed81bd4d8c17"
time=2026-08-21T18:18:51.372+08:00 level=DEBUG msg="discovery: skipping unreachable socket" socket=/tmp/tmux-501/ta-f1ad1b378fc7 err="query tmux on /tmp/tmux-501/ta-f1ad1b378fc7: exit status 1: no server running on /tmp/tmux-501/ta-f1ad1b378fc7"
time=2026-08-21T18:18:51.388+08:00 level=DEBUG msg="discovery: skipping unreachable socket" socket=/tmp/tmux-501/ta-t121u01 err="query tmux on /tmp/tmux-501/ta-t121u01: exit status 1: no server running on /tmp/tmux-501/ta-t121u01"
time=2026-08-21T18:18:51.396+08:00 level=DEBUG msg="discovery: skipping unreachable socket" socket=/tmp/tmux-501/ta-t121u01b err="query tmux on /tmp/tmux-501/ta-t121u01b: exit status 1: no server running on /tmp/tmux-501/ta-t121u01b"
time=2026-08-21T18:18:51.404+08:00 level=DEBUG msg="discovery: skipping unreachable socket" socket=/tmp/tmux-501/ta-user-agents err="query tmux on /tmp/tmux-501/ta-user-agents: exit status 1: no server running on /tmp/tmux-501/ta-user-agents"
time=2026-08-21T18:18:53.589+08:00 level=DEBUG msg="listing: no changes"
time=2026-08-21T18:18:54.117+08:00 level=DEBUG msg="discovery: skipping unreachable socket" socket=/tmp/tmux-501/t115d24675 err="query tmux on /tmp/tmux-501/t115d24675: exit status 1: no server running on /tmp/tmux-501/t115d24675"
time=2026-08-21T18:18:54.126+08:00 level=DEBUG msg="discovery: skipping unreachable socket" socket=/tmp/tmux-501/t115e31319 err="query tmux on /tmp/tmux-501/t115e31319: exit status 1: no server running on /tmp/tmux-501/t115e31319"
time=2026-08-21T18:18:54.137+08:00 level=DEBUG msg="discovery: skipping unreachable socket" socket=/tmp/tmux-501/t115f44898 err="query tmux on /tmp/tmux-501/t115f44898: exit status 1: no server running on /tmp/tmux-501/t115f44898"
time=2026-08-21T18:18:54.145+08:00 level=DEBUG msg="discovery: skipping unreachable socket" socket=/tmp/tmux-501/t115g47728 err="query tmux on /tmp/tmux-501/t115g47728: exit status 1: no server running on /tmp/tmux-501/t115g47728"
time=2026-08-21T18:18:54.155+08:00 level=DEBUG msg="discovery: skipping unreachable socket" socket=/tmp/tmux-501/ta-0bafa3965ade err="query tmux on /tmp/tmux-501/ta-0bafa3965ade: exit status 1: no server running on /tmp/tmux-501/ta-0bafa3965ade"
time=2026-08-21T18:18:54.188+08:00 level=DEBUG msg="discovery: skipping unreachable socket" socket=/tmp/tmux-501/ta-61709dcf801e err="query tmux on /tmp/tmux-501/ta-61709dcf801e: exit status 1: no server running on /tmp/tmux-501/ta-61709dcf801e"
time=2026-08-21T18:18:54.206+08:00 level=DEBUG msg="discovery: skipping unparsable pane line" socket=/tmp/tmux-501/ta-a9fd5b7defbd line="team-refactor-maintainability|6|%39|/Users/alauda/Documents/code/agent前沿探索/多agent协作|bash|87458|t.p9.review 零上下文设计审查已通过<|eos|> - grok|235x50|tester-t124"
time=2026-08-21T18:18:54.226+08:00 level=DEBUG msg="discovery: skipping unreachable socket" socket=/tmp/tmux-501/ta-ed81bd4d8c17 err="query tmux on /tmp/tmux-501/ta-ed81bd4d8c17: exit status 1: no server running on /tmp/tmux-501/ta-ed81bd4d8c17"
time=2026-08-21T18:18:54.238+08:00 level=DEBUG msg="discovery: skipping unreachable socket" socket=/tmp/tmux-501/ta-f1ad1b378fc7 err="query tmux on /tmp/tmux-501/ta-f1ad1b378fc7: exit status 1: no server running on /tmp/tmux-501/ta-f1ad1b378fc7"
time=2026-08-21T18:18:54.255+08:00 level=DEBUG msg="discovery: skipping unreachable socket" socket=/tmp/tmux-501/ta-t121u01 err="query tmux on /tmp/tmux-501/ta-t121u01: exit status 1: no server running on /tmp/tmux-501/ta-t121u01"
time=2026-08-21T18:18:54.264+08:00 level=DEBUG msg="discovery: skipping unreachable socket" socket=/tmp/tmux-501/ta-t121u01b err="query tmux on /tmp/tmux-501/ta-t121u01b: exit status 1: no server running on /tmp/tmux-501/ta-t121u01b"
time=2026-08-21T18:18:54.280+08:00 level=DEBUG msg="discovery: skipping unreachable socket" socket=/tmp/tmux-501/ta-user-agents err="query tmux on /tmp/tmux-501/ta-user-agents: exit status 1: no server running on /tmp/tmux-501/ta-user-agents"
time=2026-08-21T18:18:56.515+08:00 level=DEBUG msg="listing: no changes"
time=2026-08-21T18:18:57.047+08:00 level=DEBUG msg="discovery: skipping unreachable socket" socket=/tmp/tmux-501/t115d24675 err="query tmux on /tmp/tmux-501/t115d24675: exit status 1: no server running on /tmp/tmux-501/t115d24675"
time=2026-08-21T18:18:57.055+08:00 level=DEBUG msg="discovery: skipping unreachable socket" socket=/tmp/tmux-501/t115e31319 err="query tmux on /tmp/tmux-501/t115e31319: exit status 1: no server running on /tmp/tmux-501/t115e31319"
time=2026-08-21T18:18:57.063+08:00 level=DEBUG msg="discovery: skipping unreachable socket" socket=/tmp/tmux-501/t115f44898 err="query tmux on /tmp/tmux-501/t115f44898: exit status 1: no server running on /tmp/tmux-501/t115f44898"
time=2026-08-21T18:18:57.076+08:00 level=DEBUG msg="discovery: skipping unreachable socket" socket=/tmp/tmux-501/t115g47728 err="query tmux on /tmp/tmux-501/t115g47728: exit status 1: no server running on /tmp/tmux-501/t115g47728"
time=2026-08-21T18:18:57.084+08:00 level=DEBUG msg="discovery: skipping unreachable socket" socket=/tmp/tmux-501/ta-0bafa3965ade err="query tmux on /tmp/tmux-501/ta-0bafa3965ade: exit status 1: no server running on /tmp/tmux-501/ta-0bafa3965ade"
time=2026-08-21T18:18:57.110+08:00 level=DEBUG msg="discovery: skipping unreachable socket" socket=/tmp/tmux-501/ta-61709dcf801e err="query tmux on /tmp/tmux-501/ta-61709dcf801e: exit status 1: no server running on /tmp/tmux-501/ta-61709dcf801e"
time=2026-08-21T18:18:57.132+08:00 level=DEBUG msg="discovery: skipping unparsable pane line" socket=/tmp/tmux-501/ta-a9fd5b7defbd line="team-refactor-maintainability|6|%39|/Users/alauda/Documents/code/agent前沿探索/多agent协作|bash|87458|t.p9.review 零上下文设计审查已通过<|eos|> - grok|235x50|tester-t124"
time=2026-08-21T18:18:57.150+08:00 level=DEBUG msg="discovery: skipping unreachable socket" socket=/tmp/tmux-501/ta-ed81bd4d8c17 err="query tmux on /tmp/tmux-501/ta-ed81bd4d8c17: exit status 1: no server running on /tmp/tmux-501/ta-ed81bd4d8c17"
time=2026-08-21T18:18:57.157+08:00 level=DEBUG msg="discovery: skipping unreachable socket" socket=/tmp/tmux-501/ta-f1ad1b378fc7 err="query tmux on /tmp/tmux-501/ta-f1ad1b378fc7: exit status 1: no server running on /tmp/tmux-501/ta-f1ad1b378fc7"
time=2026-08-21T18:18:57.174+08:00 level=DEBUG msg="discovery: skipping unreachable socket" socket=/tmp/tmux-501/ta-t121u01 err="query tmux on /tmp/tmux-501/ta-t121u01: exit status 1: no server running on /tmp/tmux-501/ta-t121u01"
time=2026-08-21T18:18:57.183+08:00 level=DEBUG msg="discovery: skipping unreachable socket" socket=/tmp/tmux-501/ta-t121u01b err="query tmux on /tmp/tmux-501/ta-t121u01b: exit status 1: no server running on /tmp/tmux-501/ta-t121u01b"
time=2026-08-21T18:18:57.191+08:00 level=DEBUG msg="discovery: skipping unreachable socket" socket=/tmp/tmux-501/ta-user-agents err="query tmux on /tmp/tmux-501/ta-user-agents: exit status 1: no server running on /tmp/tmux-501/ta-user-agents"
time=2026-08-21T18:18:59.431+08:00 level=DEBUG msg="listing: no changes"
time=2026-08-21T18:18:59.961+08:00 level=DEBUG msg="discovery: skipping unreachable socket" socket=/tmp/tmux-501/t115d24675 err="query tmux on /tmp/tmux-501/t115d24675: exit status 1: no server running on /tmp/tmux-501/t115d24675"
time=2026-08-21T18:18:59.969+08:00 level=DEBUG msg="discovery: skipping unreachable socket" socket=/tmp/tmux-501/t115e31319 err="query tmux on /tmp/tmux-501/t115e31319: exit status 1: no server running on /tmp/tmux-501/t115e31319"
time=2026-08-21T18:19:00.003+08:00 level=DEBUG msg="discovery: skipping unreachable socket" socket=/tmp/tmux-501/t115f44898 err="query tmux on /tmp/tmux-501/t115f44898: exit status 1: no server running on /tmp/tmux-501/t115f44898"
time=2026-08-21T18:19:00.026+08:00 level=DEBUG msg="discovery: skipping unreachable socket" socket=/tmp/tmux-501/t115g47728 err="query tmux on /tmp/tmux-501/t115g47728: exit status 1: no server running on /tmp/tmux-501/t115g47728"
time=2026-08-21T18:19:00.038+08:00 level=DEBUG msg="discovery: skipping unreachable socket" socket=/tmp/tmux-501/ta-0bafa3965ade err="query tmux on /tmp/tmux-501/ta-0bafa3965ade: exit status 1: no server running on /tmp/tmux-501/ta-0bafa3965ade"
time=2026-08-21T18:19:00.068+08:00 level=DEBUG msg="discovery: skipping unreachable socket" socket=/tmp/tmux-501/ta-61709dcf801e err="query tmux on /tmp/tmux-501/ta-61709dcf801e: exit status 1: no server running on /tmp/tmux-501/ta-61709dcf801e"
time=2026-08-21T18:19:00.089+08:00 level=DEBUG msg="discovery: skipping unparsable pane line" socket=/tmp/tmux-501/ta-a9fd5b7defbd line="team-refactor-maintainability|6|%39|/Users/alauda/Documents/code/agent前沿探索/多agent协作|bash|87458|t.p9.review 零上下文设计审查已通过<|eos|> - grok|235x50|tester-t124"
time=2026-08-21T18:19:00.109+08:00 level=DEBUG msg="discovery: skipping unreachable socket" socket=/tmp/tmux-501/ta-ed81bd4d8c17 err="query tmux on /tmp/tmux-501/ta-ed81bd4d8c17: exit status 1: no server running on /tmp/tmux-501/ta-ed81bd4d8c17"
time=2026-08-21T18:19:00.118+08:00 level=DEBUG msg="discovery: skipping unreachable socket" socket=/tmp/tmux-501/ta-f1ad1b378fc7 err="query tmux on /tmp/tmux-501/ta-f1ad1b378fc7: exit status 1: no server running on /tmp/tmux-501/ta-f1ad1b378fc7"
time=2026-08-21T18:19:00.138+08:00 level=DEBUG msg="discovery: skipping unreachable socket" socket=/tmp/tmux-501/ta-t121u01 err="query tmux on /tmp/tmux-501/ta-t121u01: exit status 1: no server running on /tmp/tmux-501/ta-t121u01"
time=2026-08-21T18:19:00.149+08:00 level=DEBUG msg="discovery: skipping unreachable socket" socket=/tmp/tmux-501/ta-t121u01b err="query tmux on /tmp/tmux-501/ta-t121u01b: exit status 1: no server running on /tmp/tmux-501/ta-t121u01b"
time=2026-08-21T18:19:00.161+08:00 level=DEBUG msg="discovery: skipping unreachable socket" socket=/tmp/tmux-501/ta-user-agents err="query tmux on /tmp/tmux-501/ta-user-agents: exit status 1: no server running on /tmp/tmux-501/ta-user-agents"
time=2026-08-21T18:19:02.341+08:00 level=DEBUG msg="listing: no changes"
time=2026-08-21T18:19:02.871+08:00 level=DEBUG msg="discovery: skipping unreachable socket" socket=/tmp/tmux-501/t115d24675 err="query tmux on /tmp/tmux-501/t115d24675: exit status 1: no server running on /tmp/tmux-501/t115d24675"
time=2026-08-21T18:19:02.880+08:00 level=DEBUG msg="discovery: skipping unreachable socket" socket=/tmp/tmux-501/t115e31319 err="query tmux on /tmp/tmux-501/t115e31319: exit status 1: no server running on /tmp/tmux-501/t115e31319"
time=2026-08-21T18:19:02.888+08:00 level=DEBUG msg="discovery: skipping unreachable socket" socket=/tmp/tmux-501/t115f44898 err="query tmux on /tmp/tmux-501/t115f44898: exit status 1: no server running on /tmp/tmux-501/t115f44898"
time=2026-08-21T18:19:02.896+08:00 level=DEBUG msg="discovery: skipping unreachable socket" socket=/tmp/tmux-501/t115g47728 err="query tmux on /tmp/tmux-501/t115g47728: exit status 1: no server running on /tmp/tmux-501/t115g47728"
time=2026-08-21T18:19:02.906+08:00 level=DEBUG msg="discovery: skipping unreachable socket" socket=/tmp/tmux-501/ta-0bafa3965ade err="query tmux on /tmp/tmux-501/ta-0bafa3965ade: exit status 1: no server running on /tmp/tmux-501/ta-0bafa3965ade"
time=2026-08-21T18:19:02.931+08:00 level=DEBUG msg="discovery: skipping unreachable socket" socket=/tmp/tmux-501/ta-61709dcf801e err="query tmux on /tmp/tmux-501/ta-61709dcf801e: exit status 1: no server running on /tmp/tmux-501/ta-61709dcf801e"
time=2026-08-21T18:19:02.949+08:00 level=DEBUG msg="discovery: skipping unparsable pane line" socket=/tmp/tmux-501/ta-a9fd5b7defbd line="team-refactor-maintainability|6|%39|/Users/alauda/Documents/code/agent前沿探索/多agent协作|bash|87458|t.p9.review 零上下文设计审查已通过<|eos|> - grok|235x50|tester-t124"
time=2026-08-21T18:19:02.967+08:00 level=DEBUG msg="discovery: skipping unreachable socket" socket=/tmp/tmux-501/ta-ed81bd4d8c17 err="query tmux on /tmp/tmux-501/ta-ed81bd4d8c17: exit status 1: no server running on /tmp/tmux-501/ta-ed81bd4d8c17"
time=2026-08-21T18:19:02.975+08:00 level=DEBUG msg="discovery: skipping unreachable socket" socket=/tmp/tmux-501/ta-f1ad1b378fc7 err="query tmux on /tmp/tmux-501/ta-f1ad1b378fc7: exit status 1: no server running on /tmp/tmux-501/ta-f1ad1b378fc7"
time=2026-08-21T18:19:02.992+08:00 level=DEBUG msg="discovery: skipping unreachable socket" socket=/tmp/tmux-501/ta-t121u01 err="query tmux on /tmp/tmux-501/ta-t121u01: exit status 1: no server running on /tmp/tmux-501/ta-t121u01"
time=2026-08-21T18:19:03.000+08:00 level=DEBUG msg="discovery: skipping unreachable socket" socket=/tmp/tmux-501/ta-t121u01b err="query tmux on /tmp/tmux-501/ta-t121u01b: exit status 1: no server running on /tmp/tmux-501/ta-t121u01b"
time=2026-08-21T18:19:03.007+08:00 level=DEBUG msg="discovery: skipping unreachable socket" socket=/tmp/tmux-501/ta-user-agents err="query tmux on /tmp/tmux-501/ta-user-agents: exit status 1: no server running on /tmp/tmux-501/ta-user-agents"
time=2026-08-21T18:19:05.242+08:00 level=DEBUG msg="listing: no changes"
time=2026-08-21T18:19:05.779+08:00 level=DEBUG msg="discovery: skipping unreachable socket" socket=/tmp/tmux-501/t115d24675 err="query tmux on /tmp/tmux-501/t115d24675: exit status 1: no server running on /tmp/tmux-501/t115d24675"
time=2026-08-21T18:19:05.788+08:00 level=DEBUG msg="discovery: skipping unreachable socket" socket=/tmp/tmux-501/t115e31319 err="query tmux on /tmp/tmux-501/t115e31319: exit status 1: no server running on /tmp/tmux-501/t115e31319"
time=2026-08-21T18:19:05.802+08:00 level=DEBUG msg="discovery: skipping unreachable socket" socket=/tmp/tmux-501/t115f44898 err="query tmux on /tmp/tmux-501/t115f44898: exit status 1: no server running on /tmp/tmux-501/t115f44898"
time=2026-08-21T18:19:05.812+08:00 level=DEBUG msg="discovery: skipping unreachable socket" socket=/tmp/tmux-501/t115g47728 err="query tmux on /tmp/tmux-501/t115g47728: exit status 1: no server running on /tmp/tmux-501/t115g47728"
time=2026-08-21T18:19:05.820+08:00 level=DEBUG msg="discovery: skipping unreachable socket" socket=/tmp/tmux-501/ta-0bafa3965ade err="query tmux on /tmp/tmux-501/ta-0bafa3965ade: exit status 1: no server running on /tmp/tmux-501/ta-0bafa3965ade"
time=2026-08-21T18:19:05.853+08:00 level=DEBUG msg="discovery: skipping unreachable socket" socket=/tmp/tmux-501/ta-61709dcf801e err="query tmux on /tmp/tmux-501/ta-61709dcf801e: exit status 1: no server running on /tmp/tmux-501/ta-61709dcf801e"
time=2026-08-21T18:19:05.878+08:00 level=DEBUG msg="discovery: skipping unparsable pane line" socket=/tmp/tmux-501/ta-a9fd5b7defbd line="team-refactor-maintainability|6|%39|/Users/alauda/Documents/code/agent前沿探索/多agent协作|bash|87458|t.p9.review 零上下文设计审查已通过<|eos|> - grok|235x50|tester-t124"
time=2026-08-21T18:19:05.895+08:00 level=DEBUG msg="discovery: skipping unreachable socket" socket=/tmp/tmux-501/ta-ed81bd4d8c17 err="query tmux on /tmp/tmux-501/ta-ed81bd4d8c17: exit status 1: no server running on /tmp/tmux-501/ta-ed81bd4d8c17"
time=2026-08-21T18:19:05.905+08:00 level=DEBUG msg="discovery: skipping unreachable socket" socket=/tmp/tmux-501/ta-f1ad1b378fc7 err="query tmux on /tmp/tmux-501/ta-f1ad1b378fc7: exit status 1: no server running on /tmp/tmux-501/ta-f1ad1b378fc7"
time=2026-08-21T18:19:05.925+08:00 level=DEBUG msg="discovery: skipping unreachable socket" socket=/tmp/tmux-501/ta-t121u01 err="query tmux on /tmp/tmux-501/ta-t121u01: exit status 1: no server running on /tmp/tmux-501/ta-t121u01"
time=2026-08-21T18:19:05.936+08:00 level=DEBUG msg="discovery: skipping unreachable socket" socket=/tmp/tmux-501/ta-t121u01b err="query tmux on /tmp/tmux-501/ta-t121u01b: exit status 1: no server running on /tmp/tmux-501/ta-t121u01b"
time=2026-08-21T18:19:05.945+08:00 level=DEBUG msg="discovery: skipping unreachable socket" socket=/tmp/tmux-501/ta-user-agents err="query tmux on /tmp/tmux-501/ta-user-agents: exit status 1: no server running on /tmp/tmux-501/ta-user-agents"
time=2026-08-21T18:19:08.212+08:00 level=DEBUG msg="listing: no changes"
time=2026-08-21T18:19:08.740+08:00 level=DEBUG msg="discovery: skipping unreachable socket" socket=/tmp/tmux-501/t115d24675 err="query tmux on /tmp/tmux-501/t115d24675: exit status 1: no server running on /tmp/tmux-501/t115d24675"
time=2026-08-21T18:19:08.749+08:00 level=DEBUG msg="discovery: skipping unreachable socket" socket=/tmp/tmux-501/t115e31319 err="query tmux on /tmp/tmux-501/t115e31319: exit status 1: no server running on /tmp/tmux-501/t115e31319"
time=2026-08-21T18:19:08.757+08:00 level=DEBUG msg="discovery: skipping unreachable socket" socket=/tmp/tmux-501/t115f44898 err="query tmux on /tmp/tmux-501/t115f44898: exit status 1: no server running on /tmp/tmux-501/t115f44898"
time=2026-08-21T18:19:08.765+08:00 level=DEBUG msg="discovery: skipping unreachable socket" socket=/tmp/tmux-501/t115g47728 err="query tmux on /tmp/tmux-501/t115g47728: exit status 1: no server running on /tmp/tmux-501/t115g47728"
time=2026-08-21T18:19:08.774+08:00 level=DEBUG msg="discovery: skipping unreachable socket" socket=/tmp/tmux-501/ta-0bafa3965ade err="query tmux on /tmp/tmux-501/ta-0bafa3965ade: exit status 1: no server running on /tmp/tmux-501/ta-0bafa3965ade"
time=2026-08-21T18:19:08.800+08:00 level=DEBUG msg="discovery: skipping unreachable socket" socket=/tmp/tmux-501/ta-61709dcf801e err="query tmux on /tmp/tmux-501/ta-61709dcf801e: exit status 1: no server running on /tmp/tmux-501/ta-61709dcf801e"
time=2026-08-21T18:19:08.818+08:00 level=DEBUG msg="discovery: skipping unparsable pane line" socket=/tmp/tmux-501/ta-a9fd5b7defbd line="team-refactor-maintainability|6|%39|/Users/alauda/Documents/code/agent前沿探索/多agent协作|bash|87458|t.p9.review 零上下文设计审查已通过<|eos|> - grok|235x50|tester-t124"
time=2026-08-21T18:19:08.836+08:00 level=DEBUG msg="discovery: skipping unreachable socket" socket=/tmp/tmux-501/ta-ed81bd4d8c17 err="query tmux on /tmp/tmux-501/ta-ed81bd4d8c17: exit status 1: no server running on /tmp/tmux-501/ta-ed81bd4d8c17"
time=2026-08-21T18:19:08.844+08:00 level=DEBUG msg="discovery: skipping unreachable socket" socket=/tmp/tmux-501/ta-f1ad1b378fc7 err="query tmux on /tmp/tmux-501/ta-f1ad1b378fc7: exit status 1: no server running on /tmp/tmux-501/ta-f1ad1b378fc7"
time=2026-08-21T18:19:08.860+08:00 level=DEBUG msg="discovery: skipping unreachable socket" socket=/tmp/tmux-501/ta-t121u01 err="query tmux on /tmp/tmux-501/ta-t121u01: exit status 1: no server running on /tmp/tmux-501/ta-t121u01"
time=2026-08-21T18:19:08.868+08:00 level=DEBUG msg="discovery: skipping unreachable socket" socket=/tmp/tmux-501/ta-t121u01b err="query tmux on /tmp/tmux-501/ta-t121u01b: exit status 1: no server running on /tmp/tmux-501/ta-t121u01b"
time=2026-08-21T18:19:08.878+08:00 level=DEBUG msg="discovery: skipping unreachable socket" socket=/tmp/tmux-501/ta-user-agents err="query tmux on /tmp/tmux-501/ta-user-agents: exit status 1: no server running on /tmp/tmux-501/ta-user-agents"
time=2026-08-21T18:19:11.038+08:00 level=DEBUG msg="listing: no changes"
time=2026-08-21T18:19:11.568+08:00 level=DEBUG msg="discovery: skipping unreachable socket" socket=/tmp/tmux-501/t115d24675 err="query tmux on /tmp/tmux-501/t115d24675: exit status 1: no server running on /tmp/tmux-501/t115d24675"
time=2026-08-21T18:19:11.576+08:00 level=DEBUG msg="discovery: skipping unreachable socket" socket=/tmp/tmux-501/t115e31319 err="query tmux on /tmp/tmux-501/t115e31319: exit status 1: no server running on /tmp/tmux-501/t115e31319"
time=2026-08-21T18:19:11.584+08:00 level=DEBUG msg="discovery: skipping unreachable socket" socket=/tmp/tmux-501/t115f44898 err="query tmux on /tmp/tmux-501/t115f44898: exit status 1: no server running on /tmp/tmux-501/t115f44898"
time=2026-08-21T18:19:11.592+08:00 level=DEBUG msg="discovery: skipping unreachable socket" socket=/tmp/tmux-501/t115g47728 err="query tmux on /tmp/tmux-501/t115g47728: exit status 1: no server running on /tmp/tmux-501/t115g47728"
time=2026-08-21T18:19:11.601+08:00 level=DEBUG msg="discovery: skipping unreachable socket" socket=/tmp/tmux-501/ta-0bafa3965ade err="query tmux on /tmp/tmux-501/ta-0bafa3965ade: exit status 1: no server running on /tmp/tmux-501/ta-0bafa3965ade"
time=2026-08-21T18:19:11.627+08:00 level=DEBUG msg="discovery: skipping unreachable socket" socket=/tmp/tmux-501/ta-61709dcf801e err="query tmux on /tmp/tmux-501/ta-61709dcf801e: exit status 1: no server running on /tmp/tmux-501/ta-61709dcf801e"
time=2026-08-21T18:19:11.646+08:00 level=DEBUG msg="discovery: skipping unparsable pane line" socket=/tmp/tmux-501/ta-a9fd5b7defbd line="team-refactor-maintainability|6|%39|/Users/alauda/Documents/code/agent前沿探索/多agent协作|bash|87458|t.p9.review 零上下文设计审查已通过<|eos|> - grok|235x50|tester-t124"
time=2026-08-21T18:19:11.665+08:00 level=DEBUG msg="discovery: skipping unreachable socket" socket=/tmp/tmux-501/ta-ed81bd4d8c17 err="query tmux on /tmp/tmux-501/ta-ed81bd4d8c17: exit status 1: no server running on /tmp/tmux-501/ta-ed81bd4d8c17"
time=2026-08-21T18:19:11.673+08:00 level=DEBUG msg="discovery: skipping unreachable socket" socket=/tmp/tmux-501/ta-f1ad1b378fc7 err="query tmux on /tmp/tmux-501/ta-f1ad1b378fc7: exit status 1: no server running on /tmp/tmux-501/ta-f1ad1b378fc7"
time=2026-08-21T18:19:11.693+08:00 level=DEBUG msg="discovery: skipping unreachable socket" socket=/tmp/tmux-501/ta-t121u01 err="query tmux on /tmp/tmux-501/ta-t121u01: exit status 1: no server running on /tmp/tmux-501/ta-t121u01"
time=2026-08-21T18:19:11.709+08:00 level=DEBUG msg="discovery: skipping unreachable socket" socket=/tmp/tmux-501/ta-t121u01b err="query tmux on /tmp/tmux-501/ta-t121u01b: exit status 1: no server running on /tmp/tmux-501/ta-t121u01b"
time=2026-08-21T18:19:11.717+08:00 level=DEBUG msg="discovery: skipping unreachable socket" socket=/tmp/tmux-501/ta-user-agents err="query tmux on /tmp/tmux-501/ta-user-agents: exit status 1: no server running on /tmp/tmux-501/ta-user-agents"
time=2026-08-21T18:19:13.953+08:00 level=DEBUG msg="listing: no changes"
time=2026-08-21T18:19:14.480+08:00 level=DEBUG msg="discovery: skipping unreachable socket" socket=/tmp/tmux-501/t115d24675 err="query tmux on /tmp/tmux-501/t115d24675: exit status 1: no server running on /tmp/tmux-501/t115d24675"
time=2026-08-21T18:19:14.488+08:00 level=DEBUG msg="discovery: skipping unreachable socket" socket=/tmp/tmux-501/t115e31319 err="query tmux on /tmp/tmux-501/t115e31319: exit status 1: no server running on /tmp/tmux-501/t115e31319"
time=2026-08-21T18:19:14.496+08:00 level=DEBUG msg="discovery: skipping unreachable socket" socket=/tmp/tmux-501/t115f44898 err="query tmux on /tmp/tmux-501/t115f44898: exit status 1: no server running on /tmp/tmux-501/t115f44898"
time=2026-08-21T18:19:14.504+08:00 level=DEBUG msg="discovery: skipping unreachable socket" socket=/tmp/tmux-501/t115g47728 err="query tmux on /tmp/tmux-501/t115g47728: exit status 1: no server running on /tmp/tmux-501/t115g47728"
time=2026-08-21T18:19:14.513+08:00 level=DEBUG msg="discovery: skipping unreachable socket" socket=/tmp/tmux-501/ta-0bafa3965ade err="query tmux on /tmp/tmux-501/ta-0bafa3965ade: exit status 1: no server running on /tmp/tmux-501/ta-0bafa3965ade"
time=2026-08-21T18:19:14.538+08:00 level=DEBUG msg="discovery: skipping unreachable socket" socket=/tmp/tmux-501/ta-61709dcf801e err="query tmux on /tmp/tmux-501/ta-61709dcf801e: exit status 1: no server running on /tmp/tmux-501/ta-61709dcf801e"
time=2026-08-21T18:19:14.557+08:00 level=DEBUG msg="discovery: skipping unparsable pane line" socket=/tmp/tmux-501/ta-a9fd5b7defbd line="team-refactor-maintainability|6|%39|/Users/alauda/Documents/code/agent前沿探索/多agent协作|bash|87458|t.p9.review 零上下文设计审查已通过<|eos|> - grok|235x50|tester-t124"
time=2026-08-21T18:19:14.575+08:00 level=DEBUG msg="discovery: skipping unreachable socket" socket=/tmp/tmux-501/ta-ed81bd4d8c17 err="query tmux on /tmp/tmux-501/ta-ed81bd4d8c17: exit status 1: no server running on /tmp/tmux-501/ta-ed81bd4d8c17"
time=2026-08-21T18:19:14.583+08:00 level=DEBUG msg="discovery: skipping unreachable socket" socket=/tmp/tmux-501/ta-f1ad1b378fc7 err="query tmux on /tmp/tmux-501/ta-f1ad1b378fc7: exit status 1: no server running on /tmp/tmux-501/ta-f1ad1b378fc7"
time=2026-08-21T18:19:14.599+08:00 level=DEBUG msg="discovery: skipping unreachable socket" socket=/tmp/tmux-501/ta-t121u01 err="query tmux on /tmp/tmux-501/ta-t121u01: exit status 1: no server running on /tmp/tmux-501/ta-t121u01"
time=2026-08-21T18:19:14.608+08:00 level=DEBUG msg="discovery: skipping unreachable socket" socket=/tmp/tmux-501/ta-t121u01b err="query tmux on /tmp/tmux-501/ta-t121u01b: exit status 1: no server running on /tmp/tmux-501/ta-t121u01b"
time=2026-08-21T18:19:14.616+08:00 level=DEBUG msg="discovery: skipping unreachable socket" socket=/tmp/tmux-501/ta-user-agents err="query tmux on /tmp/tmux-501/ta-user-agents: exit status 1: no server running on /tmp/tmux-501/ta-user-agents"
time=2026-08-21T18:19:16.790+08:00 level=INFO msg="ws: sendq health" conn=1 conn.deltas_dropped=0 conn.snapshots_pushed=0 conn.snapshots_from_resize=0 conn.snapshots_from_subscribe=0 conn.frames_sent=0 total.deltas_dropped=0 total.snapshots_pushed=0 total.snapshots_from_resize=0 total.subscribes=0 total.snapshots_from_subscribe=0 total.connections=1 total.queue_peak=0 total.frames_sent=0 close_reason="read_error: failed to get reader: failed to read frame header: EOF"
time=2026-08-21T18:19:16.971+08:00 level=DEBUG msg="listing: no changes"
time=2026-08-21T18:19:18.906+08:00 level=DEBUG msg="discovery: skipping unreachable socket" socket=/tmp/tmux-501/t115d24675 err="query tmux on /tmp/tmux-501/t115d24675: exit status 1: no server running on /tmp/tmux-501/t115d24675"
time=2026-08-21T18:19:18.918+08:00 level=DEBUG msg="discovery: skipping unreachable socket" socket=/tmp/tmux-501/t115e31319 err="query tmux on /tmp/tmux-501/t115e31319: exit status 1: no server running on /tmp/tmux-501/t115e31319"
time=2026-08-21T18:19:18.918+08:00 level=DEBUG msg="discovery: skipping unreachable socket" socket=/tmp/tmux-501/t115d24675 err="query tmux on /tmp/tmux-501/t115d24675: exit status 1: no server running on /tmp/tmux-501/t115d24675"
time=2026-08-21T18:19:18.930+08:00 level=DEBUG msg="discovery: skipping unreachable socket" socket=/tmp/tmux-501/t115f44898 err="query tmux on /tmp/tmux-501/t115f44898: exit status 1: no server running on /tmp/tmux-501/t115f44898"
time=2026-08-21T18:19:18.930+08:00 level=DEBUG msg="discovery: skipping unreachable socket" socket=/tmp/tmux-501/t115e31319 err="query tmux on /tmp/tmux-501/t115e31319: exit status 1: no server running on /tmp/tmux-501/t115e31319"
time=2026-08-21T18:19:18.939+08:00 level=DEBUG msg="discovery: skipping unreachable socket" socket=/tmp/tmux-501/t115g47728 err="query tmux on /tmp/tmux-501/t115g47728: exit status 1: no server running on /tmp/tmux-501/t115g47728"
time=2026-08-21T18:19:18.939+08:00 level=DEBUG msg="discovery: skipping unreachable socket" socket=/tmp/tmux-501/t115f44898 err="query tmux on /tmp/tmux-501/t115f44898: exit status 1: no server running on /tmp/tmux-501/t115f44898"
time=2026-08-21T18:19:18.948+08:00 level=DEBUG msg="discovery: skipping unreachable socket" socket=/tmp/tmux-501/t115g47728 err="query tmux on /tmp/tmux-501/t115g47728: exit status 1: no server running on /tmp/tmux-501/t115g47728"
time=2026-08-21T18:19:18.948+08:00 level=DEBUG msg="discovery: skipping unreachable socket" socket=/tmp/tmux-501/ta-0bafa3965ade err="query tmux on /tmp/tmux-501/ta-0bafa3965ade: exit status 1: no server running on /tmp/tmux-501/ta-0bafa3965ade"
time=2026-08-21T18:19:18.958+08:00 level=DEBUG msg="discovery: skipping unreachable socket" socket=/tmp/tmux-501/ta-0bafa3965ade err="query tmux on /tmp/tmux-501/ta-0bafa3965ade: exit status 1: no server running on /tmp/tmux-501/ta-0bafa3965ade"
time=2026-08-21T18:19:18.979+08:00 level=DEBUG msg="discovery: skipping unreachable socket" socket=/tmp/tmux-501/ta-61709dcf801e err="query tmux on /tmp/tmux-501/ta-61709dcf801e: exit status 1: no server running on /tmp/tmux-501/ta-61709dcf801e"
time=2026-08-21T18:19:18.987+08:00 level=DEBUG msg="discovery: skipping unreachable socket" socket=/tmp/tmux-501/ta-61709dcf801e err="query tmux on /tmp/tmux-501/ta-61709dcf801e: exit status 1: no server running on /tmp/tmux-501/ta-61709dcf801e"
time=2026-08-21T18:19:18.998+08:00 level=DEBUG msg="discovery: skipping unparsable pane line" socket=/tmp/tmux-501/ta-a9fd5b7defbd line="team-refactor-maintainability|6|%39|/Users/alauda/Documents/code/agent前沿探索/多agent协作|bash|87458|t.p9.review 零上下文设计审查已通过<|eos|> - grok|235x50|tester-t124"
time=2026-08-21T18:19:19.008+08:00 level=DEBUG msg="discovery: skipping unparsable pane line" socket=/tmp/tmux-501/ta-a9fd5b7defbd line="team-refactor-maintainability|6|%39|/Users/alauda/Documents/code/agent前沿探索/多agent协作|bash|87458|t.p9.review 零上下文设计审查已通过<|eos|> - grok|235x50|tester-t124"
time=2026-08-21T18:19:19.017+08:00 level=DEBUG msg="discovery: skipping unreachable socket" socket=/tmp/tmux-501/ta-ed81bd4d8c17 err="query tmux on /tmp/tmux-501/ta-ed81bd4d8c17: exit status 1: no server running on /tmp/tmux-501/ta-ed81bd4d8c17"
time=2026-08-21T18:19:19.027+08:00 level=DEBUG msg="discovery: skipping unreachable socket" socket=/tmp/tmux-501/ta-ed81bd4d8c17 err="query tmux on /tmp/tmux-501/ta-ed81bd4d8c17: exit status 1: no server running on /tmp/tmux-501/ta-ed81bd4d8c17"
time=2026-08-21T18:19:19.027+08:00 level=DEBUG msg="discovery: skipping unreachable socket" socket=/tmp/tmux-501/ta-f1ad1b378fc7 err="query tmux on /tmp/tmux-501/ta-f1ad1b378fc7: exit status 1: no server running on /tmp/tmux-501/ta-f1ad1b378fc7"
time=2026-08-21T18:19:19.037+08:00 level=DEBUG msg="discovery: skipping unreachable socket" socket=/tmp/tmux-501/ta-f1ad1b378fc7 err="query tmux on /tmp/tmux-501/ta-f1ad1b378fc7: exit status 1: no server running on /tmp/tmux-501/ta-f1ad1b378fc7"
time=2026-08-21T18:19:19.046+08:00 level=DEBUG msg="discovery: skipping unreachable socket" socket=/tmp/tmux-501/ta-t121u01 err="query tmux on /tmp/tmux-501/ta-t121u01: exit status 1: no server running on /tmp/tmux-501/ta-t121u01"
time=2026-08-21T18:19:19.055+08:00 level=DEBUG msg="discovery: skipping unreachable socket" socket=/tmp/tmux-501/ta-t121u01 err="query tmux on /tmp/tmux-501/ta-t121u01: exit status 1: no server running on /tmp/tmux-501/ta-t121u01"
time=2026-08-21T18:19:19.055+08:00 level=DEBUG msg="discovery: skipping unreachable socket" socket=/tmp/tmux-501/ta-t121u01b err="query tmux on /tmp/tmux-501/ta-t121u01b: exit status 1: no server running on /tmp/tmux-501/ta-t121u01b"
time=2026-08-21T18:19:19.064+08:00 level=DEBUG msg="discovery: skipping unreachable socket" socket=/tmp/tmux-501/ta-t121u01b err="query tmux on /tmp/tmux-501/ta-t121u01b: exit status 1: no server running on /tmp/tmux-501/ta-t121u01b"
time=2026-08-21T18:19:19.064+08:00 level=DEBUG msg="discovery: skipping unreachable socket" socket=/tmp/tmux-501/ta-user-agents err="query tmux on /tmp/tmux-501/ta-user-agents: exit status 1: no server running on /tmp/tmux-501/ta-user-agents"
time=2026-08-21T18:19:19.073+08:00 level=DEBUG msg="discovery: skipping unreachable socket" socket=/tmp/tmux-501/ta-user-agents err="query tmux on /tmp/tmux-501/ta-user-agents: exit status 1: no server running on /tmp/tmux-501/ta-user-agents"
time=2026-08-21T18:19:23.422+08:00 level=DEBUG msg="listing: no changes"
time=2026-08-21T18:19:23.613+08:00 level=DEBUG msg="listing: no changes"
time=2026-08-21T18:19:23.613+08:00 level=INFO msg="listing: refresh on open" req_id=1 had_cache=true prev_seq=1 prev_sessions=48 cur_sessions=48 cur_seq=1 refresh_err=""
time=2026-08-21T18:19:23.954+08:00 level=DEBUG msg="discovery: skipping unreachable socket" socket=/tmp/tmux-501/t115d24675 err="query tmux on /tmp/tmux-501/t115d24675: exit status 1: no server running on /tmp/tmux-501/t115d24675"
time=2026-08-21T18:19:23.964+08:00 level=DEBUG msg="discovery: skipping unreachable socket" socket=/tmp/tmux-501/t115e31319 err="query tmux on /tmp/tmux-501/t115e31319: exit status 1: no server running on /tmp/tmux-501/t115e31319"
time=2026-08-21T18:19:23.974+08:00 level=DEBUG msg="discovery: skipping unreachable socket" socket=/tmp/tmux-501/t115f44898 err="query tmux on /tmp/tmux-501/t115f44898: exit status 1: no server running on /tmp/tmux-501/t115f44898"
time=2026-08-21T18:19:23.986+08:00 level=DEBUG msg="discovery: skipping unreachable socket" socket=/tmp/tmux-501/t115g47728 err="query tmux on /tmp/tmux-501/t115g47728: exit status 1: no server running on /tmp/tmux-501/t115g47728"
time=2026-08-21T18:19:24.000+08:00 level=DEBUG msg="discovery: skipping unreachable socket" socket=/tmp/tmux-501/ta-0bafa3965ade err="query tmux on /tmp/tmux-501/ta-0bafa3965ade: exit status 1: no server running on /tmp/tmux-501/ta-0bafa3965ade"
time=2026-08-21T18:19:24.035+08:00 level=DEBUG msg="discovery: skipping unreachable socket" socket=/tmp/tmux-501/ta-61709dcf801e err="query tmux on /tmp/tmux-501/ta-61709dcf801e: exit status 1: no server running on /tmp/tmux-501/ta-61709dcf801e"
time=2026-08-21T18:19:24.059+08:00 level=DEBUG msg="discovery: skipping unparsable pane line" socket=/tmp/tmux-501/ta-a9fd5b7defbd line="team-refactor-maintainability|6|%39|/Users/alauda/Documents/code/agent前沿探索/多agent协作|bash|87458|t.p9.review 零上下文设计审查已通过<|eos|> - grok|235x50|tester-t124"
time=2026-08-21T18:19:24.080+08:00 level=DEBUG msg="discovery: skipping unreachable socket" socket=/tmp/tmux-501/ta-ed81bd4d8c17 err="query tmux on /tmp/tmux-501/ta-ed81bd4d8c17: exit status 1: no server running on /tmp/tmux-501/ta-ed81bd4d8c17"
time=2026-08-21T18:19:24.091+08:00 level=DEBUG msg="discovery: skipping unreachable socket" socket=/tmp/tmux-501/ta-f1ad1b378fc7 err="query tmux on /tmp/tmux-501/ta-f1ad1b378fc7: exit status 1: no server running on /tmp/tmux-501/ta-f1ad1b378fc7"
time=2026-08-21T18:19:24.129+08:00 level=DEBUG msg="discovery: skipping unreachable socket" socket=/tmp/tmux-501/ta-t121u01 err="query tmux on /tmp/tmux-501/ta-t121u01: exit status 1: no server running on /tmp/tmux-501/ta-t121u01"
time=2026-08-21T18:19:24.140+08:00 level=DEBUG msg="discovery: skipping unreachable socket" socket=/tmp/tmux-501/ta-t121u01b err="query tmux on /tmp/tmux-501/ta-t121u01b: exit status 1: no server running on /tmp/tmux-501/ta-t121u01b"
time=2026-08-21T18:19:24.151+08:00 level=DEBUG msg="discovery: skipping unreachable socket" socket=/tmp/tmux-501/ta-user-agents err="query tmux on /tmp/tmux-501/ta-user-agents: exit status 1: no server running on /tmp/tmux-501/ta-user-agents"
time=2026-08-21T18:19:26.288+08:00 level=DEBUG msg="discovery: skipping unreachable socket" socket=/tmp/tmux-501/t115d24675 err="query tmux on /tmp/tmux-501/t115d24675: exit status 1: no server running on /tmp/tmux-501/t115d24675"
time=2026-08-21T18:19:26.295+08:00 level=DEBUG msg="discovery: skipping unreachable socket" socket=/tmp/tmux-501/t115d24675 err="query tmux on /tmp/tmux-501/t115d24675: exit status 1: no server running on /tmp/tmux-501/t115d24675"
time=2026-08-21T18:19:26.299+08:00 level=DEBUG msg="discovery: skipping unreachable socket" socket=/tmp/tmux-501/t115e31319 err="query tmux on /tmp/tmux-501/t115e31319: exit status 1: no server running on /tmp/tmux-501/t115e31319"
time=2026-08-21T18:19:26.305+08:00 level=DEBUG msg="discovery: skipping unreachable socket" socket=/tmp/tmux-501/t115e31319 err="query tmux on /tmp/tmux-501/t115e31319: exit status 1: no server running on /tmp/tmux-501/t115e31319"
time=2026-08-21T18:19:26.309+08:00 level=DEBUG msg="discovery: skipping unreachable socket" socket=/tmp/tmux-501/t115f44898 err="query tmux on /tmp/tmux-501/t115f44898: exit status 1: no server running on /tmp/tmux-501/t115f44898"
time=2026-08-21T18:19:26.315+08:00 level=DEBUG msg="discovery: skipping unreachable socket" socket=/tmp/tmux-501/t115f44898 err="query tmux on /tmp/tmux-501/t115f44898: exit status 1: no server running on /tmp/tmux-501/t115f44898"
time=2026-08-21T18:19:26.323+08:00 level=DEBUG msg="discovery: skipping unreachable socket" socket=/tmp/tmux-501/t115g47728 err="query tmux on /tmp/tmux-501/t115g47728: exit status 1: no server running on /tmp/tmux-501/t115g47728"
time=2026-08-21T18:19:26.331+08:00 level=DEBUG msg="discovery: skipping unreachable socket" socket=/tmp/tmux-501/t115g47728 err="query tmux on /tmp/tmux-501/t115g47728: exit status 1: no server running on /tmp/tmux-501/t115g47728"
time=2026-08-21T18:19:26.335+08:00 level=DEBUG msg="discovery: skipping unreachable socket" socket=/tmp/tmux-501/ta-0bafa3965ade err="query tmux on /tmp/tmux-501/ta-0bafa3965ade: exit status 1: no server running on /tmp/tmux-501/ta-0bafa3965ade"
time=2026-08-21T18:19:26.341+08:00 level=DEBUG msg="discovery: skipping unreachable socket" socket=/tmp/tmux-501/ta-0bafa3965ade err="query tmux on /tmp/tmux-501/ta-0bafa3965ade: exit status 1: no server running on /tmp/tmux-501/ta-0bafa3965ade"
time=2026-08-21T18:19:26.363+08:00 level=DEBUG msg="discovery: skipping unreachable socket" socket=/tmp/tmux-501/ta-61709dcf801e err="query tmux on /tmp/tmux-501/ta-61709dcf801e: exit status 1: no server running on /tmp/tmux-501/ta-61709dcf801e"
time=2026-08-21T18:19:26.371+08:00 level=DEBUG msg="discovery: skipping unreachable socket" socket=/tmp/tmux-501/ta-61709dcf801e err="query tmux on /tmp/tmux-501/ta-61709dcf801e: exit status 1: no server running on /tmp/tmux-501/ta-61709dcf801e"
time=2026-08-21T18:19:26.390+08:00 level=DEBUG msg="discovery: skipping unparsable pane line" socket=/tmp/tmux-501/ta-a9fd5b7defbd line="team-refactor-maintainability|6|%39|/Users/alauda/Documents/code/agent前沿探索/多agent协作|bash|87458|t.p9.review 零上下文设计审查已通过<|eos|> - grok|235x50|tester-t124"
time=2026-08-21T18:19:26.396+08:00 level=DEBUG msg="discovery: skipping unparsable pane line" socket=/tmp/tmux-501/ta-a9fd5b7defbd line="team-refactor-maintainability|6|%39|/Users/alauda/Documents/code/agent前沿探索/多agent协作|bash|87458|t.p9.review 零上下文设计审查已通过<|eos|> - grok|235x50|tester-t124"
time=2026-08-21T18:19:26.410+08:00 level=DEBUG msg="discovery: skipping unreachable socket" socket=/tmp/tmux-501/ta-ed81bd4d8c17 err="query tmux on /tmp/tmux-501/ta-ed81bd4d8c17: exit status 1: no server running on /tmp/tmux-501/ta-ed81bd4d8c17"
time=2026-08-21T18:19:26.415+08:00 level=DEBUG msg="discovery: skipping unreachable socket" socket=/tmp/tmux-501/ta-ed81bd4d8c17 err="query tmux on /tmp/tmux-501/ta-ed81bd4d8c17: exit status 1: no server running on /tmp/tmux-501/ta-ed81bd4d8c17"
time=2026-08-21T18:19:26.421+08:00 level=DEBUG msg="discovery: skipping unreachable socket" socket=/tmp/tmux-501/ta-f1ad1b378fc7 err="query tmux on /tmp/tmux-501/ta-f1ad1b378fc7: exit status 1: no server running on /tmp/tmux-501/ta-f1ad1b378fc7"
time=2026-08-21T18:19:26.430+08:00 level=DEBUG msg="discovery: skipping unreachable socket" socket=/tmp/tmux-501/ta-f1ad1b378fc7 err="query tmux on /tmp/tmux-501/ta-f1ad1b378fc7: exit status 1: no server running on /tmp/tmux-501/ta-f1ad1b378fc7"
time=2026-08-21T18:19:26.444+08:00 level=DEBUG msg="discovery: skipping unreachable socket" socket=/tmp/tmux-501/ta-t121u01 err="query tmux on /tmp/tmux-501/ta-t121u01: exit status 1: no server running on /tmp/tmux-501/ta-t121u01"
time=2026-08-21T18:19:26.449+08:00 level=DEBUG msg="discovery: skipping unreachable socket" socket=/tmp/tmux-501/ta-t121u01 err="query tmux on /tmp/tmux-501/ta-t121u01: exit status 1: no server running on /tmp/tmux-501/ta-t121u01"
time=2026-08-21T18:19:26.454+08:00 level=DEBUG msg="discovery: skipping unreachable socket" socket=/tmp/tmux-501/ta-t121u01b err="query tmux on /tmp/tmux-501/ta-t121u01b: exit status 1: no server running on /tmp/tmux-501/ta-t121u01b"
time=2026-08-21T18:19:26.459+08:00 level=DEBUG msg="discovery: skipping unreachable socket" socket=/tmp/tmux-501/ta-t121u01b err="query tmux on /tmp/tmux-501/ta-t121u01b: exit status 1: no server running on /tmp/tmux-501/ta-t121u01b"
time=2026-08-21T18:19:26.463+08:00 level=DEBUG msg="discovery: skipping unreachable socket" socket=/tmp/tmux-501/ta-user-agents err="query tmux on /tmp/tmux-501/ta-user-agents: exit status 1: no server running on /tmp/tmux-501/ta-user-agents"
time=2026-08-21T18:19:26.469+08:00 level=DEBUG msg="discovery: skipping unreachable socket" socket=/tmp/tmux-501/ta-user-agents err="query tmux on /tmp/tmux-501/ta-user-agents: exit status 1: no server running on /tmp/tmux-501/ta-user-agents"
time=2026-08-21T18:19:26.536+08:00 level=DEBUG msg="listing: no changes"
time=2026-08-21T18:19:26.616+08:00 level=DEBUG msg="discovery: skipping unreachable socket" socket=/tmp/tmux-501/t115d24675 err="query tmux on /tmp/tmux-501/t115d24675: exit status 1: no server running on /tmp/tmux-501/t115d24675"
time=2026-08-21T18:19:26.631+08:00 level=DEBUG msg="discovery: skipping unreachable socket" socket=/tmp/tmux-501/t115e31319 err="query tmux on /tmp/tmux-501/t115e31319: exit status 1: no server running on /tmp/tmux-501/t115e31319"
time=2026-08-21T18:19:26.640+08:00 level=DEBUG msg="discovery: skipping unreachable socket" socket=/tmp/tmux-501/t115f44898 err="query tmux on /tmp/tmux-501/t115f44898: exit status 1: no server running on /tmp/tmux-501/t115f44898"
time=2026-08-21T18:19:26.649+08:00 level=DEBUG msg="discovery: skipping unreachable socket" socket=/tmp/tmux-501/t115g47728 err="query tmux on /tmp/tmux-501/t115g47728: exit status 1: no server running on /tmp/tmux-501/t115g47728"
time=2026-08-21T18:19:26.659+08:00 level=DEBUG msg="discovery: skipping unreachable socket" socket=/tmp/tmux-501/ta-0bafa3965ade err="query tmux on /tmp/tmux-501/ta-0bafa3965ade: exit status 1: no server running on /tmp/tmux-501/ta-0bafa3965ade"
time=2026-08-21T18:19:26.691+08:00 level=DEBUG msg="discovery: skipping unreachable socket" socket=/tmp/tmux-501/ta-61709dcf801e err="query tmux on /tmp/tmux-501/ta-61709dcf801e: exit status 1: no server running on /tmp/tmux-501/ta-61709dcf801e"
time=2026-08-21T18:19:26.711+08:00 level=DEBUG msg="discovery: skipping unparsable pane line" socket=/tmp/tmux-501/ta-a9fd5b7defbd line="team-refactor-maintainability|6|%39|/Users/alauda/Documents/code/agent前沿探索/多agent协作|bash|87458|t.p9.review 零上下文设计审查已通过<|eos|> - grok|235x50|tester-t124"
time=2026-08-21T18:19:26.731+08:00 level=DEBUG msg="discovery: skipping unreachable socket" socket=/tmp/tmux-501/ta-ed81bd4d8c17 err="query tmux on /tmp/tmux-501/ta-ed81bd4d8c17: exit status 1: no server running on /tmp/tmux-501/ta-ed81bd4d8c17"
time=2026-08-21T18:19:26.740+08:00 level=DEBUG msg="discovery: skipping unreachable socket" socket=/tmp/tmux-501/ta-f1ad1b378fc7 err="query tmux on /tmp/tmux-501/ta-f1ad1b378fc7: exit status 1: no server running on /tmp/tmux-501/ta-f1ad1b378fc7"
time=2026-08-21T18:19:26.758+08:00 level=DEBUG msg="discovery: skipping unreachable socket" socket=/tmp/tmux-501/ta-t121u01 err="query tmux on /tmp/tmux-501/ta-t121u01: exit status 1: no server running on /tmp/tmux-501/ta-t121u01"
time=2026-08-21T18:19:26.767+08:00 level=DEBUG msg="discovery: skipping unreachable socket" socket=/tmp/tmux-501/ta-t121u01b err="query tmux on /tmp/tmux-501/ta-t121u01b: exit status 1: no server running on /tmp/tmux-501/ta-t121u01b"
time=2026-08-21T18:19:26.777+08:00 level=DEBUG msg="discovery: skipping unreachable socket" socket=/tmp/tmux-501/ta-user-agents err="query tmux on /tmp/tmux-501/ta-user-agents: exit status 1: no server running on /tmp/tmux-501/ta-user-agents"
time=2026-08-21T18:19:27.067+08:00 level=DEBUG msg="discovery: skipping unreachable socket" socket=/tmp/tmux-501/t115d24675 err="query tmux on /tmp/tmux-501/t115d24675: exit status 1: no server running on /tmp/tmux-501/t115d24675"
time=2026-08-21T18:19:27.076+08:00 level=DEBUG msg="discovery: skipping unreachable socket" socket=/tmp/tmux-501/t115e31319 err="query tmux on /tmp/tmux-501/t115e31319: exit status 1: no server running on /tmp/tmux-501/t115e31319"
time=2026-08-21T18:19:27.086+08:00 level=DEBUG msg="discovery: skipping unreachable socket" socket=/tmp/tmux-501/t115f44898 err="query tmux on /tmp/tmux-501/t115f44898: exit status 1: no server running on /tmp/tmux-501/t115f44898"
time=2026-08-21T18:19:27.094+08:00 level=DEBUG msg="discovery: skipping unreachable socket" socket=/tmp/tmux-501/t115g47728 err="query tmux on /tmp/tmux-501/t115g47728: exit status 1: no server running on /tmp/tmux-501/t115g47728"
time=2026-08-21T18:19:27.103+08:00 level=DEBUG msg="discovery: skipping unreachable socket" socket=/tmp/tmux-501/ta-0bafa3965ade err="query tmux on /tmp/tmux-501/ta-0bafa3965ade: exit status 1: no server running on /tmp/tmux-501/ta-0bafa3965ade"
time=2026-08-21T18:19:27.130+08:00 level=DEBUG msg="discovery: skipping unreachable socket" socket=/tmp/tmux-501/ta-61709dcf801e err="query tmux on /tmp/tmux-501/ta-61709dcf801e: exit status 1: no server running on /tmp/tmux-501/ta-61709dcf801e"
time=2026-08-21T18:19:27.148+08:00 level=DEBUG msg="discovery: skipping unparsable pane line" socket=/tmp/tmux-501/ta-a9fd5b7defbd line="team-refactor-maintainability|6|%39|/Users/alauda/Documents/code/agent前沿探索/多agent协作|bash|87458|t.p9.review 零上下文设计审查已通过<|eos|> - grok|235x50|tester-t124"
time=2026-08-21T18:19:27.172+08:00 level=DEBUG msg="discovery: skipping unreachable socket" socket=/tmp/tmux-501/ta-ed81bd4d8c17 err="query tmux on /tmp/tmux-501/ta-ed81bd4d8c17: exit status 1: no server running on /tmp/tmux-501/ta-ed81bd4d8c17"
time=2026-08-21T18:19:27.181+08:00 level=DEBUG msg="discovery: skipping unreachable socket" socket=/tmp/tmux-501/ta-f1ad1b378fc7 err="query tmux on /tmp/tmux-501/ta-f1ad1b378fc7: exit status 1: no server running on /tmp/tmux-501/ta-f1ad1b378fc7"
time=2026-08-21T18:19:27.199+08:00 level=DEBUG msg="discovery: skipping unreachable socket" socket=/tmp/tmux-501/ta-t121u01 err="query tmux on /tmp/tmux-501/ta-t121u01: exit status 1: no server running on /tmp/tmux-501/ta-t121u01"
time=2026-08-21T18:19:27.208+08:00 level=DEBUG msg="discovery: skipping unreachable socket" socket=/tmp/tmux-501/ta-t121u01b err="query tmux on /tmp/tmux-501/ta-t121u01b: exit status 1: no server running on /tmp/tmux-501/ta-t121u01b"
time=2026-08-21T18:19:27.219+08:00 level=DEBUG msg="discovery: skipping unreachable socket" socket=/tmp/tmux-501/ta-user-agents err="query tmux on /tmp/tmux-501/ta-user-agents: exit status 1: no server running on /tmp/tmux-501/ta-user-agents"
time=2026-08-21T18:19:28.611+08:00 level=DEBUG msg="discovery: skipping unreachable socket" socket=/tmp/tmux-501/t115d24675 err="query tmux on /tmp/tmux-501/t115d24675: exit status 1: no server running on /tmp/tmux-501/t115d24675"
time=2026-08-21T18:19:28.621+08:00 level=DEBUG msg="discovery: skipping unreachable socket" socket=/tmp/tmux-501/t115e31319 err="query tmux on /tmp/tmux-501/t115e31319: exit status 1: no server running on /tmp/tmux-501/t115e31319"
time=2026-08-21T18:19:28.629+08:00 level=DEBUG msg="discovery: skipping unreachable socket" socket=/tmp/tmux-501/t115f44898 err="query tmux on /tmp/tmux-501/t115f44898: exit status 1: no server running on /tmp/tmux-501/t115f44898"
time=2026-08-21T18:19:28.638+08:00 level=DEBUG msg="discovery: skipping unreachable socket" socket=/tmp/tmux-501/t115g47728 err="query tmux on /tmp/tmux-501/t115g47728: exit status 1: no server running on /tmp/tmux-501/t115g47728"
time=2026-08-21T18:19:28.646+08:00 level=DEBUG msg="discovery: skipping unreachable socket" socket=/tmp/tmux-501/ta-0bafa3965ade err="query tmux on /tmp/tmux-501/ta-0bafa3965ade: exit status 1: no server running on /tmp/tmux-501/ta-0bafa3965ade"
time=2026-08-21T18:19:28.674+08:00 level=DEBUG msg="discovery: skipping unreachable socket" socket=/tmp/tmux-501/ta-61709dcf801e err="query tmux on /tmp/tmux-501/ta-61709dcf801e: exit status 1: no server running on /tmp/tmux-501/ta-61709dcf801e"
time=2026-08-21T18:19:28.692+08:00 level=DEBUG msg="discovery: skipping unparsable pane line" socket=/tmp/tmux-501/ta-a9fd5b7defbd line="team-refactor-maintainability|6|%39|/Users/alauda/Documents/code/agent前沿探索/多agent协作|bash|87458|t.p9.review 零上下文设计审查已通过<|eos|> - grok|235x50|tester-t124"
time=2026-08-21T18:19:28.710+08:00 level=DEBUG msg="discovery: skipping unreachable socket" socket=/tmp/tmux-501/ta-ed81bd4d8c17 err="query tmux on /tmp/tmux-501/ta-ed81bd4d8c17: exit status 1: no server running on /tmp/tmux-501/ta-ed81bd4d8c17"
time=2026-08-21T18:19:28.718+08:00 level=DEBUG msg="discovery: skipping unreachable socket" socket=/tmp/tmux-501/ta-f1ad1b378fc7 err="query tmux on /tmp/tmux-501/ta-f1ad1b378fc7: exit status 1: no server running on /tmp/tmux-501/ta-f1ad1b378fc7"
time=2026-08-21T18:19:28.734+08:00 level=DEBUG msg="discovery: skipping unreachable socket" socket=/tmp/tmux-501/ta-t121u01 err="query tmux on /tmp/tmux-501/ta-t121u01: exit status 1: no server running on /tmp/tmux-501/ta-t121u01"
time=2026-08-21T18:19:28.742+08:00 level=DEBUG msg="discovery: skipping unreachable socket" socket=/tmp/tmux-501/ta-t121u01b err="query tmux on /tmp/tmux-501/ta-t121u01b: exit status 1: no server running on /tmp/tmux-501/ta-t121u01b"
time=2026-08-21T18:19:28.751+08:00 level=DEBUG msg="discovery: skipping unreachable socket" socket=/tmp/tmux-501/ta-user-agents err="query tmux on /tmp/tmux-501/ta-user-agents: exit status 1: no server running on /tmp/tmux-501/ta-user-agents"
time=2026-08-21T18:19:30.634+08:00 level=DEBUG msg="listing: no changes"
time=2026-08-21T18:19:30.634+08:00 level=INFO msg="listing: refresh on open" req_id=2 had_cache=true prev_seq=1 prev_sessions=48 cur_sessions=48 cur_seq=1 refresh_err=""
time=2026-08-21T18:19:30.911+08:00 level=DEBUG msg="discovery: skipping unreachable socket" socket=/tmp/tmux-501/t115d24675 err="query tmux on /tmp/tmux-501/t115d24675: exit status 1: no server running on /tmp/tmux-501/t115d24675"
time=2026-08-21T18:19:30.920+08:00 level=DEBUG msg="discovery: skipping unreachable socket" socket=/tmp/tmux-501/t115e31319 err="query tmux on /tmp/tmux-501/t115e31319: exit status 1: no server running on /tmp/tmux-501/t115e31319"
time=2026-08-21T18:19:30.928+08:00 level=DEBUG msg="discovery: skipping unreachable socket" socket=/tmp/tmux-501/t115f44898 err="query tmux on /tmp/tmux-501/t115f44898: exit status 1: no server running on /tmp/tmux-501/t115f44898"
time=2026-08-21T18:19:30.936+08:00 level=DEBUG msg="discovery: skipping unreachable socket" socket=/tmp/tmux-501/t115g47728 err="query tmux on /tmp/tmux-501/t115g47728: exit status 1: no server running on /tmp/tmux-501/t115g47728"
time=2026-08-21T18:19:30.946+08:00 level=DEBUG msg="discovery: skipping unreachable socket" socket=/tmp/tmux-501/ta-0bafa3965ade err="query tmux on /tmp/tmux-501/ta-0bafa3965ade: exit status 1: no server running on /tmp/tmux-501/ta-0bafa3965ade"
time=2026-08-21T18:19:31.044+08:00 level=DEBUG msg="discovery: skipping unreachable socket" socket=/tmp/tmux-501/ta-61709dcf801e err="query tmux on /tmp/tmux-501/ta-61709dcf801e: exit status 1: no server running on /tmp/tmux-501/ta-61709dcf801e"
time=2026-08-21T18:19:31.063+08:00 level=DEBUG msg="discovery: skipping unparsable pane line" socket=/tmp/tmux-501/ta-a9fd5b7defbd line="team-refactor-maintainability|6|%39|/Users/alauda/Documents/code/agent前沿探索/多agent协作|bash|87458|t.p9.review 零上下文设计审查已通过<|eos|> - grok|235x50|tester-t124"
time=2026-08-21T18:19:31.083+08:00 level=DEBUG msg="discovery: skipping unreachable socket" socket=/tmp/tmux-501/ta-ed81bd4d8c17 err="query tmux on /tmp/tmux-501/ta-ed81bd4d8c17: exit status 1: no server running on /tmp/tmux-501/ta-ed81bd4d8c17"
time=2026-08-21T18:19:31.092+08:00 level=DEBUG msg="discovery: skipping unreachable socket" socket=/tmp/tmux-501/ta-f1ad1b378fc7 err="query tmux on /tmp/tmux-501/ta-f1ad1b378fc7: exit status 1: no server running on /tmp/tmux-501/ta-f1ad1b378fc7"
time=2026-08-21T18:19:31.109+08:00 level=DEBUG msg="discovery: skipping unreachable socket" socket=/tmp/tmux-501/ta-t121u01 err="query tmux on /tmp/tmux-501/ta-t121u01: exit status 1: no server running on /tmp/tmux-501/ta-t121u01"
time=2026-08-21T18:19:31.118+08:00 level=DEBUG msg="discovery: skipping unreachable socket" socket=/tmp/tmux-501/ta-t121u01b err="query tmux on /tmp/tmux-501/ta-t121u01b: exit status 1: no server running on /tmp/tmux-501/ta-t121u01b"
time=2026-08-21T18:19:31.128+08:00 level=DEBUG msg="discovery: skipping unreachable socket" socket=/tmp/tmux-501/ta-user-agents err="query tmux on /tmp/tmux-501/ta-user-agents: exit status 1: no server running on /tmp/tmux-501/ta-user-agents"
time=2026-08-21T18:19:31.219+08:00 level=DEBUG msg="listing: no changes"
time=2026-08-21T18:19:31.749+08:00 level=DEBUG msg="discovery: skipping unreachable socket" socket=/tmp/tmux-501/t115d24675 err="query tmux on /tmp/tmux-501/t115d24675: exit status 1: no server running on /tmp/tmux-501/t115d24675"
time=2026-08-21T18:19:31.759+08:00 level=DEBUG msg="discovery: skipping unreachable socket" socket=/tmp/tmux-501/t115e31319 err="query tmux on /tmp/tmux-501/t115e31319: exit status 1: no server running on /tmp/tmux-501/t115e31319"
time=2026-08-21T18:19:31.768+08:00 level=DEBUG msg="discovery: skipping unreachable socket" socket=/tmp/tmux-501/t115f44898 err="query tmux on /tmp/tmux-501/t115f44898: exit status 1: no server running on /tmp/tmux-501/t115f44898"
time=2026-08-21T18:19:31.778+08:00 level=DEBUG msg="discovery: skipping unreachable socket" socket=/tmp/tmux-501/t115g47728 err="query tmux on /tmp/tmux-501/t115g47728: exit status 1: no server running on /tmp/tmux-501/t115g47728"
time=2026-08-21T18:19:31.786+08:00 level=DEBUG msg="discovery: skipping unreachable socket" socket=/tmp/tmux-501/ta-0bafa3965ade err="query tmux on /tmp/tmux-501/ta-0bafa3965ade: exit status 1: no server running on /tmp/tmux-501/ta-0bafa3965ade"
time=2026-08-21T18:19:31.816+08:00 level=DEBUG msg="discovery: skipping unreachable socket" socket=/tmp/tmux-501/ta-61709dcf801e err="query tmux on /tmp/tmux-501/ta-61709dcf801e: exit status 1: no server running on /tmp/tmux-501/ta-61709dcf801e"
time=2026-08-21T18:19:31.837+08:00 level=DEBUG msg="discovery: skipping unparsable pane line" socket=/tmp/tmux-501/ta-a9fd5b7defbd line="team-refactor-maintainability|6|%39|/Users/alauda/Documents/code/agent前沿探索/多agent协作|bash|87458|t.p9.review 零上下文设计审查已通过<|eos|> - grok|235x50|tester-t124"
time=2026-08-21T18:19:31.857+08:00 level=DEBUG msg="discovery: skipping unreachable socket" socket=/tmp/tmux-501/ta-ed81bd4d8c17 err="query tmux on /tmp/tmux-501/ta-ed81bd4d8c17: exit status 1: no server running on /tmp/tmux-501/ta-ed81bd4d8c17"
time=2026-08-21T18:19:31.865+08:00 level=DEBUG msg="discovery: skipping unreachable socket" socket=/tmp/tmux-501/ta-f1ad1b378fc7 err="query tmux on /tmp/tmux-501/ta-f1ad1b378fc7: exit status 1: no server running on /tmp/tmux-501/ta-f1ad1b378fc7"
time=2026-08-21T18:19:31.883+08:00 level=DEBUG msg="discovery: skipping unreachable socket" socket=/tmp/tmux-501/ta-t121u01 err="query tmux on /tmp/tmux-501/ta-t121u01: exit status 1: no server running on /tmp/tmux-501/ta-t121u01"
time=2026-08-21T18:19:31.893+08:00 level=DEBUG msg="discovery: skipping unreachable socket" socket=/tmp/tmux-501/ta-t121u01b err="query tmux on /tmp/tmux-501/ta-t121u01b: exit status 1: no server running on /tmp/tmux-501/ta-t121u01b"
time=2026-08-21T18:19:31.902+08:00 level=DEBUG msg="discovery: skipping unreachable socket" socket=/tmp/tmux-501/ta-user-agents err="query tmux on /tmp/tmux-501/ta-user-agents: exit status 1: no server running on /tmp/tmux-501/ta-user-agents"
time=2026-08-21T18:19:33.298+08:00 level=DEBUG msg="discovery: skipping unreachable socket" socket=/tmp/tmux-501/t115d24675 err="query tmux on /tmp/tmux-501/t115d24675: exit status 1: no server running on /tmp/tmux-501/t115d24675"
time=2026-08-21T18:19:33.307+08:00 level=DEBUG msg="discovery: skipping unreachable socket" socket=/tmp/tmux-501/t115e31319 err="query tmux on /tmp/tmux-501/t115e31319: exit status 1: no server running on /tmp/tmux-501/t115e31319"
time=2026-08-21T18:19:33.316+08:00 level=DEBUG msg="discovery: skipping unreachable socket" socket=/tmp/tmux-501/t115f44898 err="query tmux on /tmp/tmux-501/t115f44898: exit status 1: no server running on /tmp/tmux-501/t115f44898"
time=2026-08-21T18:19:33.325+08:00 level=DEBUG msg="discovery: skipping unreachable socket" socket=/tmp/tmux-501/t115g47728 err="query tmux on /tmp/tmux-501/t115g47728: exit status 1: no server running on /tmp/tmux-501/t115g47728"
time=2026-08-21T18:19:33.334+08:00 level=DEBUG msg="discovery: skipping unreachable socket" socket=/tmp/tmux-501/ta-0bafa3965ade err="query tmux on /tmp/tmux-501/ta-0bafa3965ade: exit status 1: no server running on /tmp/tmux-501/ta-0bafa3965ade"
time=2026-08-21T18:19:33.365+08:00 level=DEBUG msg="discovery: skipping unreachable socket" socket=/tmp/tmux-501/ta-61709dcf801e err="query tmux on /tmp/tmux-501/ta-61709dcf801e: exit status 1: no server running on /tmp/tmux-501/ta-61709dcf801e"
time=2026-08-21T18:19:33.397+08:00 level=DEBUG msg="discovery: skipping unparsable pane line" socket=/tmp/tmux-501/ta-a9fd5b7defbd line="team-refactor-maintainability|6|%39|/Users/alauda/Documents/code/agent前沿探索/多agent协作|bash|87458|t.p9.review 零上下文设计审查已通过<|eos|> - grok|235x50|tester-t124"
time=2026-08-21T18:19:33.418+08:00 level=DEBUG msg="discovery: skipping unreachable socket" socket=/tmp/tmux-501/ta-ed81bd4d8c17 err="query tmux on /tmp/tmux-501/ta-ed81bd4d8c17: exit status 1: no server running on /tmp/tmux-501/ta-ed81bd4d8c17"
time=2026-08-21T18:19:33.427+08:00 level=DEBUG msg="discovery: skipping unreachable socket" socket=/tmp/tmux-501/ta-f1ad1b378fc7 err="query tmux on /tmp/tmux-501/ta-f1ad1b378fc7: exit status 1: no server running on /tmp/tmux-501/ta-f1ad1b378fc7"
time=2026-08-21T18:19:33.444+08:00 level=DEBUG msg="discovery: skipping unreachable socket" socket=/tmp/tmux-501/ta-t121u01 err="query tmux on /tmp/tmux-501/ta-t121u01: exit status 1: no server running on /tmp/tmux-501/ta-t121u01"
time=2026-08-21T18:19:33.454+08:00 level=DEBUG msg="discovery: skipping unreachable socket" socket=/tmp/tmux-501/ta-t121u01b err="query tmux on /tmp/tmux-501/ta-t121u01b: exit status 1: no server running on /tmp/tmux-501/ta-t121u01b"
time=2026-08-21T18:19:33.465+08:00 level=DEBUG msg="discovery: skipping unreachable socket" socket=/tmp/tmux-501/ta-user-agents err="query tmux on /tmp/tmux-501/ta-user-agents: exit status 1: no server running on /tmp/tmux-501/ta-user-agents"
time=2026-08-21T18:19:34.848+08:00 level=DEBUG msg="discovery: skipping unreachable socket" socket=/tmp/tmux-501/t115d24675 err="query tmux on /tmp/tmux-501/t115d24675: exit status 1: no server running on /tmp/tmux-501/t115d24675"
time=2026-08-21T18:19:34.856+08:00 level=DEBUG msg="discovery: skipping unreachable socket" socket=/tmp/tmux-501/t115e31319 err="query tmux on /tmp/tmux-501/t115e31319: exit status 1: no server running on /tmp/tmux-501/t115e31319"
time=2026-08-21T18:19:34.867+08:00 level=DEBUG msg="discovery: skipping unreachable socket" socket=/tmp/tmux-501/t115f44898 err="query tmux on /tmp/tmux-501/t115f44898: exit status 1: no server running on /tmp/tmux-501/t115f44898"
time=2026-08-21T18:19:34.876+08:00 level=DEBUG msg="discovery: skipping unreachable socket" socket=/tmp/tmux-501/t115g47728 err="query tmux on /tmp/tmux-501/t115g47728: exit status 1: no server running on /tmp/tmux-501/t115g47728"
time=2026-08-21T18:19:34.885+08:00 level=DEBUG msg="discovery: skipping unreachable socket" socket=/tmp/tmux-501/ta-0bafa3965ade err="query tmux on /tmp/tmux-501/ta-0bafa3965ade: exit status 1: no server running on /tmp/tmux-501/ta-0bafa3965ade"
time=2026-08-21T18:19:34.913+08:00 level=DEBUG msg="discovery: skipping unreachable socket" socket=/tmp/tmux-501/ta-61709dcf801e err="query tmux on /tmp/tmux-501/ta-61709dcf801e: exit status 1: no server running on /tmp/tmux-501/ta-61709dcf801e"
time=2026-08-21T18:19:34.932+08:00 level=DEBUG msg="discovery: skipping unparsable pane line" socket=/tmp/tmux-501/ta-a9fd5b7defbd line="team-refactor-maintainability|6|%39|/Users/alauda/Documents/code/agent前沿探索/多agent协作|bash|87458|t.p9.review 零上下文设计审查已通过<|eos|> - grok|235x50|tester-t124"
time=2026-08-21T18:19:34.949+08:00 level=DEBUG msg="discovery: skipping unreachable socket" socket=/tmp/tmux-501/ta-ed81bd4d8c17 err="query tmux on /tmp/tmux-501/ta-ed81bd4d8c17: exit status 1: no server running on /tmp/tmux-501/ta-ed81bd4d8c17"
time=2026-08-21T18:19:34.959+08:00 level=DEBUG msg="discovery: skipping unreachable socket" socket=/tmp/tmux-501/ta-f1ad1b378fc7 err="query tmux on /tmp/tmux-501/ta-f1ad1b378fc7: exit status 1: no server running on /tmp/tmux-501/ta-f1ad1b378fc7"
time=2026-08-21T18:19:34.977+08:00 level=DEBUG msg="discovery: skipping unreachable socket" socket=/tmp/tmux-501/ta-t121u01 err="query tmux on /tmp/tmux-501/ta-t121u01: exit status 1: no server running on /tmp/tmux-501/ta-t121u01"
time=2026-08-21T18:19:34.985+08:00 level=DEBUG msg="discovery: skipping unreachable socket" socket=/tmp/tmux-501/ta-t121u01b err="query tmux on /tmp/tmux-501/ta-t121u01b: exit status 1: no server running on /tmp/tmux-501/ta-t121u01b"
time=2026-08-21T18:19:34.994+08:00 level=DEBUG msg="discovery: skipping unreachable socket" socket=/tmp/tmux-501/ta-user-agents err="query tmux on /tmp/tmux-501/ta-user-agents: exit status 1: no server running on /tmp/tmux-501/ta-user-agents"
time=2026-08-21T18:19:35.616+08:00 level=DEBUG msg="discovery: skipping unreachable socket" socket=/tmp/tmux-501/t115d24675 err="query tmux on /tmp/tmux-501/t115d24675: exit status 1: no server running on /tmp/tmux-501/t115d24675"
time=2026-08-21T18:19:35.628+08:00 level=DEBUG msg="discovery: skipping unreachable socket" socket=/tmp/tmux-501/t115e31319 err="query tmux on /tmp/tmux-501/t115e31319: exit status 1: no server running on /tmp/tmux-501/t115e31319"
time=2026-08-21T18:19:35.636+08:00 level=DEBUG msg="discovery: skipping unreachable socket" socket=/tmp/tmux-501/t115f44898 err="query tmux on /tmp/tmux-501/t115f44898: exit status 1: no server running on /tmp/tmux-501/t115f44898"
time=2026-08-21T18:19:35.644+08:00 level=DEBUG msg="discovery: skipping unreachable socket" socket=/tmp/tmux-501/t115g47728 err="query tmux on /tmp/tmux-501/t115g47728: exit status 1: no server running on /tmp/tmux-501/t115g47728"
time=2026-08-21T18:19:35.653+08:00 level=DEBUG msg="discovery: skipping unreachable socket" socket=/tmp/tmux-501/ta-0bafa3965ade err="query tmux on /tmp/tmux-501/ta-0bafa3965ade: exit status 1: no server running on /tmp/tmux-501/ta-0bafa3965ade"
time=2026-08-21T18:19:35.680+08:00 level=DEBUG msg="discovery: skipping unreachable socket" socket=/tmp/tmux-501/ta-61709dcf801e err="query tmux on /tmp/tmux-501/ta-61709dcf801e: exit status 1: no server running on /tmp/tmux-501/ta-61709dcf801e"
time=2026-08-21T18:19:35.704+08:00 level=DEBUG msg="discovery: skipping unparsable pane line" socket=/tmp/tmux-501/ta-a9fd5b7defbd line="team-refactor-maintainability|6|%39|/Users/alauda/Documents/code/agent前沿探索/多agent协作|bash|87458|t.p9.review 零上下文设计审查已通过<|eos|> - grok|235x50|tester-t124"
time=2026-08-21T18:19:35.725+08:00 level=DEBUG msg="discovery: skipping unreachable socket" socket=/tmp/tmux-501/ta-ed81bd4d8c17 err="query tmux on /tmp/tmux-501/ta-ed81bd4d8c17: exit status 1: no server running on /tmp/tmux-501/ta-ed81bd4d8c17"
time=2026-08-21T18:19:35.734+08:00 level=DEBUG msg="discovery: skipping unreachable socket" socket=/tmp/tmux-501/ta-f1ad1b378fc7 err="query tmux on /tmp/tmux-501/ta-f1ad1b378fc7: exit status 1: no server running on /tmp/tmux-501/ta-f1ad1b378fc7"
time=2026-08-21T18:19:35.760+08:00 level=DEBUG msg="discovery: skipping unreachable socket" socket=/tmp/tmux-501/ta-t121u01 err="query tmux on /tmp/tmux-501/ta-t121u01: exit status 1: no server running on /tmp/tmux-501/ta-t121u01"
time=2026-08-21T18:19:35.771+08:00 level=DEBUG msg="discovery: skipping unreachable socket" socket=/tmp/tmux-501/ta-t121u01b err="query tmux on /tmp/tmux-501/ta-t121u01b: exit status 1: no server running on /tmp/tmux-501/ta-t121u01b"
time=2026-08-21T18:19:35.780+08:00 level=DEBUG msg="discovery: skipping unreachable socket" socket=/tmp/tmux-501/ta-user-agents err="query tmux on /tmp/tmux-501/ta-user-agents: exit status 1: no server running on /tmp/tmux-501/ta-user-agents"
time=2026-08-21T18:19:37.289+08:00 level=DEBUG msg="listing: no changes"
time=2026-08-21T18:19:37.818+08:00 level=DEBUG msg="discovery: skipping unreachable socket" socket=/tmp/tmux-501/t115d24675 err="query tmux on /tmp/tmux-501/t115d24675: exit status 1: no server running on /tmp/tmux-501/t115d24675"
time=2026-08-21T18:19:37.826+08:00 level=DEBUG msg="discovery: skipping unreachable socket" socket=/tmp/tmux-501/t115e31319 err="query tmux on /tmp/tmux-501/t115e31319: exit status 1: no server running on /tmp/tmux-501/t115e31319"
time=2026-08-21T18:19:37.835+08:00 level=DEBUG msg="discovery: skipping unreachable socket" socket=/tmp/tmux-501/t115f44898 err="query tmux on /tmp/tmux-501/t115f44898: exit status 1: no server running on /tmp/tmux-501/t115f44898"
time=2026-08-21T18:19:37.844+08:00 level=DEBUG msg="discovery: skipping unreachable socket" socket=/tmp/tmux-501/t115g47728 err="query tmux on /tmp/tmux-501/t115g47728: exit status 1: no server running on /tmp/tmux-501/t115g47728"
time=2026-08-21T18:19:37.852+08:00 level=DEBUG msg="discovery: skipping unreachable socket" socket=/tmp/tmux-501/ta-0bafa3965ade err="query tmux on /tmp/tmux-501/ta-0bafa3965ade: exit status 1: no server running on /tmp/tmux-501/ta-0bafa3965ade"
time=2026-08-21T18:19:37.879+08:00 level=DEBUG msg="discovery: skipping unreachable socket" socket=/tmp/tmux-501/ta-61709dcf801e err="query tmux on /tmp/tmux-501/ta-61709dcf801e: exit status 1: no server running on /tmp/tmux-501/ta-61709dcf801e"
time=2026-08-21T18:19:37.897+08:00 level=DEBUG msg="discovery: skipping unreachable socket" socket=/tmp/tmux-501/t115d24675 err="query tmux on /tmp/tmux-501/t115d24675: exit status 1: no server running on /tmp/tmux-501/t115d24675"
time=2026-08-21T18:19:37.897+08:00 level=DEBUG msg="discovery: skipping unparsable pane line" socket=/tmp/tmux-501/ta-a9fd5b7defbd line="team-refactor-maintainability|6|%39|/Users/alauda/Documents/code/agent前沿探索/多agent协作|bash|87458|t.p9.review 零上下文设计审查已通过<|eos|> - grok|235x50|tester-t124"
time=2026-08-21T18:19:37.906+08:00 level=DEBUG msg="discovery: skipping unreachable socket" socket=/tmp/tmux-501/t115e31319 err="query tmux on /tmp/tmux-501/t115e31319: exit status 1: no server running on /tmp/tmux-501/t115e31319"
time=2026-08-21T18:19:37.914+08:00 level=DEBUG msg="discovery: skipping unreachable socket" socket=/tmp/tmux-501/t115f44898 err="query tmux on /tmp/tmux-501/t115f44898: exit status 1: no server running on /tmp/tmux-501/t115f44898"
time=2026-08-21T18:19:37.915+08:00 level=DEBUG msg="discovery: skipping unreachable socket" socket=/tmp/tmux-501/ta-ed81bd4d8c17 err="query tmux on /tmp/tmux-501/ta-ed81bd4d8c17: exit status 1: no server running on /tmp/tmux-501/ta-ed81bd4d8c17"
time=2026-08-21T18:19:37.923+08:00 level=DEBUG msg="discovery: skipping unreachable socket" socket=/tmp/tmux-501/t115g47728 err="query tmux on /tmp/tmux-501/t115g47728: exit status 1: no server running on /tmp/tmux-501/t115g47728"
time=2026-08-21T18:19:37.923+08:00 level=DEBUG msg="discovery: skipping unreachable socket" socket=/tmp/tmux-501/ta-f1ad1b378fc7 err="query tmux on /tmp/tmux-501/ta-f1ad1b378fc7: exit status 1: no server running on /tmp/tmux-501/ta-f1ad1b378fc7"
time=2026-08-21T18:19:37.931+08:00 level=DEBUG msg="discovery: skipping unreachable socket" socket=/tmp/tmux-501/ta-0bafa3965ade err="query tmux on /tmp/tmux-501/ta-0bafa3965ade: exit status 1: no server running on /tmp/tmux-501/ta-0bafa3965ade"
time=2026-08-21T18:19:37.941+08:00 level=DEBUG msg="discovery: skipping unreachable socket" socket=/tmp/tmux-501/ta-t121u01 err="query tmux on /tmp/tmux-501/ta-t121u01: exit status 1: no server running on /tmp/tmux-501/ta-t121u01"
time=2026-08-21T18:19:37.948+08:00 level=DEBUG msg="discovery: skipping unreachable socket" socket=/tmp/tmux-501/ta-t121u01b err="query tmux on /tmp/tmux-501/ta-t121u01b: exit status 1: no server running on /tmp/tmux-501/ta-t121u01b"
time=2026-08-21T18:19:37.957+08:00 level=DEBUG msg="discovery: skipping unreachable socket" socket=/tmp/tmux-501/ta-user-agents err="query tmux on /tmp/tmux-501/ta-user-agents: exit status 1: no server running on /tmp/tmux-501/ta-user-agents"
time=2026-08-21T18:19:37.957+08:00 level=DEBUG msg="discovery: skipping unreachable socket" socket=/tmp/tmux-501/ta-61709dcf801e err="query tmux on /tmp/tmux-501/ta-61709dcf801e: exit status 1: no server running on /tmp/tmux-501/ta-61709dcf801e"
time=2026-08-21T18:19:37.975+08:00 level=DEBUG msg="discovery: skipping unparsable pane line" socket=/tmp/tmux-501/ta-a9fd5b7defbd line="team-refactor-maintainability|6|%39|/Users/alauda/Documents/code/agent前沿探索/多agent协作|bash|87458|t.p9.review 零上下文设计审查已通过<|eos|> - grok|235x50|tester-t124"
time=2026-08-21T18:19:37.992+08:00 level=DEBUG msg="discovery: skipping unreachable socket" socket=/tmp/tmux-501/ta-ed81bd4d8c17 err="query tmux on /tmp/tmux-501/ta-ed81bd4d8c17: exit status 1: no server running on /tmp/tmux-501/ta-ed81bd4d8c17"
time=2026-08-21T18:19:38.001+08:00 level=DEBUG msg="discovery: skipping unreachable socket" socket=/tmp/tmux-501/ta-f1ad1b378fc7 err="query tmux on /tmp/tmux-501/ta-f1ad1b378fc7: exit status 1: no server running on /tmp/tmux-501/ta-f1ad1b378fc7"
time=2026-08-21T18:19:38.019+08:00 level=DEBUG msg="discovery: skipping unreachable socket" socket=/tmp/tmux-501/ta-t121u01 err="query tmux on /tmp/tmux-501/ta-t121u01: exit status 1: no server running on /tmp/tmux-501/ta-t121u01"
time=2026-08-21T18:19:38.028+08:00 level=DEBUG msg="discovery: skipping unreachable socket" socket=/tmp/tmux-501/ta-t121u01b err="query tmux on /tmp/tmux-501/ta-t121u01b: exit status 1: no server running on /tmp/tmux-501/ta-t121u01b"
time=2026-08-21T18:19:38.037+08:00 level=DEBUG msg="discovery: skipping unreachable socket" socket=/tmp/tmux-501/ta-user-agents err="query tmux on /tmp/tmux-501/ta-user-agents: exit status 1: no server running on /tmp/tmux-501/ta-user-agents"
time=2026-08-21T18:19:40.176+08:00 level=DEBUG msg="discovery: skipping unreachable socket" socket=/tmp/tmux-501/t115d24675 err="query tmux on /tmp/tmux-501/t115d24675: exit status 1: no server running on /tmp/tmux-501/t115d24675"
time=2026-08-21T18:19:40.186+08:00 level=DEBUG msg="discovery: skipping unreachable socket" socket=/tmp/tmux-501/t115e31319 err="query tmux on /tmp/tmux-501/t115e31319: exit status 1: no server running on /tmp/tmux-501/t115e31319"
time=2026-08-21T18:19:40.196+08:00 level=DEBUG msg="discovery: skipping unreachable socket" socket=/tmp/tmux-501/t115f44898 err="query tmux on /tmp/tmux-501/t115f44898: exit status 1: no server running on /tmp/tmux-501/t115f44898"
time=2026-08-21T18:19:40.207+08:00 level=DEBUG msg="discovery: skipping unreachable socket" socket=/tmp/tmux-501/t115g47728 err="query tmux on /tmp/tmux-501/t115g47728: exit status 1: no server running on /tmp/tmux-501/t115g47728"
time=2026-08-21T18:19:40.220+08:00 level=DEBUG msg="discovery: skipping unreachable socket" socket=/tmp/tmux-501/ta-0bafa3965ade err="query tmux on /tmp/tmux-501/ta-0bafa3965ade: exit status 1: no server running on /tmp/tmux-501/ta-0bafa3965ade"
time=2026-08-21T18:19:40.247+08:00 level=DEBUG msg="listing: no changes"
time=2026-08-21T18:19:40.256+08:00 level=DEBUG msg="discovery: skipping unreachable socket" socket=/tmp/tmux-501/ta-61709dcf801e err="query tmux on /tmp/tmux-501/ta-61709dcf801e: exit status 1: no server running on /tmp/tmux-501/ta-61709dcf801e"
time=2026-08-21T18:19:40.288+08:00 level=DEBUG msg="discovery: skipping unparsable pane line" socket=/tmp/tmux-501/ta-a9fd5b7defbd line="team-refactor-maintainability|6|%39|/Users/alauda/Documents/code/agent前沿探索/多agent协作|bash|87458|t.p9.review 零上下文设计审查已通过<|eos|> - grok|235x50|tester-t124"
time=2026-08-21T18:19:40.402+08:00 level=DEBUG msg="discovery: skipping unreachable socket" socket=/tmp/tmux-501/ta-ed81bd4d8c17 err="query tmux on /tmp/tmux-501/ta-ed81bd4d8c17: exit status 1: no server running on /tmp/tmux-501/ta-ed81bd4d8c17"
time=2026-08-21T18:19:40.413+08:00 level=DEBUG msg="discovery: skipping unreachable socket" socket=/tmp/tmux-501/ta-f1ad1b378fc7 err="query tmux on /tmp/tmux-501/ta-f1ad1b378fc7: exit status 1: no server running on /tmp/tmux-501/ta-f1ad1b378fc7"
time=2026-08-21T18:19:40.439+08:00 level=DEBUG msg="discovery: skipping unreachable socket" socket=/tmp/tmux-501/ta-t121u01 err="query tmux on /tmp/tmux-501/ta-t121u01: exit status 1: no server running on /tmp/tmux-501/ta-t121u01"
time=2026-08-21T18:19:40.449+08:00 level=DEBUG msg="discovery: skipping unreachable socket" socket=/tmp/tmux-501/ta-t121u01b err="query tmux on /tmp/tmux-501/ta-t121u01b: exit status 1: no server running on /tmp/tmux-501/ta-t121u01b"
time=2026-08-21T18:19:40.458+08:00 level=DEBUG msg="discovery: skipping unreachable socket" socket=/tmp/tmux-501/ta-user-agents err="query tmux on /tmp/tmux-501/ta-user-agents: exit status 1: no server running on /tmp/tmux-501/ta-user-agents"
time=2026-08-21T18:19:40.779+08:00 level=DEBUG msg="discovery: skipping unreachable socket" socket=/tmp/tmux-501/t115d24675 err="query tmux on /tmp/tmux-501/t115d24675: exit status 1: no server running on /tmp/tmux-501/t115d24675"
time=2026-08-21T18:19:40.787+08:00 level=DEBUG msg="discovery: skipping unreachable socket" socket=/tmp/tmux-501/t115e31319 err="query tmux on /tmp/tmux-501/t115e31319: exit status 1: no server running on /tmp/tmux-501/t115e31319"
time=2026-08-21T18:19:40.795+08:00 level=DEBUG msg="discovery: skipping unreachable socket" socket=/tmp/tmux-501/t115f44898 err="query tmux on /tmp/tmux-501/t115f44898: exit status 1: no server running on /tmp/tmux-501/t115f44898"
time=2026-08-21T18:19:40.803+08:00 level=DEBUG msg="discovery: skipping unreachable socket" socket=/tmp/tmux-501/t115g47728 err="query tmux on /tmp/tmux-501/t115g47728: exit status 1: no server running on /tmp/tmux-501/t115g47728"
time=2026-08-21T18:19:40.812+08:00 level=DEBUG msg="discovery: skipping unreachable socket" socket=/tmp/tmux-501/ta-0bafa3965ade err="query tmux on /tmp/tmux-501/ta-0bafa3965ade: exit status 1: no server running on /tmp/tmux-501/ta-0bafa3965ade"
time=2026-08-21T18:19:40.838+08:00 level=DEBUG msg="discovery: skipping unreachable socket" socket=/tmp/tmux-501/ta-61709dcf801e err="query tmux on /tmp/tmux-501/ta-61709dcf801e: exit status 1: no server running on /tmp/tmux-501/ta-61709dcf801e"
time=2026-08-21T18:19:40.857+08:00 level=DEBUG msg="discovery: skipping unparsable pane line" socket=/tmp/tmux-501/ta-a9fd5b7defbd line="team-refactor-maintainability|6|%39|/Users/alauda/Documents/code/agent前沿探索/多agent协作|bash|87458|t.p9.review 零上下文设计审查已通过<|eos|> - grok|235x50|tester-t124"
time=2026-08-21T18:19:40.876+08:00 level=DEBUG msg="discovery: skipping unreachable socket" socket=/tmp/tmux-501/ta-ed81bd4d8c17 err="query tmux on /tmp/tmux-501/ta-ed81bd4d8c17: exit status 1: no server running on /tmp/tmux-501/ta-ed81bd4d8c17"
time=2026-08-21T18:19:40.886+08:00 level=DEBUG msg="discovery: skipping unreachable socket" socket=/tmp/tmux-501/ta-f1ad1b378fc7 err="query tmux on /tmp/tmux-501/ta-f1ad1b378fc7: exit status 1: no server running on /tmp/tmux-501/ta-f1ad1b378fc7"
time=2026-08-21T18:19:40.903+08:00 level=DEBUG msg="discovery: skipping unreachable socket" socket=/tmp/tmux-501/ta-t121u01 err="query tmux on /tmp/tmux-501/ta-t121u01: exit status 1: no server running on /tmp/tmux-501/ta-t121u01"
time=2026-08-21T18:19:40.914+08:00 level=DEBUG msg="discovery: skipping unreachable socket" socket=/tmp/tmux-501/ta-t121u01b err="query tmux on /tmp/tmux-501/ta-t121u01b: exit status 1: no server running on /tmp/tmux-501/ta-t121u01b"
time=2026-08-21T18:19:40.924+08:00 level=DEBUG msg="discovery: skipping unreachable socket" socket=/tmp/tmux-501/ta-user-agents err="query tmux on /tmp/tmux-501/ta-user-agents: exit status 1: no server running on /tmp/tmux-501/ta-user-agents"
time=2026-08-21T18:19:41.123+08:00 level=DEBUG msg="discovery: skipping unreachable socket" socket=/tmp/tmux-501/t115d24675 err="query tmux on /tmp/tmux-501/t115d24675: exit status 1: no server running on /tmp/tmux-501/t115d24675"
time=2026-08-21T18:19:41.124+08:00 level=DEBUG msg="discovery: skipping unreachable socket" socket=/tmp/tmux-501/t115d24675 err="query tmux on /tmp/tmux-501/t115d24675: exit status 1: no server running on /tmp/tmux-501/t115d24675"
time=2026-08-21T18:19:41.132+08:00 level=DEBUG msg="discovery: skipping unreachable socket" socket=/tmp/tmux-501/t115e31319 err="query tmux on /tmp/tmux-501/t115e31319: exit status 1: no server running on /tmp/tmux-501/t115e31319"
time=2026-08-21T18:19:41.134+08:00 level=DEBUG msg="discovery: skipping unreachable socket" socket=/tmp/tmux-501/t115e31319 err="query tmux on /tmp/tmux-501/t115e31319: exit status 1: no server running on /tmp/tmux-501/t115e31319"
time=2026-08-21T18:19:41.141+08:00 level=DEBUG msg="discovery: skipping unreachable socket" socket=/tmp/tmux-501/t115f44898 err="query tmux on /tmp/tmux-501/t115f44898: exit status 1: no server running on /tmp/tmux-501/t115f44898"
time=2026-08-21T18:19:41.143+08:00 level=DEBUG msg="discovery: skipping unreachable socket" socket=/tmp/tmux-501/t115f44898 err="query tmux on /tmp/tmux-501/t115f44898: exit status 1: no server running on /tmp/tmux-501/t115f44898"
time=2026-08-21T18:19:41.150+08:00 level=DEBUG msg="discovery: skipping unreachable socket" socket=/tmp/tmux-501/t115g47728 err="query tmux on /tmp/tmux-501/t115g47728: exit status 1: no server running on /tmp/tmux-501/t115g47728"
time=2026-08-21T18:19:41.152+08:00 level=DEBUG msg="discovery: skipping unreachable socket" socket=/tmp/tmux-501/t115g47728 err="query tmux on /tmp/tmux-501/t115g47728: exit status 1: no server running on /tmp/tmux-501/t115g47728"
time=2026-08-21T18:19:41.160+08:00 level=DEBUG msg="discovery: skipping unreachable socket" socket=/tmp/tmux-501/ta-0bafa3965ade err="query tmux on /tmp/tmux-501/ta-0bafa3965ade: exit status 1: no server running on /tmp/tmux-501/ta-0bafa3965ade"
time=2026-08-21T18:19:41.164+08:00 level=DEBUG msg="discovery: skipping unreachable socket" socket=/tmp/tmux-501/ta-0bafa3965ade err="query tmux on /tmp/tmux-501/ta-0bafa3965ade: exit status 1: no server running on /tmp/tmux-501/ta-0bafa3965ade"
time=2026-08-21T18:19:41.196+08:00 level=DEBUG msg="discovery: skipping unreachable socket" socket=/tmp/tmux-501/ta-61709dcf801e err="query tmux on /tmp/tmux-501/ta-61709dcf801e: exit status 1: no server running on /tmp/tmux-501/ta-61709dcf801e"
time=2026-08-21T18:19:41.198+08:00 level=DEBUG msg="discovery: skipping unreachable socket" socket=/tmp/tmux-501/ta-61709dcf801e err="query tmux on /tmp/tmux-501/ta-61709dcf801e: exit status 1: no server running on /tmp/tmux-501/ta-61709dcf801e"
time=2026-08-21T18:19:41.216+08:00 level=DEBUG msg="discovery: skipping unparsable pane line" socket=/tmp/tmux-501/ta-a9fd5b7defbd line="team-refactor-maintainability|6|%39|/Users/alauda/Documents/code/agent前沿探索/多agent协作|bash|87458|t.p9.review 零上下文设计审查已通过<|eos|> - grok|235x50|tester-t124"
time=2026-08-21T18:19:41.219+08:00 level=DEBUG msg="discovery: skipping unparsable pane line" socket=/tmp/tmux-501/ta-a9fd5b7defbd line="team-refactor-maintainability|6|%39|/Users/alauda/Documents/code/agent前沿探索/多agent协作|bash|87458|t.p9.review 零上下文设计审查已通过<|eos|> - grok|235x50|tester-t124"
time=2026-08-21T18:19:41.240+08:00 level=DEBUG msg="discovery: skipping unreachable socket" socket=/tmp/tmux-501/ta-ed81bd4d8c17 err="query tmux on /tmp/tmux-501/ta-ed81bd4d8c17: exit status 1: no server running on /tmp/tmux-501/ta-ed81bd4d8c17"
time=2026-08-21T18:19:41.242+08:00 level=DEBUG msg="discovery: skipping unreachable socket" socket=/tmp/tmux-501/ta-ed81bd4d8c17 err="query tmux on /tmp/tmux-501/ta-ed81bd4d8c17: exit status 1: no server running on /tmp/tmux-501/ta-ed81bd4d8c17"
time=2026-08-21T18:19:41.249+08:00 level=DEBUG msg="discovery: skipping unreachable socket" socket=/tmp/tmux-501/ta-f1ad1b378fc7 err="query tmux on /tmp/tmux-501/ta-f1ad1b378fc7: exit status 1: no server running on /tmp/tmux-501/ta-f1ad1b378fc7"
time=2026-08-21T18:19:41.251+08:00 level=DEBUG msg="discovery: skipping unreachable socket" socket=/tmp/tmux-501/ta-f1ad1b378fc7 err="query tmux on /tmp/tmux-501/ta-f1ad1b378fc7: exit status 1: no server running on /tmp/tmux-501/ta-f1ad1b378fc7"
time=2026-08-21T18:19:41.270+08:00 level=DEBUG msg="discovery: skipping unreachable socket" socket=/tmp/tmux-501/ta-t121u01 err="query tmux on /tmp/tmux-501/ta-t121u01: exit status 1: no server running on /tmp/tmux-501/ta-t121u01"
time=2026-08-21T18:19:41.278+08:00 level=DEBUG msg="discovery: skipping unreachable socket" socket=/tmp/tmux-501/ta-t121u01 err="query tmux on /tmp/tmux-501/ta-t121u01: exit status 1: no server running on /tmp/tmux-501/ta-t121u01"
time=2026-08-21T18:19:41.280+08:00 level=DEBUG msg="discovery: skipping unreachable socket" socket=/tmp/tmux-501/ta-t121u01b err="query tmux on /tmp/tmux-501/ta-t121u01b: exit status 1: no server running on /tmp/tmux-501/ta-t121u01b"
time=2026-08-21T18:19:41.287+08:00 level=DEBUG msg="discovery: skipping unreachable socket" socket=/tmp/tmux-501/ta-t121u01b err="query tmux on /tmp/tmux-501/ta-t121u01b: exit status 1: no server running on /tmp/tmux-501/ta-t121u01b"
time=2026-08-21T18:19:41.289+08:00 level=DEBUG msg="discovery: skipping unreachable socket" socket=/tmp/tmux-501/ta-user-agents err="query tmux on /tmp/tmux-501/ta-user-agents: exit status 1: no server running on /tmp/tmux-501/ta-user-agents"
time=2026-08-21T18:19:41.296+08:00 level=DEBUG msg="discovery: skipping unreachable socket" socket=/tmp/tmux-501/ta-user-agents err="query tmux on /tmp/tmux-501/ta-user-agents: exit status 1: no server running on /tmp/tmux-501/ta-user-agents"
time=2026-08-21T18:19:41.448+08:00 level=DEBUG msg="discovery: skipping unreachable socket" socket=/tmp/tmux-501/t115d24675 err="query tmux on /tmp/tmux-501/t115d24675: exit status 1: no server running on /tmp/tmux-501/t115d24675"
time=2026-08-21T18:19:41.449+08:00 level=DEBUG msg="discovery: skipping unreachable socket" socket=/tmp/tmux-501/t115d24675 err="query tmux on /tmp/tmux-501/t115d24675: exit status 1: no server running on /tmp/tmux-501/t115d24675"
time=2026-08-21T18:19:41.462+08:00 level=DEBUG msg="discovery: skipping unreachable socket" socket=/tmp/tmux-501/t115e31319 err="query tmux on /tmp/tmux-501/t115e31319: exit status 1: no server running on /tmp/tmux-501/t115e31319"
time=2026-08-21T18:19:41.462+08:00 level=DEBUG msg="discovery: skipping unreachable socket" socket=/tmp/tmux-501/t115e31319 err="query tmux on /tmp/tmux-501/t115e31319: exit status 1: no server running on /tmp/tmux-501/t115e31319"
time=2026-08-21T18:19:41.471+08:00 level=DEBUG msg="discovery: skipping unreachable socket" socket=/tmp/tmux-501/t115f44898 err="query tmux on /tmp/tmux-501/t115f44898: exit status 1: no server running on /tmp/tmux-501/t115f44898"
time=2026-08-21T18:19:41.471+08:00 level=DEBUG msg="discovery: skipping unreachable socket" socket=/tmp/tmux-501/t115f44898 err="query tmux on /tmp/tmux-501/t115f44898: exit status 1: no server running on /tmp/tmux-501/t115f44898"
time=2026-08-21T18:19:41.481+08:00 level=DEBUG msg="discovery: skipping unreachable socket" socket=/tmp/tmux-501/t115g47728 err="query tmux on /tmp/tmux-501/t115g47728: exit status 1: no server running on /tmp/tmux-501/t115g47728"
time=2026-08-21T18:19:41.481+08:00 level=DEBUG msg="discovery: skipping unreachable socket" socket=/tmp/tmux-501/t115g47728 err="query tmux on /tmp/tmux-501/t115g47728: exit status 1: no server running on /tmp/tmux-501/t115g47728"
time=2026-08-21T18:19:41.490+08:00 level=DEBUG msg="discovery: skipping unreachable socket" socket=/tmp/tmux-501/ta-0bafa3965ade err="query tmux on /tmp/tmux-501/ta-0bafa3965ade: exit status 1: no server running on /tmp/tmux-501/ta-0bafa3965ade"
time=2026-08-21T18:19:41.491+08:00 level=DEBUG msg="discovery: skipping unreachable socket" socket=/tmp/tmux-501/ta-0bafa3965ade err="query tmux on /tmp/tmux-501/ta-0bafa3965ade: exit status 1: no server running on /tmp/tmux-501/ta-0bafa3965ade"
time=2026-08-21T18:19:41.528+08:00 level=DEBUG msg="discovery: skipping unreachable socket" socket=/tmp/tmux-501/ta-61709dcf801e err="query tmux on /tmp/tmux-501/ta-61709dcf801e: exit status 1: no server running on /tmp/tmux-501/ta-61709dcf801e"
time=2026-08-21T18:19:41.528+08:00 level=DEBUG msg="discovery: skipping unreachable socket" socket=/tmp/tmux-501/ta-61709dcf801e err="query tmux on /tmp/tmux-501/ta-61709dcf801e: exit status 1: no server running on /tmp/tmux-501/ta-61709dcf801e"
time=2026-08-21T18:19:41.549+08:00 level=DEBUG msg="discovery: skipping unparsable pane line" socket=/tmp/tmux-501/ta-a9fd5b7defbd line="team-refactor-maintainability|6|%39|/Users/alauda/Documents/code/agent前沿探索/多agent协作|bash|87458|t.p9.review 零上下文设计审查已通过<|eos|> - grok|235x50|tester-t124"
time=2026-08-21T18:19:41.549+08:00 level=DEBUG msg="discovery: skipping unparsable pane line" socket=/tmp/tmux-501/ta-a9fd5b7defbd line="team-refactor-maintainability|6|%39|/Users/alauda/Documents/code/agent前沿探索/多agent协作|bash|87458|t.p9.review 零上下文设计审查已通过<|eos|> - grok|235x50|tester-t124"
time=2026-08-21T18:19:41.574+08:00 level=DEBUG msg="discovery: skipping unreachable socket" socket=/tmp/tmux-501/ta-ed81bd4d8c17 err="query tmux on /tmp/tmux-501/ta-ed81bd4d8c17: exit status 1: no server running on /tmp/tmux-501/ta-ed81bd4d8c17"
time=2026-08-21T18:19:41.575+08:00 level=DEBUG msg="discovery: skipping unreachable socket" socket=/tmp/tmux-501/ta-ed81bd4d8c17 err="query tmux on /tmp/tmux-501/ta-ed81bd4d8c17: exit status 1: no server running on /tmp/tmux-501/ta-ed81bd4d8c17"
time=2026-08-21T18:19:41.583+08:00 level=DEBUG msg="discovery: skipping unreachable socket" socket=/tmp/tmux-501/ta-f1ad1b378fc7 err="query tmux on /tmp/tmux-501/ta-f1ad1b378fc7: exit status 1: no server running on /tmp/tmux-501/ta-f1ad1b378fc7"
time=2026-08-21T18:19:41.583+08:00 level=DEBUG msg="discovery: skipping unreachable socket" socket=/tmp/tmux-501/ta-f1ad1b378fc7 err="query tmux on /tmp/tmux-501/ta-f1ad1b378fc7: exit status 1: no server running on /tmp/tmux-501/ta-f1ad1b378fc7"
time=2026-08-21T18:19:41.603+08:00 level=DEBUG msg="discovery: skipping unreachable socket" socket=/tmp/tmux-501/ta-t121u01 err="query tmux on /tmp/tmux-501/ta-t121u01: exit status 1: no server running on /tmp/tmux-501/ta-t121u01"
time=2026-08-21T18:19:41.603+08:00 level=DEBUG msg="discovery: skipping unreachable socket" socket=/tmp/tmux-501/ta-t121u01 err="query tmux on /tmp/tmux-501/ta-t121u01: exit status 1: no server running on /tmp/tmux-501/ta-t121u01"
time=2026-08-21T18:19:41.622+08:00 level=DEBUG msg="discovery: skipping unreachable socket" socket=/tmp/tmux-501/ta-t121u01b err="query tmux on /tmp/tmux-501/ta-t121u01b: exit status 1: no server running on /tmp/tmux-501/ta-t121u01b"
time=2026-08-21T18:19:41.622+08:00 level=DEBUG msg="discovery: skipping unreachable socket" socket=/tmp/tmux-501/ta-t121u01b err="query tmux on /tmp/tmux-501/ta-t121u01b: exit status 1: no server running on /tmp/tmux-501/ta-t121u01b"
time=2026-08-21T18:19:41.631+08:00 level=DEBUG msg="discovery: skipping unreachable socket" socket=/tmp/tmux-501/ta-user-agents err="query tmux on /tmp/tmux-501/ta-user-agents: exit status 1: no server running on /tmp/tmux-501/ta-user-agents"
time=2026-08-21T18:19:41.631+08:00 level=DEBUG msg="discovery: skipping unreachable socket" socket=/tmp/tmux-501/ta-user-agents err="query tmux on /tmp/tmux-501/ta-user-agents: exit status 1: no server running on /tmp/tmux-501/ta-user-agents"
time=2026-08-21T18:19:41.782+08:00 level=DEBUG msg="discovery: skipping unreachable socket" socket=/tmp/tmux-501/t115d24675 err="query tmux on /tmp/tmux-501/t115d24675: exit status 1: no server running on /tmp/tmux-501/t115d24675"
time=2026-08-21T18:19:41.791+08:00 level=DEBUG msg="discovery: skipping unreachable socket" socket=/tmp/tmux-501/t115e31319 err="query tmux on /tmp/tmux-501/t115e31319: exit status 1: no server running on /tmp/tmux-501/t115e31319"
time=2026-08-21T18:19:41.803+08:00 level=DEBUG msg="discovery: skipping unreachable socket" socket=/tmp/tmux-501/t115f44898 err="query tmux on /tmp/tmux-501/t115f44898: exit status 1: no server running on /tmp/tmux-501/t115f44898"
time=2026-08-21T18:19:41.813+08:00 level=DEBUG msg="discovery: skipping unreachable socket" socket=/tmp/tmux-501/t115g47728 err="query tmux on /tmp/tmux-501/t115g47728: exit status 1: no server running on /tmp/tmux-501/t115g47728"
time=2026-08-21T18:19:41.821+08:00 level=DEBUG msg="discovery: skipping unreachable socket" socket=/tmp/tmux-501/ta-0bafa3965ade err="query tmux on /tmp/tmux-501/ta-0bafa3965ade: exit status 1: no server running on /tmp/tmux-501/ta-0bafa3965ade"
time=2026-08-21T18:19:41.849+08:00 level=DEBUG msg="discovery: skipping unreachable socket" socket=/tmp/tmux-501/ta-61709dcf801e err="query tmux on /tmp/tmux-501/ta-61709dcf801e: exit status 1: no server running on /tmp/tmux-501/ta-61709dcf801e"
time=2026-08-21T18:19:41.868+08:00 level=DEBUG msg="discovery: skipping unparsable pane line" socket=/tmp/tmux-501/ta-a9fd5b7defbd line="team-refactor-maintainability|6|%39|/Users/alauda/Documents/code/agent前沿探索/多agent协作|bash|87458|t.p9.review 零上下文设计审查已通过<|eos|> - grok|235x50|tester-t124"
time=2026-08-21T18:19:41.887+08:00 level=DEBUG msg="discovery: skipping unreachable socket" socket=/tmp/tmux-501/ta-ed81bd4d8c17 err="query tmux on /tmp/tmux-501/ta-ed81bd4d8c17: exit status 1: no server running on /tmp/tmux-501/ta-ed81bd4d8c17"
time=2026-08-21T18:19:41.896+08:00 level=DEBUG msg="discovery: skipping unreachable socket" socket=/tmp/tmux-501/ta-f1ad1b378fc7 err="query tmux on /tmp/tmux-501/ta-f1ad1b378fc7: exit status 1: no server running on /tmp/tmux-501/ta-f1ad1b378fc7"
time=2026-08-21T18:19:41.913+08:00 level=DEBUG msg="discovery: skipping unreachable socket" socket=/tmp/tmux-501/ta-t121u01 err="query tmux on /tmp/tmux-501/ta-t121u01: exit status 1: no server running on /tmp/tmux-501/ta-t121u01"
time=2026-08-21T18:19:41.922+08:00 level=DEBUG msg="discovery: skipping unreachable socket" socket=/tmp/tmux-501/ta-t121u01b err="query tmux on /tmp/tmux-501/ta-t121u01b: exit status 1: no server running on /tmp/tmux-501/ta-t121u01b"
time=2026-08-21T18:19:41.931+08:00 level=DEBUG msg="discovery: skipping unreachable socket" socket=/tmp/tmux-501/ta-user-agents err="query tmux on /tmp/tmux-501/ta-user-agents: exit status 1: no server running on /tmp/tmux-501/ta-user-agents"
time=2026-08-21T18:19:43.787+08:00 level=DEBUG msg="discovery: skipping unreachable socket" socket=/tmp/tmux-501/t115d24675 err="query tmux on /tmp/tmux-501/t115d24675: exit status 1: no server running on /tmp/tmux-501/t115d24675"
time=2026-08-21T18:19:43.874+08:00 level=DEBUG msg="discovery: skipping unreachable socket" socket=/tmp/tmux-501/t115e31319 err="query tmux on /tmp/tmux-501/t115e31319: exit status 1: no server running on /tmp/tmux-501/t115e31319"
time=2026-08-21T18:19:43.883+08:00 level=DEBUG msg="discovery: skipping unreachable socket" socket=/tmp/tmux-501/t115f44898 err="query tmux on /tmp/tmux-501/t115f44898: exit status 1: no server running on /tmp/tmux-501/t115f44898"
time=2026-08-21T18:19:43.891+08:00 level=DEBUG msg="discovery: skipping unreachable socket" socket=/tmp/tmux-501/t115g47728 err="query tmux on /tmp/tmux-501/t115g47728: exit status 1: no server running on /tmp/tmux-501/t115g47728"
time=2026-08-21T18:19:43.900+08:00 level=DEBUG msg="discovery: skipping unreachable socket" socket=/tmp/tmux-501/ta-0bafa3965ade err="query tmux on /tmp/tmux-501/ta-0bafa3965ade: exit status 1: no server running on /tmp/tmux-501/ta-0bafa3965ade"
time=2026-08-21T18:19:43.930+08:00 level=DEBUG msg="discovery: skipping unreachable socket" socket=/tmp/tmux-501/ta-61709dcf801e err="query tmux on /tmp/tmux-501/ta-61709dcf801e: exit status 1: no server running on /tmp/tmux-501/ta-61709dcf801e"
time=2026-08-21T18:19:43.948+08:00 level=DEBUG msg="discovery: skipping unparsable pane line" socket=/tmp/tmux-501/ta-a9fd5b7defbd line="team-refactor-maintainability|6|%39|/Users/alauda/Documents/code/agent前沿探索/多agent协作|bash|87458|t.p9.review 零上下文设计审查已通过<|eos|> - grok|235x50|tester-t124"
time=2026-08-21T18:19:43.967+08:00 level=DEBUG msg="discovery: skipping unreachable socket" socket=/tmp/tmux-501/ta-ed81bd4d8c17 err="query tmux on /tmp/tmux-501/ta-ed81bd4d8c17: exit status 1: no server running on /tmp/tmux-501/ta-ed81bd4d8c17"
time=2026-08-21T18:19:43.976+08:00 level=DEBUG msg="discovery: skipping unreachable socket" socket=/tmp/tmux-501/ta-f1ad1b378fc7 err="query tmux on /tmp/tmux-501/ta-f1ad1b378fc7: exit status 1: no server running on /tmp/tmux-501/ta-f1ad1b378fc7"
time=2026-08-21T18:19:43.993+08:00 level=DEBUG msg="discovery: skipping unreachable socket" socket=/tmp/tmux-501/ta-t121u01 err="query tmux on /tmp/tmux-501/ta-t121u01: exit status 1: no server running on /tmp/tmux-501/ta-t121u01"
time=2026-08-21T18:19:44.001+08:00 level=DEBUG msg="discovery: skipping unreachable socket" socket=/tmp/tmux-501/ta-t121u01b err="query tmux on /tmp/tmux-501/ta-t121u01b: exit status 1: no server running on /tmp/tmux-501/ta-t121u01b"
time=2026-08-21T18:19:44.011+08:00 level=DEBUG msg="discovery: skipping unreachable socket" socket=/tmp/tmux-501/ta-user-agents err="query tmux on /tmp/tmux-501/ta-user-agents: exit status 1: no server running on /tmp/tmux-501/ta-user-agents"
time=2026-08-21T18:19:44.732+08:00 level=DEBUG msg="listing: no changes"
time=2026-08-21T18:19:45.262+08:00 level=DEBUG msg="discovery: skipping unreachable socket" socket=/tmp/tmux-501/t115d24675 err="query tmux on /tmp/tmux-501/t115d24675: exit status 1: no server running on /tmp/tmux-501/t115d24675"
time=2026-08-21T18:19:45.271+08:00 level=DEBUG msg="discovery: skipping unreachable socket" socket=/tmp/tmux-501/t115e31319 err="query tmux on /tmp/tmux-501/t115e31319: exit status 1: no server running on /tmp/tmux-501/t115e31319"
time=2026-08-21T18:19:45.280+08:00 level=DEBUG msg="discovery: skipping unreachable socket" socket=/tmp/tmux-501/t115f44898 err="query tmux on /tmp/tmux-501/t115f44898: exit status 1: no server running on /tmp/tmux-501/t115f44898"
time=2026-08-21T18:19:45.290+08:00 level=DEBUG msg="discovery: skipping unreachable socket" socket=/tmp/tmux-501/t115g47728 err="query tmux on /tmp/tmux-501/t115g47728: exit status 1: no server running on /tmp/tmux-501/t115g47728"
time=2026-08-21T18:19:45.299+08:00 level=DEBUG msg="discovery: skipping unreachable socket" socket=/tmp/tmux-501/ta-0bafa3965ade err="query tmux on /tmp/tmux-501/ta-0bafa3965ade: exit status 1: no server running on /tmp/tmux-501/ta-0bafa3965ade"
time=2026-08-21T18:19:45.327+08:00 level=DEBUG msg="discovery: skipping unreachable socket" socket=/tmp/tmux-501/ta-61709dcf801e err="query tmux on /tmp/tmux-501/ta-61709dcf801e: exit status 1: no server running on /tmp/tmux-501/ta-61709dcf801e"
time=2026-08-21T18:19:45.349+08:00 level=DEBUG msg="discovery: skipping unparsable pane line" socket=/tmp/tmux-501/ta-a9fd5b7defbd line="team-refactor-maintainability|6|%39|/Users/alauda/Documents/code/agent前沿探索/多agent协作|bash|87458|t.p9.review 零上下文设计审查已通过<|eos|> - grok|235x50|tester-t124"
time=2026-08-21T18:19:45.367+08:00 level=DEBUG msg="discovery: skipping unreachable socket" socket=/tmp/tmux-501/ta-ed81bd4d8c17 err="query tmux on /tmp/tmux-501/ta-ed81bd4d8c17: exit status 1: no server running on /tmp/tmux-501/ta-ed81bd4d8c17"
time=2026-08-21T18:19:45.376+08:00 level=DEBUG msg="discovery: skipping unreachable socket" socket=/tmp/tmux-501/ta-f1ad1b378fc7 err="query tmux on /tmp/tmux-501/ta-f1ad1b378fc7: exit status 1: no server running on /tmp/tmux-501/ta-f1ad1b378fc7"
time=2026-08-21T18:19:45.393+08:00 level=DEBUG msg="discovery: skipping unreachable socket" socket=/tmp/tmux-501/ta-t121u01 err="query tmux on /tmp/tmux-501/ta-t121u01: exit status 1: no server running on /tmp/tmux-501/ta-t121u01"
time=2026-08-21T18:19:45.402+08:00 level=DEBUG msg="discovery: skipping unreachable socket" socket=/tmp/tmux-501/ta-t121u01b err="query tmux on /tmp/tmux-501/ta-t121u01b: exit status 1: no server running on /tmp/tmux-501/ta-t121u01b"
time=2026-08-21T18:19:45.410+08:00 level=DEBUG msg="discovery: skipping unreachable socket" socket=/tmp/tmux-501/ta-user-agents err="query tmux on /tmp/tmux-501/ta-user-agents: exit status 1: no server running on /tmp/tmux-501/ta-user-agents"
time=2026-08-21T18:19:45.817+08:00 level=DEBUG msg="listing: no changes"
time=2026-08-21T18:19:45.817+08:00 level=INFO msg="listing: refresh on open" req_id=4 had_cache=true prev_seq=2 prev_sessions=48 cur_sessions=48 cur_seq=2 refresh_err=""
time=2026-08-21T18:19:46.177+08:00 level=DEBUG msg="discovery: skipping unreachable socket" socket=/tmp/tmux-501/t115d24675 err="query tmux on /tmp/tmux-501/t115d24675: exit status 1: no server running on /tmp/tmux-501/t115d24675"
time=2026-08-21T18:19:46.186+08:00 level=DEBUG msg="discovery: skipping unreachable socket" socket=/tmp/tmux-501/t115e31319 err="query tmux on /tmp/tmux-501/t115e31319: exit status 1: no server running on /tmp/tmux-501/t115e31319"
time=2026-08-21T18:19:46.197+08:00 level=DEBUG msg="discovery: skipping unreachable socket" socket=/tmp/tmux-501/t115f44898 err="query tmux on /tmp/tmux-501/t115f44898: exit status 1: no server running on /tmp/tmux-501/t115f44898"
time=2026-08-21T18:19:46.208+08:00 level=DEBUG msg="discovery: skipping unreachable socket" socket=/tmp/tmux-501/t115g47728 err="query tmux on /tmp/tmux-501/t115g47728: exit status 1: no server running on /tmp/tmux-501/t115g47728"
time=2026-08-21T18:19:46.217+08:00 level=DEBUG msg="discovery: skipping unreachable socket" socket=/tmp/tmux-501/ta-0bafa3965ade err="query tmux on /tmp/tmux-501/ta-0bafa3965ade: exit status 1: no server running on /tmp/tmux-501/ta-0bafa3965ade"
time=2026-08-21T18:19:46.246+08:00 level=DEBUG msg="discovery: skipping unreachable socket" socket=/tmp/tmux-501/ta-61709dcf801e err="query tmux on /tmp/tmux-501/ta-61709dcf801e: exit status 1: no server running on /tmp/tmux-501/ta-61709dcf801e"
time=2026-08-21T18:19:46.272+08:00 level=DEBUG msg="discovery: skipping unparsable pane line" socket=/tmp/tmux-501/ta-a9fd5b7defbd line="team-refactor-maintainability|6|%39|/Users/alauda/Documents/code/agent前沿探索/多agent协作|bash|87458|t.p9.review 零上下文设计审查已通过<|eos|> - grok|235x50|tester-t124"
time=2026-08-21T18:19:46.294+08:00 level=DEBUG msg="discovery: skipping unreachable socket" socket=/tmp/tmux-501/ta-ed81bd4d8c17 err="query tmux on /tmp/tmux-501/ta-ed81bd4d8c17: exit status 1: no server running on /tmp/tmux-501/ta-ed81bd4d8c17"
time=2026-08-21T18:19:46.307+08:00 level=DEBUG msg="discovery: skipping unreachable socket" socket=/tmp/tmux-501/ta-f1ad1b378fc7 err="query tmux on /tmp/tmux-501/ta-f1ad1b378fc7: exit status 1: no server running on /tmp/tmux-501/ta-f1ad1b378fc7"
time=2026-08-21T18:19:46.325+08:00 level=DEBUG msg="discovery: skipping unreachable socket" socket=/tmp/tmux-501/ta-t121u01 err="query tmux on /tmp/tmux-501/ta-t121u01: exit status 1: no server running on /tmp/tmux-501/ta-t121u01"
time=2026-08-21T18:19:46.333+08:00 level=DEBUG msg="discovery: skipping unreachable socket" socket=/tmp/tmux-501/ta-t121u01b err="query tmux on /tmp/tmux-501/ta-t121u01b: exit status 1: no server running on /tmp/tmux-501/ta-t121u01b"
time=2026-08-21T18:19:46.343+08:00 level=DEBUG msg="discovery: skipping unreachable socket" socket=/tmp/tmux-501/ta-user-agents err="query tmux on /tmp/tmux-501/ta-user-agents: exit status 1: no server running on /tmp/tmux-501/ta-user-agents"
time=2026-08-21T18:19:47.955+08:00 level=DEBUG msg="listing: no changes"
time=2026-08-21T18:19:48.500+08:00 level=DEBUG msg="discovery: skipping unreachable socket" socket=/tmp/tmux-501/t115d24675 err="query tmux on /tmp/tmux-501/t115d24675: exit status 1: no server running on /tmp/tmux-501/t115d24675"
time=2026-08-21T18:19:48.511+08:00 level=DEBUG msg="discovery: skipping unreachable socket" socket=/tmp/tmux-501/t115e31319 err="query tmux on /tmp/tmux-501/t115e31319: exit status 1: no server running on /tmp/tmux-501/t115e31319"
time=2026-08-21T18:19:48.517+08:00 level=DEBUG msg="discovery: skipping unreachable socket" socket=/tmp/tmux-501/t115d24675 err="query tmux on /tmp/tmux-501/t115d24675: exit status 1: no server running on /tmp/tmux-501/t115d24675"
time=2026-08-21T18:19:48.520+08:00 level=DEBUG msg="discovery: skipping unreachable socket" socket=/tmp/tmux-501/t115f44898 err="query tmux on /tmp/tmux-501/t115f44898: exit status 1: no server running on /tmp/tmux-501/t115f44898"
time=2026-08-21T18:19:48.526+08:00 level=DEBUG msg="discovery: skipping unreachable socket" socket=/tmp/tmux-501/t115e31319 err="query tmux on /tmp/tmux-501/t115e31319: exit status 1: no server running on /tmp/tmux-501/t115e31319"
time=2026-08-21T18:19:48.530+08:00 level=DEBUG msg="discovery: skipping unreachable socket" socket=/tmp/tmux-501/t115g47728 err="query tmux on /tmp/tmux-501/t115g47728: exit status 1: no server running on /tmp/tmux-501/t115g47728"
time=2026-08-21T18:19:48.536+08:00 level=DEBUG msg="discovery: skipping unreachable socket" socket=/tmp/tmux-501/t115f44898 err="query tmux on /tmp/tmux-501/t115f44898: exit status 1: no server running on /tmp/tmux-501/t115f44898"
time=2026-08-21T18:19:48.539+08:00 level=DEBUG msg="discovery: skipping unreachable socket" socket=/tmp/tmux-501/ta-0bafa3965ade err="query tmux on /tmp/tmux-501/ta-0bafa3965ade: exit status 1: no server running on /tmp/tmux-501/ta-0bafa3965ade"
time=2026-08-21T18:19:48.545+08:00 level=DEBUG msg="discovery: skipping unreachable socket" socket=/tmp/tmux-501/t115g47728 err="query tmux on /tmp/tmux-501/t115g47728: exit status 1: no server running on /tmp/tmux-501/t115g47728"
time=2026-08-21T18:19:48.554+08:00 level=DEBUG msg="discovery: skipping unreachable socket" socket=/tmp/tmux-501/ta-0bafa3965ade err="query tmux on /tmp/tmux-501/ta-0bafa3965ade: exit status 1: no server running on /tmp/tmux-501/ta-0bafa3965ade"
time=2026-08-21T18:19:48.567+08:00 level=DEBUG msg="discovery: skipping unreachable socket" socket=/tmp/tmux-501/ta-61709dcf801e err="query tmux on /tmp/tmux-501/ta-61709dcf801e: exit status 1: no server running on /tmp/tmux-501/ta-61709dcf801e"
time=2026-08-21T18:19:48.592+08:00 level=DEBUG msg="discovery: skipping unreachable socket" socket=/tmp/tmux-501/ta-61709dcf801e err="query tmux on /tmp/tmux-501/ta-61709dcf801e: exit status 1: no server running on /tmp/tmux-501/ta-61709dcf801e"
time=2026-08-21T18:19:48.597+08:00 level=DEBUG msg="discovery: skipping unparsable pane line" socket=/tmp/tmux-501/ta-a9fd5b7defbd line="team-refactor-maintainability|6|%39|/Users/alauda/Documents/code/agent前沿探索/多agent协作|bash|87458|t.p9.review 零上下文设计审查已通过<|eos|> - grok|235x50|tester-t124"
time=2026-08-21T18:19:48.616+08:00 level=DEBUG msg="discovery: skipping unparsable pane line" socket=/tmp/tmux-501/ta-a9fd5b7defbd line="team-refactor-maintainability|6|%39|/Users/alauda/Documents/code/agent前沿探索/多agent协作|bash|87458|t.p9.review 零上下文设计审查已通过<|eos|> - grok|235x50|tester-t124"
time=2026-08-21T18:19:48.622+08:00 level=DEBUG msg="discovery: skipping unreachable socket" socket=/tmp/tmux-501/ta-ed81bd4d8c17 err="query tmux on /tmp/tmux-501/ta-ed81bd4d8c17: exit status 1: no server running on /tmp/tmux-501/ta-ed81bd4d8c17"
time=2026-08-21T18:19:48.636+08:00 level=DEBUG msg="discovery: skipping unreachable socket" socket=/tmp/tmux-501/ta-f1ad1b378fc7 err="query tmux on /tmp/tmux-501/ta-f1ad1b378fc7: exit status 1: no server running on /tmp/tmux-501/ta-f1ad1b378fc7"
time=2026-08-21T18:19:48.641+08:00 level=DEBUG msg="discovery: skipping unreachable socket" socket=/tmp/tmux-501/ta-ed81bd4d8c17 err="query tmux on /tmp/tmux-501/ta-ed81bd4d8c17: exit status 1: no server running on /tmp/tmux-501/ta-ed81bd4d8c17"
time=2026-08-21T18:19:48.652+08:00 level=DEBUG msg="discovery: skipping unreachable socket" socket=/tmp/tmux-501/ta-f1ad1b378fc7 err="query tmux on /tmp/tmux-501/ta-f1ad1b378fc7: exit status 1: no server running on /tmp/tmux-501/ta-f1ad1b378fc7"
time=2026-08-21T18:19:48.662+08:00 level=DEBUG msg="discovery: skipping unreachable socket" socket=/tmp/tmux-501/ta-t121u01 err="query tmux on /tmp/tmux-501/ta-t121u01: exit status 1: no server running on /tmp/tmux-501/ta-t121u01"
time=2026-08-21T18:19:48.672+08:00 level=DEBUG msg="discovery: skipping unreachable socket" socket=/tmp/tmux-501/ta-t121u01b err="query tmux on /tmp/tmux-501/ta-t121u01b: exit status 1: no server running on /tmp/tmux-501/ta-t121u01b"
time=2026-08-21T18:19:48.673+08:00 level=DEBUG msg="discovery: skipping unreachable socket" socket=/tmp/tmux-501/ta-t121u01 err="query tmux on /tmp/tmux-501/ta-t121u01: exit status 1: no server running on /tmp/tmux-501/ta-t121u01"
time=2026-08-21T18:19:48.682+08:00 level=DEBUG msg="discovery: skipping unreachable socket" socket=/tmp/tmux-501/ta-user-agents err="query tmux on /tmp/tmux-501/ta-user-agents: exit status 1: no server running on /tmp/tmux-501/ta-user-agents"
time=2026-08-21T18:19:48.682+08:00 level=DEBUG msg="discovery: skipping unreachable socket" socket=/tmp/tmux-501/ta-t121u01b err="query tmux on /tmp/tmux-501/ta-t121u01b: exit status 1: no server running on /tmp/tmux-501/ta-t121u01b"
time=2026-08-21T18:19:48.692+08:00 level=DEBUG msg="discovery: skipping unreachable socket" socket=/tmp/tmux-501/ta-user-agents err="query tmux on /tmp/tmux-501/ta-user-agents: exit status 1: no server running on /tmp/tmux-501/ta-user-agents"
time=2026-08-21T18:19:50.759+08:00 level=DEBUG msg="discovery: skipping unreachable socket" socket=/tmp/tmux-501/t115d24675 err="query tmux on /tmp/tmux-501/t115d24675: exit status 1: no server running on /tmp/tmux-501/t115d24675"
time=2026-08-21T18:19:50.770+08:00 level=DEBUG msg="discovery: skipping unreachable socket" socket=/tmp/tmux-501/t115e31319 err="query tmux on /tmp/tmux-501/t115e31319: exit status 1: no server running on /tmp/tmux-501/t115e31319"
time=2026-08-21T18:19:50.782+08:00 level=DEBUG msg="discovery: skipping unreachable socket" socket=/tmp/tmux-501/t115f44898 err="query tmux on /tmp/tmux-501/t115f44898: exit status 1: no server running on /tmp/tmux-501/t115f44898"
time=2026-08-21T18:19:50.790+08:00 level=DEBUG msg="discovery: skipping unreachable socket" socket=/tmp/tmux-501/t115g47728 err="query tmux on /tmp/tmux-501/t115g47728: exit status 1: no server running on /tmp/tmux-501/t115g47728"
time=2026-08-21T18:19:50.799+08:00 level=DEBUG msg="discovery: skipping unreachable socket" socket=/tmp/tmux-501/ta-0bafa3965ade err="query tmux on /tmp/tmux-501/ta-0bafa3965ade: exit status 1: no server running on /tmp/tmux-501/ta-0bafa3965ade"
time=2026-08-21T18:19:50.829+08:00 level=DEBUG msg="discovery: skipping unreachable socket" socket=/tmp/tmux-501/ta-61709dcf801e err="query tmux on /tmp/tmux-501/ta-61709dcf801e: exit status 1: no server running on /tmp/tmux-501/ta-61709dcf801e"
time=2026-08-21T18:19:50.848+08:00 level=DEBUG msg="discovery: skipping unparsable pane line" socket=/tmp/tmux-501/ta-a9fd5b7defbd line="team-refactor-maintainability|6|%39|/Users/alauda/Documents/code/agent前沿探索/多agent协作|bash|87458|t.p9.review 零上下文设计审查已通过<|eos|> - grok|235x50|tester-t124"
time=2026-08-21T18:19:50.866+08:00 level=DEBUG msg="discovery: skipping unreachable socket" socket=/tmp/tmux-501/ta-ed81bd4d8c17 err="query tmux on /tmp/tmux-501/ta-ed81bd4d8c17: exit status 1: no server running on /tmp/tmux-501/ta-ed81bd4d8c17"
time=2026-08-21T18:19:50.879+08:00 level=DEBUG msg="discovery: skipping unreachable socket" socket=/tmp/tmux-501/ta-f1ad1b378fc7 err="query tmux on /tmp/tmux-501/ta-f1ad1b378fc7: exit status 1: no server running on /tmp/tmux-501/ta-f1ad1b378fc7"
time=2026-08-21T18:19:50.896+08:00 level=DEBUG msg="discovery: skipping unreachable socket" socket=/tmp/tmux-501/ta-t121u01 err="query tmux on /tmp/tmux-501/ta-t121u01: exit status 1: no server running on /tmp/tmux-501/ta-t121u01"
time=2026-08-21T18:19:50.905+08:00 level=DEBUG msg="discovery: skipping unreachable socket" socket=/tmp/tmux-501/ta-t121u01b err="query tmux on /tmp/tmux-501/ta-t121u01b: exit status 1: no server running on /tmp/tmux-501/ta-t121u01b"
time=2026-08-21T18:19:50.915+08:00 level=DEBUG msg="discovery: skipping unreachable socket" socket=/tmp/tmux-501/ta-user-agents err="query tmux on /tmp/tmux-501/ta-user-agents: exit status 1: no server running on /tmp/tmux-501/ta-user-agents"
time=2026-08-21T18:19:50.984+08:00 level=DEBUG msg="listing: no changes"
time=2026-08-21T18:19:51.516+08:00 level=DEBUG msg="discovery: skipping unreachable socket" socket=/tmp/tmux-501/t115d24675 err="query tmux on /tmp/tmux-501/t115d24675: exit status 1: no server running on /tmp/tmux-501/t115d24675"
time=2026-08-21T18:19:51.524+08:00 level=DEBUG msg="discovery: skipping unreachable socket" socket=/tmp/tmux-501/t115e31319 err="query tmux on /tmp/tmux-501/t115e31319: exit status 1: no server running on /tmp/tmux-501/t115e31319"
time=2026-08-21T18:19:51.533+08:00 level=DEBUG msg="discovery: skipping unreachable socket" socket=/tmp/tmux-501/t115f44898 err="query tmux on /tmp/tmux-501/t115f44898: exit status 1: no server running on /tmp/tmux-501/t115f44898"
time=2026-08-21T18:19:51.542+08:00 level=DEBUG msg="discovery: skipping unreachable socket" socket=/tmp/tmux-501/t115g47728 err="query tmux on /tmp/tmux-501/t115g47728: exit status 1: no server running on /tmp/tmux-501/t115g47728"
time=2026-08-21T18:19:51.550+08:00 level=DEBUG msg="discovery: skipping unreachable socket" socket=/tmp/tmux-501/ta-0bafa3965ade err="query tmux on /tmp/tmux-501/ta-0bafa3965ade: exit status 1: no server running on /tmp/tmux-501/ta-0bafa3965ade"
time=2026-08-21T18:19:51.576+08:00 level=DEBUG msg="discovery: skipping unreachable socket" socket=/tmp/tmux-501/ta-61709dcf801e err="query tmux on /tmp/tmux-501/ta-61709dcf801e: exit status 1: no server running on /tmp/tmux-501/ta-61709dcf801e"
time=2026-08-21T18:19:51.599+08:00 level=DEBUG msg="discovery: skipping unparsable pane line" socket=/tmp/tmux-501/ta-a9fd5b7defbd line="team-refactor-maintainability|6|%39|/Users/alauda/Documents/code/agent前沿探索/多agent协作|bash|87458|t.p9.review 零上下文设计审查已通过<|eos|> - grok|235x50|tester-t124"
time=2026-08-21T18:19:51.617+08:00 level=DEBUG msg="discovery: skipping unreachable socket" socket=/tmp/tmux-501/ta-ed81bd4d8c17 err="query tmux on /tmp/tmux-501/ta-ed81bd4d8c17: exit status 1: no server running on /tmp/tmux-501/ta-ed81bd4d8c17"
time=2026-08-21T18:19:51.626+08:00 level=DEBUG msg="discovery: skipping unreachable socket" socket=/tmp/tmux-501/ta-f1ad1b378fc7 err="query tmux on /tmp/tmux-501/ta-f1ad1b378fc7: exit status 1: no server running on /tmp/tmux-501/ta-f1ad1b378fc7"
time=2026-08-21T18:19:51.643+08:00 level=DEBUG msg="discovery: skipping unreachable socket" socket=/tmp/tmux-501/ta-t121u01 err="query tmux on /tmp/tmux-501/ta-t121u01: exit status 1: no server running on /tmp/tmux-501/ta-t121u01"
time=2026-08-21T18:19:51.651+08:00 level=DEBUG msg="discovery: skipping unreachable socket" socket=/tmp/tmux-501/ta-t121u01b err="query tmux on /tmp/tmux-501/ta-t121u01b: exit status 1: no server running on /tmp/tmux-501/ta-t121u01b"
time=2026-08-21T18:19:51.659+08:00 level=DEBUG msg="discovery: skipping unreachable socket" socket=/tmp/tmux-501/ta-user-agents err="query tmux on /tmp/tmux-501/ta-user-agents: exit status 1: no server running on /tmp/tmux-501/ta-user-agents"
time=2026-08-21T18:19:53.059+08:00 level=DEBUG msg="discovery: skipping unreachable socket" socket=/tmp/tmux-501/t115d24675 err="query tmux on /tmp/tmux-501/t115d24675: exit status 1: no server running on /tmp/tmux-501/t115d24675"
time=2026-08-21T18:19:53.067+08:00 level=DEBUG msg="discovery: skipping unreachable socket" socket=/tmp/tmux-501/t115e31319 err="query tmux on /tmp/tmux-501/t115e31319: exit status 1: no server running on /tmp/tmux-501/t115e31319"
time=2026-08-21T18:19:53.077+08:00 level=DEBUG msg="discovery: skipping unreachable socket" socket=/tmp/tmux-501/t115f44898 err="query tmux on /tmp/tmux-501/t115f44898: exit status 1: no server running on /tmp/tmux-501/t115f44898"
time=2026-08-21T18:19:53.085+08:00 level=DEBUG msg="discovery: skipping unreachable socket" socket=/tmp/tmux-501/t115g47728 err="query tmux on /tmp/tmux-501/t115g47728: exit status 1: no server running on /tmp/tmux-501/t115g47728"
time=2026-08-21T18:19:53.094+08:00 level=DEBUG msg="discovery: skipping unreachable socket" socket=/tmp/tmux-501/ta-0bafa3965ade err="query tmux on /tmp/tmux-501/ta-0bafa3965ade: exit status 1: no server running on /tmp/tmux-501/ta-0bafa3965ade"
time=2026-08-21T18:19:53.125+08:00 level=DEBUG msg="discovery: skipping unreachable socket" socket=/tmp/tmux-501/ta-61709dcf801e err="query tmux on /tmp/tmux-501/ta-61709dcf801e: exit status 1: no server running on /tmp/tmux-501/ta-61709dcf801e"
time=2026-08-21T18:19:53.217+08:00 level=DEBUG msg="discovery: skipping unparsable pane line" socket=/tmp/tmux-501/ta-a9fd5b7defbd line="team-refactor-maintainability|6|%39|/Users/alauda/Documents/code/agent前沿探索/多agent协作|bash|87458|t.p9.review 零上下文设计审查已通过<|eos|> - grok|235x50|tester-t124"
time=2026-08-21T18:19:53.237+08:00 level=DEBUG msg="discovery: skipping unreachable socket" socket=/tmp/tmux-501/ta-ed81bd4d8c17 err="query tmux on /tmp/tmux-501/ta-ed81bd4d8c17: exit status 1: no server running on /tmp/tmux-501/ta-ed81bd4d8c17"
time=2026-08-21T18:19:53.247+08:00 level=DEBUG msg="discovery: skipping unreachable socket" socket=/tmp/tmux-501/ta-f1ad1b378fc7 err="query tmux on /tmp/tmux-501/ta-f1ad1b378fc7: exit status 1: no server running on /tmp/tmux-501/ta-f1ad1b378fc7"
time=2026-08-21T18:19:53.269+08:00 level=DEBUG msg="discovery: skipping unreachable socket" socket=/tmp/tmux-501/ta-t121u01 err="query tmux on /tmp/tmux-501/ta-t121u01: exit status 1: no server running on /tmp/tmux-501/ta-t121u01"
time=2026-08-21T18:19:53.278+08:00 level=DEBUG msg="discovery: skipping unreachable socket" socket=/tmp/tmux-501/ta-t121u01b err="query tmux on /tmp/tmux-501/ta-t121u01b: exit status 1: no server running on /tmp/tmux-501/ta-t121u01b"
time=2026-08-21T18:19:53.287+08:00 level=DEBUG msg="discovery: skipping unreachable socket" socket=/tmp/tmux-501/ta-user-agents err="query tmux on /tmp/tmux-501/ta-user-agents: exit status 1: no server running on /tmp/tmux-501/ta-user-agents"
time=2026-08-21T18:19:54.031+08:00 level=DEBUG msg="listing: no changes"
time=2026-08-21T18:19:54.560+08:00 level=DEBUG msg="discovery: skipping unreachable socket" socket=/tmp/tmux-501/t115d24675 err="query tmux on /tmp/tmux-501/t115d24675: exit status 1: no server running on /tmp/tmux-501/t115d24675"
time=2026-08-21T18:19:54.568+08:00 level=DEBUG msg="discovery: skipping unreachable socket" socket=/tmp/tmux-501/t115e31319 err="query tmux on /tmp/tmux-501/t115e31319: exit status 1: no server running on /tmp/tmux-501/t115e31319"
time=2026-08-21T18:19:54.578+08:00 level=DEBUG msg="discovery: skipping unreachable socket" socket=/tmp/tmux-501/t115f44898 err="query tmux on /tmp/tmux-501/t115f44898: exit status 1: no server running on /tmp/tmux-501/t115f44898"
time=2026-08-21T18:19:54.587+08:00 level=DEBUG msg="discovery: skipping unreachable socket" socket=/tmp/tmux-501/t115g47728 err="query tmux on /tmp/tmux-501/t115g47728: exit status 1: no server running on /tmp/tmux-501/t115g47728"
time=2026-08-21T18:19:54.595+08:00 level=DEBUG msg="discovery: skipping unreachable socket" socket=/tmp/tmux-501/ta-0bafa3965ade err="query tmux on /tmp/tmux-501/ta-0bafa3965ade: exit status 1: no server running on /tmp/tmux-501/ta-0bafa3965ade"
time=2026-08-21T18:19:54.624+08:00 level=DEBUG msg="discovery: skipping unreachable socket" socket=/tmp/tmux-501/ta-61709dcf801e err="query tmux on /tmp/tmux-501/ta-61709dcf801e: exit status 1: no server running on /tmp/tmux-501/ta-61709dcf801e"
time=2026-08-21T18:19:54.643+08:00 level=DEBUG msg="discovery: skipping unparsable pane line" socket=/tmp/tmux-501/ta-a9fd5b7defbd line="team-refactor-maintainability|6|%39|/Users/alauda/Documents/code/agent前沿探索/多agent协作|bash|87458|t.p9.review 零上下文设计审查已通过<|eos|> - grok|235x50|tester-t124"
time=2026-08-21T18:19:54.663+08:00 level=DEBUG msg="discovery: skipping unreachable socket" socket=/tmp/tmux-501/ta-ed81bd4d8c17 err="query tmux on /tmp/tmux-501/ta-ed81bd4d8c17: exit status 1: no server running on /tmp/tmux-501/ta-ed81bd4d8c17"
time=2026-08-21T18:19:54.672+08:00 level=DEBUG msg="discovery: skipping unreachable socket" socket=/tmp/tmux-501/ta-f1ad1b378fc7 err="query tmux on /tmp/tmux-501/ta-f1ad1b378fc7: exit status 1: no server running on /tmp/tmux-501/ta-f1ad1b378fc7"
time=2026-08-21T18:19:54.689+08:00 level=DEBUG msg="discovery: skipping unreachable socket" socket=/tmp/tmux-501/ta-t121u01 err="query tmux on /tmp/tmux-501/ta-t121u01: exit status 1: no server running on /tmp/tmux-501/ta-t121u01"
time=2026-08-21T18:19:54.698+08:00 level=DEBUG msg="discovery: skipping unreachable socket" socket=/tmp/tmux-501/ta-t121u01b err="query tmux on /tmp/tmux-501/ta-t121u01b: exit status 1: no server running on /tmp/tmux-501/ta-t121u01b"
time=2026-08-21T18:19:54.707+08:00 level=DEBUG msg="discovery: skipping unreachable socket" socket=/tmp/tmux-501/ta-user-agents err="query tmux on /tmp/tmux-501/ta-user-agents: exit status 1: no server running on /tmp/tmux-501/ta-user-agents"
time=2026-08-21T18:19:55.410+08:00 level=DEBUG msg="discovery: skipping unreachable socket" socket=/tmp/tmux-501/t115d24675 err="query tmux on /tmp/tmux-501/t115d24675: exit status 1: no server running on /tmp/tmux-501/t115d24675"
time=2026-08-21T18:19:55.419+08:00 level=DEBUG msg="discovery: skipping unreachable socket" socket=/tmp/tmux-501/t115e31319 err="query tmux on /tmp/tmux-501/t115e31319: exit status 1: no server running on /tmp/tmux-501/t115e31319"
time=2026-08-21T18:19:55.428+08:00 level=DEBUG msg="discovery: skipping unreachable socket" socket=/tmp/tmux-501/t115f44898 err="query tmux on /tmp/tmux-501/t115f44898: exit status 1: no server running on /tmp/tmux-501/t115f44898"
time=2026-08-21T18:19:55.436+08:00 level=DEBUG msg="discovery: skipping unreachable socket" socket=/tmp/tmux-501/t115g47728 err="query tmux on /tmp/tmux-501/t115g47728: exit status 1: no server running on /tmp/tmux-501/t115g47728"
time=2026-08-21T18:19:55.445+08:00 level=DEBUG msg="discovery: skipping unreachable socket" socket=/tmp/tmux-501/ta-0bafa3965ade err="query tmux on /tmp/tmux-501/ta-0bafa3965ade: exit status 1: no server running on /tmp/tmux-501/ta-0bafa3965ade"
time=2026-08-21T18:19:55.472+08:00 level=DEBUG msg="discovery: skipping unreachable socket" socket=/tmp/tmux-501/ta-61709dcf801e err="query tmux on /tmp/tmux-501/ta-61709dcf801e: exit status 1: no server running on /tmp/tmux-501/ta-61709dcf801e"
time=2026-08-21T18:19:55.491+08:00 level=DEBUG msg="discovery: skipping unparsable pane line" socket=/tmp/tmux-501/ta-a9fd5b7defbd line="team-refactor-maintainability|6|%39|/Users/alauda/Documents/code/agent前沿探索/多agent协作|bash|87458|t.p9.review 零上下文设计审查已通过<|eos|> - grok|235x50|tester-t124"
time=2026-08-21T18:19:55.511+08:00 level=DEBUG msg="discovery: skipping unreachable socket" socket=/tmp/tmux-501/ta-ed81bd4d8c17 err="query tmux on /tmp/tmux-501/ta-ed81bd4d8c17: exit status 1: no server running on /tmp/tmux-501/ta-ed81bd4d8c17"
time=2026-08-21T18:19:55.519+08:00 level=DEBUG msg="discovery: skipping unreachable socket" socket=/tmp/tmux-501/ta-f1ad1b378fc7 err="query tmux on /tmp/tmux-501/ta-f1ad1b378fc7: exit status 1: no server running on /tmp/tmux-501/ta-f1ad1b378fc7"
time=2026-08-21T18:19:55.537+08:00 level=DEBUG msg="discovery: skipping unreachable socket" socket=/tmp/tmux-501/ta-t121u01 err="query tmux on /tmp/tmux-501/ta-t121u01: exit status 1: no server running on /tmp/tmux-501/ta-t121u01"
time=2026-08-21T18:19:55.547+08:00 level=DEBUG msg="discovery: skipping unreachable socket" socket=/tmp/tmux-501/ta-t121u01b err="query tmux on /tmp/tmux-501/ta-t121u01b: exit status 1: no server running on /tmp/tmux-501/ta-t121u01b"
time=2026-08-21T18:19:55.555+08:00 level=DEBUG msg="discovery: skipping unreachable socket" socket=/tmp/tmux-501/ta-user-agents err="query tmux on /tmp/tmux-501/ta-user-agents: exit status 1: no server running on /tmp/tmux-501/ta-user-agents"
time=2026-08-21T18:19:57.061+08:00 level=DEBUG msg="listing: no changes"
time=2026-08-21T18:19:57.589+08:00 level=DEBUG msg="discovery: skipping unreachable socket" socket=/tmp/tmux-501/t115d24675 err="query tmux on /tmp/tmux-501/t115d24675: exit status 1: no server running on /tmp/tmux-501/t115d24675"
time=2026-08-21T18:19:57.597+08:00 level=DEBUG msg="discovery: skipping unreachable socket" socket=/tmp/tmux-501/t115e31319 err="query tmux on /tmp/tmux-501/t115e31319: exit status 1: no server running on /tmp/tmux-501/t115e31319"
time=2026-08-21T18:19:57.606+08:00 level=DEBUG msg="discovery: skipping unreachable socket" socket=/tmp/tmux-501/t115f44898 err="query tmux on /tmp/tmux-501/t115f44898: exit status 1: no server running on /tmp/tmux-501/t115f44898"
time=2026-08-21T18:19:57.614+08:00 level=DEBUG msg="discovery: skipping unreachable socket" socket=/tmp/tmux-501/t115g47728 err="query tmux on /tmp/tmux-501/t115g47728: exit status 1: no server running on /tmp/tmux-501/t115g47728"
time=2026-08-21T18:19:57.622+08:00 level=DEBUG msg="discovery: skipping unreachable socket" socket=/tmp/tmux-501/ta-0bafa3965ade err="query tmux on /tmp/tmux-501/ta-0bafa3965ade: exit status 1: no server running on /tmp/tmux-501/ta-0bafa3965ade"
time=2026-08-21T18:19:57.648+08:00 level=DEBUG msg="discovery: skipping unreachable socket" socket=/tmp/tmux-501/ta-61709dcf801e err="query tmux on /tmp/tmux-501/ta-61709dcf801e: exit status 1: no server running on /tmp/tmux-501/ta-61709dcf801e"
time=2026-08-21T18:19:57.666+08:00 level=DEBUG msg="discovery: skipping unparsable pane line" socket=/tmp/tmux-501/ta-a9fd5b7defbd line="team-refactor-maintainability|6|%39|/Users/alauda/Documents/code/agent前沿探索/多agent协作|bash|87458|t.p9.review 零上下文设计审查已通过<|eos|> - grok|235x50|tester-t124"
time=2026-08-21T18:19:57.682+08:00 level=DEBUG msg="discovery: skipping unreachable socket" socket=/tmp/tmux-501/ta-ed81bd4d8c17 err="query tmux on /tmp/tmux-501/ta-ed81bd4d8c17: exit status 1: no server running on /tmp/tmux-501/ta-ed81bd4d8c17"
time=2026-08-21T18:19:57.691+08:00 level=DEBUG msg="discovery: skipping unreachable socket" socket=/tmp/tmux-501/t115d24675 err="query tmux on /tmp/tmux-501/t115d24675: exit status 1: no server running on /tmp/tmux-501/t115d24675"
time=2026-08-21T18:19:57.691+08:00 level=DEBUG msg="discovery: skipping unreachable socket" socket=/tmp/tmux-501/ta-f1ad1b378fc7 err="query tmux on /tmp/tmux-501/ta-f1ad1b378fc7: exit status 1: no server running on /tmp/tmux-501/ta-f1ad1b378fc7"
time=2026-08-21T18:19:57.698+08:00 level=DEBUG msg="discovery: skipping unreachable socket" socket=/tmp/tmux-501/t115e31319 err="query tmux on /tmp/tmux-501/t115e31319: exit status 1: no server running on /tmp/tmux-501/t115e31319"
time=2026-08-21T18:19:57.706+08:00 level=DEBUG msg="discovery: skipping unreachable socket" socket=/tmp/tmux-501/t115f44898 err="query tmux on /tmp/tmux-501/t115f44898: exit status 1: no server running on /tmp/tmux-501/t115f44898"
time=2026-08-21T18:19:57.708+08:00 level=DEBUG msg="discovery: skipping unreachable socket" socket=/tmp/tmux-501/ta-t121u01 err="query tmux on /tmp/tmux-501/ta-t121u01: exit status 1: no server running on /tmp/tmux-501/ta-t121u01"
time=2026-08-21T18:19:57.716+08:00 level=DEBUG msg="discovery: skipping unreachable socket" socket=/tmp/tmux-501/t115g47728 err="query tmux on /tmp/tmux-501/t115g47728: exit status 1: no server running on /tmp/tmux-501/t115g47728"
time=2026-08-21T18:19:57.717+08:00 level=DEBUG msg="discovery: skipping unreachable socket" socket=/tmp/tmux-501/ta-t121u01b err="query tmux on /tmp/tmux-501/ta-t121u01b: exit status 1: no server running on /tmp/tmux-501/ta-t121u01b"
time=2026-08-21T18:19:57.724+08:00 level=DEBUG msg="discovery: skipping unreachable socket" socket=/tmp/tmux-501/ta-0bafa3965ade err="query tmux on /tmp/tmux-501/ta-0bafa3965ade: exit status 1: no server running on /tmp/tmux-501/ta-0bafa3965ade"
time=2026-08-21T18:19:57.725+08:00 level=DEBUG msg="discovery: skipping unreachable socket" socket=/tmp/tmux-501/ta-user-agents err="query tmux on /tmp/tmux-501/ta-user-agents: exit status 1: no server running on /tmp/tmux-501/ta-user-agents"
time=2026-08-21T18:19:57.751+08:00 level=DEBUG msg="discovery: skipping unreachable socket" socket=/tmp/tmux-501/ta-61709dcf801e err="query tmux on /tmp/tmux-501/ta-61709dcf801e: exit status 1: no server running on /tmp/tmux-501/ta-61709dcf801e"
time=2026-08-21T18:19:57.770+08:00 level=DEBUG msg="discovery: skipping unparsable pane line" socket=/tmp/tmux-501/ta-a9fd5b7defbd line="team-refactor-maintainability|6|%39|/Users/alauda/Documents/code/agent前沿探索/多agent协作|bash|87458|t.p9.review 零上下文设计审查已通过<|eos|> - grok|235x50|tester-t124"
time=2026-08-21T18:19:57.788+08:00 level=DEBUG msg="discovery: skipping unreachable socket" socket=/tmp/tmux-501/ta-ed81bd4d8c17 err="query tmux on /tmp/tmux-501/ta-ed81bd4d8c17: exit status 1: no server running on /tmp/tmux-501/ta-ed81bd4d8c17"
time=2026-08-21T18:19:57.796+08:00 level=DEBUG msg="discovery: skipping unreachable socket" socket=/tmp/tmux-501/ta-f1ad1b378fc7 err="query tmux on /tmp/tmux-501/ta-f1ad1b378fc7: exit status 1: no server running on /tmp/tmux-501/ta-f1ad1b378fc7"
time=2026-08-21T18:19:57.814+08:00 level=DEBUG msg="discovery: skipping unreachable socket" socket=/tmp/tmux-501/ta-t121u01 err="query tmux on /tmp/tmux-501/ta-t121u01: exit status 1: no server running on /tmp/tmux-501/ta-t121u01"
time=2026-08-21T18:19:57.824+08:00 level=DEBUG msg="discovery: skipping unreachable socket" socket=/tmp/tmux-501/ta-t121u01b err="query tmux on /tmp/tmux-501/ta-t121u01b: exit status 1: no server running on /tmp/tmux-501/ta-t121u01b"
time=2026-08-21T18:19:57.840+08:00 level=DEBUG msg="discovery: skipping unreachable socket" socket=/tmp/tmux-501/ta-user-agents err="query tmux on /tmp/tmux-501/ta-user-agents: exit status 1: no server running on /tmp/tmux-501/ta-user-agents"
time=2026-08-21T18:19:59.989+08:00 level=DEBUG msg="discovery: skipping unreachable socket" socket=/tmp/tmux-501/t115d24675 err="query tmux on /tmp/tmux-501/t115d24675: exit status 1: no server running on /tmp/tmux-501/t115d24675"
time=2026-08-21T18:19:59.998+08:00 level=DEBUG msg="discovery: skipping unreachable socket" socket=/tmp/tmux-501/t115e31319 err="query tmux on /tmp/tmux-501/t115e31319: exit status 1: no server running on /tmp/tmux-501/t115e31319"
time=2026-08-21T18:20:00.007+08:00 level=DEBUG msg="discovery: skipping unreachable socket" socket=/tmp/tmux-501/t115f44898 err="query tmux on /tmp/tmux-501/t115f44898: exit status 1: no server running on /tmp/tmux-501/t115f44898"
time=2026-08-21T18:20:00.016+08:00 level=DEBUG msg="discovery: skipping unreachable socket" socket=/tmp/tmux-501/t115g47728 err="query tmux on /tmp/tmux-501/t115g47728: exit status 1: no server running on /tmp/tmux-501/t115g47728"
time=2026-08-21T18:20:00.025+08:00 level=DEBUG msg="discovery: skipping unreachable socket" socket=/tmp/tmux-501/ta-0bafa3965ade err="query tmux on /tmp/tmux-501/ta-0bafa3965ade: exit status 1: no server running on /tmp/tmux-501/ta-0bafa3965ade"
time=2026-08-21T18:20:00.054+08:00 level=DEBUG msg="discovery: skipping unreachable socket" socket=/tmp/tmux-501/ta-61709dcf801e err="query tmux on /tmp/tmux-501/ta-61709dcf801e: exit status 1: no server running on /tmp/tmux-501/ta-61709dcf801e"
time=2026-08-21T18:20:00.074+08:00 level=DEBUG msg="discovery: skipping unparsable pane line" socket=/tmp/tmux-501/ta-a9fd5b7defbd line="team-refactor-maintainability|6|%39|/Users/alauda/Documents/code/agent前沿探索/多agent协作|bash|87458|t.p9.review 零上下文设计审查已通过<|eos|> - grok|235x50|tester-t124"
time=2026-08-21T18:20:00.094+08:00 level=DEBUG msg="listing: no changes"
time=2026-08-21T18:20:00.096+08:00 level=DEBUG msg="discovery: skipping unreachable socket" socket=/tmp/tmux-501/ta-ed81bd4d8c17 err="query tmux on /tmp/tmux-501/ta-ed81bd4d8c17: exit status 1: no server running on /tmp/tmux-501/ta-ed81bd4d8c17"
time=2026-08-21T18:20:00.104+08:00 level=DEBUG msg="discovery: skipping unreachable socket" socket=/tmp/tmux-501/ta-f1ad1b378fc7 err="query tmux on /tmp/tmux-501/ta-f1ad1b378fc7: exit status 1: no server running on /tmp/tmux-501/ta-f1ad1b378fc7"
time=2026-08-21T18:20:00.123+08:00 level=DEBUG msg="discovery: skipping unreachable socket" socket=/tmp/tmux-501/ta-t121u01 err="query tmux on /tmp/tmux-501/ta-t121u01: exit status 1: no server running on /tmp/tmux-501/ta-t121u01"
time=2026-08-21T18:20:00.133+08:00 level=DEBUG msg="discovery: skipping unreachable socket" socket=/tmp/tmux-501/ta-t121u01b err="query tmux on /tmp/tmux-501/ta-t121u01b: exit status 1: no server running on /tmp/tmux-501/ta-t121u01b"
time=2026-08-21T18:20:00.142+08:00 level=DEBUG msg="discovery: skipping unreachable socket" socket=/tmp/tmux-501/ta-user-agents err="query tmux on /tmp/tmux-501/ta-user-agents: exit status 1: no server running on /tmp/tmux-501/ta-user-agents"
time=2026-08-21T18:20:00.624+08:00 level=DEBUG msg="discovery: skipping unreachable socket" socket=/tmp/tmux-501/t115d24675 err="query tmux on /tmp/tmux-501/t115d24675: exit status 1: no server running on /tmp/tmux-501/t115d24675"
time=2026-08-21T18:20:00.632+08:00 level=DEBUG msg="discovery: skipping unreachable socket" socket=/tmp/tmux-501/t115e31319 err="query tmux on /tmp/tmux-501/t115e31319: exit status 1: no server running on /tmp/tmux-501/t115e31319"
time=2026-08-21T18:20:00.640+08:00 level=DEBUG msg="discovery: skipping unreachable socket" socket=/tmp/tmux-501/t115f44898 err="query tmux on /tmp/tmux-501/t115f44898: exit status 1: no server running on /tmp/tmux-501/t115f44898"
time=2026-08-21T18:20:00.648+08:00 level=DEBUG msg="discovery: skipping unreachable socket" socket=/tmp/tmux-501/t115g47728 err="query tmux on /tmp/tmux-501/t115g47728: exit status 1: no server running on /tmp/tmux-501/t115g47728"
time=2026-08-21T18:20:00.657+08:00 level=DEBUG msg="discovery: skipping unreachable socket" socket=/tmp/tmux-501/ta-0bafa3965ade err="query tmux on /tmp/tmux-501/ta-0bafa3965ade: exit status 1: no server running on /tmp/tmux-501/ta-0bafa3965ade"
time=2026-08-21T18:20:00.683+08:00 level=DEBUG msg="discovery: skipping unreachable socket" socket=/tmp/tmux-501/ta-61709dcf801e err="query tmux on /tmp/tmux-501/ta-61709dcf801e: exit status 1: no server running on /tmp/tmux-501/ta-61709dcf801e"
time=2026-08-21T18:20:00.701+08:00 level=DEBUG msg="discovery: skipping unparsable pane line" socket=/tmp/tmux-501/ta-a9fd5b7defbd line="team-refactor-maintainability|6|%39|/Users/alauda/Documents/code/agent前沿探索/多agent协作|bash|87458|t.p9.review 零上下文设计审查已通过<|eos|> - grok|235x50|tester-t124"
time=2026-08-21T18:20:00.718+08:00 level=DEBUG msg="discovery: skipping unreachable socket" socket=/tmp/tmux-501/ta-ed81bd4d8c17 err="query tmux on /tmp/tmux-501/ta-ed81bd4d8c17: exit status 1: no server running on /tmp/tmux-501/ta-ed81bd4d8c17"
time=2026-08-21T18:20:00.727+08:00 level=DEBUG msg="discovery: skipping unreachable socket" socket=/tmp/tmux-501/ta-f1ad1b378fc7 err="query tmux on /tmp/tmux-501/ta-f1ad1b378fc7: exit status 1: no server running on /tmp/tmux-501/ta-f1ad1b378fc7"
time=2026-08-21T18:20:00.745+08:00 level=DEBUG msg="discovery: skipping unreachable socket" socket=/tmp/tmux-501/ta-t121u01 err="query tmux on /tmp/tmux-501/ta-t121u01: exit status 1: no server running on /tmp/tmux-501/ta-t121u01"
time=2026-08-21T18:20:00.754+08:00 level=DEBUG msg="discovery: skipping unreachable socket" socket=/tmp/tmux-501/ta-t121u01b err="query tmux on /tmp/tmux-501/ta-t121u01b: exit status 1: no server running on /tmp/tmux-501/ta-t121u01b"
time=2026-08-21T18:20:00.762+08:00 level=DEBUG msg="discovery: skipping unreachable socket" socket=/tmp/tmux-501/ta-user-agents err="query tmux on /tmp/tmux-501/ta-user-agents: exit status 1: no server running on /tmp/tmux-501/ta-user-agents"
time=2026-08-21T18:20:02.220+08:00 level=DEBUG msg="discovery: skipping unreachable socket" socket=/tmp/tmux-501/t115d24675 err="query tmux on /tmp/tmux-501/t115d24675: exit status 1: no server running on /tmp/tmux-501/t115d24675"
time=2026-08-21T18:20:02.231+08:00 level=DEBUG msg="discovery: skipping unreachable socket" socket=/tmp/tmux-501/t115e31319 err="query tmux on /tmp/tmux-501/t115e31319: exit status 1: no server running on /tmp/tmux-501/t115e31319"
time=2026-08-21T18:20:02.241+08:00 level=DEBUG msg="discovery: skipping unreachable socket" socket=/tmp/tmux-501/t115f44898 err="query tmux on /tmp/tmux-501/t115f44898: exit status 1: no server running on /tmp/tmux-501/t115f44898"
time=2026-08-21T18:20:02.250+08:00 level=DEBUG msg="discovery: skipping unreachable socket" socket=/tmp/tmux-501/t115g47728 err="query tmux on /tmp/tmux-501/t115g47728: exit status 1: no server running on /tmp/tmux-501/t115g47728"
time=2026-08-21T18:20:02.260+08:00 level=DEBUG msg="discovery: skipping unreachable socket" socket=/tmp/tmux-501/ta-0bafa3965ade err="query tmux on /tmp/tmux-501/ta-0bafa3965ade: exit status 1: no server running on /tmp/tmux-501/ta-0bafa3965ade"
time=2026-08-21T18:20:02.293+08:00 level=DEBUG msg="discovery: skipping unreachable socket" socket=/tmp/tmux-501/ta-61709dcf801e err="query tmux on /tmp/tmux-501/ta-61709dcf801e: exit status 1: no server running on /tmp/tmux-501/ta-61709dcf801e"
time=2026-08-21T18:20:02.313+08:00 level=DEBUG msg="discovery: skipping unparsable pane line" socket=/tmp/tmux-501/ta-a9fd5b7defbd line="team-refactor-maintainability|6|%39|/Users/alauda/Documents/code/agent前沿探索/多agent协作|bash|87458|t.p9.review 零上下文设计审查已通过<|eos|> - grok|235x50|tester-t124"
time=2026-08-21T18:20:02.338+08:00 level=DEBUG msg="discovery: skipping unreachable socket" socket=/tmp/tmux-501/ta-ed81bd4d8c17 err="query tmux on /tmp/tmux-501/ta-ed81bd4d8c17: exit status 1: no server running on /tmp/tmux-501/ta-ed81bd4d8c17"
time=2026-08-21T18:20:02.347+08:00 level=DEBUG msg="discovery: skipping unreachable socket" socket=/tmp/tmux-501/ta-f1ad1b378fc7 err="query tmux on /tmp/tmux-501/ta-f1ad1b378fc7: exit status 1: no server running on /tmp/tmux-501/ta-f1ad1b378fc7"
time=2026-08-21T18:20:02.366+08:00 level=DEBUG msg="discovery: skipping unreachable socket" socket=/tmp/tmux-501/ta-t121u01 err="query tmux on /tmp/tmux-501/ta-t121u01: exit status 1: no server running on /tmp/tmux-501/ta-t121u01"
time=2026-08-21T18:20:02.376+08:00 level=DEBUG msg="discovery: skipping unreachable socket" socket=/tmp/tmux-501/ta-t121u01b err="query tmux on /tmp/tmux-501/ta-t121u01b: exit status 1: no server running on /tmp/tmux-501/ta-t121u01b"
time=2026-08-21T18:20:02.385+08:00 level=DEBUG msg="discovery: skipping unreachable socket" socket=/tmp/tmux-501/ta-user-agents err="query tmux on /tmp/tmux-501/ta-user-agents: exit status 1: no server running on /tmp/tmux-501/ta-user-agents"
time=2026-08-21T18:20:02.417+08:00 level=INFO msg="ws: sendq health" conn=2 conn.deltas_dropped=0 conn.snapshots_pushed=3 conn.snapshots_from_resize=1 conn.snapshots_from_subscribe=2 conn.frames_sent=1 total.deltas_dropped=0 total.snapshots_pushed=3 total.snapshots_from_resize=1 total.subscribes=2 total.snapshots_from_subscribe=2 total.connections=2 total.queue_peak=0 total.frames_sent=1 close_reason="read_error: failed to get reader: failed to read frame header: EOF"
time=2026-08-21T18:20:03.208+08:00 level=DEBUG msg="listing: no changes"
time=2026-08-21T18:20:04.712+08:00 level=DEBUG msg="discovery: skipping unreachable socket" socket=/tmp/tmux-501/t115d24675 err="query tmux on /tmp/tmux-501/t115d24675: exit status 1: no server running on /tmp/tmux-501/t115d24675"
time=2026-08-21T18:20:04.721+08:00 level=DEBUG msg="discovery: skipping unreachable socket" socket=/tmp/tmux-501/t115e31319 err="query tmux on /tmp/tmux-501/t115e31319: exit status 1: no server running on /tmp/tmux-501/t115e31319"
time=2026-08-21T18:20:04.727+08:00 level=DEBUG msg="discovery: skipping unreachable socket" socket=/tmp/tmux-501/t115d24675 err="query tmux on /tmp/tmux-501/t115d24675: exit status 1: no server running on /tmp/tmux-501/t115d24675"
time=2026-08-21T18:20:04.730+08:00 level=DEBUG msg="discovery: skipping unreachable socket" socket=/tmp/tmux-501/t115f44898 err="query tmux on /tmp/tmux-501/t115f44898: exit status 1: no server running on /tmp/tmux-501/t115f44898"
time=2026-08-21T18:20:04.738+08:00 level=DEBUG msg="discovery: skipping unreachable socket" socket=/tmp/tmux-501/t115e31319 err="query tmux on /tmp/tmux-501/t115e31319: exit status 1: no server running on /tmp/tmux-501/t115e31319"
time=2026-08-21T18:20:04.740+08:00 level=DEBUG msg="discovery: skipping unreachable socket" socket=/tmp/tmux-501/t115g47728 err="query tmux on /tmp/tmux-501/t115g47728: exit status 1: no server running on /tmp/tmux-501/t115g47728"
time=2026-08-21T18:20:04.747+08:00 level=DEBUG msg="discovery: skipping unreachable socket" socket=/tmp/tmux-501/t115f44898 err="query tmux on /tmp/tmux-501/t115f44898: exit status 1: no server running on /tmp/tmux-501/t115f44898"
time=2026-08-21T18:20:04.749+08:00 level=DEBUG msg="discovery: skipping unreachable socket" socket=/tmp/tmux-501/ta-0bafa3965ade err="query tmux on /tmp/tmux-501/ta-0bafa3965ade: exit status 1: no server running on /tmp/tmux-501/ta-0bafa3965ade"
time=2026-08-21T18:20:04.761+08:00 level=DEBUG msg="discovery: skipping unreachable socket" socket=/tmp/tmux-501/t115g47728 err="query tmux on /tmp/tmux-501/t115g47728: exit status 1: no server running on /tmp/tmux-501/t115g47728"
time=2026-08-21T18:20:04.770+08:00 level=DEBUG msg="discovery: skipping unreachable socket" socket=/tmp/tmux-501/ta-0bafa3965ade err="query tmux on /tmp/tmux-501/ta-0bafa3965ade: exit status 1: no server running on /tmp/tmux-501/ta-0bafa3965ade"
time=2026-08-21T18:20:04.778+08:00 level=DEBUG msg="discovery: skipping unreachable socket" socket=/tmp/tmux-501/ta-61709dcf801e err="query tmux on /tmp/tmux-501/ta-61709dcf801e: exit status 1: no server running on /tmp/tmux-501/ta-61709dcf801e"
time=2026-08-21T18:20:04.797+08:00 level=DEBUG msg="discovery: skipping unreachable socket" socket=/tmp/tmux-501/ta-61709dcf801e err="query tmux on /tmp/tmux-501/ta-61709dcf801e: exit status 1: no server running on /tmp/tmux-501/ta-61709dcf801e"
time=2026-08-21T18:20:04.797+08:00 level=DEBUG msg="discovery: skipping unparsable pane line" socket=/tmp/tmux-501/ta-a9fd5b7defbd line="team-refactor-maintainability|6|%39|/Users/alauda/Documents/code/agent前沿探索/多agent协作|bash|87458|t.p9.review 零上下文设计审查已通过<|eos|> - grok|235x50|tester-t124"
time=2026-08-21T18:20:04.822+08:00 level=DEBUG msg="discovery: skipping unreachable socket" socket=/tmp/tmux-501/ta-ed81bd4d8c17 err="query tmux on /tmp/tmux-501/ta-ed81bd4d8c17: exit status 1: no server running on /tmp/tmux-501/ta-ed81bd4d8c17"
time=2026-08-21T18:20:04.822+08:00 level=DEBUG msg="discovery: skipping unparsable pane line" socket=/tmp/tmux-501/ta-a9fd5b7defbd line="team-refactor-maintainability|6|%39|/Users/alauda/Documents/code/agent前沿探索/多agent协作|bash|87458|t.p9.review 零上下文设计审查已通过<|eos|> - grok|235x50|tester-t124"
time=2026-08-21T18:20:04.831+08:00 level=DEBUG msg="discovery: skipping unreachable socket" socket=/tmp/tmux-501/ta-f1ad1b378fc7 err="query tmux on /tmp/tmux-501/ta-f1ad1b378fc7: exit status 1: no server running on /tmp/tmux-501/ta-f1ad1b378fc7"
time=2026-08-21T18:20:04.841+08:00 level=DEBUG msg="discovery: skipping unreachable socket" socket=/tmp/tmux-501/ta-ed81bd4d8c17 err="query tmux on /tmp/tmux-501/ta-ed81bd4d8c17: exit status 1: no server running on /tmp/tmux-501/ta-ed81bd4d8c17"
time=2026-08-21T18:20:04.850+08:00 level=DEBUG msg="discovery: skipping unreachable socket" socket=/tmp/tmux-501/ta-f1ad1b378fc7 err="query tmux on /tmp/tmux-501/ta-f1ad1b378fc7: exit status 1: no server running on /tmp/tmux-501/ta-f1ad1b378fc7"
time=2026-08-21T18:20:04.850+08:00 level=DEBUG msg="discovery: skipping unreachable socket" socket=/tmp/tmux-501/ta-t121u01 err="query tmux on /tmp/tmux-501/ta-t121u01: exit status 1: no server running on /tmp/tmux-501/ta-t121u01"
time=2026-08-21T18:20:04.865+08:00 level=DEBUG msg="discovery: skipping unreachable socket" socket=/tmp/tmux-501/ta-t121u01b err="query tmux on /tmp/tmux-501/ta-t121u01b: exit status 1: no server running on /tmp/tmux-501/ta-t121u01b"
time=2026-08-21T18:20:04.871+08:00 level=DEBUG msg="discovery: skipping unreachable socket" socket=/tmp/tmux-501/ta-t121u01 err="query tmux on /tmp/tmux-501/ta-t121u01: exit status 1: no server running on /tmp/tmux-501/ta-t121u01"
time=2026-08-21T18:20:04.874+08:00 level=DEBUG msg="discovery: skipping unreachable socket" socket=/tmp/tmux-501/ta-user-agents err="query tmux on /tmp/tmux-501/ta-user-agents: exit status 1: no server running on /tmp/tmux-501/ta-user-agents"
time=2026-08-21T18:20:04.880+08:00 level=DEBUG msg="discovery: skipping unreachable socket" socket=/tmp/tmux-501/ta-t121u01b err="query tmux on /tmp/tmux-501/ta-t121u01b: exit status 1: no server running on /tmp/tmux-501/ta-t121u01b"
time=2026-08-21T18:20:04.888+08:00 level=DEBUG msg="discovery: skipping unreachable socket" socket=/tmp/tmux-501/ta-user-agents err="query tmux on /tmp/tmux-501/ta-user-agents: exit status 1: no server running on /tmp/tmux-501/ta-user-agents"
time=2026-08-21T18:20:09.257+08:00 level=INFO msg="listing: refresh on open" req_id=1 had_cache=true prev_seq=2 prev_sessions=48 cur_sessions=48 cur_seq=4 refresh_err=""
time=2026-08-21T18:20:09.290+08:00 level=DEBUG msg="discovery: skipping unreachable socket" socket=/tmp/tmux-501/t115d24675 err="query tmux on /tmp/tmux-501/t115d24675: exit status 1: no server running on /tmp/tmux-501/t115d24675"
time=2026-08-21T18:20:09.299+08:00 level=DEBUG msg="discovery: skipping unreachable socket" socket=/tmp/tmux-501/t115e31319 err="query tmux on /tmp/tmux-501/t115e31319: exit status 1: no server running on /tmp/tmux-501/t115e31319"
time=2026-08-21T18:20:09.309+08:00 level=DEBUG msg="discovery: skipping unreachable socket" socket=/tmp/tmux-501/t115f44898 err="query tmux on /tmp/tmux-501/t115f44898: exit status 1: no server running on /tmp/tmux-501/t115f44898"
time=2026-08-21T18:20:09.318+08:00 level=DEBUG msg="discovery: skipping unreachable socket" socket=/tmp/tmux-501/t115g47728 err="query tmux on /tmp/tmux-501/t115g47728: exit status 1: no server running on /tmp/tmux-501/t115g47728"
time=2026-08-21T18:20:09.326+08:00 level=DEBUG msg="discovery: skipping unreachable socket" socket=/tmp/tmux-501/ta-0bafa3965ade err="query tmux on /tmp/tmux-501/ta-0bafa3965ade: exit status 1: no server running on /tmp/tmux-501/ta-0bafa3965ade"
time=2026-08-21T18:20:09.358+08:00 level=DEBUG msg="discovery: skipping unreachable socket" socket=/tmp/tmux-501/ta-61709dcf801e err="query tmux on /tmp/tmux-501/ta-61709dcf801e: exit status 1: no server running on /tmp/tmux-501/ta-61709dcf801e"
time=2026-08-21T18:20:09.378+08:00 level=DEBUG msg="discovery: skipping unparsable pane line" socket=/tmp/tmux-501/ta-a9fd5b7defbd line="team-refactor-maintainability|6|%39|/Users/alauda/Documents/code/agent前沿探索/多agent协作|bash|87458|t.p9.review 零上下文设计审查已通过<|eos|> - grok|235x50|tester-t124"
time=2026-08-21T18:20:09.402+08:00 level=DEBUG msg="discovery: skipping unreachable socket" socket=/tmp/tmux-501/ta-ed81bd4d8c17 err="query tmux on /tmp/tmux-501/ta-ed81bd4d8c17: exit status 1: no server running on /tmp/tmux-501/ta-ed81bd4d8c17"
time=2026-08-21T18:20:09.412+08:00 level=DEBUG msg="discovery: skipping unreachable socket" socket=/tmp/tmux-501/ta-f1ad1b378fc7 err="query tmux on /tmp/tmux-501/ta-f1ad1b378fc7: exit status 1: no server running on /tmp/tmux-501/ta-f1ad1b378fc7"
time=2026-08-21T18:20:09.430+08:00 level=DEBUG msg="discovery: skipping unreachable socket" socket=/tmp/tmux-501/ta-t121u01 err="query tmux on /tmp/tmux-501/ta-t121u01: exit status 1: no server running on /tmp/tmux-501/ta-t121u01"
time=2026-08-21T18:20:09.441+08:00 level=DEBUG msg="discovery: skipping unreachable socket" socket=/tmp/tmux-501/ta-t121u01b err="query tmux on /tmp/tmux-501/ta-t121u01b: exit status 1: no server running on /tmp/tmux-501/ta-t121u01b"
time=2026-08-21T18:20:09.455+08:00 level=DEBUG msg="discovery: skipping unreachable socket" socket=/tmp/tmux-501/ta-user-agents err="query tmux on /tmp/tmux-501/ta-user-agents: exit status 1: no server running on /tmp/tmux-501/ta-user-agents"
time=2026-08-21T18:20:09.799+08:00 level=DEBUG msg="discovery: skipping unreachable socket" socket=/tmp/tmux-501/t115d24675 err="query tmux on /tmp/tmux-501/t115d24675: exit status 1: no server running on /tmp/tmux-501/t115d24675"
time=2026-08-21T18:20:09.809+08:00 level=DEBUG msg="discovery: skipping unreachable socket" socket=/tmp/tmux-501/t115e31319 err="query tmux on /tmp/tmux-501/t115e31319: exit status 1: no server running on /tmp/tmux-501/t115e31319"
time=2026-08-21T18:20:09.818+08:00 level=DEBUG msg="discovery: skipping unreachable socket" socket=/tmp/tmux-501/t115f44898 err="query tmux on /tmp/tmux-501/t115f44898: exit status 1: no server running on /tmp/tmux-501/t115f44898"
time=2026-08-21T18:20:09.827+08:00 level=DEBUG msg="discovery: skipping unreachable socket" socket=/tmp/tmux-501/t115g47728 err="query tmux on /tmp/tmux-501/t115g47728: exit status 1: no server running on /tmp/tmux-501/t115g47728"
time=2026-08-21T18:20:09.838+08:00 level=DEBUG msg="discovery: skipping unreachable socket" socket=/tmp/tmux-501/ta-0bafa3965ade err="query tmux on /tmp/tmux-501/ta-0bafa3965ade: exit status 1: no server running on /tmp/tmux-501/ta-0bafa3965ade"
time=2026-08-21T18:20:09.867+08:00 level=DEBUG msg="discovery: skipping unreachable socket" socket=/tmp/tmux-501/ta-61709dcf801e err="query tmux on /tmp/tmux-501/ta-61709dcf801e: exit status 1: no server running on /tmp/tmux-501/ta-61709dcf801e"
time=2026-08-21T18:20:09.889+08:00 level=DEBUG msg="discovery: skipping unparsable pane line" socket=/tmp/tmux-501/ta-a9fd5b7defbd line="team-refactor-maintainability|6|%39|/Users/alauda/Documents/code/agent前沿探索/多agent协作|bash|87458|t.p9.review 零上下文设计审查已通过<|eos|> - grok|235x50|tester-t124"
time=2026-08-21T18:20:09.909+08:00 level=DEBUG msg="discovery: skipping unreachable socket" socket=/tmp/tmux-501/ta-ed81bd4d8c17 err="query tmux on /tmp/tmux-501/ta-ed81bd4d8c17: exit status 1: no server running on /tmp/tmux-501/ta-ed81bd4d8c17"
time=2026-08-21T18:20:09.919+08:00 level=DEBUG msg="discovery: skipping unreachable socket" socket=/tmp/tmux-501/ta-f1ad1b378fc7 err="query tmux on /tmp/tmux-501/ta-f1ad1b378fc7: exit status 1: no server running on /tmp/tmux-501/ta-f1ad1b378fc7"
time=2026-08-21T18:20:09.944+08:00 level=DEBUG msg="discovery: skipping unreachable socket" socket=/tmp/tmux-501/ta-t121u01 err="query tmux on /tmp/tmux-501/ta-t121u01: exit status 1: no server running on /tmp/tmux-501/ta-t121u01"
time=2026-08-21T18:20:09.953+08:00 level=DEBUG msg="discovery: skipping unreachable socket" socket=/tmp/tmux-501/ta-t121u01b err="query tmux on /tmp/tmux-501/ta-t121u01b: exit status 1: no server running on /tmp/tmux-501/ta-t121u01b"
time=2026-08-21T18:20:09.962+08:00 level=DEBUG msg="discovery: skipping unreachable socket" socket=/tmp/tmux-501/ta-user-agents err="query tmux on /tmp/tmux-501/ta-user-agents: exit status 1: no server running on /tmp/tmux-501/ta-user-agents"
time=2026-08-21T18:20:13.663+08:00 level=DEBUG msg="listing: no changes"
time=2026-08-21T18:20:13.663+08:00 level=INFO msg="listing: refresh on open" req_id=2 had_cache=true prev_seq=4 prev_sessions=48 cur_sessions=48 cur_seq=4 refresh_err=""
time=2026-08-21T18:20:13.695+08:00 level=DEBUG msg="discovery: skipping unreachable socket" socket=/tmp/tmux-501/t115d24675 err="query tmux on /tmp/tmux-501/t115d24675: exit status 1: no server running on /tmp/tmux-501/t115d24675"
time=2026-08-21T18:20:13.706+08:00 level=DEBUG msg="discovery: skipping unreachable socket" socket=/tmp/tmux-501/t115e31319 err="query tmux on /tmp/tmux-501/t115e31319: exit status 1: no server running on /tmp/tmux-501/t115e31319"
time=2026-08-21T18:20:13.716+08:00 level=DEBUG msg="discovery: skipping unreachable socket" socket=/tmp/tmux-501/t115f44898 err="query tmux on /tmp/tmux-501/t115f44898: exit status 1: no server running on /tmp/tmux-501/t115f44898"
time=2026-08-21T18:20:13.726+08:00 level=DEBUG msg="discovery: skipping unreachable socket" socket=/tmp/tmux-501/t115g47728 err="query tmux on /tmp/tmux-501/t115g47728: exit status 1: no server running on /tmp/tmux-501/t115g47728"
time=2026-08-21T18:20:13.735+08:00 level=DEBUG msg="discovery: skipping unreachable socket" socket=/tmp/tmux-501/ta-0bafa3965ade err="query tmux on /tmp/tmux-501/ta-0bafa3965ade: exit status 1: no server running on /tmp/tmux-501/ta-0bafa3965ade"
time=2026-08-21T18:20:13.766+08:00 level=DEBUG msg="discovery: skipping unreachable socket" socket=/tmp/tmux-501/ta-61709dcf801e err="query tmux on /tmp/tmux-501/ta-61709dcf801e: exit status 1: no server running on /tmp/tmux-501/ta-61709dcf801e"
time=2026-08-21T18:20:13.786+08:00 level=DEBUG msg="discovery: skipping unparsable pane line" socket=/tmp/tmux-501/ta-a9fd5b7defbd line="team-refactor-maintainability|6|%39|/Users/alauda/Documents/code/agent前沿探索/多agent协作|bash|87458|t.p9.review 零上下文设计审查已通过<|eos|> - grok|235x50|tester-t124"
time=2026-08-21T18:20:13.807+08:00 level=DEBUG msg="discovery: skipping unreachable socket" socket=/tmp/tmux-501/ta-ed81bd4d8c17 err="query tmux on /tmp/tmux-501/ta-ed81bd4d8c17: exit status 1: no server running on /tmp/tmux-501/ta-ed81bd4d8c17"
time=2026-08-21T18:20:13.817+08:00 level=DEBUG msg="discovery: skipping unreachable socket" socket=/tmp/tmux-501/ta-f1ad1b378fc7 err="query tmux on /tmp/tmux-501/ta-f1ad1b378fc7: exit status 1: no server running on /tmp/tmux-501/ta-f1ad1b378fc7"
time=2026-08-21T18:20:13.836+08:00 level=DEBUG msg="discovery: skipping unreachable socket" socket=/tmp/tmux-501/ta-t121u01 err="query tmux on /tmp/tmux-501/ta-t121u01: exit status 1: no server running on /tmp/tmux-501/ta-t121u01"
time=2026-08-21T18:20:13.846+08:00 level=DEBUG msg="discovery: skipping unreachable socket" socket=/tmp/tmux-501/ta-t121u01b err="query tmux on /tmp/tmux-501/ta-t121u01b: exit status 1: no server running on /tmp/tmux-501/ta-t121u01b"
time=2026-08-21T18:20:13.858+08:00 level=DEBUG msg="discovery: skipping unreachable socket" socket=/tmp/tmux-501/ta-user-agents err="query tmux on /tmp/tmux-501/ta-user-agents: exit status 1: no server running on /tmp/tmux-501/ta-user-agents"
time=2026-08-21T18:20:14.459+08:00 level=DEBUG msg="listing: no changes"
time=2026-08-21T18:20:14.986+08:00 level=DEBUG msg="discovery: skipping unreachable socket" socket=/tmp/tmux-501/t115d24675 err="query tmux on /tmp/tmux-501/t115d24675: exit status 1: no server running on /tmp/tmux-501/t115d24675"
time=2026-08-21T18:20:14.994+08:00 level=DEBUG msg="discovery: skipping unreachable socket" socket=/tmp/tmux-501/t115e31319 err="query tmux on /tmp/tmux-501/t115e31319: exit status 1: no server running on /tmp/tmux-501/t115e31319"
time=2026-08-21T18:20:15.007+08:00 level=DEBUG msg="discovery: skipping unreachable socket" socket=/tmp/tmux-501/t115f44898 err="query tmux on /tmp/tmux-501/t115f44898: exit status 1: no server running on /tmp/tmux-501/t115f44898"
time=2026-08-21T18:20:15.016+08:00 level=DEBUG msg="discovery: skipping unreachable socket" socket=/tmp/tmux-501/t115g47728 err="query tmux on /tmp/tmux-501/t115g47728: exit status 1: no server running on /tmp/tmux-501/t115g47728"
time=2026-08-21T18:20:15.024+08:00 level=DEBUG msg="discovery: skipping unreachable socket" socket=/tmp/tmux-501/ta-0bafa3965ade err="query tmux on /tmp/tmux-501/ta-0bafa3965ade: exit status 1: no server running on /tmp/tmux-501/ta-0bafa3965ade"
time=2026-08-21T18:20:15.050+08:00 level=DEBUG msg="discovery: skipping unreachable socket" socket=/tmp/tmux-501/ta-61709dcf801e err="query tmux on /tmp/tmux-501/ta-61709dcf801e: exit status 1: no server running on /tmp/tmux-501/ta-61709dcf801e"
time=2026-08-21T18:20:15.069+08:00 level=DEBUG msg="discovery: skipping unparsable pane line" socket=/tmp/tmux-501/ta-a9fd5b7defbd line="team-refactor-maintainability|6|%39|/Users/alauda/Documents/code/agent前沿探索/多agent协作|bash|87458|t.p9.review 零上下文设计审查已通过<|eos|> - grok|235x50|tester-t124"
time=2026-08-21T18:20:15.087+08:00 level=DEBUG msg="discovery: skipping unreachable socket" socket=/tmp/tmux-501/ta-ed81bd4d8c17 err="query tmux on /tmp/tmux-501/ta-ed81bd4d8c17: exit status 1: no server running on /tmp/tmux-501/ta-ed81bd4d8c17"
time=2026-08-21T18:20:15.095+08:00 level=DEBUG msg="discovery: skipping unreachable socket" socket=/tmp/tmux-501/ta-f1ad1b378fc7 err="query tmux on /tmp/tmux-501/ta-f1ad1b378fc7: exit status 1: no server running on /tmp/tmux-501/ta-f1ad1b378fc7"
time=2026-08-21T18:20:15.113+08:00 level=DEBUG msg="discovery: skipping unreachable socket" socket=/tmp/tmux-501/ta-t121u01 err="query tmux on /tmp/tmux-501/ta-t121u01: exit status 1: no server running on /tmp/tmux-501/ta-t121u01"
time=2026-08-21T18:20:15.122+08:00 level=DEBUG msg="discovery: skipping unreachable socket" socket=/tmp/tmux-501/ta-t121u01b err="query tmux on /tmp/tmux-501/ta-t121u01b: exit status 1: no server running on /tmp/tmux-501/ta-t121u01b"
time=2026-08-21T18:20:15.131+08:00 level=DEBUG msg="discovery: skipping unreachable socket" socket=/tmp/tmux-501/ta-user-agents err="query tmux on /tmp/tmux-501/ta-user-agents: exit status 1: no server running on /tmp/tmux-501/ta-user-agents"
time=2026-08-21T18:20:17.610+08:00 level=DEBUG msg="listing: no changes"
time=2026-08-21T18:20:17.610+08:00 level=INFO msg="listing: refresh on open" req_id=3 had_cache=true prev_seq=4 prev_sessions=48 cur_sessions=48 cur_seq=4 refresh_err=""
time=2026-08-21T18:20:17.714+08:00 level=DEBUG msg="discovery: skipping unreachable socket" socket=/tmp/tmux-501/t115d24675 err="query tmux on /tmp/tmux-501/t115d24675: exit status 1: no server running on /tmp/tmux-501/t115d24675"
time=2026-08-21T18:20:17.715+08:00 level=DEBUG msg="discovery: skipping unreachable socket" socket=/tmp/tmux-501/t115d24675 err="query tmux on /tmp/tmux-501/t115d24675: exit status 1: no server running on /tmp/tmux-501/t115d24675"
time=2026-08-21T18:20:17.725+08:00 level=DEBUG msg="discovery: skipping unreachable socket" socket=/tmp/tmux-501/t115e31319 err="query tmux on /tmp/tmux-501/t115e31319: exit status 1: no server running on /tmp/tmux-501/t115e31319"
time=2026-08-21T18:20:17.725+08:00 level=DEBUG msg="discovery: skipping unreachable socket" socket=/tmp/tmux-501/t115e31319 err="query tmux on /tmp/tmux-501/t115e31319: exit status 1: no server running on /tmp/tmux-501/t115e31319"
time=2026-08-21T18:20:17.733+08:00 level=DEBUG msg="discovery: skipping unreachable socket" socket=/tmp/tmux-501/t115f44898 err="query tmux on /tmp/tmux-501/t115f44898: exit status 1: no server running on /tmp/tmux-501/t115f44898"
time=2026-08-21T18:20:17.733+08:00 level=DEBUG msg="discovery: skipping unreachable socket" socket=/tmp/tmux-501/t115f44898 err="query tmux on /tmp/tmux-501/t115f44898: exit status 1: no server running on /tmp/tmux-501/t115f44898"
time=2026-08-21T18:20:17.742+08:00 level=DEBUG msg="discovery: skipping unreachable socket" socket=/tmp/tmux-501/t115g47728 err="query tmux on /tmp/tmux-501/t115g47728: exit status 1: no server running on /tmp/tmux-501/t115g47728"
time=2026-08-21T18:20:17.742+08:00 level=DEBUG msg="discovery: skipping unreachable socket" socket=/tmp/tmux-501/t115g47728 err="query tmux on /tmp/tmux-501/t115g47728: exit status 1: no server running on /tmp/tmux-501/t115g47728"
time=2026-08-21T18:20:17.751+08:00 level=DEBUG msg="discovery: skipping unreachable socket" socket=/tmp/tmux-501/ta-0bafa3965ade err="query tmux on /tmp/tmux-501/ta-0bafa3965ade: exit status 1: no server running on /tmp/tmux-501/ta-0bafa3965ade"
time=2026-08-21T18:20:17.751+08:00 level=DEBUG msg="discovery: skipping unreachable socket" socket=/tmp/tmux-501/ta-0bafa3965ade err="query tmux on /tmp/tmux-501/ta-0bafa3965ade: exit status 1: no server running on /tmp/tmux-501/ta-0bafa3965ade"
time=2026-08-21T18:20:17.781+08:00 level=DEBUG msg="discovery: skipping unreachable socket" socket=/tmp/tmux-501/ta-61709dcf801e err="query tmux on /tmp/tmux-501/ta-61709dcf801e: exit status 1: no server running on /tmp/tmux-501/ta-61709dcf801e"
time=2026-08-21T18:20:17.783+08:00 level=DEBUG msg="discovery: skipping unreachable socket" socket=/tmp/tmux-501/ta-61709dcf801e err="query tmux on /tmp/tmux-501/ta-61709dcf801e: exit status 1: no server running on /tmp/tmux-501/ta-61709dcf801e"
time=2026-08-21T18:20:17.800+08:00 level=DEBUG msg="discovery: skipping unparsable pane line" socket=/tmp/tmux-501/ta-a9fd5b7defbd line="team-refactor-maintainability|6|%39|/Users/alauda/Documents/code/agent前沿探索/多agent协作|bash|87458|t.p9.review 零上下文设计审查已通过<|eos|> - grok|235x50|tester-t124"
time=2026-08-21T18:20:17.801+08:00 level=DEBUG msg="discovery: skipping unparsable pane line" socket=/tmp/tmux-501/ta-a9fd5b7defbd line="team-refactor-maintainability|6|%39|/Users/alauda/Documents/code/agent前沿探索/多agent协作|bash|87458|t.p9.review 零上下文设计审查已通过<|eos|> - grok|235x50|tester-t124"
time=2026-08-21T18:20:17.822+08:00 level=DEBUG msg="discovery: skipping unreachable socket" socket=/tmp/tmux-501/ta-ed81bd4d8c17 err="query tmux on /tmp/tmux-501/ta-ed81bd4d8c17: exit status 1: no server running on /tmp/tmux-501/ta-ed81bd4d8c17"
time=2026-08-21T18:20:17.823+08:00 level=DEBUG msg="discovery: skipping unreachable socket" socket=/tmp/tmux-501/ta-ed81bd4d8c17 err="query tmux on /tmp/tmux-501/ta-ed81bd4d8c17: exit status 1: no server running on /tmp/tmux-501/ta-ed81bd4d8c17"
time=2026-08-21T18:20:17.831+08:00 level=DEBUG msg="discovery: skipping unreachable socket" socket=/tmp/tmux-501/ta-f1ad1b378fc7 err="query tmux on /tmp/tmux-501/ta-f1ad1b378fc7: exit status 1: no server running on /tmp/tmux-501/ta-f1ad1b378fc7"
time=2026-08-21T18:20:17.831+08:00 level=DEBUG msg="discovery: skipping unreachable socket" socket=/tmp/tmux-501/ta-f1ad1b378fc7 err="query tmux on /tmp/tmux-501/ta-f1ad1b378fc7: exit status 1: no server running on /tmp/tmux-501/ta-f1ad1b378fc7"
time=2026-08-21T18:20:17.849+08:00 level=DEBUG msg="discovery: skipping unreachable socket" socket=/tmp/tmux-501/ta-t121u01 err="query tmux on /tmp/tmux-501/ta-t121u01: exit status 1: no server running on /tmp/tmux-501/ta-t121u01"
time=2026-08-21T18:20:17.849+08:00 level=DEBUG msg="discovery: skipping unreachable socket" socket=/tmp/tmux-501/ta-t121u01 err="query tmux on /tmp/tmux-501/ta-t121u01: exit status 1: no server running on /tmp/tmux-501/ta-t121u01"
time=2026-08-21T18:20:17.861+08:00 level=DEBUG msg="discovery: skipping unreachable socket" socket=/tmp/tmux-501/ta-t121u01b err="query tmux on /tmp/tmux-501/ta-t121u01b: exit status 1: no server running on /tmp/tmux-501/ta-t121u01b"
time=2026-08-21T18:20:17.864+08:00 level=DEBUG msg="discovery: skipping unreachable socket" socket=/tmp/tmux-501/ta-t121u01b err="query tmux on /tmp/tmux-501/ta-t121u01b: exit status 1: no server running on /tmp/tmux-501/ta-t121u01b"
time=2026-08-21T18:20:17.871+08:00 level=DEBUG msg="discovery: skipping unreachable socket" socket=/tmp/tmux-501/ta-user-agents err="query tmux on /tmp/tmux-501/ta-user-agents: exit status 1: no server running on /tmp/tmux-501/ta-user-agents"
time=2026-08-21T18:20:17.872+08:00 level=DEBUG msg="discovery: skipping unreachable socket" socket=/tmp/tmux-501/ta-user-agents err="query tmux on /tmp/tmux-501/ta-user-agents: exit status 1: no server running on /tmp/tmux-501/ta-user-agents"
time=2026-08-21T18:20:18.019+08:00 level=DEBUG msg="discovery: skipping unreachable socket" socket=/tmp/tmux-501/t115d24675 err="query tmux on /tmp/tmux-501/t115d24675: exit status 1: no server running on /tmp/tmux-501/t115d24675"
time=2026-08-21T18:20:18.029+08:00 level=DEBUG msg="discovery: skipping unreachable socket" socket=/tmp/tmux-501/t115e31319 err="query tmux on /tmp/tmux-501/t115e31319: exit status 1: no server running on /tmp/tmux-501/t115e31319"
time=2026-08-21T18:20:18.038+08:00 level=DEBUG msg="discovery: skipping unreachable socket" socket=/tmp/tmux-501/t115f44898 err="query tmux on /tmp/tmux-501/t115f44898: exit status 1: no server running on /tmp/tmux-501/t115f44898"
time=2026-08-21T18:20:18.049+08:00 level=DEBUG msg="discovery: skipping unreachable socket" socket=/tmp/tmux-501/t115g47728 err="query tmux on /tmp/tmux-501/t115g47728: exit status 1: no server running on /tmp/tmux-501/t115g47728"
time=2026-08-21T18:20:18.059+08:00 level=DEBUG msg="discovery: skipping unreachable socket" socket=/tmp/tmux-501/ta-0bafa3965ade err="query tmux on /tmp/tmux-501/ta-0bafa3965ade: exit status 1: no server running on /tmp/tmux-501/ta-0bafa3965ade"
time=2026-08-21T18:20:18.085+08:00 level=DEBUG msg="discovery: skipping unreachable socket" socket=/tmp/tmux-501/ta-61709dcf801e err="query tmux on /tmp/tmux-501/ta-61709dcf801e: exit status 1: no server running on /tmp/tmux-501/ta-61709dcf801e"
time=2026-08-21T18:20:18.105+08:00 level=DEBUG msg="discovery: skipping unparsable pane line" socket=/tmp/tmux-501/ta-a9fd5b7defbd line="team-refactor-maintainability|6|%39|/Users/alauda/Documents/code/agent前沿探索/多agent协作|bash|87458|t.p9.review 零上下文设计审查已通过<|eos|> - grok|235x50|tester-t124"
time=2026-08-21T18:20:18.124+08:00 level=DEBUG msg="discovery: skipping unreachable socket" socket=/tmp/tmux-501/ta-ed81bd4d8c17 err="query tmux on /tmp/tmux-501/ta-ed81bd4d8c17: exit status 1: no server running on /tmp/tmux-501/ta-ed81bd4d8c17"
time=2026-08-21T18:20:18.133+08:00 level=DEBUG msg="discovery: skipping unreachable socket" socket=/tmp/tmux-501/ta-f1ad1b378fc7 err="query tmux on /tmp/tmux-501/ta-f1ad1b378fc7: exit status 1: no server running on /tmp/tmux-501/ta-f1ad1b378fc7"
time=2026-08-21T18:20:18.153+08:00 level=DEBUG msg="discovery: skipping unreachable socket" socket=/tmp/tmux-501/ta-t121u01 err="query tmux on /tmp/tmux-501/ta-t121u01: exit status 1: no server running on /tmp/tmux-501/ta-t121u01"
time=2026-08-21T18:20:18.162+08:00 level=DEBUG msg="discovery: skipping unreachable socket" socket=/tmp/tmux-501/ta-t121u01b err="query tmux on /tmp/tmux-501/ta-t121u01b: exit status 1: no server running on /tmp/tmux-501/ta-t121u01b"
time=2026-08-21T18:20:18.171+08:00 level=DEBUG msg="discovery: skipping unreachable socket" socket=/tmp/tmux-501/ta-user-agents err="query tmux on /tmp/tmux-501/ta-user-agents: exit status 1: no server running on /tmp/tmux-501/ta-user-agents"
time=2026-08-21T18:20:19.251+08:00 level=DEBUG msg="listing: no changes"
time=2026-08-21T18:20:19.781+08:00 level=DEBUG msg="discovery: skipping unreachable socket" socket=/tmp/tmux-501/t115d24675 err="query tmux on /tmp/tmux-501/t115d24675: exit status 1: no server running on /tmp/tmux-501/t115d24675"
time=2026-08-21T18:20:19.790+08:00 level=DEBUG msg="discovery: skipping unreachable socket" socket=/tmp/tmux-501/t115e31319 err="query tmux on /tmp/tmux-501/t115e31319: exit status 1: no server running on /tmp/tmux-501/t115e31319"
time=2026-08-21T18:20:19.799+08:00 level=DEBUG msg="discovery: skipping unreachable socket" socket=/tmp/tmux-501/t115f44898 err="query tmux on /tmp/tmux-501/t115f44898: exit status 1: no server running on /tmp/tmux-501/t115f44898"
time=2026-08-21T18:20:19.808+08:00 level=DEBUG msg="discovery: skipping unreachable socket" socket=/tmp/tmux-501/t115g47728 err="query tmux on /tmp/tmux-501/t115g47728: exit status 1: no server running on /tmp/tmux-501/t115g47728"
time=2026-08-21T18:20:19.816+08:00 level=DEBUG msg="discovery: skipping unreachable socket" socket=/tmp/tmux-501/ta-0bafa3965ade err="query tmux on /tmp/tmux-501/ta-0bafa3965ade: exit status 1: no server running on /tmp/tmux-501/ta-0bafa3965ade"
time=2026-08-21T18:20:19.843+08:00 level=DEBUG msg="discovery: skipping unreachable socket" socket=/tmp/tmux-501/ta-61709dcf801e err="query tmux on /tmp/tmux-501/ta-61709dcf801e: exit status 1: no server running on /tmp/tmux-501/ta-61709dcf801e"
time=2026-08-21T18:20:19.862+08:00 level=DEBUG msg="discovery: skipping unparsable pane line" socket=/tmp/tmux-501/ta-a9fd5b7defbd line="team-refactor-maintainability|6|%39|/Users/alauda/Documents/code/agent前沿探索/多agent协作|bash|87458|t.p9.review 零上下文设计审查已通过<|eos|> - grok|235x50|tester-t124"
time=2026-08-21T18:20:19.880+08:00 level=DEBUG msg="discovery: skipping unreachable socket" socket=/tmp/tmux-501/ta-ed81bd4d8c17 err="query tmux on /tmp/tmux-501/ta-ed81bd4d8c17: exit status 1: no server running on /tmp/tmux-501/ta-ed81bd4d8c17"
time=2026-08-21T18:20:19.889+08:00 level=DEBUG msg="discovery: skipping unreachable socket" socket=/tmp/tmux-501/ta-f1ad1b378fc7 err="query tmux on /tmp/tmux-501/ta-f1ad1b378fc7: exit status 1: no server running on /tmp/tmux-501/ta-f1ad1b378fc7"
time=2026-08-21T18:20:19.907+08:00 level=DEBUG msg="discovery: skipping unreachable socket" socket=/tmp/tmux-501/ta-t121u01 err="query tmux on /tmp/tmux-501/ta-t121u01: exit status 1: no server running on /tmp/tmux-501/ta-t121u01"
time=2026-08-21T18:20:19.915+08:00 level=DEBUG msg="discovery: skipping unreachable socket" socket=/tmp/tmux-501/ta-t121u01b err="query tmux on /tmp/tmux-501/ta-t121u01b: exit status 1: no server running on /tmp/tmux-501/ta-t121u01b"
time=2026-08-21T18:20:19.924+08:00 level=DEBUG msg="discovery: skipping unreachable socket" socket=/tmp/tmux-501/ta-user-agents err="query tmux on /tmp/tmux-501/ta-user-agents: exit status 1: no server running on /tmp/tmux-501/ta-user-agents"
time=2026-08-21T18:20:20.019+08:00 level=DEBUG msg="discovery: skipping unreachable socket" socket=/tmp/tmux-501/t115d24675 err="query tmux on /tmp/tmux-501/t115d24675: exit status 1: no server running on /tmp/tmux-501/t115d24675"
time=2026-08-21T18:20:20.031+08:00 level=DEBUG msg="discovery: skipping unreachable socket" socket=/tmp/tmux-501/t115e31319 err="query tmux on /tmp/tmux-501/t115e31319: exit status 1: no server running on /tmp/tmux-501/t115e31319"
time=2026-08-21T18:20:20.046+08:00 level=DEBUG msg="discovery: skipping unreachable socket" socket=/tmp/tmux-501/t115f44898 err="query tmux on /tmp/tmux-501/t115f44898: exit status 1: no server running on /tmp/tmux-501/t115f44898"
time=2026-08-21T18:20:20.062+08:00 level=DEBUG msg="discovery: skipping unreachable socket" socket=/tmp/tmux-501/t115g47728 err="query tmux on /tmp/tmux-501/t115g47728: exit status 1: no server running on /tmp/tmux-501/t115g47728"
time=2026-08-21T18:20:20.072+08:00 level=DEBUG msg="discovery: skipping unreachable socket" socket=/tmp/tmux-501/ta-0bafa3965ade err="query tmux on /tmp/tmux-501/ta-0bafa3965ade: exit status 1: no server running on /tmp/tmux-501/ta-0bafa3965ade"
time=2026-08-21T18:20:20.110+08:00 level=DEBUG msg="discovery: skipping unreachable socket" socket=/tmp/tmux-501/ta-61709dcf801e err="query tmux on /tmp/tmux-501/ta-61709dcf801e: exit status 1: no server running on /tmp/tmux-501/ta-61709dcf801e"
time=2026-08-21T18:20:20.133+08:00 level=DEBUG msg="discovery: skipping unparsable pane line" socket=/tmp/tmux-501/ta-a9fd5b7defbd line="team-refactor-maintainability|6|%39|/Users/alauda/Documents/code/agent前沿探索/多agent协作|bash|87458|t.p9.review 零上下文设计审查已通过<|eos|> - grok|235x50|tester-t124"
time=2026-08-21T18:20:20.176+08:00 level=DEBUG msg="discovery: skipping unreachable socket" socket=/tmp/tmux-501/ta-ed81bd4d8c17 err="query tmux on /tmp/tmux-501/ta-ed81bd4d8c17: exit status 1: no server running on /tmp/tmux-501/ta-ed81bd4d8c17"
time=2026-08-21T18:20:20.189+08:00 level=DEBUG msg="discovery: skipping unreachable socket" socket=/tmp/tmux-501/ta-f1ad1b378fc7 err="query tmux on /tmp/tmux-501/ta-f1ad1b378fc7: exit status 1: no server running on /tmp/tmux-501/ta-f1ad1b378fc7"
time=2026-08-21T18:20:20.216+08:00 level=DEBUG msg="discovery: skipping unreachable socket" socket=/tmp/tmux-501/ta-t121u01 err="query tmux on /tmp/tmux-501/ta-t121u01: exit status 1: no server running on /tmp/tmux-501/ta-t121u01"
time=2026-08-21T18:20:20.228+08:00 level=DEBUG msg="discovery: skipping unreachable socket" socket=/tmp/tmux-501/ta-t121u01b err="query tmux on /tmp/tmux-501/ta-t121u01b: exit status 1: no server running on /tmp/tmux-501/ta-t121u01b"
time=2026-08-21T18:20:20.248+08:00 level=DEBUG msg="discovery: skipping unreachable socket" socket=/tmp/tmux-501/ta-user-agents err="query tmux on /tmp/tmux-501/ta-user-agents: exit status 1: no server running on /tmp/tmux-501/ta-user-agents"
time=2026-08-21T18:20:22.098+08:00 level=DEBUG msg="listing: no changes"
time=2026-08-21T18:20:22.099+08:00 level=INFO msg="listing: refresh on open" req_id=4 had_cache=true prev_seq=4 prev_sessions=48 cur_sessions=48 cur_seq=4 refresh_err=""
time=2026-08-21T18:20:22.468+08:00 level=DEBUG msg="discovery: skipping unreachable socket" socket=/tmp/tmux-501/t115d24675 err="query tmux on /tmp/tmux-501/t115d24675: exit status 1: no server running on /tmp/tmux-501/t115d24675"
time=2026-08-21T18:20:22.477+08:00 level=DEBUG msg="discovery: skipping unreachable socket" socket=/tmp/tmux-501/t115e31319 err="query tmux on /tmp/tmux-501/t115e31319: exit status 1: no server running on /tmp/tmux-501/t115e31319"
time=2026-08-21T18:20:22.491+08:00 level=DEBUG msg="discovery: skipping unreachable socket" socket=/tmp/tmux-501/t115f44898 err="query tmux on /tmp/tmux-501/t115f44898: exit status 1: no server running on /tmp/tmux-501/t115f44898"
time=2026-08-21T18:20:22.500+08:00 level=DEBUG msg="discovery: skipping unreachable socket" socket=/tmp/tmux-501/t115g47728 err="query tmux on /tmp/tmux-501/t115g47728: exit status 1: no server running on /tmp/tmux-501/t115g47728"
time=2026-08-21T18:20:22.509+08:00 level=DEBUG msg="discovery: skipping unreachable socket" socket=/tmp/tmux-501/ta-0bafa3965ade err="query tmux on /tmp/tmux-501/ta-0bafa3965ade: exit status 1: no server running on /tmp/tmux-501/ta-0bafa3965ade"
time=2026-08-21T18:20:22.538+08:00 level=DEBUG msg="discovery: skipping unreachable socket" socket=/tmp/tmux-501/ta-61709dcf801e err="query tmux on /tmp/tmux-501/ta-61709dcf801e: exit status 1: no server running on /tmp/tmux-501/ta-61709dcf801e"
time=2026-08-21T18:20:22.561+08:00 level=DEBUG msg="discovery: skipping unparsable pane line" socket=/tmp/tmux-501/ta-a9fd5b7defbd line="team-refactor-maintainability|6|%39|/Users/alauda/Documents/code/agent前沿探索/多agent协作|bash|87458|t.p9.review 零上下文设计审查已通过<|eos|> - grok|235x50|tester-t124"
time=2026-08-21T18:20:22.581+08:00 level=DEBUG msg="discovery: skipping unreachable socket" socket=/tmp/tmux-501/ta-ed81bd4d8c17 err="query tmux on /tmp/tmux-501/ta-ed81bd4d8c17: exit status 1: no server running on /tmp/tmux-501/ta-ed81bd4d8c17"
time=2026-08-21T18:20:22.594+08:00 level=DEBUG msg="discovery: skipping unreachable socket" socket=/tmp/tmux-501/ta-f1ad1b378fc7 err="query tmux on /tmp/tmux-501/ta-f1ad1b378fc7: exit status 1: no server running on /tmp/tmux-501/ta-f1ad1b378fc7"
time=2026-08-21T18:20:22.619+08:00 level=DEBUG msg="discovery: skipping unreachable socket" socket=/tmp/tmux-501/ta-t121u01 err="query tmux on /tmp/tmux-501/ta-t121u01: exit status 1: no server running on /tmp/tmux-501/ta-t121u01"
time=2026-08-21T18:20:22.629+08:00 level=DEBUG msg="discovery: skipping unreachable socket" socket=/tmp/tmux-501/ta-t121u01b err="query tmux on /tmp/tmux-501/ta-t121u01b: exit status 1: no server running on /tmp/tmux-501/ta-t121u01b"
time=2026-08-21T18:20:22.638+08:00 level=DEBUG msg="discovery: skipping unreachable socket" socket=/tmp/tmux-501/ta-user-agents err="query tmux on /tmp/tmux-501/ta-user-agents: exit status 1: no server running on /tmp/tmux-501/ta-user-agents"
time=2026-08-21T18:20:23.511+08:00 level=DEBUG msg="listing: no changes"
time=2026-08-21T18:20:24.040+08:00 level=DEBUG msg="discovery: skipping unreachable socket" socket=/tmp/tmux-501/t115d24675 err="query tmux on /tmp/tmux-501/t115d24675: exit status 1: no server running on /tmp/tmux-501/t115d24675"
time=2026-08-21T18:20:24.048+08:00 level=DEBUG msg="discovery: skipping unreachable socket" socket=/tmp/tmux-501/t115e31319 err="query tmux on /tmp/tmux-501/t115e31319: exit status 1: no server running on /tmp/tmux-501/t115e31319"
time=2026-08-21T18:20:24.056+08:00 level=DEBUG msg="discovery: skipping unreachable socket" socket=/tmp/tmux-501/t115f44898 err="query tmux on /tmp/tmux-501/t115f44898: exit status 1: no server running on /tmp/tmux-501/t115f44898"
time=2026-08-21T18:20:24.065+08:00 level=DEBUG msg="discovery: skipping unreachable socket" socket=/tmp/tmux-501/t115g47728 err="query tmux on /tmp/tmux-501/t115g47728: exit status 1: no server running on /tmp/tmux-501/t115g47728"
time=2026-08-21T18:20:24.074+08:00 level=DEBUG msg="discovery: skipping unreachable socket" socket=/tmp/tmux-501/ta-0bafa3965ade err="query tmux on /tmp/tmux-501/ta-0bafa3965ade: exit status 1: no server running on /tmp/tmux-501/ta-0bafa3965ade"
time=2026-08-21T18:20:24.098+08:00 level=DEBUG msg="discovery: skipping unreachable socket" socket=/tmp/tmux-501/ta-61709dcf801e err="query tmux on /tmp/tmux-501/ta-61709dcf801e: exit status 1: no server running on /tmp/tmux-501/ta-61709dcf801e"
time=2026-08-21T18:20:24.117+08:00 level=DEBUG msg="discovery: skipping unparsable pane line" socket=/tmp/tmux-501/ta-a9fd5b7defbd line="team-refactor-maintainability|6|%39|/Users/alauda/Documents/code/agent前沿探索/多agent协作|bash|87458|t.p9.review 零上下文设计审查已通过<|eos|> - grok|235x50|tester-t124"
time=2026-08-21T18:20:24.134+08:00 level=DEBUG msg="discovery: skipping unreachable socket" socket=/tmp/tmux-501/ta-ed81bd4d8c17 err="query tmux on /tmp/tmux-501/ta-ed81bd4d8c17: exit status 1: no server running on /tmp/tmux-501/ta-ed81bd4d8c17"
time=2026-08-21T18:20:24.142+08:00 level=DEBUG msg="discovery: skipping unreachable socket" socket=/tmp/tmux-501/ta-f1ad1b378fc7 err="query tmux on /tmp/tmux-501/ta-f1ad1b378fc7: exit status 1: no server running on /tmp/tmux-501/ta-f1ad1b378fc7"
time=2026-08-21T18:20:24.159+08:00 level=DEBUG msg="discovery: skipping unreachable socket" socket=/tmp/tmux-501/ta-t121u01 err="query tmux on /tmp/tmux-501/ta-t121u01: exit status 1: no server running on /tmp/tmux-501/ta-t121u01"
time=2026-08-21T18:20:24.167+08:00 level=DEBUG msg="discovery: skipping unreachable socket" socket=/tmp/tmux-501/ta-t121u01b err="query tmux on /tmp/tmux-501/ta-t121u01b: exit status 1: no server running on /tmp/tmux-501/ta-t121u01b"
time=2026-08-21T18:20:24.176+08:00 level=DEBUG msg="discovery: skipping unreachable socket" socket=/tmp/tmux-501/ta-user-agents err="query tmux on /tmp/tmux-501/ta-user-agents: exit status 1: no server running on /tmp/tmux-501/ta-user-agents"
time=2026-08-21T18:20:24.771+08:00 level=DEBUG msg="discovery: skipping unreachable socket" socket=/tmp/tmux-501/t115d24675 err="query tmux on /tmp/tmux-501/t115d24675: exit status 1: no server running on /tmp/tmux-501/t115d24675"
time=2026-08-21T18:20:24.779+08:00 level=DEBUG msg="discovery: skipping unreachable socket" socket=/tmp/tmux-501/t115e31319 err="query tmux on /tmp/tmux-501/t115e31319: exit status 1: no server running on /tmp/tmux-501/t115e31319"
time=2026-08-21T18:20:24.788+08:00 level=DEBUG msg="discovery: skipping unreachable socket" socket=/tmp/tmux-501/t115f44898 err="query tmux on /tmp/tmux-501/t115f44898: exit status 1: no server running on /tmp/tmux-501/t115f44898"
time=2026-08-21T18:20:24.796+08:00 level=DEBUG msg="discovery: skipping unreachable socket" socket=/tmp/tmux-501/t115g47728 err="query tmux on /tmp/tmux-501/t115g47728: exit status 1: no server running on /tmp/tmux-501/t115g47728"
time=2026-08-21T18:20:24.804+08:00 level=DEBUG msg="discovery: skipping unreachable socket" socket=/tmp/tmux-501/ta-0bafa3965ade err="query tmux on /tmp/tmux-501/ta-0bafa3965ade: exit status 1: no server running on /tmp/tmux-501/ta-0bafa3965ade"
time=2026-08-21T18:20:24.830+08:00 level=DEBUG msg="discovery: skipping unreachable socket" socket=/tmp/tmux-501/ta-61709dcf801e err="query tmux on /tmp/tmux-501/ta-61709dcf801e: exit status 1: no server running on /tmp/tmux-501/ta-61709dcf801e"
time=2026-08-21T18:20:24.848+08:00 level=DEBUG msg="discovery: skipping unparsable pane line" socket=/tmp/tmux-501/ta-a9fd5b7defbd line="team-refactor-maintainability|6|%39|/Users/alauda/Documents/code/agent前沿探索/多agent协作|bash|87458|t.p9.review 零上下文设计审查已通过<|eos|> - grok|235x50|tester-t124"
time=2026-08-21T18:20:24.866+08:00 level=DEBUG msg="discovery: skipping unreachable socket" socket=/tmp/tmux-501/ta-ed81bd4d8c17 err="query tmux on /tmp/tmux-501/ta-ed81bd4d8c17: exit status 1: no server running on /tmp/tmux-501/ta-ed81bd4d8c17"
time=2026-08-21T18:20:24.875+08:00 level=DEBUG msg="discovery: skipping unreachable socket" socket=/tmp/tmux-501/ta-f1ad1b378fc7 err="query tmux on /tmp/tmux-501/ta-f1ad1b378fc7: exit status 1: no server running on /tmp/tmux-501/ta-f1ad1b378fc7"
time=2026-08-21T18:20:24.892+08:00 level=DEBUG msg="discovery: skipping unreachable socket" socket=/tmp/tmux-501/ta-t121u01 err="query tmux on /tmp/tmux-501/ta-t121u01: exit status 1: no server running on /tmp/tmux-501/ta-t121u01"
time=2026-08-21T18:20:24.899+08:00 level=DEBUG msg="discovery: skipping unreachable socket" socket=/tmp/tmux-501/ta-t121u01b err="query tmux on /tmp/tmux-501/ta-t121u01b: exit status 1: no server running on /tmp/tmux-501/ta-t121u01b"
time=2026-08-21T18:20:24.907+08:00 level=DEBUG msg="discovery: skipping unreachable socket" socket=/tmp/tmux-501/ta-user-agents err="query tmux on /tmp/tmux-501/ta-user-agents: exit status 1: no server running on /tmp/tmux-501/ta-user-agents"
time=2026-08-21T18:20:26.380+08:00 level=DEBUG msg="listing: no changes"
time=2026-08-21T18:20:26.911+08:00 level=DEBUG msg="discovery: skipping unreachable socket" socket=/tmp/tmux-501/t115d24675 err="query tmux on /tmp/tmux-501/t115d24675: exit status 1: no server running on /tmp/tmux-501/t115d24675"
time=2026-08-21T18:20:26.964+08:00 level=DEBUG msg="discovery: skipping unreachable socket" socket=/tmp/tmux-501/t115e31319 err="query tmux on /tmp/tmux-501/t115e31319: exit status 1: no server running on /tmp/tmux-501/t115e31319"
time=2026-08-21T18:20:26.976+08:00 level=DEBUG msg="discovery: skipping unreachable socket" socket=/tmp/tmux-501/t115f44898 err="query tmux on /tmp/tmux-501/t115f44898: exit status 1: no server running on /tmp/tmux-501/t115f44898"
time=2026-08-21T18:20:26.986+08:00 level=DEBUG msg="discovery: skipping unreachable socket" socket=/tmp/tmux-501/t115g47728 err="query tmux on /tmp/tmux-501/t115g47728: exit status 1: no server running on /tmp/tmux-501/t115g47728"
time=2026-08-21T18:20:26.995+08:00 level=DEBUG msg="discovery: skipping unreachable socket" socket=/tmp/tmux-501/ta-0bafa3965ade err="query tmux on /tmp/tmux-501/ta-0bafa3965ade: exit status 1: no server running on /tmp/tmux-501/ta-0bafa3965ade"
time=2026-08-21T18:20:27.020+08:00 level=DEBUG msg="discovery: skipping unreachable socket" socket=/tmp/tmux-501/ta-61709dcf801e err="query tmux on /tmp/tmux-501/ta-61709dcf801e: exit status 1: no server running on /tmp/tmux-501/ta-61709dcf801e"
time=2026-08-21T18:20:27.032+08:00 level=DEBUG msg="discovery: skipping unreachable socket" socket=/tmp/tmux-501/t115d24675 err="query tmux on /tmp/tmux-501/t115d24675: exit status 1: no server running on /tmp/tmux-501/t115d24675"
time=2026-08-21T18:20:27.040+08:00 level=DEBUG msg="discovery: skipping unparsable pane line" socket=/tmp/tmux-501/ta-a9fd5b7defbd line="team-refactor-maintainability|6|%39|/Users/alauda/Documents/code/agent前沿探索/多agent协作|bash|87458|t.p9.review 零上下文设计审查已通过<|eos|> - grok|235x50|tester-t124"
time=2026-08-21T18:20:27.043+08:00 level=DEBUG msg="discovery: skipping unreachable socket" socket=/tmp/tmux-501/t115e31319 err="query tmux on /tmp/tmux-501/t115e31319: exit status 1: no server running on /tmp/tmux-501/t115e31319"
time=2026-08-21T18:20:27.051+08:00 level=DEBUG msg="discovery: skipping unreachable socket" socket=/tmp/tmux-501/t115f44898 err="query tmux on /tmp/tmux-501/t115f44898: exit status 1: no server running on /tmp/tmux-501/t115f44898"
time=2026-08-21T18:20:27.058+08:00 level=DEBUG msg="discovery: skipping unreachable socket" socket=/tmp/tmux-501/ta-ed81bd4d8c17 err="query tmux on /tmp/tmux-501/ta-ed81bd4d8c17: exit status 1: no server running on /tmp/tmux-501/ta-ed81bd4d8c17"
time=2026-08-21T18:20:27.059+08:00 level=DEBUG msg="discovery: skipping unreachable socket" socket=/tmp/tmux-501/t115g47728 err="query tmux on /tmp/tmux-501/t115g47728: exit status 1: no server running on /tmp/tmux-501/t115g47728"
time=2026-08-21T18:20:27.066+08:00 level=DEBUG msg="discovery: skipping unreachable socket" socket=/tmp/tmux-501/ta-f1ad1b378fc7 err="query tmux on /tmp/tmux-501/ta-f1ad1b378fc7: exit status 1: no server running on /tmp/tmux-501/ta-f1ad1b378fc7"
time=2026-08-21T18:20:27.067+08:00 level=DEBUG msg="discovery: skipping unreachable socket" socket=/tmp/tmux-501/ta-0bafa3965ade err="query tmux on /tmp/tmux-501/ta-0bafa3965ade: exit status 1: no server running on /tmp/tmux-501/ta-0bafa3965ade"
time=2026-08-21T18:20:27.084+08:00 level=DEBUG msg="discovery: skipping unreachable socket" socket=/tmp/tmux-501/ta-t121u01 err="query tmux on /tmp/tmux-501/ta-t121u01: exit status 1: no server running on /tmp/tmux-501/ta-t121u01"
time=2026-08-21T18:20:27.092+08:00 level=DEBUG msg="discovery: skipping unreachable socket" socket=/tmp/tmux-501/ta-t121u01b err="query tmux on /tmp/tmux-501/ta-t121u01b: exit status 1: no server running on /tmp/tmux-501/ta-t121u01b"
time=2026-08-21T18:20:27.093+08:00 level=DEBUG msg="discovery: skipping unreachable socket" socket=/tmp/tmux-501/ta-61709dcf801e err="query tmux on /tmp/tmux-501/ta-61709dcf801e: exit status 1: no server running on /tmp/tmux-501/ta-61709dcf801e"
time=2026-08-21T18:20:27.100+08:00 level=DEBUG msg="discovery: skipping unreachable socket" socket=/tmp/tmux-501/ta-user-agents err="query tmux on /tmp/tmux-501/ta-user-agents: exit status 1: no server running on /tmp/tmux-501/ta-user-agents"
time=2026-08-21T18:20:27.110+08:00 level=DEBUG msg="discovery: skipping unparsable pane line" socket=/tmp/tmux-501/ta-a9fd5b7defbd line="team-refactor-maintainability|6|%39|/Users/alauda/Documents/code/agent前沿探索/多agent协作|bash|87458|t.p9.review 零上下文设计审查已通过<|eos|> - grok|235x50|tester-t124"
time=2026-08-21T18:20:27.130+08:00 level=DEBUG msg="discovery: skipping unreachable socket" socket=/tmp/tmux-501/ta-ed81bd4d8c17 err="query tmux on /tmp/tmux-501/ta-ed81bd4d8c17: exit status 1: no server running on /tmp/tmux-501/ta-ed81bd4d8c17"
time=2026-08-21T18:20:27.139+08:00 level=DEBUG msg="discovery: skipping unreachable socket" socket=/tmp/tmux-501/ta-f1ad1b378fc7 err="query tmux on /tmp/tmux-501/ta-f1ad1b378fc7: exit status 1: no server running on /tmp/tmux-501/ta-f1ad1b378fc7"
time=2026-08-21T18:20:27.157+08:00 level=DEBUG msg="discovery: skipping unreachable socket" socket=/tmp/tmux-501/ta-t121u01 err="query tmux on /tmp/tmux-501/ta-t121u01: exit status 1: no server running on /tmp/tmux-501/ta-t121u01"
time=2026-08-21T18:20:27.165+08:00 level=DEBUG msg="discovery: skipping unreachable socket" socket=/tmp/tmux-501/ta-t121u01b err="query tmux on /tmp/tmux-501/ta-t121u01b: exit status 1: no server running on /tmp/tmux-501/ta-t121u01b"
time=2026-08-21T18:20:27.174+08:00 level=DEBUG msg="discovery: skipping unreachable socket" socket=/tmp/tmux-501/ta-user-agents err="query tmux on /tmp/tmux-501/ta-user-agents: exit status 1: no server running on /tmp/tmux-501/ta-user-agents"
time=2026-08-21T18:20:29.312+08:00 level=DEBUG msg="discovery: skipping unreachable socket" socket=/tmp/tmux-501/t115d24675 err="query tmux on /tmp/tmux-501/t115d24675: exit status 1: no server running on /tmp/tmux-501/t115d24675"
time=2026-08-21T18:20:29.320+08:00 level=DEBUG msg="discovery: skipping unreachable socket" socket=/tmp/tmux-501/t115e31319 err="query tmux on /tmp/tmux-501/t115e31319: exit status 1: no server running on /tmp/tmux-501/t115e31319"
time=2026-08-21T18:20:29.335+08:00 level=DEBUG msg="discovery: skipping unreachable socket" socket=/tmp/tmux-501/t115f44898 err="query tmux on /tmp/tmux-501/t115f44898: exit status 1: no server running on /tmp/tmux-501/t115f44898"
time=2026-08-21T18:20:29.353+08:00 level=DEBUG msg="discovery: skipping unreachable socket" socket=/tmp/tmux-501/t115g47728 err="query tmux on /tmp/tmux-501/t115g47728: exit status 1: no server running on /tmp/tmux-501/t115g47728"
time=2026-08-21T18:20:29.362+08:00 level=DEBUG msg="discovery: skipping unreachable socket" socket=/tmp/tmux-501/ta-0bafa3965ade err="query tmux on /tmp/tmux-501/ta-0bafa3965ade: exit status 1: no server running on /tmp/tmux-501/ta-0bafa3965ade"
time=2026-08-21T18:20:29.390+08:00 level=DEBUG msg="discovery: skipping unreachable socket" socket=/tmp/tmux-501/ta-61709dcf801e err="query tmux on /tmp/tmux-501/ta-61709dcf801e: exit status 1: no server running on /tmp/tmux-501/ta-61709dcf801e"
time=2026-08-21T18:20:29.409+08:00 level=DEBUG msg="discovery: skipping unparsable pane line" socket=/tmp/tmux-501/ta-a9fd5b7defbd line="team-refactor-maintainability|6|%39|/Users/alauda/Documents/code/agent前沿探索/多agent协作|bash|87458|t.p9.review 零上下文设计审查已通过<|eos|> - grok|235x50|tester-t124"
time=2026-08-21T18:20:29.427+08:00 level=DEBUG msg="discovery: skipping unreachable socket" socket=/tmp/tmux-501/ta-ed81bd4d8c17 err="query tmux on /tmp/tmux-501/ta-ed81bd4d8c17: exit status 1: no server running on /tmp/tmux-501/ta-ed81bd4d8c17"
time=2026-08-21T18:20:29.446+08:00 level=DEBUG msg="listing: no changes"
time=2026-08-21T18:20:29.447+08:00 level=DEBUG msg="discovery: skipping unreachable socket" socket=/tmp/tmux-501/ta-f1ad1b378fc7 err="query tmux on /tmp/tmux-501/ta-f1ad1b378fc7: exit status 1: no server running on /tmp/tmux-501/ta-f1ad1b378fc7"
time=2026-08-21T18:20:29.465+08:00 level=DEBUG msg="discovery: skipping unreachable socket" socket=/tmp/tmux-501/ta-t121u01 err="query tmux on /tmp/tmux-501/ta-t121u01: exit status 1: no server running on /tmp/tmux-501/ta-t121u01"
time=2026-08-21T18:20:29.474+08:00 level=DEBUG msg="discovery: skipping unreachable socket" socket=/tmp/tmux-501/ta-t121u01b err="query tmux on /tmp/tmux-501/ta-t121u01b: exit status 1: no server running on /tmp/tmux-501/ta-t121u01b"
time=2026-08-21T18:20:29.482+08:00 level=DEBUG msg="discovery: skipping unreachable socket" socket=/tmp/tmux-501/ta-user-agents err="query tmux on /tmp/tmux-501/ta-user-agents: exit status 1: no server running on /tmp/tmux-501/ta-user-agents"
time=2026-08-21T18:20:29.974+08:00 level=DEBUG msg="discovery: skipping unreachable socket" socket=/tmp/tmux-501/t115d24675 err="query tmux on /tmp/tmux-501/t115d24675: exit status 1: no server running on /tmp/tmux-501/t115d24675"
time=2026-08-21T18:20:29.983+08:00 level=DEBUG msg="discovery: skipping unreachable socket" socket=/tmp/tmux-501/t115e31319 err="query tmux on /tmp/tmux-501/t115e31319: exit status 1: no server running on /tmp/tmux-501/t115e31319"
time=2026-08-21T18:20:29.994+08:00 level=DEBUG msg="discovery: skipping unreachable socket" socket=/tmp/tmux-501/t115f44898 err="query tmux on /tmp/tmux-501/t115f44898: exit status 1: no server running on /tmp/tmux-501/t115f44898"
time=2026-08-21T18:20:30.003+08:00 level=DEBUG msg="discovery: skipping unreachable socket" socket=/tmp/tmux-501/t115g47728 err="query tmux on /tmp/tmux-501/t115g47728: exit status 1: no server running on /tmp/tmux-501/t115g47728"
time=2026-08-21T18:20:30.011+08:00 level=DEBUG msg="discovery: skipping unreachable socket" socket=/tmp/tmux-501/ta-0bafa3965ade err="query tmux on /tmp/tmux-501/ta-0bafa3965ade: exit status 1: no server running on /tmp/tmux-501/ta-0bafa3965ade"
time=2026-08-21T18:20:30.038+08:00 level=DEBUG msg="discovery: skipping unreachable socket" socket=/tmp/tmux-501/ta-61709dcf801e err="query tmux on /tmp/tmux-501/ta-61709dcf801e: exit status 1: no server running on /tmp/tmux-501/ta-61709dcf801e"
time=2026-08-21T18:20:30.063+08:00 level=DEBUG msg="discovery: skipping unparsable pane line" socket=/tmp/tmux-501/ta-a9fd5b7defbd line="team-refactor-maintainability|6|%39|/Users/alauda/Documents/code/agent前沿探索/多agent协作|bash|87458|t.p9.review 零上下文设计审查已通过<|eos|> - grok|235x50|tester-t124"
time=2026-08-21T18:20:30.080+08:00 level=DEBUG msg="discovery: skipping unreachable socket" socket=/tmp/tmux-501/ta-ed81bd4d8c17 err="query tmux on /tmp/tmux-501/ta-ed81bd4d8c17: exit status 1: no server running on /tmp/tmux-501/ta-ed81bd4d8c17"
time=2026-08-21T18:20:30.088+08:00 level=DEBUG msg="discovery: skipping unreachable socket" socket=/tmp/tmux-501/ta-f1ad1b378fc7 err="query tmux on /tmp/tmux-501/ta-f1ad1b378fc7: exit status 1: no server running on /tmp/tmux-501/ta-f1ad1b378fc7"
time=2026-08-21T18:20:30.107+08:00 level=DEBUG msg="discovery: skipping unreachable socket" socket=/tmp/tmux-501/ta-t121u01 err="query tmux on /tmp/tmux-501/ta-t121u01: exit status 1: no server running on /tmp/tmux-501/ta-t121u01"
time=2026-08-21T18:20:30.114+08:00 level=DEBUG msg="discovery: skipping unreachable socket" socket=/tmp/tmux-501/ta-t121u01b err="query tmux on /tmp/tmux-501/ta-t121u01b: exit status 1: no server running on /tmp/tmux-501/ta-t121u01b"
time=2026-08-21T18:20:30.123+08:00 level=DEBUG msg="discovery: skipping unreachable socket" socket=/tmp/tmux-501/ta-user-agents err="query tmux on /tmp/tmux-501/ta-user-agents: exit status 1: no server running on /tmp/tmux-501/ta-user-agents"
time=2026-08-21T18:20:31.558+08:00 level=DEBUG msg="discovery: skipping unreachable socket" socket=/tmp/tmux-501/t115d24675 err="query tmux on /tmp/tmux-501/t115d24675: exit status 1: no server running on /tmp/tmux-501/t115d24675"
time=2026-08-21T18:20:31.567+08:00 level=DEBUG msg="discovery: skipping unreachable socket" socket=/tmp/tmux-501/t115e31319 err="query tmux on /tmp/tmux-501/t115e31319: exit status 1: no server running on /tmp/tmux-501/t115e31319"
time=2026-08-21T18:20:31.575+08:00 level=DEBUG msg="discovery: skipping unreachable socket" socket=/tmp/tmux-501/t115f44898 err="query tmux on /tmp/tmux-501/t115f44898: exit status 1: no server running on /tmp/tmux-501/t115f44898"
time=2026-08-21T18:20:31.584+08:00 level=DEBUG msg="discovery: skipping unreachable socket" socket=/tmp/tmux-501/t115g47728 err="query tmux on /tmp/tmux-501/t115g47728: exit status 1: no server running on /tmp/tmux-501/t115g47728"
time=2026-08-21T18:20:31.592+08:00 level=DEBUG msg="discovery: skipping unreachable socket" socket=/tmp/tmux-501/ta-0bafa3965ade err="query tmux on /tmp/tmux-501/ta-0bafa3965ade: exit status 1: no server running on /tmp/tmux-501/ta-0bafa3965ade"
time=2026-08-21T18:20:31.624+08:00 level=DEBUG msg="discovery: skipping unreachable socket" socket=/tmp/tmux-501/ta-61709dcf801e err="query tmux on /tmp/tmux-501/ta-61709dcf801e: exit status 1: no server running on /tmp/tmux-501/ta-61709dcf801e"
time=2026-08-21T18:20:31.642+08:00 level=DEBUG msg="discovery: skipping unparsable pane line" socket=/tmp/tmux-501/ta-a9fd5b7defbd line="team-refactor-maintainability|6|%39|/Users/alauda/Documents/code/agent前沿探索/多agent协作|bash|87458|t.p9.review 零上下文设计审查已通过<|eos|> - grok|235x50|tester-t124"
time=2026-08-21T18:20:31.664+08:00 level=DEBUG msg="discovery: skipping unreachable socket" socket=/tmp/tmux-501/ta-ed81bd4d8c17 err="query tmux on /tmp/tmux-501/ta-ed81bd4d8c17: exit status 1: no server running on /tmp/tmux-501/ta-ed81bd4d8c17"
time=2026-08-21T18:20:31.672+08:00 level=DEBUG msg="discovery: skipping unreachable socket" socket=/tmp/tmux-501/ta-f1ad1b378fc7 err="query tmux on /tmp/tmux-501/ta-f1ad1b378fc7: exit status 1: no server running on /tmp/tmux-501/ta-f1ad1b378fc7"
time=2026-08-21T18:20:31.690+08:00 level=DEBUG msg="discovery: skipping unreachable socket" socket=/tmp/tmux-501/ta-t121u01 err="query tmux on /tmp/tmux-501/ta-t121u01: exit status 1: no server running on /tmp/tmux-501/ta-t121u01"
time=2026-08-21T18:20:31.700+08:00 level=DEBUG msg="discovery: skipping unreachable socket" socket=/tmp/tmux-501/ta-t121u01b err="query tmux on /tmp/tmux-501/ta-t121u01b: exit status 1: no server running on /tmp/tmux-501/ta-t121u01b"
time=2026-08-21T18:20:31.710+08:00 level=DEBUG msg="discovery: skipping unreachable socket" socket=/tmp/tmux-501/ta-user-agents err="query tmux on /tmp/tmux-501/ta-user-agents: exit status 1: no server running on /tmp/tmux-501/ta-user-agents"
time=2026-08-21T18:20:32.388+08:00 level=DEBUG msg="listing: no changes"
time=2026-08-21T18:20:32.917+08:00 level=DEBUG msg="discovery: skipping unreachable socket" socket=/tmp/tmux-501/t115d24675 err="query tmux on /tmp/tmux-501/t115d24675: exit status 1: no server running on /tmp/tmux-501/t115d24675"
time=2026-08-21T18:20:32.925+08:00 level=DEBUG msg="discovery: skipping unreachable socket" socket=/tmp/tmux-501/t115e31319 err="query tmux on /tmp/tmux-501/t115e31319: exit status 1: no server running on /tmp/tmux-501/t115e31319"
time=2026-08-21T18:20:32.933+08:00 level=DEBUG msg="discovery: skipping unreachable socket" socket=/tmp/tmux-501/t115f44898 err="query tmux on /tmp/tmux-501/t115f44898: exit status 1: no server running on /tmp/tmux-501/t115f44898"
time=2026-08-21T18:20:32.941+08:00 level=DEBUG msg="discovery: skipping unreachable socket" socket=/tmp/tmux-501/t115g47728 err="query tmux on /tmp/tmux-501/t115g47728: exit status 1: no server running on /tmp/tmux-501/t115g47728"
time=2026-08-21T18:20:32.950+08:00 level=DEBUG msg="discovery: skipping unreachable socket" socket=/tmp/tmux-501/ta-0bafa3965ade err="query tmux on /tmp/tmux-501/ta-0bafa3965ade: exit status 1: no server running on /tmp/tmux-501/ta-0bafa3965ade"
time=2026-08-21T18:20:32.975+08:00 level=DEBUG msg="discovery: skipping unreachable socket" socket=/tmp/tmux-501/ta-61709dcf801e err="query tmux on /tmp/tmux-501/ta-61709dcf801e: exit status 1: no server running on /tmp/tmux-501/ta-61709dcf801e"
time=2026-08-21T18:20:32.993+08:00 level=DEBUG msg="discovery: skipping unparsable pane line" socket=/tmp/tmux-501/ta-a9fd5b7defbd line="team-refactor-maintainability|6|%39|/Users/alauda/Documents/code/agent前沿探索/多agent协作|bash|87458|t.p9.review 零上下文设计审查已通过<|eos|> - grok|235x50|tester-t124"
time=2026-08-21T18:20:33.010+08:00 level=DEBUG msg="discovery: skipping unreachable socket" socket=/tmp/tmux-501/ta-ed81bd4d8c17 err="query tmux on /tmp/tmux-501/ta-ed81bd4d8c17: exit status 1: no server running on /tmp/tmux-501/ta-ed81bd4d8c17"
time=2026-08-21T18:20:33.019+08:00 level=DEBUG msg="discovery: skipping unreachable socket" socket=/tmp/tmux-501/ta-f1ad1b378fc7 err="query tmux on /tmp/tmux-501/ta-f1ad1b378fc7: exit status 1: no server running on /tmp/tmux-501/ta-f1ad1b378fc7"
time=2026-08-21T18:20:33.036+08:00 level=DEBUG msg="discovery: skipping unreachable socket" socket=/tmp/tmux-501/ta-t121u01 err="query tmux on /tmp/tmux-501/ta-t121u01: exit status 1: no server running on /tmp/tmux-501/ta-t121u01"
time=2026-08-21T18:20:33.045+08:00 level=DEBUG msg="discovery: skipping unreachable socket" socket=/tmp/tmux-501/ta-t121u01b err="query tmux on /tmp/tmux-501/ta-t121u01b: exit status 1: no server running on /tmp/tmux-501/ta-t121u01b"
time=2026-08-21T18:20:33.053+08:00 level=DEBUG msg="discovery: skipping unreachable socket" socket=/tmp/tmux-501/ta-user-agents err="query tmux on /tmp/tmux-501/ta-user-agents: exit status 1: no server running on /tmp/tmux-501/ta-user-agents"
time=2026-08-21T18:20:33.868+08:00 level=DEBUG msg="discovery: skipping unreachable socket" socket=/tmp/tmux-501/t115d24675 err="query tmux on /tmp/tmux-501/t115d24675: exit status 1: no server running on /tmp/tmux-501/t115d24675"
time=2026-08-21T18:20:33.876+08:00 level=DEBUG msg="discovery: skipping unreachable socket" socket=/tmp/tmux-501/t115e31319 err="query tmux on /tmp/tmux-501/t115e31319: exit status 1: no server running on /tmp/tmux-501/t115e31319"
time=2026-08-21T18:20:33.884+08:00 level=DEBUG msg="discovery: skipping unreachable socket" socket=/tmp/tmux-501/t115f44898 err="query tmux on /tmp/tmux-501/t115f44898: exit status 1: no server running on /tmp/tmux-501/t115f44898"
time=2026-08-21T18:20:33.893+08:00 level=DEBUG msg="discovery: skipping unreachable socket" socket=/tmp/tmux-501/t115g47728 err="query tmux on /tmp/tmux-501/t115g47728: exit status 1: no server running on /tmp/tmux-501/t115g47728"
time=2026-08-21T18:20:33.901+08:00 level=DEBUG msg="discovery: skipping unreachable socket" socket=/tmp/tmux-501/ta-0bafa3965ade err="query tmux on /tmp/tmux-501/ta-0bafa3965ade: exit status 1: no server running on /tmp/tmux-501/ta-0bafa3965ade"
time=2026-08-21T18:20:33.926+08:00 level=DEBUG msg="discovery: skipping unreachable socket" socket=/tmp/tmux-501/ta-61709dcf801e err="query tmux on /tmp/tmux-501/ta-61709dcf801e: exit status 1: no server running on /tmp/tmux-501/ta-61709dcf801e"
time=2026-08-21T18:20:33.946+08:00 level=DEBUG msg="discovery: skipping unparsable pane line" socket=/tmp/tmux-501/ta-a9fd5b7defbd line="team-refactor-maintainability|6|%39|/Users/alauda/Documents/code/agent前沿探索/多agent协作|bash|87458|t.p9.review 零上下文设计审查已通过<|eos|> - grok|235x50|tester-t124"
time=2026-08-21T18:20:33.964+08:00 level=DEBUG msg="discovery: skipping unreachable socket" socket=/tmp/tmux-501/ta-ed81bd4d8c17 err="query tmux on /tmp/tmux-501/ta-ed81bd4d8c17: exit status 1: no server running on /tmp/tmux-501/ta-ed81bd4d8c17"
time=2026-08-21T18:20:33.973+08:00 level=DEBUG msg="discovery: skipping unreachable socket" socket=/tmp/tmux-501/ta-f1ad1b378fc7 err="query tmux on /tmp/tmux-501/ta-f1ad1b378fc7: exit status 1: no server running on /tmp/tmux-501/ta-f1ad1b378fc7"
time=2026-08-21T18:20:33.991+08:00 level=DEBUG msg="discovery: skipping unreachable socket" socket=/tmp/tmux-501/ta-t121u01 err="query tmux on /tmp/tmux-501/ta-t121u01: exit status 1: no server running on /tmp/tmux-501/ta-t121u01"
time=2026-08-21T18:20:34.000+08:00 level=DEBUG msg="discovery: skipping unreachable socket" socket=/tmp/tmux-501/ta-t121u01b err="query tmux on /tmp/tmux-501/ta-t121u01b: exit status 1: no server running on /tmp/tmux-501/ta-t121u01b"
time=2026-08-21T18:20:34.009+08:00 level=DEBUG msg="discovery: skipping unreachable socket" socket=/tmp/tmux-501/ta-user-agents err="query tmux on /tmp/tmux-501/ta-user-agents: exit status 1: no server running on /tmp/tmux-501/ta-user-agents"
time=2026-08-21T18:20:35.267+08:00 level=DEBUG msg="listing: no changes"
time=2026-08-21T18:20:35.793+08:00 level=DEBUG msg="discovery: skipping unreachable socket" socket=/tmp/tmux-501/t115d24675 err="query tmux on /tmp/tmux-501/t115d24675: exit status 1: no server running on /tmp/tmux-501/t115d24675"
time=2026-08-21T18:20:35.802+08:00 level=DEBUG msg="discovery: skipping unreachable socket" socket=/tmp/tmux-501/t115e31319 err="query tmux on /tmp/tmux-501/t115e31319: exit status 1: no server running on /tmp/tmux-501/t115e31319"
time=2026-08-21T18:20:35.811+08:00 level=DEBUG msg="discovery: skipping unreachable socket" socket=/tmp/tmux-501/t115f44898 err="query tmux on /tmp/tmux-501/t115f44898: exit status 1: no server running on /tmp/tmux-501/t115f44898"
time=2026-08-21T18:20:35.819+08:00 level=DEBUG msg="discovery: skipping unreachable socket" socket=/tmp/tmux-501/t115g47728 err="query tmux on /tmp/tmux-501/t115g47728: exit status 1: no server running on /tmp/tmux-501/t115g47728"
time=2026-08-21T18:20:35.828+08:00 level=DEBUG msg="discovery: skipping unreachable socket" socket=/tmp/tmux-501/ta-0bafa3965ade err="query tmux on /tmp/tmux-501/ta-0bafa3965ade: exit status 1: no server running on /tmp/tmux-501/ta-0bafa3965ade"
time=2026-08-21T18:20:35.853+08:00 level=DEBUG msg="discovery: skipping unreachable socket" socket=/tmp/tmux-501/ta-61709dcf801e err="query tmux on /tmp/tmux-501/ta-61709dcf801e: exit status 1: no server running on /tmp/tmux-501/ta-61709dcf801e"
time=2026-08-21T18:20:35.871+08:00 level=DEBUG msg="discovery: skipping unparsable pane line" socket=/tmp/tmux-501/ta-a9fd5b7defbd line="team-refactor-maintainability|6|%39|/Users/alauda/Documents/code/agent前沿探索/多agent协作|bash|87458|t.p9.review 零上下文设计审查已通过<|eos|> - grok|235x50|tester-t124"
time=2026-08-21T18:20:35.888+08:00 level=DEBUG msg="discovery: skipping unreachable socket" socket=/tmp/tmux-501/ta-ed81bd4d8c17 err="query tmux on /tmp/tmux-501/ta-ed81bd4d8c17: exit status 1: no server running on /tmp/tmux-501/ta-ed81bd4d8c17"
time=2026-08-21T18:20:35.897+08:00 level=DEBUG msg="discovery: skipping unreachable socket" socket=/tmp/tmux-501/ta-f1ad1b378fc7 err="query tmux on /tmp/tmux-501/ta-f1ad1b378fc7: exit status 1: no server running on /tmp/tmux-501/ta-f1ad1b378fc7"
time=2026-08-21T18:20:35.914+08:00 level=DEBUG msg="discovery: skipping unreachable socket" socket=/tmp/tmux-501/ta-t121u01 err="query tmux on /tmp/tmux-501/ta-t121u01: exit status 1: no server running on /tmp/tmux-501/ta-t121u01"
time=2026-08-21T18:20:35.921+08:00 level=DEBUG msg="discovery: skipping unreachable socket" socket=/tmp/tmux-501/ta-t121u01b err="query tmux on /tmp/tmux-501/ta-t121u01b: exit status 1: no server running on /tmp/tmux-501/ta-t121u01b"
time=2026-08-21T18:20:35.930+08:00 level=DEBUG msg="discovery: skipping unreachable socket" socket=/tmp/tmux-501/ta-user-agents err="query tmux on /tmp/tmux-501/ta-user-agents: exit status 1: no server running on /tmp/tmux-501/ta-user-agents"
time=2026-08-21T18:20:36.220+08:00 level=DEBUG msg="discovery: skipping unreachable socket" socket=/tmp/tmux-501/t115d24675 err="query tmux on /tmp/tmux-501/t115d24675: exit status 1: no server running on /tmp/tmux-501/t115d24675"
time=2026-08-21T18:20:36.233+08:00 level=DEBUG msg="discovery: skipping unreachable socket" socket=/tmp/tmux-501/t115e31319 err="query tmux on /tmp/tmux-501/t115e31319: exit status 1: no server running on /tmp/tmux-501/t115e31319"
time=2026-08-21T18:20:36.242+08:00 level=DEBUG msg="discovery: skipping unreachable socket" socket=/tmp/tmux-501/t115f44898 err="query tmux on /tmp/tmux-501/t115f44898: exit status 1: no server running on /tmp/tmux-501/t115f44898"
time=2026-08-21T18:20:36.252+08:00 level=DEBUG msg="discovery: skipping unreachable socket" socket=/tmp/tmux-501/t115g47728 err="query tmux on /tmp/tmux-501/t115g47728: exit status 1: no server running on /tmp/tmux-501/t115g47728"
time=2026-08-21T18:20:36.261+08:00 level=DEBUG msg="discovery: skipping unreachable socket" socket=/tmp/tmux-501/ta-0bafa3965ade err="query tmux on /tmp/tmux-501/ta-0bafa3965ade: exit status 1: no server running on /tmp/tmux-501/ta-0bafa3965ade"
time=2026-08-21T18:20:36.297+08:00 level=DEBUG msg="discovery: skipping unreachable socket" socket=/tmp/tmux-501/ta-61709dcf801e err="query tmux on /tmp/tmux-501/ta-61709dcf801e: exit status 1: no server running on /tmp/tmux-501/ta-61709dcf801e"
time=2026-08-21T18:20:36.322+08:00 level=DEBUG msg="discovery: skipping unparsable pane line" socket=/tmp/tmux-501/ta-a9fd5b7defbd line="team-refactor-maintainability|6|%39|/Users/alauda/Documents/code/agent前沿探索/多agent协作|bash|87458|t.p9.review 零上下文设计审查已通过<|eos|> - grok|235x50|tester-t124"
time=2026-08-21T18:20:36.351+08:00 level=DEBUG msg="discovery: skipping unreachable socket" socket=/tmp/tmux-501/ta-ed81bd4d8c17 err="query tmux on /tmp/tmux-501/ta-ed81bd4d8c17: exit status 1: no server running on /tmp/tmux-501/ta-ed81bd4d8c17"
time=2026-08-21T18:20:36.361+08:00 level=DEBUG msg="discovery: skipping unreachable socket" socket=/tmp/tmux-501/ta-f1ad1b378fc7 err="query tmux on /tmp/tmux-501/ta-f1ad1b378fc7: exit status 1: no server running on /tmp/tmux-501/ta-f1ad1b378fc7"
time=2026-08-21T18:20:36.382+08:00 level=DEBUG msg="discovery: skipping unreachable socket" socket=/tmp/tmux-501/ta-t121u01 err="query tmux on /tmp/tmux-501/ta-t121u01: exit status 1: no server running on /tmp/tmux-501/ta-t121u01"
time=2026-08-21T18:20:36.396+08:00 level=DEBUG msg="discovery: skipping unreachable socket" socket=/tmp/tmux-501/ta-t121u01b err="query tmux on /tmp/tmux-501/ta-t121u01b: exit status 1: no server running on /tmp/tmux-501/ta-t121u01b"
time=2026-08-21T18:20:36.406+08:00 level=DEBUG msg="discovery: skipping unreachable socket" socket=/tmp/tmux-501/ta-user-agents err="query tmux on /tmp/tmux-501/ta-user-agents: exit status 1: no server running on /tmp/tmux-501/ta-user-agents"
time=2026-08-21T18:20:38.318+08:00 level=DEBUG msg="listing: no changes"
time=2026-08-21T18:20:38.547+08:00 level=DEBUG msg="discovery: skipping unreachable socket" socket=/tmp/tmux-501/t115d24675 err="query tmux on /tmp/tmux-501/t115d24675: exit status 1: no server running on /tmp/tmux-501/t115d24675"
time=2026-08-21T18:20:38.556+08:00 level=DEBUG msg="discovery: skipping unreachable socket" socket=/tmp/tmux-501/t115e31319 err="query tmux on /tmp/tmux-501/t115e31319: exit status 1: no server running on /tmp/tmux-501/t115e31319"
time=2026-08-21T18:20:38.565+08:00 level=DEBUG msg="discovery: skipping unreachable socket" socket=/tmp/tmux-501/t115f44898 err="query tmux on /tmp/tmux-501/t115f44898: exit status 1: no server running on /tmp/tmux-501/t115f44898"
time=2026-08-21T18:20:38.573+08:00 level=DEBUG msg="discovery: skipping unreachable socket" socket=/tmp/tmux-501/t115g47728 err="query tmux on /tmp/tmux-501/t115g47728: exit status 1: no server running on /tmp/tmux-501/t115g47728"
time=2026-08-21T18:20:38.582+08:00 level=DEBUG msg="discovery: skipping unreachable socket" socket=/tmp/tmux-501/ta-0bafa3965ade err="query tmux on /tmp/tmux-501/ta-0bafa3965ade: exit status 1: no server running on /tmp/tmux-501/ta-0bafa3965ade"
time=2026-08-21T18:20:38.618+08:00 level=DEBUG msg="discovery: skipping unreachable socket" socket=/tmp/tmux-501/ta-61709dcf801e err="query tmux on /tmp/tmux-501/ta-61709dcf801e: exit status 1: no server running on /tmp/tmux-501/ta-61709dcf801e"
time=2026-08-21T18:20:38.636+08:00 level=DEBUG msg="discovery: skipping unparsable pane line" socket=/tmp/tmux-501/ta-a9fd5b7defbd line="team-refactor-maintainability|6|%39|/Users/alauda/Documents/code/agent前沿探索/多agent协作|bash|87458|t.p9.review 零上下文设计审查已通过<|eos|> - grok|235x50|tester-t124"
time=2026-08-21T18:20:38.661+08:00 level=DEBUG msg="discovery: skipping unreachable socket" socket=/tmp/tmux-501/ta-ed81bd4d8c17 err="query tmux on /tmp/tmux-501/ta-ed81bd4d8c17: exit status 1: no server running on /tmp/tmux-501/ta-ed81bd4d8c17"
time=2026-08-21T18:20:38.673+08:00 level=DEBUG msg="discovery: skipping unreachable socket" socket=/tmp/tmux-501/ta-f1ad1b378fc7 err="query tmux on /tmp/tmux-501/ta-f1ad1b378fc7: exit status 1: no server running on /tmp/tmux-501/ta-f1ad1b378fc7"
time=2026-08-21T18:20:38.690+08:00 level=DEBUG msg="discovery: skipping unreachable socket" socket=/tmp/tmux-501/ta-t121u01 err="query tmux on /tmp/tmux-501/ta-t121u01: exit status 1: no server running on /tmp/tmux-501/ta-t121u01"
time=2026-08-21T18:20:38.698+08:00 level=DEBUG msg="discovery: skipping unreachable socket" socket=/tmp/tmux-501/ta-t121u01b err="query tmux on /tmp/tmux-501/ta-t121u01b: exit status 1: no server running on /tmp/tmux-501/ta-t121u01b"
time=2026-08-21T18:20:38.706+08:00 level=DEBUG msg="discovery: skipping unreachable socket" socket=/tmp/tmux-501/ta-user-agents err="query tmux on /tmp/tmux-501/ta-user-agents: exit status 1: no server running on /tmp/tmux-501/ta-user-agents"
time=2026-08-21T18:20:38.854+08:00 level=DEBUG msg="discovery: skipping unreachable socket" socket=/tmp/tmux-501/t115d24675 err="query tmux on /tmp/tmux-501/t115d24675: exit status 1: no server running on /tmp/tmux-501/t115d24675"
time=2026-08-21T18:20:38.862+08:00 level=DEBUG msg="discovery: skipping unreachable socket" socket=/tmp/tmux-501/t115e31319 err="query tmux on /tmp/tmux-501/t115e31319: exit status 1: no server running on /tmp/tmux-501/t115e31319"
time=2026-08-21T18:20:38.871+08:00 level=DEBUG msg="discovery: skipping unreachable socket" socket=/tmp/tmux-501/t115f44898 err="query tmux on /tmp/tmux-501/t115f44898: exit status 1: no server running on /tmp/tmux-501/t115f44898"
time=2026-08-21T18:20:38.882+08:00 level=DEBUG msg="discovery: skipping unreachable socket" socket=/tmp/tmux-501/t115g47728 err="query tmux on /tmp/tmux-501/t115g47728: exit status 1: no server running on /tmp/tmux-501/t115g47728"
time=2026-08-21T18:20:38.891+08:00 level=DEBUG msg="discovery: skipping unreachable socket" socket=/tmp/tmux-501/ta-0bafa3965ade err="query tmux on /tmp/tmux-501/ta-0bafa3965ade: exit status 1: no server running on /tmp/tmux-501/ta-0bafa3965ade"
time=2026-08-21T18:20:38.922+08:00 level=DEBUG msg="discovery: skipping unreachable socket" socket=/tmp/tmux-501/ta-61709dcf801e err="query tmux on /tmp/tmux-501/ta-61709dcf801e: exit status 1: no server running on /tmp/tmux-501/ta-61709dcf801e"
time=2026-08-21T18:20:38.944+08:00 level=DEBUG msg="discovery: skipping unparsable pane line" socket=/tmp/tmux-501/ta-a9fd5b7defbd line="team-refactor-maintainability|6|%39|/Users/alauda/Documents/code/agent前沿探索/多agent协作|bash|87458|t.p9.review 零上下文设计审查已通过<|eos|> - grok|235x50|tester-t124"
time=2026-08-21T18:20:38.963+08:00 level=DEBUG msg="discovery: skipping unreachable socket" socket=/tmp/tmux-501/ta-ed81bd4d8c17 err="query tmux on /tmp/tmux-501/ta-ed81bd4d8c17: exit status 1: no server running on /tmp/tmux-501/ta-ed81bd4d8c17"
time=2026-08-21T18:20:38.972+08:00 level=DEBUG msg="discovery: skipping unreachable socket" socket=/tmp/tmux-501/ta-f1ad1b378fc7 err="query tmux on /tmp/tmux-501/ta-f1ad1b378fc7: exit status 1: no server running on /tmp/tmux-501/ta-f1ad1b378fc7"
time=2026-08-21T18:20:38.990+08:00 level=DEBUG msg="discovery: skipping unreachable socket" socket=/tmp/tmux-501/ta-t121u01 err="query tmux on /tmp/tmux-501/ta-t121u01: exit status 1: no server running on /tmp/tmux-501/ta-t121u01"
time=2026-08-21T18:20:38.999+08:00 level=DEBUG msg="discovery: skipping unreachable socket" socket=/tmp/tmux-501/ta-t121u01b err="query tmux on /tmp/tmux-501/ta-t121u01b: exit status 1: no server running on /tmp/tmux-501/ta-t121u01b"
time=2026-08-21T18:20:39.008+08:00 level=DEBUG msg="discovery: skipping unreachable socket" socket=/tmp/tmux-501/ta-user-agents err="query tmux on /tmp/tmux-501/ta-user-agents: exit status 1: no server running on /tmp/tmux-501/ta-user-agents"
time=2026-08-21T18:20:40.786+08:00 level=DEBUG msg="discovery: skipping unreachable socket" socket=/tmp/tmux-501/t115d24675 err="query tmux on /tmp/tmux-501/t115d24675: exit status 1: no server running on /tmp/tmux-501/t115d24675"
time=2026-08-21T18:20:40.796+08:00 level=DEBUG msg="discovery: skipping unreachable socket" socket=/tmp/tmux-501/t115e31319 err="query tmux on /tmp/tmux-501/t115e31319: exit status 1: no server running on /tmp/tmux-501/t115e31319"
time=2026-08-21T18:20:40.806+08:00 level=DEBUG msg="discovery: skipping unreachable socket" socket=/tmp/tmux-501/t115f44898 err="query tmux on /tmp/tmux-501/t115f44898: exit status 1: no server running on /tmp/tmux-501/t115f44898"
time=2026-08-21T18:20:40.814+08:00 level=DEBUG msg="discovery: skipping unreachable socket" socket=/tmp/tmux-501/t115g47728 err="query tmux on /tmp/tmux-501/t115g47728: exit status 1: no server running on /tmp/tmux-501/t115g47728"
time=2026-08-21T18:20:40.823+08:00 level=DEBUG msg="discovery: skipping unreachable socket" socket=/tmp/tmux-501/ta-0bafa3965ade err="query tmux on /tmp/tmux-501/ta-0bafa3965ade: exit status 1: no server running on /tmp/tmux-501/ta-0bafa3965ade"
time=2026-08-21T18:20:40.854+08:00 level=DEBUG msg="discovery: skipping unreachable socket" socket=/tmp/tmux-501/ta-61709dcf801e err="query tmux on /tmp/tmux-501/ta-61709dcf801e: exit status 1: no server running on /tmp/tmux-501/ta-61709dcf801e"
time=2026-08-21T18:20:40.873+08:00 level=DEBUG msg="discovery: skipping unparsable pane line" socket=/tmp/tmux-501/ta-a9fd5b7defbd line="team-refactor-maintainability|6|%39|/Users/alauda/Documents/code/agent前沿探索/多agent协作|bash|87458|t.p9.review 零上下文设计审查已通过<|eos|> - grok|235x50|tester-t124"
time=2026-08-21T18:20:40.891+08:00 level=DEBUG msg="discovery: skipping unreachable socket" socket=/tmp/tmux-501/ta-ed81bd4d8c17 err="query tmux on /tmp/tmux-501/ta-ed81bd4d8c17: exit status 1: no server running on /tmp/tmux-501/ta-ed81bd4d8c17"
time=2026-08-21T18:20:40.905+08:00 level=DEBUG msg="discovery: skipping unreachable socket" socket=/tmp/tmux-501/ta-f1ad1b378fc7 err="query tmux on /tmp/tmux-501/ta-f1ad1b378fc7: exit status 1: no server running on /tmp/tmux-501/ta-f1ad1b378fc7"
time=2026-08-21T18:20:40.924+08:00 level=DEBUG msg="discovery: skipping unreachable socket" socket=/tmp/tmux-501/ta-t121u01 err="query tmux on /tmp/tmux-501/ta-t121u01: exit status 1: no server running on /tmp/tmux-501/ta-t121u01"
time=2026-08-21T18:20:40.933+08:00 level=DEBUG msg="discovery: skipping unreachable socket" socket=/tmp/tmux-501/ta-t121u01b err="query tmux on /tmp/tmux-501/ta-t121u01b: exit status 1: no server running on /tmp/tmux-501/ta-t121u01b"
time=2026-08-21T18:20:40.941+08:00 level=DEBUG msg="discovery: skipping unreachable socket" socket=/tmp/tmux-501/ta-user-agents err="query tmux on /tmp/tmux-501/ta-user-agents: exit status 1: no server running on /tmp/tmux-501/ta-user-agents"
time=2026-08-21T18:20:41.275+08:00 level=DEBUG msg="listing: no changes"
time=2026-08-21T18:20:41.802+08:00 level=DEBUG msg="discovery: skipping unreachable socket" socket=/tmp/tmux-501/t115d24675 err="query tmux on /tmp/tmux-501/t115d24675: exit status 1: no server running on /tmp/tmux-501/t115d24675"
time=2026-08-21T18:20:41.810+08:00 level=DEBUG msg="discovery: skipping unreachable socket" socket=/tmp/tmux-501/t115e31319 err="query tmux on /tmp/tmux-501/t115e31319: exit status 1: no server running on /tmp/tmux-501/t115e31319"
time=2026-08-21T18:20:41.818+08:00 level=DEBUG msg="discovery: skipping unreachable socket" socket=/tmp/tmux-501/t115f44898 err="query tmux on /tmp/tmux-501/t115f44898: exit status 1: no server running on /tmp/tmux-501/t115f44898"
time=2026-08-21T18:20:41.827+08:00 level=DEBUG msg="discovery: skipping unreachable socket" socket=/tmp/tmux-501/t115g47728 err="query tmux on /tmp/tmux-501/t115g47728: exit status 1: no server running on /tmp/tmux-501/t115g47728"
time=2026-08-21T18:20:41.835+08:00 level=DEBUG msg="discovery: skipping unreachable socket" socket=/tmp/tmux-501/ta-0bafa3965ade err="query tmux on /tmp/tmux-501/ta-0bafa3965ade: exit status 1: no server running on /tmp/tmux-501/ta-0bafa3965ade"
time=2026-08-21T18:20:41.860+08:00 level=DEBUG msg="discovery: skipping unreachable socket" socket=/tmp/tmux-501/ta-61709dcf801e err="query tmux on /tmp/tmux-501/ta-61709dcf801e: exit status 1: no server running on /tmp/tmux-501/ta-61709dcf801e"
time=2026-08-21T18:20:41.879+08:00 level=DEBUG msg="discovery: skipping unparsable pane line" socket=/tmp/tmux-501/ta-a9fd5b7defbd line="team-refactor-maintainability|6|%39|/Users/alauda/Documents/code/agent前沿探索/多agent协作|bash|87458|t.p9.review 零上下文设计审查已通过<|eos|> - grok|235x50|tester-t124"
time=2026-08-21T18:20:41.896+08:00 level=DEBUG msg="discovery: skipping unreachable socket" socket=/tmp/tmux-501/ta-ed81bd4d8c17 err="query tmux on /tmp/tmux-501/ta-ed81bd4d8c17: exit status 1: no server running on /tmp/tmux-501/ta-ed81bd4d8c17"
time=2026-08-21T18:20:41.904+08:00 level=DEBUG msg="discovery: skipping unreachable socket" socket=/tmp/tmux-501/ta-f1ad1b378fc7 err="query tmux on /tmp/tmux-501/ta-f1ad1b378fc7: exit status 1: no server running on /tmp/tmux-501/ta-f1ad1b378fc7"
time=2026-08-21T18:20:41.922+08:00 level=DEBUG msg="discovery: skipping unreachable socket" socket=/tmp/tmux-501/ta-t121u01 err="query tmux on /tmp/tmux-501/ta-t121u01: exit status 1: no server running on /tmp/tmux-501/ta-t121u01"
time=2026-08-21T18:20:41.929+08:00 level=DEBUG msg="discovery: skipping unreachable socket" socket=/tmp/tmux-501/ta-t121u01b err="query tmux on /tmp/tmux-501/ta-t121u01b: exit status 1: no server running on /tmp/tmux-501/ta-t121u01b"
time=2026-08-21T18:20:41.938+08:00 level=DEBUG msg="discovery: skipping unreachable socket" socket=/tmp/tmux-501/ta-user-agents err="query tmux on /tmp/tmux-501/ta-user-agents: exit status 1: no server running on /tmp/tmux-501/ta-user-agents"
time=2026-08-21T18:20:43.081+08:00 level=DEBUG msg="discovery: skipping unreachable socket" socket=/tmp/tmux-501/t115d24675 err="query tmux on /tmp/tmux-501/t115d24675: exit status 1: no server running on /tmp/tmux-501/t115d24675"
time=2026-08-21T18:20:43.089+08:00 level=DEBUG msg="discovery: skipping unreachable socket" socket=/tmp/tmux-501/t115e31319 err="query tmux on /tmp/tmux-501/t115e31319: exit status 1: no server running on /tmp/tmux-501/t115e31319"
time=2026-08-21T18:20:43.097+08:00 level=DEBUG msg="discovery: skipping unreachable socket" socket=/tmp/tmux-501/t115f44898 err="query tmux on /tmp/tmux-501/t115f44898: exit status 1: no server running on /tmp/tmux-501/t115f44898"
time=2026-08-21T18:20:43.106+08:00 level=DEBUG msg="discovery: skipping unreachable socket" socket=/tmp/tmux-501/t115g47728 err="query tmux on /tmp/tmux-501/t115g47728: exit status 1: no server running on /tmp/tmux-501/t115g47728"
time=2026-08-21T18:20:43.114+08:00 level=DEBUG msg="discovery: skipping unreachable socket" socket=/tmp/tmux-501/ta-0bafa3965ade err="query tmux on /tmp/tmux-501/ta-0bafa3965ade: exit status 1: no server running on /tmp/tmux-501/ta-0bafa3965ade"
time=2026-08-21T18:20:43.138+08:00 level=DEBUG msg="discovery: skipping unreachable socket" socket=/tmp/tmux-501/ta-61709dcf801e err="query tmux on /tmp/tmux-501/ta-61709dcf801e: exit status 1: no server running on /tmp/tmux-501/ta-61709dcf801e"
time=2026-08-21T18:20:43.156+08:00 level=DEBUG msg="discovery: skipping unparsable pane line" socket=/tmp/tmux-501/ta-a9fd5b7defbd line="team-refactor-maintainability|6|%39|/Users/alauda/Documents/code/agent前沿探索/多agent协作|bash|87458|t.p9.review 零上下文设计审查已通过<|eos|> - grok|235x50|tester-t124"
time=2026-08-21T18:20:43.174+08:00 level=DEBUG msg="discovery: skipping unreachable socket" socket=/tmp/tmux-501/ta-ed81bd4d8c17 err="query tmux on /tmp/tmux-501/ta-ed81bd4d8c17: exit status 1: no server running on /tmp/tmux-501/ta-ed81bd4d8c17"
time=2026-08-21T18:20:43.183+08:00 level=DEBUG msg="discovery: skipping unreachable socket" socket=/tmp/tmux-501/ta-f1ad1b378fc7 err="query tmux on /tmp/tmux-501/ta-f1ad1b378fc7: exit status 1: no server running on /tmp/tmux-501/ta-f1ad1b378fc7"
time=2026-08-21T18:20:43.199+08:00 level=DEBUG msg="discovery: skipping unreachable socket" socket=/tmp/tmux-501/ta-t121u01 err="query tmux on /tmp/tmux-501/ta-t121u01: exit status 1: no server running on /tmp/tmux-501/ta-t121u01"
time=2026-08-21T18:20:43.207+08:00 level=DEBUG msg="discovery: skipping unreachable socket" socket=/tmp/tmux-501/ta-t121u01b err="query tmux on /tmp/tmux-501/ta-t121u01b: exit status 1: no server running on /tmp/tmux-501/ta-t121u01b"
time=2026-08-21T18:20:43.216+08:00 level=DEBUG msg="discovery: skipping unreachable socket" socket=/tmp/tmux-501/ta-user-agents err="query tmux on /tmp/tmux-501/ta-user-agents: exit status 1: no server running on /tmp/tmux-501/ta-user-agents"
time=2026-08-21T18:20:44.143+08:00 level=DEBUG msg="listing: no changes"
time=2026-08-21T18:20:44.678+08:00 level=DEBUG msg="discovery: skipping unreachable socket" socket=/tmp/tmux-501/t115d24675 err="query tmux on /tmp/tmux-501/t115d24675: exit status 1: no server running on /tmp/tmux-501/t115d24675"
time=2026-08-21T18:20:44.689+08:00 level=DEBUG msg="discovery: skipping unreachable socket" socket=/tmp/tmux-501/t115e31319 err="query tmux on /tmp/tmux-501/t115e31319: exit status 1: no server running on /tmp/tmux-501/t115e31319"
time=2026-08-21T18:20:44.697+08:00 level=DEBUG msg="discovery: skipping unreachable socket" socket=/tmp/tmux-501/t115f44898 err="query tmux on /tmp/tmux-501/t115f44898: exit status 1: no server running on /tmp/tmux-501/t115f44898"
time=2026-08-21T18:20:44.705+08:00 level=DEBUG msg="discovery: skipping unreachable socket" socket=/tmp/tmux-501/t115g47728 err="query tmux on /tmp/tmux-501/t115g47728: exit status 1: no server running on /tmp/tmux-501/t115g47728"
time=2026-08-21T18:20:44.714+08:00 level=DEBUG msg="discovery: skipping unreachable socket" socket=/tmp/tmux-501/ta-0bafa3965ade err="query tmux on /tmp/tmux-501/ta-0bafa3965ade: exit status 1: no server running on /tmp/tmux-501/ta-0bafa3965ade"
time=2026-08-21T18:20:44.745+08:00 level=DEBUG msg="discovery: skipping unreachable socket" socket=/tmp/tmux-501/ta-61709dcf801e err="query tmux on /tmp/tmux-501/ta-61709dcf801e: exit status 1: no server running on /tmp/tmux-501/ta-61709dcf801e"
time=2026-08-21T18:20:44.763+08:00 level=DEBUG msg="discovery: skipping unparsable pane line" socket=/tmp/tmux-501/ta-a9fd5b7defbd line="team-refactor-maintainability|6|%39|/Users/alauda/Documents/code/agent前沿探索/多agent协作|bash|87458|t.p9.review 零上下文设计审查已通过<|eos|> - grok|235x50|tester-t124"
time=2026-08-21T18:20:44.782+08:00 level=DEBUG msg="discovery: skipping unreachable socket" socket=/tmp/tmux-501/ta-ed81bd4d8c17 err="query tmux on /tmp/tmux-501/ta-ed81bd4d8c17: exit status 1: no server running on /tmp/tmux-501/ta-ed81bd4d8c17"
time=2026-08-21T18:20:44.791+08:00 level=DEBUG msg="discovery: skipping unreachable socket" socket=/tmp/tmux-501/ta-f1ad1b378fc7 err="query tmux on /tmp/tmux-501/ta-f1ad1b378fc7: exit status 1: no server running on /tmp/tmux-501/ta-f1ad1b378fc7"
time=2026-08-21T18:20:44.807+08:00 level=DEBUG msg="discovery: skipping unreachable socket" socket=/tmp/tmux-501/ta-t121u01 err="query tmux on /tmp/tmux-501/ta-t121u01: exit status 1: no server running on /tmp/tmux-501/ta-t121u01"
time=2026-08-21T18:20:44.815+08:00 level=DEBUG msg="discovery: skipping unreachable socket" socket=/tmp/tmux-501/ta-t121u01b err="query tmux on /tmp/tmux-501/ta-t121u01b: exit status 1: no server running on /tmp/tmux-501/ta-t121u01b"
time=2026-08-21T18:20:44.828+08:00 level=DEBUG msg="discovery: skipping unreachable socket" socket=/tmp/tmux-501/ta-user-agents err="query tmux on /tmp/tmux-501/ta-user-agents: exit status 1: no server running on /tmp/tmux-501/ta-user-agents"
time=2026-08-21T18:20:45.298+08:00 level=DEBUG msg="discovery: skipping unreachable socket" socket=/tmp/tmux-501/t115d24675 err="query tmux on /tmp/tmux-501/t115d24675: exit status 1: no server running on /tmp/tmux-501/t115d24675"
time=2026-08-21T18:20:45.307+08:00 level=DEBUG msg="discovery: skipping unreachable socket" socket=/tmp/tmux-501/t115e31319 err="query tmux on /tmp/tmux-501/t115e31319: exit status 1: no server running on /tmp/tmux-501/t115e31319"
time=2026-08-21T18:20:45.316+08:00 level=DEBUG msg="discovery: skipping unreachable socket" socket=/tmp/tmux-501/t115f44898 err="query tmux on /tmp/tmux-501/t115f44898: exit status 1: no server running on /tmp/tmux-501/t115f44898"
time=2026-08-21T18:20:45.326+08:00 level=DEBUG msg="discovery: skipping unreachable socket" socket=/tmp/tmux-501/t115g47728 err="query tmux on /tmp/tmux-501/t115g47728: exit status 1: no server running on /tmp/tmux-501/t115g47728"
time=2026-08-21T18:20:45.335+08:00 level=DEBUG msg="discovery: skipping unreachable socket" socket=/tmp/tmux-501/ta-0bafa3965ade err="query tmux on /tmp/tmux-501/ta-0bafa3965ade: exit status 1: no server running on /tmp/tmux-501/ta-0bafa3965ade"
time=2026-08-21T18:20:45.362+08:00 level=DEBUG msg="discovery: skipping unreachable socket" socket=/tmp/tmux-501/ta-61709dcf801e err="query tmux on /tmp/tmux-501/ta-61709dcf801e: exit status 1: no server running on /tmp/tmux-501/ta-61709dcf801e"
time=2026-08-21T18:20:45.381+08:00 level=DEBUG msg="discovery: skipping unparsable pane line" socket=/tmp/tmux-501/ta-a9fd5b7defbd line="team-refactor-maintainability|6|%39|/Users/alauda/Documents/code/agent前沿探索/多agent协作|bash|87458|t.p9.review 零上下文设计审查已通过<|eos|> - grok|235x50|tester-t124"
time=2026-08-21T18:20:45.399+08:00 level=DEBUG msg="discovery: skipping unreachable socket" socket=/tmp/tmux-501/ta-ed81bd4d8c17 err="query tmux on /tmp/tmux-501/ta-ed81bd4d8c17: exit status 1: no server running on /tmp/tmux-501/ta-ed81bd4d8c17"
time=2026-08-21T18:20:45.409+08:00 level=DEBUG msg="discovery: skipping unreachable socket" socket=/tmp/tmux-501/ta-f1ad1b378fc7 err="query tmux on /tmp/tmux-501/ta-f1ad1b378fc7: exit status 1: no server running on /tmp/tmux-501/ta-f1ad1b378fc7"
time=2026-08-21T18:20:45.500+08:00 level=DEBUG msg="discovery: skipping unreachable socket" socket=/tmp/tmux-501/ta-t121u01 err="query tmux on /tmp/tmux-501/ta-t121u01: exit status 1: no server running on /tmp/tmux-501/ta-t121u01"
time=2026-08-21T18:20:45.509+08:00 level=DEBUG msg="discovery: skipping unreachable socket" socket=/tmp/tmux-501/ta-t121u01b err="query tmux on /tmp/tmux-501/ta-t121u01b: exit status 1: no server running on /tmp/tmux-501/ta-t121u01b"
time=2026-08-21T18:20:45.518+08:00 level=DEBUG msg="discovery: skipping unreachable socket" socket=/tmp/tmux-501/ta-user-agents err="query tmux on /tmp/tmux-501/ta-user-agents: exit status 1: no server running on /tmp/tmux-501/ta-user-agents"
time=2026-08-21T18:20:47.143+08:00 level=DEBUG msg="listing: no changes"
time=2026-08-21T18:20:47.662+08:00 level=DEBUG msg="discovery: skipping unreachable socket" socket=/tmp/tmux-501/t115d24675 err="query tmux on /tmp/tmux-501/t115d24675: exit status 1: no server running on /tmp/tmux-501/t115d24675"
time=2026-08-21T18:20:47.672+08:00 level=DEBUG msg="discovery: skipping unreachable socket" socket=/tmp/tmux-501/t115e31319 err="query tmux on /tmp/tmux-501/t115e31319: exit status 1: no server running on /tmp/tmux-501/t115e31319"
time=2026-08-21T18:20:47.674+08:00 level=DEBUG msg="discovery: skipping unreachable socket" socket=/tmp/tmux-501/t115d24675 err="query tmux on /tmp/tmux-501/t115d24675: exit status 1: no server running on /tmp/tmux-501/t115d24675"
time=2026-08-21T18:20:47.693+08:00 level=DEBUG msg="discovery: skipping unreachable socket" socket=/tmp/tmux-501/t115f44898 err="query tmux on /tmp/tmux-501/t115f44898: exit status 1: no server running on /tmp/tmux-501/t115f44898"
time=2026-08-21T18:20:47.693+08:00 level=DEBUG msg="discovery: skipping unreachable socket" socket=/tmp/tmux-501/t115e31319 err="query tmux on /tmp/tmux-501/t115e31319: exit status 1: no server running on /tmp/tmux-501/t115e31319"
time=2026-08-21T18:20:47.701+08:00 level=DEBUG msg="discovery: skipping unreachable socket" socket=/tmp/tmux-501/t115g47728 err="query tmux on /tmp/tmux-501/t115g47728: exit status 1: no server running on /tmp/tmux-501/t115g47728"
time=2026-08-21T18:20:47.701+08:00 level=DEBUG msg="discovery: skipping unreachable socket" socket=/tmp/tmux-501/t115f44898 err="query tmux on /tmp/tmux-501/t115f44898: exit status 1: no server running on /tmp/tmux-501/t115f44898"
time=2026-08-21T18:20:47.709+08:00 level=DEBUG msg="discovery: skipping unreachable socket" socket=/tmp/tmux-501/ta-0bafa3965ade err="query tmux on /tmp/tmux-501/ta-0bafa3965ade: exit status 1: no server running on /tmp/tmux-501/ta-0bafa3965ade"
time=2026-08-21T18:20:47.710+08:00 level=DEBUG msg="discovery: skipping unreachable socket" socket=/tmp/tmux-501/t115g47728 err="query tmux on /tmp/tmux-501/t115g47728: exit status 1: no server running on /tmp/tmux-501/t115g47728"
time=2026-08-21T18:20:47.718+08:00 level=DEBUG msg="discovery: skipping unreachable socket" socket=/tmp/tmux-501/ta-0bafa3965ade err="query tmux on /tmp/tmux-501/ta-0bafa3965ade: exit status 1: no server running on /tmp/tmux-501/ta-0bafa3965ade"
time=2026-08-21T18:20:47.744+08:00 level=DEBUG msg="discovery: skipping unreachable socket" socket=/tmp/tmux-501/ta-61709dcf801e err="query tmux on /tmp/tmux-501/ta-61709dcf801e: exit status 1: no server running on /tmp/tmux-501/ta-61709dcf801e"
time=2026-08-21T18:20:47.755+08:00 level=DEBUG msg="discovery: skipping unreachable socket" socket=/tmp/tmux-501/ta-61709dcf801e err="query tmux on /tmp/tmux-501/ta-61709dcf801e: exit status 1: no server running on /tmp/tmux-501/ta-61709dcf801e"
time=2026-08-21T18:20:47.767+08:00 level=DEBUG msg="discovery: skipping unparsable pane line" socket=/tmp/tmux-501/ta-a9fd5b7defbd line="team-refactor-maintainability|6|%39|/Users/alauda/Documents/code/agent前沿探索/多agent协作|bash|87458|t.p9.review 零上下文设计审查已通过<|eos|> - grok|235x50|tester-t124"
time=2026-08-21T18:20:47.774+08:00 level=DEBUG msg="discovery: skipping unparsable pane line" socket=/tmp/tmux-501/ta-a9fd5b7defbd line="team-refactor-maintainability|6|%39|/Users/alauda/Documents/code/agent前沿探索/多agent协作|bash|87458|t.p9.review 零上下文设计审查已通过<|eos|> - grok|235x50|tester-t124"
time=2026-08-21T18:20:47.784+08:00 level=DEBUG msg="discovery: skipping unreachable socket" socket=/tmp/tmux-501/ta-ed81bd4d8c17 err="query tmux on /tmp/tmux-501/ta-ed81bd4d8c17: exit status 1: no server running on /tmp/tmux-501/ta-ed81bd4d8c17"
time=2026-08-21T18:20:47.792+08:00 level=DEBUG msg="discovery: skipping unreachable socket" socket=/tmp/tmux-501/ta-ed81bd4d8c17 err="query tmux on /tmp/tmux-501/ta-ed81bd4d8c17: exit status 1: no server running on /tmp/tmux-501/ta-ed81bd4d8c17"
time=2026-08-21T18:20:47.794+08:00 level=DEBUG msg="discovery: skipping unreachable socket" socket=/tmp/tmux-501/ta-f1ad1b378fc7 err="query tmux on /tmp/tmux-501/ta-f1ad1b378fc7: exit status 1: no server running on /tmp/tmux-501/ta-f1ad1b378fc7"
time=2026-08-21T18:20:47.808+08:00 level=DEBUG msg="discovery: skipping unreachable socket" socket=/tmp/tmux-501/ta-f1ad1b378fc7 err="query tmux on /tmp/tmux-501/ta-f1ad1b378fc7: exit status 1: no server running on /tmp/tmux-501/ta-f1ad1b378fc7"
time=2026-08-21T18:20:47.821+08:00 level=DEBUG msg="discovery: skipping unreachable socket" socket=/tmp/tmux-501/ta-t121u01 err="query tmux on /tmp/tmux-501/ta-t121u01: exit status 1: no server running on /tmp/tmux-501/ta-t121u01"
time=2026-08-21T18:20:47.829+08:00 level=DEBUG msg="discovery: skipping unreachable socket" socket=/tmp/tmux-501/ta-t121u01b err="query tmux on /tmp/tmux-501/ta-t121u01b: exit status 1: no server running on /tmp/tmux-501/ta-t121u01b"
time=2026-08-21T18:20:47.830+08:00 level=DEBUG msg="discovery: skipping unreachable socket" socket=/tmp/tmux-501/ta-t121u01 err="query tmux on /tmp/tmux-501/ta-t121u01: exit status 1: no server running on /tmp/tmux-501/ta-t121u01"
time=2026-08-21T18:20:47.838+08:00 level=DEBUG msg="discovery: skipping unreachable socket" socket=/tmp/tmux-501/ta-user-agents err="query tmux on /tmp/tmux-501/ta-user-agents: exit status 1: no server running on /tmp/tmux-501/ta-user-agents"
time=2026-08-21T18:20:47.838+08:00 level=DEBUG msg="discovery: skipping unreachable socket" socket=/tmp/tmux-501/ta-t121u01b err="query tmux on /tmp/tmux-501/ta-t121u01b: exit status 1: no server running on /tmp/tmux-501/ta-t121u01b"
time=2026-08-21T18:20:47.847+08:00 level=DEBUG msg="discovery: skipping unreachable socket" socket=/tmp/tmux-501/ta-user-agents err="query tmux on /tmp/tmux-501/ta-user-agents: exit status 1: no server running on /tmp/tmux-501/ta-user-agents"
time=2026-08-21T18:20:49.914+08:00 level=DEBUG msg="discovery: skipping unreachable socket" socket=/tmp/tmux-501/t115d24675 err="query tmux on /tmp/tmux-501/t115d24675: exit status 1: no server running on /tmp/tmux-501/t115d24675"
time=2026-08-21T18:20:49.922+08:00 level=DEBUG msg="discovery: skipping unreachable socket" socket=/tmp/tmux-501/t115e31319 err="query tmux on /tmp/tmux-501/t115e31319: exit status 1: no server running on /tmp/tmux-501/t115e31319"
time=2026-08-21T18:20:49.933+08:00 level=DEBUG msg="discovery: skipping unreachable socket" socket=/tmp/tmux-501/t115f44898 err="query tmux on /tmp/tmux-501/t115f44898: exit status 1: no server running on /tmp/tmux-501/t115f44898"
time=2026-08-21T18:20:49.944+08:00 level=DEBUG msg="discovery: skipping unreachable socket" socket=/tmp/tmux-501/t115g47728 err="query tmux on /tmp/tmux-501/t115g47728: exit status 1: no server running on /tmp/tmux-501/t115g47728"
time=2026-08-21T18:20:49.952+08:00 level=DEBUG msg="discovery: skipping unreachable socket" socket=/tmp/tmux-501/ta-0bafa3965ade err="query tmux on /tmp/tmux-501/ta-0bafa3965ade: exit status 1: no server running on /tmp/tmux-501/ta-0bafa3965ade"
time=2026-08-21T18:20:49.980+08:00 level=DEBUG msg="discovery: skipping unreachable socket" socket=/tmp/tmux-501/ta-61709dcf801e err="query tmux on /tmp/tmux-501/ta-61709dcf801e: exit status 1: no server running on /tmp/tmux-501/ta-61709dcf801e"
time=2026-08-21T18:20:50.000+08:00 level=DEBUG msg="discovery: skipping unparsable pane line" socket=/tmp/tmux-501/ta-a9fd5b7defbd line="team-refactor-maintainability|6|%39|/Users/alauda/Documents/code/agent前沿探索/多agent协作|bash|87458|t.p9.review 零上下文设计审查已通过<|eos|> - grok|235x50|tester-t124"
time=2026-08-21T18:20:50.019+08:00 level=DEBUG msg="discovery: skipping unreachable socket" socket=/tmp/tmux-501/ta-ed81bd4d8c17 err="query tmux on /tmp/tmux-501/ta-ed81bd4d8c17: exit status 1: no server running on /tmp/tmux-501/ta-ed81bd4d8c17"
time=2026-08-21T18:20:50.028+08:00 level=DEBUG msg="discovery: skipping unreachable socket" socket=/tmp/tmux-501/ta-f1ad1b378fc7 err="query tmux on /tmp/tmux-501/ta-f1ad1b378fc7: exit status 1: no server running on /tmp/tmux-501/ta-f1ad1b378fc7"
time=2026-08-21T18:20:50.048+08:00 level=DEBUG msg="discovery: skipping unreachable socket" socket=/tmp/tmux-501/ta-t121u01 err="query tmux on /tmp/tmux-501/ta-t121u01: exit status 1: no server running on /tmp/tmux-501/ta-t121u01"
time=2026-08-21T18:20:50.057+08:00 level=DEBUG msg="discovery: skipping unreachable socket" socket=/tmp/tmux-501/ta-t121u01b err="query tmux on /tmp/tmux-501/ta-t121u01b: exit status 1: no server running on /tmp/tmux-501/ta-t121u01b"
time=2026-08-21T18:20:50.065+08:00 level=DEBUG msg="discovery: skipping unreachable socket" socket=/tmp/tmux-501/ta-user-agents err="query tmux on /tmp/tmux-501/ta-user-agents: exit status 1: no server running on /tmp/tmux-501/ta-user-agents"
time=2026-08-21T18:20:50.108+08:00 level=DEBUG msg="listing: no changes"
time=2026-08-21T18:20:50.637+08:00 level=DEBUG msg="discovery: skipping unreachable socket" socket=/tmp/tmux-501/t115d24675 err="query tmux on /tmp/tmux-501/t115d24675: exit status 1: no server running on /tmp/tmux-501/t115d24675"
time=2026-08-21T18:20:50.646+08:00 level=DEBUG msg="discovery: skipping unreachable socket" socket=/tmp/tmux-501/t115e31319 err="query tmux on /tmp/tmux-501/t115e31319: exit status 1: no server running on /tmp/tmux-501/t115e31319"
time=2026-08-21T18:20:50.655+08:00 level=DEBUG msg="discovery: skipping unreachable socket" socket=/tmp/tmux-501/t115f44898 err="query tmux on /tmp/tmux-501/t115f44898: exit status 1: no server running on /tmp/tmux-501/t115f44898"
time=2026-08-21T18:20:50.663+08:00 level=DEBUG msg="discovery: skipping unreachable socket" socket=/tmp/tmux-501/t115g47728 err="query tmux on /tmp/tmux-501/t115g47728: exit status 1: no server running on /tmp/tmux-501/t115g47728"
time=2026-08-21T18:20:50.671+08:00 level=DEBUG msg="discovery: skipping unreachable socket" socket=/tmp/tmux-501/ta-0bafa3965ade err="query tmux on /tmp/tmux-501/ta-0bafa3965ade: exit status 1: no server running on /tmp/tmux-501/ta-0bafa3965ade"
time=2026-08-21T18:20:50.698+08:00 level=DEBUG msg="discovery: skipping unreachable socket" socket=/tmp/tmux-501/ta-61709dcf801e err="query tmux on /tmp/tmux-501/ta-61709dcf801e: exit status 1: no server running on /tmp/tmux-501/ta-61709dcf801e"
time=2026-08-21T18:20:50.715+08:00 level=DEBUG msg="discovery: skipping unparsable pane line" socket=/tmp/tmux-501/ta-a9fd5b7defbd line="team-refactor-maintainability|6|%39|/Users/alauda/Documents/code/agent前沿探索/多agent协作|bash|87458|t.p9.review 零上下文设计审查已通过<|eos|> - grok|235x50|tester-t124"
time=2026-08-21T18:20:50.732+08:00 level=DEBUG msg="discovery: skipping unreachable socket" socket=/tmp/tmux-501/ta-ed81bd4d8c17 err="query tmux on /tmp/tmux-501/ta-ed81bd4d8c17: exit status 1: no server running on /tmp/tmux-501/ta-ed81bd4d8c17"
time=2026-08-21T18:20:50.741+08:00 level=DEBUG msg="discovery: skipping unreachable socket" socket=/tmp/tmux-501/ta-f1ad1b378fc7 err="query tmux on /tmp/tmux-501/ta-f1ad1b378fc7: exit status 1: no server running on /tmp/tmux-501/ta-f1ad1b378fc7"
time=2026-08-21T18:20:50.757+08:00 level=DEBUG msg="discovery: skipping unreachable socket" socket=/tmp/tmux-501/ta-t121u01 err="query tmux on /tmp/tmux-501/ta-t121u01: exit status 1: no server running on /tmp/tmux-501/ta-t121u01"
time=2026-08-21T18:20:50.765+08:00 level=DEBUG msg="discovery: skipping unreachable socket" socket=/tmp/tmux-501/ta-t121u01b err="query tmux on /tmp/tmux-501/ta-t121u01b: exit status 1: no server running on /tmp/tmux-501/ta-t121u01b"
time=2026-08-21T18:20:50.773+08:00 level=DEBUG msg="discovery: skipping unreachable socket" socket=/tmp/tmux-501/ta-user-agents err="query tmux on /tmp/tmux-501/ta-user-agents: exit status 1: no server running on /tmp/tmux-501/ta-user-agents"
time=2026-08-21T18:20:52.186+08:00 level=DEBUG msg="discovery: skipping unreachable socket" socket=/tmp/tmux-501/t115d24675 err="query tmux on /tmp/tmux-501/t115d24675: exit status 1: no server running on /tmp/tmux-501/t115d24675"
time=2026-08-21T18:20:52.196+08:00 level=DEBUG msg="discovery: skipping unreachable socket" socket=/tmp/tmux-501/t115e31319 err="query tmux on /tmp/tmux-501/t115e31319: exit status 1: no server running on /tmp/tmux-501/t115e31319"
time=2026-08-21T18:20:52.206+08:00 level=DEBUG msg="discovery: skipping unreachable socket" socket=/tmp/tmux-501/t115f44898 err="query tmux on /tmp/tmux-501/t115f44898: exit status 1: no server running on /tmp/tmux-501/t115f44898"
time=2026-08-21T18:20:52.216+08:00 level=DEBUG msg="discovery: skipping unreachable socket" socket=/tmp/tmux-501/t115g47728 err="query tmux on /tmp/tmux-501/t115g47728: exit status 1: no server running on /tmp/tmux-501/t115g47728"
time=2026-08-21T18:20:52.225+08:00 level=DEBUG msg="discovery: skipping unreachable socket" socket=/tmp/tmux-501/ta-0bafa3965ade err="query tmux on /tmp/tmux-501/ta-0bafa3965ade: exit status 1: no server running on /tmp/tmux-501/ta-0bafa3965ade"
time=2026-08-21T18:20:52.256+08:00 level=DEBUG msg="discovery: skipping unreachable socket" socket=/tmp/tmux-501/ta-61709dcf801e err="query tmux on /tmp/tmux-501/ta-61709dcf801e: exit status 1: no server running on /tmp/tmux-501/ta-61709dcf801e"
time=2026-08-21T18:20:52.277+08:00 level=DEBUG msg="discovery: skipping unparsable pane line" socket=/tmp/tmux-501/ta-a9fd5b7defbd line="team-refactor-maintainability|6|%39|/Users/alauda/Documents/code/agent前沿探索/多agent协作|bash|87458|t.p9.review 零上下文设计审查已通过<|eos|> - grok|235x50|tester-t124"
time=2026-08-21T18:20:52.298+08:00 level=DEBUG msg="discovery: skipping unreachable socket" socket=/tmp/tmux-501/ta-ed81bd4d8c17 err="query tmux on /tmp/tmux-501/ta-ed81bd4d8c17: exit status 1: no server running on /tmp/tmux-501/ta-ed81bd4d8c17"
time=2026-08-21T18:20:52.308+08:00 level=DEBUG msg="discovery: skipping unreachable socket" socket=/tmp/tmux-501/ta-f1ad1b378fc7 err="query tmux on /tmp/tmux-501/ta-f1ad1b378fc7: exit status 1: no server running on /tmp/tmux-501/ta-f1ad1b378fc7"
time=2026-08-21T18:20:52.329+08:00 level=DEBUG msg="discovery: skipping unreachable socket" socket=/tmp/tmux-501/ta-t121u01 err="query tmux on /tmp/tmux-501/ta-t121u01: exit status 1: no server running on /tmp/tmux-501/ta-t121u01"
time=2026-08-21T18:20:52.339+08:00 level=DEBUG msg="discovery: skipping unreachable socket" socket=/tmp/tmux-501/ta-t121u01b err="query tmux on /tmp/tmux-501/ta-t121u01b: exit status 1: no server running on /tmp/tmux-501/ta-t121u01b"
time=2026-08-21T18:20:52.348+08:00 level=DEBUG msg="discovery: skipping unreachable socket" socket=/tmp/tmux-501/ta-user-agents err="query tmux on /tmp/tmux-501/ta-user-agents: exit status 1: no server running on /tmp/tmux-501/ta-user-agents"
time=2026-08-21T18:20:52.970+08:00 level=DEBUG msg="listing: no changes"
time=2026-08-21T18:20:53.498+08:00 level=DEBUG msg="discovery: skipping unreachable socket" socket=/tmp/tmux-501/t115d24675 err="query tmux on /tmp/tmux-501/t115d24675: exit status 1: no server running on /tmp/tmux-501/t115d24675"
time=2026-08-21T18:20:53.506+08:00 level=DEBUG msg="discovery: skipping unreachable socket" socket=/tmp/tmux-501/t115e31319 err="query tmux on /tmp/tmux-501/t115e31319: exit status 1: no server running on /tmp/tmux-501/t115e31319"
time=2026-08-21T18:20:53.514+08:00 level=DEBUG msg="discovery: skipping unreachable socket" socket=/tmp/tmux-501/t115f44898 err="query tmux on /tmp/tmux-501/t115f44898: exit status 1: no server running on /tmp/tmux-501/t115f44898"
time=2026-08-21T18:20:53.522+08:00 level=DEBUG msg="discovery: skipping unreachable socket" socket=/tmp/tmux-501/t115g47728 err="query tmux on /tmp/tmux-501/t115g47728: exit status 1: no server running on /tmp/tmux-501/t115g47728"
time=2026-08-21T18:20:53.530+08:00 level=DEBUG msg="discovery: skipping unreachable socket" socket=/tmp/tmux-501/ta-0bafa3965ade err="query tmux on /tmp/tmux-501/ta-0bafa3965ade: exit status 1: no server running on /tmp/tmux-501/ta-0bafa3965ade"
time=2026-08-21T18:20:53.556+08:00 level=DEBUG msg="discovery: skipping unreachable socket" socket=/tmp/tmux-501/ta-61709dcf801e err="query tmux on /tmp/tmux-501/ta-61709dcf801e: exit status 1: no server running on /tmp/tmux-501/ta-61709dcf801e"
time=2026-08-21T18:20:53.574+08:00 level=DEBUG msg="discovery: skipping unparsable pane line" socket=/tmp/tmux-501/ta-a9fd5b7defbd line="team-refactor-maintainability|6|%39|/Users/alauda/Documents/code/agent前沿探索/多agent协作|bash|87458|t.p9.review 零上下文设计审查已通过<|eos|> - grok|235x50|tester-t124"
time=2026-08-21T18:20:53.592+08:00 level=DEBUG msg="discovery: skipping unreachable socket" socket=/tmp/tmux-501/ta-ed81bd4d8c17 err="query tmux on /tmp/tmux-501/ta-ed81bd4d8c17: exit status 1: no server running on /tmp/tmux-501/ta-ed81bd4d8c17"
time=2026-08-21T18:20:53.601+08:00 level=DEBUG msg="discovery: skipping unreachable socket" socket=/tmp/tmux-501/ta-f1ad1b378fc7 err="query tmux on /tmp/tmux-501/ta-f1ad1b378fc7: exit status 1: no server running on /tmp/tmux-501/ta-f1ad1b378fc7"
time=2026-08-21T18:20:53.618+08:00 level=DEBUG msg="discovery: skipping unreachable socket" socket=/tmp/tmux-501/ta-t121u01 err="query tmux on /tmp/tmux-501/ta-t121u01: exit status 1: no server running on /tmp/tmux-501/ta-t121u01"
time=2026-08-21T18:20:53.626+08:00 level=DEBUG msg="discovery: skipping unreachable socket" socket=/tmp/tmux-501/ta-t121u01b err="query tmux on /tmp/tmux-501/ta-t121u01b: exit status 1: no server running on /tmp/tmux-501/ta-t121u01b"
time=2026-08-21T18:20:53.636+08:00 level=DEBUG msg="discovery: skipping unreachable socket" socket=/tmp/tmux-501/ta-user-agents err="query tmux on /tmp/tmux-501/ta-user-agents: exit status 1: no server running on /tmp/tmux-501/ta-user-agents"
time=2026-08-21T18:20:54.511+08:00 level=DEBUG msg="discovery: skipping unreachable socket" socket=/tmp/tmux-501/t115d24675 err="query tmux on /tmp/tmux-501/t115d24675: exit status 1: no server running on /tmp/tmux-501/t115d24675"
time=2026-08-21T18:20:54.521+08:00 level=DEBUG msg="discovery: skipping unreachable socket" socket=/tmp/tmux-501/t115e31319 err="query tmux on /tmp/tmux-501/t115e31319: exit status 1: no server running on /tmp/tmux-501/t115e31319"
time=2026-08-21T18:20:54.537+08:00 level=DEBUG msg="discovery: skipping unreachable socket" socket=/tmp/tmux-501/t115f44898 err="query tmux on /tmp/tmux-501/t115f44898: exit status 1: no server running on /tmp/tmux-501/t115f44898"
time=2026-08-21T18:20:54.546+08:00 level=DEBUG msg="discovery: skipping unreachable socket" socket=/tmp/tmux-501/t115g47728 err="query tmux on /tmp/tmux-501/t115g47728: exit status 1: no server running on /tmp/tmux-501/t115g47728"
time=2026-08-21T18:20:54.555+08:00 level=DEBUG msg="discovery: skipping unreachable socket" socket=/tmp/tmux-501/ta-0bafa3965ade err="query tmux on /tmp/tmux-501/ta-0bafa3965ade: exit status 1: no server running on /tmp/tmux-501/ta-0bafa3965ade"
time=2026-08-21T18:20:54.582+08:00 level=DEBUG msg="discovery: skipping unreachable socket" socket=/tmp/tmux-501/ta-61709dcf801e err="query tmux on /tmp/tmux-501/ta-61709dcf801e: exit status 1: no server running on /tmp/tmux-501/ta-61709dcf801e"
time=2026-08-21T18:20:54.602+08:00 level=DEBUG msg="discovery: skipping unparsable pane line" socket=/tmp/tmux-501/ta-a9fd5b7defbd line="team-refactor-maintainability|6|%39|/Users/alauda/Documents/code/agent前沿探索/多agent协作|bash|87458|t.p9.review 零上下文设计审查已通过<|eos|> - grok|235x50|tester-t124"
time=2026-08-21T18:20:54.622+08:00 level=DEBUG msg="discovery: skipping unreachable socket" socket=/tmp/tmux-501/ta-ed81bd4d8c17 err="query tmux on /tmp/tmux-501/ta-ed81bd4d8c17: exit status 1: no server running on /tmp/tmux-501/ta-ed81bd4d8c17"
time=2026-08-21T18:20:54.631+08:00 level=DEBUG msg="discovery: skipping unreachable socket" socket=/tmp/tmux-501/ta-f1ad1b378fc7 err="query tmux on /tmp/tmux-501/ta-f1ad1b378fc7: exit status 1: no server running on /tmp/tmux-501/ta-f1ad1b378fc7"
time=2026-08-21T18:20:54.651+08:00 level=DEBUG msg="discovery: skipping unreachable socket" socket=/tmp/tmux-501/ta-t121u01 err="query tmux on /tmp/tmux-501/ta-t121u01: exit status 1: no server running on /tmp/tmux-501/ta-t121u01"
time=2026-08-21T18:20:54.725+08:00 level=DEBUG msg="discovery: skipping unreachable socket" socket=/tmp/tmux-501/ta-t121u01b err="query tmux on /tmp/tmux-501/ta-t121u01b: exit status 1: no server running on /tmp/tmux-501/ta-t121u01b"
time=2026-08-21T18:20:54.735+08:00 level=DEBUG msg="discovery: skipping unreachable socket" socket=/tmp/tmux-501/ta-user-agents err="query tmux on /tmp/tmux-501/ta-user-agents: exit status 1: no server running on /tmp/tmux-501/ta-user-agents"
time=2026-08-21T18:20:55.942+08:00 level=DEBUG msg="listing: no changes"
time=2026-08-21T18:20:56.469+08:00 level=DEBUG msg="discovery: skipping unreachable socket" socket=/tmp/tmux-501/t115d24675 err="query tmux on /tmp/tmux-501/t115d24675: exit status 1: no server running on /tmp/tmux-501/t115d24675"
time=2026-08-21T18:20:56.477+08:00 level=DEBUG msg="discovery: skipping unreachable socket" socket=/tmp/tmux-501/t115e31319 err="query tmux on /tmp/tmux-501/t115e31319: exit status 1: no server running on /tmp/tmux-501/t115e31319"
time=2026-08-21T18:20:56.486+08:00 level=DEBUG msg="discovery: skipping unreachable socket" socket=/tmp/tmux-501/t115f44898 err="query tmux on /tmp/tmux-501/t115f44898: exit status 1: no server running on /tmp/tmux-501/t115f44898"
time=2026-08-21T18:20:56.494+08:00 level=DEBUG msg="discovery: skipping unreachable socket" socket=/tmp/tmux-501/t115g47728 err="query tmux on /tmp/tmux-501/t115g47728: exit status 1: no server running on /tmp/tmux-501/t115g47728"
time=2026-08-21T18:20:56.502+08:00 level=DEBUG msg="discovery: skipping unreachable socket" socket=/tmp/tmux-501/ta-0bafa3965ade err="query tmux on /tmp/tmux-501/ta-0bafa3965ade: exit status 1: no server running on /tmp/tmux-501/ta-0bafa3965ade"
time=2026-08-21T18:20:56.528+08:00 level=DEBUG msg="discovery: skipping unreachable socket" socket=/tmp/tmux-501/ta-61709dcf801e err="query tmux on /tmp/tmux-501/ta-61709dcf801e: exit status 1: no server running on /tmp/tmux-501/ta-61709dcf801e"
time=2026-08-21T18:20:56.545+08:00 level=DEBUG msg="discovery: skipping unparsable pane line" socket=/tmp/tmux-501/ta-a9fd5b7defbd line="team-refactor-maintainability|6|%39|/Users/alauda/Documents/code/agent前沿探索/多agent协作|bash|87458|t.p9.review 零上下文设计审查已通过<|eos|> - grok|235x50|tester-t124"
time=2026-08-21T18:20:56.566+08:00 level=DEBUG msg="discovery: skipping unreachable socket" socket=/tmp/tmux-501/ta-ed81bd4d8c17 err="query tmux on /tmp/tmux-501/ta-ed81bd4d8c17: exit status 1: no server running on /tmp/tmux-501/ta-ed81bd4d8c17"
time=2026-08-21T18:20:56.574+08:00 level=DEBUG msg="discovery: skipping unreachable socket" socket=/tmp/tmux-501/ta-f1ad1b378fc7 err="query tmux on /tmp/tmux-501/ta-f1ad1b378fc7: exit status 1: no server running on /tmp/tmux-501/ta-f1ad1b378fc7"
time=2026-08-21T18:20:56.590+08:00 level=DEBUG msg="discovery: skipping unreachable socket" socket=/tmp/tmux-501/ta-t121u01 err="query tmux on /tmp/tmux-501/ta-t121u01: exit status 1: no server running on /tmp/tmux-501/ta-t121u01"
time=2026-08-21T18:20:56.599+08:00 level=DEBUG msg="discovery: skipping unreachable socket" socket=/tmp/tmux-501/ta-t121u01b err="query tmux on /tmp/tmux-501/ta-t121u01b: exit status 1: no server running on /tmp/tmux-501/ta-t121u01b"
time=2026-08-21T18:20:56.608+08:00 level=DEBUG msg="discovery: skipping unreachable socket" socket=/tmp/tmux-501/ta-user-agents err="query tmux on /tmp/tmux-501/ta-user-agents: exit status 1: no server running on /tmp/tmux-501/ta-user-agents"
time=2026-08-21T18:20:56.883+08:00 level=DEBUG msg="discovery: skipping unreachable socket" socket=/tmp/tmux-501/t115d24675 err="query tmux on /tmp/tmux-501/t115d24675: exit status 1: no server running on /tmp/tmux-501/t115d24675"
time=2026-08-21T18:20:56.891+08:00 level=DEBUG msg="discovery: skipping unreachable socket" socket=/tmp/tmux-501/t115e31319 err="query tmux on /tmp/tmux-501/t115e31319: exit status 1: no server running on /tmp/tmux-501/t115e31319"
time=2026-08-21T18:20:56.900+08:00 level=DEBUG msg="discovery: skipping unreachable socket" socket=/tmp/tmux-501/t115f44898 err="query tmux on /tmp/tmux-501/t115f44898: exit status 1: no server running on /tmp/tmux-501/t115f44898"
time=2026-08-21T18:20:56.924+08:00 level=DEBUG msg="discovery: skipping unreachable socket" socket=/tmp/tmux-501/t115g47728 err="query tmux on /tmp/tmux-501/t115g47728: exit status 1: no server running on /tmp/tmux-501/t115g47728"
time=2026-08-21T18:20:56.932+08:00 level=DEBUG msg="discovery: skipping unreachable socket" socket=/tmp/tmux-501/ta-0bafa3965ade err="query tmux on /tmp/tmux-501/ta-0bafa3965ade: exit status 1: no server running on /tmp/tmux-501/ta-0bafa3965ade"
time=2026-08-21T18:20:56.959+08:00 level=DEBUG msg="discovery: skipping unreachable socket" socket=/tmp/tmux-501/ta-61709dcf801e err="query tmux on /tmp/tmux-501/ta-61709dcf801e: exit status 1: no server running on /tmp/tmux-501/ta-61709dcf801e"
time=2026-08-21T18:20:56.990+08:00 level=DEBUG msg="discovery: skipping unparsable pane line" socket=/tmp/tmux-501/ta-a9fd5b7defbd line="team-refactor-maintainability|6|%39|/Users/alauda/Documents/code/agent前沿探索/多agent协作|bash|87458|t.p9.review 零上下文设计审查已通过<|eos|> - grok|235x50|tester-t124"
time=2026-08-21T18:20:57.008+08:00 level=DEBUG msg="discovery: skipping unreachable socket" socket=/tmp/tmux-501/ta-ed81bd4d8c17 err="query tmux on /tmp/tmux-501/ta-ed81bd4d8c17: exit status 1: no server running on /tmp/tmux-501/ta-ed81bd4d8c17"
time=2026-08-21T18:20:57.016+08:00 level=DEBUG msg="discovery: skipping unreachable socket" socket=/tmp/tmux-501/ta-f1ad1b378fc7 err="query tmux on /tmp/tmux-501/ta-f1ad1b378fc7: exit status 1: no server running on /tmp/tmux-501/ta-f1ad1b378fc7"
time=2026-08-21T18:20:57.038+08:00 level=DEBUG msg="discovery: skipping unreachable socket" socket=/tmp/tmux-501/ta-t121u01 err="query tmux on /tmp/tmux-501/ta-t121u01: exit status 1: no server running on /tmp/tmux-501/ta-t121u01"
time=2026-08-21T18:20:57.051+08:00 level=DEBUG msg="discovery: skipping unreachable socket" socket=/tmp/tmux-501/ta-t121u01b err="query tmux on /tmp/tmux-501/ta-t121u01b: exit status 1: no server running on /tmp/tmux-501/ta-t121u01b"
time=2026-08-21T18:20:57.059+08:00 level=DEBUG msg="discovery: skipping unreachable socket" socket=/tmp/tmux-501/ta-user-agents err="query tmux on /tmp/tmux-501/ta-user-agents: exit status 1: no server running on /tmp/tmux-501/ta-user-agents"
time=2026-08-21T18:20:58.934+08:00 level=DEBUG msg="listing: no changes"
time=2026-08-21T18:20:59.212+08:00 level=DEBUG msg="discovery: skipping unreachable socket" socket=/tmp/tmux-501/t115d24675 err="query tmux on /tmp/tmux-501/t115d24675: exit status 1: no server running on /tmp/tmux-501/t115d24675"
time=2026-08-21T18:20:59.221+08:00 level=DEBUG msg="discovery: skipping unreachable socket" socket=/tmp/tmux-501/t115e31319 err="query tmux on /tmp/tmux-501/t115e31319: exit status 1: no server running on /tmp/tmux-501/t115e31319"
time=2026-08-21T18:20:59.229+08:00 level=DEBUG msg="discovery: skipping unreachable socket" socket=/tmp/tmux-501/t115f44898 err="query tmux on /tmp/tmux-501/t115f44898: exit status 1: no server running on /tmp/tmux-501/t115f44898"
time=2026-08-21T18:20:59.237+08:00 level=DEBUG msg="discovery: skipping unreachable socket" socket=/tmp/tmux-501/t115g47728 err="query tmux on /tmp/tmux-501/t115g47728: exit status 1: no server running on /tmp/tmux-501/t115g47728"
time=2026-08-21T18:20:59.245+08:00 level=DEBUG msg="discovery: skipping unreachable socket" socket=/tmp/tmux-501/ta-0bafa3965ade err="query tmux on /tmp/tmux-501/ta-0bafa3965ade: exit status 1: no server running on /tmp/tmux-501/ta-0bafa3965ade"
time=2026-08-21T18:20:59.270+08:00 level=DEBUG msg="discovery: skipping unreachable socket" socket=/tmp/tmux-501/ta-61709dcf801e err="query tmux on /tmp/tmux-501/ta-61709dcf801e: exit status 1: no server running on /tmp/tmux-501/ta-61709dcf801e"
time=2026-08-21T18:20:59.288+08:00 level=DEBUG msg="discovery: skipping unparsable pane line" socket=/tmp/tmux-501/ta-a9fd5b7defbd line="team-refactor-maintainability|6|%39|/Users/alauda/Documents/code/agent前沿探索/多agent协作|bash|87458|t.p9.review 零上下文设计审查已通过<|eos|> - grok|235x50|tester-t124"
time=2026-08-21T18:20:59.306+08:00 level=DEBUG msg="discovery: skipping unreachable socket" socket=/tmp/tmux-501/ta-ed81bd4d8c17 err="query tmux on /tmp/tmux-501/ta-ed81bd4d8c17: exit status 1: no server running on /tmp/tmux-501/ta-ed81bd4d8c17"
time=2026-08-21T18:20:59.315+08:00 level=DEBUG msg="discovery: skipping unreachable socket" socket=/tmp/tmux-501/ta-f1ad1b378fc7 err="query tmux on /tmp/tmux-501/ta-f1ad1b378fc7: exit status 1: no server running on /tmp/tmux-501/ta-f1ad1b378fc7"
time=2026-08-21T18:20:59.331+08:00 level=DEBUG msg="discovery: skipping unreachable socket" socket=/tmp/tmux-501/ta-t121u01 err="query tmux on /tmp/tmux-501/ta-t121u01: exit status 1: no server running on /tmp/tmux-501/ta-t121u01"
time=2026-08-21T18:20:59.339+08:00 level=DEBUG msg="discovery: skipping unreachable socket" socket=/tmp/tmux-501/ta-t121u01b err="query tmux on /tmp/tmux-501/ta-t121u01b: exit status 1: no server running on /tmp/tmux-501/ta-t121u01b"
time=2026-08-21T18:20:59.347+08:00 level=DEBUG msg="discovery: skipping unreachable socket" socket=/tmp/tmux-501/ta-user-agents err="query tmux on /tmp/tmux-501/ta-user-agents: exit status 1: no server running on /tmp/tmux-501/ta-user-agents"
time=2026-08-21T18:20:59.460+08:00 level=DEBUG msg="discovery: skipping unreachable socket" socket=/tmp/tmux-501/t115d24675 err="query tmux on /tmp/tmux-501/t115d24675: exit status 1: no server running on /tmp/tmux-501/t115d24675"
time=2026-08-21T18:20:59.469+08:00 level=DEBUG msg="discovery: skipping unreachable socket" socket=/tmp/tmux-501/t115e31319 err="query tmux on /tmp/tmux-501/t115e31319: exit status 1: no server running on /tmp/tmux-501/t115e31319"
time=2026-08-21T18:20:59.478+08:00 level=DEBUG msg="discovery: skipping unreachable socket" socket=/tmp/tmux-501/t115f44898 err="query tmux on /tmp/tmux-501/t115f44898: exit status 1: no server running on /tmp/tmux-501/t115f44898"
time=2026-08-21T18:20:59.486+08:00 level=DEBUG msg="discovery: skipping unreachable socket" socket=/tmp/tmux-501/t115g47728 err="query tmux on /tmp/tmux-501/t115g47728: exit status 1: no server running on /tmp/tmux-501/t115g47728"
time=2026-08-21T18:20:59.494+08:00 level=DEBUG msg="discovery: skipping unreachable socket" socket=/tmp/tmux-501/ta-0bafa3965ade err="query tmux on /tmp/tmux-501/ta-0bafa3965ade: exit status 1: no server running on /tmp/tmux-501/ta-0bafa3965ade"
time=2026-08-21T18:20:59.519+08:00 level=DEBUG msg="discovery: skipping unreachable socket" socket=/tmp/tmux-501/ta-61709dcf801e err="query tmux on /tmp/tmux-501/ta-61709dcf801e: exit status 1: no server running on /tmp/tmux-501/ta-61709dcf801e"
time=2026-08-21T18:20:59.537+08:00 level=DEBUG msg="discovery: skipping unparsable pane line" socket=/tmp/tmux-501/ta-a9fd5b7defbd line="team-refactor-maintainability|6|%39|/Users/alauda/Documents/code/agent前沿探索/多agent协作|bash|87458|t.p9.review 零上下文设计审查已通过<|eos|> - grok|235x50|tester-t124"
time=2026-08-21T18:20:59.555+08:00 level=DEBUG msg="discovery: skipping unreachable socket" socket=/tmp/tmux-501/ta-ed81bd4d8c17 err="query tmux on /tmp/tmux-501/ta-ed81bd4d8c17: exit status 1: no server running on /tmp/tmux-501/ta-ed81bd4d8c17"
time=2026-08-21T18:20:59.564+08:00 level=DEBUG msg="discovery: skipping unreachable socket" socket=/tmp/tmux-501/ta-f1ad1b378fc7 err="query tmux on /tmp/tmux-501/ta-f1ad1b378fc7: exit status 1: no server running on /tmp/tmux-501/ta-f1ad1b378fc7"
time=2026-08-21T18:20:59.581+08:00 level=DEBUG msg="discovery: skipping unreachable socket" socket=/tmp/tmux-501/ta-t121u01 err="query tmux on /tmp/tmux-501/ta-t121u01: exit status 1: no server running on /tmp/tmux-501/ta-t121u01"
time=2026-08-21T18:20:59.589+08:00 level=DEBUG msg="discovery: skipping unreachable socket" socket=/tmp/tmux-501/ta-t121u01b err="query tmux on /tmp/tmux-501/ta-t121u01b: exit status 1: no server running on /tmp/tmux-501/ta-t121u01b"
time=2026-08-21T18:20:59.598+08:00 level=DEBUG msg="discovery: skipping unreachable socket" socket=/tmp/tmux-501/ta-user-agents err="query tmux on /tmp/tmux-501/ta-user-agents: exit status 1: no server running on /tmp/tmux-501/ta-user-agents"
time=2026-08-21T18:21:01.421+08:00 level=DEBUG msg="discovery: skipping unreachable socket" socket=/tmp/tmux-501/t115d24675 err="query tmux on /tmp/tmux-501/t115d24675: exit status 1: no server running on /tmp/tmux-501/t115d24675"
time=2026-08-21T18:21:01.429+08:00 level=DEBUG msg="discovery: skipping unreachable socket" socket=/tmp/tmux-501/t115e31319 err="query tmux on /tmp/tmux-501/t115e31319: exit status 1: no server running on /tmp/tmux-501/t115e31319"
time=2026-08-21T18:21:01.437+08:00 level=DEBUG msg="discovery: skipping unreachable socket" socket=/tmp/tmux-501/t115f44898 err="query tmux on /tmp/tmux-501/t115f44898: exit status 1: no server running on /tmp/tmux-501/t115f44898"
time=2026-08-21T18:21:01.445+08:00 level=DEBUG msg="discovery: skipping unreachable socket" socket=/tmp/tmux-501/t115g47728 err="query tmux on /tmp/tmux-501/t115g47728: exit status 1: no server running on /tmp/tmux-501/t115g47728"
time=2026-08-21T18:21:01.453+08:00 level=DEBUG msg="discovery: skipping unreachable socket" socket=/tmp/tmux-501/ta-0bafa3965ade err="query tmux on /tmp/tmux-501/ta-0bafa3965ade: exit status 1: no server running on /tmp/tmux-501/ta-0bafa3965ade"
time=2026-08-21T18:21:01.479+08:00 level=DEBUG msg="discovery: skipping unreachable socket" socket=/tmp/tmux-501/ta-61709dcf801e err="query tmux on /tmp/tmux-501/ta-61709dcf801e: exit status 1: no server running on /tmp/tmux-501/ta-61709dcf801e"
time=2026-08-21T18:21:01.498+08:00 level=DEBUG msg="discovery: skipping unparsable pane line" socket=/tmp/tmux-501/ta-a9fd5b7defbd line="team-refactor-maintainability|6|%39|/Users/alauda/Documents/code/agent前沿探索/多agent协作|bash|87458|t.p9.review 零上下文设计审查已通过<|eos|> - grok|235x50|tester-t124"
time=2026-08-21T18:21:01.515+08:00 level=DEBUG msg="discovery: skipping unreachable socket" socket=/tmp/tmux-501/ta-ed81bd4d8c17 err="query tmux on /tmp/tmux-501/ta-ed81bd4d8c17: exit status 1: no server running on /tmp/tmux-501/ta-ed81bd4d8c17"
time=2026-08-21T18:21:01.523+08:00 level=DEBUG msg="discovery: skipping unreachable socket" socket=/tmp/tmux-501/ta-f1ad1b378fc7 err="query tmux on /tmp/tmux-501/ta-f1ad1b378fc7: exit status 1: no server running on /tmp/tmux-501/ta-f1ad1b378fc7"
time=2026-08-21T18:21:01.539+08:00 level=DEBUG msg="discovery: skipping unreachable socket" socket=/tmp/tmux-501/ta-t121u01 err="query tmux on /tmp/tmux-501/ta-t121u01: exit status 1: no server running on /tmp/tmux-501/ta-t121u01"
time=2026-08-21T18:21:01.548+08:00 level=DEBUG msg="discovery: skipping unreachable socket" socket=/tmp/tmux-501/ta-t121u01b err="query tmux on /tmp/tmux-501/ta-t121u01b: exit status 1: no server running on /tmp/tmux-501/ta-t121u01b"
time=2026-08-21T18:21:01.556+08:00 level=DEBUG msg="discovery: skipping unreachable socket" socket=/tmp/tmux-501/ta-user-agents err="query tmux on /tmp/tmux-501/ta-user-agents: exit status 1: no server running on /tmp/tmux-501/ta-user-agents"
time=2026-08-21T18:21:01.891+08:00 level=DEBUG msg="listing: no changes"
time=2026-08-21T18:21:02.437+08:00 level=DEBUG msg="discovery: skipping unreachable socket" socket=/tmp/tmux-501/t115d24675 err="query tmux on /tmp/tmux-501/t115d24675: exit status 1: no server running on /tmp/tmux-501/t115d24675"
time=2026-08-21T18:21:02.447+08:00 level=DEBUG msg="discovery: skipping unreachable socket" socket=/tmp/tmux-501/t115e31319 err="query tmux on /tmp/tmux-501/t115e31319: exit status 1: no server running on /tmp/tmux-501/t115e31319"
time=2026-08-21T18:21:02.456+08:00 level=DEBUG msg="discovery: skipping unreachable socket" socket=/tmp/tmux-501/t115f44898 err="query tmux on /tmp/tmux-501/t115f44898: exit status 1: no server running on /tmp/tmux-501/t115f44898"
time=2026-08-21T18:21:02.464+08:00 level=DEBUG msg="discovery: skipping unreachable socket" socket=/tmp/tmux-501/t115g47728 err="query tmux on /tmp/tmux-501/t115g47728: exit status 1: no server running on /tmp/tmux-501/t115g47728"
time=2026-08-21T18:21:02.471+08:00 level=DEBUG msg="discovery: skipping unreachable socket" socket=/tmp/tmux-501/ta-0bafa3965ade err="query tmux on /tmp/tmux-501/ta-0bafa3965ade: exit status 1: no server running on /tmp/tmux-501/ta-0bafa3965ade"
time=2026-08-21T18:21:02.495+08:00 level=DEBUG msg="discovery: skipping unreachable socket" socket=/tmp/tmux-501/ta-61709dcf801e err="query tmux on /tmp/tmux-501/ta-61709dcf801e: exit status 1: no server running on /tmp/tmux-501/ta-61709dcf801e"
time=2026-08-21T18:21:02.512+08:00 level=DEBUG msg="discovery: skipping unparsable pane line" socket=/tmp/tmux-501/ta-a9fd5b7defbd line="team-refactor-maintainability|6|%39|/Users/alauda/Documents/code/agent前沿探索/多agent协作|bash|87458|t.p9.review 零上下文设计审查已通过<|eos|> - grok|235x50|tester-t124"
time=2026-08-21T18:21:02.528+08:00 level=DEBUG msg="discovery: skipping unreachable socket" socket=/tmp/tmux-501/ta-ed81bd4d8c17 err="query tmux on /tmp/tmux-501/ta-ed81bd4d8c17: exit status 1: no server running on /tmp/tmux-501/ta-ed81bd4d8c17"
time=2026-08-21T18:21:02.536+08:00 level=DEBUG msg="discovery: skipping unreachable socket" socket=/tmp/tmux-501/ta-f1ad1b378fc7 err="query tmux on /tmp/tmux-501/ta-f1ad1b378fc7: exit status 1: no server running on /tmp/tmux-501/ta-f1ad1b378fc7"
time=2026-08-21T18:21:02.553+08:00 level=DEBUG msg="discovery: skipping unreachable socket" socket=/tmp/tmux-501/ta-t121u01 err="query tmux on /tmp/tmux-501/ta-t121u01: exit status 1: no server running on /tmp/tmux-501/ta-t121u01"
time=2026-08-21T18:21:02.561+08:00 level=DEBUG msg="discovery: skipping unreachable socket" socket=/tmp/tmux-501/ta-t121u01b err="query tmux on /tmp/tmux-501/ta-t121u01b: exit status 1: no server running on /tmp/tmux-501/ta-t121u01b"
time=2026-08-21T18:21:02.568+08:00 level=DEBUG msg="discovery: skipping unreachable socket" socket=/tmp/tmux-501/ta-user-agents err="query tmux on /tmp/tmux-501/ta-user-agents: exit status 1: no server running on /tmp/tmux-501/ta-user-agents"
time=2026-08-21T18:21:03.703+08:00 level=DEBUG msg="discovery: skipping unreachable socket" socket=/tmp/tmux-501/t115d24675 err="query tmux on /tmp/tmux-501/t115d24675: exit status 1: no server running on /tmp/tmux-501/t115d24675"
time=2026-08-21T18:21:03.712+08:00 level=DEBUG msg="discovery: skipping unreachable socket" socket=/tmp/tmux-501/t115e31319 err="query tmux on /tmp/tmux-501/t115e31319: exit status 1: no server running on /tmp/tmux-501/t115e31319"
time=2026-08-21T18:21:03.722+08:00 level=DEBUG msg="discovery: skipping unreachable socket" socket=/tmp/tmux-501/t115f44898 err="query tmux on /tmp/tmux-501/t115f44898: exit status 1: no server running on /tmp/tmux-501/t115f44898"
time=2026-08-21T18:21:03.730+08:00 level=DEBUG msg="discovery: skipping unreachable socket" socket=/tmp/tmux-501/t115g47728 err="query tmux on /tmp/tmux-501/t115g47728: exit status 1: no server running on /tmp/tmux-501/t115g47728"
time=2026-08-21T18:21:03.739+08:00 level=DEBUG msg="discovery: skipping unreachable socket" socket=/tmp/tmux-501/ta-0bafa3965ade err="query tmux on /tmp/tmux-501/ta-0bafa3965ade: exit status 1: no server running on /tmp/tmux-501/ta-0bafa3965ade"
time=2026-08-21T18:21:03.766+08:00 level=DEBUG msg="discovery: skipping unreachable socket" socket=/tmp/tmux-501/ta-61709dcf801e err="query tmux on /tmp/tmux-501/ta-61709dcf801e: exit status 1: no server running on /tmp/tmux-501/ta-61709dcf801e"
time=2026-08-21T18:21:03.785+08:00 level=DEBUG msg="discovery: skipping unparsable pane line" socket=/tmp/tmux-501/ta-a9fd5b7defbd line="team-refactor-maintainability|6|%39|/Users/alauda/Documents/code/agent前沿探索/多agent协作|bash|87458|t.p9.review 零上下文设计审查已通过<|eos|> - grok|235x50|tester-t124"
time=2026-08-21T18:21:03.803+08:00 level=DEBUG msg="discovery: skipping unreachable socket" socket=/tmp/tmux-501/ta-ed81bd4d8c17 err="query tmux on /tmp/tmux-501/ta-ed81bd4d8c17: exit status 1: no server running on /tmp/tmux-501/ta-ed81bd4d8c17"
time=2026-08-21T18:21:03.812+08:00 level=DEBUG msg="discovery: skipping unreachable socket" socket=/tmp/tmux-501/ta-f1ad1b378fc7 err="query tmux on /tmp/tmux-501/ta-f1ad1b378fc7: exit status 1: no server running on /tmp/tmux-501/ta-f1ad1b378fc7"
time=2026-08-21T18:21:03.829+08:00 level=DEBUG msg="discovery: skipping unreachable socket" socket=/tmp/tmux-501/ta-t121u01 err="query tmux on /tmp/tmux-501/ta-t121u01: exit status 1: no server running on /tmp/tmux-501/ta-t121u01"
time=2026-08-21T18:21:03.837+08:00 level=DEBUG msg="discovery: skipping unreachable socket" socket=/tmp/tmux-501/ta-t121u01b err="query tmux on /tmp/tmux-501/ta-t121u01b: exit status 1: no server running on /tmp/tmux-501/ta-t121u01b"
time=2026-08-21T18:21:03.846+08:00 level=DEBUG msg="discovery: skipping unreachable socket" socket=/tmp/tmux-501/ta-user-agents err="query tmux on /tmp/tmux-501/ta-user-agents: exit status 1: no server running on /tmp/tmux-501/ta-user-agents"
time=2026-08-21T18:21:04.855+08:00 level=DEBUG msg="listing: no changes"
time=2026-08-21T18:21:05.384+08:00 level=DEBUG msg="discovery: skipping unreachable socket" socket=/tmp/tmux-501/t115d24675 err="query tmux on /tmp/tmux-501/t115d24675: exit status 1: no server running on /tmp/tmux-501/t115d24675"
time=2026-08-21T18:21:05.392+08:00 level=DEBUG msg="discovery: skipping unreachable socket" socket=/tmp/tmux-501/t115e31319 err="query tmux on /tmp/tmux-501/t115e31319: exit status 1: no server running on /tmp/tmux-501/t115e31319"
time=2026-08-21T18:21:05.401+08:00 level=DEBUG msg="discovery: skipping unreachable socket" socket=/tmp/tmux-501/t115f44898 err="query tmux on /tmp/tmux-501/t115f44898: exit status 1: no server running on /tmp/tmux-501/t115f44898"
time=2026-08-21T18:21:05.409+08:00 level=DEBUG msg="discovery: skipping unreachable socket" socket=/tmp/tmux-501/t115g47728 err="query tmux on /tmp/tmux-501/t115g47728: exit status 1: no server running on /tmp/tmux-501/t115g47728"
time=2026-08-21T18:21:05.417+08:00 level=DEBUG msg="discovery: skipping unreachable socket" socket=/tmp/tmux-501/ta-0bafa3965ade err="query tmux on /tmp/tmux-501/ta-0bafa3965ade: exit status 1: no server running on /tmp/tmux-501/ta-0bafa3965ade"
time=2026-08-21T18:21:05.443+08:00 level=DEBUG msg="discovery: skipping unreachable socket" socket=/tmp/tmux-501/ta-61709dcf801e err="query tmux on /tmp/tmux-501/ta-61709dcf801e: exit status 1: no server running on /tmp/tmux-501/ta-61709dcf801e"
time=2026-08-21T18:21:05.462+08:00 level=DEBUG msg="discovery: skipping unparsable pane line" socket=/tmp/tmux-501/ta-a9fd5b7defbd line="team-refactor-maintainability|6|%39|/Users/alauda/Documents/code/agent前沿探索/多agent协作|bash|87458|t.p9.review 零上下文设计审查已通过<|eos|> - grok|235x50|tester-t124"
time=2026-08-21T18:21:05.480+08:00 level=DEBUG msg="discovery: skipping unreachable socket" socket=/tmp/tmux-501/ta-ed81bd4d8c17 err="query tmux on /tmp/tmux-501/ta-ed81bd4d8c17: exit status 1: no server running on /tmp/tmux-501/ta-ed81bd4d8c17"
time=2026-08-21T18:21:05.488+08:00 level=DEBUG msg="discovery: skipping unreachable socket" socket=/tmp/tmux-501/ta-f1ad1b378fc7 err="query tmux on /tmp/tmux-501/ta-f1ad1b378fc7: exit status 1: no server running on /tmp/tmux-501/ta-f1ad1b378fc7"
time=2026-08-21T18:21:05.504+08:00 level=DEBUG msg="discovery: skipping unreachable socket" socket=/tmp/tmux-501/ta-t121u01 err="query tmux on /tmp/tmux-501/ta-t121u01: exit status 1: no server running on /tmp/tmux-501/ta-t121u01"
time=2026-08-21T18:21:05.513+08:00 level=DEBUG msg="discovery: skipping unreachable socket" socket=/tmp/tmux-501/ta-t121u01b err="query tmux on /tmp/tmux-501/ta-t121u01b: exit status 1: no server running on /tmp/tmux-501/ta-t121u01b"
time=2026-08-21T18:21:05.521+08:00 level=DEBUG msg="discovery: skipping unreachable socket" socket=/tmp/tmux-501/ta-user-agents err="query tmux on /tmp/tmux-501/ta-user-agents: exit status 1: no server running on /tmp/tmux-501/ta-user-agents"
time=2026-08-21T18:21:06.039+08:00 level=DEBUG msg="discovery: skipping unreachable socket" socket=/tmp/tmux-501/t115d24675 err="query tmux on /tmp/tmux-501/t115d24675: exit status 1: no server running on /tmp/tmux-501/t115d24675"
time=2026-08-21T18:21:06.048+08:00 level=DEBUG msg="discovery: skipping unreachable socket" socket=/tmp/tmux-501/t115e31319 err="query tmux on /tmp/tmux-501/t115e31319: exit status 1: no server running on /tmp/tmux-501/t115e31319"
time=2026-08-21T18:21:06.057+08:00 level=DEBUG msg="discovery: skipping unreachable socket" socket=/tmp/tmux-501/t115f44898 err="query tmux on /tmp/tmux-501/t115f44898: exit status 1: no server running on /tmp/tmux-501/t115f44898"
time=2026-08-21T18:21:06.068+08:00 level=DEBUG msg="discovery: skipping unreachable socket" socket=/tmp/tmux-501/t115g47728 err="query tmux on /tmp/tmux-501/t115g47728: exit status 1: no server running on /tmp/tmux-501/t115g47728"
time=2026-08-21T18:21:06.076+08:00 level=DEBUG msg="discovery: skipping unreachable socket" socket=/tmp/tmux-501/ta-0bafa3965ade err="query tmux on /tmp/tmux-501/ta-0bafa3965ade: exit status 1: no server running on /tmp/tmux-501/ta-0bafa3965ade"
time=2026-08-21T18:21:06.102+08:00 level=DEBUG msg="discovery: skipping unreachable socket" socket=/tmp/tmux-501/ta-61709dcf801e err="query tmux on /tmp/tmux-501/ta-61709dcf801e: exit status 1: no server running on /tmp/tmux-501/ta-61709dcf801e"
time=2026-08-21T18:21:06.128+08:00 level=DEBUG msg="discovery: skipping unparsable pane line" socket=/tmp/tmux-501/ta-a9fd5b7defbd line="team-refactor-maintainability|6|%39|/Users/alauda/Documents/code/agent前沿探索/多agent协作|bash|87458|t.p9.review 零上下文设计审查已通过<|eos|> - grok|235x50|tester-t124"
time=2026-08-21T18:21:06.150+08:00 level=DEBUG msg="discovery: skipping unreachable socket" socket=/tmp/tmux-501/ta-ed81bd4d8c17 err="query tmux on /tmp/tmux-501/ta-ed81bd4d8c17: exit status 1: no server running on /tmp/tmux-501/ta-ed81bd4d8c17"
time=2026-08-21T18:21:06.159+08:00 level=DEBUG msg="discovery: skipping unreachable socket" socket=/tmp/tmux-501/ta-f1ad1b378fc7 err="query tmux on /tmp/tmux-501/ta-f1ad1b378fc7: exit status 1: no server running on /tmp/tmux-501/ta-f1ad1b378fc7"
time=2026-08-21T18:21:06.181+08:00 level=DEBUG msg="discovery: skipping unreachable socket" socket=/tmp/tmux-501/ta-t121u01 err="query tmux on /tmp/tmux-501/ta-t121u01: exit status 1: no server running on /tmp/tmux-501/ta-t121u01"
time=2026-08-21T18:21:06.195+08:00 level=DEBUG msg="discovery: skipping unreachable socket" socket=/tmp/tmux-501/ta-t121u01b err="query tmux on /tmp/tmux-501/ta-t121u01b: exit status 1: no server running on /tmp/tmux-501/ta-t121u01b"
time=2026-08-21T18:21:06.206+08:00 level=DEBUG msg="discovery: skipping unreachable socket" socket=/tmp/tmux-501/ta-user-agents err="query tmux on /tmp/tmux-501/ta-user-agents: exit status 1: no server running on /tmp/tmux-501/ta-user-agents"
time=2026-08-21T18:21:07.908+08:00 level=DEBUG msg="listing: no changes"
time=2026-08-21T18:21:08.351+08:00 level=DEBUG msg="discovery: skipping unreachable socket" socket=/tmp/tmux-501/t115d24675 err="query tmux on /tmp/tmux-501/t115d24675: exit status 1: no server running on /tmp/tmux-501/t115d24675"
time=2026-08-21T18:21:08.360+08:00 level=DEBUG msg="discovery: skipping unreachable socket" socket=/tmp/tmux-501/t115e31319 err="query tmux on /tmp/tmux-501/t115e31319: exit status 1: no server running on /tmp/tmux-501/t115e31319"
time=2026-08-21T18:21:08.370+08:00 level=DEBUG msg="discovery: skipping unreachable socket" socket=/tmp/tmux-501/t115f44898 err="query tmux on /tmp/tmux-501/t115f44898: exit status 1: no server running on /tmp/tmux-501/t115f44898"
time=2026-08-21T18:21:08.380+08:00 level=DEBUG msg="discovery: skipping unreachable socket" socket=/tmp/tmux-501/t115g47728 err="query tmux on /tmp/tmux-501/t115g47728: exit status 1: no server running on /tmp/tmux-501/t115g47728"
time=2026-08-21T18:21:08.392+08:00 level=DEBUG msg="discovery: skipping unreachable socket" socket=/tmp/tmux-501/ta-0bafa3965ade err="query tmux on /tmp/tmux-501/ta-0bafa3965ade: exit status 1: no server running on /tmp/tmux-501/ta-0bafa3965ade"
time=2026-08-21T18:21:08.420+08:00 level=DEBUG msg="discovery: skipping unreachable socket" socket=/tmp/tmux-501/ta-61709dcf801e err="query tmux on /tmp/tmux-501/ta-61709dcf801e: exit status 1: no server running on /tmp/tmux-501/ta-61709dcf801e"
time=2026-08-21T18:21:08.442+08:00 level=DEBUG msg="discovery: skipping unreachable socket" socket=/tmp/tmux-501/t115d24675 err="query tmux on /tmp/tmux-501/t115d24675: exit status 1: no server running on /tmp/tmux-501/t115d24675"
time=2026-08-21T18:21:08.444+08:00 level=DEBUG msg="discovery: skipping unparsable pane line" socket=/tmp/tmux-501/ta-a9fd5b7defbd line="team-refactor-maintainability|6|%39|/Users/alauda/Documents/code/agent前沿探索/多agent协作|bash|87458|t.p9.review 零上下文设计审查已通过<|eos|> - grok|235x50|tester-t124"
time=2026-08-21T18:21:08.452+08:00 level=DEBUG msg="discovery: skipping unreachable socket" socket=/tmp/tmux-501/t115e31319 err="query tmux on /tmp/tmux-501/t115e31319: exit status 1: no server running on /tmp/tmux-501/t115e31319"
time=2026-08-21T18:21:08.461+08:00 level=DEBUG msg="discovery: skipping unreachable socket" socket=/tmp/tmux-501/t115f44898 err="query tmux on /tmp/tmux-501/t115f44898: exit status 1: no server running on /tmp/tmux-501/t115f44898"
time=2026-08-21T18:21:08.463+08:00 level=DEBUG msg="discovery: skipping unreachable socket" socket=/tmp/tmux-501/ta-ed81bd4d8c17 err="query tmux on /tmp/tmux-501/ta-ed81bd4d8c17: exit status 1: no server running on /tmp/tmux-501/ta-ed81bd4d8c17"
time=2026-08-21T18:21:08.471+08:00 level=DEBUG msg="discovery: skipping unreachable socket" socket=/tmp/tmux-501/t115g47728 err="query tmux on /tmp/tmux-501/t115g47728: exit status 1: no server running on /tmp/tmux-501/t115g47728"
time=2026-08-21T18:21:08.472+08:00 level=DEBUG msg="discovery: skipping unreachable socket" socket=/tmp/tmux-501/ta-f1ad1b378fc7 err="query tmux on /tmp/tmux-501/ta-f1ad1b378fc7: exit status 1: no server running on /tmp/tmux-501/ta-f1ad1b378fc7"
time=2026-08-21T18:21:08.480+08:00 level=DEBUG msg="discovery: skipping unreachable socket" socket=/tmp/tmux-501/ta-0bafa3965ade err="query tmux on /tmp/tmux-501/ta-0bafa3965ade: exit status 1: no server running on /tmp/tmux-501/ta-0bafa3965ade"
time=2026-08-21T18:21:08.494+08:00 level=DEBUG msg="discovery: skipping unreachable socket" socket=/tmp/tmux-501/ta-t121u01 err="query tmux on /tmp/tmux-501/ta-t121u01: exit status 1: no server running on /tmp/tmux-501/ta-t121u01"
time=2026-08-21T18:21:08.503+08:00 level=DEBUG msg="discovery: skipping unreachable socket" socket=/tmp/tmux-501/ta-t121u01b err="query tmux on /tmp/tmux-501/ta-t121u01b: exit status 1: no server running on /tmp/tmux-501/ta-t121u01b"
time=2026-08-21T18:21:08.513+08:00 level=DEBUG msg="discovery: skipping unreachable socket" socket=/tmp/tmux-501/ta-61709dcf801e err="query tmux on /tmp/tmux-501/ta-61709dcf801e: exit status 1: no server running on /tmp/tmux-501/ta-61709dcf801e"
time=2026-08-21T18:21:08.513+08:00 level=DEBUG msg="discovery: skipping unreachable socket" socket=/tmp/tmux-501/ta-user-agents err="query tmux on /tmp/tmux-501/ta-user-agents: exit status 1: no server running on /tmp/tmux-501/ta-user-agents"
time=2026-08-21T18:21:08.534+08:00 level=DEBUG msg="discovery: skipping unparsable pane line" socket=/tmp/tmux-501/ta-a9fd5b7defbd line="team-refactor-maintainability|6|%39|/Users/alauda/Documents/code/agent前沿探索/多agent协作|bash|87458|t.p9.review 零上下文设计审查已通过<|eos|> - grok|235x50|tester-t124"
time=2026-08-21T18:21:08.559+08:00 level=DEBUG msg="discovery: skipping unreachable socket" socket=/tmp/tmux-501/ta-ed81bd4d8c17 err="query tmux on /tmp/tmux-501/ta-ed81bd4d8c17: exit status 1: no server running on /tmp/tmux-501/ta-ed81bd4d8c17"
time=2026-08-21T18:21:08.569+08:00 level=DEBUG msg="discovery: skipping unreachable socket" socket=/tmp/tmux-501/ta-f1ad1b378fc7 err="query tmux on /tmp/tmux-501/ta-f1ad1b378fc7: exit status 1: no server running on /tmp/tmux-501/ta-f1ad1b378fc7"
time=2026-08-21T18:21:08.588+08:00 level=DEBUG msg="discovery: skipping unreachable socket" socket=/tmp/tmux-501/ta-t121u01 err="query tmux on /tmp/tmux-501/ta-t121u01: exit status 1: no server running on /tmp/tmux-501/ta-t121u01"
time=2026-08-21T18:21:08.599+08:00 level=DEBUG msg="discovery: skipping unreachable socket" socket=/tmp/tmux-501/ta-t121u01b err="query tmux on /tmp/tmux-501/ta-t121u01b: exit status 1: no server running on /tmp/tmux-501/ta-t121u01b"
time=2026-08-21T18:21:08.609+08:00 level=DEBUG msg="discovery: skipping unreachable socket" socket=/tmp/tmux-501/ta-user-agents err="query tmux on /tmp/tmux-501/ta-user-agents: exit status 1: no server running on /tmp/tmux-501/ta-user-agents"
time=2026-08-21T18:21:10.591+08:00 level=DEBUG msg="discovery: skipping unreachable socket" socket=/tmp/tmux-501/t115d24675 err="query tmux on /tmp/tmux-501/t115d24675: exit status 1: no server running on /tmp/tmux-501/t115d24675"
time=2026-08-21T18:21:10.599+08:00 level=DEBUG msg="discovery: skipping unreachable socket" socket=/tmp/tmux-501/t115e31319 err="query tmux on /tmp/tmux-501/t115e31319: exit status 1: no server running on /tmp/tmux-501/t115e31319"
time=2026-08-21T18:21:10.608+08:00 level=DEBUG msg="discovery: skipping unreachable socket" socket=/tmp/tmux-501/t115f44898 err="query tmux on /tmp/tmux-501/t115f44898: exit status 1: no server running on /tmp/tmux-501/t115f44898"
time=2026-08-21T18:21:10.617+08:00 level=DEBUG msg="discovery: skipping unreachable socket" socket=/tmp/tmux-501/t115g47728 err="query tmux on /tmp/tmux-501/t115g47728: exit status 1: no server running on /tmp/tmux-501/t115g47728"
time=2026-08-21T18:21:10.626+08:00 level=DEBUG msg="discovery: skipping unreachable socket" socket=/tmp/tmux-501/ta-0bafa3965ade err="query tmux on /tmp/tmux-501/ta-0bafa3965ade: exit status 1: no server running on /tmp/tmux-501/ta-0bafa3965ade"
time=2026-08-21T18:21:10.654+08:00 level=DEBUG msg="discovery: skipping unreachable socket" socket=/tmp/tmux-501/ta-61709dcf801e err="query tmux on /tmp/tmux-501/ta-61709dcf801e: exit status 1: no server running on /tmp/tmux-501/ta-61709dcf801e"
time=2026-08-21T18:21:10.673+08:00 level=DEBUG msg="discovery: skipping unparsable pane line" socket=/tmp/tmux-501/ta-a9fd5b7defbd line="team-refactor-maintainability|6|%39|/Users/alauda/Documents/code/agent前沿探索/多agent协作|bash|87458|t.p9.review 零上下文设计审查已通过<|eos|> - grok|235x50|tester-t124"
time=2026-08-21T18:21:10.692+08:00 level=DEBUG msg="discovery: skipping unreachable socket" socket=/tmp/tmux-501/ta-ed81bd4d8c17 err="query tmux on /tmp/tmux-501/ta-ed81bd4d8c17: exit status 1: no server running on /tmp/tmux-501/ta-ed81bd4d8c17"
time=2026-08-21T18:21:10.700+08:00 level=DEBUG msg="discovery: skipping unreachable socket" socket=/tmp/tmux-501/ta-f1ad1b378fc7 err="query tmux on /tmp/tmux-501/ta-f1ad1b378fc7: exit status 1: no server running on /tmp/tmux-501/ta-f1ad1b378fc7"
time=2026-08-21T18:21:10.718+08:00 level=DEBUG msg="discovery: skipping unreachable socket" socket=/tmp/tmux-501/ta-t121u01 err="query tmux on /tmp/tmux-501/ta-t121u01: exit status 1: no server running on /tmp/tmux-501/ta-t121u01"
time=2026-08-21T18:21:10.726+08:00 level=DEBUG msg="discovery: skipping unreachable socket" socket=/tmp/tmux-501/ta-t121u01b err="query tmux on /tmp/tmux-501/ta-t121u01b: exit status 1: no server running on /tmp/tmux-501/ta-t121u01b"
time=2026-08-21T18:21:10.734+08:00 level=DEBUG msg="discovery: skipping unreachable socket" socket=/tmp/tmux-501/ta-user-agents err="query tmux on /tmp/tmux-501/ta-user-agents: exit status 1: no server running on /tmp/tmux-501/ta-user-agents"
time=2026-08-21T18:21:10.803+08:00 level=DEBUG msg="listing: no changes"
time=2026-08-21T18:21:11.333+08:00 level=DEBUG msg="discovery: skipping unreachable socket" socket=/tmp/tmux-501/t115d24675 err="query tmux on /tmp/tmux-501/t115d24675: exit status 1: no server running on /tmp/tmux-501/t115d24675"
time=2026-08-21T18:21:11.341+08:00 level=DEBUG msg="discovery: skipping unreachable socket" socket=/tmp/tmux-501/t115e31319 err="query tmux on /tmp/tmux-501/t115e31319: exit status 1: no server running on /tmp/tmux-501/t115e31319"
time=2026-08-21T18:21:11.349+08:00 level=DEBUG msg="discovery: skipping unreachable socket" socket=/tmp/tmux-501/t115f44898 err="query tmux on /tmp/tmux-501/t115f44898: exit status 1: no server running on /tmp/tmux-501/t115f44898"
time=2026-08-21T18:21:11.357+08:00 level=DEBUG msg="discovery: skipping unreachable socket" socket=/tmp/tmux-501/t115g47728 err="query tmux on /tmp/tmux-501/t115g47728: exit status 1: no server running on /tmp/tmux-501/t115g47728"
time=2026-08-21T18:21:11.364+08:00 level=DEBUG msg="discovery: skipping unreachable socket" socket=/tmp/tmux-501/ta-0bafa3965ade err="query tmux on /tmp/tmux-501/ta-0bafa3965ade: exit status 1: no server running on /tmp/tmux-501/ta-0bafa3965ade"
time=2026-08-21T18:21:11.388+08:00 level=DEBUG msg="discovery: skipping unreachable socket" socket=/tmp/tmux-501/ta-61709dcf801e err="query tmux on /tmp/tmux-501/ta-61709dcf801e: exit status 1: no server running on /tmp/tmux-501/ta-61709dcf801e"
time=2026-08-21T18:21:11.405+08:00 level=DEBUG msg="discovery: skipping unparsable pane line" socket=/tmp/tmux-501/ta-a9fd5b7defbd line="team-refactor-maintainability|6|%39|/Users/alauda/Documents/code/agent前沿探索/多agent协作|bash|87458|t.p9.review 零上下文设计审查已通过<|eos|> - grok|235x50|tester-t124"
time=2026-08-21T18:21:11.422+08:00 level=DEBUG msg="discovery: skipping unreachable socket" socket=/tmp/tmux-501/ta-ed81bd4d8c17 err="query tmux on /tmp/tmux-501/ta-ed81bd4d8c17: exit status 1: no server running on /tmp/tmux-501/ta-ed81bd4d8c17"
time=2026-08-21T18:21:11.431+08:00 level=DEBUG msg="discovery: skipping unreachable socket" socket=/tmp/tmux-501/ta-f1ad1b378fc7 err="query tmux on /tmp/tmux-501/ta-f1ad1b378fc7: exit status 1: no server running on /tmp/tmux-501/ta-f1ad1b378fc7"
time=2026-08-21T18:21:11.447+08:00 level=DEBUG msg="discovery: skipping unreachable socket" socket=/tmp/tmux-501/ta-t121u01 err="query tmux on /tmp/tmux-501/ta-t121u01: exit status 1: no server running on /tmp/tmux-501/ta-t121u01"
time=2026-08-21T18:21:11.455+08:00 level=DEBUG msg="discovery: skipping unreachable socket" socket=/tmp/tmux-501/ta-t121u01b err="query tmux on /tmp/tmux-501/ta-t121u01b: exit status 1: no server running on /tmp/tmux-501/ta-t121u01b"
time=2026-08-21T18:21:11.462+08:00 level=DEBUG msg="discovery: skipping unreachable socket" socket=/tmp/tmux-501/ta-user-agents err="query tmux on /tmp/tmux-501/ta-user-agents: exit status 1: no server running on /tmp/tmux-501/ta-user-agents"
time=2026-08-21T18:21:12.874+08:00 level=DEBUG msg="discovery: skipping unreachable socket" socket=/tmp/tmux-501/t115d24675 err="query tmux on /tmp/tmux-501/t115d24675: exit status 1: no server running on /tmp/tmux-501/t115d24675"
time=2026-08-21T18:21:12.884+08:00 level=DEBUG msg="discovery: skipping unreachable socket" socket=/tmp/tmux-501/t115e31319 err="query tmux on /tmp/tmux-501/t115e31319: exit status 1: no server running on /tmp/tmux-501/t115e31319"
time=2026-08-21T18:21:12.893+08:00 level=DEBUG msg="discovery: skipping unreachable socket" socket=/tmp/tmux-501/t115f44898 err="query tmux on /tmp/tmux-501/t115f44898: exit status 1: no server running on /tmp/tmux-501/t115f44898"
time=2026-08-21T18:21:12.901+08:00 level=DEBUG msg="discovery: skipping unreachable socket" socket=/tmp/tmux-501/t115g47728 err="query tmux on /tmp/tmux-501/t115g47728: exit status 1: no server running on /tmp/tmux-501/t115g47728"
time=2026-08-21T18:21:12.909+08:00 level=DEBUG msg="discovery: skipping unreachable socket" socket=/tmp/tmux-501/ta-0bafa3965ade err="query tmux on /tmp/tmux-501/ta-0bafa3965ade: exit status 1: no server running on /tmp/tmux-501/ta-0bafa3965ade"
time=2026-08-21T18:21:12.937+08:00 level=DEBUG msg="discovery: skipping unreachable socket" socket=/tmp/tmux-501/ta-61709dcf801e err="query tmux on /tmp/tmux-501/ta-61709dcf801e: exit status 1: no server running on /tmp/tmux-501/ta-61709dcf801e"
time=2026-08-21T18:21:12.955+08:00 level=DEBUG msg="discovery: skipping unparsable pane line" socket=/tmp/tmux-501/ta-a9fd5b7defbd line="team-refactor-maintainability|6|%39|/Users/alauda/Documents/code/agent前沿探索/多agent协作|bash|87458|t.p9.review 零上下文设计审查已通过<|eos|> - grok|235x50|tester-t124"
time=2026-08-21T18:21:12.974+08:00 level=DEBUG msg="discovery: skipping unreachable socket" socket=/tmp/tmux-501/ta-ed81bd4d8c17 err="query tmux on /tmp/tmux-501/ta-ed81bd4d8c17: exit status 1: no server running on /tmp/tmux-501/ta-ed81bd4d8c17"
time=2026-08-21T18:21:12.983+08:00 level=DEBUG msg="discovery: skipping unreachable socket" socket=/tmp/tmux-501/ta-f1ad1b378fc7 err="query tmux on /tmp/tmux-501/ta-f1ad1b378fc7: exit status 1: no server running on /tmp/tmux-501/ta-f1ad1b378fc7"
time=2026-08-21T18:21:13.000+08:00 level=DEBUG msg="discovery: skipping unreachable socket" socket=/tmp/tmux-501/ta-t121u01 err="query tmux on /tmp/tmux-501/ta-t121u01: exit status 1: no server running on /tmp/tmux-501/ta-t121u01"
time=2026-08-21T18:21:13.008+08:00 level=DEBUG msg="discovery: skipping unreachable socket" socket=/tmp/tmux-501/ta-t121u01b err="query tmux on /tmp/tmux-501/ta-t121u01b: exit status 1: no server running on /tmp/tmux-501/ta-t121u01b"
time=2026-08-21T18:21:13.018+08:00 level=DEBUG msg="discovery: skipping unreachable socket" socket=/tmp/tmux-501/ta-user-agents err="query tmux on /tmp/tmux-501/ta-user-agents: exit status 1: no server running on /tmp/tmux-501/ta-user-agents"
time=2026-08-21T18:21:13.745+08:00 level=DEBUG msg="listing: no changes"
time=2026-08-21T18:21:14.275+08:00 level=DEBUG msg="discovery: skipping unreachable socket" socket=/tmp/tmux-501/t115d24675 err="query tmux on /tmp/tmux-501/t115d24675: exit status 1: no server running on /tmp/tmux-501/t115d24675"
time=2026-08-21T18:21:14.283+08:00 level=DEBUG msg="discovery: skipping unreachable socket" socket=/tmp/tmux-501/t115e31319 err="query tmux on /tmp/tmux-501/t115e31319: exit status 1: no server running on /tmp/tmux-501/t115e31319"
time=2026-08-21T18:21:14.292+08:00 level=DEBUG msg="discovery: skipping unreachable socket" socket=/tmp/tmux-501/t115f44898 err="query tmux on /tmp/tmux-501/t115f44898: exit status 1: no server running on /tmp/tmux-501/t115f44898"
time=2026-08-21T18:21:14.301+08:00 level=DEBUG msg="discovery: skipping unreachable socket" socket=/tmp/tmux-501/t115g47728 err="query tmux on /tmp/tmux-501/t115g47728: exit status 1: no server running on /tmp/tmux-501/t115g47728"
time=2026-08-21T18:21:14.309+08:00 level=DEBUG msg="discovery: skipping unreachable socket" socket=/tmp/tmux-501/ta-0bafa3965ade err="query tmux on /tmp/tmux-501/ta-0bafa3965ade: exit status 1: no server running on /tmp/tmux-501/ta-0bafa3965ade"
time=2026-08-21T18:21:14.334+08:00 level=DEBUG msg="discovery: skipping unreachable socket" socket=/tmp/tmux-501/ta-61709dcf801e err="query tmux on /tmp/tmux-501/ta-61709dcf801e: exit status 1: no server running on /tmp/tmux-501/ta-61709dcf801e"
time=2026-08-21T18:21:14.351+08:00 level=DEBUG msg="discovery: skipping unparsable pane line" socket=/tmp/tmux-501/ta-a9fd5b7defbd line="team-refactor-maintainability|6|%39|/Users/alauda/Documents/code/agent前沿探索/多agent协作|bash|87458|t.p9.review 零上下文设计审查已通过<|eos|> - grok|235x50|tester-t124"
time=2026-08-21T18:21:14.368+08:00 level=DEBUG msg="discovery: skipping unreachable socket" socket=/tmp/tmux-501/ta-ed81bd4d8c17 err="query tmux on /tmp/tmux-501/ta-ed81bd4d8c17: exit status 1: no server running on /tmp/tmux-501/ta-ed81bd4d8c17"
time=2026-08-21T18:21:14.377+08:00 level=DEBUG msg="discovery: skipping unreachable socket" socket=/tmp/tmux-501/ta-f1ad1b378fc7 err="query tmux on /tmp/tmux-501/ta-f1ad1b378fc7: exit status 1: no server running on /tmp/tmux-501/ta-f1ad1b378fc7"
time=2026-08-21T18:21:14.393+08:00 level=DEBUG msg="discovery: skipping unreachable socket" socket=/tmp/tmux-501/ta-t121u01 err="query tmux on /tmp/tmux-501/ta-t121u01: exit status 1: no server running on /tmp/tmux-501/ta-t121u01"
time=2026-08-21T18:21:14.401+08:00 level=DEBUG msg="discovery: skipping unreachable socket" socket=/tmp/tmux-501/ta-t121u01b err="query tmux on /tmp/tmux-501/ta-t121u01b: exit status 1: no server running on /tmp/tmux-501/ta-t121u01b"
time=2026-08-21T18:21:14.409+08:00 level=DEBUG msg="discovery: skipping unreachable socket" socket=/tmp/tmux-501/ta-user-agents err="query tmux on /tmp/tmux-501/ta-user-agents: exit status 1: no server running on /tmp/tmux-501/ta-user-agents"
time=2026-08-21T18:21:15.227+08:00 level=DEBUG msg="discovery: skipping unreachable socket" socket=/tmp/tmux-501/t115d24675 err="query tmux on /tmp/tmux-501/t115d24675: exit status 1: no server running on /tmp/tmux-501/t115d24675"
time=2026-08-21T18:21:15.237+08:00 level=DEBUG msg="discovery: skipping unreachable socket" socket=/tmp/tmux-501/t115e31319 err="query tmux on /tmp/tmux-501/t115e31319: exit status 1: no server running on /tmp/tmux-501/t115e31319"
time=2026-08-21T18:21:15.247+08:00 level=DEBUG msg="discovery: skipping unreachable socket" socket=/tmp/tmux-501/t115f44898 err="query tmux on /tmp/tmux-501/t115f44898: exit status 1: no server running on /tmp/tmux-501/t115f44898"
time=2026-08-21T18:21:15.255+08:00 level=DEBUG msg="discovery: skipping unreachable socket" socket=/tmp/tmux-501/t115g47728 err="query tmux on /tmp/tmux-501/t115g47728: exit status 1: no server running on /tmp/tmux-501/t115g47728"
time=2026-08-21T18:21:15.264+08:00 level=DEBUG msg="discovery: skipping unreachable socket" socket=/tmp/tmux-501/ta-0bafa3965ade err="query tmux on /tmp/tmux-501/ta-0bafa3965ade: exit status 1: no server running on /tmp/tmux-501/ta-0bafa3965ade"
time=2026-08-21T18:21:15.290+08:00 level=DEBUG msg="discovery: skipping unreachable socket" socket=/tmp/tmux-501/ta-61709dcf801e err="query tmux on /tmp/tmux-501/ta-61709dcf801e: exit status 1: no server running on /tmp/tmux-501/ta-61709dcf801e"
time=2026-08-21T18:21:15.310+08:00 level=DEBUG msg="discovery: skipping unparsable pane line" socket=/tmp/tmux-501/ta-a9fd5b7defbd line="team-refactor-maintainability|6|%39|/Users/alauda/Documents/code/agent前沿探索/多agent协作|bash|87458|t.p9.review 零上下文设计审查已通过<|eos|> - grok|235x50|tester-t124"
time=2026-08-21T18:21:15.328+08:00 level=DEBUG msg="discovery: skipping unreachable socket" socket=/tmp/tmux-501/ta-ed81bd4d8c17 err="query tmux on /tmp/tmux-501/ta-ed81bd4d8c17: exit status 1: no server running on /tmp/tmux-501/ta-ed81bd4d8c17"
time=2026-08-21T18:21:15.339+08:00 level=DEBUG msg="discovery: skipping unreachable socket" socket=/tmp/tmux-501/ta-f1ad1b378fc7 err="query tmux on /tmp/tmux-501/ta-f1ad1b378fc7: exit status 1: no server running on /tmp/tmux-501/ta-f1ad1b378fc7"
time=2026-08-21T18:21:15.364+08:00 level=DEBUG msg="discovery: skipping unreachable socket" socket=/tmp/tmux-501/ta-t121u01 err="query tmux on /tmp/tmux-501/ta-t121u01: exit status 1: no server running on /tmp/tmux-501/ta-t121u01"
time=2026-08-21T18:21:15.373+08:00 level=DEBUG msg="discovery: skipping unreachable socket" socket=/tmp/tmux-501/ta-t121u01b err="query tmux on /tmp/tmux-501/ta-t121u01b: exit status 1: no server running on /tmp/tmux-501/ta-t121u01b"
time=2026-08-21T18:21:15.382+08:00 level=DEBUG msg="discovery: skipping unreachable socket" socket=/tmp/tmux-501/ta-user-agents err="query tmux on /tmp/tmux-501/ta-user-agents: exit status 1: no server running on /tmp/tmux-501/ta-user-agents"
time=2026-08-21T18:21:16.834+08:00 level=DEBUG msg="listing: no changes"
time=2026-08-21T18:21:16.900+08:00 level=INFO msg="ws: sendq health" conn=3 conn.deltas_dropped=0 conn.snapshots_pushed=0 conn.snapshots_from_resize=0 conn.snapshots_from_subscribe=0 conn.frames_sent=0 total.deltas_dropped=0 total.snapshots_pushed=3 total.snapshots_from_resize=1 total.subscribes=2 total.snapshots_from_subscribe=2 total.connections=3 total.queue_peak=0 total.frames_sent=1 close_reason="read_error: failed to get reader: failed to read frame header: EOF"
time=2026-08-21T18:21:17.365+08:00 level=DEBUG msg="discovery: skipping unreachable socket" socket=/tmp/tmux-501/t115d24675 err="query tmux on /tmp/tmux-501/t115d24675: exit status 1: no server running on /tmp/tmux-501/t115d24675"
time=2026-08-21T18:21:17.374+08:00 level=DEBUG msg="discovery: skipping unreachable socket" socket=/tmp/tmux-501/t115e31319 err="query tmux on /tmp/tmux-501/t115e31319: exit status 1: no server running on /tmp/tmux-501/t115e31319"
time=2026-08-21T18:21:17.383+08:00 level=DEBUG msg="discovery: skipping unreachable socket" socket=/tmp/tmux-501/t115f44898 err="query tmux on /tmp/tmux-501/t115f44898: exit status 1: no server running on /tmp/tmux-501/t115f44898"
time=2026-08-21T18:21:17.394+08:00 level=DEBUG msg="discovery: skipping unreachable socket" socket=/tmp/tmux-501/t115g47728 err="query tmux on /tmp/tmux-501/t115g47728: exit status 1: no server running on /tmp/tmux-501/t115g47728"
time=2026-08-21T18:21:17.404+08:00 level=DEBUG msg="discovery: skipping unreachable socket" socket=/tmp/tmux-501/ta-0bafa3965ade err="query tmux on /tmp/tmux-501/ta-0bafa3965ade: exit status 1: no server running on /tmp/tmux-501/ta-0bafa3965ade"
time=2026-08-21T18:21:17.431+08:00 level=DEBUG msg="discovery: skipping unreachable socket" socket=/tmp/tmux-501/ta-61709dcf801e err="query tmux on /tmp/tmux-501/ta-61709dcf801e: exit status 1: no server running on /tmp/tmux-501/ta-61709dcf801e"
time=2026-08-21T18:21:17.456+08:00 level=DEBUG msg="discovery: skipping unparsable pane line" socket=/tmp/tmux-501/ta-a9fd5b7defbd line="team-refactor-maintainability|6|%39|/Users/alauda/Documents/code/agent前沿探索/多agent协作|bash|87458|t.p9.review 零上下文设计审查已通过<|eos|> - grok|235x50|tester-t124"
time=2026-08-21T18:21:17.476+08:00 level=DEBUG msg="discovery: skipping unreachable socket" socket=/tmp/tmux-501/ta-ed81bd4d8c17 err="query tmux on /tmp/tmux-501/ta-ed81bd4d8c17: exit status 1: no server running on /tmp/tmux-501/ta-ed81bd4d8c17"
time=2026-08-21T18:21:17.487+08:00 level=DEBUG msg="discovery: skipping unreachable socket" socket=/tmp/tmux-501/ta-f1ad1b378fc7 err="query tmux on /tmp/tmux-501/ta-f1ad1b378fc7: exit status 1: no server running on /tmp/tmux-501/ta-f1ad1b378fc7"
time=2026-08-21T18:21:17.510+08:00 level=DEBUG msg="discovery: skipping unreachable socket" socket=/tmp/tmux-501/ta-t121u01 err="query tmux on /tmp/tmux-501/ta-t121u01: exit status 1: no server running on /tmp/tmux-501/ta-t121u01"
time=2026-08-21T18:21:17.519+08:00 level=DEBUG msg="discovery: skipping unreachable socket" socket=/tmp/tmux-501/ta-t121u01b err="query tmux on /tmp/tmux-501/ta-t121u01b: exit status 1: no server running on /tmp/tmux-501/ta-t121u01b"
time=2026-08-21T18:21:17.528+08:00 level=DEBUG msg="discovery: skipping unreachable socket" socket=/tmp/tmux-501/ta-user-agents err="query tmux on /tmp/tmux-501/ta-user-agents: exit status 1: no server running on /tmp/tmux-501/ta-user-agents"
time=2026-08-21T18:21:18.796+08:00 level=DEBUG msg="discovery: skipping unreachable socket" socket=/tmp/tmux-501/t115d24675 err="query tmux on /tmp/tmux-501/t115d24675: exit status 1: no server running on /tmp/tmux-501/t115d24675"
time=2026-08-21T18:21:18.806+08:00 level=DEBUG msg="discovery: skipping unreachable socket" socket=/tmp/tmux-501/t115e31319 err="query tmux on /tmp/tmux-501/t115e31319: exit status 1: no server running on /tmp/tmux-501/t115e31319"
time=2026-08-21T18:21:18.815+08:00 level=DEBUG msg="discovery: skipping unreachable socket" socket=/tmp/tmux-501/t115f44898 err="query tmux on /tmp/tmux-501/t115f44898: exit status 1: no server running on /tmp/tmux-501/t115f44898"
time=2026-08-21T18:21:18.825+08:00 level=DEBUG msg="discovery: skipping unreachable socket" socket=/tmp/tmux-501/t115g47728 err="query tmux on /tmp/tmux-501/t115g47728: exit status 1: no server running on /tmp/tmux-501/t115g47728"
time=2026-08-21T18:21:18.835+08:00 level=DEBUG msg="discovery: skipping unreachable socket" socket=/tmp/tmux-501/ta-0bafa3965ade err="query tmux on /tmp/tmux-501/ta-0bafa3965ade: exit status 1: no server running on /tmp/tmux-501/ta-0bafa3965ade"
time=2026-08-21T18:21:18.870+08:00 level=DEBUG msg="discovery: skipping unreachable socket" socket=/tmp/tmux-501/ta-61709dcf801e err="query tmux on /tmp/tmux-501/ta-61709dcf801e: exit status 1: no server running on /tmp/tmux-501/ta-61709dcf801e"
time=2026-08-21T18:21:18.894+08:00 level=DEBUG msg="discovery: skipping unparsable pane line" socket=/tmp/tmux-501/ta-a9fd5b7defbd line="team-refactor-maintainability|6|%39|/Users/alauda/Documents/code/agent前沿探索/多agent协作|bash|87458|t.p9.review 零上下文设计审查已通过<|eos|> - grok|235x50|tester-t124"
time=2026-08-21T18:21:18.922+08:00 level=DEBUG msg="discovery: skipping unreachable socket" socket=/tmp/tmux-501/ta-ed81bd4d8c17 err="query tmux on /tmp/tmux-501/ta-ed81bd4d8c17: exit status 1: no server running on /tmp/tmux-501/ta-ed81bd4d8c17"
time=2026-08-21T18:21:18.932+08:00 level=DEBUG msg="discovery: skipping unreachable socket" socket=/tmp/tmux-501/ta-f1ad1b378fc7 err="query tmux on /tmp/tmux-501/ta-f1ad1b378fc7: exit status 1: no server running on /tmp/tmux-501/ta-f1ad1b378fc7"
time=2026-08-21T18:21:18.953+08:00 level=DEBUG msg="discovery: skipping unreachable socket" socket=/tmp/tmux-501/ta-t121u01 err="query tmux on /tmp/tmux-501/ta-t121u01: exit status 1: no server running on /tmp/tmux-501/ta-t121u01"
time=2026-08-21T18:21:18.970+08:00 level=DEBUG msg="discovery: skipping unreachable socket" socket=/tmp/tmux-501/ta-t121u01b err="query tmux on /tmp/tmux-501/ta-t121u01b: exit status 1: no server running on /tmp/tmux-501/ta-t121u01b"
time=2026-08-21T18:21:18.980+08:00 level=DEBUG msg="discovery: skipping unreachable socket" socket=/tmp/tmux-501/ta-user-agents err="query tmux on /tmp/tmux-501/ta-user-agents: exit status 1: no server running on /tmp/tmux-501/ta-user-agents"
time=2026-08-21T18:21:20.657+08:00 level=DEBUG msg="listing: no changes"
time=2026-08-21T18:21:20.687+08:00 level=DEBUG msg="discovery: skipping unreachable socket" socket=/tmp/tmux-501/t115d24675 err="query tmux on /tmp/tmux-501/t115d24675: exit status 1: no server running on /tmp/tmux-501/t115d24675"
time=2026-08-21T18:21:20.696+08:00 level=DEBUG msg="discovery: skipping unreachable socket" socket=/tmp/tmux-501/t115e31319 err="query tmux on /tmp/tmux-501/t115e31319: exit status 1: no server running on /tmp/tmux-501/t115e31319"
time=2026-08-21T18:21:20.705+08:00 level=DEBUG msg="discovery: skipping unreachable socket" socket=/tmp/tmux-501/t115f44898 err="query tmux on /tmp/tmux-501/t115f44898: exit status 1: no server running on /tmp/tmux-501/t115f44898"
time=2026-08-21T18:21:20.714+08:00 level=DEBUG msg="discovery: skipping unreachable socket" socket=/tmp/tmux-501/t115g47728 err="query tmux on /tmp/tmux-501/t115g47728: exit status 1: no server running on /tmp/tmux-501/t115g47728"
time=2026-08-21T18:21:20.724+08:00 level=DEBUG msg="discovery: skipping unreachable socket" socket=/tmp/tmux-501/ta-0bafa3965ade err="query tmux on /tmp/tmux-501/ta-0bafa3965ade: exit status 1: no server running on /tmp/tmux-501/ta-0bafa3965ade"
time=2026-08-21T18:21:20.751+08:00 level=DEBUG msg="discovery: skipping unreachable socket" socket=/tmp/tmux-501/ta-61709dcf801e err="query tmux on /tmp/tmux-501/ta-61709dcf801e: exit status 1: no server running on /tmp/tmux-501/ta-61709dcf801e"
time=2026-08-21T18:21:20.771+08:00 level=DEBUG msg="discovery: skipping unparsable pane line" socket=/tmp/tmux-501/ta-a9fd5b7defbd line="team-refactor-maintainability|6|%39|/Users/alauda/Documents/code/agent前沿探索/多agent协作|bash|87458|t.p9.review 零上下文设计审查已通过<|eos|> - grok|235x50|tester-t124"
time=2026-08-21T18:21:20.791+08:00 level=DEBUG msg="discovery: skipping unreachable socket" socket=/tmp/tmux-501/ta-ed81bd4d8c17 err="query tmux on /tmp/tmux-501/ta-ed81bd4d8c17: exit status 1: no server running on /tmp/tmux-501/ta-ed81bd4d8c17"
time=2026-08-21T18:21:20.800+08:00 level=DEBUG msg="discovery: skipping unreachable socket" socket=/tmp/tmux-501/ta-f1ad1b378fc7 err="query tmux on /tmp/tmux-501/ta-f1ad1b378fc7: exit status 1: no server running on /tmp/tmux-501/ta-f1ad1b378fc7"
time=2026-08-21T18:21:20.819+08:00 level=DEBUG msg="discovery: skipping unreachable socket" socket=/tmp/tmux-501/ta-t121u01 err="query tmux on /tmp/tmux-501/ta-t121u01: exit status 1: no server running on /tmp/tmux-501/ta-t121u01"
time=2026-08-21T18:21:20.828+08:00 level=DEBUG msg="discovery: skipping unreachable socket" socket=/tmp/tmux-501/ta-t121u01b err="query tmux on /tmp/tmux-501/ta-t121u01b: exit status 1: no server running on /tmp/tmux-501/ta-t121u01b"
time=2026-08-21T18:21:20.837+08:00 level=DEBUG msg="discovery: skipping unreachable socket" socket=/tmp/tmux-501/ta-user-agents err="query tmux on /tmp/tmux-501/ta-user-agents: exit status 1: no server running on /tmp/tmux-501/ta-user-agents"
time=2026-08-21T18:21:23.585+08:00 level=DEBUG msg="listing: no changes"
time=2026-08-21T18:21:23.586+08:00 level=INFO msg="listing: refresh on open" req_id=1 had_cache=true prev_seq=4 prev_sessions=48 cur_sessions=48 cur_seq=4 refresh_err=""
time=2026-08-21T18:21:23.619+08:00 level=DEBUG msg="discovery: skipping unreachable socket" socket=/tmp/tmux-501/t115d24675 err="query tmux on /tmp/tmux-501/t115d24675: exit status 1: no server running on /tmp/tmux-501/t115d24675"
time=2026-08-21T18:21:23.629+08:00 level=DEBUG msg="discovery: skipping unreachable socket" socket=/tmp/tmux-501/t115e31319 err="query tmux on /tmp/tmux-501/t115e31319: exit status 1: no server running on /tmp/tmux-501/t115e31319"
time=2026-08-21T18:21:23.641+08:00 level=DEBUG msg="discovery: skipping unreachable socket" socket=/tmp/tmux-501/t115f44898 err="query tmux on /tmp/tmux-501/t115f44898: exit status 1: no server running on /tmp/tmux-501/t115f44898"
time=2026-08-21T18:21:23.652+08:00 level=DEBUG msg="discovery: skipping unreachable socket" socket=/tmp/tmux-501/t115g47728 err="query tmux on /tmp/tmux-501/t115g47728: exit status 1: no server running on /tmp/tmux-501/t115g47728"
time=2026-08-21T18:21:23.661+08:00 level=DEBUG msg="discovery: skipping unreachable socket" socket=/tmp/tmux-501/ta-0bafa3965ade err="query tmux on /tmp/tmux-501/ta-0bafa3965ade: exit status 1: no server running on /tmp/tmux-501/ta-0bafa3965ade"
time=2026-08-21T18:21:23.692+08:00 level=DEBUG msg="discovery: skipping unreachable socket" socket=/tmp/tmux-501/ta-61709dcf801e err="query tmux on /tmp/tmux-501/ta-61709dcf801e: exit status 1: no server running on /tmp/tmux-501/ta-61709dcf801e"
time=2026-08-21T18:21:23.714+08:00 level=DEBUG msg="discovery: skipping unparsable pane line" socket=/tmp/tmux-501/ta-a9fd5b7defbd line="team-refactor-maintainability|6|%39|/Users/alauda/Documents/code/agent前沿探索/多agent协作|bash|87458|t.p9.review 零上下文设计审查已通过<|eos|> - grok|235x50|tester-t124"
time=2026-08-21T18:21:23.734+08:00 level=DEBUG msg="discovery: skipping unreachable socket" socket=/tmp/tmux-501/ta-ed81bd4d8c17 err="query tmux on /tmp/tmux-501/ta-ed81bd4d8c17: exit status 1: no server running on /tmp/tmux-501/ta-ed81bd4d8c17"
time=2026-08-21T18:21:23.744+08:00 level=DEBUG msg="discovery: skipping unreachable socket" socket=/tmp/tmux-501/ta-f1ad1b378fc7 err="query tmux on /tmp/tmux-501/ta-f1ad1b378fc7: exit status 1: no server running on /tmp/tmux-501/ta-f1ad1b378fc7"
time=2026-08-21T18:21:23.767+08:00 level=DEBUG msg="discovery: skipping unreachable socket" socket=/tmp/tmux-501/ta-t121u01 err="query tmux on /tmp/tmux-501/ta-t121u01: exit status 1: no server running on /tmp/tmux-501/ta-t121u01"
time=2026-08-21T18:21:23.777+08:00 level=DEBUG msg="discovery: skipping unreachable socket" socket=/tmp/tmux-501/ta-t121u01b err="query tmux on /tmp/tmux-501/ta-t121u01b: exit status 1: no server running on /tmp/tmux-501/ta-t121u01b"
time=2026-08-21T18:21:23.787+08:00 level=DEBUG msg="discovery: skipping unreachable socket" socket=/tmp/tmux-501/ta-user-agents err="query tmux on /tmp/tmux-501/ta-user-agents: exit status 1: no server running on /tmp/tmux-501/ta-user-agents"
time=2026-08-21T18:21:25.621+08:00 level=DEBUG msg="listing: no changes"
time=2026-08-21T18:21:26.238+08:00 level=DEBUG msg="discovery: skipping unreachable socket" socket=/tmp/tmux-501/t115d24675 err="query tmux on /tmp/tmux-501/t115d24675: exit status 1: no server running on /tmp/tmux-501/t115d24675"
time=2026-08-21T18:21:26.248+08:00 level=DEBUG msg="discovery: skipping unreachable socket" socket=/tmp/tmux-501/t115e31319 err="query tmux on /tmp/tmux-501/t115e31319: exit status 1: no server running on /tmp/tmux-501/t115e31319"
time=2026-08-21T18:21:26.273+08:00 level=DEBUG msg="discovery: skipping unreachable socket" socket=/tmp/tmux-501/t115f44898 err="query tmux on /tmp/tmux-501/t115f44898: exit status 1: no server running on /tmp/tmux-501/t115f44898"
time=2026-08-21T18:21:26.289+08:00 level=DEBUG msg="discovery: skipping unreachable socket" socket=/tmp/tmux-501/t115g47728 err="query tmux on /tmp/tmux-501/t115g47728: exit status 1: no server running on /tmp/tmux-501/t115g47728"
time=2026-08-21T18:21:26.302+08:00 level=DEBUG msg="discovery: skipping unreachable socket" socket=/tmp/tmux-501/ta-0bafa3965ade err="query tmux on /tmp/tmux-501/ta-0bafa3965ade: exit status 1: no server running on /tmp/tmux-501/ta-0bafa3965ade"
time=2026-08-21T18:21:26.335+08:00 level=DEBUG msg="discovery: skipping unreachable socket" socket=/tmp/tmux-501/ta-61709dcf801e err="query tmux on /tmp/tmux-501/ta-61709dcf801e: exit status 1: no server running on /tmp/tmux-501/ta-61709dcf801e"
time=2026-08-21T18:21:26.361+08:00 level=DEBUG msg="discovery: skipping unparsable pane line" socket=/tmp/tmux-501/ta-a9fd5b7defbd line="team-refactor-maintainability|6|%39|/Users/alauda/Documents/code/agent前沿探索/多agent协作|bash|87458|t.p9.review 零上下文设计审查已通过<|eos|> - grok|235x50|tester-t124"
time=2026-08-21T18:21:26.380+08:00 level=DEBUG msg="discovery: skipping unreachable socket" socket=/tmp/tmux-501/ta-ed81bd4d8c17 err="query tmux on /tmp/tmux-501/ta-ed81bd4d8c17: exit status 1: no server running on /tmp/tmux-501/ta-ed81bd4d8c17"
time=2026-08-21T18:21:26.390+08:00 level=DEBUG msg="discovery: skipping unreachable socket" socket=/tmp/tmux-501/ta-f1ad1b378fc7 err="query tmux on /tmp/tmux-501/ta-f1ad1b378fc7: exit status 1: no server running on /tmp/tmux-501/ta-f1ad1b378fc7"
time=2026-08-21T18:21:26.413+08:00 level=DEBUG msg="discovery: skipping unreachable socket" socket=/tmp/tmux-501/ta-t121u01 err="query tmux on /tmp/tmux-501/ta-t121u01: exit status 1: no server running on /tmp/tmux-501/ta-t121u01"
time=2026-08-21T18:21:26.430+08:00 level=DEBUG msg="discovery: skipping unreachable socket" socket=/tmp/tmux-501/ta-t121u01b err="query tmux on /tmp/tmux-501/ta-t121u01b: exit status 1: no server running on /tmp/tmux-501/ta-t121u01b"
time=2026-08-21T18:21:26.440+08:00 level=DEBUG msg="discovery: skipping unreachable socket" socket=/tmp/tmux-501/ta-user-agents err="query tmux on /tmp/tmux-501/ta-user-agents: exit status 1: no server running on /tmp/tmux-501/ta-user-agents"
time=2026-08-21T18:21:28.128+08:00 level=DEBUG msg="listing: no changes"
time=2026-08-21T18:21:28.128+08:00 level=INFO msg="listing: refresh on open" req_id=2 had_cache=true prev_seq=4 prev_sessions=48 cur_sessions=48 cur_seq=4 refresh_err=""
time=2026-08-21T18:21:28.161+08:00 level=DEBUG msg="discovery: skipping unreachable socket" socket=/tmp/tmux-501/t115d24675 err="query tmux on /tmp/tmux-501/t115d24675: exit status 1: no server running on /tmp/tmux-501/t115d24675"
time=2026-08-21T18:21:28.164+08:00 level=DEBUG msg="discovery: skipping unreachable socket" socket=/tmp/tmux-501/t115d24675 err="query tmux on /tmp/tmux-501/t115d24675: exit status 1: no server running on /tmp/tmux-501/t115d24675"
time=2026-08-21T18:21:28.173+08:00 level=DEBUG msg="discovery: skipping unreachable socket" socket=/tmp/tmux-501/t115e31319 err="query tmux on /tmp/tmux-501/t115e31319: exit status 1: no server running on /tmp/tmux-501/t115e31319"
time=2026-08-21T18:21:28.181+08:00 level=DEBUG msg="discovery: skipping unreachable socket" socket=/tmp/tmux-501/t115e31319 err="query tmux on /tmp/tmux-501/t115e31319: exit status 1: no server running on /tmp/tmux-501/t115e31319"
time=2026-08-21T18:21:28.185+08:00 level=DEBUG msg="discovery: skipping unreachable socket" socket=/tmp/tmux-501/t115f44898 err="query tmux on /tmp/tmux-501/t115f44898: exit status 1: no server running on /tmp/tmux-501/t115f44898"
time=2026-08-21T18:21:28.192+08:00 level=DEBUG msg="discovery: skipping unreachable socket" socket=/tmp/tmux-501/t115f44898 err="query tmux on /tmp/tmux-501/t115f44898: exit status 1: no server running on /tmp/tmux-501/t115f44898"
time=2026-08-21T18:21:28.195+08:00 level=DEBUG msg="discovery: skipping unreachable socket" socket=/tmp/tmux-501/t115g47728 err="query tmux on /tmp/tmux-501/t115g47728: exit status 1: no server running on /tmp/tmux-501/t115g47728"
time=2026-08-21T18:21:28.201+08:00 level=DEBUG msg="discovery: skipping unreachable socket" socket=/tmp/tmux-501/t115g47728 err="query tmux on /tmp/tmux-501/t115g47728: exit status 1: no server running on /tmp/tmux-501/t115g47728"
time=2026-08-21T18:21:28.206+08:00 level=DEBUG msg="discovery: skipping unreachable socket" socket=/tmp/tmux-501/ta-0bafa3965ade err="query tmux on /tmp/tmux-501/ta-0bafa3965ade: exit status 1: no server running on /tmp/tmux-501/ta-0bafa3965ade"
time=2026-08-21T18:21:28.212+08:00 level=DEBUG msg="discovery: skipping unreachable socket" socket=/tmp/tmux-501/ta-0bafa3965ade err="query tmux on /tmp/tmux-501/ta-0bafa3965ade: exit status 1: no server running on /tmp/tmux-501/ta-0bafa3965ade"
time=2026-08-21T18:21:28.242+08:00 level=DEBUG msg="discovery: skipping unreachable socket" socket=/tmp/tmux-501/ta-61709dcf801e err="query tmux on /tmp/tmux-501/ta-61709dcf801e: exit status 1: no server running on /tmp/tmux-501/ta-61709dcf801e"
time=2026-08-21T18:21:28.252+08:00 level=DEBUG msg="discovery: skipping unreachable socket" socket=/tmp/tmux-501/ta-61709dcf801e err="query tmux on /tmp/tmux-501/ta-61709dcf801e: exit status 1: no server running on /tmp/tmux-501/ta-61709dcf801e"
time=2026-08-21T18:21:28.268+08:00 level=DEBUG msg="discovery: skipping unparsable pane line" socket=/tmp/tmux-501/ta-a9fd5b7defbd line="team-refactor-maintainability|6|%39|/Users/alauda/Documents/code/agent前沿探索/多agent协作|bash|87458|t.p9.review 零上下文设计审查已通过<|eos|> - grok|235x50|tester-t124"
time=2026-08-21T18:21:28.274+08:00 level=DEBUG msg="discovery: skipping unparsable pane line" socket=/tmp/tmux-501/ta-a9fd5b7defbd line="team-refactor-maintainability|6|%39|/Users/alauda/Documents/code/agent前沿探索/多agent协作|bash|87458|t.p9.review 零上下文设计审查已通过<|eos|> - grok|235x50|tester-t124"
time=2026-08-21T18:21:28.287+08:00 level=DEBUG msg="discovery: skipping unreachable socket" socket=/tmp/tmux-501/ta-ed81bd4d8c17 err="query tmux on /tmp/tmux-501/ta-ed81bd4d8c17: exit status 1: no server running on /tmp/tmux-501/ta-ed81bd4d8c17"
time=2026-08-21T18:21:28.295+08:00 level=DEBUG msg="discovery: skipping unreachable socket" socket=/tmp/tmux-501/ta-ed81bd4d8c17 err="query tmux on /tmp/tmux-501/ta-ed81bd4d8c17: exit status 1: no server running on /tmp/tmux-501/ta-ed81bd4d8c17"
time=2026-08-21T18:21:28.297+08:00 level=DEBUG msg="discovery: skipping unreachable socket" socket=/tmp/tmux-501/ta-f1ad1b378fc7 err="query tmux on /tmp/tmux-501/ta-f1ad1b378fc7: exit status 1: no server running on /tmp/tmux-501/ta-f1ad1b378fc7"
time=2026-08-21T18:21:28.307+08:00 level=DEBUG msg="discovery: skipping unreachable socket" socket=/tmp/tmux-501/ta-f1ad1b378fc7 err="query tmux on /tmp/tmux-501/ta-f1ad1b378fc7: exit status 1: no server running on /tmp/tmux-501/ta-f1ad1b378fc7"
time=2026-08-21T18:21:28.326+08:00 level=DEBUG msg="discovery: skipping unreachable socket" socket=/tmp/tmux-501/ta-t121u01 err="query tmux on /tmp/tmux-501/ta-t121u01: exit status 1: no server running on /tmp/tmux-501/ta-t121u01"
time=2026-08-21T18:21:28.333+08:00 level=DEBUG msg="discovery: skipping unreachable socket" socket=/tmp/tmux-501/ta-t121u01 err="query tmux on /tmp/tmux-501/ta-t121u01: exit status 1: no server running on /tmp/tmux-501/ta-t121u01"
time=2026-08-21T18:21:28.336+08:00 level=DEBUG msg="discovery: skipping unreachable socket" socket=/tmp/tmux-501/ta-t121u01b err="query tmux on /tmp/tmux-501/ta-t121u01b: exit status 1: no server running on /tmp/tmux-501/ta-t121u01b"
time=2026-08-21T18:21:28.344+08:00 level=DEBUG msg="discovery: skipping unreachable socket" socket=/tmp/tmux-501/ta-t121u01b err="query tmux on /tmp/tmux-501/ta-t121u01b: exit status 1: no server running on /tmp/tmux-501/ta-t121u01b"
time=2026-08-21T18:21:28.345+08:00 level=DEBUG msg="discovery: skipping unreachable socket" socket=/tmp/tmux-501/ta-user-agents err="query tmux on /tmp/tmux-501/ta-user-agents: exit status 1: no server running on /tmp/tmux-501/ta-user-agents"
time=2026-08-21T18:21:28.353+08:00 level=DEBUG msg="discovery: skipping unreachable socket" socket=/tmp/tmux-501/ta-user-agents err="query tmux on /tmp/tmux-501/ta-user-agents: exit status 1: no server running on /tmp/tmux-501/ta-user-agents"
time=2026-08-21T18:21:28.485+08:00 level=DEBUG msg="discovery: skipping unreachable socket" socket=/tmp/tmux-501/t115d24675 err="query tmux on /tmp/tmux-501/t115d24675: exit status 1: no server running on /tmp/tmux-501/t115d24675"
time=2026-08-21T18:21:28.498+08:00 level=DEBUG msg="discovery: skipping unreachable socket" socket=/tmp/tmux-501/t115e31319 err="query tmux on /tmp/tmux-501/t115e31319: exit status 1: no server running on /tmp/tmux-501/t115e31319"
time=2026-08-21T18:21:28.513+08:00 level=DEBUG msg="discovery: skipping unreachable socket" socket=/tmp/tmux-501/t115f44898 err="query tmux on /tmp/tmux-501/t115f44898: exit status 1: no server running on /tmp/tmux-501/t115f44898"
time=2026-08-21T18:21:28.524+08:00 level=DEBUG msg="discovery: skipping unreachable socket" socket=/tmp/tmux-501/t115g47728 err="query tmux on /tmp/tmux-501/t115g47728: exit status 1: no server running on /tmp/tmux-501/t115g47728"
time=2026-08-21T18:21:28.534+08:00 level=DEBUG msg="discovery: skipping unreachable socket" socket=/tmp/tmux-501/ta-0bafa3965ade err="query tmux on /tmp/tmux-501/ta-0bafa3965ade: exit status 1: no server running on /tmp/tmux-501/ta-0bafa3965ade"
time=2026-08-21T18:21:28.567+08:00 level=DEBUG msg="discovery: skipping unreachable socket" socket=/tmp/tmux-501/ta-61709dcf801e err="query tmux on /tmp/tmux-501/ta-61709dcf801e: exit status 1: no server running on /tmp/tmux-501/ta-61709dcf801e"
time=2026-08-21T18:21:28.590+08:00 level=DEBUG msg="discovery: skipping unparsable pane line" socket=/tmp/tmux-501/ta-a9fd5b7defbd line="team-refactor-maintainability|6|%39|/Users/alauda/Documents/code/agent前沿探索/多agent协作|bash|87458|t.p9.review 零上下文设计审查已通过<|eos|> - grok|235x50|tester-t124"
time=2026-08-21T18:21:28.609+08:00 level=DEBUG msg="discovery: skipping unreachable socket" socket=/tmp/tmux-501/ta-ed81bd4d8c17 err="query tmux on /tmp/tmux-501/ta-ed81bd4d8c17: exit status 1: no server running on /tmp/tmux-501/ta-ed81bd4d8c17"
time=2026-08-21T18:21:28.619+08:00 level=DEBUG msg="discovery: skipping unreachable socket" socket=/tmp/tmux-501/ta-f1ad1b378fc7 err="query tmux on /tmp/tmux-501/ta-f1ad1b378fc7: exit status 1: no server running on /tmp/tmux-501/ta-f1ad1b378fc7"
time=2026-08-21T18:21:28.638+08:00 level=DEBUG msg="discovery: skipping unreachable socket" socket=/tmp/tmux-501/ta-t121u01 err="query tmux on /tmp/tmux-501/ta-t121u01: exit status 1: no server running on /tmp/tmux-501/ta-t121u01"
time=2026-08-21T18:21:28.649+08:00 level=DEBUG msg="discovery: skipping unreachable socket" socket=/tmp/tmux-501/ta-t121u01b err="query tmux on /tmp/tmux-501/ta-t121u01b: exit status 1: no server running on /tmp/tmux-501/ta-t121u01b"
time=2026-08-21T18:21:28.658+08:00 level=DEBUG msg="discovery: skipping unreachable socket" socket=/tmp/tmux-501/ta-user-agents err="query tmux on /tmp/tmux-501/ta-user-agents: exit status 1: no server running on /tmp/tmux-501/ta-user-agents"
time=2026-08-21T18:21:30.484+08:00 level=DEBUG msg="discovery: skipping unreachable socket" socket=/tmp/tmux-501/t115d24675 err="query tmux on /tmp/tmux-501/t115d24675: exit status 1: no server running on /tmp/tmux-501/t115d24675"
time=2026-08-21T18:21:30.493+08:00 level=DEBUG msg="discovery: skipping unreachable socket" socket=/tmp/tmux-501/t115e31319 err="query tmux on /tmp/tmux-501/t115e31319: exit status 1: no server running on /tmp/tmux-501/t115e31319"
time=2026-08-21T18:21:30.502+08:00 level=DEBUG msg="discovery: skipping unreachable socket" socket=/tmp/tmux-501/t115f44898 err="query tmux on /tmp/tmux-501/t115f44898: exit status 1: no server running on /tmp/tmux-501/t115f44898"
time=2026-08-21T18:21:30.511+08:00 level=DEBUG msg="discovery: skipping unreachable socket" socket=/tmp/tmux-501/t115g47728 err="query tmux on /tmp/tmux-501/t115g47728: exit status 1: no server running on /tmp/tmux-501/t115g47728"
time=2026-08-21T18:21:30.519+08:00 level=DEBUG msg="discovery: skipping unreachable socket" socket=/tmp/tmux-501/ta-0bafa3965ade err="query tmux on /tmp/tmux-501/ta-0bafa3965ade: exit status 1: no server running on /tmp/tmux-501/ta-0bafa3965ade"
time=2026-08-21T18:21:30.546+08:00 level=DEBUG msg="discovery: skipping unreachable socket" socket=/tmp/tmux-501/ta-61709dcf801e err="query tmux on /tmp/tmux-501/ta-61709dcf801e: exit status 1: no server running on /tmp/tmux-501/ta-61709dcf801e"
time=2026-08-21T18:21:30.565+08:00 level=DEBUG msg="discovery: skipping unparsable pane line" socket=/tmp/tmux-501/ta-a9fd5b7defbd line="team-refactor-maintainability|6|%39|/Users/alauda/Documents/code/agent前沿探索/多agent协作|bash|87458|t.p9.review 零上下文设计审查已通过<|eos|> - grok|235x50|tester-t124"
time=2026-08-21T18:21:30.584+08:00 level=DEBUG msg="discovery: skipping unreachable socket" socket=/tmp/tmux-501/ta-ed81bd4d8c17 err="query tmux on /tmp/tmux-501/ta-ed81bd4d8c17: exit status 1: no server running on /tmp/tmux-501/ta-ed81bd4d8c17"
time=2026-08-21T18:21:30.593+08:00 level=DEBUG msg="discovery: skipping unreachable socket" socket=/tmp/tmux-501/ta-f1ad1b378fc7 err="query tmux on /tmp/tmux-501/ta-f1ad1b378fc7: exit status 1: no server running on /tmp/tmux-501/ta-f1ad1b378fc7"
time=2026-08-21T18:21:30.611+08:00 level=DEBUG msg="discovery: skipping unreachable socket" socket=/tmp/tmux-501/ta-t121u01 err="query tmux on /tmp/tmux-501/ta-t121u01: exit status 1: no server running on /tmp/tmux-501/ta-t121u01"
time=2026-08-21T18:21:30.620+08:00 level=DEBUG msg="discovery: skipping unreachable socket" socket=/tmp/tmux-501/ta-t121u01b err="query tmux on /tmp/tmux-501/ta-t121u01b: exit status 1: no server running on /tmp/tmux-501/ta-t121u01b"
time=2026-08-21T18:21:30.629+08:00 level=DEBUG msg="discovery: skipping unreachable socket" socket=/tmp/tmux-501/ta-user-agents err="query tmux on /tmp/tmux-501/ta-user-agents: exit status 1: no server running on /tmp/tmux-501/ta-user-agents"
time=2026-08-21T18:21:30.900+08:00 level=DEBUG msg="listing: no changes"
time=2026-08-21T18:21:31.427+08:00 level=DEBUG msg="discovery: skipping unreachable socket" socket=/tmp/tmux-501/t115d24675 err="query tmux on /tmp/tmux-501/t115d24675: exit status 1: no server running on /tmp/tmux-501/t115d24675"
time=2026-08-21T18:21:31.436+08:00 level=DEBUG msg="discovery: skipping unreachable socket" socket=/tmp/tmux-501/t115e31319 err="query tmux on /tmp/tmux-501/t115e31319: exit status 1: no server running on /tmp/tmux-501/t115e31319"
time=2026-08-21T18:21:31.445+08:00 level=DEBUG msg="discovery: skipping unreachable socket" socket=/tmp/tmux-501/t115f44898 err="query tmux on /tmp/tmux-501/t115f44898: exit status 1: no server running on /tmp/tmux-501/t115f44898"
time=2026-08-21T18:21:31.453+08:00 level=DEBUG msg="discovery: skipping unreachable socket" socket=/tmp/tmux-501/t115g47728 err="query tmux on /tmp/tmux-501/t115g47728: exit status 1: no server running on /tmp/tmux-501/t115g47728"
time=2026-08-21T18:21:31.462+08:00 level=DEBUG msg="discovery: skipping unreachable socket" socket=/tmp/tmux-501/ta-0bafa3965ade err="query tmux on /tmp/tmux-501/ta-0bafa3965ade: exit status 1: no server running on /tmp/tmux-501/ta-0bafa3965ade"
time=2026-08-21T18:21:31.488+08:00 level=DEBUG msg="discovery: skipping unreachable socket" socket=/tmp/tmux-501/ta-61709dcf801e err="query tmux on /tmp/tmux-501/ta-61709dcf801e: exit status 1: no server running on /tmp/tmux-501/ta-61709dcf801e"
time=2026-08-21T18:21:31.507+08:00 level=DEBUG msg="discovery: skipping unparsable pane line" socket=/tmp/tmux-501/ta-a9fd5b7defbd line="team-refactor-maintainability|6|%39|/Users/alauda/Documents/code/agent前沿探索/多agent协作|bash|87458|t.p9.review 零上下文设计审查已通过<|eos|> - grok|235x50|tester-t124"
time=2026-08-21T18:21:31.525+08:00 level=DEBUG msg="discovery: skipping unreachable socket" socket=/tmp/tmux-501/ta-ed81bd4d8c17 err="query tmux on /tmp/tmux-501/ta-ed81bd4d8c17: exit status 1: no server running on /tmp/tmux-501/ta-ed81bd4d8c17"
time=2026-08-21T18:21:31.533+08:00 level=DEBUG msg="discovery: skipping unreachable socket" socket=/tmp/tmux-501/ta-f1ad1b378fc7 err="query tmux on /tmp/tmux-501/ta-f1ad1b378fc7: exit status 1: no server running on /tmp/tmux-501/ta-f1ad1b378fc7"
time=2026-08-21T18:21:31.551+08:00 level=DEBUG msg="discovery: skipping unreachable socket" socket=/tmp/tmux-501/ta-t121u01 err="query tmux on /tmp/tmux-501/ta-t121u01: exit status 1: no server running on /tmp/tmux-501/ta-t121u01"
time=2026-08-21T18:21:31.559+08:00 level=DEBUG msg="discovery: skipping unreachable socket" socket=/tmp/tmux-501/ta-t121u01b err="query tmux on /tmp/tmux-501/ta-t121u01b: exit status 1: no server running on /tmp/tmux-501/ta-t121u01b"
time=2026-08-21T18:21:31.567+08:00 level=DEBUG msg="discovery: skipping unreachable socket" socket=/tmp/tmux-501/ta-user-agents err="query tmux on /tmp/tmux-501/ta-user-agents: exit status 1: no server running on /tmp/tmux-501/ta-user-agents"
time=2026-08-21T18:21:32.649+08:00 level=DEBUG msg="listing: no changes"
time=2026-08-21T18:21:32.649+08:00 level=INFO msg="listing: refresh on open" req_id=3 had_cache=true prev_seq=4 prev_sessions=48 cur_sessions=48 cur_seq=4 refresh_err=""
time=2026-08-21T18:21:32.794+08:00 level=DEBUG msg="discovery: skipping unreachable socket" socket=/tmp/tmux-501/t115d24675 err="query tmux on /tmp/tmux-501/t115d24675: exit status 1: no server running on /tmp/tmux-501/t115d24675"
time=2026-08-21T18:21:32.804+08:00 level=DEBUG msg="discovery: skipping unreachable socket" socket=/tmp/tmux-501/t115e31319 err="query tmux on /tmp/tmux-501/t115e31319: exit status 1: no server running on /tmp/tmux-501/t115e31319"
time=2026-08-21T18:21:32.814+08:00 level=DEBUG msg="discovery: skipping unreachable socket" socket=/tmp/tmux-501/t115f44898 err="query tmux on /tmp/tmux-501/t115f44898: exit status 1: no server running on /tmp/tmux-501/t115f44898"
time=2026-08-21T18:21:32.838+08:00 level=DEBUG msg="discovery: skipping unreachable socket" socket=/tmp/tmux-501/t115g47728 err="query tmux on /tmp/tmux-501/t115g47728: exit status 1: no server running on /tmp/tmux-501/t115g47728"
time=2026-08-21T18:21:32.848+08:00 level=DEBUG msg="discovery: skipping unreachable socket" socket=/tmp/tmux-501/ta-0bafa3965ade err="query tmux on /tmp/tmux-501/ta-0bafa3965ade: exit status 1: no server running on /tmp/tmux-501/ta-0bafa3965ade"
time=2026-08-21T18:21:32.879+08:00 level=DEBUG msg="discovery: skipping unreachable socket" socket=/tmp/tmux-501/ta-61709dcf801e err="query tmux on /tmp/tmux-501/ta-61709dcf801e: exit status 1: no server running on /tmp/tmux-501/ta-61709dcf801e"
time=2026-08-21T18:21:32.902+08:00 level=DEBUG msg="discovery: skipping unparsable pane line" socket=/tmp/tmux-501/ta-a9fd5b7defbd line="team-refactor-maintainability|6|%39|/Users/alauda/Documents/code/agent前沿探索/多agent协作|bash|87458|t.p9.review 零上下文设计审查已通过<|eos|> - grok|235x50|tester-t124"
time=2026-08-21T18:21:32.922+08:00 level=DEBUG msg="discovery: skipping unreachable socket" socket=/tmp/tmux-501/ta-ed81bd4d8c17 err="query tmux on /tmp/tmux-501/ta-ed81bd4d8c17: exit status 1: no server running on /tmp/tmux-501/ta-ed81bd4d8c17"
time=2026-08-21T18:21:32.931+08:00 level=DEBUG msg="discovery: skipping unreachable socket" socket=/tmp/tmux-501/ta-f1ad1b378fc7 err="query tmux on /tmp/tmux-501/ta-f1ad1b378fc7: exit status 1: no server running on /tmp/tmux-501/ta-f1ad1b378fc7"
time=2026-08-21T18:21:32.949+08:00 level=DEBUG msg="discovery: skipping unreachable socket" socket=/tmp/tmux-501/ta-t121u01 err="query tmux on /tmp/tmux-501/ta-t121u01: exit status 1: no server running on /tmp/tmux-501/ta-t121u01"
time=2026-08-21T18:21:32.959+08:00 level=DEBUG msg="discovery: skipping unreachable socket" socket=/tmp/tmux-501/ta-t121u01b err="query tmux on /tmp/tmux-501/ta-t121u01b: exit status 1: no server running on /tmp/tmux-501/ta-t121u01b"
time=2026-08-21T18:21:32.971+08:00 level=DEBUG msg="discovery: skipping unreachable socket" socket=/tmp/tmux-501/ta-user-agents err="query tmux on /tmp/tmux-501/ta-user-agents: exit status 1: no server running on /tmp/tmux-501/ta-user-agents"
time=2026-08-21T18:21:34.729+08:00 level=DEBUG msg="listing: no changes"
time=2026-08-21T18:21:35.104+08:00 level=DEBUG msg="discovery: skipping unreachable socket" socket=/tmp/tmux-501/t115d24675 err="query tmux on /tmp/tmux-501/t115d24675: exit status 1: no server running on /tmp/tmux-501/t115d24675"
time=2026-08-21T18:21:35.112+08:00 level=DEBUG msg="discovery: skipping unreachable socket" socket=/tmp/tmux-501/t115e31319 err="query tmux on /tmp/tmux-501/t115e31319: exit status 1: no server running on /tmp/tmux-501/t115e31319"
time=2026-08-21T18:21:35.121+08:00 level=DEBUG msg="discovery: skipping unreachable socket" socket=/tmp/tmux-501/t115f44898 err="query tmux on /tmp/tmux-501/t115f44898: exit status 1: no server running on /tmp/tmux-501/t115f44898"
time=2026-08-21T18:21:35.130+08:00 level=DEBUG msg="discovery: skipping unreachable socket" socket=/tmp/tmux-501/t115g47728 err="query tmux on /tmp/tmux-501/t115g47728: exit status 1: no server running on /tmp/tmux-501/t115g47728"
time=2026-08-21T18:21:35.139+08:00 level=DEBUG msg="discovery: skipping unreachable socket" socket=/tmp/tmux-501/ta-0bafa3965ade err="query tmux on /tmp/tmux-501/ta-0bafa3965ade: exit status 1: no server running on /tmp/tmux-501/ta-0bafa3965ade"
time=2026-08-21T18:21:35.165+08:00 level=DEBUG msg="discovery: skipping unreachable socket" socket=/tmp/tmux-501/ta-61709dcf801e err="query tmux on /tmp/tmux-501/ta-61709dcf801e: exit status 1: no server running on /tmp/tmux-501/ta-61709dcf801e"
time=2026-08-21T18:21:35.211+08:00 level=DEBUG msg="discovery: skipping unparsable pane line" socket=/tmp/tmux-501/ta-a9fd5b7defbd line="team-refactor-maintainability|6|%39|/Users/alauda/Documents/code/agent前沿探索/多agent协作|bash|87458|t.p9.review 零上下文设计审查已通过<|eos|> - grok|235x50|tester-t124"
time=2026-08-21T18:21:35.238+08:00 level=DEBUG msg="discovery: skipping unreachable socket" socket=/tmp/tmux-501/ta-ed81bd4d8c17 err="query tmux on /tmp/tmux-501/ta-ed81bd4d8c17: exit status 1: no server running on /tmp/tmux-501/ta-ed81bd4d8c17"
time=2026-08-21T18:21:35.247+08:00 level=DEBUG msg="discovery: skipping unreachable socket" socket=/tmp/tmux-501/ta-f1ad1b378fc7 err="query tmux on /tmp/tmux-501/ta-f1ad1b378fc7: exit status 1: no server running on /tmp/tmux-501/ta-f1ad1b378fc7"
time=2026-08-21T18:21:35.258+08:00 level=DEBUG msg="discovery: skipping unreachable socket" socket=/tmp/tmux-501/t115d24675 err="query tmux on /tmp/tmux-501/t115d24675: exit status 1: no server running on /tmp/tmux-501/t115d24675"
time=2026-08-21T18:21:35.266+08:00 level=DEBUG msg="discovery: skipping unreachable socket" socket=/tmp/tmux-501/ta-t121u01 err="query tmux on /tmp/tmux-501/ta-t121u01: exit status 1: no server running on /tmp/tmux-501/ta-t121u01"
time=2026-08-21T18:21:35.267+08:00 level=DEBUG msg="discovery: skipping unreachable socket" socket=/tmp/tmux-501/t115e31319 err="query tmux on /tmp/tmux-501/t115e31319: exit status 1: no server running on /tmp/tmux-501/t115e31319"
time=2026-08-21T18:21:35.276+08:00 level=DEBUG msg="discovery: skipping unreachable socket" socket=/tmp/tmux-501/ta-t121u01b err="query tmux on /tmp/tmux-501/ta-t121u01b: exit status 1: no server running on /tmp/tmux-501/ta-t121u01b"
time=2026-08-21T18:21:35.277+08:00 level=DEBUG msg="discovery: skipping unreachable socket" socket=/tmp/tmux-501/t115f44898 err="query tmux on /tmp/tmux-501/t115f44898: exit status 1: no server running on /tmp/tmux-501/t115f44898"
time=2026-08-21T18:21:35.286+08:00 level=DEBUG msg="discovery: skipping unreachable socket" socket=/tmp/tmux-501/t115g47728 err="query tmux on /tmp/tmux-501/t115g47728: exit status 1: no server running on /tmp/tmux-501/t115g47728"
time=2026-08-21T18:21:35.286+08:00 level=DEBUG msg="discovery: skipping unreachable socket" socket=/tmp/tmux-501/ta-user-agents err="query tmux on /tmp/tmux-501/ta-user-agents: exit status 1: no server running on /tmp/tmux-501/ta-user-agents"
time=2026-08-21T18:21:35.295+08:00 level=DEBUG msg="discovery: skipping unreachable socket" socket=/tmp/tmux-501/ta-0bafa3965ade err="query tmux on /tmp/tmux-501/ta-0bafa3965ade: exit status 1: no server running on /tmp/tmux-501/ta-0bafa3965ade"
time=2026-08-21T18:21:35.325+08:00 level=DEBUG msg="discovery: skipping unreachable socket" socket=/tmp/tmux-501/ta-61709dcf801e err="query tmux on /tmp/tmux-501/ta-61709dcf801e: exit status 1: no server running on /tmp/tmux-501/ta-61709dcf801e"
time=2026-08-21T18:21:35.347+08:00 level=DEBUG msg="discovery: skipping unparsable pane line" socket=/tmp/tmux-501/ta-a9fd5b7defbd line="team-refactor-maintainability|6|%39|/Users/alauda/Documents/code/agent前沿探索/多agent协作|bash|87458|t.p9.review 零上下文设计审查已通过<|eos|> - grok|235x50|tester-t124"
time=2026-08-21T18:21:35.365+08:00 level=DEBUG msg="discovery: skipping unreachable socket" socket=/tmp/tmux-501/ta-ed81bd4d8c17 err="query tmux on /tmp/tmux-501/ta-ed81bd4d8c17: exit status 1: no server running on /tmp/tmux-501/ta-ed81bd4d8c17"
time=2026-08-21T18:21:35.374+08:00 level=DEBUG msg="discovery: skipping unreachable socket" socket=/tmp/tmux-501/ta-f1ad1b378fc7 err="query tmux on /tmp/tmux-501/ta-f1ad1b378fc7: exit status 1: no server running on /tmp/tmux-501/ta-f1ad1b378fc7"
time=2026-08-21T18:21:35.392+08:00 level=DEBUG msg="discovery: skipping unreachable socket" socket=/tmp/tmux-501/ta-t121u01 err="query tmux on /tmp/tmux-501/ta-t121u01: exit status 1: no server running on /tmp/tmux-501/ta-t121u01"
time=2026-08-21T18:21:35.401+08:00 level=DEBUG msg="discovery: skipping unreachable socket" socket=/tmp/tmux-501/ta-t121u01b err="query tmux on /tmp/tmux-501/ta-t121u01b: exit status 1: no server running on /tmp/tmux-501/ta-t121u01b"
time=2026-08-21T18:21:35.409+08:00 level=DEBUG msg="discovery: skipping unreachable socket" socket=/tmp/tmux-501/ta-user-agents err="query tmux on /tmp/tmux-501/ta-user-agents: exit status 1: no server running on /tmp/tmux-501/ta-user-agents"
time=2026-08-21T18:21:36.061+08:00 level=DEBUG msg="discovery: skipping unreachable socket" socket=/tmp/tmux-501/t115d24675 err="query tmux on /tmp/tmux-501/t115d24675: exit status 1: no server running on /tmp/tmux-501/t115d24675"
time=2026-08-21T18:21:36.061+08:00 level=DEBUG msg="discovery: skipping unreachable socket" socket=/tmp/tmux-501/t115d24675 err="query tmux on /tmp/tmux-501/t115d24675: exit status 1: no server running on /tmp/tmux-501/t115d24675"
time=2026-08-21T18:21:36.076+08:00 level=DEBUG msg="discovery: skipping unreachable socket" socket=/tmp/tmux-501/t115e31319 err="query tmux on /tmp/tmux-501/t115e31319: exit status 1: no server running on /tmp/tmux-501/t115e31319"
time=2026-08-21T18:21:36.077+08:00 level=DEBUG msg="discovery: skipping unreachable socket" socket=/tmp/tmux-501/t115e31319 err="query tmux on /tmp/tmux-501/t115e31319: exit status 1: no server running on /tmp/tmux-501/t115e31319"
time=2026-08-21T18:21:36.092+08:00 level=DEBUG msg="discovery: skipping unreachable socket" socket=/tmp/tmux-501/t115f44898 err="query tmux on /tmp/tmux-501/t115f44898: exit status 1: no server running on /tmp/tmux-501/t115f44898"
time=2026-08-21T18:21:36.093+08:00 level=DEBUG msg="discovery: skipping unreachable socket" socket=/tmp/tmux-501/t115f44898 err="query tmux on /tmp/tmux-501/t115f44898: exit status 1: no server running on /tmp/tmux-501/t115f44898"
time=2026-08-21T18:21:36.103+08:00 level=DEBUG msg="discovery: skipping unreachable socket" socket=/tmp/tmux-501/t115g47728 err="query tmux on /tmp/tmux-501/t115g47728: exit status 1: no server running on /tmp/tmux-501/t115g47728"
time=2026-08-21T18:21:36.104+08:00 level=DEBUG msg="discovery: skipping unreachable socket" socket=/tmp/tmux-501/t115g47728 err="query tmux on /tmp/tmux-501/t115g47728: exit status 1: no server running on /tmp/tmux-501/t115g47728"
time=2026-08-21T18:21:36.115+08:00 level=DEBUG msg="discovery: skipping unreachable socket" socket=/tmp/tmux-501/ta-0bafa3965ade err="query tmux on /tmp/tmux-501/ta-0bafa3965ade: exit status 1: no server running on /tmp/tmux-501/ta-0bafa3965ade"
time=2026-08-21T18:21:36.115+08:00 level=DEBUG msg="discovery: skipping unreachable socket" socket=/tmp/tmux-501/ta-0bafa3965ade err="query tmux on /tmp/tmux-501/ta-0bafa3965ade: exit status 1: no server running on /tmp/tmux-501/ta-0bafa3965ade"
time=2026-08-21T18:21:36.157+08:00 level=DEBUG msg="discovery: skipping unreachable socket" socket=/tmp/tmux-501/ta-61709dcf801e err="query tmux on /tmp/tmux-501/ta-61709dcf801e: exit status 1: no server running on /tmp/tmux-501/ta-61709dcf801e"
time=2026-08-21T18:21:36.158+08:00 level=DEBUG msg="discovery: skipping unreachable socket" socket=/tmp/tmux-501/ta-61709dcf801e err="query tmux on /tmp/tmux-501/ta-61709dcf801e: exit status 1: no server running on /tmp/tmux-501/ta-61709dcf801e"
time=2026-08-21T18:21:36.189+08:00 level=DEBUG msg="discovery: skipping unparsable pane line" socket=/tmp/tmux-501/ta-a9fd5b7defbd line="team-refactor-maintainability|6|%39|/Users/alauda/Documents/code/agent前沿探索/多agent协作|bash|87458|t.p9.review 零上下文设计审查已通过<|eos|> - grok|235x50|tester-t124"
time=2026-08-21T18:21:36.189+08:00 level=DEBUG msg="discovery: skipping unparsable pane line" socket=/tmp/tmux-501/ta-a9fd5b7defbd line="team-refactor-maintainability|6|%39|/Users/alauda/Documents/code/agent前沿探索/多agent协作|bash|87458|t.p9.review 零上下文设计审查已通过<|eos|> - grok|235x50|tester-t124"
time=2026-08-21T18:21:36.212+08:00 level=DEBUG msg="discovery: skipping unreachable socket" socket=/tmp/tmux-501/ta-ed81bd4d8c17 err="query tmux on /tmp/tmux-501/ta-ed81bd4d8c17: exit status 1: no server running on /tmp/tmux-501/ta-ed81bd4d8c17"
time=2026-08-21T18:21:36.212+08:00 level=DEBUG msg="discovery: skipping unreachable socket" socket=/tmp/tmux-501/ta-ed81bd4d8c17 err="query tmux on /tmp/tmux-501/ta-ed81bd4d8c17: exit status 1: no server running on /tmp/tmux-501/ta-ed81bd4d8c17"
time=2026-08-21T18:21:36.226+08:00 level=DEBUG msg="discovery: skipping unreachable socket" socket=/tmp/tmux-501/ta-f1ad1b378fc7 err="query tmux on /tmp/tmux-501/ta-f1ad1b378fc7: exit status 1: no server running on /tmp/tmux-501/ta-f1ad1b378fc7"
time=2026-08-21T18:21:36.227+08:00 level=DEBUG msg="discovery: skipping unreachable socket" socket=/tmp/tmux-501/ta-f1ad1b378fc7 err="query tmux on /tmp/tmux-501/ta-f1ad1b378fc7: exit status 1: no server running on /tmp/tmux-501/ta-f1ad1b378fc7"
time=2026-08-21T18:21:36.257+08:00 level=DEBUG msg="discovery: skipping unreachable socket" socket=/tmp/tmux-501/ta-t121u01 err="query tmux on /tmp/tmux-501/ta-t121u01: exit status 1: no server running on /tmp/tmux-501/ta-t121u01"
time=2026-08-21T18:21:36.262+08:00 level=DEBUG msg="discovery: skipping unreachable socket" socket=/tmp/tmux-501/ta-t121u01 err="query tmux on /tmp/tmux-501/ta-t121u01: exit status 1: no server running on /tmp/tmux-501/ta-t121u01"
time=2026-08-21T18:21:36.268+08:00 level=DEBUG msg="discovery: skipping unreachable socket" socket=/tmp/tmux-501/ta-t121u01b err="query tmux on /tmp/tmux-501/ta-t121u01b: exit status 1: no server running on /tmp/tmux-501/ta-t121u01b"
time=2026-08-21T18:21:36.274+08:00 level=DEBUG msg="discovery: skipping unreachable socket" socket=/tmp/tmux-501/ta-t121u01b err="query tmux on /tmp/tmux-501/ta-t121u01b: exit status 1: no server running on /tmp/tmux-501/ta-t121u01b"
time=2026-08-21T18:21:36.279+08:00 level=DEBUG msg="discovery: skipping unreachable socket" socket=/tmp/tmux-501/ta-user-agents err="query tmux on /tmp/tmux-501/ta-user-agents: exit status 1: no server running on /tmp/tmux-501/ta-user-agents"
time=2026-08-21T18:21:36.283+08:00 level=DEBUG msg="discovery: skipping unreachable socket" socket=/tmp/tmux-501/ta-user-agents err="query tmux on /tmp/tmux-501/ta-user-agents: exit status 1: no server running on /tmp/tmux-501/ta-user-agents"
time=2026-08-21T18:21:36.480+08:00 level=DEBUG msg="discovery: skipping unreachable socket" socket=/tmp/tmux-501/t115d24675 err="query tmux on /tmp/tmux-501/t115d24675: exit status 1: no server running on /tmp/tmux-501/t115d24675"
time=2026-08-21T18:21:36.483+08:00 level=DEBUG msg="discovery: skipping unreachable socket" socket=/tmp/tmux-501/t115d24675 err="query tmux on /tmp/tmux-501/t115d24675: exit status 1: no server running on /tmp/tmux-501/t115d24675"
time=2026-08-21T18:21:36.495+08:00 level=DEBUG msg="discovery: skipping unreachable socket" socket=/tmp/tmux-501/t115e31319 err="query tmux on /tmp/tmux-501/t115e31319: exit status 1: no server running on /tmp/tmux-501/t115e31319"
time=2026-08-21T18:21:36.499+08:00 level=DEBUG msg="discovery: skipping unreachable socket" socket=/tmp/tmux-501/t115e31319 err="query tmux on /tmp/tmux-501/t115e31319: exit status 1: no server running on /tmp/tmux-501/t115e31319"
time=2026-08-21T18:21:36.506+08:00 level=DEBUG msg="discovery: skipping unreachable socket" socket=/tmp/tmux-501/t115f44898 err="query tmux on /tmp/tmux-501/t115f44898: exit status 1: no server running on /tmp/tmux-501/t115f44898"
time=2026-08-21T18:21:36.509+08:00 level=DEBUG msg="discovery: skipping unreachable socket" socket=/tmp/tmux-501/t115f44898 err="query tmux on /tmp/tmux-501/t115f44898: exit status 1: no server running on /tmp/tmux-501/t115f44898"
time=2026-08-21T18:21:36.517+08:00 level=DEBUG msg="discovery: skipping unreachable socket" socket=/tmp/tmux-501/t115g47728 err="query tmux on /tmp/tmux-501/t115g47728: exit status 1: no server running on /tmp/tmux-501/t115g47728"
time=2026-08-21T18:21:36.520+08:00 level=DEBUG msg="discovery: skipping unreachable socket" socket=/tmp/tmux-501/t115g47728 err="query tmux on /tmp/tmux-501/t115g47728: exit status 1: no server running on /tmp/tmux-501/t115g47728"
time=2026-08-21T18:21:36.529+08:00 level=DEBUG msg="discovery: skipping unreachable socket" socket=/tmp/tmux-501/ta-0bafa3965ade err="query tmux on /tmp/tmux-501/ta-0bafa3965ade: exit status 1: no server running on /tmp/tmux-501/ta-0bafa3965ade"
time=2026-08-21T18:21:36.533+08:00 level=DEBUG msg="discovery: skipping unreachable socket" socket=/tmp/tmux-501/ta-0bafa3965ade err="query tmux on /tmp/tmux-501/ta-0bafa3965ade: exit status 1: no server running on /tmp/tmux-501/ta-0bafa3965ade"
time=2026-08-21T18:21:36.563+08:00 level=DEBUG msg="discovery: skipping unreachable socket" socket=/tmp/tmux-501/ta-61709dcf801e err="query tmux on /tmp/tmux-501/ta-61709dcf801e: exit status 1: no server running on /tmp/tmux-501/ta-61709dcf801e"
time=2026-08-21T18:21:36.568+08:00 level=DEBUG msg="discovery: skipping unreachable socket" socket=/tmp/tmux-501/ta-61709dcf801e err="query tmux on /tmp/tmux-501/ta-61709dcf801e: exit status 1: no server running on /tmp/tmux-501/ta-61709dcf801e"
time=2026-08-21T18:21:36.591+08:00 level=DEBUG msg="discovery: skipping unparsable pane line" socket=/tmp/tmux-501/ta-a9fd5b7defbd line="team-refactor-maintainability|6|%39|/Users/alauda/Documents/code/agent前沿探索/多agent协作|bash|87458|t.p9.review 零上下文设计审查已通过<|eos|> - grok|235x50|tester-t124"
time=2026-08-21T18:21:36.600+08:00 level=DEBUG msg="discovery: skipping unparsable pane line" socket=/tmp/tmux-501/ta-a9fd5b7defbd line="team-refactor-maintainability|6|%39|/Users/alauda/Documents/code/agent前沿探索/多agent协作|bash|87458|t.p9.review 零上下文设计审查已通过<|eos|> - grok|235x50|tester-t124"
time=2026-08-21T18:21:36.618+08:00 level=DEBUG msg="discovery: skipping unreachable socket" socket=/tmp/tmux-501/ta-ed81bd4d8c17 err="query tmux on /tmp/tmux-501/ta-ed81bd4d8c17: exit status 1: no server running on /tmp/tmux-501/ta-ed81bd4d8c17"
time=2026-08-21T18:21:36.632+08:00 level=DEBUG msg="discovery: skipping unreachable socket" socket=/tmp/tmux-501/ta-f1ad1b378fc7 err="query tmux on /tmp/tmux-501/ta-f1ad1b378fc7: exit status 1: no server running on /tmp/tmux-501/ta-f1ad1b378fc7"
time=2026-08-21T18:21:36.634+08:00 level=DEBUG msg="discovery: skipping unreachable socket" socket=/tmp/tmux-501/ta-ed81bd4d8c17 err="query tmux on /tmp/tmux-501/ta-ed81bd4d8c17: exit status 1: no server running on /tmp/tmux-501/ta-ed81bd4d8c17"
time=2026-08-21T18:21:36.644+08:00 level=DEBUG msg="discovery: skipping unreachable socket" socket=/tmp/tmux-501/ta-f1ad1b378fc7 err="query tmux on /tmp/tmux-501/ta-f1ad1b378fc7: exit status 1: no server running on /tmp/tmux-501/ta-f1ad1b378fc7"
time=2026-08-21T18:21:36.654+08:00 level=DEBUG msg="discovery: skipping unreachable socket" socket=/tmp/tmux-501/ta-t121u01 err="query tmux on /tmp/tmux-501/ta-t121u01: exit status 1: no server running on /tmp/tmux-501/ta-t121u01"
time=2026-08-21T18:21:36.668+08:00 level=DEBUG msg="discovery: skipping unreachable socket" socket=/tmp/tmux-501/ta-t121u01 err="query tmux on /tmp/tmux-501/ta-t121u01: exit status 1: no server running on /tmp/tmux-501/ta-t121u01"
time=2026-08-21T18:21:36.671+08:00 level=DEBUG msg="discovery: skipping unreachable socket" socket=/tmp/tmux-501/ta-t121u01b err="query tmux on /tmp/tmux-501/ta-t121u01b: exit status 1: no server running on /tmp/tmux-501/ta-t121u01b"
time=2026-08-21T18:21:36.680+08:00 level=DEBUG msg="discovery: skipping unreachable socket" socket=/tmp/tmux-501/ta-t121u01b err="query tmux on /tmp/tmux-501/ta-t121u01b: exit status 1: no server running on /tmp/tmux-501/ta-t121u01b"
time=2026-08-21T18:21:36.687+08:00 level=DEBUG msg="discovery: skipping unreachable socket" socket=/tmp/tmux-501/ta-user-agents err="query tmux on /tmp/tmux-501/ta-user-agents: exit status 1: no server running on /tmp/tmux-501/ta-user-agents"
time=2026-08-21T18:21:36.695+08:00 level=DEBUG msg="discovery: skipping unreachable socket" socket=/tmp/tmux-501/ta-user-agents err="query tmux on /tmp/tmux-501/ta-user-agents: exit status 1: no server running on /tmp/tmux-501/ta-user-agents"
time=2026-08-21T18:21:36.856+08:00 level=DEBUG msg="discovery: skipping unreachable socket" socket=/tmp/tmux-501/t115d24675 err="query tmux on /tmp/tmux-501/t115d24675: exit status 1: no server running on /tmp/tmux-501/t115d24675"
time=2026-08-21T18:21:36.865+08:00 level=DEBUG msg="discovery: skipping unreachable socket" socket=/tmp/tmux-501/t115e31319 err="query tmux on /tmp/tmux-501/t115e31319: exit status 1: no server running on /tmp/tmux-501/t115e31319"
time=2026-08-21T18:21:36.874+08:00 level=DEBUG msg="discovery: skipping unreachable socket" socket=/tmp/tmux-501/t115f44898 err="query tmux on /tmp/tmux-501/t115f44898: exit status 1: no server running on /tmp/tmux-501/t115f44898"
time=2026-08-21T18:21:36.883+08:00 level=DEBUG msg="discovery: skipping unreachable socket" socket=/tmp/tmux-501/t115g47728 err="query tmux on /tmp/tmux-501/t115g47728: exit status 1: no server running on /tmp/tmux-501/t115g47728"
time=2026-08-21T18:21:36.892+08:00 level=DEBUG msg="discovery: skipping unreachable socket" socket=/tmp/tmux-501/ta-0bafa3965ade err="query tmux on /tmp/tmux-501/ta-0bafa3965ade: exit status 1: no server running on /tmp/tmux-501/ta-0bafa3965ade"
time=2026-08-21T18:21:36.927+08:00 level=DEBUG msg="discovery: skipping unreachable socket" socket=/tmp/tmux-501/ta-61709dcf801e err="query tmux on /tmp/tmux-501/ta-61709dcf801e: exit status 1: no server running on /tmp/tmux-501/ta-61709dcf801e"
time=2026-08-21T18:21:37.020+08:00 level=DEBUG msg="discovery: skipping unparsable pane line" socket=/tmp/tmux-501/ta-a9fd5b7defbd line="team-refactor-maintainability|6|%39|/Users/alauda/Documents/code/agent前沿探索/多agent协作|bash|87458|t.p9.review 零上下文设计审查已通过<|eos|> - grok|235x50|tester-t124"
time=2026-08-21T18:21:37.041+08:00 level=DEBUG msg="discovery: skipping unreachable socket" socket=/tmp/tmux-501/ta-ed81bd4d8c17 err="query tmux on /tmp/tmux-501/ta-ed81bd4d8c17: exit status 1: no server running on /tmp/tmux-501/ta-ed81bd4d8c17"
time=2026-08-21T18:21:37.054+08:00 level=DEBUG msg="discovery: skipping unreachable socket" socket=/tmp/tmux-501/ta-f1ad1b378fc7 err="query tmux on /tmp/tmux-501/ta-f1ad1b378fc7: exit status 1: no server running on /tmp/tmux-501/ta-f1ad1b378fc7"
time=2026-08-21T18:21:37.080+08:00 level=DEBUG msg="discovery: skipping unreachable socket" socket=/tmp/tmux-501/ta-t121u01 err="query tmux on /tmp/tmux-501/ta-t121u01: exit status 1: no server running on /tmp/tmux-501/ta-t121u01"
time=2026-08-21T18:21:37.089+08:00 level=DEBUG msg="discovery: skipping unreachable socket" socket=/tmp/tmux-501/ta-t121u01b err="query tmux on /tmp/tmux-501/ta-t121u01b: exit status 1: no server running on /tmp/tmux-501/ta-t121u01b"
time=2026-08-21T18:21:37.098+08:00 level=DEBUG msg="discovery: skipping unreachable socket" socket=/tmp/tmux-501/ta-user-agents err="query tmux on /tmp/tmux-501/ta-user-agents: exit status 1: no server running on /tmp/tmux-501/ta-user-agents"
time=2026-08-21T18:21:38.836+08:00 level=DEBUG msg="discovery: skipping unreachable socket" socket=/tmp/tmux-501/t115d24675 err="query tmux on /tmp/tmux-501/t115d24675: exit status 1: no server running on /tmp/tmux-501/t115d24675"
time=2026-08-21T18:21:38.845+08:00 level=DEBUG msg="discovery: skipping unreachable socket" socket=/tmp/tmux-501/t115e31319 err="query tmux on /tmp/tmux-501/t115e31319: exit status 1: no server running on /tmp/tmux-501/t115e31319"
time=2026-08-21T18:21:38.854+08:00 level=DEBUG msg="discovery: skipping unreachable socket" socket=/tmp/tmux-501/t115f44898 err="query tmux on /tmp/tmux-501/t115f44898: exit status 1: no server running on /tmp/tmux-501/t115f44898"
time=2026-08-21T18:21:38.862+08:00 level=DEBUG msg="discovery: skipping unreachable socket" socket=/tmp/tmux-501/t115g47728 err="query tmux on /tmp/tmux-501/t115g47728: exit status 1: no server running on /tmp/tmux-501/t115g47728"
time=2026-08-21T18:21:38.872+08:00 level=DEBUG msg="discovery: skipping unreachable socket" socket=/tmp/tmux-501/ta-0bafa3965ade err="query tmux on /tmp/tmux-501/ta-0bafa3965ade: exit status 1: no server running on /tmp/tmux-501/ta-0bafa3965ade"
time=2026-08-21T18:21:38.899+08:00 level=DEBUG msg="discovery: skipping unreachable socket" socket=/tmp/tmux-501/ta-61709dcf801e err="query tmux on /tmp/tmux-501/ta-61709dcf801e: exit status 1: no server running on /tmp/tmux-501/ta-61709dcf801e"
time=2026-08-21T18:21:38.918+08:00 level=DEBUG msg="discovery: skipping unparsable pane line" socket=/tmp/tmux-501/ta-a9fd5b7defbd line="team-refactor-maintainability|6|%39|/Users/alauda/Documents/code/agent前沿探索/多agent协作|bash|87458|t.p9.review 零上下文设计审查已通过<|eos|> - grok|235x50|tester-t124"
time=2026-08-21T18:21:38.938+08:00 level=DEBUG msg="discovery: skipping unreachable socket" socket=/tmp/tmux-501/ta-ed81bd4d8c17 err="query tmux on /tmp/tmux-501/ta-ed81bd4d8c17: exit status 1: no server running on /tmp/tmux-501/ta-ed81bd4d8c17"
time=2026-08-21T18:21:38.947+08:00 level=DEBUG msg="discovery: skipping unreachable socket" socket=/tmp/tmux-501/ta-f1ad1b378fc7 err="query tmux on /tmp/tmux-501/ta-f1ad1b378fc7: exit status 1: no server running on /tmp/tmux-501/ta-f1ad1b378fc7"
time=2026-08-21T18:21:38.964+08:00 level=DEBUG msg="discovery: skipping unreachable socket" socket=/tmp/tmux-501/ta-t121u01 err="query tmux on /tmp/tmux-501/ta-t121u01: exit status 1: no server running on /tmp/tmux-501/ta-t121u01"
time=2026-08-21T18:21:38.973+08:00 level=DEBUG msg="discovery: skipping unreachable socket" socket=/tmp/tmux-501/ta-t121u01b err="query tmux on /tmp/tmux-501/ta-t121u01b: exit status 1: no server running on /tmp/tmux-501/ta-t121u01b"
time=2026-08-21T18:21:38.982+08:00 level=DEBUG msg="discovery: skipping unreachable socket" socket=/tmp/tmux-501/ta-user-agents err="query tmux on /tmp/tmux-501/ta-user-agents: exit status 1: no server running on /tmp/tmux-501/ta-user-agents"
time=2026-08-21T18:21:39.563+08:00 level=DEBUG msg="discovery: skipping unreachable socket" socket=/tmp/tmux-501/t115d24675 err="query tmux on /tmp/tmux-501/t115d24675: exit status 1: no server running on /tmp/tmux-501/t115d24675"
time=2026-08-21T18:21:39.571+08:00 level=DEBUG msg="discovery: skipping unreachable socket" socket=/tmp/tmux-501/t115e31319 err="query tmux on /tmp/tmux-501/t115e31319: exit status 1: no server running on /tmp/tmux-501/t115e31319"
time=2026-08-21T18:21:39.581+08:00 level=DEBUG msg="discovery: skipping unreachable socket" socket=/tmp/tmux-501/t115f44898 err="query tmux on /tmp/tmux-501/t115f44898: exit status 1: no server running on /tmp/tmux-501/t115f44898"
time=2026-08-21T18:21:39.591+08:00 level=DEBUG msg="discovery: skipping unreachable socket" socket=/tmp/tmux-501/t115g47728 err="query tmux on /tmp/tmux-501/t115g47728: exit status 1: no server running on /tmp/tmux-501/t115g47728"
time=2026-08-21T18:21:39.600+08:00 level=DEBUG msg="discovery: skipping unreachable socket" socket=/tmp/tmux-501/ta-0bafa3965ade err="query tmux on /tmp/tmux-501/ta-0bafa3965ade: exit status 1: no server running on /tmp/tmux-501/ta-0bafa3965ade"
time=2026-08-21T18:21:39.627+08:00 level=DEBUG msg="discovery: skipping unreachable socket" socket=/tmp/tmux-501/ta-61709dcf801e err="query tmux on /tmp/tmux-501/ta-61709dcf801e: exit status 1: no server running on /tmp/tmux-501/ta-61709dcf801e"
time=2026-08-21T18:21:39.648+08:00 level=DEBUG msg="discovery: skipping unparsable pane line" socket=/tmp/tmux-501/ta-a9fd5b7defbd line="team-refactor-maintainability|6|%39|/Users/alauda/Documents/code/agent前沿探索/多agent协作|bash|87458|t.p9.review 零上下文设计审查已通过<|eos|> - grok|235x50|tester-t124"
time=2026-08-21T18:21:39.666+08:00 level=DEBUG msg="discovery: skipping unreachable socket" socket=/tmp/tmux-501/ta-ed81bd4d8c17 err="query tmux on /tmp/tmux-501/ta-ed81bd4d8c17: exit status 1: no server running on /tmp/tmux-501/ta-ed81bd4d8c17"
time=2026-08-21T18:21:39.675+08:00 level=DEBUG msg="discovery: skipping unreachable socket" socket=/tmp/tmux-501/ta-f1ad1b378fc7 err="query tmux on /tmp/tmux-501/ta-f1ad1b378fc7: exit status 1: no server running on /tmp/tmux-501/ta-f1ad1b378fc7"
time=2026-08-21T18:21:39.693+08:00 level=DEBUG msg="discovery: skipping unreachable socket" socket=/tmp/tmux-501/ta-t121u01 err="query tmux on /tmp/tmux-501/ta-t121u01: exit status 1: no server running on /tmp/tmux-501/ta-t121u01"
time=2026-08-21T18:21:39.703+08:00 level=DEBUG msg="discovery: skipping unreachable socket" socket=/tmp/tmux-501/ta-t121u01b err="query tmux on /tmp/tmux-501/ta-t121u01b: exit status 1: no server running on /tmp/tmux-501/ta-t121u01b"
time=2026-08-21T18:21:39.712+08:00 level=DEBUG msg="discovery: skipping unreachable socket" socket=/tmp/tmux-501/ta-user-agents err="query tmux on /tmp/tmux-501/ta-user-agents: exit status 1: no server running on /tmp/tmux-501/ta-user-agents"
time=2026-08-21T18:21:41.157+08:00 level=DEBUG msg="discovery: skipping unreachable socket" socket=/tmp/tmux-501/t115d24675 err="query tmux on /tmp/tmux-501/t115d24675: exit status 1: no server running on /tmp/tmux-501/t115d24675"
time=2026-08-21T18:21:41.165+08:00 level=DEBUG msg="discovery: skipping unreachable socket" socket=/tmp/tmux-501/t115e31319 err="query tmux on /tmp/tmux-501/t115e31319: exit status 1: no server running on /tmp/tmux-501/t115e31319"
time=2026-08-21T18:21:41.174+08:00 level=DEBUG msg="discovery: skipping unreachable socket" socket=/tmp/tmux-501/t115f44898 err="query tmux on /tmp/tmux-501/t115f44898: exit status 1: no server running on /tmp/tmux-501/t115f44898"
time=2026-08-21T18:21:41.183+08:00 level=DEBUG msg="discovery: skipping unreachable socket" socket=/tmp/tmux-501/t115g47728 err="query tmux on /tmp/tmux-501/t115g47728: exit status 1: no server running on /tmp/tmux-501/t115g47728"
time=2026-08-21T18:21:41.192+08:00 level=DEBUG msg="discovery: skipping unreachable socket" socket=/tmp/tmux-501/ta-0bafa3965ade err="query tmux on /tmp/tmux-501/ta-0bafa3965ade: exit status 1: no server running on /tmp/tmux-501/ta-0bafa3965ade"
time=2026-08-21T18:21:41.219+08:00 level=DEBUG msg="discovery: skipping unreachable socket" socket=/tmp/tmux-501/ta-61709dcf801e err="query tmux on /tmp/tmux-501/ta-61709dcf801e: exit status 1: no server running on /tmp/tmux-501/ta-61709dcf801e"
time=2026-08-21T18:21:41.233+08:00 level=INFO msg="listing: refresh on open" req_id=5 had_cache=true prev_seq=4 prev_sessions=48 cur_sessions=48 cur_seq=6 refresh_err=""
time=2026-08-21T18:21:41.238+08:00 level=DEBUG msg="discovery: skipping unparsable pane line" socket=/tmp/tmux-501/ta-a9fd5b7defbd line="team-refactor-maintainability|6|%39|/Users/alauda/Documents/code/agent前沿探索/多agent协作|bash|87458|t.p9.review 零上下文设计审查已通过<|eos|> - grok|235x50|tester-t124"
time=2026-08-21T18:21:41.257+08:00 level=DEBUG msg="discovery: skipping unreachable socket" socket=/tmp/tmux-501/ta-ed81bd4d8c17 err="query tmux on /tmp/tmux-501/ta-ed81bd4d8c17: exit status 1: no server running on /tmp/tmux-501/ta-ed81bd4d8c17"
time=2026-08-21T18:21:41.266+08:00 level=DEBUG msg="discovery: skipping unreachable socket" socket=/tmp/tmux-501/ta-f1ad1b378fc7 err="query tmux on /tmp/tmux-501/ta-f1ad1b378fc7: exit status 1: no server running on /tmp/tmux-501/ta-f1ad1b378fc7"
time=2026-08-21T18:21:41.284+08:00 level=DEBUG msg="discovery: skipping unreachable socket" socket=/tmp/tmux-501/ta-t121u01 err="query tmux on /tmp/tmux-501/ta-t121u01: exit status 1: no server running on /tmp/tmux-501/ta-t121u01"
time=2026-08-21T18:21:41.293+08:00 level=DEBUG msg="discovery: skipping unreachable socket" socket=/tmp/tmux-501/ta-t121u01b err="query tmux on /tmp/tmux-501/ta-t121u01b: exit status 1: no server running on /tmp/tmux-501/ta-t121u01b"
time=2026-08-21T18:21:41.301+08:00 level=DEBUG msg="discovery: skipping unreachable socket" socket=/tmp/tmux-501/ta-user-agents err="query tmux on /tmp/tmux-501/ta-user-agents: exit status 1: no server running on /tmp/tmux-501/ta-user-agents"
time=2026-08-21T18:21:42.816+08:00 level=DEBUG msg="listing: no changes"
time=2026-08-21T18:21:43.345+08:00 level=DEBUG msg="discovery: skipping unreachable socket" socket=/tmp/tmux-501/t115d24675 err="query tmux on /tmp/tmux-501/t115d24675: exit status 1: no server running on /tmp/tmux-501/t115d24675"
time=2026-08-21T18:21:43.354+08:00 level=DEBUG msg="discovery: skipping unreachable socket" socket=/tmp/tmux-501/t115e31319 err="query tmux on /tmp/tmux-501/t115e31319: exit status 1: no server running on /tmp/tmux-501/t115e31319"
time=2026-08-21T18:21:43.362+08:00 level=DEBUG msg="discovery: skipping unreachable socket" socket=/tmp/tmux-501/t115f44898 err="query tmux on /tmp/tmux-501/t115f44898: exit status 1: no server running on /tmp/tmux-501/t115f44898"
time=2026-08-21T18:21:43.371+08:00 level=DEBUG msg="discovery: skipping unreachable socket" socket=/tmp/tmux-501/t115g47728 err="query tmux on /tmp/tmux-501/t115g47728: exit status 1: no server running on /tmp/tmux-501/t115g47728"
time=2026-08-21T18:21:43.381+08:00 level=DEBUG msg="discovery: skipping unreachable socket" socket=/tmp/tmux-501/ta-0bafa3965ade err="query tmux on /tmp/tmux-501/ta-0bafa3965ade: exit status 1: no server running on /tmp/tmux-501/ta-0bafa3965ade"
time=2026-08-21T18:21:43.407+08:00 level=DEBUG msg="discovery: skipping unreachable socket" socket=/tmp/tmux-501/ta-61709dcf801e err="query tmux on /tmp/tmux-501/ta-61709dcf801e: exit status 1: no server running on /tmp/tmux-501/ta-61709dcf801e"
time=2026-08-21T18:21:43.424+08:00 level=DEBUG msg="discovery: skipping unparsable pane line" socket=/tmp/tmux-501/ta-a9fd5b7defbd line="team-refactor-maintainability|6|%39|/Users/alauda/Documents/code/agent前沿探索/多agent协作|bash|87458|t.p9.review 零上下文设计审查已通过<|eos|> - grok|235x50|tester-t124"
time=2026-08-21T18:21:43.447+08:00 level=DEBUG msg="discovery: skipping unreachable socket" socket=/tmp/tmux-501/ta-ed81bd4d8c17 err="query tmux on /tmp/tmux-501/ta-ed81bd4d8c17: exit status 1: no server running on /tmp/tmux-501/ta-ed81bd4d8c17"
time=2026-08-21T18:21:43.448+08:00 level=DEBUG msg="discovery: skipping unreachable socket" socket=/tmp/tmux-501/t115d24675 err="query tmux on /tmp/tmux-501/t115d24675: exit status 1: no server running on /tmp/tmux-501/t115d24675"
time=2026-08-21T18:21:43.455+08:00 level=DEBUG msg="discovery: skipping unreachable socket" socket=/tmp/tmux-501/ta-f1ad1b378fc7 err="query tmux on /tmp/tmux-501/ta-f1ad1b378fc7: exit status 1: no server running on /tmp/tmux-501/ta-f1ad1b378fc7"
time=2026-08-21T18:21:43.456+08:00 level=DEBUG msg="discovery: skipping unreachable socket" socket=/tmp/tmux-501/t115e31319 err="query tmux on /tmp/tmux-501/t115e31319: exit status 1: no server running on /tmp/tmux-501/t115e31319"
time=2026-08-21T18:21:43.464+08:00 level=DEBUG msg="discovery: skipping unreachable socket" socket=/tmp/tmux-501/t115f44898 err="query tmux on /tmp/tmux-501/t115f44898: exit status 1: no server running on /tmp/tmux-501/t115f44898"
time=2026-08-21T18:21:43.472+08:00 level=DEBUG msg="discovery: skipping unreachable socket" socket=/tmp/tmux-501/ta-t121u01 err="query tmux on /tmp/tmux-501/ta-t121u01: exit status 1: no server running on /tmp/tmux-501/ta-t121u01"
time=2026-08-21T18:21:43.473+08:00 level=DEBUG msg="discovery: skipping unreachable socket" socket=/tmp/tmux-501/t115g47728 err="query tmux on /tmp/tmux-501/t115g47728: exit status 1: no server running on /tmp/tmux-501/t115g47728"
time=2026-08-21T18:21:43.481+08:00 level=DEBUG msg="discovery: skipping unreachable socket" socket=/tmp/tmux-501/ta-t121u01b err="query tmux on /tmp/tmux-501/ta-t121u01b: exit status 1: no server running on /tmp/tmux-501/ta-t121u01b"
time=2026-08-21T18:21:43.482+08:00 level=DEBUG msg="discovery: skipping unreachable socket" socket=/tmp/tmux-501/ta-0bafa3965ade err="query tmux on /tmp/tmux-501/ta-0bafa3965ade: exit status 1: no server running on /tmp/tmux-501/ta-0bafa3965ade"
time=2026-08-21T18:21:43.490+08:00 level=DEBUG msg="discovery: skipping unreachable socket" socket=/tmp/tmux-501/ta-user-agents err="query tmux on /tmp/tmux-501/ta-user-agents: exit status 1: no server running on /tmp/tmux-501/ta-user-agents"
time=2026-08-21T18:21:43.510+08:00 level=DEBUG msg="discovery: skipping unreachable socket" socket=/tmp/tmux-501/ta-61709dcf801e err="query tmux on /tmp/tmux-501/ta-61709dcf801e: exit status 1: no server running on /tmp/tmux-501/ta-61709dcf801e"
time=2026-08-21T18:21:43.527+08:00 level=DEBUG msg="discovery: skipping unparsable pane line" socket=/tmp/tmux-501/ta-a9fd5b7defbd line="team-refactor-maintainability|6|%39|/Users/alauda/Documents/code/agent前沿探索/多agent协作|bash|87458|t.p9.review 零上下文设计审查已通过<|eos|> - grok|235x50|tester-t124"
time=2026-08-21T18:21:43.545+08:00 level=DEBUG msg="discovery: skipping unreachable socket" socket=/tmp/tmux-501/ta-ed81bd4d8c17 err="query tmux on /tmp/tmux-501/ta-ed81bd4d8c17: exit status 1: no server running on /tmp/tmux-501/ta-ed81bd4d8c17"
time=2026-08-21T18:21:43.553+08:00 level=DEBUG msg="discovery: skipping unreachable socket" socket=/tmp/tmux-501/ta-f1ad1b378fc7 err="query tmux on /tmp/tmux-501/ta-f1ad1b378fc7: exit status 1: no server running on /tmp/tmux-501/ta-f1ad1b378fc7"
time=2026-08-21T18:21:43.575+08:00 level=DEBUG msg="discovery: skipping unreachable socket" socket=/tmp/tmux-501/ta-t121u01 err="query tmux on /tmp/tmux-501/ta-t121u01: exit status 1: no server running on /tmp/tmux-501/ta-t121u01"
time=2026-08-21T18:21:43.584+08:00 level=DEBUG msg="discovery: skipping unreachable socket" socket=/tmp/tmux-501/ta-t121u01b err="query tmux on /tmp/tmux-501/ta-t121u01b: exit status 1: no server running on /tmp/tmux-501/ta-t121u01b"
time=2026-08-21T18:21:43.592+08:00 level=DEBUG msg="discovery: skipping unreachable socket" socket=/tmp/tmux-501/ta-user-agents err="query tmux on /tmp/tmux-501/ta-user-agents: exit status 1: no server running on /tmp/tmux-501/ta-user-agents"
time=2026-08-21T18:21:45.760+08:00 level=DEBUG msg="discovery: skipping unreachable socket" socket=/tmp/tmux-501/t115d24675 err="query tmux on /tmp/tmux-501/t115d24675: exit status 1: no server running on /tmp/tmux-501/t115d24675"
time=2026-08-21T18:21:45.770+08:00 level=DEBUG msg="discovery: skipping unreachable socket" socket=/tmp/tmux-501/t115e31319 err="query tmux on /tmp/tmux-501/t115e31319: exit status 1: no server running on /tmp/tmux-501/t115e31319"
time=2026-08-21T18:21:45.778+08:00 level=DEBUG msg="discovery: skipping unreachable socket" socket=/tmp/tmux-501/t115f44898 err="query tmux on /tmp/tmux-501/t115f44898: exit status 1: no server running on /tmp/tmux-501/t115f44898"
time=2026-08-21T18:21:45.787+08:00 level=DEBUG msg="discovery: skipping unreachable socket" socket=/tmp/tmux-501/t115g47728 err="query tmux on /tmp/tmux-501/t115g47728: exit status 1: no server running on /tmp/tmux-501/t115g47728"
time=2026-08-21T18:21:45.795+08:00 level=DEBUG msg="discovery: skipping unreachable socket" socket=/tmp/tmux-501/ta-0bafa3965ade err="query tmux on /tmp/tmux-501/ta-0bafa3965ade: exit status 1: no server running on /tmp/tmux-501/ta-0bafa3965ade"
time=2026-08-21T18:21:45.825+08:00 level=DEBUG msg="discovery: skipping unreachable socket" socket=/tmp/tmux-501/ta-61709dcf801e err="query tmux on /tmp/tmux-501/ta-61709dcf801e: exit status 1: no server running on /tmp/tmux-501/ta-61709dcf801e"
time=2026-08-21T18:21:45.843+08:00 level=DEBUG msg="discovery: skipping unparsable pane line" socket=/tmp/tmux-501/ta-a9fd5b7defbd line="team-refactor-maintainability|6|%39|/Users/alauda/Documents/code/agent前沿探索/多agent协作|bash|87458|t.p9.review 零上下文设计审查已通过<|eos|> - grok|235x50|tester-t124"
time=2026-08-21T18:21:45.862+08:00 level=DEBUG msg="discovery: skipping unreachable socket" socket=/tmp/tmux-501/ta-ed81bd4d8c17 err="query tmux on /tmp/tmux-501/ta-ed81bd4d8c17: exit status 1: no server running on /tmp/tmux-501/ta-ed81bd4d8c17"
time=2026-08-21T18:21:45.871+08:00 level=DEBUG msg="discovery: skipping unreachable socket" socket=/tmp/tmux-501/ta-f1ad1b378fc7 err="query tmux on /tmp/tmux-501/ta-f1ad1b378fc7: exit status 1: no server running on /tmp/tmux-501/ta-f1ad1b378fc7"
time=2026-08-21T18:21:45.888+08:00 level=DEBUG msg="discovery: skipping unreachable socket" socket=/tmp/tmux-501/ta-t121u01 err="query tmux on /tmp/tmux-501/ta-t121u01: exit status 1: no server running on /tmp/tmux-501/ta-t121u01"
time=2026-08-21T18:21:45.897+08:00 level=DEBUG msg="discovery: skipping unreachable socket" socket=/tmp/tmux-501/ta-t121u01b err="query tmux on /tmp/tmux-501/ta-t121u01b: exit status 1: no server running on /tmp/tmux-501/ta-t121u01b"
time=2026-08-21T18:21:45.906+08:00 level=DEBUG msg="discovery: skipping unreachable socket" socket=/tmp/tmux-501/ta-user-agents err="query tmux on /tmp/tmux-501/ta-user-agents: exit status 1: no server running on /tmp/tmux-501/ta-user-agents"
time=2026-08-21T18:21:45.948+08:00 level=DEBUG msg="listing: no changes"
time=2026-08-21T18:21:46.482+08:00 level=DEBUG msg="discovery: skipping unreachable socket" socket=/tmp/tmux-501/t115d24675 err="query tmux on /tmp/tmux-501/t115d24675: exit status 1: no server running on /tmp/tmux-501/t115d24675"
time=2026-08-21T18:21:46.493+08:00 level=DEBUG msg="discovery: skipping unreachable socket" socket=/tmp/tmux-501/t115e31319 err="query tmux on /tmp/tmux-501/t115e31319: exit status 1: no server running on /tmp/tmux-501/t115e31319"
time=2026-08-21T18:21:46.502+08:00 level=DEBUG msg="discovery: skipping unreachable socket" socket=/tmp/tmux-501/t115f44898 err="query tmux on /tmp/tmux-501/t115f44898: exit status 1: no server running on /tmp/tmux-501/t115f44898"
time=2026-08-21T18:21:46.510+08:00 level=DEBUG msg="discovery: skipping unreachable socket" socket=/tmp/tmux-501/t115g47728 err="query tmux on /tmp/tmux-501/t115g47728: exit status 1: no server running on /tmp/tmux-501/t115g47728"
time=2026-08-21T18:21:46.519+08:00 level=DEBUG msg="discovery: skipping unreachable socket" socket=/tmp/tmux-501/ta-0bafa3965ade err="query tmux on /tmp/tmux-501/ta-0bafa3965ade: exit status 1: no server running on /tmp/tmux-501/ta-0bafa3965ade"
time=2026-08-21T18:21:46.552+08:00 level=DEBUG msg="discovery: skipping unreachable socket" socket=/tmp/tmux-501/ta-61709dcf801e err="query tmux on /tmp/tmux-501/ta-61709dcf801e: exit status 1: no server running on /tmp/tmux-501/ta-61709dcf801e"
time=2026-08-21T18:21:46.570+08:00 level=DEBUG msg="discovery: skipping unparsable pane line" socket=/tmp/tmux-501/ta-a9fd5b7defbd line="team-refactor-maintainability|6|%39|/Users/alauda/Documents/code/agent前沿探索/多agent协作|bash|87458|t.p9.review 零上下文设计审查已通过<|eos|> - grok|235x50|tester-t124"
time=2026-08-21T18:21:46.597+08:00 level=DEBUG msg="discovery: skipping unreachable socket" socket=/tmp/tmux-501/ta-ed81bd4d8c17 err="query tmux on /tmp/tmux-501/ta-ed81bd4d8c17: exit status 1: no server running on /tmp/tmux-501/ta-ed81bd4d8c17"
time=2026-08-21T18:21:46.606+08:00 level=DEBUG msg="discovery: skipping unreachable socket" socket=/tmp/tmux-501/ta-f1ad1b378fc7 err="query tmux on /tmp/tmux-501/ta-f1ad1b378fc7: exit status 1: no server running on /tmp/tmux-501/ta-f1ad1b378fc7"
time=2026-08-21T18:21:46.625+08:00 level=DEBUG msg="discovery: skipping unreachable socket" socket=/tmp/tmux-501/ta-t121u01 err="query tmux on /tmp/tmux-501/ta-t121u01: exit status 1: no server running on /tmp/tmux-501/ta-t121u01"
time=2026-08-21T18:21:46.634+08:00 level=DEBUG msg="discovery: skipping unreachable socket" socket=/tmp/tmux-501/ta-t121u01b err="query tmux on /tmp/tmux-501/ta-t121u01b: exit status 1: no server running on /tmp/tmux-501/ta-t121u01b"
time=2026-08-21T18:21:46.642+08:00 level=DEBUG msg="discovery: skipping unreachable socket" socket=/tmp/tmux-501/ta-user-agents err="query tmux on /tmp/tmux-501/ta-user-agents: exit status 1: no server running on /tmp/tmux-501/ta-user-agents"
time=2026-08-21T18:21:48.028+08:00 level=DEBUG msg="discovery: skipping unreachable socket" socket=/tmp/tmux-501/t115d24675 err="query tmux on /tmp/tmux-501/t115d24675: exit status 1: no server running on /tmp/tmux-501/t115d24675"
time=2026-08-21T18:21:48.038+08:00 level=DEBUG msg="discovery: skipping unreachable socket" socket=/tmp/tmux-501/t115e31319 err="query tmux on /tmp/tmux-501/t115e31319: exit status 1: no server running on /tmp/tmux-501/t115e31319"
time=2026-08-21T18:21:48.051+08:00 level=DEBUG msg="discovery: skipping unreachable socket" socket=/tmp/tmux-501/t115f44898 err="query tmux on /tmp/tmux-501/t115f44898: exit status 1: no server running on /tmp/tmux-501/t115f44898"
time=2026-08-21T18:21:48.061+08:00 level=DEBUG msg="discovery: skipping unreachable socket" socket=/tmp/tmux-501/t115g47728 err="query tmux on /tmp/tmux-501/t115g47728: exit status 1: no server running on /tmp/tmux-501/t115g47728"
time=2026-08-21T18:21:48.070+08:00 level=DEBUG msg="discovery: skipping unreachable socket" socket=/tmp/tmux-501/ta-0bafa3965ade err="query tmux on /tmp/tmux-501/ta-0bafa3965ade: exit status 1: no server running on /tmp/tmux-501/ta-0bafa3965ade"
time=2026-08-21T18:21:48.105+08:00 level=DEBUG msg="discovery: skipping unreachable socket" socket=/tmp/tmux-501/ta-61709dcf801e err="query tmux on /tmp/tmux-501/ta-61709dcf801e: exit status 1: no server running on /tmp/tmux-501/ta-61709dcf801e"
time=2026-08-21T18:21:48.128+08:00 level=DEBUG msg="discovery: skipping unparsable pane line" socket=/tmp/tmux-501/ta-a9fd5b7defbd line="team-refactor-maintainability|6|%39|/Users/alauda/Documents/code/agent前沿探索/多agent协作|bash|87458|t.p9.review 零上下文设计审查已通过<|eos|> - grok|235x50|tester-t124"
time=2026-08-21T18:21:48.153+08:00 level=DEBUG msg="discovery: skipping unreachable socket" socket=/tmp/tmux-501/ta-ed81bd4d8c17 err="query tmux on /tmp/tmux-501/ta-ed81bd4d8c17: exit status 1: no server running on /tmp/tmux-501/ta-ed81bd4d8c17"
time=2026-08-21T18:21:48.164+08:00 level=DEBUG msg="discovery: skipping unreachable socket" socket=/tmp/tmux-501/ta-f1ad1b378fc7 err="query tmux on /tmp/tmux-501/ta-f1ad1b378fc7: exit status 1: no server running on /tmp/tmux-501/ta-f1ad1b378fc7"
time=2026-08-21T18:21:48.184+08:00 level=DEBUG msg="discovery: skipping unreachable socket" socket=/tmp/tmux-501/ta-t121u01 err="query tmux on /tmp/tmux-501/ta-t121u01: exit status 1: no server running on /tmp/tmux-501/ta-t121u01"
time=2026-08-21T18:21:48.193+08:00 level=DEBUG msg="discovery: skipping unreachable socket" socket=/tmp/tmux-501/ta-t121u01b err="query tmux on /tmp/tmux-501/ta-t121u01b: exit status 1: no server running on /tmp/tmux-501/ta-t121u01b"
time=2026-08-21T18:21:48.208+08:00 level=DEBUG msg="discovery: skipping unreachable socket" socket=/tmp/tmux-501/ta-user-agents err="query tmux on /tmp/tmux-501/ta-user-agents: exit status 1: no server running on /tmp/tmux-501/ta-user-agents"
time=2026-08-21T18:21:49.082+08:00 level=DEBUG msg="listing: no changes"
time=2026-08-21T18:21:49.611+08:00 level=DEBUG msg="discovery: skipping unreachable socket" socket=/tmp/tmux-501/t115d24675 err="query tmux on /tmp/tmux-501/t115d24675: exit status 1: no server running on /tmp/tmux-501/t115d24675"
time=2026-08-21T18:21:49.619+08:00 level=DEBUG msg="discovery: skipping unreachable socket" socket=/tmp/tmux-501/t115e31319 err="query tmux on /tmp/tmux-501/t115e31319: exit status 1: no server running on /tmp/tmux-501/t115e31319"
time=2026-08-21T18:21:49.628+08:00 level=DEBUG msg="discovery: skipping unreachable socket" socket=/tmp/tmux-501/t115f44898 err="query tmux on /tmp/tmux-501/t115f44898: exit status 1: no server running on /tmp/tmux-501/t115f44898"
time=2026-08-21T18:21:49.635+08:00 level=DEBUG msg="discovery: skipping unreachable socket" socket=/tmp/tmux-501/t115g47728 err="query tmux on /tmp/tmux-501/t115g47728: exit status 1: no server running on /tmp/tmux-501/t115g47728"
time=2026-08-21T18:21:49.644+08:00 level=DEBUG msg="discovery: skipping unreachable socket" socket=/tmp/tmux-501/ta-0bafa3965ade err="query tmux on /tmp/tmux-501/ta-0bafa3965ade: exit status 1: no server running on /tmp/tmux-501/ta-0bafa3965ade"
time=2026-08-21T18:21:49.670+08:00 level=DEBUG msg="discovery: skipping unreachable socket" socket=/tmp/tmux-501/ta-61709dcf801e err="query tmux on /tmp/tmux-501/ta-61709dcf801e: exit status 1: no server running on /tmp/tmux-501/ta-61709dcf801e"
time=2026-08-21T18:21:49.689+08:00 level=DEBUG msg="discovery: skipping unparsable pane line" socket=/tmp/tmux-501/ta-a9fd5b7defbd line="team-refactor-maintainability|6|%39|/Users/alauda/Documents/code/agent前沿探索/多agent协作|bash|87458|t.p9.review 零上下文设计审查已通过<|eos|> - grok|235x50|tester-t124"
time=2026-08-21T18:21:49.707+08:00 level=DEBUG msg="discovery: skipping unreachable socket" socket=/tmp/tmux-501/ta-ed81bd4d8c17 err="query tmux on /tmp/tmux-501/ta-ed81bd4d8c17: exit status 1: no server running on /tmp/tmux-501/ta-ed81bd4d8c17"
time=2026-08-21T18:21:49.715+08:00 level=DEBUG msg="discovery: skipping unreachable socket" socket=/tmp/tmux-501/ta-f1ad1b378fc7 err="query tmux on /tmp/tmux-501/ta-f1ad1b378fc7: exit status 1: no server running on /tmp/tmux-501/ta-f1ad1b378fc7"
time=2026-08-21T18:21:49.732+08:00 level=DEBUG msg="discovery: skipping unreachable socket" socket=/tmp/tmux-501/ta-t121u01 err="query tmux on /tmp/tmux-501/ta-t121u01: exit status 1: no server running on /tmp/tmux-501/ta-t121u01"
time=2026-08-21T18:21:49.740+08:00 level=DEBUG msg="discovery: skipping unreachable socket" socket=/tmp/tmux-501/ta-t121u01b err="query tmux on /tmp/tmux-501/ta-t121u01b: exit status 1: no server running on /tmp/tmux-501/ta-t121u01b"
time=2026-08-21T18:21:49.749+08:00 level=DEBUG msg="discovery: skipping unreachable socket" socket=/tmp/tmux-501/ta-user-agents err="query tmux on /tmp/tmux-501/ta-user-agents: exit status 1: no server running on /tmp/tmux-501/ta-user-agents"
time=2026-08-21T18:21:50.367+08:00 level=DEBUG msg="discovery: skipping unreachable socket" socket=/tmp/tmux-501/t115d24675 err="query tmux on /tmp/tmux-501/t115d24675: exit status 1: no server running on /tmp/tmux-501/t115d24675"
time=2026-08-21T18:21:50.375+08:00 level=DEBUG msg="discovery: skipping unreachable socket" socket=/tmp/tmux-501/t115e31319 err="query tmux on /tmp/tmux-501/t115e31319: exit status 1: no server running on /tmp/tmux-501/t115e31319"
time=2026-08-21T18:21:50.385+08:00 level=DEBUG msg="discovery: skipping unreachable socket" socket=/tmp/tmux-501/t115f44898 err="query tmux on /tmp/tmux-501/t115f44898: exit status 1: no server running on /tmp/tmux-501/t115f44898"
time=2026-08-21T18:21:50.394+08:00 level=DEBUG msg="discovery: skipping unreachable socket" socket=/tmp/tmux-501/t115g47728 err="query tmux on /tmp/tmux-501/t115g47728: exit status 1: no server running on /tmp/tmux-501/t115g47728"
time=2026-08-21T18:21:50.404+08:00 level=DEBUG msg="discovery: skipping unreachable socket" socket=/tmp/tmux-501/ta-0bafa3965ade err="query tmux on /tmp/tmux-501/ta-0bafa3965ade: exit status 1: no server running on /tmp/tmux-501/ta-0bafa3965ade"
time=2026-08-21T18:21:50.431+08:00 level=DEBUG msg="discovery: skipping unreachable socket" socket=/tmp/tmux-501/ta-61709dcf801e err="query tmux on /tmp/tmux-501/ta-61709dcf801e: exit status 1: no server running on /tmp/tmux-501/ta-61709dcf801e"
time=2026-08-21T18:21:50.451+08:00 level=DEBUG msg="discovery: skipping unparsable pane line" socket=/tmp/tmux-501/ta-a9fd5b7defbd line="team-refactor-maintainability|6|%39|/Users/alauda/Documents/code/agent前沿探索/多agent协作|bash|87458|t.p9.review 零上下文设计审查已通过<|eos|> - grok|235x50|tester-t124"
time=2026-08-21T18:21:50.469+08:00 level=DEBUG msg="discovery: skipping unreachable socket" socket=/tmp/tmux-501/ta-ed81bd4d8c17 err="query tmux on /tmp/tmux-501/ta-ed81bd4d8c17: exit status 1: no server running on /tmp/tmux-501/ta-ed81bd4d8c17"
time=2026-08-21T18:21:50.477+08:00 level=DEBUG msg="discovery: skipping unreachable socket" socket=/tmp/tmux-501/ta-f1ad1b378fc7 err="query tmux on /tmp/tmux-501/ta-f1ad1b378fc7: exit status 1: no server running on /tmp/tmux-501/ta-f1ad1b378fc7"
time=2026-08-21T18:21:50.494+08:00 level=DEBUG msg="discovery: skipping unreachable socket" socket=/tmp/tmux-501/ta-t121u01 err="query tmux on /tmp/tmux-501/ta-t121u01: exit status 1: no server running on /tmp/tmux-501/ta-t121u01"
time=2026-08-21T18:21:50.503+08:00 level=DEBUG msg="discovery: skipping unreachable socket" socket=/tmp/tmux-501/ta-t121u01b err="query tmux on /tmp/tmux-501/ta-t121u01b: exit status 1: no server running on /tmp/tmux-501/ta-t121u01b"
time=2026-08-21T18:21:50.512+08:00 level=DEBUG msg="discovery: skipping unreachable socket" socket=/tmp/tmux-501/ta-user-agents err="query tmux on /tmp/tmux-501/ta-user-agents: exit status 1: no server running on /tmp/tmux-501/ta-user-agents"
time=2026-08-21T18:21:51.081+08:00 level=INFO msg="ws: sendq health" conn=4 conn.deltas_dropped=0 conn.snapshots_pushed=2 conn.snapshots_from_resize=0 conn.snapshots_from_subscribe=2 conn.frames_sent=1 total.deltas_dropped=0 total.snapshots_pushed=5 total.snapshots_from_resize=1 total.subscribes=4 total.snapshots_from_subscribe=4 total.connections=4 total.queue_peak=0 total.frames_sent=2 close_reason="read_error: failed to get reader: failed to read frame header: EOF"
time=2026-08-21T18:21:52.054+08:00 level=DEBUG msg="listing: no changes"
time=2026-08-21T18:21:53.072+08:00 level=DEBUG msg="discovery: skipping unreachable socket" socket=/tmp/tmux-501/t115d24675 err="query tmux on /tmp/tmux-501/t115d24675: exit status 1: no server running on /tmp/tmux-501/t115d24675"
time=2026-08-21T18:21:53.086+08:00 level=DEBUG msg="discovery: skipping unreachable socket" socket=/tmp/tmux-501/t115e31319 err="query tmux on /tmp/tmux-501/t115e31319: exit status 1: no server running on /tmp/tmux-501/t115e31319"
time=2026-08-21T18:21:53.096+08:00 level=DEBUG msg="discovery: skipping unreachable socket" socket=/tmp/tmux-501/t115f44898 err="query tmux on /tmp/tmux-501/t115f44898: exit status 1: no server running on /tmp/tmux-501/t115f44898"
time=2026-08-21T18:21:53.100+08:00 level=DEBUG msg="discovery: skipping unreachable socket" socket=/tmp/tmux-501/t115d24675 err="query tmux on /tmp/tmux-501/t115d24675: exit status 1: no server running on /tmp/tmux-501/t115d24675"
time=2026-08-21T18:21:53.105+08:00 level=DEBUG msg="discovery: skipping unreachable socket" socket=/tmp/tmux-501/t115g47728 err="query tmux on /tmp/tmux-501/t115g47728: exit status 1: no server running on /tmp/tmux-501/t115g47728"
time=2026-08-21T18:21:53.110+08:00 level=DEBUG msg="discovery: skipping unreachable socket" socket=/tmp/tmux-501/t115e31319 err="query tmux on /tmp/tmux-501/t115e31319: exit status 1: no server running on /tmp/tmux-501/t115e31319"
time=2026-08-21T18:21:53.114+08:00 level=DEBUG msg="discovery: skipping unreachable socket" socket=/tmp/tmux-501/ta-0bafa3965ade err="query tmux on /tmp/tmux-501/ta-0bafa3965ade: exit status 1: no server running on /tmp/tmux-501/ta-0bafa3965ade"
time=2026-08-21T18:21:53.120+08:00 level=DEBUG msg="discovery: skipping unreachable socket" socket=/tmp/tmux-501/t115f44898 err="query tmux on /tmp/tmux-501/t115f44898: exit status 1: no server running on /tmp/tmux-501/t115f44898"
time=2026-08-21T18:21:53.133+08:00 level=DEBUG msg="discovery: skipping unreachable socket" socket=/tmp/tmux-501/t115g47728 err="query tmux on /tmp/tmux-501/t115g47728: exit status 1: no server running on /tmp/tmux-501/t115g47728"
time=2026-08-21T18:21:53.147+08:00 level=DEBUG msg="discovery: skipping unreachable socket" socket=/tmp/tmux-501/ta-0bafa3965ade err="query tmux on /tmp/tmux-501/ta-0bafa3965ade: exit status 1: no server running on /tmp/tmux-501/ta-0bafa3965ade"
time=2026-08-21T18:21:53.154+08:00 level=DEBUG msg="discovery: skipping unreachable socket" socket=/tmp/tmux-501/ta-61709dcf801e err="query tmux on /tmp/tmux-501/ta-61709dcf801e: exit status 1: no server running on /tmp/tmux-501/ta-61709dcf801e"
time=2026-08-21T18:21:53.174+08:00 level=DEBUG msg="discovery: skipping unparsable pane line" socket=/tmp/tmux-501/ta-a9fd5b7defbd line="team-refactor-maintainability|6|%39|/Users/alauda/Documents/code/agent前沿探索/多agent协作|bash|87458|t.p9.review 零上下文设计审查已通过<|eos|> - grok|235x50|tester-t124"
time=2026-08-21T18:21:53.175+08:00 level=DEBUG msg="discovery: skipping unreachable socket" socket=/tmp/tmux-501/ta-61709dcf801e err="query tmux on /tmp/tmux-501/ta-61709dcf801e: exit status 1: no server running on /tmp/tmux-501/ta-61709dcf801e"
time=2026-08-21T18:21:53.201+08:00 level=DEBUG msg="discovery: skipping unreachable socket" socket=/tmp/tmux-501/ta-ed81bd4d8c17 err="query tmux on /tmp/tmux-501/ta-ed81bd4d8c17: exit status 1: no server running on /tmp/tmux-501/ta-ed81bd4d8c17"
time=2026-08-21T18:21:53.208+08:00 level=DEBUG msg="discovery: skipping unparsable pane line" socket=/tmp/tmux-501/ta-a9fd5b7defbd line="team-refactor-maintainability|6|%39|/Users/alauda/Documents/code/agent前沿探索/多agent协作|bash|87458|t.p9.review 零上下文设计审查已通过<|eos|> - grok|235x50|tester-t124"
time=2026-08-21T18:21:53.211+08:00 level=DEBUG msg="discovery: skipping unreachable socket" socket=/tmp/tmux-501/ta-f1ad1b378fc7 err="query tmux on /tmp/tmux-501/ta-f1ad1b378fc7: exit status 1: no server running on /tmp/tmux-501/ta-f1ad1b378fc7"
time=2026-08-21T18:21:53.229+08:00 level=DEBUG msg="discovery: skipping unreachable socket" socket=/tmp/tmux-501/ta-ed81bd4d8c17 err="query tmux on /tmp/tmux-501/ta-ed81bd4d8c17: exit status 1: no server running on /tmp/tmux-501/ta-ed81bd4d8c17"
time=2026-08-21T18:21:53.230+08:00 level=DEBUG msg="discovery: skipping unreachable socket" socket=/tmp/tmux-501/ta-t121u01 err="query tmux on /tmp/tmux-501/ta-t121u01: exit status 1: no server running on /tmp/tmux-501/ta-t121u01"
time=2026-08-21T18:21:53.238+08:00 level=DEBUG msg="discovery: skipping unreachable socket" socket=/tmp/tmux-501/ta-f1ad1b378fc7 err="query tmux on /tmp/tmux-501/ta-f1ad1b378fc7: exit status 1: no server running on /tmp/tmux-501/ta-f1ad1b378fc7"
time=2026-08-21T18:21:53.239+08:00 level=DEBUG msg="discovery: skipping unreachable socket" socket=/tmp/tmux-501/ta-t121u01b err="query tmux on /tmp/tmux-501/ta-t121u01b: exit status 1: no server running on /tmp/tmux-501/ta-t121u01b"
time=2026-08-21T18:21:53.260+08:00 level=DEBUG msg="discovery: skipping unreachable socket" socket=/tmp/tmux-501/ta-user-agents err="query tmux on /tmp/tmux-501/ta-user-agents: exit status 1: no server running on /tmp/tmux-501/ta-user-agents"
time=2026-08-21T18:21:53.265+08:00 level=DEBUG msg="discovery: skipping unreachable socket" socket=/tmp/tmux-501/ta-t121u01 err="query tmux on /tmp/tmux-501/ta-t121u01: exit status 1: no server running on /tmp/tmux-501/ta-t121u01"
time=2026-08-21T18:21:53.275+08:00 level=DEBUG msg="discovery: skipping unreachable socket" socket=/tmp/tmux-501/ta-t121u01b err="query tmux on /tmp/tmux-501/ta-t121u01b: exit status 1: no server running on /tmp/tmux-501/ta-t121u01b"
time=2026-08-21T18:21:53.284+08:00 level=DEBUG msg="discovery: skipping unreachable socket" socket=/tmp/tmux-501/ta-user-agents err="query tmux on /tmp/tmux-501/ta-user-agents: exit status 1: no server running on /tmp/tmux-501/ta-user-agents"
time=2026-08-21T18:21:58.044+08:00 level=INFO msg="listing: refresh on open" req_id=1 had_cache=true prev_seq=6 prev_sessions=48 cur_sessions=48 cur_seq=8 refresh_err=""
time=2026-08-21T18:21:58.074+08:00 level=DEBUG msg="discovery: skipping unreachable socket" socket=/tmp/tmux-501/t115d24675 err="query tmux on /tmp/tmux-501/t115d24675: exit status 1: no server running on /tmp/tmux-501/t115d24675"
time=2026-08-21T18:21:58.083+08:00 level=DEBUG msg="discovery: skipping unreachable socket" socket=/tmp/tmux-501/t115e31319 err="query tmux on /tmp/tmux-501/t115e31319: exit status 1: no server running on /tmp/tmux-501/t115e31319"
time=2026-08-21T18:21:58.092+08:00 level=DEBUG msg="discovery: skipping unreachable socket" socket=/tmp/tmux-501/t115f44898 err="query tmux on /tmp/tmux-501/t115f44898: exit status 1: no server running on /tmp/tmux-501/t115f44898"
time=2026-08-21T18:21:58.101+08:00 level=DEBUG msg="discovery: skipping unreachable socket" socket=/tmp/tmux-501/t115g47728 err="query tmux on /tmp/tmux-501/t115g47728: exit status 1: no server running on /tmp/tmux-501/t115g47728"
time=2026-08-21T18:21:58.110+08:00 level=DEBUG msg="discovery: skipping unreachable socket" socket=/tmp/tmux-501/ta-0bafa3965ade err="query tmux on /tmp/tmux-501/ta-0bafa3965ade: exit status 1: no server running on /tmp/tmux-501/ta-0bafa3965ade"
time=2026-08-21T18:21:58.138+08:00 level=DEBUG msg="discovery: skipping unreachable socket" socket=/tmp/tmux-501/ta-61709dcf801e err="query tmux on /tmp/tmux-501/ta-61709dcf801e: exit status 1: no server running on /tmp/tmux-501/ta-61709dcf801e"
time=2026-08-21T18:21:58.158+08:00 level=DEBUG msg="discovery: skipping unparsable pane line" socket=/tmp/tmux-501/ta-a9fd5b7defbd line="team-refactor-maintainability|6|%39|/Users/alauda/Documents/code/agent前沿探索/多agent协作|bash|87458|t.p9.review 零上下文设计审查已通过<|eos|> - grok|235x50|tester-t124"
time=2026-08-21T18:21:58.176+08:00 level=DEBUG msg="discovery: skipping unreachable socket" socket=/tmp/tmux-501/ta-ed81bd4d8c17 err="query tmux on /tmp/tmux-501/ta-ed81bd4d8c17: exit status 1: no server running on /tmp/tmux-501/ta-ed81bd4d8c17"
time=2026-08-21T18:21:58.186+08:00 level=DEBUG msg="discovery: skipping unreachable socket" socket=/tmp/tmux-501/ta-f1ad1b378fc7 err="query tmux on /tmp/tmux-501/ta-f1ad1b378fc7: exit status 1: no server running on /tmp/tmux-501/ta-f1ad1b378fc7"
time=2026-08-21T18:21:58.205+08:00 level=DEBUG msg="discovery: skipping unreachable socket" socket=/tmp/tmux-501/ta-t121u01 err="query tmux on /tmp/tmux-501/ta-t121u01: exit status 1: no server running on /tmp/tmux-501/ta-t121u01"
time=2026-08-21T18:21:58.214+08:00 level=DEBUG msg="discovery: skipping unreachable socket" socket=/tmp/tmux-501/ta-t121u01b err="query tmux on /tmp/tmux-501/ta-t121u01b: exit status 1: no server running on /tmp/tmux-501/ta-t121u01b"
time=2026-08-21T18:21:58.224+08:00 level=DEBUG msg="discovery: skipping unreachable socket" socket=/tmp/tmux-501/ta-user-agents err="query tmux on /tmp/tmux-501/ta-user-agents: exit status 1: no server running on /tmp/tmux-501/ta-user-agents"
time=2026-08-21T18:21:58.480+08:00 level=DEBUG msg="discovery: skipping unreachable socket" socket=/tmp/tmux-501/t115d24675 err="query tmux on /tmp/tmux-501/t115d24675: exit status 1: no server running on /tmp/tmux-501/t115d24675"
time=2026-08-21T18:21:58.489+08:00 level=DEBUG msg="discovery: skipping unreachable socket" socket=/tmp/tmux-501/t115e31319 err="query tmux on /tmp/tmux-501/t115e31319: exit status 1: no server running on /tmp/tmux-501/t115e31319"
time=2026-08-21T18:21:58.499+08:00 level=DEBUG msg="discovery: skipping unreachable socket" socket=/tmp/tmux-501/t115f44898 err="query tmux on /tmp/tmux-501/t115f44898: exit status 1: no server running on /tmp/tmux-501/t115f44898"
time=2026-08-21T18:21:58.509+08:00 level=DEBUG msg="discovery: skipping unreachable socket" socket=/tmp/tmux-501/t115g47728 err="query tmux on /tmp/tmux-501/t115g47728: exit status 1: no server running on /tmp/tmux-501/t115g47728"
time=2026-08-21T18:21:58.517+08:00 level=DEBUG msg="discovery: skipping unreachable socket" socket=/tmp/tmux-501/ta-0bafa3965ade err="query tmux on /tmp/tmux-501/ta-0bafa3965ade: exit status 1: no server running on /tmp/tmux-501/ta-0bafa3965ade"
time=2026-08-21T18:21:58.546+08:00 level=DEBUG msg="discovery: skipping unreachable socket" socket=/tmp/tmux-501/ta-61709dcf801e err="query tmux on /tmp/tmux-501/ta-61709dcf801e: exit status 1: no server running on /tmp/tmux-501/ta-61709dcf801e"
time=2026-08-21T18:21:58.567+08:00 level=DEBUG msg="discovery: skipping unparsable pane line" socket=/tmp/tmux-501/ta-a9fd5b7defbd line="team-refactor-maintainability|6|%39|/Users/alauda/Documents/code/agent前沿探索/多agent协作|bash|87458|t.p9.review 零上下文设计审查已通过<|eos|> - grok|235x50|tester-t124"
time=2026-08-21T18:21:58.587+08:00 level=DEBUG msg="discovery: skipping unreachable socket" socket=/tmp/tmux-501/ta-ed81bd4d8c17 err="query tmux on /tmp/tmux-501/ta-ed81bd4d8c17: exit status 1: no server running on /tmp/tmux-501/ta-ed81bd4d8c17"
time=2026-08-21T18:21:58.595+08:00 level=DEBUG msg="discovery: skipping unreachable socket" socket=/tmp/tmux-501/ta-f1ad1b378fc7 err="query tmux on /tmp/tmux-501/ta-f1ad1b378fc7: exit status 1: no server running on /tmp/tmux-501/ta-f1ad1b378fc7"
time=2026-08-21T18:21:58.615+08:00 level=DEBUG msg="discovery: skipping unreachable socket" socket=/tmp/tmux-501/ta-t121u01 err="query tmux on /tmp/tmux-501/ta-t121u01: exit status 1: no server running on /tmp/tmux-501/ta-t121u01"
time=2026-08-21T18:21:58.624+08:00 level=DEBUG msg="discovery: skipping unreachable socket" socket=/tmp/tmux-501/ta-t121u01b err="query tmux on /tmp/tmux-501/ta-t121u01b: exit status 1: no server running on /tmp/tmux-501/ta-t121u01b"
time=2026-08-21T18:21:58.634+08:00 level=DEBUG msg="discovery: skipping unreachable socket" socket=/tmp/tmux-501/ta-user-agents err="query tmux on /tmp/tmux-501/ta-user-agents: exit status 1: no server running on /tmp/tmux-501/ta-user-agents"
time=2026-08-21T18:22:02.179+08:00 level=DEBUG msg="listing: no changes"
time=2026-08-21T18:22:02.179+08:00 level=INFO msg="listing: refresh on open" req_id=2 had_cache=true prev_seq=8 prev_sessions=48 cur_sessions=48 cur_seq=8 refresh_err=""
time=2026-08-21T18:22:02.213+08:00 level=DEBUG msg="discovery: skipping unreachable socket" socket=/tmp/tmux-501/t115d24675 err="query tmux on /tmp/tmux-501/t115d24675: exit status 1: no server running on /tmp/tmux-501/t115d24675"
time=2026-08-21T18:22:02.227+08:00 level=DEBUG msg="discovery: skipping unreachable socket" socket=/tmp/tmux-501/t115e31319 err="query tmux on /tmp/tmux-501/t115e31319: exit status 1: no server running on /tmp/tmux-501/t115e31319"
time=2026-08-21T18:22:02.237+08:00 level=DEBUG msg="discovery: skipping unreachable socket" socket=/tmp/tmux-501/t115f44898 err="query tmux on /tmp/tmux-501/t115f44898: exit status 1: no server running on /tmp/tmux-501/t115f44898"
time=2026-08-21T18:22:02.247+08:00 level=DEBUG msg="discovery: skipping unreachable socket" socket=/tmp/tmux-501/t115g47728 err="query tmux on /tmp/tmux-501/t115g47728: exit status 1: no server running on /tmp/tmux-501/t115g47728"
time=2026-08-21T18:22:02.257+08:00 level=DEBUG msg="discovery: skipping unreachable socket" socket=/tmp/tmux-501/ta-0bafa3965ade err="query tmux on /tmp/tmux-501/ta-0bafa3965ade: exit status 1: no server running on /tmp/tmux-501/ta-0bafa3965ade"
time=2026-08-21T18:22:02.290+08:00 level=DEBUG msg="discovery: skipping unreachable socket" socket=/tmp/tmux-501/ta-61709dcf801e err="query tmux on /tmp/tmux-501/ta-61709dcf801e: exit status 1: no server running on /tmp/tmux-501/ta-61709dcf801e"
time=2026-08-21T18:22:02.310+08:00 level=DEBUG msg="discovery: skipping unparsable pane line" socket=/tmp/tmux-501/ta-a9fd5b7defbd line="team-refactor-maintainability|6|%39|/Users/alauda/Documents/code/agent前沿探索/多agent协作|bash|87458|t.p9.review 零上下文设计审查已通过<|eos|> - grok|235x50|tester-t124"
time=2026-08-21T18:22:02.334+08:00 level=DEBUG msg="discovery: skipping unreachable socket" socket=/tmp/tmux-501/ta-ed81bd4d8c17 err="query tmux on /tmp/tmux-501/ta-ed81bd4d8c17: exit status 1: no server running on /tmp/tmux-501/ta-ed81bd4d8c17"
time=2026-08-21T18:22:02.346+08:00 level=DEBUG msg="discovery: skipping unreachable socket" socket=/tmp/tmux-501/ta-f1ad1b378fc7 err="query tmux on /tmp/tmux-501/ta-f1ad1b378fc7: exit status 1: no server running on /tmp/tmux-501/ta-f1ad1b378fc7"
time=2026-08-21T18:22:02.364+08:00 level=DEBUG msg="discovery: skipping unreachable socket" socket=/tmp/tmux-501/ta-t121u01 err="query tmux on /tmp/tmux-501/ta-t121u01: exit status 1: no server running on /tmp/tmux-501/ta-t121u01"
time=2026-08-21T18:22:02.374+08:00 level=DEBUG msg="discovery: skipping unreachable socket" socket=/tmp/tmux-501/ta-t121u01b err="query tmux on /tmp/tmux-501/ta-t121u01b: exit status 1: no server running on /tmp/tmux-501/ta-t121u01b"
time=2026-08-21T18:22:02.383+08:00 level=DEBUG msg="discovery: skipping unreachable socket" socket=/tmp/tmux-501/ta-user-agents err="query tmux on /tmp/tmux-501/ta-user-agents: exit status 1: no server running on /tmp/tmux-501/ta-user-agents"
time=2026-08-21T18:22:02.894+08:00 level=DEBUG msg="listing: no changes"
time=2026-08-21T18:22:03.483+08:00 level=DEBUG msg="discovery: skipping unreachable socket" socket=/tmp/tmux-501/t115d24675 err="query tmux on /tmp/tmux-501/t115d24675: exit status 1: no server running on /tmp/tmux-501/t115d24675"
time=2026-08-21T18:22:03.492+08:00 level=DEBUG msg="discovery: skipping unreachable socket" socket=/tmp/tmux-501/t115e31319 err="query tmux on /tmp/tmux-501/t115e31319: exit status 1: no server running on /tmp/tmux-501/t115e31319"
time=2026-08-21T18:22:03.504+08:00 level=DEBUG msg="discovery: skipping unreachable socket" socket=/tmp/tmux-501/t115f44898 err="query tmux on /tmp/tmux-501/t115f44898: exit status 1: no server running on /tmp/tmux-501/t115f44898"
time=2026-08-21T18:22:03.512+08:00 level=DEBUG msg="discovery: skipping unreachable socket" socket=/tmp/tmux-501/t115g47728 err="query tmux on /tmp/tmux-501/t115g47728: exit status 1: no server running on /tmp/tmux-501/t115g47728"
time=2026-08-21T18:22:03.521+08:00 level=DEBUG msg="discovery: skipping unreachable socket" socket=/tmp/tmux-501/ta-0bafa3965ade err="query tmux on /tmp/tmux-501/ta-0bafa3965ade: exit status 1: no server running on /tmp/tmux-501/ta-0bafa3965ade"
time=2026-08-21T18:22:03.553+08:00 level=DEBUG msg="discovery: skipping unreachable socket" socket=/tmp/tmux-501/ta-61709dcf801e err="query tmux on /tmp/tmux-501/ta-61709dcf801e: exit status 1: no server running on /tmp/tmux-501/ta-61709dcf801e"
time=2026-08-21T18:22:03.573+08:00 level=DEBUG msg="discovery: skipping unparsable pane line" socket=/tmp/tmux-501/ta-a9fd5b7defbd line="team-refactor-maintainability|6|%39|/Users/alauda/Documents/code/agent前沿探索/多agent协作|bash|87458|t.p9.review 零上下文设计审查已通过<|eos|> - grok|235x50|tester-t124"
time=2026-08-21T18:22:03.596+08:00 level=DEBUG msg="discovery: skipping unreachable socket" socket=/tmp/tmux-501/ta-ed81bd4d8c17 err="query tmux on /tmp/tmux-501/ta-ed81bd4d8c17: exit status 1: no server running on /tmp/tmux-501/ta-ed81bd4d8c17"
time=2026-08-21T18:22:03.609+08:00 level=DEBUG msg="discovery: skipping unreachable socket" socket=/tmp/tmux-501/ta-f1ad1b378fc7 err="query tmux on /tmp/tmux-501/ta-f1ad1b378fc7: exit status 1: no server running on /tmp/tmux-501/ta-f1ad1b378fc7"
time=2026-08-21T18:22:03.629+08:00 level=DEBUG msg="discovery: skipping unreachable socket" socket=/tmp/tmux-501/ta-t121u01 err="query tmux on /tmp/tmux-501/ta-t121u01: exit status 1: no server running on /tmp/tmux-501/ta-t121u01"
time=2026-08-21T18:22:03.637+08:00 level=DEBUG msg="discovery: skipping unreachable socket" socket=/tmp/tmux-501/ta-t121u01b err="query tmux on /tmp/tmux-501/ta-t121u01b: exit status 1: no server running on /tmp/tmux-501/ta-t121u01b"
time=2026-08-21T18:22:03.647+08:00 level=DEBUG msg="discovery: skipping unreachable socket" socket=/tmp/tmux-501/ta-user-agents err="query tmux on /tmp/tmux-501/ta-user-agents: exit status 1: no server running on /tmp/tmux-501/ta-user-agents"
time=2026-08-21T18:22:06.254+08:00 level=DEBUG msg="listing: no changes"
time=2026-08-21T18:22:06.254+08:00 level=INFO msg="listing: refresh on open" req_id=3 had_cache=true prev_seq=8 prev_sessions=48 cur_sessions=48 cur_seq=8 refresh_err=""
time=2026-08-21T18:22:06.286+08:00 level=DEBUG msg="discovery: skipping unreachable socket" socket=/tmp/tmux-501/t115d24675 err="query tmux on /tmp/tmux-501/t115d24675: exit status 1: no server running on /tmp/tmux-501/t115d24675"
time=2026-08-21T18:22:06.290+08:00 level=DEBUG msg="discovery: skipping unreachable socket" socket=/tmp/tmux-501/t115d24675 err="query tmux on /tmp/tmux-501/t115d24675: exit status 1: no server running on /tmp/tmux-501/t115d24675"
time=2026-08-21T18:22:06.301+08:00 level=DEBUG msg="discovery: skipping unreachable socket" socket=/tmp/tmux-501/t115e31319 err="query tmux on /tmp/tmux-501/t115e31319: exit status 1: no server running on /tmp/tmux-501/t115e31319"
time=2026-08-21T18:22:06.301+08:00 level=DEBUG msg="discovery: skipping unreachable socket" socket=/tmp/tmux-501/t115e31319 err="query tmux on /tmp/tmux-501/t115e31319: exit status 1: no server running on /tmp/tmux-501/t115e31319"
time=2026-08-21T18:22:06.311+08:00 level=DEBUG msg="discovery: skipping unreachable socket" socket=/tmp/tmux-501/t115f44898 err="query tmux on /tmp/tmux-501/t115f44898: exit status 1: no server running on /tmp/tmux-501/t115f44898"
time=2026-08-21T18:22:06.312+08:00 level=DEBUG msg="discovery: skipping unreachable socket" socket=/tmp/tmux-501/t115f44898 err="query tmux on /tmp/tmux-501/t115f44898: exit status 1: no server running on /tmp/tmux-501/t115f44898"
time=2026-08-21T18:22:06.321+08:00 level=DEBUG msg="discovery: skipping unreachable socket" socket=/tmp/tmux-501/t115g47728 err="query tmux on /tmp/tmux-501/t115g47728: exit status 1: no server running on /tmp/tmux-501/t115g47728"
time=2026-08-21T18:22:06.321+08:00 level=DEBUG msg="discovery: skipping unreachable socket" socket=/tmp/tmux-501/t115g47728 err="query tmux on /tmp/tmux-501/t115g47728: exit status 1: no server running on /tmp/tmux-501/t115g47728"
time=2026-08-21T18:22:06.330+08:00 level=DEBUG msg="discovery: skipping unreachable socket" socket=/tmp/tmux-501/ta-0bafa3965ade err="query tmux on /tmp/tmux-501/ta-0bafa3965ade: exit status 1: no server running on /tmp/tmux-501/ta-0bafa3965ade"
time=2026-08-21T18:22:06.330+08:00 level=DEBUG msg="discovery: skipping unreachable socket" socket=/tmp/tmux-501/ta-0bafa3965ade err="query tmux on /tmp/tmux-501/ta-0bafa3965ade: exit status 1: no server running on /tmp/tmux-501/ta-0bafa3965ade"
time=2026-08-21T18:22:06.363+08:00 level=DEBUG msg="discovery: skipping unreachable socket" socket=/tmp/tmux-501/ta-61709dcf801e err="query tmux on /tmp/tmux-501/ta-61709dcf801e: exit status 1: no server running on /tmp/tmux-501/ta-61709dcf801e"
time=2026-08-21T18:22:06.367+08:00 level=DEBUG msg="discovery: skipping unreachable socket" socket=/tmp/tmux-501/ta-61709dcf801e err="query tmux on /tmp/tmux-501/ta-61709dcf801e: exit status 1: no server running on /tmp/tmux-501/ta-61709dcf801e"
time=2026-08-21T18:22:06.382+08:00 level=DEBUG msg="discovery: skipping unparsable pane line" socket=/tmp/tmux-501/ta-a9fd5b7defbd line="team-refactor-maintainability|6|%39|/Users/alauda/Documents/code/agent前沿探索/多agent协作|bash|87458|t.p9.review 零上下文设计审查已通过<|eos|> - grok|235x50|tester-t124"
time=2026-08-21T18:22:06.386+08:00 level=DEBUG msg="discovery: skipping unparsable pane line" socket=/tmp/tmux-501/ta-a9fd5b7defbd line="team-refactor-maintainability|6|%39|/Users/alauda/Documents/code/agent前沿探索/多agent协作|bash|87458|t.p9.review 零上下文设计审查已通过<|eos|> - grok|235x50|tester-t124"
time=2026-08-21T18:22:06.407+08:00 level=DEBUG msg="discovery: skipping unreachable socket" socket=/tmp/tmux-501/ta-ed81bd4d8c17 err="query tmux on /tmp/tmux-501/ta-ed81bd4d8c17: exit status 1: no server running on /tmp/tmux-501/ta-ed81bd4d8c17"
time=2026-08-21T18:22:06.409+08:00 level=DEBUG msg="discovery: skipping unreachable socket" socket=/tmp/tmux-501/ta-ed81bd4d8c17 err="query tmux on /tmp/tmux-501/ta-ed81bd4d8c17: exit status 1: no server running on /tmp/tmux-501/ta-ed81bd4d8c17"
time=2026-08-21T18:22:06.416+08:00 level=DEBUG msg="discovery: skipping unreachable socket" socket=/tmp/tmux-501/ta-f1ad1b378fc7 err="query tmux on /tmp/tmux-501/ta-f1ad1b378fc7: exit status 1: no server running on /tmp/tmux-501/ta-f1ad1b378fc7"
time=2026-08-21T18:22:06.417+08:00 level=DEBUG msg="discovery: skipping unreachable socket" socket=/tmp/tmux-501/ta-f1ad1b378fc7 err="query tmux on /tmp/tmux-501/ta-f1ad1b378fc7: exit status 1: no server running on /tmp/tmux-501/ta-f1ad1b378fc7"
time=2026-08-21T18:22:06.435+08:00 level=DEBUG msg="discovery: skipping unreachable socket" socket=/tmp/tmux-501/ta-t121u01 err="query tmux on /tmp/tmux-501/ta-t121u01: exit status 1: no server running on /tmp/tmux-501/ta-t121u01"
time=2026-08-21T18:22:06.435+08:00 level=DEBUG msg="discovery: skipping unreachable socket" socket=/tmp/tmux-501/ta-t121u01 err="query tmux on /tmp/tmux-501/ta-t121u01: exit status 1: no server running on /tmp/tmux-501/ta-t121u01"
time=2026-08-21T18:22:06.445+08:00 level=DEBUG msg="discovery: skipping unreachable socket" socket=/tmp/tmux-501/ta-t121u01b err="query tmux on /tmp/tmux-501/ta-t121u01b: exit status 1: no server running on /tmp/tmux-501/ta-t121u01b"
time=2026-08-21T18:22:06.446+08:00 level=DEBUG msg="discovery: skipping unreachable socket" socket=/tmp/tmux-501/ta-t121u01b err="query tmux on /tmp/tmux-501/ta-t121u01b: exit status 1: no server running on /tmp/tmux-501/ta-t121u01b"
time=2026-08-21T18:22:06.454+08:00 level=DEBUG msg="discovery: skipping unreachable socket" socket=/tmp/tmux-501/ta-user-agents err="query tmux on /tmp/tmux-501/ta-user-agents: exit status 1: no server running on /tmp/tmux-501/ta-user-agents"
time=2026-08-21T18:22:06.457+08:00 level=DEBUG msg="discovery: skipping unreachable socket" socket=/tmp/tmux-501/ta-user-agents err="query tmux on /tmp/tmux-501/ta-user-agents: exit status 1: no server running on /tmp/tmux-501/ta-user-agents"
time=2026-08-21T18:22:06.577+08:00 level=DEBUG msg="discovery: skipping unreachable socket" socket=/tmp/tmux-501/t115d24675 err="query tmux on /tmp/tmux-501/t115d24675: exit status 1: no server running on /tmp/tmux-501/t115d24675"
time=2026-08-21T18:22:06.586+08:00 level=DEBUG msg="discovery: skipping unreachable socket" socket=/tmp/tmux-501/t115e31319 err="query tmux on /tmp/tmux-501/t115e31319: exit status 1: no server running on /tmp/tmux-501/t115e31319"
time=2026-08-21T18:22:06.597+08:00 level=DEBUG msg="discovery: skipping unreachable socket" socket=/tmp/tmux-501/t115f44898 err="query tmux on /tmp/tmux-501/t115f44898: exit status 1: no server running on /tmp/tmux-501/t115f44898"
time=2026-08-21T18:22:06.608+08:00 level=DEBUG msg="discovery: skipping unreachable socket" socket=/tmp/tmux-501/t115g47728 err="query tmux on /tmp/tmux-501/t115g47728: exit status 1: no server running on /tmp/tmux-501/t115g47728"
time=2026-08-21T18:22:06.619+08:00 level=DEBUG msg="discovery: skipping unreachable socket" socket=/tmp/tmux-501/ta-0bafa3965ade err="query tmux on /tmp/tmux-501/ta-0bafa3965ade: exit status 1: no server running on /tmp/tmux-501/ta-0bafa3965ade"
time=2026-08-21T18:22:06.650+08:00 level=DEBUG msg="discovery: skipping unreachable socket" socket=/tmp/tmux-501/ta-61709dcf801e err="query tmux on /tmp/tmux-501/ta-61709dcf801e: exit status 1: no server running on /tmp/tmux-501/ta-61709dcf801e"
time=2026-08-21T18:22:06.672+08:00 level=DEBUG msg="discovery: skipping unparsable pane line" socket=/tmp/tmux-501/ta-a9fd5b7defbd line="team-refactor-maintainability|6|%39|/Users/alauda/Documents/code/agent前沿探索/多agent协作|bash|87458|t.p9.review 零上下文设计审查已通过<|eos|> - grok|235x50|tester-t124"
time=2026-08-21T18:22:06.690+08:00 level=DEBUG msg="discovery: skipping unreachable socket" socket=/tmp/tmux-501/ta-ed81bd4d8c17 err="query tmux on /tmp/tmux-501/ta-ed81bd4d8c17: exit status 1: no server running on /tmp/tmux-501/ta-ed81bd4d8c17"
time=2026-08-21T18:22:06.700+08:00 level=DEBUG msg="discovery: skipping unreachable socket" socket=/tmp/tmux-501/ta-f1ad1b378fc7 err="query tmux on /tmp/tmux-501/ta-f1ad1b378fc7: exit status 1: no server running on /tmp/tmux-501/ta-f1ad1b378fc7"
time=2026-08-21T18:22:06.719+08:00 level=DEBUG msg="discovery: skipping unreachable socket" socket=/tmp/tmux-501/ta-t121u01 err="query tmux on /tmp/tmux-501/ta-t121u01: exit status 1: no server running on /tmp/tmux-501/ta-t121u01"
time=2026-08-21T18:22:06.727+08:00 level=DEBUG msg="discovery: skipping unreachable socket" socket=/tmp/tmux-501/ta-t121u01b err="query tmux on /tmp/tmux-501/ta-t121u01b: exit status 1: no server running on /tmp/tmux-501/ta-t121u01b"
time=2026-08-21T18:22:06.737+08:00 level=DEBUG msg="discovery: skipping unreachable socket" socket=/tmp/tmux-501/ta-user-agents err="query tmux on /tmp/tmux-501/ta-user-agents: exit status 1: no server running on /tmp/tmux-501/ta-user-agents"
time=2026-08-21T18:22:07.905+08:00 level=DEBUG msg="listing: no changes"
time=2026-08-21T18:22:08.436+08:00 level=DEBUG msg="discovery: skipping unreachable socket" socket=/tmp/tmux-501/t115d24675 err="query tmux on /tmp/tmux-501/t115d24675: exit status 1: no server running on /tmp/tmux-501/t115d24675"
time=2026-08-21T18:22:08.445+08:00 level=DEBUG msg="discovery: skipping unreachable socket" socket=/tmp/tmux-501/t115e31319 err="query tmux on /tmp/tmux-501/t115e31319: exit status 1: no server running on /tmp/tmux-501/t115e31319"
time=2026-08-21T18:22:08.454+08:00 level=DEBUG msg="discovery: skipping unreachable socket" socket=/tmp/tmux-501/t115f44898 err="query tmux on /tmp/tmux-501/t115f44898: exit status 1: no server running on /tmp/tmux-501/t115f44898"
time=2026-08-21T18:22:08.462+08:00 level=DEBUG msg="discovery: skipping unreachable socket" socket=/tmp/tmux-501/t115g47728 err="query tmux on /tmp/tmux-501/t115g47728: exit status 1: no server running on /tmp/tmux-501/t115g47728"
time=2026-08-21T18:22:08.470+08:00 level=DEBUG msg="discovery: skipping unreachable socket" socket=/tmp/tmux-501/ta-0bafa3965ade err="query tmux on /tmp/tmux-501/ta-0bafa3965ade: exit status 1: no server running on /tmp/tmux-501/ta-0bafa3965ade"
time=2026-08-21T18:22:08.498+08:00 level=DEBUG msg="discovery: skipping unreachable socket" socket=/tmp/tmux-501/ta-61709dcf801e err="query tmux on /tmp/tmux-501/ta-61709dcf801e: exit status 1: no server running on /tmp/tmux-501/ta-61709dcf801e"
time=2026-08-21T18:22:08.516+08:00 level=DEBUG msg="discovery: skipping unparsable pane line" socket=/tmp/tmux-501/ta-a9fd5b7defbd line="team-refactor-maintainability|6|%39|/Users/alauda/Documents/code/agent前沿探索/多agent协作|bash|87458|t.p9.review 零上下文设计审查已通过<|eos|> - grok|235x50|tester-t124"
time=2026-08-21T18:22:08.535+08:00 level=DEBUG msg="discovery: skipping unreachable socket" socket=/tmp/tmux-501/ta-ed81bd4d8c17 err="query tmux on /tmp/tmux-501/ta-ed81bd4d8c17: exit status 1: no server running on /tmp/tmux-501/ta-ed81bd4d8c17"
time=2026-08-21T18:22:08.544+08:00 level=DEBUG msg="discovery: skipping unreachable socket" socket=/tmp/tmux-501/ta-f1ad1b378fc7 err="query tmux on /tmp/tmux-501/ta-f1ad1b378fc7: exit status 1: no server running on /tmp/tmux-501/ta-f1ad1b378fc7"
time=2026-08-21T18:22:08.562+08:00 level=DEBUG msg="discovery: skipping unreachable socket" socket=/tmp/tmux-501/ta-t121u01 err="query tmux on /tmp/tmux-501/ta-t121u01: exit status 1: no server running on /tmp/tmux-501/ta-t121u01"
time=2026-08-21T18:22:08.571+08:00 level=DEBUG msg="discovery: skipping unreachable socket" socket=/tmp/tmux-501/ta-t121u01b err="query tmux on /tmp/tmux-501/ta-t121u01b: exit status 1: no server running on /tmp/tmux-501/ta-t121u01b"
time=2026-08-21T18:22:08.577+08:00 level=DEBUG msg="discovery: skipping unreachable socket" socket=/tmp/tmux-501/t115d24675 err="query tmux on /tmp/tmux-501/t115d24675: exit status 1: no server running on /tmp/tmux-501/t115d24675"
time=2026-08-21T18:22:08.579+08:00 level=DEBUG msg="discovery: skipping unreachable socket" socket=/tmp/tmux-501/ta-user-agents err="query tmux on /tmp/tmux-501/ta-user-agents: exit status 1: no server running on /tmp/tmux-501/ta-user-agents"
time=2026-08-21T18:22:08.586+08:00 level=DEBUG msg="discovery: skipping unreachable socket" socket=/tmp/tmux-501/t115e31319 err="query tmux on /tmp/tmux-501/t115e31319: exit status 1: no server running on /tmp/tmux-501/t115e31319"
time=2026-08-21T18:22:08.594+08:00 level=DEBUG msg="discovery: skipping unreachable socket" socket=/tmp/tmux-501/t115f44898 err="query tmux on /tmp/tmux-501/t115f44898: exit status 1: no server running on /tmp/tmux-501/t115f44898"
time=2026-08-21T18:22:08.603+08:00 level=DEBUG msg="discovery: skipping unreachable socket" socket=/tmp/tmux-501/t115g47728 err="query tmux on /tmp/tmux-501/t115g47728: exit status 1: no server running on /tmp/tmux-501/t115g47728"
time=2026-08-21T18:22:08.612+08:00 level=DEBUG msg="discovery: skipping unreachable socket" socket=/tmp/tmux-501/ta-0bafa3965ade err="query tmux on /tmp/tmux-501/ta-0bafa3965ade: exit status 1: no server running on /tmp/tmux-501/ta-0bafa3965ade"
time=2026-08-21T18:22:08.641+08:00 level=DEBUG msg="discovery: skipping unreachable socket" socket=/tmp/tmux-501/ta-61709dcf801e err="query tmux on /tmp/tmux-501/ta-61709dcf801e: exit status 1: no server running on /tmp/tmux-501/ta-61709dcf801e"
time=2026-08-21T18:22:08.661+08:00 level=DEBUG msg="discovery: skipping unparsable pane line" socket=/tmp/tmux-501/ta-a9fd5b7defbd line="team-refactor-maintainability|6|%39|/Users/alauda/Documents/code/agent前沿探索/多agent协作|bash|87458|t.p9.review 零上下文设计审查已通过<|eos|> - grok|235x50|tester-t124"
time=2026-08-21T18:22:08.680+08:00 level=DEBUG msg="discovery: skipping unreachable socket" socket=/tmp/tmux-501/ta-ed81bd4d8c17 err="query tmux on /tmp/tmux-501/ta-ed81bd4d8c17: exit status 1: no server running on /tmp/tmux-501/ta-ed81bd4d8c17"
time=2026-08-21T18:22:08.689+08:00 level=DEBUG msg="discovery: skipping unreachable socket" socket=/tmp/tmux-501/ta-f1ad1b378fc7 err="query tmux on /tmp/tmux-501/ta-f1ad1b378fc7: exit status 1: no server running on /tmp/tmux-501/ta-f1ad1b378fc7"
time=2026-08-21T18:22:08.708+08:00 level=DEBUG msg="discovery: skipping unreachable socket" socket=/tmp/tmux-501/ta-t121u01 err="query tmux on /tmp/tmux-501/ta-t121u01: exit status 1: no server running on /tmp/tmux-501/ta-t121u01"
time=2026-08-21T18:22:08.716+08:00 level=DEBUG msg="discovery: skipping unreachable socket" socket=/tmp/tmux-501/ta-t121u01b err="query tmux on /tmp/tmux-501/ta-t121u01b: exit status 1: no server running on /tmp/tmux-501/ta-t121u01b"
time=2026-08-21T18:22:08.725+08:00 level=DEBUG msg="discovery: skipping unreachable socket" socket=/tmp/tmux-501/ta-user-agents err="query tmux on /tmp/tmux-501/ta-user-agents: exit status 1: no server running on /tmp/tmux-501/ta-user-agents"
time=2026-08-21T18:22:10.518+08:00 level=DEBUG msg="listing: no changes"
time=2026-08-21T18:22:10.518+08:00 level=INFO msg="listing: refresh on open" req_id=4 had_cache=true prev_seq=8 prev_sessions=48 cur_sessions=48 cur_seq=8 refresh_err=""
time=2026-08-21T18:22:10.923+08:00 level=DEBUG msg="discovery: skipping unreachable socket" socket=/tmp/tmux-501/t115d24675 err="query tmux on /tmp/tmux-501/t115d24675: exit status 1: no server running on /tmp/tmux-501/t115d24675"
time=2026-08-21T18:22:10.932+08:00 level=DEBUG msg="discovery: skipping unreachable socket" socket=/tmp/tmux-501/t115e31319 err="query tmux on /tmp/tmux-501/t115e31319: exit status 1: no server running on /tmp/tmux-501/t115e31319"
time=2026-08-21T18:22:10.940+08:00 level=DEBUG msg="discovery: skipping unreachable socket" socket=/tmp/tmux-501/t115f44898 err="query tmux on /tmp/tmux-501/t115f44898: exit status 1: no server running on /tmp/tmux-501/t115f44898"
time=2026-08-21T18:22:10.949+08:00 level=DEBUG msg="discovery: skipping unreachable socket" socket=/tmp/tmux-501/t115g47728 err="query tmux on /tmp/tmux-501/t115g47728: exit status 1: no server running on /tmp/tmux-501/t115g47728"
time=2026-08-21T18:22:10.957+08:00 level=DEBUG msg="discovery: skipping unreachable socket" socket=/tmp/tmux-501/ta-0bafa3965ade err="query tmux on /tmp/tmux-501/ta-0bafa3965ade: exit status 1: no server running on /tmp/tmux-501/ta-0bafa3965ade"
time=2026-08-21T18:22:10.983+08:00 level=DEBUG msg="discovery: skipping unreachable socket" socket=/tmp/tmux-501/ta-61709dcf801e err="query tmux on /tmp/tmux-501/ta-61709dcf801e: exit status 1: no server running on /tmp/tmux-501/ta-61709dcf801e"
time=2026-08-21T18:22:11.003+08:00 level=DEBUG msg="discovery: skipping unparsable pane line" socket=/tmp/tmux-501/ta-a9fd5b7defbd line="team-refactor-maintainability|6|%39|/Users/alauda/Documents/code/agent前沿探索/多agent协作|bash|87458|t.p9.review 零上下文设计审查已通过<|eos|> - grok|235x50|tester-t124"
time=2026-08-21T18:22:11.022+08:00 level=DEBUG msg="discovery: skipping unreachable socket" socket=/tmp/tmux-501/ta-ed81bd4d8c17 err="query tmux on /tmp/tmux-501/ta-ed81bd4d8c17: exit status 1: no server running on /tmp/tmux-501/ta-ed81bd4d8c17"
time=2026-08-21T18:22:11.032+08:00 level=DEBUG msg="discovery: skipping unreachable socket" socket=/tmp/tmux-501/ta-f1ad1b378fc7 err="query tmux on /tmp/tmux-501/ta-f1ad1b378fc7: exit status 1: no server running on /tmp/tmux-501/ta-f1ad1b378fc7"
time=2026-08-21T18:22:11.049+08:00 level=DEBUG msg="discovery: skipping unreachable socket" socket=/tmp/tmux-501/ta-t121u01 err="query tmux on /tmp/tmux-501/ta-t121u01: exit status 1: no server running on /tmp/tmux-501/ta-t121u01"
time=2026-08-21T18:22:11.058+08:00 level=DEBUG msg="discovery: skipping unreachable socket" socket=/tmp/tmux-501/ta-t121u01b err="query tmux on /tmp/tmux-501/ta-t121u01b: exit status 1: no server running on /tmp/tmux-501/ta-t121u01b"
time=2026-08-21T18:22:11.068+08:00 level=DEBUG msg="discovery: skipping unreachable socket" socket=/tmp/tmux-501/ta-user-agents err="query tmux on /tmp/tmux-501/ta-user-agents: exit status 1: no server running on /tmp/tmux-501/ta-user-agents"
time=2026-08-21T18:22:11.888+08:00 level=DEBUG msg="listing: no changes"
time=2026-08-21T18:22:12.426+08:00 level=DEBUG msg="discovery: skipping unreachable socket" socket=/tmp/tmux-501/t115d24675 err="query tmux on /tmp/tmux-501/t115d24675: exit status 1: no server running on /tmp/tmux-501/t115d24675"
time=2026-08-21T18:22:12.436+08:00 level=DEBUG msg="discovery: skipping unreachable socket" socket=/tmp/tmux-501/t115e31319 err="query tmux on /tmp/tmux-501/t115e31319: exit status 1: no server running on /tmp/tmux-501/t115e31319"
time=2026-08-21T18:22:12.447+08:00 level=DEBUG msg="discovery: skipping unreachable socket" socket=/tmp/tmux-501/t115f44898 err="query tmux on /tmp/tmux-501/t115f44898: exit status 1: no server running on /tmp/tmux-501/t115f44898"
time=2026-08-21T18:22:12.459+08:00 level=DEBUG msg="discovery: skipping unreachable socket" socket=/tmp/tmux-501/t115g47728 err="query tmux on /tmp/tmux-501/t115g47728: exit status 1: no server running on /tmp/tmux-501/t115g47728"
time=2026-08-21T18:22:12.469+08:00 level=DEBUG msg="discovery: skipping unreachable socket" socket=/tmp/tmux-501/ta-0bafa3965ade err="query tmux on /tmp/tmux-501/ta-0bafa3965ade: exit status 1: no server running on /tmp/tmux-501/ta-0bafa3965ade"
time=2026-08-21T18:22:12.503+08:00 level=DEBUG msg="discovery: skipping unreachable socket" socket=/tmp/tmux-501/ta-61709dcf801e err="query tmux on /tmp/tmux-501/ta-61709dcf801e: exit status 1: no server running on /tmp/tmux-501/ta-61709dcf801e"
time=2026-08-21T18:22:12.526+08:00 level=DEBUG msg="discovery: skipping unparsable pane line" socket=/tmp/tmux-501/ta-a9fd5b7defbd line="team-refactor-maintainability|6|%39|/Users/alauda/Documents/code/agent前沿探索/多agent协作|bash|87458|t.p9.review 零上下文设计审查已通过<|eos|> - grok|235x50|tester-t124"
time=2026-08-21T18:22:12.548+08:00 level=DEBUG msg="discovery: skipping unreachable socket" socket=/tmp/tmux-501/ta-ed81bd4d8c17 err="query tmux on /tmp/tmux-501/ta-ed81bd4d8c17: exit status 1: no server running on /tmp/tmux-501/ta-ed81bd4d8c17"
time=2026-08-21T18:22:12.559+08:00 level=DEBUG msg="discovery: skipping unreachable socket" socket=/tmp/tmux-501/ta-f1ad1b378fc7 err="query tmux on /tmp/tmux-501/ta-f1ad1b378fc7: exit status 1: no server running on /tmp/tmux-501/ta-f1ad1b378fc7"
time=2026-08-21T18:22:12.586+08:00 level=DEBUG msg="discovery: skipping unreachable socket" socket=/tmp/tmux-501/ta-t121u01 err="query tmux on /tmp/tmux-501/ta-t121u01: exit status 1: no server running on /tmp/tmux-501/ta-t121u01"
time=2026-08-21T18:22:12.596+08:00 level=DEBUG msg="discovery: skipping unreachable socket" socket=/tmp/tmux-501/ta-t121u01b err="query tmux on /tmp/tmux-501/ta-t121u01b: exit status 1: no server running on /tmp/tmux-501/ta-t121u01b"
time=2026-08-21T18:22:12.608+08:00 level=DEBUG msg="discovery: skipping unreachable socket" socket=/tmp/tmux-501/ta-user-agents err="query tmux on /tmp/tmux-501/ta-user-agents: exit status 1: no server running on /tmp/tmux-501/ta-user-agents"
time=2026-08-21T18:22:13.234+08:00 level=DEBUG msg="discovery: skipping unreachable socket" socket=/tmp/tmux-501/t115d24675 err="query tmux on /tmp/tmux-501/t115d24675: exit status 1: no server running on /tmp/tmux-501/t115d24675"
time=2026-08-21T18:22:13.243+08:00 level=DEBUG msg="discovery: skipping unreachable socket" socket=/tmp/tmux-501/t115e31319 err="query tmux on /tmp/tmux-501/t115e31319: exit status 1: no server running on /tmp/tmux-501/t115e31319"
time=2026-08-21T18:22:13.252+08:00 level=DEBUG msg="discovery: skipping unreachable socket" socket=/tmp/tmux-501/t115f44898 err="query tmux on /tmp/tmux-501/t115f44898: exit status 1: no server running on /tmp/tmux-501/t115f44898"
time=2026-08-21T18:22:13.261+08:00 level=DEBUG msg="discovery: skipping unreachable socket" socket=/tmp/tmux-501/t115g47728 err="query tmux on /tmp/tmux-501/t115g47728: exit status 1: no server running on /tmp/tmux-501/t115g47728"
time=2026-08-21T18:22:13.270+08:00 level=DEBUG msg="discovery: skipping unreachable socket" socket=/tmp/tmux-501/ta-0bafa3965ade err="query tmux on /tmp/tmux-501/ta-0bafa3965ade: exit status 1: no server running on /tmp/tmux-501/ta-0bafa3965ade"
time=2026-08-21T18:22:13.305+08:00 level=DEBUG msg="discovery: skipping unreachable socket" socket=/tmp/tmux-501/ta-61709dcf801e err="query tmux on /tmp/tmux-501/ta-61709dcf801e: exit status 1: no server running on /tmp/tmux-501/ta-61709dcf801e"
time=2026-08-21T18:22:13.325+08:00 level=DEBUG msg="discovery: skipping unparsable pane line" socket=/tmp/tmux-501/ta-a9fd5b7defbd line="team-refactor-maintainability|6|%39|/Users/alauda/Documents/code/agent前沿探索/多agent协作|bash|87458|t.p9.review 零上下文设计审查已通过<|eos|> - grok|235x50|tester-t124"
time=2026-08-21T18:22:13.350+08:00 level=DEBUG msg="discovery: skipping unreachable socket" socket=/tmp/tmux-501/ta-ed81bd4d8c17 err="query tmux on /tmp/tmux-501/ta-ed81bd4d8c17: exit status 1: no server running on /tmp/tmux-501/ta-ed81bd4d8c17"
time=2026-08-21T18:22:13.361+08:00 level=DEBUG msg="discovery: skipping unreachable socket" socket=/tmp/tmux-501/ta-f1ad1b378fc7 err="query tmux on /tmp/tmux-501/ta-f1ad1b378fc7: exit status 1: no server running on /tmp/tmux-501/ta-f1ad1b378fc7"
time=2026-08-21T18:22:13.379+08:00 level=DEBUG msg="discovery: skipping unreachable socket" socket=/tmp/tmux-501/ta-t121u01 err="query tmux on /tmp/tmux-501/ta-t121u01: exit status 1: no server running on /tmp/tmux-501/ta-t121u01"
time=2026-08-21T18:22:13.393+08:00 level=DEBUG msg="discovery: skipping unreachable socket" socket=/tmp/tmux-501/ta-t121u01b err="query tmux on /tmp/tmux-501/ta-t121u01b: exit status 1: no server running on /tmp/tmux-501/ta-t121u01b"
time=2026-08-21T18:22:13.403+08:00 level=DEBUG msg="discovery: skipping unreachable socket" socket=/tmp/tmux-501/ta-user-agents err="query tmux on /tmp/tmux-501/ta-user-agents: exit status 1: no server running on /tmp/tmux-501/ta-user-agents"
time=2026-08-21T18:22:15.584+08:00 level=DEBUG msg="discovery: skipping unreachable socket" socket=/tmp/tmux-501/t115d24675 err="query tmux on /tmp/tmux-501/t115d24675: exit status 1: no server running on /tmp/tmux-501/t115d24675"
time=2026-08-21T18:22:15.593+08:00 level=DEBUG msg="discovery: skipping unreachable socket" socket=/tmp/tmux-501/t115e31319 err="query tmux on /tmp/tmux-501/t115e31319: exit status 1: no server running on /tmp/tmux-501/t115e31319"
time=2026-08-21T18:22:15.602+08:00 level=DEBUG msg="discovery: skipping unreachable socket" socket=/tmp/tmux-501/t115f44898 err="query tmux on /tmp/tmux-501/t115f44898: exit status 1: no server running on /tmp/tmux-501/t115f44898"
time=2026-08-21T18:22:15.611+08:00 level=DEBUG msg="discovery: skipping unreachable socket" socket=/tmp/tmux-501/t115g47728 err="query tmux on /tmp/tmux-501/t115g47728: exit status 1: no server running on /tmp/tmux-501/t115g47728"
time=2026-08-21T18:22:15.619+08:00 level=DEBUG msg="discovery: skipping unreachable socket" socket=/tmp/tmux-501/t115d24675 err="query tmux on /tmp/tmux-501/t115d24675: exit status 1: no server running on /tmp/tmux-501/t115d24675"
time=2026-08-21T18:22:15.620+08:00 level=DEBUG msg="discovery: skipping unreachable socket" socket=/tmp/tmux-501/ta-0bafa3965ade err="query tmux on /tmp/tmux-501/ta-0bafa3965ade: exit status 1: no server running on /tmp/tmux-501/ta-0bafa3965ade"
time=2026-08-21T18:22:15.638+08:00 level=DEBUG msg="discovery: skipping unreachable socket" socket=/tmp/tmux-501/t115e31319 err="query tmux on /tmp/tmux-501/t115e31319: exit status 1: no server running on /tmp/tmux-501/t115e31319"
time=2026-08-21T18:22:15.647+08:00 level=DEBUG msg="discovery: skipping unreachable socket" socket=/tmp/tmux-501/t115f44898 err="query tmux on /tmp/tmux-501/t115f44898: exit status 1: no server running on /tmp/tmux-501/t115f44898"
time=2026-08-21T18:22:15.655+08:00 level=DEBUG msg="discovery: skipping unreachable socket" socket=/tmp/tmux-501/t115g47728 err="query tmux on /tmp/tmux-501/t115g47728: exit status 1: no server running on /tmp/tmux-501/t115g47728"
time=2026-08-21T18:22:15.656+08:00 level=DEBUG msg="discovery: skipping unreachable socket" socket=/tmp/tmux-501/ta-61709dcf801e err="query tmux on /tmp/tmux-501/ta-61709dcf801e: exit status 1: no server running on /tmp/tmux-501/ta-61709dcf801e"
time=2026-08-21T18:22:15.664+08:00 level=DEBUG msg="discovery: skipping unreachable socket" socket=/tmp/tmux-501/ta-0bafa3965ade err="query tmux on /tmp/tmux-501/ta-0bafa3965ade: exit status 1: no server running on /tmp/tmux-501/ta-0bafa3965ade"
time=2026-08-21T18:22:15.675+08:00 level=DEBUG msg="discovery: skipping unparsable pane line" socket=/tmp/tmux-501/ta-a9fd5b7defbd line="team-refactor-maintainability|6|%39|/Users/alauda/Documents/code/agent前沿探索/多agent协作|bash|87458|t.p9.review 零上下文设计审查已通过<|eos|> - grok|235x50|tester-t124"
time=2026-08-21T18:22:15.697+08:00 level=DEBUG msg="discovery: skipping unreachable socket" socket=/tmp/tmux-501/ta-61709dcf801e err="query tmux on /tmp/tmux-501/ta-61709dcf801e: exit status 1: no server running on /tmp/tmux-501/ta-61709dcf801e"
time=2026-08-21T18:22:15.704+08:00 level=DEBUG msg="discovery: skipping unreachable socket" socket=/tmp/tmux-501/ta-ed81bd4d8c17 err="query tmux on /tmp/tmux-501/ta-ed81bd4d8c17: exit status 1: no server running on /tmp/tmux-501/ta-ed81bd4d8c17"
time=2026-08-21T18:22:15.713+08:00 level=DEBUG msg="discovery: skipping unreachable socket" socket=/tmp/tmux-501/ta-f1ad1b378fc7 err="query tmux on /tmp/tmux-501/ta-f1ad1b378fc7: exit status 1: no server running on /tmp/tmux-501/ta-f1ad1b378fc7"
time=2026-08-21T18:22:15.717+08:00 level=DEBUG msg="discovery: skipping unparsable pane line" socket=/tmp/tmux-501/ta-a9fd5b7defbd line="team-refactor-maintainability|6|%39|/Users/alauda/Documents/code/agent前沿探索/多agent协作|bash|87458|t.p9.review 零上下文设计审查已通过<|eos|> - grok|235x50|tester-t124"
time=2026-08-21T18:22:15.731+08:00 level=DEBUG msg="discovery: skipping unreachable socket" socket=/tmp/tmux-501/ta-t121u01 err="query tmux on /tmp/tmux-501/ta-t121u01: exit status 1: no server running on /tmp/tmux-501/ta-t121u01"
time=2026-08-21T18:22:15.735+08:00 level=DEBUG msg="discovery: skipping unreachable socket" socket=/tmp/tmux-501/ta-ed81bd4d8c17 err="query tmux on /tmp/tmux-501/ta-ed81bd4d8c17: exit status 1: no server running on /tmp/tmux-501/ta-ed81bd4d8c17"
time=2026-08-21T18:22:15.740+08:00 level=DEBUG msg="discovery: skipping unreachable socket" socket=/tmp/tmux-501/ta-t121u01b err="query tmux on /tmp/tmux-501/ta-t121u01b: exit status 1: no server running on /tmp/tmux-501/ta-t121u01b"
time=2026-08-21T18:22:15.746+08:00 level=DEBUG msg="discovery: skipping unreachable socket" socket=/tmp/tmux-501/ta-f1ad1b378fc7 err="query tmux on /tmp/tmux-501/ta-f1ad1b378fc7: exit status 1: no server running on /tmp/tmux-501/ta-f1ad1b378fc7"
time=2026-08-21T18:22:15.756+08:00 level=DEBUG msg="discovery: skipping unreachable socket" socket=/tmp/tmux-501/ta-user-agents err="query tmux on /tmp/tmux-501/ta-user-agents: exit status 1: no server running on /tmp/tmux-501/ta-user-agents"
time=2026-08-21T18:22:15.768+08:00 level=DEBUG msg="discovery: skipping unreachable socket" socket=/tmp/tmux-501/ta-t121u01 err="query tmux on /tmp/tmux-501/ta-t121u01: exit status 1: no server running on /tmp/tmux-501/ta-t121u01"
time=2026-08-21T18:22:15.777+08:00 level=DEBUG msg="discovery: skipping unreachable socket" socket=/tmp/tmux-501/ta-t121u01b err="query tmux on /tmp/tmux-501/ta-t121u01b: exit status 1: no server running on /tmp/tmux-501/ta-t121u01b"
time=2026-08-21T18:22:15.785+08:00 level=DEBUG msg="discovery: skipping unreachable socket" socket=/tmp/tmux-501/ta-user-agents err="query tmux on /tmp/tmux-501/ta-user-agents: exit status 1: no server running on /tmp/tmux-501/ta-user-agents"
time=2026-08-21T18:22:17.832+08:00 level=DEBUG msg="discovery: skipping unreachable socket" socket=/tmp/tmux-501/t115d24675 err="query tmux on /tmp/tmux-501/t115d24675: exit status 1: no server running on /tmp/tmux-501/t115d24675"
time=2026-08-21T18:22:17.841+08:00 level=DEBUG msg="discovery: skipping unreachable socket" socket=/tmp/tmux-501/t115e31319 err="query tmux on /tmp/tmux-501/t115e31319: exit status 1: no server running on /tmp/tmux-501/t115e31319"
time=2026-08-21T18:22:17.850+08:00 level=DEBUG msg="discovery: skipping unreachable socket" socket=/tmp/tmux-501/t115f44898 err="query tmux on /tmp/tmux-501/t115f44898: exit status 1: no server running on /tmp/tmux-501/t115f44898"
time=2026-08-21T18:22:17.858+08:00 level=DEBUG msg="discovery: skipping unreachable socket" socket=/tmp/tmux-501/t115g47728 err="query tmux on /tmp/tmux-501/t115g47728: exit status 1: no server running on /tmp/tmux-501/t115g47728"
time=2026-08-21T18:22:17.867+08:00 level=DEBUG msg="discovery: skipping unreachable socket" socket=/tmp/tmux-501/ta-0bafa3965ade err="query tmux on /tmp/tmux-501/ta-0bafa3965ade: exit status 1: no server running on /tmp/tmux-501/ta-0bafa3965ade"
time=2026-08-21T18:22:17.893+08:00 level=DEBUG msg="discovery: skipping unreachable socket" socket=/tmp/tmux-501/ta-61709dcf801e err="query tmux on /tmp/tmux-501/ta-61709dcf801e: exit status 1: no server running on /tmp/tmux-501/ta-61709dcf801e"
time=2026-08-21T18:22:17.912+08:00 level=DEBUG msg="discovery: skipping unparsable pane line" socket=/tmp/tmux-501/ta-a9fd5b7defbd line="team-refactor-maintainability|6|%39|/Users/alauda/Documents/code/agent前沿探索/多agent协作|bash|87458|t.p9.review 零上下文设计审查已通过<|eos|> - grok|235x50|tester-t124"
time=2026-08-21T18:22:17.930+08:00 level=DEBUG msg="discovery: skipping unreachable socket" socket=/tmp/tmux-501/ta-ed81bd4d8c17 err="query tmux on /tmp/tmux-501/ta-ed81bd4d8c17: exit status 1: no server running on /tmp/tmux-501/ta-ed81bd4d8c17"
time=2026-08-21T18:22:17.940+08:00 level=DEBUG msg="discovery: skipping unreachable socket" socket=/tmp/tmux-501/ta-f1ad1b378fc7 err="query tmux on /tmp/tmux-501/ta-f1ad1b378fc7: exit status 1: no server running on /tmp/tmux-501/ta-f1ad1b378fc7"
time=2026-08-21T18:22:17.958+08:00 level=DEBUG msg="discovery: skipping unreachable socket" socket=/tmp/tmux-501/ta-t121u01 err="query tmux on /tmp/tmux-501/ta-t121u01: exit status 1: no server running on /tmp/tmux-501/ta-t121u01"
time=2026-08-21T18:22:17.968+08:00 level=DEBUG msg="discovery: skipping unreachable socket" socket=/tmp/tmux-501/ta-t121u01b err="query tmux on /tmp/tmux-501/ta-t121u01b: exit status 1: no server running on /tmp/tmux-501/ta-t121u01b"
time=2026-08-21T18:22:17.976+08:00 level=DEBUG msg="discovery: skipping unreachable socket" socket=/tmp/tmux-501/ta-user-agents err="query tmux on /tmp/tmux-501/ta-user-agents: exit status 1: no server running on /tmp/tmux-501/ta-user-agents"
time=2026-08-21T18:22:18.037+08:00 level=DEBUG msg="listing: no changes"
time=2026-08-21T18:22:18.566+08:00 level=DEBUG msg="discovery: skipping unreachable socket" socket=/tmp/tmux-501/t115d24675 err="query tmux on /tmp/tmux-501/t115d24675: exit status 1: no server running on /tmp/tmux-501/t115d24675"
time=2026-08-21T18:22:18.575+08:00 level=DEBUG msg="discovery: skipping unreachable socket" socket=/tmp/tmux-501/t115e31319 err="query tmux on /tmp/tmux-501/t115e31319: exit status 1: no server running on /tmp/tmux-501/t115e31319"
time=2026-08-21T18:22:18.583+08:00 level=DEBUG msg="discovery: skipping unreachable socket" socket=/tmp/tmux-501/t115f44898 err="query tmux on /tmp/tmux-501/t115f44898: exit status 1: no server running on /tmp/tmux-501/t115f44898"
time=2026-08-21T18:22:18.591+08:00 level=DEBUG msg="discovery: skipping unreachable socket" socket=/tmp/tmux-501/t115g47728 err="query tmux on /tmp/tmux-501/t115g47728: exit status 1: no server running on /tmp/tmux-501/t115g47728"
time=2026-08-21T18:22:18.599+08:00 level=DEBUG msg="discovery: skipping unreachable socket" socket=/tmp/tmux-501/ta-0bafa3965ade err="query tmux on /tmp/tmux-501/ta-0bafa3965ade: exit status 1: no server running on /tmp/tmux-501/ta-0bafa3965ade"
time=2026-08-21T18:22:18.625+08:00 level=DEBUG msg="discovery: skipping unreachable socket" socket=/tmp/tmux-501/ta-61709dcf801e err="query tmux on /tmp/tmux-501/ta-61709dcf801e: exit status 1: no server running on /tmp/tmux-501/ta-61709dcf801e"
time=2026-08-21T18:22:18.642+08:00 level=DEBUG msg="discovery: skipping unparsable pane line" socket=/tmp/tmux-501/ta-a9fd5b7defbd line="team-refactor-maintainability|6|%39|/Users/alauda/Documents/code/agent前沿探索/多agent协作|bash|87458|t.p9.review 零上下文设计审查已通过<|eos|> - grok|235x50|tester-t124"
time=2026-08-21T18:22:18.660+08:00 level=DEBUG msg="discovery: skipping unreachable socket" socket=/tmp/tmux-501/ta-ed81bd4d8c17 err="query tmux on /tmp/tmux-501/ta-ed81bd4d8c17: exit status 1: no server running on /tmp/tmux-501/ta-ed81bd4d8c17"
time=2026-08-21T18:22:18.668+08:00 level=DEBUG msg="discovery: skipping unreachable socket" socket=/tmp/tmux-501/ta-f1ad1b378fc7 err="query tmux on /tmp/tmux-501/ta-f1ad1b378fc7: exit status 1: no server running on /tmp/tmux-501/ta-f1ad1b378fc7"
time=2026-08-21T18:22:18.684+08:00 level=DEBUG msg="discovery: skipping unreachable socket" socket=/tmp/tmux-501/ta-t121u01 err="query tmux on /tmp/tmux-501/ta-t121u01: exit status 1: no server running on /tmp/tmux-501/ta-t121u01"
time=2026-08-21T18:22:18.692+08:00 level=DEBUG msg="discovery: skipping unreachable socket" socket=/tmp/tmux-501/ta-t121u01b err="query tmux on /tmp/tmux-501/ta-t121u01b: exit status 1: no server running on /tmp/tmux-501/ta-t121u01b"
time=2026-08-21T18:22:18.701+08:00 level=DEBUG msg="discovery: skipping unreachable socket" socket=/tmp/tmux-501/ta-user-agents err="query tmux on /tmp/tmux-501/ta-user-agents: exit status 1: no server running on /tmp/tmux-501/ta-user-agents"
time=2026-08-21T18:22:20.115+08:00 level=DEBUG msg="discovery: skipping unreachable socket" socket=/tmp/tmux-501/t115d24675 err="query tmux on /tmp/tmux-501/t115d24675: exit status 1: no server running on /tmp/tmux-501/t115d24675"
time=2026-08-21T18:22:20.126+08:00 level=DEBUG msg="discovery: skipping unreachable socket" socket=/tmp/tmux-501/t115e31319 err="query tmux on /tmp/tmux-501/t115e31319: exit status 1: no server running on /tmp/tmux-501/t115e31319"
time=2026-08-21T18:22:20.136+08:00 level=DEBUG msg="discovery: skipping unreachable socket" socket=/tmp/tmux-501/t115f44898 err="query tmux on /tmp/tmux-501/t115f44898: exit status 1: no server running on /tmp/tmux-501/t115f44898"
time=2026-08-21T18:22:20.146+08:00 level=DEBUG msg="discovery: skipping unreachable socket" socket=/tmp/tmux-501/t115g47728 err="query tmux on /tmp/tmux-501/t115g47728: exit status 1: no server running on /tmp/tmux-501/t115g47728"
time=2026-08-21T18:22:20.157+08:00 level=DEBUG msg="discovery: skipping unreachable socket" socket=/tmp/tmux-501/ta-0bafa3965ade err="query tmux on /tmp/tmux-501/ta-0bafa3965ade: exit status 1: no server running on /tmp/tmux-501/ta-0bafa3965ade"
time=2026-08-21T18:22:20.188+08:00 level=DEBUG msg="discovery: skipping unreachable socket" socket=/tmp/tmux-501/ta-61709dcf801e err="query tmux on /tmp/tmux-501/ta-61709dcf801e: exit status 1: no server running on /tmp/tmux-501/ta-61709dcf801e"
time=2026-08-21T18:22:20.209+08:00 level=DEBUG msg="discovery: skipping unparsable pane line" socket=/tmp/tmux-501/ta-a9fd5b7defbd line="team-refactor-maintainability|6|%39|/Users/alauda/Documents/code/agent前沿探索/多agent协作|bash|87458|t.p9.review 零上下文设计审查已通过<|eos|> - grok|235x50|tester-t124"
time=2026-08-21T18:22:20.232+08:00 level=DEBUG msg="discovery: skipping unreachable socket" socket=/tmp/tmux-501/ta-ed81bd4d8c17 err="query tmux on /tmp/tmux-501/ta-ed81bd4d8c17: exit status 1: no server running on /tmp/tmux-501/ta-ed81bd4d8c17"
time=2026-08-21T18:22:20.242+08:00 level=DEBUG msg="discovery: skipping unreachable socket" socket=/tmp/tmux-501/ta-f1ad1b378fc7 err="query tmux on /tmp/tmux-501/ta-f1ad1b378fc7: exit status 1: no server running on /tmp/tmux-501/ta-f1ad1b378fc7"
time=2026-08-21T18:22:20.263+08:00 level=DEBUG msg="discovery: skipping unreachable socket" socket=/tmp/tmux-501/ta-t121u01 err="query tmux on /tmp/tmux-501/ta-t121u01: exit status 1: no server running on /tmp/tmux-501/ta-t121u01"
time=2026-08-21T18:22:20.272+08:00 level=DEBUG msg="discovery: skipping unreachable socket" socket=/tmp/tmux-501/ta-t121u01b err="query tmux on /tmp/tmux-501/ta-t121u01b: exit status 1: no server running on /tmp/tmux-501/ta-t121u01b"
time=2026-08-21T18:22:20.283+08:00 level=DEBUG msg="discovery: skipping unreachable socket" socket=/tmp/tmux-501/ta-user-agents err="query tmux on /tmp/tmux-501/ta-user-agents: exit status 1: no server running on /tmp/tmux-501/ta-user-agents"
time=2026-08-21T18:22:21.012+08:00 level=DEBUG msg="listing: no changes"
time=2026-08-21T18:22:21.541+08:00 level=DEBUG msg="discovery: skipping unreachable socket" socket=/tmp/tmux-501/t115d24675 err="query tmux on /tmp/tmux-501/t115d24675: exit status 1: no server running on /tmp/tmux-501/t115d24675"
time=2026-08-21T18:22:21.552+08:00 level=DEBUG msg="discovery: skipping unreachable socket" socket=/tmp/tmux-501/t115e31319 err="query tmux on /tmp/tmux-501/t115e31319: exit status 1: no server running on /tmp/tmux-501/t115e31319"
time=2026-08-21T18:22:21.560+08:00 level=DEBUG msg="discovery: skipping unreachable socket" socket=/tmp/tmux-501/t115f44898 err="query tmux on /tmp/tmux-501/t115f44898: exit status 1: no server running on /tmp/tmux-501/t115f44898"
time=2026-08-21T18:22:21.569+08:00 level=DEBUG msg="discovery: skipping unreachable socket" socket=/tmp/tmux-501/t115g47728 err="query tmux on /tmp/tmux-501/t115g47728: exit status 1: no server running on /tmp/tmux-501/t115g47728"
time=2026-08-21T18:22:21.577+08:00 level=DEBUG msg="discovery: skipping unreachable socket" socket=/tmp/tmux-501/ta-0bafa3965ade err="query tmux on /tmp/tmux-501/ta-0bafa3965ade: exit status 1: no server running on /tmp/tmux-501/ta-0bafa3965ade"
time=2026-08-21T18:22:21.604+08:00 level=DEBUG msg="discovery: skipping unreachable socket" socket=/tmp/tmux-501/ta-61709dcf801e err="query tmux on /tmp/tmux-501/ta-61709dcf801e: exit status 1: no server running on /tmp/tmux-501/ta-61709dcf801e"
time=2026-08-21T18:22:21.624+08:00 level=DEBUG msg="discovery: skipping unparsable pane line" socket=/tmp/tmux-501/ta-a9fd5b7defbd line="team-refactor-maintainability|6|%39|/Users/alauda/Documents/code/agent前沿探索/多agent协作|bash|87458|t.p9.review 零上下文设计审查已通过<|eos|> - grok|235x50|tester-t124"
time=2026-08-21T18:22:21.645+08:00 level=DEBUG msg="discovery: skipping unreachable socket" socket=/tmp/tmux-501/ta-ed81bd4d8c17 err="query tmux on /tmp/tmux-501/ta-ed81bd4d8c17: exit status 1: no server running on /tmp/tmux-501/ta-ed81bd4d8c17"
time=2026-08-21T18:22:21.655+08:00 level=DEBUG msg="discovery: skipping unreachable socket" socket=/tmp/tmux-501/ta-f1ad1b378fc7 err="query tmux on /tmp/tmux-501/ta-f1ad1b378fc7: exit status 1: no server running on /tmp/tmux-501/ta-f1ad1b378fc7"
time=2026-08-21T18:22:21.677+08:00 level=DEBUG msg="discovery: skipping unreachable socket" socket=/tmp/tmux-501/ta-t121u01 err="query tmux on /tmp/tmux-501/ta-t121u01: exit status 1: no server running on /tmp/tmux-501/ta-t121u01"
time=2026-08-21T18:22:21.685+08:00 level=DEBUG msg="discovery: skipping unreachable socket" socket=/tmp/tmux-501/ta-t121u01b err="query tmux on /tmp/tmux-501/ta-t121u01b: exit status 1: no server running on /tmp/tmux-501/ta-t121u01b"
time=2026-08-21T18:22:21.694+08:00 level=DEBUG msg="discovery: skipping unreachable socket" socket=/tmp/tmux-501/ta-user-agents err="query tmux on /tmp/tmux-501/ta-user-agents: exit status 1: no server running on /tmp/tmux-501/ta-user-agents"
time=2026-08-21T18:22:22.486+08:00 level=DEBUG msg="discovery: skipping unreachable socket" socket=/tmp/tmux-501/t115d24675 err="query tmux on /tmp/tmux-501/t115d24675: exit status 1: no server running on /tmp/tmux-501/t115d24675"
time=2026-08-21T18:22:22.495+08:00 level=DEBUG msg="discovery: skipping unreachable socket" socket=/tmp/tmux-501/t115e31319 err="query tmux on /tmp/tmux-501/t115e31319: exit status 1: no server running on /tmp/tmux-501/t115e31319"
time=2026-08-21T18:22:22.504+08:00 level=DEBUG msg="discovery: skipping unreachable socket" socket=/tmp/tmux-501/t115f44898 err="query tmux on /tmp/tmux-501/t115f44898: exit status 1: no server running on /tmp/tmux-501/t115f44898"
time=2026-08-21T18:22:22.512+08:00 level=DEBUG msg="discovery: skipping unreachable socket" socket=/tmp/tmux-501/t115g47728 err="query tmux on /tmp/tmux-501/t115g47728: exit status 1: no server running on /tmp/tmux-501/t115g47728"
time=2026-08-21T18:22:22.521+08:00 level=DEBUG msg="discovery: skipping unreachable socket" socket=/tmp/tmux-501/ta-0bafa3965ade err="query tmux on /tmp/tmux-501/ta-0bafa3965ade: exit status 1: no server running on /tmp/tmux-501/ta-0bafa3965ade"
time=2026-08-21T18:22:22.553+08:00 level=DEBUG msg="discovery: skipping unreachable socket" socket=/tmp/tmux-501/ta-61709dcf801e err="query tmux on /tmp/tmux-501/ta-61709dcf801e: exit status 1: no server running on /tmp/tmux-501/ta-61709dcf801e"
time=2026-08-21T18:22:22.637+08:00 level=DEBUG msg="discovery: skipping unparsable pane line" socket=/tmp/tmux-501/ta-a9fd5b7defbd line="team-refactor-maintainability|6|%39|/Users/alauda/Documents/code/agent前沿探索/多agent协作|bash|87458|t.p9.review 零上下文设计审查已通过<|eos|> - grok|235x50|tester-t124"
time=2026-08-21T18:22:22.659+08:00 level=DEBUG msg="discovery: skipping unreachable socket" socket=/tmp/tmux-501/ta-ed81bd4d8c17 err="query tmux on /tmp/tmux-501/ta-ed81bd4d8c17: exit status 1: no server running on /tmp/tmux-501/ta-ed81bd4d8c17"
time=2026-08-21T18:22:22.674+08:00 level=DEBUG msg="discovery: skipping unreachable socket" socket=/tmp/tmux-501/ta-f1ad1b378fc7 err="query tmux on /tmp/tmux-501/ta-f1ad1b378fc7: exit status 1: no server running on /tmp/tmux-501/ta-f1ad1b378fc7"
time=2026-08-21T18:22:22.693+08:00 level=DEBUG msg="discovery: skipping unreachable socket" socket=/tmp/tmux-501/ta-t121u01 err="query tmux on /tmp/tmux-501/ta-t121u01: exit status 1: no server running on /tmp/tmux-501/ta-t121u01"
time=2026-08-21T18:22:22.702+08:00 level=DEBUG msg="discovery: skipping unreachable socket" socket=/tmp/tmux-501/ta-t121u01b err="query tmux on /tmp/tmux-501/ta-t121u01b: exit status 1: no server running on /tmp/tmux-501/ta-t121u01b"
time=2026-08-21T18:22:22.711+08:00 level=DEBUG msg="discovery: skipping unreachable socket" socket=/tmp/tmux-501/ta-user-agents err="query tmux on /tmp/tmux-501/ta-user-agents: exit status 1: no server running on /tmp/tmux-501/ta-user-agents"
time=2026-08-21T18:22:24.080+08:00 level=DEBUG msg="listing: no changes"
time=2026-08-21T18:22:24.614+08:00 level=DEBUG msg="discovery: skipping unreachable socket" socket=/tmp/tmux-501/t115d24675 err="query tmux on /tmp/tmux-501/t115d24675: exit status 1: no server running on /tmp/tmux-501/t115d24675"
time=2026-08-21T18:22:24.623+08:00 level=DEBUG msg="discovery: skipping unreachable socket" socket=/tmp/tmux-501/t115e31319 err="query tmux on /tmp/tmux-501/t115e31319: exit status 1: no server running on /tmp/tmux-501/t115e31319"
time=2026-08-21T18:22:24.633+08:00 level=DEBUG msg="discovery: skipping unreachable socket" socket=/tmp/tmux-501/t115f44898 err="query tmux on /tmp/tmux-501/t115f44898: exit status 1: no server running on /tmp/tmux-501/t115f44898"
time=2026-08-21T18:22:24.643+08:00 level=DEBUG msg="discovery: skipping unreachable socket" socket=/tmp/tmux-501/t115g47728 err="query tmux on /tmp/tmux-501/t115g47728: exit status 1: no server running on /tmp/tmux-501/t115g47728"
time=2026-08-21T18:22:24.652+08:00 level=DEBUG msg="discovery: skipping unreachable socket" socket=/tmp/tmux-501/ta-0bafa3965ade err="query tmux on /tmp/tmux-501/ta-0bafa3965ade: exit status 1: no server running on /tmp/tmux-501/ta-0bafa3965ade"
time=2026-08-21T18:22:24.679+08:00 level=DEBUG msg="discovery: skipping unreachable socket" socket=/tmp/tmux-501/ta-61709dcf801e err="query tmux on /tmp/tmux-501/ta-61709dcf801e: exit status 1: no server running on /tmp/tmux-501/ta-61709dcf801e"
time=2026-08-21T18:22:24.701+08:00 level=DEBUG msg="discovery: skipping unparsable pane line" socket=/tmp/tmux-501/ta-a9fd5b7defbd line="team-refactor-maintainability|6|%39|/Users/alauda/Documents/code/agent前沿探索/多agent协作|bash|87458|t.p9.review 零上下文设计审查已通过<|eos|> - grok|235x50|tester-t124"
time=2026-08-21T18:22:24.719+08:00 level=DEBUG msg="discovery: skipping unreachable socket" socket=/tmp/tmux-501/ta-ed81bd4d8c17 err="query tmux on /tmp/tmux-501/ta-ed81bd4d8c17: exit status 1: no server running on /tmp/tmux-501/ta-ed81bd4d8c17"
time=2026-08-21T18:22:24.728+08:00 level=DEBUG msg="discovery: skipping unreachable socket" socket=/tmp/tmux-501/ta-f1ad1b378fc7 err="query tmux on /tmp/tmux-501/ta-f1ad1b378fc7: exit status 1: no server running on /tmp/tmux-501/ta-f1ad1b378fc7"
time=2026-08-21T18:22:24.750+08:00 level=DEBUG msg="discovery: skipping unreachable socket" socket=/tmp/tmux-501/ta-t121u01 err="query tmux on /tmp/tmux-501/ta-t121u01: exit status 1: no server running on /tmp/tmux-501/ta-t121u01"
time=2026-08-21T18:22:24.759+08:00 level=DEBUG msg="discovery: skipping unreachable socket" socket=/tmp/tmux-501/ta-t121u01b err="query tmux on /tmp/tmux-501/ta-t121u01b: exit status 1: no server running on /tmp/tmux-501/ta-t121u01b"
time=2026-08-21T18:22:24.767+08:00 level=DEBUG msg="discovery: skipping unreachable socket" socket=/tmp/tmux-501/ta-user-agents err="query tmux on /tmp/tmux-501/ta-user-agents: exit status 1: no server running on /tmp/tmux-501/ta-user-agents"
time=2026-08-21T18:22:24.860+08:00 level=DEBUG msg="discovery: skipping unreachable socket" socket=/tmp/tmux-501/t115d24675 err="query tmux on /tmp/tmux-501/t115d24675: exit status 1: no server running on /tmp/tmux-501/t115d24675"
time=2026-08-21T18:22:24.870+08:00 level=DEBUG msg="discovery: skipping unreachable socket" socket=/tmp/tmux-501/t115e31319 err="query tmux on /tmp/tmux-501/t115e31319: exit status 1: no server running on /tmp/tmux-501/t115e31319"
time=2026-08-21T18:22:24.880+08:00 level=DEBUG msg="discovery: skipping unreachable socket" socket=/tmp/tmux-501/t115f44898 err="query tmux on /tmp/tmux-501/t115f44898: exit status 1: no server running on /tmp/tmux-501/t115f44898"
time=2026-08-21T18:22:24.897+08:00 level=DEBUG msg="discovery: skipping unreachable socket" socket=/tmp/tmux-501/t115g47728 err="query tmux on /tmp/tmux-501/t115g47728: exit status 1: no server running on /tmp/tmux-501/t115g47728"
time=2026-08-21T18:22:24.906+08:00 level=DEBUG msg="discovery: skipping unreachable socket" socket=/tmp/tmux-501/ta-0bafa3965ade err="query tmux on /tmp/tmux-501/ta-0bafa3965ade: exit status 1: no server running on /tmp/tmux-501/ta-0bafa3965ade"
time=2026-08-21T18:22:24.935+08:00 level=DEBUG msg="discovery: skipping unreachable socket" socket=/tmp/tmux-501/ta-61709dcf801e err="query tmux on /tmp/tmux-501/ta-61709dcf801e: exit status 1: no server running on /tmp/tmux-501/ta-61709dcf801e"
time=2026-08-21T18:22:24.956+08:00 level=DEBUG msg="discovery: skipping unparsable pane line" socket=/tmp/tmux-501/ta-a9fd5b7defbd line="team-refactor-maintainability|6|%39|/Users/alauda/Documents/code/agent前沿探索/多agent协作|bash|87458|t.p9.review 零上下文设计审查已通过<|eos|> - grok|235x50|tester-t124"
time=2026-08-21T18:22:24.974+08:00 level=DEBUG msg="discovery: skipping unreachable socket" socket=/tmp/tmux-501/ta-ed81bd4d8c17 err="query tmux on /tmp/tmux-501/ta-ed81bd4d8c17: exit status 1: no server running on /tmp/tmux-501/ta-ed81bd4d8c17"
time=2026-08-21T18:22:24.983+08:00 level=DEBUG msg="discovery: skipping unreachable socket" socket=/tmp/tmux-501/ta-f1ad1b378fc7 err="query tmux on /tmp/tmux-501/ta-f1ad1b378fc7: exit status 1: no server running on /tmp/tmux-501/ta-f1ad1b378fc7"
time=2026-08-21T18:22:25.001+08:00 level=DEBUG msg="discovery: skipping unreachable socket" socket=/tmp/tmux-501/ta-t121u01 err="query tmux on /tmp/tmux-501/ta-t121u01: exit status 1: no server running on /tmp/tmux-501/ta-t121u01"
time=2026-08-21T18:22:25.010+08:00 level=DEBUG msg="discovery: skipping unreachable socket" socket=/tmp/tmux-501/ta-t121u01b err="query tmux on /tmp/tmux-501/ta-t121u01b: exit status 1: no server running on /tmp/tmux-501/ta-t121u01b"
time=2026-08-21T18:22:25.019+08:00 level=DEBUG msg="discovery: skipping unreachable socket" socket=/tmp/tmux-501/ta-user-agents err="query tmux on /tmp/tmux-501/ta-user-agents: exit status 1: no server running on /tmp/tmux-501/ta-user-agents"
time=2026-08-21T18:22:25.953+08:00 level=DEBUG msg="discovery: skipping unreachable socket" socket=/tmp/tmux-501/t115d24675 err="query tmux on /tmp/tmux-501/t115d24675: exit status 1: no server running on /tmp/tmux-501/t115d24675"
time=2026-08-21T18:22:25.953+08:00 level=DEBUG msg="discovery: skipping unreachable socket" socket=/tmp/tmux-501/t115d24675 err="query tmux on /tmp/tmux-501/t115d24675: exit status 1: no server running on /tmp/tmux-501/t115d24675"
time=2026-08-21T18:22:25.963+08:00 level=DEBUG msg="discovery: skipping unreachable socket" socket=/tmp/tmux-501/t115e31319 err="query tmux on /tmp/tmux-501/t115e31319: exit status 1: no server running on /tmp/tmux-501/t115e31319"
time=2026-08-21T18:22:25.963+08:00 level=DEBUG msg="discovery: skipping unreachable socket" socket=/tmp/tmux-501/t115e31319 err="query tmux on /tmp/tmux-501/t115e31319: exit status 1: no server running on /tmp/tmux-501/t115e31319"
time=2026-08-21T18:22:25.973+08:00 level=DEBUG msg="discovery: skipping unreachable socket" socket=/tmp/tmux-501/t115f44898 err="query tmux on /tmp/tmux-501/t115f44898: exit status 1: no server running on /tmp/tmux-501/t115f44898"
time=2026-08-21T18:22:25.974+08:00 level=DEBUG msg="discovery: skipping unreachable socket" socket=/tmp/tmux-501/t115f44898 err="query tmux on /tmp/tmux-501/t115f44898: exit status 1: no server running on /tmp/tmux-501/t115f44898"
time=2026-08-21T18:22:25.982+08:00 level=DEBUG msg="discovery: skipping unreachable socket" socket=/tmp/tmux-501/t115g47728 err="query tmux on /tmp/tmux-501/t115g47728: exit status 1: no server running on /tmp/tmux-501/t115g47728"
time=2026-08-21T18:22:25.982+08:00 level=DEBUG msg="discovery: skipping unreachable socket" socket=/tmp/tmux-501/t115g47728 err="query tmux on /tmp/tmux-501/t115g47728: exit status 1: no server running on /tmp/tmux-501/t115g47728"
time=2026-08-21T18:22:25.992+08:00 level=DEBUG msg="discovery: skipping unreachable socket" socket=/tmp/tmux-501/ta-0bafa3965ade err="query tmux on /tmp/tmux-501/ta-0bafa3965ade: exit status 1: no server running on /tmp/tmux-501/ta-0bafa3965ade"
time=2026-08-21T18:22:25.992+08:00 level=DEBUG msg="discovery: skipping unreachable socket" socket=/tmp/tmux-501/ta-0bafa3965ade err="query tmux on /tmp/tmux-501/ta-0bafa3965ade: exit status 1: no server running on /tmp/tmux-501/ta-0bafa3965ade"
time=2026-08-21T18:22:26.024+08:00 level=DEBUG msg="discovery: skipping unreachable socket" socket=/tmp/tmux-501/ta-61709dcf801e err="query tmux on /tmp/tmux-501/ta-61709dcf801e: exit status 1: no server running on /tmp/tmux-501/ta-61709dcf801e"
time=2026-08-21T18:22:26.024+08:00 level=DEBUG msg="discovery: skipping unreachable socket" socket=/tmp/tmux-501/ta-61709dcf801e err="query tmux on /tmp/tmux-501/ta-61709dcf801e: exit status 1: no server running on /tmp/tmux-501/ta-61709dcf801e"
time=2026-08-21T18:22:26.044+08:00 level=DEBUG msg="discovery: skipping unparsable pane line" socket=/tmp/tmux-501/ta-a9fd5b7defbd line="team-refactor-maintainability|6|%39|/Users/alauda/Documents/code/agent前沿探索/多agent协作|bash|87458|t.p9.review 零上下文设计审查已通过<|eos|> - grok|235x50|tester-t124"
time=2026-08-21T18:22:26.044+08:00 level=DEBUG msg="discovery: skipping unparsable pane line" socket=/tmp/tmux-501/ta-a9fd5b7defbd line="team-refactor-maintainability|6|%39|/Users/alauda/Documents/code/agent前沿探索/多agent协作|bash|87458|t.p9.review 零上下文设计审查已通过<|eos|> - grok|235x50|tester-t124"
time=2026-08-21T18:22:26.064+08:00 level=DEBUG msg="discovery: skipping unreachable socket" socket=/tmp/tmux-501/ta-ed81bd4d8c17 err="query tmux on /tmp/tmux-501/ta-ed81bd4d8c17: exit status 1: no server running on /tmp/tmux-501/ta-ed81bd4d8c17"
time=2026-08-21T18:22:26.064+08:00 level=DEBUG msg="discovery: skipping unreachable socket" socket=/tmp/tmux-501/ta-ed81bd4d8c17 err="query tmux on /tmp/tmux-501/ta-ed81bd4d8c17: exit status 1: no server running on /tmp/tmux-501/ta-ed81bd4d8c17"
time=2026-08-21T18:22:26.074+08:00 level=DEBUG msg="discovery: skipping unreachable socket" socket=/tmp/tmux-501/ta-f1ad1b378fc7 err="query tmux on /tmp/tmux-501/ta-f1ad1b378fc7: exit status 1: no server running on /tmp/tmux-501/ta-f1ad1b378fc7"
time=2026-08-21T18:22:26.074+08:00 level=DEBUG msg="discovery: skipping unreachable socket" socket=/tmp/tmux-501/ta-f1ad1b378fc7 err="query tmux on /tmp/tmux-501/ta-f1ad1b378fc7: exit status 1: no server running on /tmp/tmux-501/ta-f1ad1b378fc7"
time=2026-08-21T18:22:26.092+08:00 level=DEBUG msg="discovery: skipping unreachable socket" socket=/tmp/tmux-501/ta-t121u01 err="query tmux on /tmp/tmux-501/ta-t121u01: exit status 1: no server running on /tmp/tmux-501/ta-t121u01"
time=2026-08-21T18:22:26.092+08:00 level=DEBUG msg="discovery: skipping unreachable socket" socket=/tmp/tmux-501/ta-t121u01 err="query tmux on /tmp/tmux-501/ta-t121u01: exit status 1: no server running on /tmp/tmux-501/ta-t121u01"
time=2026-08-21T18:22:26.101+08:00 level=DEBUG msg="discovery: skipping unreachable socket" socket=/tmp/tmux-501/ta-t121u01b err="query tmux on /tmp/tmux-501/ta-t121u01b: exit status 1: no server running on /tmp/tmux-501/ta-t121u01b"
time=2026-08-21T18:22:26.102+08:00 level=DEBUG msg="discovery: skipping unreachable socket" socket=/tmp/tmux-501/ta-t121u01b err="query tmux on /tmp/tmux-501/ta-t121u01b: exit status 1: no server running on /tmp/tmux-501/ta-t121u01b"
time=2026-08-21T18:22:26.111+08:00 level=DEBUG msg="discovery: skipping unreachable socket" socket=/tmp/tmux-501/ta-user-agents err="query tmux on /tmp/tmux-501/ta-user-agents: exit status 1: no server running on /tmp/tmux-501/ta-user-agents"
time=2026-08-21T18:22:26.111+08:00 level=DEBUG msg="discovery: skipping unreachable socket" socket=/tmp/tmux-501/ta-user-agents err="query tmux on /tmp/tmux-501/ta-user-agents: exit status 1: no server running on /tmp/tmux-501/ta-user-agents"
time=2026-08-21T18:22:26.244+08:00 level=DEBUG msg="discovery: skipping unreachable socket" socket=/tmp/tmux-501/t115d24675 err="query tmux on /tmp/tmux-501/t115d24675: exit status 1: no server running on /tmp/tmux-501/t115d24675"
time=2026-08-21T18:22:26.244+08:00 level=DEBUG msg="discovery: skipping unreachable socket" socket=/tmp/tmux-501/t115d24675 err="query tmux on /tmp/tmux-501/t115d24675: exit status 1: no server running on /tmp/tmux-501/t115d24675"
time=2026-08-21T18:22:26.254+08:00 level=DEBUG msg="discovery: skipping unreachable socket" socket=/tmp/tmux-501/t115e31319 err="query tmux on /tmp/tmux-501/t115e31319: exit status 1: no server running on /tmp/tmux-501/t115e31319"
time=2026-08-21T18:22:26.255+08:00 level=DEBUG msg="discovery: skipping unreachable socket" socket=/tmp/tmux-501/t115e31319 err="query tmux on /tmp/tmux-501/t115e31319: exit status 1: no server running on /tmp/tmux-501/t115e31319"
time=2026-08-21T18:22:26.263+08:00 level=DEBUG msg="discovery: skipping unreachable socket" socket=/tmp/tmux-501/t115f44898 err="query tmux on /tmp/tmux-501/t115f44898: exit status 1: no server running on /tmp/tmux-501/t115f44898"
time=2026-08-21T18:22:26.264+08:00 level=DEBUG msg="discovery: skipping unreachable socket" socket=/tmp/tmux-501/t115f44898 err="query tmux on /tmp/tmux-501/t115f44898: exit status 1: no server running on /tmp/tmux-501/t115f44898"
time=2026-08-21T18:22:26.272+08:00 level=DEBUG msg="discovery: skipping unreachable socket" socket=/tmp/tmux-501/t115g47728 err="query tmux on /tmp/tmux-501/t115g47728: exit status 1: no server running on /tmp/tmux-501/t115g47728"
time=2026-08-21T18:22:26.273+08:00 level=DEBUG msg="discovery: skipping unreachable socket" socket=/tmp/tmux-501/t115g47728 err="query tmux on /tmp/tmux-501/t115g47728: exit status 1: no server running on /tmp/tmux-501/t115g47728"
time=2026-08-21T18:22:26.281+08:00 level=DEBUG msg="discovery: skipping unreachable socket" socket=/tmp/tmux-501/ta-0bafa3965ade err="query tmux on /tmp/tmux-501/ta-0bafa3965ade: exit status 1: no server running on /tmp/tmux-501/ta-0bafa3965ade"
time=2026-08-21T18:22:26.282+08:00 level=DEBUG msg="discovery: skipping unreachable socket" socket=/tmp/tmux-501/ta-0bafa3965ade err="query tmux on /tmp/tmux-501/ta-0bafa3965ade: exit status 1: no server running on /tmp/tmux-501/ta-0bafa3965ade"
time=2026-08-21T18:22:26.308+08:00 level=DEBUG msg="discovery: skipping unreachable socket" socket=/tmp/tmux-501/ta-61709dcf801e err="query tmux on /tmp/tmux-501/ta-61709dcf801e: exit status 1: no server running on /tmp/tmux-501/ta-61709dcf801e"
time=2026-08-21T18:22:26.308+08:00 level=DEBUG msg="discovery: skipping unreachable socket" socket=/tmp/tmux-501/ta-61709dcf801e err="query tmux on /tmp/tmux-501/ta-61709dcf801e: exit status 1: no server running on /tmp/tmux-501/ta-61709dcf801e"
time=2026-08-21T18:22:26.328+08:00 level=DEBUG msg="discovery: skipping unparsable pane line" socket=/tmp/tmux-501/ta-a9fd5b7defbd line="team-refactor-maintainability|6|%39|/Users/alauda/Documents/code/agent前沿探索/多agent协作|bash|87458|t.p9.review 零上下文设计审查已通过<|eos|> - grok|235x50|tester-t124"
time=2026-08-21T18:22:26.328+08:00 level=DEBUG msg="discovery: skipping unparsable pane line" socket=/tmp/tmux-501/ta-a9fd5b7defbd line="team-refactor-maintainability|6|%39|/Users/alauda/Documents/code/agent前沿探索/多agent协作|bash|87458|t.p9.review 零上下文设计审查已通过<|eos|> - grok|235x50|tester-t124"
time=2026-08-21T18:22:26.349+08:00 level=DEBUG msg="discovery: skipping unreachable socket" socket=/tmp/tmux-501/ta-ed81bd4d8c17 err="query tmux on /tmp/tmux-501/ta-ed81bd4d8c17: exit status 1: no server running on /tmp/tmux-501/ta-ed81bd4d8c17"
time=2026-08-21T18:22:26.349+08:00 level=DEBUG msg="discovery: skipping unreachable socket" socket=/tmp/tmux-501/ta-ed81bd4d8c17 err="query tmux on /tmp/tmux-501/ta-ed81bd4d8c17: exit status 1: no server running on /tmp/tmux-501/ta-ed81bd4d8c17"
time=2026-08-21T18:22:26.358+08:00 level=DEBUG msg="discovery: skipping unreachable socket" socket=/tmp/tmux-501/ta-f1ad1b378fc7 err="query tmux on /tmp/tmux-501/ta-f1ad1b378fc7: exit status 1: no server running on /tmp/tmux-501/ta-f1ad1b378fc7"
time=2026-08-21T18:22:26.358+08:00 level=DEBUG msg="discovery: skipping unreachable socket" socket=/tmp/tmux-501/ta-f1ad1b378fc7 err="query tmux on /tmp/tmux-501/ta-f1ad1b378fc7: exit status 1: no server running on /tmp/tmux-501/ta-f1ad1b378fc7"
time=2026-08-21T18:22:26.377+08:00 level=DEBUG msg="discovery: skipping unreachable socket" socket=/tmp/tmux-501/ta-t121u01 err="query tmux on /tmp/tmux-501/ta-t121u01: exit status 1: no server running on /tmp/tmux-501/ta-t121u01"
time=2026-08-21T18:22:26.377+08:00 level=DEBUG msg="discovery: skipping unreachable socket" socket=/tmp/tmux-501/ta-t121u01 err="query tmux on /tmp/tmux-501/ta-t121u01: exit status 1: no server running on /tmp/tmux-501/ta-t121u01"
time=2026-08-21T18:22:26.387+08:00 level=DEBUG msg="discovery: skipping unreachable socket" socket=/tmp/tmux-501/ta-t121u01b err="query tmux on /tmp/tmux-501/ta-t121u01b: exit status 1: no server running on /tmp/tmux-501/ta-t121u01b"
time=2026-08-21T18:22:26.387+08:00 level=DEBUG msg="discovery: skipping unreachable socket" socket=/tmp/tmux-501/ta-t121u01b err="query tmux on /tmp/tmux-501/ta-t121u01b: exit status 1: no server running on /tmp/tmux-501/ta-t121u01b"
time=2026-08-21T18:22:26.397+08:00 level=DEBUG msg="discovery: skipping unreachable socket" socket=/tmp/tmux-501/ta-user-agents err="query tmux on /tmp/tmux-501/ta-user-agents: exit status 1: no server running on /tmp/tmux-501/ta-user-agents"
time=2026-08-21T18:22:26.397+08:00 level=DEBUG msg="discovery: skipping unreachable socket" socket=/tmp/tmux-501/ta-user-agents err="query tmux on /tmp/tmux-501/ta-user-agents: exit status 1: no server running on /tmp/tmux-501/ta-user-agents"
time=2026-08-21T18:22:26.538+08:00 level=DEBUG msg="discovery: skipping unreachable socket" socket=/tmp/tmux-501/t115d24675 err="query tmux on /tmp/tmux-501/t115d24675: exit status 1: no server running on /tmp/tmux-501/t115d24675"
time=2026-08-21T18:22:26.546+08:00 level=DEBUG msg="discovery: skipping unreachable socket" socket=/tmp/tmux-501/t115e31319 err="query tmux on /tmp/tmux-501/t115e31319: exit status 1: no server running on /tmp/tmux-501/t115e31319"
time=2026-08-21T18:22:26.558+08:00 level=DEBUG msg="discovery: skipping unreachable socket" socket=/tmp/tmux-501/t115f44898 err="query tmux on /tmp/tmux-501/t115f44898: exit status 1: no server running on /tmp/tmux-501/t115f44898"
time=2026-08-21T18:22:26.572+08:00 level=DEBUG msg="discovery: skipping unreachable socket" socket=/tmp/tmux-501/t115g47728 err="query tmux on /tmp/tmux-501/t115g47728: exit status 1: no server running on /tmp/tmux-501/t115g47728"
time=2026-08-21T18:22:26.580+08:00 level=DEBUG msg="discovery: skipping unreachable socket" socket=/tmp/tmux-501/ta-0bafa3965ade err="query tmux on /tmp/tmux-501/ta-0bafa3965ade: exit status 1: no server running on /tmp/tmux-501/ta-0bafa3965ade"
time=2026-08-21T18:22:26.607+08:00 level=DEBUG msg="discovery: skipping unreachable socket" socket=/tmp/tmux-501/ta-61709dcf801e err="query tmux on /tmp/tmux-501/ta-61709dcf801e: exit status 1: no server running on /tmp/tmux-501/ta-61709dcf801e"
time=2026-08-21T18:22:26.634+08:00 level=DEBUG msg="discovery: skipping unparsable pane line" socket=/tmp/tmux-501/ta-a9fd5b7defbd line="team-refactor-maintainability|6|%39|/Users/alauda/Documents/code/agent前沿探索/多agent协作|bash|87458|t.p9.review 零上下文设计审查已通过<|eos|> - grok|235x50|tester-t124"
time=2026-08-21T18:22:26.653+08:00 level=DEBUG msg="discovery: skipping unreachable socket" socket=/tmp/tmux-501/ta-ed81bd4d8c17 err="query tmux on /tmp/tmux-501/ta-ed81bd4d8c17: exit status 1: no server running on /tmp/tmux-501/ta-ed81bd4d8c17"
time=2026-08-21T18:22:26.662+08:00 level=DEBUG msg="discovery: skipping unreachable socket" socket=/tmp/tmux-501/ta-f1ad1b378fc7 err="query tmux on /tmp/tmux-501/ta-f1ad1b378fc7: exit status 1: no server running on /tmp/tmux-501/ta-f1ad1b378fc7"
time=2026-08-21T18:22:26.684+08:00 level=DEBUG msg="discovery: skipping unreachable socket" socket=/tmp/tmux-501/ta-t121u01 err="query tmux on /tmp/tmux-501/ta-t121u01: exit status 1: no server running on /tmp/tmux-501/ta-t121u01"
time=2026-08-21T18:22:26.692+08:00 level=DEBUG msg="discovery: skipping unreachable socket" socket=/tmp/tmux-501/ta-t121u01b err="query tmux on /tmp/tmux-501/ta-t121u01b: exit status 1: no server running on /tmp/tmux-501/ta-t121u01b"
time=2026-08-21T18:22:26.701+08:00 level=DEBUG msg="discovery: skipping unreachable socket" socket=/tmp/tmux-501/ta-user-agents err="query tmux on /tmp/tmux-501/ta-user-agents: exit status 1: no server running on /tmp/tmux-501/ta-user-agents"
time=2026-08-21T18:22:27.555+08:00 level=DEBUG msg="listing: no changes"
time=2026-08-21T18:22:28.092+08:00 level=DEBUG msg="discovery: skipping unreachable socket" socket=/tmp/tmux-501/t115d24675 err="query tmux on /tmp/tmux-501/t115d24675: exit status 1: no server running on /tmp/tmux-501/t115d24675"
time=2026-08-21T18:22:28.102+08:00 level=DEBUG msg="discovery: skipping unreachable socket" socket=/tmp/tmux-501/t115e31319 err="query tmux on /tmp/tmux-501/t115e31319: exit status 1: no server running on /tmp/tmux-501/t115e31319"
time=2026-08-21T18:22:28.113+08:00 level=DEBUG msg="discovery: skipping unreachable socket" socket=/tmp/tmux-501/t115f44898 err="query tmux on /tmp/tmux-501/t115f44898: exit status 1: no server running on /tmp/tmux-501/t115f44898"
time=2026-08-21T18:22:28.123+08:00 level=DEBUG msg="discovery: skipping unreachable socket" socket=/tmp/tmux-501/t115g47728 err="query tmux on /tmp/tmux-501/t115g47728: exit status 1: no server running on /tmp/tmux-501/t115g47728"
time=2026-08-21T18:22:28.134+08:00 level=DEBUG msg="discovery: skipping unreachable socket" socket=/tmp/tmux-501/ta-0bafa3965ade err="query tmux on /tmp/tmux-501/ta-0bafa3965ade: exit status 1: no server running on /tmp/tmux-501/ta-0bafa3965ade"
time=2026-08-21T18:22:28.176+08:00 level=DEBUG msg="discovery: skipping unreachable socket" socket=/tmp/tmux-501/ta-61709dcf801e err="query tmux on /tmp/tmux-501/ta-61709dcf801e: exit status 1: no server running on /tmp/tmux-501/ta-61709dcf801e"
time=2026-08-21T18:22:28.204+08:00 level=DEBUG msg="discovery: skipping unparsable pane line" socket=/tmp/tmux-501/ta-a9fd5b7defbd line="team-refactor-maintainability|6|%39|/Users/alauda/Documents/code/agent前沿探索/多agent协作|bash|87458|t.p9.review 零上下文设计审查已通过<|eos|> - grok|235x50|tester-t124"
time=2026-08-21T18:22:28.229+08:00 level=DEBUG msg="discovery: skipping unreachable socket" socket=/tmp/tmux-501/ta-ed81bd4d8c17 err="query tmux on /tmp/tmux-501/ta-ed81bd4d8c17: exit status 1: no server running on /tmp/tmux-501/ta-ed81bd4d8c17"
time=2026-08-21T18:22:28.240+08:00 level=DEBUG msg="discovery: skipping unreachable socket" socket=/tmp/tmux-501/ta-f1ad1b378fc7 err="query tmux on /tmp/tmux-501/ta-f1ad1b378fc7: exit status 1: no server running on /tmp/tmux-501/ta-f1ad1b378fc7"
time=2026-08-21T18:22:28.274+08:00 level=DEBUG msg="discovery: skipping unreachable socket" socket=/tmp/tmux-501/ta-t121u01 err="query tmux on /tmp/tmux-501/ta-t121u01: exit status 1: no server running on /tmp/tmux-501/ta-t121u01"
time=2026-08-21T18:22:28.285+08:00 level=DEBUG msg="discovery: skipping unreachable socket" socket=/tmp/tmux-501/ta-t121u01b err="query tmux on /tmp/tmux-501/ta-t121u01b: exit status 1: no server running on /tmp/tmux-501/ta-t121u01b"
time=2026-08-21T18:22:28.295+08:00 level=DEBUG msg="discovery: skipping unreachable socket" socket=/tmp/tmux-501/ta-user-agents err="query tmux on /tmp/tmux-501/ta-user-agents: exit status 1: no server running on /tmp/tmux-501/ta-user-agents"
time=2026-08-21T18:22:28.541+08:00 level=DEBUG msg="discovery: skipping unreachable socket" socket=/tmp/tmux-501/t115d24675 err="query tmux on /tmp/tmux-501/t115d24675: exit status 1: no server running on /tmp/tmux-501/t115d24675"
time=2026-08-21T18:22:28.551+08:00 level=DEBUG msg="discovery: skipping unreachable socket" socket=/tmp/tmux-501/t115e31319 err="query tmux on /tmp/tmux-501/t115e31319: exit status 1: no server running on /tmp/tmux-501/t115e31319"
time=2026-08-21T18:22:28.560+08:00 level=DEBUG msg="discovery: skipping unreachable socket" socket=/tmp/tmux-501/t115f44898 err="query tmux on /tmp/tmux-501/t115f44898: exit status 1: no server running on /tmp/tmux-501/t115f44898"
time=2026-08-21T18:22:28.572+08:00 level=DEBUG msg="discovery: skipping unreachable socket" socket=/tmp/tmux-501/t115g47728 err="query tmux on /tmp/tmux-501/t115g47728: exit status 1: no server running on /tmp/tmux-501/t115g47728"
time=2026-08-21T18:22:28.583+08:00 level=DEBUG msg="discovery: skipping unreachable socket" socket=/tmp/tmux-501/ta-0bafa3965ade err="query tmux on /tmp/tmux-501/ta-0bafa3965ade: exit status 1: no server running on /tmp/tmux-501/ta-0bafa3965ade"
time=2026-08-21T18:22:28.614+08:00 level=DEBUG msg="discovery: skipping unreachable socket" socket=/tmp/tmux-501/ta-61709dcf801e err="query tmux on /tmp/tmux-501/ta-61709dcf801e: exit status 1: no server running on /tmp/tmux-501/ta-61709dcf801e"
time=2026-08-21T18:22:28.641+08:00 level=DEBUG msg="discovery: skipping unparsable pane line" socket=/tmp/tmux-501/ta-a9fd5b7defbd line="team-refactor-maintainability|6|%39|/Users/alauda/Documents/code/agent前沿探索/多agent协作|bash|87458|t.p9.review 零上下文设计审查已通过<|eos|> - grok|235x50|tester-t124"
time=2026-08-21T18:22:28.662+08:00 level=DEBUG msg="discovery: skipping unreachable socket" socket=/tmp/tmux-501/ta-ed81bd4d8c17 err="query tmux on /tmp/tmux-501/ta-ed81bd4d8c17: exit status 1: no server running on /tmp/tmux-501/ta-ed81bd4d8c17"
time=2026-08-21T18:22:28.677+08:00 level=DEBUG msg="discovery: skipping unreachable socket" socket=/tmp/tmux-501/ta-f1ad1b378fc7 err="query tmux on /tmp/tmux-501/ta-f1ad1b378fc7: exit status 1: no server running on /tmp/tmux-501/ta-f1ad1b378fc7"
time=2026-08-21T18:22:28.697+08:00 level=DEBUG msg="discovery: skipping unreachable socket" socket=/tmp/tmux-501/ta-t121u01 err="query tmux on /tmp/tmux-501/ta-t121u01: exit status 1: no server running on /tmp/tmux-501/ta-t121u01"
time=2026-08-21T18:22:28.706+08:00 level=DEBUG msg="discovery: skipping unreachable socket" socket=/tmp/tmux-501/ta-t121u01b err="query tmux on /tmp/tmux-501/ta-t121u01b: exit status 1: no server running on /tmp/tmux-501/ta-t121u01b"
time=2026-08-21T18:22:28.715+08:00 level=DEBUG msg="discovery: skipping unreachable socket" socket=/tmp/tmux-501/ta-user-agents err="query tmux on /tmp/tmux-501/ta-user-agents: exit status 1: no server running on /tmp/tmux-501/ta-user-agents"
time=2026-08-21T18:22:30.706+08:00 level=DEBUG msg="listing: no changes"
time=2026-08-21T18:22:30.706+08:00 level=INFO msg="listing: refresh on open" req_id=6 had_cache=true prev_seq=9 prev_sessions=48 cur_sessions=48 cur_seq=9 refresh_err=""
time=2026-08-21T18:22:30.855+08:00 level=DEBUG msg="discovery: skipping unreachable socket" socket=/tmp/tmux-501/t115d24675 err="query tmux on /tmp/tmux-501/t115d24675: exit status 1: no server running on /tmp/tmux-501/t115d24675"
time=2026-08-21T18:22:30.864+08:00 level=DEBUG msg="discovery: skipping unreachable socket" socket=/tmp/tmux-501/t115e31319 err="query tmux on /tmp/tmux-501/t115e31319: exit status 1: no server running on /tmp/tmux-501/t115e31319"
time=2026-08-21T18:22:30.873+08:00 level=DEBUG msg="discovery: skipping unreachable socket" socket=/tmp/tmux-501/t115f44898 err="query tmux on /tmp/tmux-501/t115f44898: exit status 1: no server running on /tmp/tmux-501/t115f44898"
time=2026-08-21T18:22:30.883+08:00 level=DEBUG msg="discovery: skipping unreachable socket" socket=/tmp/tmux-501/t115g47728 err="query tmux on /tmp/tmux-501/t115g47728: exit status 1: no server running on /tmp/tmux-501/t115g47728"
time=2026-08-21T18:22:30.891+08:00 level=DEBUG msg="discovery: skipping unreachable socket" socket=/tmp/tmux-501/ta-0bafa3965ade err="query tmux on /tmp/tmux-501/ta-0bafa3965ade: exit status 1: no server running on /tmp/tmux-501/ta-0bafa3965ade"
time=2026-08-21T18:22:30.919+08:00 level=DEBUG msg="discovery: skipping unreachable socket" socket=/tmp/tmux-501/ta-61709dcf801e err="query tmux on /tmp/tmux-501/ta-61709dcf801e: exit status 1: no server running on /tmp/tmux-501/ta-61709dcf801e"
time=2026-08-21T18:22:30.942+08:00 level=DEBUG msg="discovery: skipping unparsable pane line" socket=/tmp/tmux-501/ta-a9fd5b7defbd line="team-refactor-maintainability|6|%39|/Users/alauda/Documents/code/agent前沿探索/多agent协作|bash|87458|t.p9.review 零上下文设计审查已通过<|eos|> - grok|235x50|tester-t124"
time=2026-08-21T18:22:30.959+08:00 level=DEBUG msg="discovery: skipping unreachable socket" socket=/tmp/tmux-501/ta-ed81bd4d8c17 err="query tmux on /tmp/tmux-501/ta-ed81bd4d8c17: exit status 1: no server running on /tmp/tmux-501/ta-ed81bd4d8c17"
time=2026-08-21T18:22:30.968+08:00 level=DEBUG msg="discovery: skipping unreachable socket" socket=/tmp/tmux-501/ta-f1ad1b378fc7 err="query tmux on /tmp/tmux-501/ta-f1ad1b378fc7: exit status 1: no server running on /tmp/tmux-501/ta-f1ad1b378fc7"
time=2026-08-21T18:22:30.987+08:00 level=DEBUG msg="discovery: skipping unreachable socket" socket=/tmp/tmux-501/ta-t121u01 err="query tmux on /tmp/tmux-501/ta-t121u01: exit status 1: no server running on /tmp/tmux-501/ta-t121u01"
time=2026-08-21T18:22:30.995+08:00 level=DEBUG msg="discovery: skipping unreachable socket" socket=/tmp/tmux-501/ta-t121u01b err="query tmux on /tmp/tmux-501/ta-t121u01b: exit status 1: no server running on /tmp/tmux-501/ta-t121u01b"
time=2026-08-21T18:22:31.003+08:00 level=DEBUG msg="discovery: skipping unreachable socket" socket=/tmp/tmux-501/ta-user-agents err="query tmux on /tmp/tmux-501/ta-user-agents: exit status 1: no server running on /tmp/tmux-501/ta-user-agents"
time=2026-08-21T18:22:31.949+08:00 level=DEBUG msg="listing: no changes"
time=2026-08-21T18:22:32.477+08:00 level=DEBUG msg="discovery: skipping unreachable socket" socket=/tmp/tmux-501/t115d24675 err="query tmux on /tmp/tmux-501/t115d24675: exit status 1: no server running on /tmp/tmux-501/t115d24675"
time=2026-08-21T18:22:32.487+08:00 level=DEBUG msg="discovery: skipping unreachable socket" socket=/tmp/tmux-501/t115e31319 err="query tmux on /tmp/tmux-501/t115e31319: exit status 1: no server running on /tmp/tmux-501/t115e31319"
time=2026-08-21T18:22:32.495+08:00 level=DEBUG msg="discovery: skipping unreachable socket" socket=/tmp/tmux-501/t115f44898 err="query tmux on /tmp/tmux-501/t115f44898: exit status 1: no server running on /tmp/tmux-501/t115f44898"
time=2026-08-21T18:22:32.504+08:00 level=DEBUG msg="discovery: skipping unreachable socket" socket=/tmp/tmux-501/t115g47728 err="query tmux on /tmp/tmux-501/t115g47728: exit status 1: no server running on /tmp/tmux-501/t115g47728"
time=2026-08-21T18:22:32.512+08:00 level=DEBUG msg="discovery: skipping unreachable socket" socket=/tmp/tmux-501/ta-0bafa3965ade err="query tmux on /tmp/tmux-501/ta-0bafa3965ade: exit status 1: no server running on /tmp/tmux-501/ta-0bafa3965ade"
time=2026-08-21T18:22:32.539+08:00 level=DEBUG msg="discovery: skipping unreachable socket" socket=/tmp/tmux-501/ta-61709dcf801e err="query tmux on /tmp/tmux-501/ta-61709dcf801e: exit status 1: no server running on /tmp/tmux-501/ta-61709dcf801e"
time=2026-08-21T18:22:32.558+08:00 level=DEBUG msg="discovery: skipping unparsable pane line" socket=/tmp/tmux-501/ta-a9fd5b7defbd line="team-refactor-maintainability|6|%39|/Users/alauda/Documents/code/agent前沿探索/多agent协作|bash|87458|t.p9.review 零上下文设计审查已通过<|eos|> - grok|235x50|tester-t124"
time=2026-08-21T18:22:32.575+08:00 level=DEBUG msg="discovery: skipping unreachable socket" socket=/tmp/tmux-501/ta-ed81bd4d8c17 err="query tmux on /tmp/tmux-501/ta-ed81bd4d8c17: exit status 1: no server running on /tmp/tmux-501/ta-ed81bd4d8c17"
time=2026-08-21T18:22:32.585+08:00 level=DEBUG msg="discovery: skipping unreachable socket" socket=/tmp/tmux-501/ta-f1ad1b378fc7 err="query tmux on /tmp/tmux-501/ta-f1ad1b378fc7: exit status 1: no server running on /tmp/tmux-501/ta-f1ad1b378fc7"
time=2026-08-21T18:22:32.603+08:00 level=DEBUG msg="discovery: skipping unreachable socket" socket=/tmp/tmux-501/ta-t121u01 err="query tmux on /tmp/tmux-501/ta-t121u01: exit status 1: no server running on /tmp/tmux-501/ta-t121u01"
time=2026-08-21T18:22:32.612+08:00 level=DEBUG msg="discovery: skipping unreachable socket" socket=/tmp/tmux-501/ta-t121u01b err="query tmux on /tmp/tmux-501/ta-t121u01b: exit status 1: no server running on /tmp/tmux-501/ta-t121u01b"
time=2026-08-21T18:22:32.621+08:00 level=DEBUG msg="discovery: skipping unreachable socket" socket=/tmp/tmux-501/ta-user-agents err="query tmux on /tmp/tmux-501/ta-user-agents: exit status 1: no server running on /tmp/tmux-501/ta-user-agents"
time=2026-08-21T18:22:33.151+08:00 level=DEBUG msg="discovery: skipping unreachable socket" socket=/tmp/tmux-501/t115d24675 err="query tmux on /tmp/tmux-501/t115d24675: exit status 1: no server running on /tmp/tmux-501/t115d24675"
time=2026-08-21T18:22:33.160+08:00 level=DEBUG msg="discovery: skipping unreachable socket" socket=/tmp/tmux-501/t115e31319 err="query tmux on /tmp/tmux-501/t115e31319: exit status 1: no server running on /tmp/tmux-501/t115e31319"
time=2026-08-21T18:22:33.168+08:00 level=DEBUG msg="discovery: skipping unreachable socket" socket=/tmp/tmux-501/t115f44898 err="query tmux on /tmp/tmux-501/t115f44898: exit status 1: no server running on /tmp/tmux-501/t115f44898"
time=2026-08-21T18:22:33.178+08:00 level=DEBUG msg="discovery: skipping unreachable socket" socket=/tmp/tmux-501/t115g47728 err="query tmux on /tmp/tmux-501/t115g47728: exit status 1: no server running on /tmp/tmux-501/t115g47728"
time=2026-08-21T18:22:33.186+08:00 level=DEBUG msg="discovery: skipping unreachable socket" socket=/tmp/tmux-501/ta-0bafa3965ade err="query tmux on /tmp/tmux-501/ta-0bafa3965ade: exit status 1: no server running on /tmp/tmux-501/ta-0bafa3965ade"
time=2026-08-21T18:22:33.213+08:00 level=DEBUG msg="discovery: skipping unreachable socket" socket=/tmp/tmux-501/ta-61709dcf801e err="query tmux on /tmp/tmux-501/ta-61709dcf801e: exit status 1: no server running on /tmp/tmux-501/ta-61709dcf801e"
time=2026-08-21T18:22:33.235+08:00 level=DEBUG msg="discovery: skipping unparsable pane line" socket=/tmp/tmux-501/ta-a9fd5b7defbd line="team-refactor-maintainability|6|%39|/Users/alauda/Documents/code/agent前沿探索/多agent协作|bash|87458|t.p9.review 零上下文设计审查已通过<|eos|> - grok|235x50|tester-t124"
time=2026-08-21T18:22:33.253+08:00 level=DEBUG msg="discovery: skipping unreachable socket" socket=/tmp/tmux-501/ta-ed81bd4d8c17 err="query tmux on /tmp/tmux-501/ta-ed81bd4d8c17: exit status 1: no server running on /tmp/tmux-501/ta-ed81bd4d8c17"
time=2026-08-21T18:22:33.263+08:00 level=DEBUG msg="discovery: skipping unreachable socket" socket=/tmp/tmux-501/ta-f1ad1b378fc7 err="query tmux on /tmp/tmux-501/ta-f1ad1b378fc7: exit status 1: no server running on /tmp/tmux-501/ta-f1ad1b378fc7"
time=2026-08-21T18:22:33.282+08:00 level=DEBUG msg="discovery: skipping unreachable socket" socket=/tmp/tmux-501/ta-t121u01 err="query tmux on /tmp/tmux-501/ta-t121u01: exit status 1: no server running on /tmp/tmux-501/ta-t121u01"
time=2026-08-21T18:22:33.290+08:00 level=DEBUG msg="discovery: skipping unreachable socket" socket=/tmp/tmux-501/ta-t121u01b err="query tmux on /tmp/tmux-501/ta-t121u01b: exit status 1: no server running on /tmp/tmux-501/ta-t121u01b"
time=2026-08-21T18:22:33.299+08:00 level=DEBUG msg="discovery: skipping unreachable socket" socket=/tmp/tmux-501/ta-user-agents err="query tmux on /tmp/tmux-501/ta-user-agents: exit status 1: no server running on /tmp/tmux-501/ta-user-agents"
time=2026-08-21T18:22:34.914+08:00 level=DEBUG msg="listing: no changes"
time=2026-08-21T18:22:35.438+08:00 level=DEBUG msg="discovery: skipping unreachable socket" socket=/tmp/tmux-501/t115d24675 err="query tmux on /tmp/tmux-501/t115d24675: exit status 1: no server running on /tmp/tmux-501/t115d24675"
time=2026-08-21T18:22:35.440+08:00 level=DEBUG msg="discovery: skipping unreachable socket" socket=/tmp/tmux-501/t115d24675 err="query tmux on /tmp/tmux-501/t115d24675: exit status 1: no server running on /tmp/tmux-501/t115d24675"
time=2026-08-21T18:22:35.447+08:00 level=DEBUG msg="discovery: skipping unreachable socket" socket=/tmp/tmux-501/t115e31319 err="query tmux on /tmp/tmux-501/t115e31319: exit status 1: no server running on /tmp/tmux-501/t115e31319"
time=2026-08-21T18:22:35.449+08:00 level=DEBUG msg="discovery: skipping unreachable socket" socket=/tmp/tmux-501/t115e31319 err="query tmux on /tmp/tmux-501/t115e31319: exit status 1: no server running on /tmp/tmux-501/t115e31319"
time=2026-08-21T18:22:35.456+08:00 level=DEBUG msg="discovery: skipping unreachable socket" socket=/tmp/tmux-501/t115f44898 err="query tmux on /tmp/tmux-501/t115f44898: exit status 1: no server running on /tmp/tmux-501/t115f44898"
time=2026-08-21T18:22:35.457+08:00 level=DEBUG msg="discovery: skipping unreachable socket" socket=/tmp/tmux-501/t115f44898 err="query tmux on /tmp/tmux-501/t115f44898: exit status 1: no server running on /tmp/tmux-501/t115f44898"
time=2026-08-21T18:22:35.464+08:00 level=DEBUG msg="discovery: skipping unreachable socket" socket=/tmp/tmux-501/t115g47728 err="query tmux on /tmp/tmux-501/t115g47728: exit status 1: no server running on /tmp/tmux-501/t115g47728"
time=2026-08-21T18:22:35.466+08:00 level=DEBUG msg="discovery: skipping unreachable socket" socket=/tmp/tmux-501/t115g47728 err="query tmux on /tmp/tmux-501/t115g47728: exit status 1: no server running on /tmp/tmux-501/t115g47728"
time=2026-08-21T18:22:35.473+08:00 level=DEBUG msg="discovery: skipping unreachable socket" socket=/tmp/tmux-501/ta-0bafa3965ade err="query tmux on /tmp/tmux-501/ta-0bafa3965ade: exit status 1: no server running on /tmp/tmux-501/ta-0bafa3965ade"
time=2026-08-21T18:22:35.474+08:00 level=DEBUG msg="discovery: skipping unreachable socket" socket=/tmp/tmux-501/ta-0bafa3965ade err="query tmux on /tmp/tmux-501/ta-0bafa3965ade: exit status 1: no server running on /tmp/tmux-501/ta-0bafa3965ade"
time=2026-08-21T18:22:35.498+08:00 level=DEBUG msg="discovery: skipping unreachable socket" socket=/tmp/tmux-501/ta-61709dcf801e err="query tmux on /tmp/tmux-501/ta-61709dcf801e: exit status 1: no server running on /tmp/tmux-501/ta-61709dcf801e"
time=2026-08-21T18:22:35.498+08:00 level=DEBUG msg="discovery: skipping unreachable socket" socket=/tmp/tmux-501/ta-61709dcf801e err="query tmux on /tmp/tmux-501/ta-61709dcf801e: exit status 1: no server running on /tmp/tmux-501/ta-61709dcf801e"
time=2026-08-21T18:22:35.517+08:00 level=DEBUG msg="discovery: skipping unparsable pane line" socket=/tmp/tmux-501/ta-a9fd5b7defbd line="team-refactor-maintainability|6|%39|/Users/alauda/Documents/code/agent前沿探索/多agent协作|bash|87458|t.p9.review 零上下文设计审查已通过<|eos|> - grok|235x50|tester-t124"
time=2026-08-21T18:22:35.517+08:00 level=DEBUG msg="discovery: skipping unparsable pane line" socket=/tmp/tmux-501/ta-a9fd5b7defbd line="team-refactor-maintainability|6|%39|/Users/alauda/Documents/code/agent前沿探索/多agent协作|bash|87458|t.p9.review 零上下文设计审查已通过<|eos|> - grok|235x50|tester-t124"
time=2026-08-21T18:22:35.537+08:00 level=DEBUG msg="discovery: skipping unreachable socket" socket=/tmp/tmux-501/ta-ed81bd4d8c17 err="query tmux on /tmp/tmux-501/ta-ed81bd4d8c17: exit status 1: no server running on /tmp/tmux-501/ta-ed81bd4d8c17"
time=2026-08-21T18:22:35.537+08:00 level=DEBUG msg="discovery: skipping unreachable socket" socket=/tmp/tmux-501/ta-ed81bd4d8c17 err="query tmux on /tmp/tmux-501/ta-ed81bd4d8c17: exit status 1: no server running on /tmp/tmux-501/ta-ed81bd4d8c17"
time=2026-08-21T18:22:35.545+08:00 level=DEBUG msg="discovery: skipping unreachable socket" socket=/tmp/tmux-501/ta-f1ad1b378fc7 err="query tmux on /tmp/tmux-501/ta-f1ad1b378fc7: exit status 1: no server running on /tmp/tmux-501/ta-f1ad1b378fc7"
time=2026-08-21T18:22:35.545+08:00 level=DEBUG msg="discovery: skipping unreachable socket" socket=/tmp/tmux-501/ta-f1ad1b378fc7 err="query tmux on /tmp/tmux-501/ta-f1ad1b378fc7: exit status 1: no server running on /tmp/tmux-501/ta-f1ad1b378fc7"
time=2026-08-21T18:22:35.562+08:00 level=DEBUG msg="discovery: skipping unreachable socket" socket=/tmp/tmux-501/ta-t121u01 err="query tmux on /tmp/tmux-501/ta-t121u01: exit status 1: no server running on /tmp/tmux-501/ta-t121u01"
time=2026-08-21T18:22:35.562+08:00 level=DEBUG msg="discovery: skipping unreachable socket" socket=/tmp/tmux-501/ta-t121u01 err="query tmux on /tmp/tmux-501/ta-t121u01: exit status 1: no server running on /tmp/tmux-501/ta-t121u01"
time=2026-08-21T18:22:35.571+08:00 level=DEBUG msg="discovery: skipping unreachable socket" socket=/tmp/tmux-501/ta-t121u01b err="query tmux on /tmp/tmux-501/ta-t121u01b: exit status 1: no server running on /tmp/tmux-501/ta-t121u01b"
time=2026-08-21T18:22:35.571+08:00 level=DEBUG msg="discovery: skipping unreachable socket" socket=/tmp/tmux-501/ta-t121u01b err="query tmux on /tmp/tmux-501/ta-t121u01b: exit status 1: no server running on /tmp/tmux-501/ta-t121u01b"
time=2026-08-21T18:22:35.579+08:00 level=DEBUG msg="discovery: skipping unreachable socket" socket=/tmp/tmux-501/ta-user-agents err="query tmux on /tmp/tmux-501/ta-user-agents: exit status 1: no server running on /tmp/tmux-501/ta-user-agents"
time=2026-08-21T18:22:35.579+08:00 level=DEBUG msg="discovery: skipping unreachable socket" socket=/tmp/tmux-501/ta-user-agents err="query tmux on /tmp/tmux-501/ta-user-agents: exit status 1: no server running on /tmp/tmux-501/ta-user-agents"
time=2026-08-21T18:22:37.659+08:00 level=DEBUG msg="discovery: skipping unreachable socket" socket=/tmp/tmux-501/t115d24675 err="query tmux on /tmp/tmux-501/t115d24675: exit status 1: no server running on /tmp/tmux-501/t115d24675"
time=2026-08-21T18:22:37.668+08:00 level=DEBUG msg="discovery: skipping unreachable socket" socket=/tmp/tmux-501/t115e31319 err="query tmux on /tmp/tmux-501/t115e31319: exit status 1: no server running on /tmp/tmux-501/t115e31319"
time=2026-08-21T18:22:37.678+08:00 level=DEBUG msg="discovery: skipping unreachable socket" socket=/tmp/tmux-501/t115f44898 err="query tmux on /tmp/tmux-501/t115f44898: exit status 1: no server running on /tmp/tmux-501/t115f44898"
time=2026-08-21T18:22:37.696+08:00 level=DEBUG msg="discovery: skipping unreachable socket" socket=/tmp/tmux-501/t115g47728 err="query tmux on /tmp/tmux-501/t115g47728: exit status 1: no server running on /tmp/tmux-501/t115g47728"
time=2026-08-21T18:22:37.705+08:00 level=DEBUG msg="discovery: skipping unreachable socket" socket=/tmp/tmux-501/ta-0bafa3965ade err="query tmux on /tmp/tmux-501/ta-0bafa3965ade: exit status 1: no server running on /tmp/tmux-501/ta-0bafa3965ade"
time=2026-08-21T18:22:37.746+08:00 level=DEBUG msg="discovery: skipping unreachable socket" socket=/tmp/tmux-501/ta-61709dcf801e err="query tmux on /tmp/tmux-501/ta-61709dcf801e: exit status 1: no server running on /tmp/tmux-501/ta-61709dcf801e"
time=2026-08-21T18:22:37.766+08:00 level=DEBUG msg="discovery: skipping unparsable pane line" socket=/tmp/tmux-501/ta-a9fd5b7defbd line="team-refactor-maintainability|6|%39|/Users/alauda/Documents/code/agent前沿探索/多agent协作|bash|87458|t.p9.review 零上下文设计审查已通过<|eos|> - grok|235x50|tester-t124"
time=2026-08-21T18:22:37.787+08:00 level=DEBUG msg="discovery: skipping unreachable socket" socket=/tmp/tmux-501/ta-ed81bd4d8c17 err="query tmux on /tmp/tmux-501/ta-ed81bd4d8c17: exit status 1: no server running on /tmp/tmux-501/ta-ed81bd4d8c17"
time=2026-08-21T18:22:37.796+08:00 level=DEBUG msg="discovery: skipping unreachable socket" socket=/tmp/tmux-501/ta-f1ad1b378fc7 err="query tmux on /tmp/tmux-501/ta-f1ad1b378fc7: exit status 1: no server running on /tmp/tmux-501/ta-f1ad1b378fc7"
time=2026-08-21T18:22:37.814+08:00 level=DEBUG msg="discovery: skipping unreachable socket" socket=/tmp/tmux-501/ta-t121u01 err="query tmux on /tmp/tmux-501/ta-t121u01: exit status 1: no server running on /tmp/tmux-501/ta-t121u01"
time=2026-08-21T18:22:37.824+08:00 level=DEBUG msg="discovery: skipping unreachable socket" socket=/tmp/tmux-501/ta-t121u01b err="query tmux on /tmp/tmux-501/ta-t121u01b: exit status 1: no server running on /tmp/tmux-501/ta-t121u01b"
time=2026-08-21T18:22:37.833+08:00 level=DEBUG msg="discovery: skipping unreachable socket" socket=/tmp/tmux-501/ta-user-agents err="query tmux on /tmp/tmux-501/ta-user-agents: exit status 1: no server running on /tmp/tmux-501/ta-user-agents"
time=2026-08-21T18:22:38.055+08:00 level=DEBUG msg="listing: no changes"
time=2026-08-21T18:22:38.581+08:00 level=DEBUG msg="discovery: skipping unreachable socket" socket=/tmp/tmux-501/t115d24675 err="query tmux on /tmp/tmux-501/t115d24675: exit status 1: no server running on /tmp/tmux-501/t115d24675"
time=2026-08-21T18:22:38.590+08:00 level=DEBUG msg="discovery: skipping unreachable socket" socket=/tmp/tmux-501/t115e31319 err="query tmux on /tmp/tmux-501/t115e31319: exit status 1: no server running on /tmp/tmux-501/t115e31319"
time=2026-08-21T18:22:38.602+08:00 level=DEBUG msg="discovery: skipping unreachable socket" socket=/tmp/tmux-501/t115f44898 err="query tmux on /tmp/tmux-501/t115f44898: exit status 1: no server running on /tmp/tmux-501/t115f44898"
time=2026-08-21T18:22:38.611+08:00 level=DEBUG msg="discovery: skipping unreachable socket" socket=/tmp/tmux-501/t115g47728 err="query tmux on /tmp/tmux-501/t115g47728: exit status 1: no server running on /tmp/tmux-501/t115g47728"
time=2026-08-21T18:22:38.619+08:00 level=DEBUG msg="discovery: skipping unreachable socket" socket=/tmp/tmux-501/ta-0bafa3965ade err="query tmux on /tmp/tmux-501/ta-0bafa3965ade: exit status 1: no server running on /tmp/tmux-501/ta-0bafa3965ade"
time=2026-08-21T18:22:38.647+08:00 level=DEBUG msg="discovery: skipping unreachable socket" socket=/tmp/tmux-501/ta-61709dcf801e err="query tmux on /tmp/tmux-501/ta-61709dcf801e: exit status 1: no server running on /tmp/tmux-501/ta-61709dcf801e"
time=2026-08-21T18:22:38.667+08:00 level=DEBUG msg="discovery: skipping unparsable pane line" socket=/tmp/tmux-501/ta-a9fd5b7defbd line="team-refactor-maintainability|6|%39|/Users/alauda/Documents/code/agent前沿探索/多agent协作|bash|87458|t.p9.review 零上下文设计审查已通过<|eos|> - grok|235x50|tester-t124"
time=2026-08-21T18:22:38.685+08:00 level=DEBUG msg="discovery: skipping unreachable socket" socket=/tmp/tmux-501/ta-ed81bd4d8c17 err="query tmux on /tmp/tmux-501/ta-ed81bd4d8c17: exit status 1: no server running on /tmp/tmux-501/ta-ed81bd4d8c17"
time=2026-08-21T18:22:38.693+08:00 level=DEBUG msg="discovery: skipping unreachable socket" socket=/tmp/tmux-501/ta-f1ad1b378fc7 err="query tmux on /tmp/tmux-501/ta-f1ad1b378fc7: exit status 1: no server running on /tmp/tmux-501/ta-f1ad1b378fc7"
time=2026-08-21T18:22:38.709+08:00 level=DEBUG msg="discovery: skipping unreachable socket" socket=/tmp/tmux-501/ta-t121u01 err="query tmux on /tmp/tmux-501/ta-t121u01: exit status 1: no server running on /tmp/tmux-501/ta-t121u01"
time=2026-08-21T18:22:38.717+08:00 level=DEBUG msg="discovery: skipping unreachable socket" socket=/tmp/tmux-501/ta-t121u01b err="query tmux on /tmp/tmux-501/ta-t121u01b: exit status 1: no server running on /tmp/tmux-501/ta-t121u01b"
time=2026-08-21T18:22:38.726+08:00 level=DEBUG msg="discovery: skipping unreachable socket" socket=/tmp/tmux-501/ta-user-agents err="query tmux on /tmp/tmux-501/ta-user-agents: exit status 1: no server running on /tmp/tmux-501/ta-user-agents"
time=2026-08-21T18:22:39.994+08:00 level=DEBUG msg="discovery: skipping unreachable socket" socket=/tmp/tmux-501/t115d24675 err="query tmux on /tmp/tmux-501/t115d24675: exit status 1: no server running on /tmp/tmux-501/t115d24675"
time=2026-08-21T18:22:40.002+08:00 level=DEBUG msg="discovery: skipping unreachable socket" socket=/tmp/tmux-501/t115e31319 err="query tmux on /tmp/tmux-501/t115e31319: exit status 1: no server running on /tmp/tmux-501/t115e31319"
time=2026-08-21T18:22:40.011+08:00 level=DEBUG msg="discovery: skipping unreachable socket" socket=/tmp/tmux-501/t115f44898 err="query tmux on /tmp/tmux-501/t115f44898: exit status 1: no server running on /tmp/tmux-501/t115f44898"
time=2026-08-21T18:22:40.020+08:00 level=DEBUG msg="discovery: skipping unreachable socket" socket=/tmp/tmux-501/t115g47728 err="query tmux on /tmp/tmux-501/t115g47728: exit status 1: no server running on /tmp/tmux-501/t115g47728"
time=2026-08-21T18:22:40.032+08:00 level=DEBUG msg="discovery: skipping unreachable socket" socket=/tmp/tmux-501/ta-0bafa3965ade err="query tmux on /tmp/tmux-501/ta-0bafa3965ade: exit status 1: no server running on /tmp/tmux-501/ta-0bafa3965ade"
time=2026-08-21T18:22:40.059+08:00 level=DEBUG msg="discovery: skipping unreachable socket" socket=/tmp/tmux-501/ta-61709dcf801e err="query tmux on /tmp/tmux-501/ta-61709dcf801e: exit status 1: no server running on /tmp/tmux-501/ta-61709dcf801e"
time=2026-08-21T18:22:40.083+08:00 level=DEBUG msg="discovery: skipping unparsable pane line" socket=/tmp/tmux-501/ta-a9fd5b7defbd line="team-refactor-maintainability|6|%39|/Users/alauda/Documents/code/agent前沿探索/多agent协作|bash|87458|t.p9.review 零上下文设计审查已通过<|eos|> - grok|235x50|tester-t124"
time=2026-08-21T18:22:40.101+08:00 level=DEBUG msg="discovery: skipping unreachable socket" socket=/tmp/tmux-501/ta-ed81bd4d8c17 err="query tmux on /tmp/tmux-501/ta-ed81bd4d8c17: exit status 1: no server running on /tmp/tmux-501/ta-ed81bd4d8c17"
time=2026-08-21T18:22:40.109+08:00 level=DEBUG msg="discovery: skipping unreachable socket" socket=/tmp/tmux-501/ta-f1ad1b378fc7 err="query tmux on /tmp/tmux-501/ta-f1ad1b378fc7: exit status 1: no server running on /tmp/tmux-501/ta-f1ad1b378fc7"
time=2026-08-21T18:22:40.134+08:00 level=DEBUG msg="discovery: skipping unreachable socket" socket=/tmp/tmux-501/ta-t121u01 err="query tmux on /tmp/tmux-501/ta-t121u01: exit status 1: no server running on /tmp/tmux-501/ta-t121u01"
time=2026-08-21T18:22:40.143+08:00 level=DEBUG msg="discovery: skipping unreachable socket" socket=/tmp/tmux-501/ta-t121u01b err="query tmux on /tmp/tmux-501/ta-t121u01b: exit status 1: no server running on /tmp/tmux-501/ta-t121u01b"
time=2026-08-21T18:22:40.153+08:00 level=DEBUG msg="discovery: skipping unreachable socket" socket=/tmp/tmux-501/ta-user-agents err="query tmux on /tmp/tmux-501/ta-user-agents: exit status 1: no server running on /tmp/tmux-501/ta-user-agents"
time=2026-08-21T18:22:41.101+08:00 level=DEBUG msg="listing: no changes"
time=2026-08-21T18:22:41.632+08:00 level=DEBUG msg="discovery: skipping unreachable socket" socket=/tmp/tmux-501/t115d24675 err="query tmux on /tmp/tmux-501/t115d24675: exit status 1: no server running on /tmp/tmux-501/t115d24675"
time=2026-08-21T18:22:41.642+08:00 level=DEBUG msg="discovery: skipping unreachable socket" socket=/tmp/tmux-501/t115e31319 err="query tmux on /tmp/tmux-501/t115e31319: exit status 1: no server running on /tmp/tmux-501/t115e31319"
time=2026-08-21T18:22:41.650+08:00 level=DEBUG msg="discovery: skipping unreachable socket" socket=/tmp/tmux-501/t115f44898 err="query tmux on /tmp/tmux-501/t115f44898: exit status 1: no server running on /tmp/tmux-501/t115f44898"
time=2026-08-21T18:22:41.659+08:00 level=DEBUG msg="discovery: skipping unreachable socket" socket=/tmp/tmux-501/t115g47728 err="query tmux on /tmp/tmux-501/t115g47728: exit status 1: no server running on /tmp/tmux-501/t115g47728"
time=2026-08-21T18:22:41.667+08:00 level=DEBUG msg="discovery: skipping unreachable socket" socket=/tmp/tmux-501/ta-0bafa3965ade err="query tmux on /tmp/tmux-501/ta-0bafa3965ade: exit status 1: no server running on /tmp/tmux-501/ta-0bafa3965ade"
time=2026-08-21T18:22:41.697+08:00 level=DEBUG msg="discovery: skipping unreachable socket" socket=/tmp/tmux-501/ta-61709dcf801e err="query tmux on /tmp/tmux-501/ta-61709dcf801e: exit status 1: no server running on /tmp/tmux-501/ta-61709dcf801e"
time=2026-08-21T18:22:41.715+08:00 level=DEBUG msg="discovery: skipping unparsable pane line" socket=/tmp/tmux-501/ta-a9fd5b7defbd line="team-refactor-maintainability|6|%39|/Users/alauda/Documents/code/agent前沿探索/多agent协作|bash|87458|t.p9.review 零上下文设计审查已通过<|eos|> - grok|235x50|tester-t124"
time=2026-08-21T18:22:41.735+08:00 level=DEBUG msg="discovery: skipping unreachable socket" socket=/tmp/tmux-501/ta-ed81bd4d8c17 err="query tmux on /tmp/tmux-501/ta-ed81bd4d8c17: exit status 1: no server running on /tmp/tmux-501/ta-ed81bd4d8c17"
time=2026-08-21T18:22:41.743+08:00 level=DEBUG msg="discovery: skipping unreachable socket" socket=/tmp/tmux-501/ta-f1ad1b378fc7 err="query tmux on /tmp/tmux-501/ta-f1ad1b378fc7: exit status 1: no server running on /tmp/tmux-501/ta-f1ad1b378fc7"
time=2026-08-21T18:22:41.760+08:00 level=DEBUG msg="discovery: skipping unreachable socket" socket=/tmp/tmux-501/ta-t121u01 err="query tmux on /tmp/tmux-501/ta-t121u01: exit status 1: no server running on /tmp/tmux-501/ta-t121u01"
time=2026-08-21T18:22:41.768+08:00 level=DEBUG msg="discovery: skipping unreachable socket" socket=/tmp/tmux-501/ta-t121u01b err="query tmux on /tmp/tmux-501/ta-t121u01b: exit status 1: no server running on /tmp/tmux-501/ta-t121u01b"
time=2026-08-21T18:22:41.778+08:00 level=DEBUG msg="discovery: skipping unreachable socket" socket=/tmp/tmux-501/ta-user-agents err="query tmux on /tmp/tmux-501/ta-user-agents: exit status 1: no server running on /tmp/tmux-501/ta-user-agents"
time=2026-08-21T18:22:42.311+08:00 level=DEBUG msg="discovery: skipping unreachable socket" socket=/tmp/tmux-501/t115d24675 err="query tmux on /tmp/tmux-501/t115d24675: exit status 1: no server running on /tmp/tmux-501/t115d24675"
time=2026-08-21T18:22:42.320+08:00 level=DEBUG msg="discovery: skipping unreachable socket" socket=/tmp/tmux-501/t115e31319 err="query tmux on /tmp/tmux-501/t115e31319: exit status 1: no server running on /tmp/tmux-501/t115e31319"
time=2026-08-21T18:22:42.329+08:00 level=DEBUG msg="discovery: skipping unreachable socket" socket=/tmp/tmux-501/t115f44898 err="query tmux on /tmp/tmux-501/t115f44898: exit status 1: no server running on /tmp/tmux-501/t115f44898"
time=2026-08-21T18:22:42.339+08:00 level=DEBUG msg="discovery: skipping unreachable socket" socket=/tmp/tmux-501/t115g47728 err="query tmux on /tmp/tmux-501/t115g47728: exit status 1: no server running on /tmp/tmux-501/t115g47728"
time=2026-08-21T18:22:42.348+08:00 level=DEBUG msg="discovery: skipping unreachable socket" socket=/tmp/tmux-501/ta-0bafa3965ade err="query tmux on /tmp/tmux-501/ta-0bafa3965ade: exit status 1: no server running on /tmp/tmux-501/ta-0bafa3965ade"
time=2026-08-21T18:22:42.377+08:00 level=DEBUG msg="discovery: skipping unreachable socket" socket=/tmp/tmux-501/ta-61709dcf801e err="query tmux on /tmp/tmux-501/ta-61709dcf801e: exit status 1: no server running on /tmp/tmux-501/ta-61709dcf801e"
time=2026-08-21T18:22:42.396+08:00 level=DEBUG msg="discovery: skipping unparsable pane line" socket=/tmp/tmux-501/ta-a9fd5b7defbd line="team-refactor-maintainability|6|%39|/Users/alauda/Documents/code/agent前沿探索/多agent协作|bash|87458|t.p9.review 零上下文设计审查已通过<|eos|> - grok|235x50|tester-t124"
time=2026-08-21T18:22:42.414+08:00 level=DEBUG msg="discovery: skipping unreachable socket" socket=/tmp/tmux-501/ta-ed81bd4d8c17 err="query tmux on /tmp/tmux-501/ta-ed81bd4d8c17: exit status 1: no server running on /tmp/tmux-501/ta-ed81bd4d8c17"
time=2026-08-21T18:22:42.423+08:00 level=DEBUG msg="discovery: skipping unreachable socket" socket=/tmp/tmux-501/ta-f1ad1b378fc7 err="query tmux on /tmp/tmux-501/ta-f1ad1b378fc7: exit status 1: no server running on /tmp/tmux-501/ta-f1ad1b378fc7"
time=2026-08-21T18:22:42.441+08:00 level=DEBUG msg="discovery: skipping unreachable socket" socket=/tmp/tmux-501/ta-t121u01 err="query tmux on /tmp/tmux-501/ta-t121u01: exit status 1: no server running on /tmp/tmux-501/ta-t121u01"
time=2026-08-21T18:22:42.449+08:00 level=DEBUG msg="discovery: skipping unreachable socket" socket=/tmp/tmux-501/ta-t121u01b err="query tmux on /tmp/tmux-501/ta-t121u01b: exit status 1: no server running on /tmp/tmux-501/ta-t121u01b"
time=2026-08-21T18:22:42.458+08:00 level=DEBUG msg="discovery: skipping unreachable socket" socket=/tmp/tmux-501/ta-user-agents err="query tmux on /tmp/tmux-501/ta-user-agents: exit status 1: no server running on /tmp/tmux-501/ta-user-agents"
time=2026-08-21T18:22:44.080+08:00 level=DEBUG msg="listing: no changes"
time=2026-08-21T18:22:44.560+08:00 level=DEBUG msg="discovery: skipping unreachable socket" socket=/tmp/tmux-501/t115d24675 err="query tmux on /tmp/tmux-501/t115d24675: exit status 1: no server running on /tmp/tmux-501/t115d24675"
time=2026-08-21T18:22:44.570+08:00 level=DEBUG msg="discovery: skipping unreachable socket" socket=/tmp/tmux-501/t115e31319 err="query tmux on /tmp/tmux-501/t115e31319: exit status 1: no server running on /tmp/tmux-501/t115e31319"
time=2026-08-21T18:22:44.580+08:00 level=DEBUG msg="discovery: skipping unreachable socket" socket=/tmp/tmux-501/t115f44898 err="query tmux on /tmp/tmux-501/t115f44898: exit status 1: no server running on /tmp/tmux-501/t115f44898"
time=2026-08-21T18:22:44.590+08:00 level=DEBUG msg="discovery: skipping unreachable socket" socket=/tmp/tmux-501/t115g47728 err="query tmux on /tmp/tmux-501/t115g47728: exit status 1: no server running on /tmp/tmux-501/t115g47728"
time=2026-08-21T18:22:44.600+08:00 level=DEBUG msg="discovery: skipping unreachable socket" socket=/tmp/tmux-501/ta-0bafa3965ade err="query tmux on /tmp/tmux-501/ta-0bafa3965ade: exit status 1: no server running on /tmp/tmux-501/ta-0bafa3965ade"
time=2026-08-21T18:22:44.611+08:00 level=DEBUG msg="discovery: skipping unreachable socket" socket=/tmp/tmux-501/t115d24675 err="query tmux on /tmp/tmux-501/t115d24675: exit status 1: no server running on /tmp/tmux-501/t115d24675"
time=2026-08-21T18:22:44.620+08:00 level=DEBUG msg="discovery: skipping unreachable socket" socket=/tmp/tmux-501/t115e31319 err="query tmux on /tmp/tmux-501/t115e31319: exit status 1: no server running on /tmp/tmux-501/t115e31319"
time=2026-08-21T18:22:44.630+08:00 level=DEBUG msg="discovery: skipping unreachable socket" socket=/tmp/tmux-501/t115f44898 err="query tmux on /tmp/tmux-501/t115f44898: exit status 1: no server running on /tmp/tmux-501/t115f44898"
time=2026-08-21T18:22:44.630+08:00 level=DEBUG msg="discovery: skipping unreachable socket" socket=/tmp/tmux-501/ta-61709dcf801e err="query tmux on /tmp/tmux-501/ta-61709dcf801e: exit status 1: no server running on /tmp/tmux-501/ta-61709dcf801e"
time=2026-08-21T18:22:44.640+08:00 level=DEBUG msg="discovery: skipping unreachable socket" socket=/tmp/tmux-501/t115g47728 err="query tmux on /tmp/tmux-501/t115g47728: exit status 1: no server running on /tmp/tmux-501/t115g47728"
time=2026-08-21T18:22:44.649+08:00 level=DEBUG msg="discovery: skipping unreachable socket" socket=/tmp/tmux-501/ta-0bafa3965ade err="query tmux on /tmp/tmux-501/ta-0bafa3965ade: exit status 1: no server running on /tmp/tmux-501/ta-0bafa3965ade"
time=2026-08-21T18:22:44.651+08:00 level=DEBUG msg="discovery: skipping unparsable pane line" socket=/tmp/tmux-501/ta-a9fd5b7defbd line="team-refactor-maintainability|6|%39|/Users/alauda/Documents/code/agent前沿探索/多agent协作|bash|87458|t.p9.review 零上下文设计审查已通过<|eos|> - grok|235x50|tester-t124"
time=2026-08-21T18:22:44.670+08:00 level=DEBUG msg="discovery: skipping unreachable socket" socket=/tmp/tmux-501/ta-ed81bd4d8c17 err="query tmux on /tmp/tmux-501/ta-ed81bd4d8c17: exit status 1: no server running on /tmp/tmux-501/ta-ed81bd4d8c17"
time=2026-08-21T18:22:44.679+08:00 level=DEBUG msg="discovery: skipping unreachable socket" socket=/tmp/tmux-501/ta-61709dcf801e err="query tmux on /tmp/tmux-501/ta-61709dcf801e: exit status 1: no server running on /tmp/tmux-501/ta-61709dcf801e"
time=2026-08-21T18:22:44.679+08:00 level=DEBUG msg="discovery: skipping unreachable socket" socket=/tmp/tmux-501/ta-f1ad1b378fc7 err="query tmux on /tmp/tmux-501/ta-f1ad1b378fc7: exit status 1: no server running on /tmp/tmux-501/ta-f1ad1b378fc7"
time=2026-08-21T18:22:44.697+08:00 level=DEBUG msg="discovery: skipping unreachable socket" socket=/tmp/tmux-501/ta-t121u01 err="query tmux on /tmp/tmux-501/ta-t121u01: exit status 1: no server running on /tmp/tmux-501/ta-t121u01"
time=2026-08-21T18:22:44.698+08:00 level=DEBUG msg="discovery: skipping unparsable pane line" socket=/tmp/tmux-501/ta-a9fd5b7defbd line="team-refactor-maintainability|6|%39|/Users/alauda/Documents/code/agent前沿探索/多agent协作|bash|87458|t.p9.review 零上下文设计审查已通过<|eos|> - grok|235x50|tester-t124"
time=2026-08-21T18:22:44.705+08:00 level=DEBUG msg="discovery: skipping unreachable socket" socket=/tmp/tmux-501/ta-t121u01b err="query tmux on /tmp/tmux-501/ta-t121u01b: exit status 1: no server running on /tmp/tmux-501/ta-t121u01b"
time=2026-08-21T18:22:44.713+08:00 level=DEBUG msg="discovery: skipping unreachable socket" socket=/tmp/tmux-501/ta-user-agents err="query tmux on /tmp/tmux-501/ta-user-agents: exit status 1: no server running on /tmp/tmux-501/ta-user-agents"
time=2026-08-21T18:22:44.714+08:00 level=DEBUG msg="discovery: skipping unreachable socket" socket=/tmp/tmux-501/ta-ed81bd4d8c17 err="query tmux on /tmp/tmux-501/ta-ed81bd4d8c17: exit status 1: no server running on /tmp/tmux-501/ta-ed81bd4d8c17"
time=2026-08-21T18:22:44.722+08:00 level=DEBUG msg="discovery: skipping unreachable socket" socket=/tmp/tmux-501/ta-f1ad1b378fc7 err="query tmux on /tmp/tmux-501/ta-f1ad1b378fc7: exit status 1: no server running on /tmp/tmux-501/ta-f1ad1b378fc7"
time=2026-08-21T18:22:44.740+08:00 level=DEBUG msg="discovery: skipping unreachable socket" socket=/tmp/tmux-501/ta-t121u01 err="query tmux on /tmp/tmux-501/ta-t121u01: exit status 1: no server running on /tmp/tmux-501/ta-t121u01"
time=2026-08-21T18:22:44.749+08:00 level=DEBUG msg="discovery: skipping unreachable socket" socket=/tmp/tmux-501/ta-t121u01b err="query tmux on /tmp/tmux-501/ta-t121u01b: exit status 1: no server running on /tmp/tmux-501/ta-t121u01b"
time=2026-08-21T18:22:44.758+08:00 level=DEBUG msg="discovery: skipping unreachable socket" socket=/tmp/tmux-501/ta-user-agents err="query tmux on /tmp/tmux-501/ta-user-agents: exit status 1: no server running on /tmp/tmux-501/ta-user-agents"
time=2026-08-21T18:22:46.808+08:00 level=DEBUG msg="discovery: skipping unreachable socket" socket=/tmp/tmux-501/t115d24675 err="query tmux on /tmp/tmux-501/t115d24675: exit status 1: no server running on /tmp/tmux-501/t115d24675"
time=2026-08-21T18:22:46.817+08:00 level=DEBUG msg="discovery: skipping unreachable socket" socket=/tmp/tmux-501/t115e31319 err="query tmux on /tmp/tmux-501/t115e31319: exit status 1: no server running on /tmp/tmux-501/t115e31319"
time=2026-08-21T18:22:46.826+08:00 level=DEBUG msg="discovery: skipping unreachable socket" socket=/tmp/tmux-501/t115f44898 err="query tmux on /tmp/tmux-501/t115f44898: exit status 1: no server running on /tmp/tmux-501/t115f44898"
time=2026-08-21T18:22:46.835+08:00 level=DEBUG msg="discovery: skipping unreachable socket" socket=/tmp/tmux-501/t115g47728 err="query tmux on /tmp/tmux-501/t115g47728: exit status 1: no server running on /tmp/tmux-501/t115g47728"
time=2026-08-21T18:22:46.846+08:00 level=DEBUG msg="discovery: skipping unreachable socket" socket=/tmp/tmux-501/ta-0bafa3965ade err="query tmux on /tmp/tmux-501/ta-0bafa3965ade: exit status 1: no server running on /tmp/tmux-501/ta-0bafa3965ade"
time=2026-08-21T18:22:46.873+08:00 level=DEBUG msg="discovery: skipping unreachable socket" socket=/tmp/tmux-501/ta-61709dcf801e err="query tmux on /tmp/tmux-501/ta-61709dcf801e: exit status 1: no server running on /tmp/tmux-501/ta-61709dcf801e"
time=2026-08-21T18:22:46.896+08:00 level=DEBUG msg="discovery: skipping unparsable pane line" socket=/tmp/tmux-501/ta-a9fd5b7defbd line="team-refactor-maintainability|6|%39|/Users/alauda/Documents/code/agent前沿探索/多agent协作|bash|87458|t.p9.review 零上下文设计审查已通过<|eos|> - grok|235x50|tester-t124"
time=2026-08-21T18:22:46.918+08:00 level=DEBUG msg="discovery: skipping unreachable socket" socket=/tmp/tmux-501/ta-ed81bd4d8c17 err="query tmux on /tmp/tmux-501/ta-ed81bd4d8c17: exit status 1: no server running on /tmp/tmux-501/ta-ed81bd4d8c17"
time=2026-08-21T18:22:46.927+08:00 level=DEBUG msg="discovery: skipping unreachable socket" socket=/tmp/tmux-501/ta-f1ad1b378fc7 err="query tmux on /tmp/tmux-501/ta-f1ad1b378fc7: exit status 1: no server running on /tmp/tmux-501/ta-f1ad1b378fc7"
time=2026-08-21T18:22:46.947+08:00 level=DEBUG msg="discovery: skipping unreachable socket" socket=/tmp/tmux-501/ta-t121u01 err="query tmux on /tmp/tmux-501/ta-t121u01: exit status 1: no server running on /tmp/tmux-501/ta-t121u01"
time=2026-08-21T18:22:46.958+08:00 level=DEBUG msg="discovery: skipping unreachable socket" socket=/tmp/tmux-501/ta-t121u01b err="query tmux on /tmp/tmux-501/ta-t121u01b: exit status 1: no server running on /tmp/tmux-501/ta-t121u01b"
time=2026-08-21T18:22:46.967+08:00 level=DEBUG msg="discovery: skipping unreachable socket" socket=/tmp/tmux-501/ta-user-agents err="query tmux on /tmp/tmux-501/ta-user-agents: exit status 1: no server running on /tmp/tmux-501/ta-user-agents"
time=2026-08-21T18:22:47.121+08:00 level=DEBUG msg="listing: no changes"
time=2026-08-21T18:22:47.648+08:00 level=DEBUG msg="discovery: skipping unreachable socket" socket=/tmp/tmux-501/t115d24675 err="query tmux on /tmp/tmux-501/t115d24675: exit status 1: no server running on /tmp/tmux-501/t115d24675"
time=2026-08-21T18:22:47.657+08:00 level=DEBUG msg="discovery: skipping unreachable socket" socket=/tmp/tmux-501/t115e31319 err="query tmux on /tmp/tmux-501/t115e31319: exit status 1: no server running on /tmp/tmux-501/t115e31319"
time=2026-08-21T18:22:47.666+08:00 level=DEBUG msg="discovery: skipping unreachable socket" socket=/tmp/tmux-501/t115f44898 err="query tmux on /tmp/tmux-501/t115f44898: exit status 1: no server running on /tmp/tmux-501/t115f44898"
time=2026-08-21T18:22:47.675+08:00 level=DEBUG msg="discovery: skipping unreachable socket" socket=/tmp/tmux-501/t115g47728 err="query tmux on /tmp/tmux-501/t115g47728: exit status 1: no server running on /tmp/tmux-501/t115g47728"
time=2026-08-21T18:22:47.684+08:00 level=DEBUG msg="discovery: skipping unreachable socket" socket=/tmp/tmux-501/ta-0bafa3965ade err="query tmux on /tmp/tmux-501/ta-0bafa3965ade: exit status 1: no server running on /tmp/tmux-501/ta-0bafa3965ade"
time=2026-08-21T18:22:47.711+08:00 level=DEBUG msg="discovery: skipping unreachable socket" socket=/tmp/tmux-501/ta-61709dcf801e err="query tmux on /tmp/tmux-501/ta-61709dcf801e: exit status 1: no server running on /tmp/tmux-501/ta-61709dcf801e"
time=2026-08-21T18:22:47.729+08:00 level=DEBUG msg="discovery: skipping unparsable pane line" socket=/tmp/tmux-501/ta-a9fd5b7defbd line="team-refactor-maintainability|6|%39|/Users/alauda/Documents/code/agent前沿探索/多agent协作|bash|87458|t.p9.review 零上下文设计审查已通过<|eos|> - grok|235x50|tester-t124"
time=2026-08-21T18:22:47.747+08:00 level=DEBUG msg="discovery: skipping unreachable socket" socket=/tmp/tmux-501/ta-ed81bd4d8c17 err="query tmux on /tmp/tmux-501/ta-ed81bd4d8c17: exit status 1: no server running on /tmp/tmux-501/ta-ed81bd4d8c17"
time=2026-08-21T18:22:47.755+08:00 level=DEBUG msg="discovery: skipping unreachable socket" socket=/tmp/tmux-501/ta-f1ad1b378fc7 err="query tmux on /tmp/tmux-501/ta-f1ad1b378fc7: exit status 1: no server running on /tmp/tmux-501/ta-f1ad1b378fc7"
time=2026-08-21T18:22:47.772+08:00 level=DEBUG msg="discovery: skipping unreachable socket" socket=/tmp/tmux-501/ta-t121u01 err="query tmux on /tmp/tmux-501/ta-t121u01: exit status 1: no server running on /tmp/tmux-501/ta-t121u01"
time=2026-08-21T18:22:47.780+08:00 level=DEBUG msg="discovery: skipping unreachable socket" socket=/tmp/tmux-501/ta-t121u01b err="query tmux on /tmp/tmux-501/ta-t121u01b: exit status 1: no server running on /tmp/tmux-501/ta-t121u01b"
time=2026-08-21T18:22:47.789+08:00 level=DEBUG msg="discovery: skipping unreachable socket" socket=/tmp/tmux-501/ta-user-agents err="query tmux on /tmp/tmux-501/ta-user-agents: exit status 1: no server running on /tmp/tmux-501/ta-user-agents"
time=2026-08-21T18:22:49.112+08:00 level=DEBUG msg="discovery: skipping unreachable socket" socket=/tmp/tmux-501/t115d24675 err="query tmux on /tmp/tmux-501/t115d24675: exit status 1: no server running on /tmp/tmux-501/t115d24675"
time=2026-08-21T18:22:49.121+08:00 level=DEBUG msg="discovery: skipping unreachable socket" socket=/tmp/tmux-501/t115e31319 err="query tmux on /tmp/tmux-501/t115e31319: exit status 1: no server running on /tmp/tmux-501/t115e31319"
time=2026-08-21T18:22:49.130+08:00 level=DEBUG msg="discovery: skipping unreachable socket" socket=/tmp/tmux-501/t115f44898 err="query tmux on /tmp/tmux-501/t115f44898: exit status 1: no server running on /tmp/tmux-501/t115f44898"
time=2026-08-21T18:22:49.147+08:00 level=DEBUG msg="discovery: skipping unreachable socket" socket=/tmp/tmux-501/t115g47728 err="query tmux on /tmp/tmux-501/t115g47728: exit status 1: no server running on /tmp/tmux-501/t115g47728"
time=2026-08-21T18:22:49.157+08:00 level=DEBUG msg="discovery: skipping unreachable socket" socket=/tmp/tmux-501/ta-0bafa3965ade err="query tmux on /tmp/tmux-501/ta-0bafa3965ade: exit status 1: no server running on /tmp/tmux-501/ta-0bafa3965ade"
time=2026-08-21T18:22:49.190+08:00 level=DEBUG msg="discovery: skipping unreachable socket" socket=/tmp/tmux-501/ta-61709dcf801e err="query tmux on /tmp/tmux-501/ta-61709dcf801e: exit status 1: no server running on /tmp/tmux-501/ta-61709dcf801e"
time=2026-08-21T18:22:49.218+08:00 level=DEBUG msg="discovery: skipping unparsable pane line" socket=/tmp/tmux-501/ta-a9fd5b7defbd line="team-refactor-maintainability|6|%39|/Users/alauda/Documents/code/agent前沿探索/多agent协作|bash|87458|t.p9.review 零上下文设计审查已通过<|eos|> - grok|235x50|tester-t124"
time=2026-08-21T18:22:49.240+08:00 level=DEBUG msg="discovery: skipping unreachable socket" socket=/tmp/tmux-501/ta-ed81bd4d8c17 err="query tmux on /tmp/tmux-501/ta-ed81bd4d8c17: exit status 1: no server running on /tmp/tmux-501/ta-ed81bd4d8c17"
time=2026-08-21T18:22:49.259+08:00 level=DEBUG msg="discovery: skipping unreachable socket" socket=/tmp/tmux-501/ta-f1ad1b378fc7 err="query tmux on /tmp/tmux-501/ta-f1ad1b378fc7: exit status 1: no server running on /tmp/tmux-501/ta-f1ad1b378fc7"
time=2026-08-21T18:22:49.278+08:00 level=DEBUG msg="discovery: skipping unreachable socket" socket=/tmp/tmux-501/ta-t121u01 err="query tmux on /tmp/tmux-501/ta-t121u01: exit status 1: no server running on /tmp/tmux-501/ta-t121u01"
time=2026-08-21T18:22:49.287+08:00 level=DEBUG msg="discovery: skipping unreachable socket" socket=/tmp/tmux-501/ta-t121u01b err="query tmux on /tmp/tmux-501/ta-t121u01b: exit status 1: no server running on /tmp/tmux-501/ta-t121u01b"
time=2026-08-21T18:22:49.300+08:00 level=DEBUG msg="discovery: skipping unreachable socket" socket=/tmp/tmux-501/ta-user-agents err="query tmux on /tmp/tmux-501/ta-user-agents: exit status 1: no server running on /tmp/tmux-501/ta-user-agents"
time=2026-08-21T18:22:50.201+08:00 level=DEBUG msg="listing: no changes"
time=2026-08-21T18:22:50.728+08:00 level=DEBUG msg="discovery: skipping unreachable socket" socket=/tmp/tmux-501/t115d24675 err="query tmux on /tmp/tmux-501/t115d24675: exit status 1: no server running on /tmp/tmux-501/t115d24675"
time=2026-08-21T18:22:50.738+08:00 level=DEBUG msg="discovery: skipping unreachable socket" socket=/tmp/tmux-501/t115e31319 err="query tmux on /tmp/tmux-501/t115e31319: exit status 1: no server running on /tmp/tmux-501/t115e31319"
time=2026-08-21T18:22:50.747+08:00 level=DEBUG msg="discovery: skipping unreachable socket" socket=/tmp/tmux-501/t115f44898 err="query tmux on /tmp/tmux-501/t115f44898: exit status 1: no server running on /tmp/tmux-501/t115f44898"
time=2026-08-21T18:22:50.755+08:00 level=DEBUG msg="discovery: skipping unreachable socket" socket=/tmp/tmux-501/t115g47728 err="query tmux on /tmp/tmux-501/t115g47728: exit status 1: no server running on /tmp/tmux-501/t115g47728"
time=2026-08-21T18:22:50.764+08:00 level=DEBUG msg="discovery: skipping unreachable socket" socket=/tmp/tmux-501/ta-0bafa3965ade err="query tmux on /tmp/tmux-501/ta-0bafa3965ade: exit status 1: no server running on /tmp/tmux-501/ta-0bafa3965ade"
time=2026-08-21T18:22:50.793+08:00 level=DEBUG msg="discovery: skipping unreachable socket" socket=/tmp/tmux-501/ta-61709dcf801e err="query tmux on /tmp/tmux-501/ta-61709dcf801e: exit status 1: no server running on /tmp/tmux-501/ta-61709dcf801e"
time=2026-08-21T18:22:50.810+08:00 level=DEBUG msg="discovery: skipping unparsable pane line" socket=/tmp/tmux-501/ta-a9fd5b7defbd line="team-refactor-maintainability|6|%39|/Users/alauda/Documents/code/agent前沿探索/多agent协作|bash|87458|t.p9.review 零上下文设计审查已通过<|eos|> - grok|235x50|tester-t124"
time=2026-08-21T18:22:50.829+08:00 level=DEBUG msg="discovery: skipping unreachable socket" socket=/tmp/tmux-501/ta-ed81bd4d8c17 err="query tmux on /tmp/tmux-501/ta-ed81bd4d8c17: exit status 1: no server running on /tmp/tmux-501/ta-ed81bd4d8c17"
time=2026-08-21T18:22:50.839+08:00 level=DEBUG msg="discovery: skipping unreachable socket" socket=/tmp/tmux-501/ta-f1ad1b378fc7 err="query tmux on /tmp/tmux-501/ta-f1ad1b378fc7: exit status 1: no server running on /tmp/tmux-501/ta-f1ad1b378fc7"
time=2026-08-21T18:22:50.858+08:00 level=DEBUG msg="discovery: skipping unreachable socket" socket=/tmp/tmux-501/ta-t121u01 err="query tmux on /tmp/tmux-501/ta-t121u01: exit status 1: no server running on /tmp/tmux-501/ta-t121u01"
time=2026-08-21T18:22:50.867+08:00 level=DEBUG msg="discovery: skipping unreachable socket" socket=/tmp/tmux-501/ta-t121u01b err="query tmux on /tmp/tmux-501/ta-t121u01b: exit status 1: no server running on /tmp/tmux-501/ta-t121u01b"
time=2026-08-21T18:22:50.876+08:00 level=DEBUG msg="discovery: skipping unreachable socket" socket=/tmp/tmux-501/ta-user-agents err="query tmux on /tmp/tmux-501/ta-user-agents: exit status 1: no server running on /tmp/tmux-501/ta-user-agents"
time=2026-08-21T18:22:51.454+08:00 level=DEBUG msg="discovery: skipping unreachable socket" socket=/tmp/tmux-501/t115d24675 err="query tmux on /tmp/tmux-501/t115d24675: exit status 1: no server running on /tmp/tmux-501/t115d24675"
time=2026-08-21T18:22:51.463+08:00 level=DEBUG msg="discovery: skipping unreachable socket" socket=/tmp/tmux-501/t115e31319 err="query tmux on /tmp/tmux-501/t115e31319: exit status 1: no server running on /tmp/tmux-501/t115e31319"
time=2026-08-21T18:22:51.472+08:00 level=DEBUG msg="discovery: skipping unreachable socket" socket=/tmp/tmux-501/t115f44898 err="query tmux on /tmp/tmux-501/t115f44898: exit status 1: no server running on /tmp/tmux-501/t115f44898"
time=2026-08-21T18:22:51.481+08:00 level=DEBUG msg="discovery: skipping unreachable socket" socket=/tmp/tmux-501/t115g47728 err="query tmux on /tmp/tmux-501/t115g47728: exit status 1: no server running on /tmp/tmux-501/t115g47728"
time=2026-08-21T18:22:51.491+08:00 level=DEBUG msg="discovery: skipping unreachable socket" socket=/tmp/tmux-501/ta-0bafa3965ade err="query tmux on /tmp/tmux-501/ta-0bafa3965ade: exit status 1: no server running on /tmp/tmux-501/ta-0bafa3965ade"
time=2026-08-21T18:22:51.519+08:00 level=DEBUG msg="discovery: skipping unreachable socket" socket=/tmp/tmux-501/ta-61709dcf801e err="query tmux on /tmp/tmux-501/ta-61709dcf801e: exit status 1: no server running on /tmp/tmux-501/ta-61709dcf801e"
time=2026-08-21T18:22:51.537+08:00 level=DEBUG msg="discovery: skipping unparsable pane line" socket=/tmp/tmux-501/ta-a9fd5b7defbd line="team-refactor-maintainability|6|%39|/Users/alauda/Documents/code/agent前沿探索/多agent协作|bash|87458|t.p9.review 零上下文设计审查已通过<|eos|> - grok|235x50|tester-t124"
time=2026-08-21T18:22:51.558+08:00 level=DEBUG msg="discovery: skipping unreachable socket" socket=/tmp/tmux-501/ta-ed81bd4d8c17 err="query tmux on /tmp/tmux-501/ta-ed81bd4d8c17: exit status 1: no server running on /tmp/tmux-501/ta-ed81bd4d8c17"
time=2026-08-21T18:22:51.566+08:00 level=DEBUG msg="discovery: skipping unreachable socket" socket=/tmp/tmux-501/ta-f1ad1b378fc7 err="query tmux on /tmp/tmux-501/ta-f1ad1b378fc7: exit status 1: no server running on /tmp/tmux-501/ta-f1ad1b378fc7"
time=2026-08-21T18:22:51.586+08:00 level=DEBUG msg="discovery: skipping unreachable socket" socket=/tmp/tmux-501/ta-t121u01 err="query tmux on /tmp/tmux-501/ta-t121u01: exit status 1: no server running on /tmp/tmux-501/ta-t121u01"
time=2026-08-21T18:22:51.595+08:00 level=DEBUG msg="discovery: skipping unreachable socket" socket=/tmp/tmux-501/ta-t121u01b err="query tmux on /tmp/tmux-501/ta-t121u01b: exit status 1: no server running on /tmp/tmux-501/ta-t121u01b"
time=2026-08-21T18:22:51.604+08:00 level=DEBUG msg="discovery: skipping unreachable socket" socket=/tmp/tmux-501/ta-user-agents err="query tmux on /tmp/tmux-501/ta-user-agents: exit status 1: no server running on /tmp/tmux-501/ta-user-agents"
time=2026-08-21T18:22:53.218+08:00 level=DEBUG msg="listing: no changes"
time=2026-08-21T18:22:53.746+08:00 level=DEBUG msg="discovery: skipping unreachable socket" socket=/tmp/tmux-501/t115d24675 err="query tmux on /tmp/tmux-501/t115d24675: exit status 1: no server running on /tmp/tmux-501/t115d24675"
time=2026-08-21T18:22:53.747+08:00 level=DEBUG msg="discovery: skipping unreachable socket" socket=/tmp/tmux-501/t115d24675 err="query tmux on /tmp/tmux-501/t115d24675: exit status 1: no server running on /tmp/tmux-501/t115d24675"
time=2026-08-21T18:22:53.755+08:00 level=DEBUG msg="discovery: skipping unreachable socket" socket=/tmp/tmux-501/t115e31319 err="query tmux on /tmp/tmux-501/t115e31319: exit status 1: no server running on /tmp/tmux-501/t115e31319"
time=2026-08-21T18:22:53.755+08:00 level=DEBUG msg="discovery: skipping unreachable socket" socket=/tmp/tmux-501/t115e31319 err="query tmux on /tmp/tmux-501/t115e31319: exit status 1: no server running on /tmp/tmux-501/t115e31319"
time=2026-08-21T18:22:53.763+08:00 level=DEBUG msg="discovery: skipping unreachable socket" socket=/tmp/tmux-501/t115f44898 err="query tmux on /tmp/tmux-501/t115f44898: exit status 1: no server running on /tmp/tmux-501/t115f44898"
time=2026-08-21T18:22:53.763+08:00 level=DEBUG msg="discovery: skipping unreachable socket" socket=/tmp/tmux-501/t115f44898 err="query tmux on /tmp/tmux-501/t115f44898: exit status 1: no server running on /tmp/tmux-501/t115f44898"
time=2026-08-21T18:22:53.772+08:00 level=DEBUG msg="discovery: skipping unreachable socket" socket=/tmp/tmux-501/t115g47728 err="query tmux on /tmp/tmux-501/t115g47728: exit status 1: no server running on /tmp/tmux-501/t115g47728"
time=2026-08-21T18:22:53.772+08:00 level=DEBUG msg="discovery: skipping unreachable socket" socket=/tmp/tmux-501/t115g47728 err="query tmux on /tmp/tmux-501/t115g47728: exit status 1: no server running on /tmp/tmux-501/t115g47728"
time=2026-08-21T18:22:53.780+08:00 level=DEBUG msg="discovery: skipping unreachable socket" socket=/tmp/tmux-501/ta-0bafa3965ade err="query tmux on /tmp/tmux-501/ta-0bafa3965ade: exit status 1: no server running on /tmp/tmux-501/ta-0bafa3965ade"
time=2026-08-21T18:22:53.780+08:00 level=DEBUG msg="discovery: skipping unreachable socket" socket=/tmp/tmux-501/ta-0bafa3965ade err="query tmux on /tmp/tmux-501/ta-0bafa3965ade: exit status 1: no server running on /tmp/tmux-501/ta-0bafa3965ade"
time=2026-08-21T18:22:53.806+08:00 level=DEBUG msg="discovery: skipping unreachable socket" socket=/tmp/tmux-501/ta-61709dcf801e err="query tmux on /tmp/tmux-501/ta-61709dcf801e: exit status 1: no server running on /tmp/tmux-501/ta-61709dcf801e"
time=2026-08-21T18:22:53.806+08:00 level=DEBUG msg="discovery: skipping unreachable socket" socket=/tmp/tmux-501/ta-61709dcf801e err="query tmux on /tmp/tmux-501/ta-61709dcf801e: exit status 1: no server running on /tmp/tmux-501/ta-61709dcf801e"
time=2026-08-21T18:22:53.823+08:00 level=DEBUG msg="discovery: skipping unparsable pane line" socket=/tmp/tmux-501/ta-a9fd5b7defbd line="team-refactor-maintainability|6|%39|/Users/alauda/Documents/code/agent前沿探索/多agent协作|bash|87458|t.p9.review 零上下文设计审查已通过<|eos|> - grok|235x50|tester-t124"
time=2026-08-21T18:22:53.824+08:00 level=DEBUG msg="discovery: skipping unparsable pane line" socket=/tmp/tmux-501/ta-a9fd5b7defbd line="team-refactor-maintainability|6|%39|/Users/alauda/Documents/code/agent前沿探索/多agent协作|bash|87458|t.p9.review 零上下文设计审查已通过<|eos|> - grok|235x50|tester-t124"
time=2026-08-21T18:22:53.839+08:00 level=DEBUG msg="discovery: skipping unreachable socket" socket=/tmp/tmux-501/ta-ed81bd4d8c17 err="query tmux on /tmp/tmux-501/ta-ed81bd4d8c17: exit status 1: no server running on /tmp/tmux-501/ta-ed81bd4d8c17"
time=2026-08-21T18:22:53.840+08:00 level=DEBUG msg="discovery: skipping unreachable socket" socket=/tmp/tmux-501/ta-ed81bd4d8c17 err="query tmux on /tmp/tmux-501/ta-ed81bd4d8c17: exit status 1: no server running on /tmp/tmux-501/ta-ed81bd4d8c17"
time=2026-08-21T18:22:53.847+08:00 level=DEBUG msg="discovery: skipping unreachable socket" socket=/tmp/tmux-501/ta-f1ad1b378fc7 err="query tmux on /tmp/tmux-501/ta-f1ad1b378fc7: exit status 1: no server running on /tmp/tmux-501/ta-f1ad1b378fc7"
time=2026-08-21T18:22:53.848+08:00 level=DEBUG msg="discovery: skipping unreachable socket" socket=/tmp/tmux-501/ta-f1ad1b378fc7 err="query tmux on /tmp/tmux-501/ta-f1ad1b378fc7: exit status 1: no server running on /tmp/tmux-501/ta-f1ad1b378fc7"
time=2026-08-21T18:22:53.863+08:00 level=DEBUG msg="discovery: skipping unreachable socket" socket=/tmp/tmux-501/ta-t121u01 err="query tmux on /tmp/tmux-501/ta-t121u01: exit status 1: no server running on /tmp/tmux-501/ta-t121u01"
time=2026-08-21T18:22:53.863+08:00 level=DEBUG msg="discovery: skipping unreachable socket" socket=/tmp/tmux-501/ta-t121u01 err="query tmux on /tmp/tmux-501/ta-t121u01: exit status 1: no server running on /tmp/tmux-501/ta-t121u01"
time=2026-08-21T18:22:53.871+08:00 level=DEBUG msg="discovery: skipping unreachable socket" socket=/tmp/tmux-501/ta-t121u01b err="query tmux on /tmp/tmux-501/ta-t121u01b: exit status 1: no server running on /tmp/tmux-501/ta-t121u01b"
time=2026-08-21T18:22:53.871+08:00 level=DEBUG msg="discovery: skipping unreachable socket" socket=/tmp/tmux-501/ta-t121u01b err="query tmux on /tmp/tmux-501/ta-t121u01b: exit status 1: no server running on /tmp/tmux-501/ta-t121u01b"
time=2026-08-21T18:22:53.880+08:00 level=DEBUG msg="discovery: skipping unreachable socket" socket=/tmp/tmux-501/ta-user-agents err="query tmux on /tmp/tmux-501/ta-user-agents: exit status 1: no server running on /tmp/tmux-501/ta-user-agents"
time=2026-08-21T18:22:53.880+08:00 level=DEBUG msg="discovery: skipping unreachable socket" socket=/tmp/tmux-501/ta-user-agents err="query tmux on /tmp/tmux-501/ta-user-agents: exit status 1: no server running on /tmp/tmux-501/ta-user-agents"
time=2026-08-21T18:22:55.955+08:00 level=DEBUG msg="discovery: skipping unreachable socket" socket=/tmp/tmux-501/t115d24675 err="query tmux on /tmp/tmux-501/t115d24675: exit status 1: no server running on /tmp/tmux-501/t115d24675"
time=2026-08-21T18:22:55.968+08:00 level=DEBUG msg="discovery: skipping unreachable socket" socket=/tmp/tmux-501/t115e31319 err="query tmux on /tmp/tmux-501/t115e31319: exit status 1: no server running on /tmp/tmux-501/t115e31319"
time=2026-08-21T18:22:55.978+08:00 level=DEBUG msg="discovery: skipping unreachable socket" socket=/tmp/tmux-501/t115f44898 err="query tmux on /tmp/tmux-501/t115f44898: exit status 1: no server running on /tmp/tmux-501/t115f44898"
time=2026-08-21T18:22:55.987+08:00 level=DEBUG msg="discovery: skipping unreachable socket" socket=/tmp/tmux-501/t115g47728 err="query tmux on /tmp/tmux-501/t115g47728: exit status 1: no server running on /tmp/tmux-501/t115g47728"
time=2026-08-21T18:22:55.996+08:00 level=DEBUG msg="discovery: skipping unreachable socket" socket=/tmp/tmux-501/ta-0bafa3965ade err="query tmux on /tmp/tmux-501/ta-0bafa3965ade: exit status 1: no server running on /tmp/tmux-501/ta-0bafa3965ade"
time=2026-08-21T18:22:56.028+08:00 level=DEBUG msg="discovery: skipping unreachable socket" socket=/tmp/tmux-501/ta-61709dcf801e err="query tmux on /tmp/tmux-501/ta-61709dcf801e: exit status 1: no server running on /tmp/tmux-501/ta-61709dcf801e"
time=2026-08-21T18:22:56.047+08:00 level=DEBUG msg="discovery: skipping unparsable pane line" socket=/tmp/tmux-501/ta-a9fd5b7defbd line="team-refactor-maintainability|6|%39|/Users/alauda/Documents/code/agent前沿探索/多agent协作|bash|87458|t.p9.review 零上下文设计审查已通过<|eos|> - grok|235x50|tester-t124"
time=2026-08-21T18:22:56.068+08:00 level=DEBUG msg="discovery: skipping unreachable socket" socket=/tmp/tmux-501/ta-ed81bd4d8c17 err="query tmux on /tmp/tmux-501/ta-ed81bd4d8c17: exit status 1: no server running on /tmp/tmux-501/ta-ed81bd4d8c17"
time=2026-08-21T18:22:56.077+08:00 level=DEBUG msg="discovery: skipping unreachable socket" socket=/tmp/tmux-501/ta-f1ad1b378fc7 err="query tmux on /tmp/tmux-501/ta-f1ad1b378fc7: exit status 1: no server running on /tmp/tmux-501/ta-f1ad1b378fc7"
time=2026-08-21T18:22:56.094+08:00 level=DEBUG msg="discovery: skipping unreachable socket" socket=/tmp/tmux-501/ta-t121u01 err="query tmux on /tmp/tmux-501/ta-t121u01: exit status 1: no server running on /tmp/tmux-501/ta-t121u01"
time=2026-08-21T18:22:56.105+08:00 level=DEBUG msg="discovery: skipping unreachable socket" socket=/tmp/tmux-501/ta-t121u01b err="query tmux on /tmp/tmux-501/ta-t121u01b: exit status 1: no server running on /tmp/tmux-501/ta-t121u01b"
time=2026-08-21T18:22:56.115+08:00 level=DEBUG msg="discovery: skipping unreachable socket" socket=/tmp/tmux-501/ta-user-agents err="query tmux on /tmp/tmux-501/ta-user-agents: exit status 1: no server running on /tmp/tmux-501/ta-user-agents"
time=2026-08-21T18:22:56.235+08:00 level=DEBUG msg="listing: no changes"
time=2026-08-21T18:22:56.763+08:00 level=DEBUG msg="discovery: skipping unreachable socket" socket=/tmp/tmux-501/t115d24675 err="query tmux on /tmp/tmux-501/t115d24675: exit status 1: no server running on /tmp/tmux-501/t115d24675"
time=2026-08-21T18:22:56.772+08:00 level=DEBUG msg="discovery: skipping unreachable socket" socket=/tmp/tmux-501/t115e31319 err="query tmux on /tmp/tmux-501/t115e31319: exit status 1: no server running on /tmp/tmux-501/t115e31319"
time=2026-08-21T18:22:56.781+08:00 level=DEBUG msg="discovery: skipping unreachable socket" socket=/tmp/tmux-501/t115f44898 err="query tmux on /tmp/tmux-501/t115f44898: exit status 1: no server running on /tmp/tmux-501/t115f44898"
time=2026-08-21T18:22:56.789+08:00 level=DEBUG msg="discovery: skipping unreachable socket" socket=/tmp/tmux-501/t115g47728 err="query tmux on /tmp/tmux-501/t115g47728: exit status 1: no server running on /tmp/tmux-501/t115g47728"
time=2026-08-21T18:22:56.798+08:00 level=DEBUG msg="discovery: skipping unreachable socket" socket=/tmp/tmux-501/ta-0bafa3965ade err="query tmux on /tmp/tmux-501/ta-0bafa3965ade: exit status 1: no server running on /tmp/tmux-501/ta-0bafa3965ade"
time=2026-08-21T18:22:56.826+08:00 level=DEBUG msg="discovery: skipping unreachable socket" socket=/tmp/tmux-501/ta-61709dcf801e err="query tmux on /tmp/tmux-501/ta-61709dcf801e: exit status 1: no server running on /tmp/tmux-501/ta-61709dcf801e"
time=2026-08-21T18:22:56.844+08:00 level=DEBUG msg="discovery: skipping unparsable pane line" socket=/tmp/tmux-501/ta-a9fd5b7defbd line="team-refactor-maintainability|6|%39|/Users/alauda/Documents/code/agent前沿探索/多agent协作|bash|87458|t.p9.review 零上下文设计审查已通过<|eos|> - grok|235x50|tester-t124"
time=2026-08-21T18:22:56.862+08:00 level=DEBUG msg="discovery: skipping unreachable socket" socket=/tmp/tmux-501/ta-ed81bd4d8c17 err="query tmux on /tmp/tmux-501/ta-ed81bd4d8c17: exit status 1: no server running on /tmp/tmux-501/ta-ed81bd4d8c17"
time=2026-08-21T18:22:56.870+08:00 level=DEBUG msg="discovery: skipping unreachable socket" socket=/tmp/tmux-501/ta-f1ad1b378fc7 err="query tmux on /tmp/tmux-501/ta-f1ad1b378fc7: exit status 1: no server running on /tmp/tmux-501/ta-f1ad1b378fc7"
time=2026-08-21T18:22:56.887+08:00 level=DEBUG msg="discovery: skipping unreachable socket" socket=/tmp/tmux-501/ta-t121u01 err="query tmux on /tmp/tmux-501/ta-t121u01: exit status 1: no server running on /tmp/tmux-501/ta-t121u01"
time=2026-08-21T18:22:56.896+08:00 level=DEBUG msg="discovery: skipping unreachable socket" socket=/tmp/tmux-501/ta-t121u01b err="query tmux on /tmp/tmux-501/ta-t121u01b: exit status 1: no server running on /tmp/tmux-501/ta-t121u01b"
time=2026-08-21T18:22:56.905+08:00 level=DEBUG msg="discovery: skipping unreachable socket" socket=/tmp/tmux-501/ta-user-agents err="query tmux on /tmp/tmux-501/ta-user-agents: exit status 1: no server running on /tmp/tmux-501/ta-user-agents"
time=2026-08-21T18:22:58.221+08:00 level=DEBUG msg="discovery: skipping unreachable socket" socket=/tmp/tmux-501/t115d24675 err="query tmux on /tmp/tmux-501/t115d24675: exit status 1: no server running on /tmp/tmux-501/t115d24675"
time=2026-08-21T18:22:58.231+08:00 level=DEBUG msg="discovery: skipping unreachable socket" socket=/tmp/tmux-501/t115e31319 err="query tmux on /tmp/tmux-501/t115e31319: exit status 1: no server running on /tmp/tmux-501/t115e31319"
time=2026-08-21T18:22:58.240+08:00 level=DEBUG msg="discovery: skipping unreachable socket" socket=/tmp/tmux-501/t115f44898 err="query tmux on /tmp/tmux-501/t115f44898: exit status 1: no server running on /tmp/tmux-501/t115f44898"
time=2026-08-21T18:22:58.249+08:00 level=DEBUG msg="discovery: skipping unreachable socket" socket=/tmp/tmux-501/t115g47728 err="query tmux on /tmp/tmux-501/t115g47728: exit status 1: no server running on /tmp/tmux-501/t115g47728"
time=2026-08-21T18:22:58.259+08:00 level=DEBUG msg="discovery: skipping unreachable socket" socket=/tmp/tmux-501/ta-0bafa3965ade err="query tmux on /tmp/tmux-501/ta-0bafa3965ade: exit status 1: no server running on /tmp/tmux-501/ta-0bafa3965ade"
time=2026-08-21T18:22:58.294+08:00 level=DEBUG msg="discovery: skipping unreachable socket" socket=/tmp/tmux-501/ta-61709dcf801e err="query tmux on /tmp/tmux-501/ta-61709dcf801e: exit status 1: no server running on /tmp/tmux-501/ta-61709dcf801e"
time=2026-08-21T18:22:58.314+08:00 level=DEBUG msg="discovery: skipping unparsable pane line" socket=/tmp/tmux-501/ta-a9fd5b7defbd line="team-refactor-maintainability|6|%39|/Users/alauda/Documents/code/agent前沿探索/多agent协作|bash|87458|t.p9.review 零上下文设计审查已通过<|eos|> - grok|235x50|tester-t124"
time=2026-08-21T18:22:58.335+08:00 level=DEBUG msg="discovery: skipping unreachable socket" socket=/tmp/tmux-501/ta-ed81bd4d8c17 err="query tmux on /tmp/tmux-501/ta-ed81bd4d8c17: exit status 1: no server running on /tmp/tmux-501/ta-ed81bd4d8c17"
time=2026-08-21T18:22:58.343+08:00 level=DEBUG msg="discovery: skipping unreachable socket" socket=/tmp/tmux-501/ta-f1ad1b378fc7 err="query tmux on /tmp/tmux-501/ta-f1ad1b378fc7: exit status 1: no server running on /tmp/tmux-501/ta-f1ad1b378fc7"
time=2026-08-21T18:22:58.359+08:00 level=DEBUG msg="discovery: skipping unreachable socket" socket=/tmp/tmux-501/ta-t121u01 err="query tmux on /tmp/tmux-501/ta-t121u01: exit status 1: no server running on /tmp/tmux-501/ta-t121u01"
time=2026-08-21T18:22:58.368+08:00 level=DEBUG msg="discovery: skipping unreachable socket" socket=/tmp/tmux-501/ta-t121u01b err="query tmux on /tmp/tmux-501/ta-t121u01b: exit status 1: no server running on /tmp/tmux-501/ta-t121u01b"
time=2026-08-21T18:22:58.378+08:00 level=DEBUG msg="discovery: skipping unreachable socket" socket=/tmp/tmux-501/ta-user-agents err="query tmux on /tmp/tmux-501/ta-user-agents: exit status 1: no server running on /tmp/tmux-501/ta-user-agents"
time=2026-08-21T18:22:59.193+08:00 level=DEBUG msg="listing: no changes"
time=2026-08-21T18:22:59.721+08:00 level=DEBUG msg="discovery: skipping unreachable socket" socket=/tmp/tmux-501/t115d24675 err="query tmux on /tmp/tmux-501/t115d24675: exit status 1: no server running on /tmp/tmux-501/t115d24675"
time=2026-08-21T18:22:59.729+08:00 level=DEBUG msg="discovery: skipping unreachable socket" socket=/tmp/tmux-501/t115e31319 err="query tmux on /tmp/tmux-501/t115e31319: exit status 1: no server running on /tmp/tmux-501/t115e31319"
time=2026-08-21T18:22:59.738+08:00 level=DEBUG msg="discovery: skipping unreachable socket" socket=/tmp/tmux-501/t115f44898 err="query tmux on /tmp/tmux-501/t115f44898: exit status 1: no server running on /tmp/tmux-501/t115f44898"
time=2026-08-21T18:22:59.746+08:00 level=DEBUG msg="discovery: skipping unreachable socket" socket=/tmp/tmux-501/t115g47728 err="query tmux on /tmp/tmux-501/t115g47728: exit status 1: no server running on /tmp/tmux-501/t115g47728"
time=2026-08-21T18:22:59.755+08:00 level=DEBUG msg="discovery: skipping unreachable socket" socket=/tmp/tmux-501/ta-0bafa3965ade err="query tmux on /tmp/tmux-501/ta-0bafa3965ade: exit status 1: no server running on /tmp/tmux-501/ta-0bafa3965ade"
time=2026-08-21T18:22:59.780+08:00 level=DEBUG msg="discovery: skipping unreachable socket" socket=/tmp/tmux-501/ta-61709dcf801e err="query tmux on /tmp/tmux-501/ta-61709dcf801e: exit status 1: no server running on /tmp/tmux-501/ta-61709dcf801e"
time=2026-08-21T18:22:59.799+08:00 level=DEBUG msg="discovery: skipping unparsable pane line" socket=/tmp/tmux-501/ta-a9fd5b7defbd line="team-refactor-maintainability|6|%39|/Users/alauda/Documents/code/agent前沿探索/多agent协作|bash|87458|t.p9.review 零上下文设计审查已通过<|eos|> - grok|235x50|tester-t124"
time=2026-08-21T18:22:59.816+08:00 level=DEBUG msg="discovery: skipping unreachable socket" socket=/tmp/tmux-501/ta-ed81bd4d8c17 err="query tmux on /tmp/tmux-501/ta-ed81bd4d8c17: exit status 1: no server running on /tmp/tmux-501/ta-ed81bd4d8c17"
time=2026-08-21T18:22:59.824+08:00 level=DEBUG msg="discovery: skipping unreachable socket" socket=/tmp/tmux-501/ta-f1ad1b378fc7 err="query tmux on /tmp/tmux-501/ta-f1ad1b378fc7: exit status 1: no server running on /tmp/tmux-501/ta-f1ad1b378fc7"
time=2026-08-21T18:22:59.842+08:00 level=DEBUG msg="discovery: skipping unreachable socket" socket=/tmp/tmux-501/ta-t121u01 err="query tmux on /tmp/tmux-501/ta-t121u01: exit status 1: no server running on /tmp/tmux-501/ta-t121u01"
time=2026-08-21T18:22:59.850+08:00 level=DEBUG msg="discovery: skipping unreachable socket" socket=/tmp/tmux-501/ta-t121u01b err="query tmux on /tmp/tmux-501/ta-t121u01b: exit status 1: no server running on /tmp/tmux-501/ta-t121u01b"
time=2026-08-21T18:22:59.858+08:00 level=DEBUG msg="discovery: skipping unreachable socket" socket=/tmp/tmux-501/ta-user-agents err="query tmux on /tmp/tmux-501/ta-user-agents: exit status 1: no server running on /tmp/tmux-501/ta-user-agents"
time=2026-08-21T18:23:00.544+08:00 level=DEBUG msg="discovery: skipping unreachable socket" socket=/tmp/tmux-501/t115d24675 err="query tmux on /tmp/tmux-501/t115d24675: exit status 1: no server running on /tmp/tmux-501/t115d24675"
time=2026-08-21T18:23:00.555+08:00 level=DEBUG msg="discovery: skipping unreachable socket" socket=/tmp/tmux-501/t115e31319 err="query tmux on /tmp/tmux-501/t115e31319: exit status 1: no server running on /tmp/tmux-501/t115e31319"
time=2026-08-21T18:23:00.566+08:00 level=DEBUG msg="discovery: skipping unreachable socket" socket=/tmp/tmux-501/t115f44898 err="query tmux on /tmp/tmux-501/t115f44898: exit status 1: no server running on /tmp/tmux-501/t115f44898"
time=2026-08-21T18:23:00.577+08:00 level=DEBUG msg="discovery: skipping unreachable socket" socket=/tmp/tmux-501/t115g47728 err="query tmux on /tmp/tmux-501/t115g47728: exit status 1: no server running on /tmp/tmux-501/t115g47728"
time=2026-08-21T18:23:00.586+08:00 level=DEBUG msg="discovery: skipping unreachable socket" socket=/tmp/tmux-501/ta-0bafa3965ade err="query tmux on /tmp/tmux-501/ta-0bafa3965ade: exit status 1: no server running on /tmp/tmux-501/ta-0bafa3965ade"
time=2026-08-21T18:23:00.621+08:00 level=DEBUG msg="discovery: skipping unreachable socket" socket=/tmp/tmux-501/ta-61709dcf801e err="query tmux on /tmp/tmux-501/ta-61709dcf801e: exit status 1: no server running on /tmp/tmux-501/ta-61709dcf801e"
time=2026-08-21T18:23:00.643+08:00 level=DEBUG msg="discovery: skipping unparsable pane line" socket=/tmp/tmux-501/ta-a9fd5b7defbd line="team-refactor-maintainability|6|%39|/Users/alauda/Documents/code/agent前沿探索/多agent协作|bash|87458|t.p9.review 零上下文设计审查已通过<|eos|> - grok|235x50|tester-t124"
time=2026-08-21T18:23:00.665+08:00 level=DEBUG msg="discovery: skipping unreachable socket" socket=/tmp/tmux-501/ta-ed81bd4d8c17 err="query tmux on /tmp/tmux-501/ta-ed81bd4d8c17: exit status 1: no server running on /tmp/tmux-501/ta-ed81bd4d8c17"
time=2026-08-21T18:23:00.676+08:00 level=DEBUG msg="discovery: skipping unreachable socket" socket=/tmp/tmux-501/ta-f1ad1b378fc7 err="query tmux on /tmp/tmux-501/ta-f1ad1b378fc7: exit status 1: no server running on /tmp/tmux-501/ta-f1ad1b378fc7"
time=2026-08-21T18:23:00.695+08:00 level=DEBUG msg="discovery: skipping unreachable socket" socket=/tmp/tmux-501/ta-t121u01 err="query tmux on /tmp/tmux-501/ta-t121u01: exit status 1: no server running on /tmp/tmux-501/ta-t121u01"
time=2026-08-21T18:23:00.704+08:00 level=DEBUG msg="discovery: skipping unreachable socket" socket=/tmp/tmux-501/ta-t121u01b err="query tmux on /tmp/tmux-501/ta-t121u01b: exit status 1: no server running on /tmp/tmux-501/ta-t121u01b"
time=2026-08-21T18:23:00.713+08:00 level=DEBUG msg="discovery: skipping unreachable socket" socket=/tmp/tmux-501/ta-user-agents err="query tmux on /tmp/tmux-501/ta-user-agents: exit status 1: no server running on /tmp/tmux-501/ta-user-agents"
time=2026-08-21T18:23:02.228+08:00 level=DEBUG msg="listing: no changes"
time=2026-08-21T18:23:02.758+08:00 level=DEBUG msg="discovery: skipping unreachable socket" socket=/tmp/tmux-501/t115d24675 err="query tmux on /tmp/tmux-501/t115d24675: exit status 1: no server running on /tmp/tmux-501/t115d24675"
time=2026-08-21T18:23:02.765+08:00 level=DEBUG msg="discovery: skipping unreachable socket" socket=/tmp/tmux-501/t115e31319 err="query tmux on /tmp/tmux-501/t115e31319: exit status 1: no server running on /tmp/tmux-501/t115e31319"
time=2026-08-21T18:23:02.774+08:00 level=DEBUG msg="discovery: skipping unreachable socket" socket=/tmp/tmux-501/t115f44898 err="query tmux on /tmp/tmux-501/t115f44898: exit status 1: no server running on /tmp/tmux-501/t115f44898"
time=2026-08-21T18:23:02.782+08:00 level=DEBUG msg="discovery: skipping unreachable socket" socket=/tmp/tmux-501/t115g47728 err="query tmux on /tmp/tmux-501/t115g47728: exit status 1: no server running on /tmp/tmux-501/t115g47728"
time=2026-08-21T18:23:02.790+08:00 level=DEBUG msg="discovery: skipping unreachable socket" socket=/tmp/tmux-501/ta-0bafa3965ade err="query tmux on /tmp/tmux-501/ta-0bafa3965ade: exit status 1: no server running on /tmp/tmux-501/ta-0bafa3965ade"
time=2026-08-21T18:23:02.815+08:00 level=DEBUG msg="discovery: skipping unreachable socket" socket=/tmp/tmux-501/ta-61709dcf801e err="query tmux on /tmp/tmux-501/ta-61709dcf801e: exit status 1: no server running on /tmp/tmux-501/ta-61709dcf801e"
time=2026-08-21T18:23:02.832+08:00 level=DEBUG msg="discovery: skipping unparsable pane line" socket=/tmp/tmux-501/ta-a9fd5b7defbd line="team-refactor-maintainability|6|%39|/Users/alauda/Documents/code/agent前沿探索/多agent协作|bash|87458|t.p9.review 零上下文设计审查已通过<|eos|> - grok|235x50|tester-t124"
time=2026-08-21T18:23:02.835+08:00 level=DEBUG msg="discovery: skipping unreachable socket" socket=/tmp/tmux-501/t115d24675 err="query tmux on /tmp/tmux-501/t115d24675: exit status 1: no server running on /tmp/tmux-501/t115d24675"
time=2026-08-21T18:23:02.843+08:00 level=DEBUG msg="discovery: skipping unreachable socket" socket=/tmp/tmux-501/t115e31319 err="query tmux on /tmp/tmux-501/t115e31319: exit status 1: no server running on /tmp/tmux-501/t115e31319"
time=2026-08-21T18:23:02.848+08:00 level=DEBUG msg="discovery: skipping unreachable socket" socket=/tmp/tmux-501/ta-ed81bd4d8c17 err="query tmux on /tmp/tmux-501/ta-ed81bd4d8c17: exit status 1: no server running on /tmp/tmux-501/ta-ed81bd4d8c17"
time=2026-08-21T18:23:02.851+08:00 level=DEBUG msg="discovery: skipping unreachable socket" socket=/tmp/tmux-501/t115f44898 err="query tmux on /tmp/tmux-501/t115f44898: exit status 1: no server running on /tmp/tmux-501/t115f44898"
time=2026-08-21T18:23:02.856+08:00 level=DEBUG msg="discovery: skipping unreachable socket" socket=/tmp/tmux-501/ta-f1ad1b378fc7 err="query tmux on /tmp/tmux-501/ta-f1ad1b378fc7: exit status 1: no server running on /tmp/tmux-501/ta-f1ad1b378fc7"
time=2026-08-21T18:23:02.858+08:00 level=DEBUG msg="discovery: skipping unreachable socket" socket=/tmp/tmux-501/t115g47728 err="query tmux on /tmp/tmux-501/t115g47728: exit status 1: no server running on /tmp/tmux-501/t115g47728"
time=2026-08-21T18:23:02.866+08:00 level=DEBUG msg="discovery: skipping unreachable socket" socket=/tmp/tmux-501/ta-0bafa3965ade err="query tmux on /tmp/tmux-501/ta-0bafa3965ade: exit status 1: no server running on /tmp/tmux-501/ta-0bafa3965ade"
time=2026-08-21T18:23:02.872+08:00 level=DEBUG msg="discovery: skipping unreachable socket" socket=/tmp/tmux-501/ta-t121u01 err="query tmux on /tmp/tmux-501/ta-t121u01: exit status 1: no server running on /tmp/tmux-501/ta-t121u01"
time=2026-08-21T18:23:02.879+08:00 level=DEBUG msg="discovery: skipping unreachable socket" socket=/tmp/tmux-501/ta-t121u01b err="query tmux on /tmp/tmux-501/ta-t121u01b: exit status 1: no server running on /tmp/tmux-501/ta-t121u01b"
time=2026-08-21T18:23:02.887+08:00 level=DEBUG msg="discovery: skipping unreachable socket" socket=/tmp/tmux-501/ta-user-agents err="query tmux on /tmp/tmux-501/ta-user-agents: exit status 1: no server running on /tmp/tmux-501/ta-user-agents"
time=2026-08-21T18:23:02.891+08:00 level=DEBUG msg="discovery: skipping unreachable socket" socket=/tmp/tmux-501/ta-61709dcf801e err="query tmux on /tmp/tmux-501/ta-61709dcf801e: exit status 1: no server running on /tmp/tmux-501/ta-61709dcf801e"
time=2026-08-21T18:23:02.908+08:00 level=DEBUG msg="discovery: skipping unparsable pane line" socket=/tmp/tmux-501/ta-a9fd5b7defbd line="team-refactor-maintainability|6|%39|/Users/alauda/Documents/code/agent前沿探索/多agent协作|bash|87458|t.p9.review 零上下文设计审查已通过<|eos|> - grok|235x50|tester-t124"
time=2026-08-21T18:23:02.926+08:00 level=DEBUG msg="discovery: skipping unreachable socket" socket=/tmp/tmux-501/ta-ed81bd4d8c17 err="query tmux on /tmp/tmux-501/ta-ed81bd4d8c17: exit status 1: no server running on /tmp/tmux-501/ta-ed81bd4d8c17"
time=2026-08-21T18:23:02.935+08:00 level=DEBUG msg="discovery: skipping unreachable socket" socket=/tmp/tmux-501/ta-f1ad1b378fc7 err="query tmux on /tmp/tmux-501/ta-f1ad1b378fc7: exit status 1: no server running on /tmp/tmux-501/ta-f1ad1b378fc7"
time=2026-08-21T18:23:02.952+08:00 level=DEBUG msg="discovery: skipping unreachable socket" socket=/tmp/tmux-501/ta-t121u01 err="query tmux on /tmp/tmux-501/ta-t121u01: exit status 1: no server running on /tmp/tmux-501/ta-t121u01"
time=2026-08-21T18:23:02.960+08:00 level=DEBUG msg="discovery: skipping unreachable socket" socket=/tmp/tmux-501/ta-t121u01b err="query tmux on /tmp/tmux-501/ta-t121u01b: exit status 1: no server running on /tmp/tmux-501/ta-t121u01b"
time=2026-08-21T18:23:02.968+08:00 level=DEBUG msg="discovery: skipping unreachable socket" socket=/tmp/tmux-501/ta-user-agents err="query tmux on /tmp/tmux-501/ta-user-agents: exit status 1: no server running on /tmp/tmux-501/ta-user-agents"
time=2026-08-21T18:23:05.089+08:00 level=DEBUG msg="discovery: skipping unreachable socket" socket=/tmp/tmux-501/t115d24675 err="query tmux on /tmp/tmux-501/t115d24675: exit status 1: no server running on /tmp/tmux-501/t115d24675"
time=2026-08-21T18:23:05.098+08:00 level=DEBUG msg="discovery: skipping unreachable socket" socket=/tmp/tmux-501/t115e31319 err="query tmux on /tmp/tmux-501/t115e31319: exit status 1: no server running on /tmp/tmux-501/t115e31319"
time=2026-08-21T18:23:05.108+08:00 level=DEBUG msg="discovery: skipping unreachable socket" socket=/tmp/tmux-501/t115f44898 err="query tmux on /tmp/tmux-501/t115f44898: exit status 1: no server running on /tmp/tmux-501/t115f44898"
time=2026-08-21T18:23:05.117+08:00 level=DEBUG msg="discovery: skipping unreachable socket" socket=/tmp/tmux-501/t115g47728 err="query tmux on /tmp/tmux-501/t115g47728: exit status 1: no server running on /tmp/tmux-501/t115g47728"
time=2026-08-21T18:23:05.126+08:00 level=DEBUG msg="discovery: skipping unreachable socket" socket=/tmp/tmux-501/ta-0bafa3965ade err="query tmux on /tmp/tmux-501/ta-0bafa3965ade: exit status 1: no server running on /tmp/tmux-501/ta-0bafa3965ade"
time=2026-08-21T18:23:05.155+08:00 level=DEBUG msg="discovery: skipping unreachable socket" socket=/tmp/tmux-501/ta-61709dcf801e err="query tmux on /tmp/tmux-501/ta-61709dcf801e: exit status 1: no server running on /tmp/tmux-501/ta-61709dcf801e"
time=2026-08-21T18:23:05.174+08:00 level=DEBUG msg="discovery: skipping unparsable pane line" socket=/tmp/tmux-501/ta-a9fd5b7defbd line="team-refactor-maintainability|6|%39|/Users/alauda/Documents/code/agent前沿探索/多agent协作|bash|87458|t.p9.review 零上下文设计审查已通过<|eos|> - grok|235x50|tester-t124"
time=2026-08-21T18:23:05.192+08:00 level=DEBUG msg="discovery: skipping unreachable socket" socket=/tmp/tmux-501/ta-ed81bd4d8c17 err="query tmux on /tmp/tmux-501/ta-ed81bd4d8c17: exit status 1: no server running on /tmp/tmux-501/ta-ed81bd4d8c17"
time=2026-08-21T18:23:05.199+08:00 level=DEBUG msg="listing: no changes"
time=2026-08-21T18:23:05.201+08:00 level=DEBUG msg="discovery: skipping unreachable socket" socket=/tmp/tmux-501/ta-f1ad1b378fc7 err="query tmux on /tmp/tmux-501/ta-f1ad1b378fc7: exit status 1: no server running on /tmp/tmux-501/ta-f1ad1b378fc7"
time=2026-08-21T18:23:05.217+08:00 level=DEBUG msg="discovery: skipping unreachable socket" socket=/tmp/tmux-501/ta-t121u01 err="query tmux on /tmp/tmux-501/ta-t121u01: exit status 1: no server running on /tmp/tmux-501/ta-t121u01"
time=2026-08-21T18:23:05.225+08:00 level=DEBUG msg="discovery: skipping unreachable socket" socket=/tmp/tmux-501/ta-t121u01b err="query tmux on /tmp/tmux-501/ta-t121u01b: exit status 1: no server running on /tmp/tmux-501/ta-t121u01b"
time=2026-08-21T18:23:05.233+08:00 level=DEBUG msg="discovery: skipping unreachable socket" socket=/tmp/tmux-501/ta-user-agents err="query tmux on /tmp/tmux-501/ta-user-agents: exit status 1: no server running on /tmp/tmux-501/ta-user-agents"
time=2026-08-21T18:23:05.728+08:00 level=DEBUG msg="discovery: skipping unreachable socket" socket=/tmp/tmux-501/t115d24675 err="query tmux on /tmp/tmux-501/t115d24675: exit status 1: no server running on /tmp/tmux-501/t115d24675"
time=2026-08-21T18:23:05.736+08:00 level=DEBUG msg="discovery: skipping unreachable socket" socket=/tmp/tmux-501/t115e31319 err="query tmux on /tmp/tmux-501/t115e31319: exit status 1: no server running on /tmp/tmux-501/t115e31319"
time=2026-08-21T18:23:05.744+08:00 level=DEBUG msg="discovery: skipping unreachable socket" socket=/tmp/tmux-501/t115f44898 err="query tmux on /tmp/tmux-501/t115f44898: exit status 1: no server running on /tmp/tmux-501/t115f44898"
time=2026-08-21T18:23:05.752+08:00 level=DEBUG msg="discovery: skipping unreachable socket" socket=/tmp/tmux-501/t115g47728 err="query tmux on /tmp/tmux-501/t115g47728: exit status 1: no server running on /tmp/tmux-501/t115g47728"
time=2026-08-21T18:23:05.760+08:00 level=DEBUG msg="discovery: skipping unreachable socket" socket=/tmp/tmux-501/ta-0bafa3965ade err="query tmux on /tmp/tmux-501/ta-0bafa3965ade: exit status 1: no server running on /tmp/tmux-501/ta-0bafa3965ade"
time=2026-08-21T18:23:05.786+08:00 level=DEBUG msg="discovery: skipping unreachable socket" socket=/tmp/tmux-501/ta-61709dcf801e err="query tmux on /tmp/tmux-501/ta-61709dcf801e: exit status 1: no server running on /tmp/tmux-501/ta-61709dcf801e"
time=2026-08-21T18:23:05.804+08:00 level=DEBUG msg="discovery: skipping unparsable pane line" socket=/tmp/tmux-501/ta-a9fd5b7defbd line="team-refactor-maintainability|6|%39|/Users/alauda/Documents/code/agent前沿探索/多agent协作|bash|87458|t.p9.review 零上下文设计审查已通过<|eos|> - grok|235x50|tester-t124"
time=2026-08-21T18:23:05.823+08:00 level=DEBUG msg="discovery: skipping unreachable socket" socket=/tmp/tmux-501/ta-ed81bd4d8c17 err="query tmux on /tmp/tmux-501/ta-ed81bd4d8c17: exit status 1: no server running on /tmp/tmux-501/ta-ed81bd4d8c17"
time=2026-08-21T18:23:05.831+08:00 level=DEBUG msg="discovery: skipping unreachable socket" socket=/tmp/tmux-501/ta-f1ad1b378fc7 err="query tmux on /tmp/tmux-501/ta-f1ad1b378fc7: exit status 1: no server running on /tmp/tmux-501/ta-f1ad1b378fc7"
time=2026-08-21T18:23:05.847+08:00 level=DEBUG msg="discovery: skipping unreachable socket" socket=/tmp/tmux-501/ta-t121u01 err="query tmux on /tmp/tmux-501/ta-t121u01: exit status 1: no server running on /tmp/tmux-501/ta-t121u01"
time=2026-08-21T18:23:05.856+08:00 level=DEBUG msg="discovery: skipping unreachable socket" socket=/tmp/tmux-501/ta-t121u01b err="query tmux on /tmp/tmux-501/ta-t121u01b: exit status 1: no server running on /tmp/tmux-501/ta-t121u01b"
time=2026-08-21T18:23:05.864+08:00 level=DEBUG msg="discovery: skipping unreachable socket" socket=/tmp/tmux-501/ta-user-agents err="query tmux on /tmp/tmux-501/ta-user-agents: exit status 1: no server running on /tmp/tmux-501/ta-user-agents"
time=2026-08-21T18:23:07.309+08:00 level=DEBUG msg="discovery: skipping unreachable socket" socket=/tmp/tmux-501/t115d24675 err="query tmux on /tmp/tmux-501/t115d24675: exit status 1: no server running on /tmp/tmux-501/t115d24675"
time=2026-08-21T18:23:07.318+08:00 level=DEBUG msg="discovery: skipping unreachable socket" socket=/tmp/tmux-501/t115e31319 err="query tmux on /tmp/tmux-501/t115e31319: exit status 1: no server running on /tmp/tmux-501/t115e31319"
time=2026-08-21T18:23:07.326+08:00 level=DEBUG msg="discovery: skipping unreachable socket" socket=/tmp/tmux-501/t115f44898 err="query tmux on /tmp/tmux-501/t115f44898: exit status 1: no server running on /tmp/tmux-501/t115f44898"
time=2026-08-21T18:23:07.338+08:00 level=DEBUG msg="discovery: skipping unreachable socket" socket=/tmp/tmux-501/t115g47728 err="query tmux on /tmp/tmux-501/t115g47728: exit status 1: no server running on /tmp/tmux-501/t115g47728"
time=2026-08-21T18:23:07.348+08:00 level=DEBUG msg="discovery: skipping unreachable socket" socket=/tmp/tmux-501/ta-0bafa3965ade err="query tmux on /tmp/tmux-501/ta-0bafa3965ade: exit status 1: no server running on /tmp/tmux-501/ta-0bafa3965ade"
time=2026-08-21T18:23:07.374+08:00 level=DEBUG msg="discovery: skipping unreachable socket" socket=/tmp/tmux-501/ta-61709dcf801e err="query tmux on /tmp/tmux-501/ta-61709dcf801e: exit status 1: no server running on /tmp/tmux-501/ta-61709dcf801e"
time=2026-08-21T18:23:07.400+08:00 level=DEBUG msg="discovery: skipping unparsable pane line" socket=/tmp/tmux-501/ta-a9fd5b7defbd line="team-refactor-maintainability|6|%39|/Users/alauda/Documents/code/agent前沿探索/多agent协作|bash|87458|t.p9.review 零上下文设计审查已通过<|eos|> - grok|235x50|tester-t124"
time=2026-08-21T18:23:07.418+08:00 level=DEBUG msg="discovery: skipping unreachable socket" socket=/tmp/tmux-501/ta-ed81bd4d8c17 err="query tmux on /tmp/tmux-501/ta-ed81bd4d8c17: exit status 1: no server running on /tmp/tmux-501/ta-ed81bd4d8c17"
time=2026-08-21T18:23:07.426+08:00 level=DEBUG msg="discovery: skipping unreachable socket" socket=/tmp/tmux-501/ta-f1ad1b378fc7 err="query tmux on /tmp/tmux-501/ta-f1ad1b378fc7: exit status 1: no server running on /tmp/tmux-501/ta-f1ad1b378fc7"
time=2026-08-21T18:23:07.448+08:00 level=DEBUG msg="discovery: skipping unreachable socket" socket=/tmp/tmux-501/ta-t121u01 err="query tmux on /tmp/tmux-501/ta-t121u01: exit status 1: no server running on /tmp/tmux-501/ta-t121u01"
time=2026-08-21T18:23:07.458+08:00 level=DEBUG msg="discovery: skipping unreachable socket" socket=/tmp/tmux-501/ta-t121u01b err="query tmux on /tmp/tmux-501/ta-t121u01b: exit status 1: no server running on /tmp/tmux-501/ta-t121u01b"
time=2026-08-21T18:23:07.467+08:00 level=DEBUG msg="discovery: skipping unreachable socket" socket=/tmp/tmux-501/ta-user-agents err="query tmux on /tmp/tmux-501/ta-user-agents: exit status 1: no server running on /tmp/tmux-501/ta-user-agents"
time=2026-08-21T18:23:08.107+08:00 level=DEBUG msg="listing: no changes"
time=2026-08-21T18:23:08.642+08:00 level=DEBUG msg="discovery: skipping unreachable socket" socket=/tmp/tmux-501/t115d24675 err="query tmux on /tmp/tmux-501/t115d24675: exit status 1: no server running on /tmp/tmux-501/t115d24675"
time=2026-08-21T18:23:08.652+08:00 level=DEBUG msg="discovery: skipping unreachable socket" socket=/tmp/tmux-501/t115e31319 err="query tmux on /tmp/tmux-501/t115e31319: exit status 1: no server running on /tmp/tmux-501/t115e31319"
time=2026-08-21T18:23:08.663+08:00 level=DEBUG msg="discovery: skipping unreachable socket" socket=/tmp/tmux-501/t115f44898 err="query tmux on /tmp/tmux-501/t115f44898: exit status 1: no server running on /tmp/tmux-501/t115f44898"
time=2026-08-21T18:23:08.672+08:00 level=DEBUG msg="discovery: skipping unreachable socket" socket=/tmp/tmux-501/t115g47728 err="query tmux on /tmp/tmux-501/t115g47728: exit status 1: no server running on /tmp/tmux-501/t115g47728"
time=2026-08-21T18:23:08.682+08:00 level=DEBUG msg="discovery: skipping unreachable socket" socket=/tmp/tmux-501/ta-0bafa3965ade err="query tmux on /tmp/tmux-501/ta-0bafa3965ade: exit status 1: no server running on /tmp/tmux-501/ta-0bafa3965ade"
time=2026-08-21T18:23:08.709+08:00 level=DEBUG msg="discovery: skipping unreachable socket" socket=/tmp/tmux-501/ta-61709dcf801e err="query tmux on /tmp/tmux-501/ta-61709dcf801e: exit status 1: no server running on /tmp/tmux-501/ta-61709dcf801e"
time=2026-08-21T18:23:08.728+08:00 level=DEBUG msg="discovery: skipping unparsable pane line" socket=/tmp/tmux-501/ta-a9fd5b7defbd line="team-refactor-maintainability|6|%39|/Users/alauda/Documents/code/agent前沿探索/多agent协作|bash|87458|t.p9.review 零上下文设计审查已通过<|eos|> - grok|235x50|tester-t124"
time=2026-08-21T18:23:08.745+08:00 level=DEBUG msg="discovery: skipping unreachable socket" socket=/tmp/tmux-501/ta-ed81bd4d8c17 err="query tmux on /tmp/tmux-501/ta-ed81bd4d8c17: exit status 1: no server running on /tmp/tmux-501/ta-ed81bd4d8c17"
time=2026-08-21T18:23:08.754+08:00 level=DEBUG msg="discovery: skipping unreachable socket" socket=/tmp/tmux-501/ta-f1ad1b378fc7 err="query tmux on /tmp/tmux-501/ta-f1ad1b378fc7: exit status 1: no server running on /tmp/tmux-501/ta-f1ad1b378fc7"
time=2026-08-21T18:23:08.772+08:00 level=DEBUG msg="discovery: skipping unreachable socket" socket=/tmp/tmux-501/ta-t121u01 err="query tmux on /tmp/tmux-501/ta-t121u01: exit status 1: no server running on /tmp/tmux-501/ta-t121u01"
time=2026-08-21T18:23:08.779+08:00 level=DEBUG msg="discovery: skipping unreachable socket" socket=/tmp/tmux-501/ta-t121u01b err="query tmux on /tmp/tmux-501/ta-t121u01b: exit status 1: no server running on /tmp/tmux-501/ta-t121u01b"
time=2026-08-21T18:23:08.787+08:00 level=DEBUG msg="discovery: skipping unreachable socket" socket=/tmp/tmux-501/ta-user-agents err="query tmux on /tmp/tmux-501/ta-user-agents: exit status 1: no server running on /tmp/tmux-501/ta-user-agents"
time=2026-08-21T18:23:09.576+08:00 level=DEBUG msg="discovery: skipping unreachable socket" socket=/tmp/tmux-501/t115d24675 err="query tmux on /tmp/tmux-501/t115d24675: exit status 1: no server running on /tmp/tmux-501/t115d24675"
time=2026-08-21T18:23:09.585+08:00 level=DEBUG msg="discovery: skipping unreachable socket" socket=/tmp/tmux-501/t115e31319 err="query tmux on /tmp/tmux-501/t115e31319: exit status 1: no server running on /tmp/tmux-501/t115e31319"
time=2026-08-21T18:23:09.593+08:00 level=DEBUG msg="discovery: skipping unreachable socket" socket=/tmp/tmux-501/t115f44898 err="query tmux on /tmp/tmux-501/t115f44898: exit status 1: no server running on /tmp/tmux-501/t115f44898"
time=2026-08-21T18:23:09.602+08:00 level=DEBUG msg="discovery: skipping unreachable socket" socket=/tmp/tmux-501/t115g47728 err="query tmux on /tmp/tmux-501/t115g47728: exit status 1: no server running on /tmp/tmux-501/t115g47728"
time=2026-08-21T18:23:09.614+08:00 level=DEBUG msg="discovery: skipping unreachable socket" socket=/tmp/tmux-501/ta-0bafa3965ade err="query tmux on /tmp/tmux-501/ta-0bafa3965ade: exit status 1: no server running on /tmp/tmux-501/ta-0bafa3965ade"
time=2026-08-21T18:23:09.640+08:00 level=DEBUG msg="discovery: skipping unreachable socket" socket=/tmp/tmux-501/ta-61709dcf801e err="query tmux on /tmp/tmux-501/ta-61709dcf801e: exit status 1: no server running on /tmp/tmux-501/ta-61709dcf801e"
time=2026-08-21T18:23:09.662+08:00 level=DEBUG msg="discovery: skipping unparsable pane line" socket=/tmp/tmux-501/ta-a9fd5b7defbd line="team-refactor-maintainability|6|%39|/Users/alauda/Documents/code/agent前沿探索/多agent协作|bash|87458|t.p9.review 零上下文设计审查已通过<|eos|> - grok|235x50|tester-t124"
time=2026-08-21T18:23:09.683+08:00 level=DEBUG msg="discovery: skipping unreachable socket" socket=/tmp/tmux-501/ta-ed81bd4d8c17 err="query tmux on /tmp/tmux-501/ta-ed81bd4d8c17: exit status 1: no server running on /tmp/tmux-501/ta-ed81bd4d8c17"
time=2026-08-21T18:23:09.692+08:00 level=DEBUG msg="discovery: skipping unreachable socket" socket=/tmp/tmux-501/ta-f1ad1b378fc7 err="query tmux on /tmp/tmux-501/ta-f1ad1b378fc7: exit status 1: no server running on /tmp/tmux-501/ta-f1ad1b378fc7"
time=2026-08-21T18:23:09.709+08:00 level=DEBUG msg="discovery: skipping unreachable socket" socket=/tmp/tmux-501/ta-t121u01 err="query tmux on /tmp/tmux-501/ta-t121u01: exit status 1: no server running on /tmp/tmux-501/ta-t121u01"
time=2026-08-21T18:23:09.718+08:00 level=DEBUG msg="discovery: skipping unreachable socket" socket=/tmp/tmux-501/ta-t121u01b err="query tmux on /tmp/tmux-501/ta-t121u01b: exit status 1: no server running on /tmp/tmux-501/ta-t121u01b"
time=2026-08-21T18:23:09.727+08:00 level=DEBUG msg="discovery: skipping unreachable socket" socket=/tmp/tmux-501/ta-user-agents err="query tmux on /tmp/tmux-501/ta-user-agents: exit status 1: no server running on /tmp/tmux-501/ta-user-agents"
time=2026-08-21T18:23:11.057+08:00 level=DEBUG msg="listing: no changes"
time=2026-08-21T18:23:11.596+08:00 level=DEBUG msg="discovery: skipping unreachable socket" socket=/tmp/tmux-501/t115d24675 err="query tmux on /tmp/tmux-501/t115d24675: exit status 1: no server running on /tmp/tmux-501/t115d24675"
time=2026-08-21T18:23:11.605+08:00 level=DEBUG msg="discovery: skipping unreachable socket" socket=/tmp/tmux-501/t115e31319 err="query tmux on /tmp/tmux-501/t115e31319: exit status 1: no server running on /tmp/tmux-501/t115e31319"
time=2026-08-21T18:23:11.614+08:00 level=DEBUG msg="discovery: skipping unreachable socket" socket=/tmp/tmux-501/t115f44898 err="query tmux on /tmp/tmux-501/t115f44898: exit status 1: no server running on /tmp/tmux-501/t115f44898"
time=2026-08-21T18:23:11.623+08:00 level=DEBUG msg="discovery: skipping unreachable socket" socket=/tmp/tmux-501/t115g47728 err="query tmux on /tmp/tmux-501/t115g47728: exit status 1: no server running on /tmp/tmux-501/t115g47728"
time=2026-08-21T18:23:11.631+08:00 level=DEBUG msg="discovery: skipping unreachable socket" socket=/tmp/tmux-501/ta-0bafa3965ade err="query tmux on /tmp/tmux-501/ta-0bafa3965ade: exit status 1: no server running on /tmp/tmux-501/ta-0bafa3965ade"
time=2026-08-21T18:23:11.654+08:00 level=DEBUG msg="discovery: skipping unreachable socket" socket=/tmp/tmux-501/ta-61709dcf801e err="query tmux on /tmp/tmux-501/ta-61709dcf801e: exit status 1: no server running on /tmp/tmux-501/ta-61709dcf801e"
time=2026-08-21T18:23:11.672+08:00 level=DEBUG msg="discovery: skipping unparsable pane line" socket=/tmp/tmux-501/ta-a9fd5b7defbd line="team-refactor-maintainability|6|%39|/Users/alauda/Documents/code/agent前沿探索/多agent协作|bash|87458|t.p9.review 零上下文设计审查已通过<|eos|> - grok|235x50|tester-t124"
time=2026-08-21T18:23:11.689+08:00 level=DEBUG msg="discovery: skipping unreachable socket" socket=/tmp/tmux-501/ta-ed81bd4d8c17 err="query tmux on /tmp/tmux-501/ta-ed81bd4d8c17: exit status 1: no server running on /tmp/tmux-501/ta-ed81bd4d8c17"
time=2026-08-21T18:23:11.698+08:00 level=DEBUG msg="discovery: skipping unreachable socket" socket=/tmp/tmux-501/ta-f1ad1b378fc7 err="query tmux on /tmp/tmux-501/ta-f1ad1b378fc7: exit status 1: no server running on /tmp/tmux-501/ta-f1ad1b378fc7"
time=2026-08-21T18:23:11.718+08:00 level=DEBUG msg="discovery: skipping unreachable socket" socket=/tmp/tmux-501/ta-t121u01 err="query tmux on /tmp/tmux-501/ta-t121u01: exit status 1: no server running on /tmp/tmux-501/ta-t121u01"
time=2026-08-21T18:23:11.726+08:00 level=DEBUG msg="discovery: skipping unreachable socket" socket=/tmp/tmux-501/ta-t121u01b err="query tmux on /tmp/tmux-501/ta-t121u01b: exit status 1: no server running on /tmp/tmux-501/ta-t121u01b"
time=2026-08-21T18:23:11.733+08:00 level=DEBUG msg="discovery: skipping unreachable socket" socket=/tmp/tmux-501/ta-user-agents err="query tmux on /tmp/tmux-501/ta-user-agents: exit status 1: no server running on /tmp/tmux-501/ta-user-agents"
time=2026-08-21T18:23:11.860+08:00 level=DEBUG msg="discovery: skipping unreachable socket" socket=/tmp/tmux-501/t115d24675 err="query tmux on /tmp/tmux-501/t115d24675: exit status 1: no server running on /tmp/tmux-501/t115d24675"
time=2026-08-21T18:23:11.868+08:00 level=DEBUG msg="discovery: skipping unreachable socket" socket=/tmp/tmux-501/t115e31319 err="query tmux on /tmp/tmux-501/t115e31319: exit status 1: no server running on /tmp/tmux-501/t115e31319"
time=2026-08-21T18:23:11.877+08:00 level=DEBUG msg="discovery: skipping unreachable socket" socket=/tmp/tmux-501/t115f44898 err="query tmux on /tmp/tmux-501/t115f44898: exit status 1: no server running on /tmp/tmux-501/t115f44898"
time=2026-08-21T18:23:11.885+08:00 level=DEBUG msg="discovery: skipping unreachable socket" socket=/tmp/tmux-501/t115g47728 err="query tmux on /tmp/tmux-501/t115g47728: exit status 1: no server running on /tmp/tmux-501/t115g47728"
time=2026-08-21T18:23:11.893+08:00 level=DEBUG msg="discovery: skipping unreachable socket" socket=/tmp/tmux-501/ta-0bafa3965ade err="query tmux on /tmp/tmux-501/ta-0bafa3965ade: exit status 1: no server running on /tmp/tmux-501/ta-0bafa3965ade"
time=2026-08-21T18:23:11.919+08:00 level=DEBUG msg="discovery: skipping unreachable socket" socket=/tmp/tmux-501/ta-61709dcf801e err="query tmux on /tmp/tmux-501/ta-61709dcf801e: exit status 1: no server running on /tmp/tmux-501/ta-61709dcf801e"
time=2026-08-21T18:23:11.937+08:00 level=DEBUG msg="discovery: skipping unparsable pane line" socket=/tmp/tmux-501/ta-a9fd5b7defbd line="team-refactor-maintainability|6|%39|/Users/alauda/Documents/code/agent前沿探索/多agent协作|bash|87458|t.p9.review 零上下文设计审查已通过<|eos|> - grok|235x50|tester-t124"
time=2026-08-21T18:23:11.956+08:00 level=DEBUG msg="discovery: skipping unreachable socket" socket=/tmp/tmux-501/ta-ed81bd4d8c17 err="query tmux on /tmp/tmux-501/ta-ed81bd4d8c17: exit status 1: no server running on /tmp/tmux-501/ta-ed81bd4d8c17"
time=2026-08-21T18:23:11.965+08:00 level=DEBUG msg="discovery: skipping unreachable socket" socket=/tmp/tmux-501/ta-f1ad1b378fc7 err="query tmux on /tmp/tmux-501/ta-f1ad1b378fc7: exit status 1: no server running on /tmp/tmux-501/ta-f1ad1b378fc7"
time=2026-08-21T18:23:11.981+08:00 level=DEBUG msg="discovery: skipping unreachable socket" socket=/tmp/tmux-501/ta-t121u01 err="query tmux on /tmp/tmux-501/ta-t121u01: exit status 1: no server running on /tmp/tmux-501/ta-t121u01"
time=2026-08-21T18:23:11.990+08:00 level=DEBUG msg="discovery: skipping unreachable socket" socket=/tmp/tmux-501/ta-t121u01b err="query tmux on /tmp/tmux-501/ta-t121u01b: exit status 1: no server running on /tmp/tmux-501/ta-t121u01b"
time=2026-08-21T18:23:11.999+08:00 level=DEBUG msg="discovery: skipping unreachable socket" socket=/tmp/tmux-501/ta-user-agents err="query tmux on /tmp/tmux-501/ta-user-agents: exit status 1: no server running on /tmp/tmux-501/ta-user-agents"
time=2026-08-21T18:23:14.036+08:00 level=DEBUG msg="listing: no changes"
time=2026-08-21T18:23:14.158+08:00 level=DEBUG msg="discovery: skipping unreachable socket" socket=/tmp/tmux-501/t115d24675 err="query tmux on /tmp/tmux-501/t115d24675: exit status 1: no server running on /tmp/tmux-501/t115d24675"
time=2026-08-21T18:23:14.167+08:00 level=DEBUG msg="discovery: skipping unreachable socket" socket=/tmp/tmux-501/t115e31319 err="query tmux on /tmp/tmux-501/t115e31319: exit status 1: no server running on /tmp/tmux-501/t115e31319"
time=2026-08-21T18:23:14.175+08:00 level=DEBUG msg="discovery: skipping unreachable socket" socket=/tmp/tmux-501/t115f44898 err="query tmux on /tmp/tmux-501/t115f44898: exit status 1: no server running on /tmp/tmux-501/t115f44898"
time=2026-08-21T18:23:14.183+08:00 level=DEBUG msg="discovery: skipping unreachable socket" socket=/tmp/tmux-501/t115g47728 err="query tmux on /tmp/tmux-501/t115g47728: exit status 1: no server running on /tmp/tmux-501/t115g47728"
time=2026-08-21T18:23:14.192+08:00 level=DEBUG msg="discovery: skipping unreachable socket" socket=/tmp/tmux-501/ta-0bafa3965ade err="query tmux on /tmp/tmux-501/ta-0bafa3965ade: exit status 1: no server running on /tmp/tmux-501/ta-0bafa3965ade"
time=2026-08-21T18:23:14.218+08:00 level=DEBUG msg="discovery: skipping unreachable socket" socket=/tmp/tmux-501/ta-61709dcf801e err="query tmux on /tmp/tmux-501/ta-61709dcf801e: exit status 1: no server running on /tmp/tmux-501/ta-61709dcf801e"
time=2026-08-21T18:23:14.237+08:00 level=DEBUG msg="discovery: skipping unparsable pane line" socket=/tmp/tmux-501/ta-a9fd5b7defbd line="team-refactor-maintainability|6|%39|/Users/alauda/Documents/code/agent前沿探索/多agent协作|bash|87458|t.p9.review 零上下文设计审查已通过<|eos|> - grok|235x50|tester-t124"
time=2026-08-21T18:23:14.254+08:00 level=DEBUG msg="discovery: skipping unreachable socket" socket=/tmp/tmux-501/ta-ed81bd4d8c17 err="query tmux on /tmp/tmux-501/ta-ed81bd4d8c17: exit status 1: no server running on /tmp/tmux-501/ta-ed81bd4d8c17"
time=2026-08-21T18:23:14.263+08:00 level=DEBUG msg="discovery: skipping unreachable socket" socket=/tmp/tmux-501/ta-f1ad1b378fc7 err="query tmux on /tmp/tmux-501/ta-f1ad1b378fc7: exit status 1: no server running on /tmp/tmux-501/ta-f1ad1b378fc7"
time=2026-08-21T18:23:14.279+08:00 level=DEBUG msg="discovery: skipping unreachable socket" socket=/tmp/tmux-501/ta-t121u01 err="query tmux on /tmp/tmux-501/ta-t121u01: exit status 1: no server running on /tmp/tmux-501/ta-t121u01"
time=2026-08-21T18:23:14.287+08:00 level=DEBUG msg="discovery: skipping unreachable socket" socket=/tmp/tmux-501/ta-t121u01b err="query tmux on /tmp/tmux-501/ta-t121u01b: exit status 1: no server running on /tmp/tmux-501/ta-t121u01b"
time=2026-08-21T18:23:14.296+08:00 level=DEBUG msg="discovery: skipping unreachable socket" socket=/tmp/tmux-501/ta-user-agents err="query tmux on /tmp/tmux-501/ta-user-agents: exit status 1: no server running on /tmp/tmux-501/ta-user-agents"
time=2026-08-21T18:23:14.565+08:00 level=DEBUG msg="discovery: skipping unreachable socket" socket=/tmp/tmux-501/t115d24675 err="query tmux on /tmp/tmux-501/t115d24675: exit status 1: no server running on /tmp/tmux-501/t115d24675"
time=2026-08-21T18:23:14.573+08:00 level=DEBUG msg="discovery: skipping unreachable socket" socket=/tmp/tmux-501/t115e31319 err="query tmux on /tmp/tmux-501/t115e31319: exit status 1: no server running on /tmp/tmux-501/t115e31319"
time=2026-08-21T18:23:14.581+08:00 level=DEBUG msg="discovery: skipping unreachable socket" socket=/tmp/tmux-501/t115f44898 err="query tmux on /tmp/tmux-501/t115f44898: exit status 1: no server running on /tmp/tmux-501/t115f44898"
time=2026-08-21T18:23:14.589+08:00 level=DEBUG msg="discovery: skipping unreachable socket" socket=/tmp/tmux-501/t115g47728 err="query tmux on /tmp/tmux-501/t115g47728: exit status 1: no server running on /tmp/tmux-501/t115g47728"
time=2026-08-21T18:23:14.600+08:00 level=DEBUG msg="discovery: skipping unreachable socket" socket=/tmp/tmux-501/ta-0bafa3965ade err="query tmux on /tmp/tmux-501/ta-0bafa3965ade: exit status 1: no server running on /tmp/tmux-501/ta-0bafa3965ade"
time=2026-08-21T18:23:14.626+08:00 level=DEBUG msg="discovery: skipping unreachable socket" socket=/tmp/tmux-501/ta-61709dcf801e err="query tmux on /tmp/tmux-501/ta-61709dcf801e: exit status 1: no server running on /tmp/tmux-501/ta-61709dcf801e"
time=2026-08-21T18:23:14.646+08:00 level=DEBUG msg="discovery: skipping unparsable pane line" socket=/tmp/tmux-501/ta-a9fd5b7defbd line="team-refactor-maintainability|6|%39|/Users/alauda/Documents/code/agent前沿探索/多agent协作|bash|87458|t.p9.review 零上下文设计审查已通过<|eos|> - grok|235x50|tester-t124"
time=2026-08-21T18:23:14.663+08:00 level=DEBUG msg="discovery: skipping unreachable socket" socket=/tmp/tmux-501/ta-ed81bd4d8c17 err="query tmux on /tmp/tmux-501/ta-ed81bd4d8c17: exit status 1: no server running on /tmp/tmux-501/ta-ed81bd4d8c17"
time=2026-08-21T18:23:14.671+08:00 level=DEBUG msg="discovery: skipping unreachable socket" socket=/tmp/tmux-501/ta-f1ad1b378fc7 err="query tmux on /tmp/tmux-501/ta-f1ad1b378fc7: exit status 1: no server running on /tmp/tmux-501/ta-f1ad1b378fc7"
time=2026-08-21T18:23:14.688+08:00 level=DEBUG msg="discovery: skipping unreachable socket" socket=/tmp/tmux-501/ta-t121u01 err="query tmux on /tmp/tmux-501/ta-t121u01: exit status 1: no server running on /tmp/tmux-501/ta-t121u01"
time=2026-08-21T18:23:14.697+08:00 level=DEBUG msg="discovery: skipping unreachable socket" socket=/tmp/tmux-501/ta-t121u01b err="query tmux on /tmp/tmux-501/ta-t121u01b: exit status 1: no server running on /tmp/tmux-501/ta-t121u01b"
time=2026-08-21T18:23:14.705+08:00 level=DEBUG msg="discovery: skipping unreachable socket" socket=/tmp/tmux-501/ta-user-agents err="query tmux on /tmp/tmux-501/ta-user-agents: exit status 1: no server running on /tmp/tmux-501/ta-user-agents"
time=2026-08-21T18:23:16.375+08:00 level=DEBUG msg="discovery: skipping unreachable socket" socket=/tmp/tmux-501/t115d24675 err="query tmux on /tmp/tmux-501/t115d24675: exit status 1: no server running on /tmp/tmux-501/t115d24675"
time=2026-08-21T18:23:16.385+08:00 level=DEBUG msg="discovery: skipping unreachable socket" socket=/tmp/tmux-501/t115e31319 err="query tmux on /tmp/tmux-501/t115e31319: exit status 1: no server running on /tmp/tmux-501/t115e31319"
time=2026-08-21T18:23:16.394+08:00 level=DEBUG msg="discovery: skipping unreachable socket" socket=/tmp/tmux-501/t115f44898 err="query tmux on /tmp/tmux-501/t115f44898: exit status 1: no server running on /tmp/tmux-501/t115f44898"
time=2026-08-21T18:23:16.405+08:00 level=DEBUG msg="discovery: skipping unreachable socket" socket=/tmp/tmux-501/t115g47728 err="query tmux on /tmp/tmux-501/t115g47728: exit status 1: no server running on /tmp/tmux-501/t115g47728"
time=2026-08-21T18:23:16.419+08:00 level=DEBUG msg="discovery: skipping unreachable socket" socket=/tmp/tmux-501/ta-0bafa3965ade err="query tmux on /tmp/tmux-501/ta-0bafa3965ade: exit status 1: no server running on /tmp/tmux-501/ta-0bafa3965ade"
time=2026-08-21T18:23:16.450+08:00 level=DEBUG msg="discovery: skipping unreachable socket" socket=/tmp/tmux-501/ta-61709dcf801e err="query tmux on /tmp/tmux-501/ta-61709dcf801e: exit status 1: no server running on /tmp/tmux-501/ta-61709dcf801e"
time=2026-08-21T18:23:16.479+08:00 level=DEBUG msg="discovery: skipping unparsable pane line" socket=/tmp/tmux-501/ta-a9fd5b7defbd line="team-refactor-maintainability|6|%39|/Users/alauda/Documents/code/agent前沿探索/多agent协作|bash|87458|t.p9.review 零上下文设计审查已通过<|eos|> - grok|235x50|tester-t124"
time=2026-08-21T18:23:16.500+08:00 level=DEBUG msg="discovery: skipping unreachable socket" socket=/tmp/tmux-501/ta-ed81bd4d8c17 err="query tmux on /tmp/tmux-501/ta-ed81bd4d8c17: exit status 1: no server running on /tmp/tmux-501/ta-ed81bd4d8c17"
time=2026-08-21T18:23:16.510+08:00 level=DEBUG msg="discovery: skipping unreachable socket" socket=/tmp/tmux-501/ta-f1ad1b378fc7 err="query tmux on /tmp/tmux-501/ta-f1ad1b378fc7: exit status 1: no server running on /tmp/tmux-501/ta-f1ad1b378fc7"
time=2026-08-21T18:23:16.538+08:00 level=DEBUG msg="discovery: skipping unreachable socket" socket=/tmp/tmux-501/ta-t121u01 err="query tmux on /tmp/tmux-501/ta-t121u01: exit status 1: no server running on /tmp/tmux-501/ta-t121u01"
time=2026-08-21T18:23:16.548+08:00 level=DEBUG msg="discovery: skipping unreachable socket" socket=/tmp/tmux-501/ta-t121u01b err="query tmux on /tmp/tmux-501/ta-t121u01b: exit status 1: no server running on /tmp/tmux-501/ta-t121u01b"
time=2026-08-21T18:23:16.558+08:00 level=DEBUG msg="discovery: skipping unreachable socket" socket=/tmp/tmux-501/ta-user-agents err="query tmux on /tmp/tmux-501/ta-user-agents: exit status 1: no server running on /tmp/tmux-501/ta-user-agents"
time=2026-08-21T18:23:16.967+08:00 level=DEBUG msg="listing: no changes"
time=2026-08-21T18:23:17.493+08:00 level=DEBUG msg="discovery: skipping unreachable socket" socket=/tmp/tmux-501/t115d24675 err="query tmux on /tmp/tmux-501/t115d24675: exit status 1: no server running on /tmp/tmux-501/t115d24675"
time=2026-08-21T18:23:17.504+08:00 level=DEBUG msg="discovery: skipping unreachable socket" socket=/tmp/tmux-501/t115e31319 err="query tmux on /tmp/tmux-501/t115e31319: exit status 1: no server running on /tmp/tmux-501/t115e31319"
time=2026-08-21T18:23:17.513+08:00 level=DEBUG msg="discovery: skipping unreachable socket" socket=/tmp/tmux-501/t115f44898 err="query tmux on /tmp/tmux-501/t115f44898: exit status 1: no server running on /tmp/tmux-501/t115f44898"
time=2026-08-21T18:23:17.522+08:00 level=DEBUG msg="discovery: skipping unreachable socket" socket=/tmp/tmux-501/t115g47728 err="query tmux on /tmp/tmux-501/t115g47728: exit status 1: no server running on /tmp/tmux-501/t115g47728"
time=2026-08-21T18:23:17.530+08:00 level=DEBUG msg="discovery: skipping unreachable socket" socket=/tmp/tmux-501/ta-0bafa3965ade err="query tmux on /tmp/tmux-501/ta-0bafa3965ade: exit status 1: no server running on /tmp/tmux-501/ta-0bafa3965ade"
time=2026-08-21T18:23:17.611+08:00 level=DEBUG msg="discovery: skipping unreachable socket" socket=/tmp/tmux-501/ta-61709dcf801e err="query tmux on /tmp/tmux-501/ta-61709dcf801e: exit status 1: no server running on /tmp/tmux-501/ta-61709dcf801e"
time=2026-08-21T18:23:17.631+08:00 level=DEBUG msg="discovery: skipping unparsable pane line" socket=/tmp/tmux-501/ta-a9fd5b7defbd line="team-refactor-maintainability|6|%39|/Users/alauda/Documents/code/agent前沿探索/多agent协作|bash|87458|t.p9.review 零上下文设计审查已通过<|eos|> - grok|235x50|tester-t124"
time=2026-08-21T18:23:17.650+08:00 level=DEBUG msg="discovery: skipping unreachable socket" socket=/tmp/tmux-501/ta-ed81bd4d8c17 err="query tmux on /tmp/tmux-501/ta-ed81bd4d8c17: exit status 1: no server running on /tmp/tmux-501/ta-ed81bd4d8c17"
time=2026-08-21T18:23:17.659+08:00 level=DEBUG msg="discovery: skipping unreachable socket" socket=/tmp/tmux-501/ta-f1ad1b378fc7 err="query tmux on /tmp/tmux-501/ta-f1ad1b378fc7: exit status 1: no server running on /tmp/tmux-501/ta-f1ad1b378fc7"
time=2026-08-21T18:23:17.676+08:00 level=DEBUG msg="discovery: skipping unreachable socket" socket=/tmp/tmux-501/ta-t121u01 err="query tmux on /tmp/tmux-501/ta-t121u01: exit status 1: no server running on /tmp/tmux-501/ta-t121u01"
time=2026-08-21T18:23:17.685+08:00 level=DEBUG msg="discovery: skipping unreachable socket" socket=/tmp/tmux-501/ta-t121u01b err="query tmux on /tmp/tmux-501/ta-t121u01b: exit status 1: no server running on /tmp/tmux-501/ta-t121u01b"
time=2026-08-21T18:23:17.693+08:00 level=DEBUG msg="discovery: skipping unreachable socket" socket=/tmp/tmux-501/ta-user-agents err="query tmux on /tmp/tmux-501/ta-user-agents: exit status 1: no server running on /tmp/tmux-501/ta-user-agents"
time=2026-08-21T18:23:18.729+08:00 level=DEBUG msg="discovery: skipping unreachable socket" socket=/tmp/tmux-501/t115d24675 err="query tmux on /tmp/tmux-501/t115d24675: exit status 1: no server running on /tmp/tmux-501/t115d24675"
time=2026-08-21T18:23:18.737+08:00 level=DEBUG msg="discovery: skipping unreachable socket" socket=/tmp/tmux-501/t115e31319 err="query tmux on /tmp/tmux-501/t115e31319: exit status 1: no server running on /tmp/tmux-501/t115e31319"
time=2026-08-21T18:23:18.746+08:00 level=DEBUG msg="discovery: skipping unreachable socket" socket=/tmp/tmux-501/t115f44898 err="query tmux on /tmp/tmux-501/t115f44898: exit status 1: no server running on /tmp/tmux-501/t115f44898"
time=2026-08-21T18:23:18.754+08:00 level=DEBUG msg="discovery: skipping unreachable socket" socket=/tmp/tmux-501/t115g47728 err="query tmux on /tmp/tmux-501/t115g47728: exit status 1: no server running on /tmp/tmux-501/t115g47728"
time=2026-08-21T18:23:18.763+08:00 level=DEBUG msg="discovery: skipping unreachable socket" socket=/tmp/tmux-501/ta-0bafa3965ade err="query tmux on /tmp/tmux-501/ta-0bafa3965ade: exit status 1: no server running on /tmp/tmux-501/ta-0bafa3965ade"
time=2026-08-21T18:23:18.790+08:00 level=DEBUG msg="discovery: skipping unreachable socket" socket=/tmp/tmux-501/ta-61709dcf801e err="query tmux on /tmp/tmux-501/ta-61709dcf801e: exit status 1: no server running on /tmp/tmux-501/ta-61709dcf801e"
time=2026-08-21T18:23:18.808+08:00 level=DEBUG msg="discovery: skipping unparsable pane line" socket=/tmp/tmux-501/ta-a9fd5b7defbd line="team-refactor-maintainability|6|%39|/Users/alauda/Documents/code/agent前沿探索/多agent协作|bash|87458|t.p9.review 零上下文设计审查已通过<|eos|> - grok|235x50|tester-t124"
time=2026-08-21T18:23:18.828+08:00 level=DEBUG msg="discovery: skipping unreachable socket" socket=/tmp/tmux-501/ta-ed81bd4d8c17 err="query tmux on /tmp/tmux-501/ta-ed81bd4d8c17: exit status 1: no server running on /tmp/tmux-501/ta-ed81bd4d8c17"
time=2026-08-21T18:23:18.836+08:00 level=DEBUG msg="discovery: skipping unreachable socket" socket=/tmp/tmux-501/ta-f1ad1b378fc7 err="query tmux on /tmp/tmux-501/ta-f1ad1b378fc7: exit status 1: no server running on /tmp/tmux-501/ta-f1ad1b378fc7"
time=2026-08-21T18:23:18.853+08:00 level=DEBUG msg="discovery: skipping unreachable socket" socket=/tmp/tmux-501/ta-t121u01 err="query tmux on /tmp/tmux-501/ta-t121u01: exit status 1: no server running on /tmp/tmux-501/ta-t121u01"
time=2026-08-21T18:23:18.863+08:00 level=DEBUG msg="discovery: skipping unreachable socket" socket=/tmp/tmux-501/ta-t121u01b err="query tmux on /tmp/tmux-501/ta-t121u01b: exit status 1: no server running on /tmp/tmux-501/ta-t121u01b"
time=2026-08-21T18:23:18.871+08:00 level=DEBUG msg="discovery: skipping unreachable socket" socket=/tmp/tmux-501/ta-user-agents err="query tmux on /tmp/tmux-501/ta-user-agents: exit status 1: no server running on /tmp/tmux-501/ta-user-agents"
time=2026-08-21T18:23:19.943+08:00 level=DEBUG msg="listing: no changes"
time=2026-08-21T18:23:20.473+08:00 level=DEBUG msg="discovery: skipping unreachable socket" socket=/tmp/tmux-501/t115d24675 err="query tmux on /tmp/tmux-501/t115d24675: exit status 1: no server running on /tmp/tmux-501/t115d24675"
time=2026-08-21T18:23:20.483+08:00 level=DEBUG msg="discovery: skipping unreachable socket" socket=/tmp/tmux-501/t115e31319 err="query tmux on /tmp/tmux-501/t115e31319: exit status 1: no server running on /tmp/tmux-501/t115e31319"
time=2026-08-21T18:23:20.498+08:00 level=DEBUG msg="discovery: skipping unreachable socket" socket=/tmp/tmux-501/t115f44898 err="query tmux on /tmp/tmux-501/t115f44898: exit status 1: no server running on /tmp/tmux-501/t115f44898"
time=2026-08-21T18:23:20.521+08:00 level=DEBUG msg="discovery: skipping unreachable socket" socket=/tmp/tmux-501/t115g47728 err="query tmux on /tmp/tmux-501/t115g47728: exit status 1: no server running on /tmp/tmux-501/t115g47728"
time=2026-08-21T18:23:20.531+08:00 level=DEBUG msg="discovery: skipping unreachable socket" socket=/tmp/tmux-501/ta-0bafa3965ade err="query tmux on /tmp/tmux-501/ta-0bafa3965ade: exit status 1: no server running on /tmp/tmux-501/ta-0bafa3965ade"
time=2026-08-21T18:23:20.567+08:00 level=DEBUG msg="discovery: skipping unreachable socket" socket=/tmp/tmux-501/ta-61709dcf801e err="query tmux on /tmp/tmux-501/ta-61709dcf801e: exit status 1: no server running on /tmp/tmux-501/ta-61709dcf801e"
time=2026-08-21T18:23:20.585+08:00 level=DEBUG msg="discovery: skipping unparsable pane line" socket=/tmp/tmux-501/ta-a9fd5b7defbd line="team-refactor-maintainability|6|%39|/Users/alauda/Documents/code/agent前沿探索/多agent协作|bash|87458|t.p9.review 零上下文设计审查已通过<|eos|> - grok|235x50|tester-t124"
time=2026-08-21T18:23:20.602+08:00 level=DEBUG msg="discovery: skipping unreachable socket" socket=/tmp/tmux-501/ta-ed81bd4d8c17 err="query tmux on /tmp/tmux-501/ta-ed81bd4d8c17: exit status 1: no server running on /tmp/tmux-501/ta-ed81bd4d8c17"
time=2026-08-21T18:23:20.610+08:00 level=DEBUG msg="discovery: skipping unreachable socket" socket=/tmp/tmux-501/ta-f1ad1b378fc7 err="query tmux on /tmp/tmux-501/ta-f1ad1b378fc7: exit status 1: no server running on /tmp/tmux-501/ta-f1ad1b378fc7"
time=2026-08-21T18:23:20.627+08:00 level=DEBUG msg="discovery: skipping unreachable socket" socket=/tmp/tmux-501/ta-t121u01 err="query tmux on /tmp/tmux-501/ta-t121u01: exit status 1: no server running on /tmp/tmux-501/ta-t121u01"
time=2026-08-21T18:23:20.634+08:00 level=DEBUG msg="discovery: skipping unreachable socket" socket=/tmp/tmux-501/ta-t121u01b err="query tmux on /tmp/tmux-501/ta-t121u01b: exit status 1: no server running on /tmp/tmux-501/ta-t121u01b"
time=2026-08-21T18:23:20.643+08:00 level=DEBUG msg="discovery: skipping unreachable socket" socket=/tmp/tmux-501/ta-user-agents err="query tmux on /tmp/tmux-501/ta-user-agents: exit status 1: no server running on /tmp/tmux-501/ta-user-agents"
time=2026-08-21T18:23:20.990+08:00 level=DEBUG msg="discovery: skipping unreachable socket" socket=/tmp/tmux-501/t115d24675 err="query tmux on /tmp/tmux-501/t115d24675: exit status 1: no server running on /tmp/tmux-501/t115d24675"
time=2026-08-21T18:23:20.999+08:00 level=DEBUG msg="discovery: skipping unreachable socket" socket=/tmp/tmux-501/t115e31319 err="query tmux on /tmp/tmux-501/t115e31319: exit status 1: no server running on /tmp/tmux-501/t115e31319"
time=2026-08-21T18:23:21.007+08:00 level=DEBUG msg="discovery: skipping unreachable socket" socket=/tmp/tmux-501/t115f44898 err="query tmux on /tmp/tmux-501/t115f44898: exit status 1: no server running on /tmp/tmux-501/t115f44898"
time=2026-08-21T18:23:21.015+08:00 level=DEBUG msg="discovery: skipping unreachable socket" socket=/tmp/tmux-501/t115g47728 err="query tmux on /tmp/tmux-501/t115g47728: exit status 1: no server running on /tmp/tmux-501/t115g47728"
time=2026-08-21T18:23:21.024+08:00 level=DEBUG msg="discovery: skipping unreachable socket" socket=/tmp/tmux-501/ta-0bafa3965ade err="query tmux on /tmp/tmux-501/ta-0bafa3965ade: exit status 1: no server running on /tmp/tmux-501/ta-0bafa3965ade"
time=2026-08-21T18:23:21.050+08:00 level=DEBUG msg="discovery: skipping unreachable socket" socket=/tmp/tmux-501/ta-61709dcf801e err="query tmux on /tmp/tmux-501/ta-61709dcf801e: exit status 1: no server running on /tmp/tmux-501/ta-61709dcf801e"
time=2026-08-21T18:23:21.068+08:00 level=DEBUG msg="discovery: skipping unparsable pane line" socket=/tmp/tmux-501/ta-a9fd5b7defbd line="team-refactor-maintainability|6|%39|/Users/alauda/Documents/code/agent前沿探索/多agent协作|bash|87458|t.p9.review 零上下文设计审查已通过<|eos|> - grok|235x50|tester-t124"
time=2026-08-21T18:23:21.086+08:00 level=DEBUG msg="discovery: skipping unreachable socket" socket=/tmp/tmux-501/ta-ed81bd4d8c17 err="query tmux on /tmp/tmux-501/ta-ed81bd4d8c17: exit status 1: no server running on /tmp/tmux-501/ta-ed81bd4d8c17"
time=2026-08-21T18:23:21.094+08:00 level=DEBUG msg="discovery: skipping unreachable socket" socket=/tmp/tmux-501/ta-f1ad1b378fc7 err="query tmux on /tmp/tmux-501/ta-f1ad1b378fc7: exit status 1: no server running on /tmp/tmux-501/ta-f1ad1b378fc7"
time=2026-08-21T18:23:21.110+08:00 level=DEBUG msg="discovery: skipping unreachable socket" socket=/tmp/tmux-501/ta-t121u01 err="query tmux on /tmp/tmux-501/ta-t121u01: exit status 1: no server running on /tmp/tmux-501/ta-t121u01"
time=2026-08-21T18:23:21.118+08:00 level=DEBUG msg="discovery: skipping unreachable socket" socket=/tmp/tmux-501/ta-t121u01b err="query tmux on /tmp/tmux-501/ta-t121u01b: exit status 1: no server running on /tmp/tmux-501/ta-t121u01b"
time=2026-08-21T18:23:21.127+08:00 level=DEBUG msg="discovery: skipping unreachable socket" socket=/tmp/tmux-501/ta-user-agents err="query tmux on /tmp/tmux-501/ta-user-agents: exit status 1: no server running on /tmp/tmux-501/ta-user-agents"
time=2026-08-21T18:23:22.911+08:00 level=DEBUG msg="listing: no changes"
time=2026-08-21T18:23:23.284+08:00 level=DEBUG msg="discovery: skipping unreachable socket" socket=/tmp/tmux-501/t115d24675 err="query tmux on /tmp/tmux-501/t115d24675: exit status 1: no server running on /tmp/tmux-501/t115d24675"
time=2026-08-21T18:23:23.293+08:00 level=DEBUG msg="discovery: skipping unreachable socket" socket=/tmp/tmux-501/t115e31319 err="query tmux on /tmp/tmux-501/t115e31319: exit status 1: no server running on /tmp/tmux-501/t115e31319"
time=2026-08-21T18:23:23.306+08:00 level=DEBUG msg="discovery: skipping unreachable socket" socket=/tmp/tmux-501/t115f44898 err="query tmux on /tmp/tmux-501/t115f44898: exit status 1: no server running on /tmp/tmux-501/t115f44898"
time=2026-08-21T18:23:23.314+08:00 level=DEBUG msg="discovery: skipping unreachable socket" socket=/tmp/tmux-501/t115g47728 err="query tmux on /tmp/tmux-501/t115g47728: exit status 1: no server running on /tmp/tmux-501/t115g47728"
time=2026-08-21T18:23:23.323+08:00 level=DEBUG msg="discovery: skipping unreachable socket" socket=/tmp/tmux-501/ta-0bafa3965ade err="query tmux on /tmp/tmux-501/ta-0bafa3965ade: exit status 1: no server running on /tmp/tmux-501/ta-0bafa3965ade"
time=2026-08-21T18:23:23.349+08:00 level=DEBUG msg="discovery: skipping unreachable socket" socket=/tmp/tmux-501/ta-61709dcf801e err="query tmux on /tmp/tmux-501/ta-61709dcf801e: exit status 1: no server running on /tmp/tmux-501/ta-61709dcf801e"
time=2026-08-21T18:23:23.368+08:00 level=DEBUG msg="discovery: skipping unparsable pane line" socket=/tmp/tmux-501/ta-a9fd5b7defbd line="team-refactor-maintainability|6|%39|/Users/alauda/Documents/code/agent前沿探索/多agent协作|bash|87458|t.p9.review 零上下文设计审查已通过<|eos|> - grok|235x50|tester-t124"
time=2026-08-21T18:23:23.386+08:00 level=DEBUG msg="discovery: skipping unreachable socket" socket=/tmp/tmux-501/ta-ed81bd4d8c17 err="query tmux on /tmp/tmux-501/ta-ed81bd4d8c17: exit status 1: no server running on /tmp/tmux-501/ta-ed81bd4d8c17"
time=2026-08-21T18:23:23.397+08:00 level=DEBUG msg="discovery: skipping unreachable socket" socket=/tmp/tmux-501/ta-f1ad1b378fc7 err="query tmux on /tmp/tmux-501/ta-f1ad1b378fc7: exit status 1: no server running on /tmp/tmux-501/ta-f1ad1b378fc7"
time=2026-08-21T18:23:23.415+08:00 level=DEBUG msg="discovery: skipping unreachable socket" socket=/tmp/tmux-501/ta-t121u01 err="query tmux on /tmp/tmux-501/ta-t121u01: exit status 1: no server running on /tmp/tmux-501/ta-t121u01"
time=2026-08-21T18:23:23.423+08:00 level=DEBUG msg="discovery: skipping unreachable socket" socket=/tmp/tmux-501/ta-t121u01b err="query tmux on /tmp/tmux-501/ta-t121u01b: exit status 1: no server running on /tmp/tmux-501/ta-t121u01b"
time=2026-08-21T18:23:23.432+08:00 level=DEBUG msg="discovery: skipping unreachable socket" socket=/tmp/tmux-501/ta-user-agents err="query tmux on /tmp/tmux-501/ta-user-agents: exit status 1: no server running on /tmp/tmux-501/ta-user-agents"
time=2026-08-21T18:23:23.438+08:00 level=DEBUG msg="discovery: skipping unreachable socket" socket=/tmp/tmux-501/t115d24675 err="query tmux on /tmp/tmux-501/t115d24675: exit status 1: no server running on /tmp/tmux-501/t115d24675"
time=2026-08-21T18:23:23.446+08:00 level=DEBUG msg="discovery: skipping unreachable socket" socket=/tmp/tmux-501/t115e31319 err="query tmux on /tmp/tmux-501/t115e31319: exit status 1: no server running on /tmp/tmux-501/t115e31319"
time=2026-08-21T18:23:23.454+08:00 level=DEBUG msg="discovery: skipping unreachable socket" socket=/tmp/tmux-501/t115f44898 err="query tmux on /tmp/tmux-501/t115f44898: exit status 1: no server running on /tmp/tmux-501/t115f44898"
time=2026-08-21T18:23:23.462+08:00 level=DEBUG msg="discovery: skipping unreachable socket" socket=/tmp/tmux-501/t115g47728 err="query tmux on /tmp/tmux-501/t115g47728: exit status 1: no server running on /tmp/tmux-501/t115g47728"
time=2026-08-21T18:23:23.471+08:00 level=DEBUG msg="discovery: skipping unreachable socket" socket=/tmp/tmux-501/ta-0bafa3965ade err="query tmux on /tmp/tmux-501/ta-0bafa3965ade: exit status 1: no server running on /tmp/tmux-501/ta-0bafa3965ade"
time=2026-08-21T18:23:23.497+08:00 level=DEBUG msg="discovery: skipping unreachable socket" socket=/tmp/tmux-501/ta-61709dcf801e err="query tmux on /tmp/tmux-501/ta-61709dcf801e: exit status 1: no server running on /tmp/tmux-501/ta-61709dcf801e"
time=2026-08-21T18:23:23.516+08:00 level=DEBUG msg="discovery: skipping unparsable pane line" socket=/tmp/tmux-501/ta-a9fd5b7defbd line="team-refactor-maintainability|6|%39|/Users/alauda/Documents/code/agent前沿探索/多agent协作|bash|87458|t.p9.review 零上下文设计审查已通过<|eos|> - grok|235x50|tester-t124"
time=2026-08-21T18:23:23.534+08:00 level=DEBUG msg="discovery: skipping unreachable socket" socket=/tmp/tmux-501/ta-ed81bd4d8c17 err="query tmux on /tmp/tmux-501/ta-ed81bd4d8c17: exit status 1: no server running on /tmp/tmux-501/ta-ed81bd4d8c17"
time=2026-08-21T18:23:23.542+08:00 level=DEBUG msg="discovery: skipping unreachable socket" socket=/tmp/tmux-501/ta-f1ad1b378fc7 err="query tmux on /tmp/tmux-501/ta-f1ad1b378fc7: exit status 1: no server running on /tmp/tmux-501/ta-f1ad1b378fc7"
time=2026-08-21T18:23:23.558+08:00 level=DEBUG msg="discovery: skipping unreachable socket" socket=/tmp/tmux-501/ta-t121u01 err="query tmux on /tmp/tmux-501/ta-t121u01: exit status 1: no server running on /tmp/tmux-501/ta-t121u01"
time=2026-08-21T18:23:23.567+08:00 level=DEBUG msg="discovery: skipping unreachable socket" socket=/tmp/tmux-501/ta-t121u01b err="query tmux on /tmp/tmux-501/ta-t121u01b: exit status 1: no server running on /tmp/tmux-501/ta-t121u01b"
time=2026-08-21T18:23:23.576+08:00 level=DEBUG msg="discovery: skipping unreachable socket" socket=/tmp/tmux-501/ta-user-agents err="query tmux on /tmp/tmux-501/ta-user-agents: exit status 1: no server running on /tmp/tmux-501/ta-user-agents"
time=2026-08-21T18:23:25.509+08:00 level=DEBUG msg="discovery: skipping unreachable socket" socket=/tmp/tmux-501/t115d24675 err="query tmux on /tmp/tmux-501/t115d24675: exit status 1: no server running on /tmp/tmux-501/t115d24675"
time=2026-08-21T18:23:25.519+08:00 level=DEBUG msg="discovery: skipping unreachable socket" socket=/tmp/tmux-501/t115e31319 err="query tmux on /tmp/tmux-501/t115e31319: exit status 1: no server running on /tmp/tmux-501/t115e31319"
time=2026-08-21T18:23:25.528+08:00 level=DEBUG msg="discovery: skipping unreachable socket" socket=/tmp/tmux-501/t115f44898 err="query tmux on /tmp/tmux-501/t115f44898: exit status 1: no server running on /tmp/tmux-501/t115f44898"
time=2026-08-21T18:23:25.541+08:00 level=DEBUG msg="discovery: skipping unreachable socket" socket=/tmp/tmux-501/t115g47728 err="query tmux on /tmp/tmux-501/t115g47728: exit status 1: no server running on /tmp/tmux-501/t115g47728"
time=2026-08-21T18:23:25.553+08:00 level=DEBUG msg="discovery: skipping unreachable socket" socket=/tmp/tmux-501/ta-0bafa3965ade err="query tmux on /tmp/tmux-501/ta-0bafa3965ade: exit status 1: no server running on /tmp/tmux-501/ta-0bafa3965ade"
time=2026-08-21T18:23:25.578+08:00 level=DEBUG msg="discovery: skipping unreachable socket" socket=/tmp/tmux-501/ta-61709dcf801e err="query tmux on /tmp/tmux-501/ta-61709dcf801e: exit status 1: no server running on /tmp/tmux-501/ta-61709dcf801e"
time=2026-08-21T18:23:25.599+08:00 level=DEBUG msg="discovery: skipping unparsable pane line" socket=/tmp/tmux-501/ta-a9fd5b7defbd line="team-refactor-maintainability|6|%39|/Users/alauda/Documents/code/agent前沿探索/多agent协作|bash|87458|t.p9.review 零上下文设计审查已通过<|eos|> - grok|235x50|tester-t124"
time=2026-08-21T18:23:25.618+08:00 level=DEBUG msg="discovery: skipping unreachable socket" socket=/tmp/tmux-501/ta-ed81bd4d8c17 err="query tmux on /tmp/tmux-501/ta-ed81bd4d8c17: exit status 1: no server running on /tmp/tmux-501/ta-ed81bd4d8c17"
time=2026-08-21T18:23:25.627+08:00 level=DEBUG msg="discovery: skipping unreachable socket" socket=/tmp/tmux-501/ta-f1ad1b378fc7 err="query tmux on /tmp/tmux-501/ta-f1ad1b378fc7: exit status 1: no server running on /tmp/tmux-501/ta-f1ad1b378fc7"
time=2026-08-21T18:23:25.646+08:00 level=DEBUG msg="discovery: skipping unreachable socket" socket=/tmp/tmux-501/ta-t121u01 err="query tmux on /tmp/tmux-501/ta-t121u01: exit status 1: no server running on /tmp/tmux-501/ta-t121u01"
time=2026-08-21T18:23:25.655+08:00 level=DEBUG msg="discovery: skipping unreachable socket" socket=/tmp/tmux-501/ta-t121u01b err="query tmux on /tmp/tmux-501/ta-t121u01b: exit status 1: no server running on /tmp/tmux-501/ta-t121u01b"
time=2026-08-21T18:23:25.663+08:00 level=DEBUG msg="discovery: skipping unreachable socket" socket=/tmp/tmux-501/ta-user-agents err="query tmux on /tmp/tmux-501/ta-user-agents: exit status 1: no server running on /tmp/tmux-501/ta-user-agents"
time=2026-08-21T18:23:25.862+08:00 level=DEBUG msg="listing: no changes"
time=2026-08-21T18:23:26.392+08:00 level=DEBUG msg="discovery: skipping unreachable socket" socket=/tmp/tmux-501/t115d24675 err="query tmux on /tmp/tmux-501/t115d24675: exit status 1: no server running on /tmp/tmux-501/t115d24675"
time=2026-08-21T18:23:26.401+08:00 level=DEBUG msg="discovery: skipping unreachable socket" socket=/tmp/tmux-501/t115e31319 err="query tmux on /tmp/tmux-501/t115e31319: exit status 1: no server running on /tmp/tmux-501/t115e31319"
time=2026-08-21T18:23:26.409+08:00 level=DEBUG msg="discovery: skipping unreachable socket" socket=/tmp/tmux-501/t115f44898 err="query tmux on /tmp/tmux-501/t115f44898: exit status 1: no server running on /tmp/tmux-501/t115f44898"
time=2026-08-21T18:23:26.417+08:00 level=DEBUG msg="discovery: skipping unreachable socket" socket=/tmp/tmux-501/t115g47728 err="query tmux on /tmp/tmux-501/t115g47728: exit status 1: no server running on /tmp/tmux-501/t115g47728"
time=2026-08-21T18:23:26.426+08:00 level=DEBUG msg="discovery: skipping unreachable socket" socket=/tmp/tmux-501/ta-0bafa3965ade err="query tmux on /tmp/tmux-501/ta-0bafa3965ade: exit status 1: no server running on /tmp/tmux-501/ta-0bafa3965ade"
time=2026-08-21T18:23:26.452+08:00 level=DEBUG msg="discovery: skipping unreachable socket" socket=/tmp/tmux-501/ta-61709dcf801e err="query tmux on /tmp/tmux-501/ta-61709dcf801e: exit status 1: no server running on /tmp/tmux-501/ta-61709dcf801e"
time=2026-08-21T18:23:26.471+08:00 level=DEBUG msg="discovery: skipping unparsable pane line" socket=/tmp/tmux-501/ta-a9fd5b7defbd line="team-refactor-maintainability|6|%39|/Users/alauda/Documents/code/agent前沿探索/多agent协作|bash|87458|t.p9.review 零上下文设计审查已通过<|eos|> - grok|235x50|tester-t124"
time=2026-08-21T18:23:26.487+08:00 level=DEBUG msg="discovery: skipping unreachable socket" socket=/tmp/tmux-501/ta-ed81bd4d8c17 err="query tmux on /tmp/tmux-501/ta-ed81bd4d8c17: exit status 1: no server running on /tmp/tmux-501/ta-ed81bd4d8c17"
time=2026-08-21T18:23:26.495+08:00 level=DEBUG msg="discovery: skipping unreachable socket" socket=/tmp/tmux-501/ta-f1ad1b378fc7 err="query tmux on /tmp/tmux-501/ta-f1ad1b378fc7: exit status 1: no server running on /tmp/tmux-501/ta-f1ad1b378fc7"
time=2026-08-21T18:23:26.512+08:00 level=DEBUG msg="discovery: skipping unreachable socket" socket=/tmp/tmux-501/ta-t121u01 err="query tmux on /tmp/tmux-501/ta-t121u01: exit status 1: no server running on /tmp/tmux-501/ta-t121u01"
time=2026-08-21T18:23:26.521+08:00 level=DEBUG msg="discovery: skipping unreachable socket" socket=/tmp/tmux-501/ta-t121u01b err="query tmux on /tmp/tmux-501/ta-t121u01b: exit status 1: no server running on /tmp/tmux-501/ta-t121u01b"
time=2026-08-21T18:23:26.529+08:00 level=DEBUG msg="discovery: skipping unreachable socket" socket=/tmp/tmux-501/ta-user-agents err="query tmux on /tmp/tmux-501/ta-user-agents: exit status 1: no server running on /tmp/tmux-501/ta-user-agents"
time=2026-08-21T18:23:27.802+08:00 level=DEBUG msg="discovery: skipping unreachable socket" socket=/tmp/tmux-501/t115d24675 err="query tmux on /tmp/tmux-501/t115d24675: exit status 1: no server running on /tmp/tmux-501/t115d24675"
time=2026-08-21T18:23:27.810+08:00 level=DEBUG msg="discovery: skipping unreachable socket" socket=/tmp/tmux-501/t115e31319 err="query tmux on /tmp/tmux-501/t115e31319: exit status 1: no server running on /tmp/tmux-501/t115e31319"
time=2026-08-21T18:23:27.819+08:00 level=DEBUG msg="discovery: skipping unreachable socket" socket=/tmp/tmux-501/t115f44898 err="query tmux on /tmp/tmux-501/t115f44898: exit status 1: no server running on /tmp/tmux-501/t115f44898"
time=2026-08-21T18:23:27.827+08:00 level=DEBUG msg="discovery: skipping unreachable socket" socket=/tmp/tmux-501/t115g47728 err="query tmux on /tmp/tmux-501/t115g47728: exit status 1: no server running on /tmp/tmux-501/t115g47728"
time=2026-08-21T18:23:27.837+08:00 level=DEBUG msg="discovery: skipping unreachable socket" socket=/tmp/tmux-501/ta-0bafa3965ade err="query tmux on /tmp/tmux-501/ta-0bafa3965ade: exit status 1: no server running on /tmp/tmux-501/ta-0bafa3965ade"
time=2026-08-21T18:23:27.864+08:00 level=DEBUG msg="discovery: skipping unreachable socket" socket=/tmp/tmux-501/ta-61709dcf801e err="query tmux on /tmp/tmux-501/ta-61709dcf801e: exit status 1: no server running on /tmp/tmux-501/ta-61709dcf801e"
time=2026-08-21T18:23:27.884+08:00 level=DEBUG msg="discovery: skipping unparsable pane line" socket=/tmp/tmux-501/ta-a9fd5b7defbd line="team-refactor-maintainability|6|%39|/Users/alauda/Documents/code/agent前沿探索/多agent协作|bash|87458|t.p9.review 零上下文设计审查已通过<|eos|> - grok|235x50|tester-t124"
time=2026-08-21T18:23:27.903+08:00 level=DEBUG msg="discovery: skipping unreachable socket" socket=/tmp/tmux-501/ta-ed81bd4d8c17 err="query tmux on /tmp/tmux-501/ta-ed81bd4d8c17: exit status 1: no server running on /tmp/tmux-501/ta-ed81bd4d8c17"
time=2026-08-21T18:23:27.911+08:00 level=DEBUG msg="discovery: skipping unreachable socket" socket=/tmp/tmux-501/ta-f1ad1b378fc7 err="query tmux on /tmp/tmux-501/ta-f1ad1b378fc7: exit status 1: no server running on /tmp/tmux-501/ta-f1ad1b378fc7"
time=2026-08-21T18:23:27.930+08:00 level=DEBUG msg="discovery: skipping unreachable socket" socket=/tmp/tmux-501/ta-t121u01 err="query tmux on /tmp/tmux-501/ta-t121u01: exit status 1: no server running on /tmp/tmux-501/ta-t121u01"
time=2026-08-21T18:23:27.939+08:00 level=DEBUG msg="discovery: skipping unreachable socket" socket=/tmp/tmux-501/ta-t121u01b err="query tmux on /tmp/tmux-501/ta-t121u01b: exit status 1: no server running on /tmp/tmux-501/ta-t121u01b"
time=2026-08-21T18:23:27.948+08:00 level=DEBUG msg="discovery: skipping unreachable socket" socket=/tmp/tmux-501/ta-user-agents err="query tmux on /tmp/tmux-501/ta-user-agents: exit status 1: no server running on /tmp/tmux-501/ta-user-agents"
time=2026-08-21T18:23:28.842+08:00 level=DEBUG msg="listing: no changes"
time=2026-08-21T18:23:29.369+08:00 level=DEBUG msg="discovery: skipping unreachable socket" socket=/tmp/tmux-501/t115d24675 err="query tmux on /tmp/tmux-501/t115d24675: exit status 1: no server running on /tmp/tmux-501/t115d24675"
time=2026-08-21T18:23:29.376+08:00 level=DEBUG msg="discovery: skipping unreachable socket" socket=/tmp/tmux-501/t115e31319 err="query tmux on /tmp/tmux-501/t115e31319: exit status 1: no server running on /tmp/tmux-501/t115e31319"
time=2026-08-21T18:23:29.383+08:00 level=DEBUG msg="discovery: skipping unreachable socket" socket=/tmp/tmux-501/t115f44898 err="query tmux on /tmp/tmux-501/t115f44898: exit status 1: no server running on /tmp/tmux-501/t115f44898"
time=2026-08-21T18:23:29.391+08:00 level=DEBUG msg="discovery: skipping unreachable socket" socket=/tmp/tmux-501/t115g47728 err="query tmux on /tmp/tmux-501/t115g47728: exit status 1: no server running on /tmp/tmux-501/t115g47728"
time=2026-08-21T18:23:29.399+08:00 level=DEBUG msg="discovery: skipping unreachable socket" socket=/tmp/tmux-501/ta-0bafa3965ade err="query tmux on /tmp/tmux-501/ta-0bafa3965ade: exit status 1: no server running on /tmp/tmux-501/ta-0bafa3965ade"
time=2026-08-21T18:23:29.422+08:00 level=DEBUG msg="discovery: skipping unreachable socket" socket=/tmp/tmux-501/ta-61709dcf801e err="query tmux on /tmp/tmux-501/ta-61709dcf801e: exit status 1: no server running on /tmp/tmux-501/ta-61709dcf801e"
time=2026-08-21T18:23:29.440+08:00 level=DEBUG msg="discovery: skipping unparsable pane line" socket=/tmp/tmux-501/ta-a9fd5b7defbd line="team-refactor-maintainability|6|%39|/Users/alauda/Documents/code/agent前沿探索/多agent协作|bash|87458|t.p9.review 零上下文设计审查已通过<|eos|> - grok|235x50|tester-t124"
time=2026-08-21T18:23:29.457+08:00 level=DEBUG msg="discovery: skipping unreachable socket" socket=/tmp/tmux-501/ta-ed81bd4d8c17 err="query tmux on /tmp/tmux-501/ta-ed81bd4d8c17: exit status 1: no server running on /tmp/tmux-501/ta-ed81bd4d8c17"
time=2026-08-21T18:23:29.464+08:00 level=DEBUG msg="discovery: skipping unreachable socket" socket=/tmp/tmux-501/ta-f1ad1b378fc7 err="query tmux on /tmp/tmux-501/ta-f1ad1b378fc7: exit status 1: no server running on /tmp/tmux-501/ta-f1ad1b378fc7"
time=2026-08-21T18:23:29.480+08:00 level=DEBUG msg="discovery: skipping unreachable socket" socket=/tmp/tmux-501/ta-t121u01 err="query tmux on /tmp/tmux-501/ta-t121u01: exit status 1: no server running on /tmp/tmux-501/ta-t121u01"
time=2026-08-21T18:23:29.487+08:00 level=DEBUG msg="discovery: skipping unreachable socket" socket=/tmp/tmux-501/ta-t121u01b err="query tmux on /tmp/tmux-501/ta-t121u01b: exit status 1: no server running on /tmp/tmux-501/ta-t121u01b"
time=2026-08-21T18:23:29.495+08:00 level=DEBUG msg="discovery: skipping unreachable socket" socket=/tmp/tmux-501/ta-user-agents err="query tmux on /tmp/tmux-501/ta-user-agents: exit status 1: no server running on /tmp/tmux-501/ta-user-agents"
time=2026-08-21T18:23:30.096+08:00 level=DEBUG msg="discovery: skipping unreachable socket" socket=/tmp/tmux-501/t115d24675 err="query tmux on /tmp/tmux-501/t115d24675: exit status 1: no server running on /tmp/tmux-501/t115d24675"
time=2026-08-21T18:23:30.105+08:00 level=DEBUG msg="discovery: skipping unreachable socket" socket=/tmp/tmux-501/t115e31319 err="query tmux on /tmp/tmux-501/t115e31319: exit status 1: no server running on /tmp/tmux-501/t115e31319"
time=2026-08-21T18:23:30.113+08:00 level=DEBUG msg="discovery: skipping unreachable socket" socket=/tmp/tmux-501/t115f44898 err="query tmux on /tmp/tmux-501/t115f44898: exit status 1: no server running on /tmp/tmux-501/t115f44898"
time=2026-08-21T18:23:30.122+08:00 level=DEBUG msg="discovery: skipping unreachable socket" socket=/tmp/tmux-501/t115g47728 err="query tmux on /tmp/tmux-501/t115g47728: exit status 1: no server running on /tmp/tmux-501/t115g47728"
time=2026-08-21T18:23:30.130+08:00 level=DEBUG msg="discovery: skipping unreachable socket" socket=/tmp/tmux-501/ta-0bafa3965ade err="query tmux on /tmp/tmux-501/ta-0bafa3965ade: exit status 1: no server running on /tmp/tmux-501/ta-0bafa3965ade"
time=2026-08-21T18:23:30.156+08:00 level=DEBUG msg="discovery: skipping unreachable socket" socket=/tmp/tmux-501/ta-61709dcf801e err="query tmux on /tmp/tmux-501/ta-61709dcf801e: exit status 1: no server running on /tmp/tmux-501/ta-61709dcf801e"
time=2026-08-21T18:23:30.174+08:00 level=DEBUG msg="discovery: skipping unparsable pane line" socket=/tmp/tmux-501/ta-a9fd5b7defbd line="team-refactor-maintainability|6|%39|/Users/alauda/Documents/code/agent前沿探索/多agent协作|bash|87458|t.p9.review 零上下文设计审查已通过<|eos|> - grok|235x50|tester-t124"
time=2026-08-21T18:23:30.193+08:00 level=DEBUG msg="discovery: skipping unreachable socket" socket=/tmp/tmux-501/ta-ed81bd4d8c17 err="query tmux on /tmp/tmux-501/ta-ed81bd4d8c17: exit status 1: no server running on /tmp/tmux-501/ta-ed81bd4d8c17"
time=2026-08-21T18:23:30.201+08:00 level=DEBUG msg="discovery: skipping unreachable socket" socket=/tmp/tmux-501/ta-f1ad1b378fc7 err="query tmux on /tmp/tmux-501/ta-f1ad1b378fc7: exit status 1: no server running on /tmp/tmux-501/ta-f1ad1b378fc7"
time=2026-08-21T18:23:30.219+08:00 level=DEBUG msg="discovery: skipping unreachable socket" socket=/tmp/tmux-501/ta-t121u01 err="query tmux on /tmp/tmux-501/ta-t121u01: exit status 1: no server running on /tmp/tmux-501/ta-t121u01"
time=2026-08-21T18:23:30.228+08:00 level=DEBUG msg="discovery: skipping unreachable socket" socket=/tmp/tmux-501/ta-t121u01b err="query tmux on /tmp/tmux-501/ta-t121u01b: exit status 1: no server running on /tmp/tmux-501/ta-t121u01b"
time=2026-08-21T18:23:30.236+08:00 level=DEBUG msg="discovery: skipping unreachable socket" socket=/tmp/tmux-501/ta-user-agents err="query tmux on /tmp/tmux-501/ta-user-agents: exit status 1: no server running on /tmp/tmux-501/ta-user-agents"
time=2026-08-21T18:23:31.784+08:00 level=DEBUG msg="listing: no changes"
time=2026-08-21T18:23:32.314+08:00 level=DEBUG msg="discovery: skipping unreachable socket" socket=/tmp/tmux-501/t115d24675 err="query tmux on /tmp/tmux-501/t115d24675: exit status 1: no server running on /tmp/tmux-501/t115d24675"
time=2026-08-21T18:23:32.324+08:00 level=DEBUG msg="discovery: skipping unreachable socket" socket=/tmp/tmux-501/t115e31319 err="query tmux on /tmp/tmux-501/t115e31319: exit status 1: no server running on /tmp/tmux-501/t115e31319"
time=2026-08-21T18:23:32.337+08:00 level=DEBUG msg="discovery: skipping unreachable socket" socket=/tmp/tmux-501/t115f44898 err="query tmux on /tmp/tmux-501/t115f44898: exit status 1: no server running on /tmp/tmux-501/t115f44898"
time=2026-08-21T18:23:32.346+08:00 level=DEBUG msg="discovery: skipping unreachable socket" socket=/tmp/tmux-501/t115g47728 err="query tmux on /tmp/tmux-501/t115g47728: exit status 1: no server running on /tmp/tmux-501/t115g47728"
time=2026-08-21T18:23:32.355+08:00 level=DEBUG msg="discovery: skipping unreachable socket" socket=/tmp/tmux-501/ta-0bafa3965ade err="query tmux on /tmp/tmux-501/ta-0bafa3965ade: exit status 1: no server running on /tmp/tmux-501/ta-0bafa3965ade"
time=2026-08-21T18:23:32.392+08:00 level=DEBUG msg="discovery: skipping unreachable socket" socket=/tmp/tmux-501/ta-61709dcf801e err="query tmux on /tmp/tmux-501/ta-61709dcf801e: exit status 1: no server running on /tmp/tmux-501/ta-61709dcf801e"
time=2026-08-21T18:23:32.402+08:00 level=DEBUG msg="discovery: skipping unreachable socket" socket=/tmp/tmux-501/t115d24675 err="query tmux on /tmp/tmux-501/t115d24675: exit status 1: no server running on /tmp/tmux-501/t115d24675"
time=2026-08-21T18:23:32.413+08:00 level=DEBUG msg="discovery: skipping unreachable socket" socket=/tmp/tmux-501/t115e31319 err="query tmux on /tmp/tmux-501/t115e31319: exit status 1: no server running on /tmp/tmux-501/t115e31319"
time=2026-08-21T18:23:32.414+08:00 level=DEBUG msg="discovery: skipping unparsable pane line" socket=/tmp/tmux-501/ta-a9fd5b7defbd line="team-refactor-maintainability|6|%39|/Users/alauda/Documents/code/agent前沿探索/多agent协作|bash|87458|t.p9.review 零上下文设计审查已通过<|eos|> - grok|235x50|tester-t124"
time=2026-08-21T18:23:32.422+08:00 level=DEBUG msg="discovery: skipping unreachable socket" socket=/tmp/tmux-501/t115f44898 err="query tmux on /tmp/tmux-501/t115f44898: exit status 1: no server running on /tmp/tmux-501/t115f44898"
time=2026-08-21T18:23:32.435+08:00 level=DEBUG msg="discovery: skipping unreachable socket" socket=/tmp/tmux-501/t115g47728 err="query tmux on /tmp/tmux-501/t115g47728: exit status 1: no server running on /tmp/tmux-501/t115g47728"
time=2026-08-21T18:23:32.436+08:00 level=DEBUG msg="discovery: skipping unreachable socket" socket=/tmp/tmux-501/ta-ed81bd4d8c17 err="query tmux on /tmp/tmux-501/ta-ed81bd4d8c17: exit status 1: no server running on /tmp/tmux-501/ta-ed81bd4d8c17"
time=2026-08-21T18:23:32.445+08:00 level=DEBUG msg="discovery: skipping unreachable socket" socket=/tmp/tmux-501/ta-f1ad1b378fc7 err="query tmux on /tmp/tmux-501/ta-f1ad1b378fc7: exit status 1: no server running on /tmp/tmux-501/ta-f1ad1b378fc7"
time=2026-08-21T18:23:32.445+08:00 level=DEBUG msg="discovery: skipping unreachable socket" socket=/tmp/tmux-501/ta-0bafa3965ade err="query tmux on /tmp/tmux-501/ta-0bafa3965ade: exit status 1: no server running on /tmp/tmux-501/ta-0bafa3965ade"
time=2026-08-21T18:23:32.465+08:00 level=DEBUG msg="discovery: skipping unreachable socket" socket=/tmp/tmux-501/ta-t121u01 err="query tmux on /tmp/tmux-501/ta-t121u01: exit status 1: no server running on /tmp/tmux-501/ta-t121u01"
time=2026-08-21T18:23:32.475+08:00 level=DEBUG msg="discovery: skipping unreachable socket" socket=/tmp/tmux-501/ta-t121u01b err="query tmux on /tmp/tmux-501/ta-t121u01b: exit status 1: no server running on /tmp/tmux-501/ta-t121u01b"
time=2026-08-21T18:23:32.475+08:00 level=DEBUG msg="discovery: skipping unreachable socket" socket=/tmp/tmux-501/ta-61709dcf801e err="query tmux on /tmp/tmux-501/ta-61709dcf801e: exit status 1: no server running on /tmp/tmux-501/ta-61709dcf801e"
time=2026-08-21T18:23:32.489+08:00 level=DEBUG msg="discovery: skipping unreachable socket" socket=/tmp/tmux-501/ta-user-agents err="query tmux on /tmp/tmux-501/ta-user-agents: exit status 1: no server running on /tmp/tmux-501/ta-user-agents"
time=2026-08-21T18:23:32.500+08:00 level=DEBUG msg="discovery: skipping unparsable pane line" socket=/tmp/tmux-501/ta-a9fd5b7defbd line="team-refactor-maintainability|6|%39|/Users/alauda/Documents/code/agent前沿探索/多agent协作|bash|87458|t.p9.review 零上下文设计审查已通过<|eos|> - grok|235x50|tester-t124"
time=2026-08-21T18:23:32.521+08:00 level=DEBUG msg="discovery: skipping unreachable socket" socket=/tmp/tmux-501/ta-ed81bd4d8c17 err="query tmux on /tmp/tmux-501/ta-ed81bd4d8c17: exit status 1: no server running on /tmp/tmux-501/ta-ed81bd4d8c17"
time=2026-08-21T18:23:32.534+08:00 level=DEBUG msg="discovery: skipping unreachable socket" socket=/tmp/tmux-501/ta-f1ad1b378fc7 err="query tmux on /tmp/tmux-501/ta-f1ad1b378fc7: exit status 1: no server running on /tmp/tmux-501/ta-f1ad1b378fc7"
time=2026-08-21T18:23:32.553+08:00 level=DEBUG msg="discovery: skipping unreachable socket" socket=/tmp/tmux-501/ta-t121u01 err="query tmux on /tmp/tmux-501/ta-t121u01: exit status 1: no server running on /tmp/tmux-501/ta-t121u01"
time=2026-08-21T18:23:32.563+08:00 level=DEBUG msg="discovery: skipping unreachable socket" socket=/tmp/tmux-501/ta-t121u01b err="query tmux on /tmp/tmux-501/ta-t121u01b: exit status 1: no server running on /tmp/tmux-501/ta-t121u01b"
time=2026-08-21T18:23:32.577+08:00 level=DEBUG msg="discovery: skipping unreachable socket" socket=/tmp/tmux-501/ta-user-agents err="query tmux on /tmp/tmux-501/ta-user-agents: exit status 1: no server running on /tmp/tmux-501/ta-user-agents"
time=2026-08-21T18:23:34.717+08:00 level=DEBUG msg="discovery: skipping unreachable socket" socket=/tmp/tmux-501/t115d24675 err="query tmux on /tmp/tmux-501/t115d24675: exit status 1: no server running on /tmp/tmux-501/t115d24675"
time=2026-08-21T18:23:34.727+08:00 level=DEBUG msg="discovery: skipping unreachable socket" socket=/tmp/tmux-501/t115e31319 err="query tmux on /tmp/tmux-501/t115e31319: exit status 1: no server running on /tmp/tmux-501/t115e31319"
time=2026-08-21T18:23:34.736+08:00 level=DEBUG msg="discovery: skipping unreachable socket" socket=/tmp/tmux-501/t115f44898 err="query tmux on /tmp/tmux-501/t115f44898: exit status 1: no server running on /tmp/tmux-501/t115f44898"
time=2026-08-21T18:23:34.745+08:00 level=DEBUG msg="discovery: skipping unreachable socket" socket=/tmp/tmux-501/t115g47728 err="query tmux on /tmp/tmux-501/t115g47728: exit status 1: no server running on /tmp/tmux-501/t115g47728"
time=2026-08-21T18:23:34.754+08:00 level=DEBUG msg="discovery: skipping unreachable socket" socket=/tmp/tmux-501/ta-0bafa3965ade err="query tmux on /tmp/tmux-501/ta-0bafa3965ade: exit status 1: no server running on /tmp/tmux-501/ta-0bafa3965ade"
time=2026-08-21T18:23:34.772+08:00 level=DEBUG msg="listing: no changes"
time=2026-08-21T18:23:34.781+08:00 level=DEBUG msg="discovery: skipping unreachable socket" socket=/tmp/tmux-501/ta-61709dcf801e err="query tmux on /tmp/tmux-501/ta-61709dcf801e: exit status 1: no server running on /tmp/tmux-501/ta-61709dcf801e"
time=2026-08-21T18:23:34.799+08:00 level=DEBUG msg="discovery: skipping unparsable pane line" socket=/tmp/tmux-501/ta-a9fd5b7defbd line="team-refactor-maintainability|6|%39|/Users/alauda/Documents/code/agent前沿探索/多agent协作|bash|87458|t.p9.review 零上下文设计审查已通过<|eos|> - grok|235x50|tester-t124"
time=2026-08-21T18:23:34.816+08:00 level=DEBUG msg="discovery: skipping unreachable socket" socket=/tmp/tmux-501/ta-ed81bd4d8c17 err="query tmux on /tmp/tmux-501/ta-ed81bd4d8c17: exit status 1: no server running on /tmp/tmux-501/ta-ed81bd4d8c17"
time=2026-08-21T18:23:34.825+08:00 level=DEBUG msg="discovery: skipping unreachable socket" socket=/tmp/tmux-501/ta-f1ad1b378fc7 err="query tmux on /tmp/tmux-501/ta-f1ad1b378fc7: exit status 1: no server running on /tmp/tmux-501/ta-f1ad1b378fc7"
time=2026-08-21T18:23:34.841+08:00 level=DEBUG msg="discovery: skipping unreachable socket" socket=/tmp/tmux-501/ta-t121u01 err="query tmux on /tmp/tmux-501/ta-t121u01: exit status 1: no server running on /tmp/tmux-501/ta-t121u01"
time=2026-08-21T18:23:34.849+08:00 level=DEBUG msg="discovery: skipping unreachable socket" socket=/tmp/tmux-501/ta-t121u01b err="query tmux on /tmp/tmux-501/ta-t121u01b: exit status 1: no server running on /tmp/tmux-501/ta-t121u01b"
time=2026-08-21T18:23:34.858+08:00 level=DEBUG msg="discovery: skipping unreachable socket" socket=/tmp/tmux-501/ta-user-agents err="query tmux on /tmp/tmux-501/ta-user-agents: exit status 1: no server running on /tmp/tmux-501/ta-user-agents"
time=2026-08-21T18:23:35.301+08:00 level=DEBUG msg="discovery: skipping unreachable socket" socket=/tmp/tmux-501/t115d24675 err="query tmux on /tmp/tmux-501/t115d24675: exit status 1: no server running on /tmp/tmux-501/t115d24675"
time=2026-08-21T18:23:35.309+08:00 level=DEBUG msg="discovery: skipping unreachable socket" socket=/tmp/tmux-501/t115e31319 err="query tmux on /tmp/tmux-501/t115e31319: exit status 1: no server running on /tmp/tmux-501/t115e31319"
time=2026-08-21T18:23:35.317+08:00 level=DEBUG msg="discovery: skipping unreachable socket" socket=/tmp/tmux-501/t115f44898 err="query tmux on /tmp/tmux-501/t115f44898: exit status 1: no server running on /tmp/tmux-501/t115f44898"
time=2026-08-21T18:23:35.326+08:00 level=DEBUG msg="discovery: skipping unreachable socket" socket=/tmp/tmux-501/t115g47728 err="query tmux on /tmp/tmux-501/t115g47728: exit status 1: no server running on /tmp/tmux-501/t115g47728"
time=2026-08-21T18:23:35.334+08:00 level=DEBUG msg="discovery: skipping unreachable socket" socket=/tmp/tmux-501/ta-0bafa3965ade err="query tmux on /tmp/tmux-501/ta-0bafa3965ade: exit status 1: no server running on /tmp/tmux-501/ta-0bafa3965ade"
time=2026-08-21T18:23:35.360+08:00 level=DEBUG msg="discovery: skipping unreachable socket" socket=/tmp/tmux-501/ta-61709dcf801e err="query tmux on /tmp/tmux-501/ta-61709dcf801e: exit status 1: no server running on /tmp/tmux-501/ta-61709dcf801e"
time=2026-08-21T18:23:35.378+08:00 level=DEBUG msg="discovery: skipping unparsable pane line" socket=/tmp/tmux-501/ta-a9fd5b7defbd line="team-refactor-maintainability|6|%39|/Users/alauda/Documents/code/agent前沿探索/多agent协作|bash|87458|t.p9.review 零上下文设计审查已通过<|eos|> - grok|235x50|tester-t124"
time=2026-08-21T18:23:35.396+08:00 level=DEBUG msg="discovery: skipping unreachable socket" socket=/tmp/tmux-501/ta-ed81bd4d8c17 err="query tmux on /tmp/tmux-501/ta-ed81bd4d8c17: exit status 1: no server running on /tmp/tmux-501/ta-ed81bd4d8c17"
time=2026-08-21T18:23:35.404+08:00 level=DEBUG msg="discovery: skipping unreachable socket" socket=/tmp/tmux-501/ta-f1ad1b378fc7 err="query tmux on /tmp/tmux-501/ta-f1ad1b378fc7: exit status 1: no server running on /tmp/tmux-501/ta-f1ad1b378fc7"
time=2026-08-21T18:23:35.421+08:00 level=DEBUG msg="discovery: skipping unreachable socket" socket=/tmp/tmux-501/ta-t121u01 err="query tmux on /tmp/tmux-501/ta-t121u01: exit status 1: no server running on /tmp/tmux-501/ta-t121u01"
time=2026-08-21T18:23:35.429+08:00 level=DEBUG msg="discovery: skipping unreachable socket" socket=/tmp/tmux-501/ta-t121u01b err="query tmux on /tmp/tmux-501/ta-t121u01b: exit status 1: no server running on /tmp/tmux-501/ta-t121u01b"
time=2026-08-21T18:23:35.437+08:00 level=DEBUG msg="discovery: skipping unreachable socket" socket=/tmp/tmux-501/ta-user-agents err="query tmux on /tmp/tmux-501/ta-user-agents: exit status 1: no server running on /tmp/tmux-501/ta-user-agents"
time=2026-08-21T18:23:36.931+08:00 level=DEBUG msg="discovery: skipping unreachable socket" socket=/tmp/tmux-501/t115d24675 err="query tmux on /tmp/tmux-501/t115d24675: exit status 1: no server running on /tmp/tmux-501/t115d24675"
time=2026-08-21T18:23:36.940+08:00 level=DEBUG msg="discovery: skipping unreachable socket" socket=/tmp/tmux-501/t115e31319 err="query tmux on /tmp/tmux-501/t115e31319: exit status 1: no server running on /tmp/tmux-501/t115e31319"
time=2026-08-21T18:23:36.948+08:00 level=DEBUG msg="discovery: skipping unreachable socket" socket=/tmp/tmux-501/t115f44898 err="query tmux on /tmp/tmux-501/t115f44898: exit status 1: no server running on /tmp/tmux-501/t115f44898"
time=2026-08-21T18:23:36.956+08:00 level=DEBUG msg="discovery: skipping unreachable socket" socket=/tmp/tmux-501/t115g47728 err="query tmux on /tmp/tmux-501/t115g47728: exit status 1: no server running on /tmp/tmux-501/t115g47728"
time=2026-08-21T18:23:36.965+08:00 level=DEBUG msg="discovery: skipping unreachable socket" socket=/tmp/tmux-501/ta-0bafa3965ade err="query tmux on /tmp/tmux-501/ta-0bafa3965ade: exit status 1: no server running on /tmp/tmux-501/ta-0bafa3965ade"
time=2026-08-21T18:23:36.993+08:00 level=DEBUG msg="discovery: skipping unreachable socket" socket=/tmp/tmux-501/ta-61709dcf801e err="query tmux on /tmp/tmux-501/ta-61709dcf801e: exit status 1: no server running on /tmp/tmux-501/ta-61709dcf801e"
time=2026-08-21T18:23:37.012+08:00 level=DEBUG msg="discovery: skipping unparsable pane line" socket=/tmp/tmux-501/ta-a9fd5b7defbd line="team-refactor-maintainability|6|%39|/Users/alauda/Documents/code/agent前沿探索/多agent协作|bash|87458|t.p9.review 零上下文设计审查已通过<|eos|> - grok|235x50|tester-t124"
time=2026-08-21T18:23:37.032+08:00 level=DEBUG msg="discovery: skipping unreachable socket" socket=/tmp/tmux-501/ta-ed81bd4d8c17 err="query tmux on /tmp/tmux-501/ta-ed81bd4d8c17: exit status 1: no server running on /tmp/tmux-501/ta-ed81bd4d8c17"
time=2026-08-21T18:23:37.041+08:00 level=DEBUG msg="discovery: skipping unreachable socket" socket=/tmp/tmux-501/ta-f1ad1b378fc7 err="query tmux on /tmp/tmux-501/ta-f1ad1b378fc7: exit status 1: no server running on /tmp/tmux-501/ta-f1ad1b378fc7"
time=2026-08-21T18:23:37.059+08:00 level=DEBUG msg="discovery: skipping unreachable socket" socket=/tmp/tmux-501/ta-t121u01 err="query tmux on /tmp/tmux-501/ta-t121u01: exit status 1: no server running on /tmp/tmux-501/ta-t121u01"
time=2026-08-21T18:23:37.068+08:00 level=DEBUG msg="discovery: skipping unreachable socket" socket=/tmp/tmux-501/ta-t121u01b err="query tmux on /tmp/tmux-501/ta-t121u01b: exit status 1: no server running on /tmp/tmux-501/ta-t121u01b"
time=2026-08-21T18:23:37.077+08:00 level=DEBUG msg="discovery: skipping unreachable socket" socket=/tmp/tmux-501/ta-user-agents err="query tmux on /tmp/tmux-501/ta-user-agents: exit status 1: no server running on /tmp/tmux-501/ta-user-agents"
time=2026-08-21T18:23:37.704+08:00 level=DEBUG msg="listing: no changes"
time=2026-08-21T18:23:38.233+08:00 level=DEBUG msg="discovery: skipping unreachable socket" socket=/tmp/tmux-501/t115d24675 err="query tmux on /tmp/tmux-501/t115d24675: exit status 1: no server running on /tmp/tmux-501/t115d24675"
time=2026-08-21T18:23:38.242+08:00 level=DEBUG msg="discovery: skipping unreachable socket" socket=/tmp/tmux-501/t115e31319 err="query tmux on /tmp/tmux-501/t115e31319: exit status 1: no server running on /tmp/tmux-501/t115e31319"
time=2026-08-21T18:23:38.250+08:00 level=DEBUG msg="discovery: skipping unreachable socket" socket=/tmp/tmux-501/t115f44898 err="query tmux on /tmp/tmux-501/t115f44898: exit status 1: no server running on /tmp/tmux-501/t115f44898"
time=2026-08-21T18:23:38.258+08:00 level=DEBUG msg="discovery: skipping unreachable socket" socket=/tmp/tmux-501/t115g47728 err="query tmux on /tmp/tmux-501/t115g47728: exit status 1: no server running on /tmp/tmux-501/t115g47728"
time=2026-08-21T18:23:38.271+08:00 level=DEBUG msg="discovery: skipping unreachable socket" socket=/tmp/tmux-501/ta-0bafa3965ade err="query tmux on /tmp/tmux-501/ta-0bafa3965ade: exit status 1: no server running on /tmp/tmux-501/ta-0bafa3965ade"
time=2026-08-21T18:23:38.296+08:00 level=DEBUG msg="discovery: skipping unreachable socket" socket=/tmp/tmux-501/ta-61709dcf801e err="query tmux on /tmp/tmux-501/ta-61709dcf801e: exit status 1: no server running on /tmp/tmux-501/ta-61709dcf801e"
time=2026-08-21T18:23:38.317+08:00 level=DEBUG msg="discovery: skipping unparsable pane line" socket=/tmp/tmux-501/ta-a9fd5b7defbd line="team-refactor-maintainability|6|%39|/Users/alauda/Documents/code/agent前沿探索/多agent协作|bash|87458|t.p9.review 零上下文设计审查已通过<|eos|> - grok|235x50|tester-t124"
time=2026-08-21T18:23:38.335+08:00 level=DEBUG msg="discovery: skipping unreachable socket" socket=/tmp/tmux-501/ta-ed81bd4d8c17 err="query tmux on /tmp/tmux-501/ta-ed81bd4d8c17: exit status 1: no server running on /tmp/tmux-501/ta-ed81bd4d8c17"
time=2026-08-21T18:23:38.343+08:00 level=DEBUG msg="discovery: skipping unreachable socket" socket=/tmp/tmux-501/ta-f1ad1b378fc7 err="query tmux on /tmp/tmux-501/ta-f1ad1b378fc7: exit status 1: no server running on /tmp/tmux-501/ta-f1ad1b378fc7"
time=2026-08-21T18:23:38.362+08:00 level=DEBUG msg="discovery: skipping unreachable socket" socket=/tmp/tmux-501/ta-t121u01 err="query tmux on /tmp/tmux-501/ta-t121u01: exit status 1: no server running on /tmp/tmux-501/ta-t121u01"
time=2026-08-21T18:23:38.371+08:00 level=DEBUG msg="discovery: skipping unreachable socket" socket=/tmp/tmux-501/ta-t121u01b err="query tmux on /tmp/tmux-501/ta-t121u01b: exit status 1: no server running on /tmp/tmux-501/ta-t121u01b"
time=2026-08-21T18:23:38.379+08:00 level=DEBUG msg="discovery: skipping unreachable socket" socket=/tmp/tmux-501/ta-user-agents err="query tmux on /tmp/tmux-501/ta-user-agents: exit status 1: no server running on /tmp/tmux-501/ta-user-agents"
time=2026-08-21T18:23:39.237+08:00 level=DEBUG msg="discovery: skipping unreachable socket" socket=/tmp/tmux-501/t115d24675 err="query tmux on /tmp/tmux-501/t115d24675: exit status 1: no server running on /tmp/tmux-501/t115d24675"
time=2026-08-21T18:23:39.245+08:00 level=DEBUG msg="discovery: skipping unreachable socket" socket=/tmp/tmux-501/t115e31319 err="query tmux on /tmp/tmux-501/t115e31319: exit status 1: no server running on /tmp/tmux-501/t115e31319"
time=2026-08-21T18:23:39.253+08:00 level=DEBUG msg="discovery: skipping unreachable socket" socket=/tmp/tmux-501/t115f44898 err="query tmux on /tmp/tmux-501/t115f44898: exit status 1: no server running on /tmp/tmux-501/t115f44898"
time=2026-08-21T18:23:39.261+08:00 level=DEBUG msg="discovery: skipping unreachable socket" socket=/tmp/tmux-501/t115g47728 err="query tmux on /tmp/tmux-501/t115g47728: exit status 1: no server running on /tmp/tmux-501/t115g47728"
time=2026-08-21T18:23:39.269+08:00 level=DEBUG msg="discovery: skipping unreachable socket" socket=/tmp/tmux-501/ta-0bafa3965ade err="query tmux on /tmp/tmux-501/ta-0bafa3965ade: exit status 1: no server running on /tmp/tmux-501/ta-0bafa3965ade"
time=2026-08-21T18:23:39.296+08:00 level=DEBUG msg="discovery: skipping unreachable socket" socket=/tmp/tmux-501/ta-61709dcf801e err="query tmux on /tmp/tmux-501/ta-61709dcf801e: exit status 1: no server running on /tmp/tmux-501/ta-61709dcf801e"
time=2026-08-21T18:23:39.315+08:00 level=DEBUG msg="discovery: skipping unparsable pane line" socket=/tmp/tmux-501/ta-a9fd5b7defbd line="team-refactor-maintainability|6|%39|/Users/alauda/Documents/code/agent前沿探索/多agent协作|bash|87458|t.p9.review 零上下文设计审查已通过<|eos|> - grok|235x50|tester-t124"
time=2026-08-21T18:23:39.334+08:00 level=DEBUG msg="discovery: skipping unreachable socket" socket=/tmp/tmux-501/ta-ed81bd4d8c17 err="query tmux on /tmp/tmux-501/ta-ed81bd4d8c17: exit status 1: no server running on /tmp/tmux-501/ta-ed81bd4d8c17"
time=2026-08-21T18:23:39.343+08:00 level=DEBUG msg="discovery: skipping unreachable socket" socket=/tmp/tmux-501/ta-f1ad1b378fc7 err="query tmux on /tmp/tmux-501/ta-f1ad1b378fc7: exit status 1: no server running on /tmp/tmux-501/ta-f1ad1b378fc7"
time=2026-08-21T18:23:39.360+08:00 level=DEBUG msg="discovery: skipping unreachable socket" socket=/tmp/tmux-501/ta-t121u01 err="query tmux on /tmp/tmux-501/ta-t121u01: exit status 1: no server running on /tmp/tmux-501/ta-t121u01"
time=2026-08-21T18:23:39.368+08:00 level=DEBUG msg="discovery: skipping unreachable socket" socket=/tmp/tmux-501/ta-t121u01b err="query tmux on /tmp/tmux-501/ta-t121u01b: exit status 1: no server running on /tmp/tmux-501/ta-t121u01b"
time=2026-08-21T18:23:39.377+08:00 level=DEBUG msg="discovery: skipping unreachable socket" socket=/tmp/tmux-501/ta-user-agents err="query tmux on /tmp/tmux-501/ta-user-agents: exit status 1: no server running on /tmp/tmux-501/ta-user-agents"
time=2026-08-21T18:23:40.695+08:00 level=DEBUG msg="listing: no changes"
time=2026-08-21T18:23:41.223+08:00 level=DEBUG msg="discovery: skipping unreachable socket" socket=/tmp/tmux-501/t115d24675 err="query tmux on /tmp/tmux-501/t115d24675: exit status 1: no server running on /tmp/tmux-501/t115d24675"
time=2026-08-21T18:23:41.232+08:00 level=DEBUG msg="discovery: skipping unreachable socket" socket=/tmp/tmux-501/t115e31319 err="query tmux on /tmp/tmux-501/t115e31319: exit status 1: no server running on /tmp/tmux-501/t115e31319"
time=2026-08-21T18:23:41.240+08:00 level=DEBUG msg="discovery: skipping unreachable socket" socket=/tmp/tmux-501/t115f44898 err="query tmux on /tmp/tmux-501/t115f44898: exit status 1: no server running on /tmp/tmux-501/t115f44898"
time=2026-08-21T18:23:41.250+08:00 level=DEBUG msg="discovery: skipping unreachable socket" socket=/tmp/tmux-501/t115g47728 err="query tmux on /tmp/tmux-501/t115g47728: exit status 1: no server running on /tmp/tmux-501/t115g47728"
time=2026-08-21T18:23:41.259+08:00 level=DEBUG msg="discovery: skipping unreachable socket" socket=/tmp/tmux-501/ta-0bafa3965ade err="query tmux on /tmp/tmux-501/ta-0bafa3965ade: exit status 1: no server running on /tmp/tmux-501/ta-0bafa3965ade"
time=2026-08-21T18:23:41.285+08:00 level=DEBUG msg="discovery: skipping unreachable socket" socket=/tmp/tmux-501/ta-61709dcf801e err="query tmux on /tmp/tmux-501/ta-61709dcf801e: exit status 1: no server running on /tmp/tmux-501/ta-61709dcf801e"
time=2026-08-21T18:23:41.304+08:00 level=DEBUG msg="discovery: skipping unparsable pane line" socket=/tmp/tmux-501/ta-a9fd5b7defbd line="team-refactor-maintainability|6|%39|/Users/alauda/Documents/code/agent前沿探索/多agent协作|bash|87458|t.p9.review 零上下文设计审查已通过<|eos|> - grok|235x50|tester-t124"
time=2026-08-21T18:23:41.320+08:00 level=DEBUG msg="discovery: skipping unreachable socket" socket=/tmp/tmux-501/ta-ed81bd4d8c17 err="query tmux on /tmp/tmux-501/ta-ed81bd4d8c17: exit status 1: no server running on /tmp/tmux-501/ta-ed81bd4d8c17"
time=2026-08-21T18:23:41.329+08:00 level=DEBUG msg="discovery: skipping unreachable socket" socket=/tmp/tmux-501/ta-f1ad1b378fc7 err="query tmux on /tmp/tmux-501/ta-f1ad1b378fc7: exit status 1: no server running on /tmp/tmux-501/ta-f1ad1b378fc7"
time=2026-08-21T18:23:41.347+08:00 level=DEBUG msg="discovery: skipping unreachable socket" socket=/tmp/tmux-501/ta-t121u01 err="query tmux on /tmp/tmux-501/ta-t121u01: exit status 1: no server running on /tmp/tmux-501/ta-t121u01"
time=2026-08-21T18:23:41.355+08:00 level=DEBUG msg="discovery: skipping unreachable socket" socket=/tmp/tmux-501/ta-t121u01b err="query tmux on /tmp/tmux-501/ta-t121u01b: exit status 1: no server running on /tmp/tmux-501/ta-t121u01b"
time=2026-08-21T18:23:41.364+08:00 level=DEBUG msg="discovery: skipping unreachable socket" socket=/tmp/tmux-501/ta-user-agents err="query tmux on /tmp/tmux-501/ta-user-agents: exit status 1: no server running on /tmp/tmux-501/ta-user-agents"
time=2026-08-21T18:23:41.526+08:00 level=DEBUG msg="discovery: skipping unreachable socket" socket=/tmp/tmux-501/t115d24675 err="query tmux on /tmp/tmux-501/t115d24675: exit status 1: no server running on /tmp/tmux-501/t115d24675"
time=2026-08-21T18:23:41.540+08:00 level=DEBUG msg="discovery: skipping unreachable socket" socket=/tmp/tmux-501/t115e31319 err="query tmux on /tmp/tmux-501/t115e31319: exit status 1: no server running on /tmp/tmux-501/t115e31319"
time=2026-08-21T18:23:41.549+08:00 level=DEBUG msg="discovery: skipping unreachable socket" socket=/tmp/tmux-501/t115f44898 err="query tmux on /tmp/tmux-501/t115f44898: exit status 1: no server running on /tmp/tmux-501/t115f44898"
time=2026-08-21T18:23:41.558+08:00 level=DEBUG msg="discovery: skipping unreachable socket" socket=/tmp/tmux-501/t115g47728 err="query tmux on /tmp/tmux-501/t115g47728: exit status 1: no server running on /tmp/tmux-501/t115g47728"
time=2026-08-21T18:23:41.567+08:00 level=DEBUG msg="discovery: skipping unreachable socket" socket=/tmp/tmux-501/ta-0bafa3965ade err="query tmux on /tmp/tmux-501/ta-0bafa3965ade: exit status 1: no server running on /tmp/tmux-501/ta-0bafa3965ade"
time=2026-08-21T18:23:41.597+08:00 level=DEBUG msg="discovery: skipping unreachable socket" socket=/tmp/tmux-501/ta-61709dcf801e err="query tmux on /tmp/tmux-501/ta-61709dcf801e: exit status 1: no server running on /tmp/tmux-501/ta-61709dcf801e"
time=2026-08-21T18:23:41.616+08:00 level=DEBUG msg="discovery: skipping unparsable pane line" socket=/tmp/tmux-501/ta-a9fd5b7defbd line="team-refactor-maintainability|6|%39|/Users/alauda/Documents/code/agent前沿探索/多agent协作|bash|87458|t.p9.review 零上下文设计审查已通过<|eos|> - grok|235x50|tester-t124"
time=2026-08-21T18:23:41.636+08:00 level=DEBUG msg="discovery: skipping unreachable socket" socket=/tmp/tmux-501/ta-ed81bd4d8c17 err="query tmux on /tmp/tmux-501/ta-ed81bd4d8c17: exit status 1: no server running on /tmp/tmux-501/ta-ed81bd4d8c17"
time=2026-08-21T18:23:41.644+08:00 level=DEBUG msg="discovery: skipping unreachable socket" socket=/tmp/tmux-501/ta-f1ad1b378fc7 err="query tmux on /tmp/tmux-501/ta-f1ad1b378fc7: exit status 1: no server running on /tmp/tmux-501/ta-f1ad1b378fc7"
time=2026-08-21T18:23:41.661+08:00 level=DEBUG msg="discovery: skipping unreachable socket" socket=/tmp/tmux-501/ta-t121u01 err="query tmux on /tmp/tmux-501/ta-t121u01: exit status 1: no server running on /tmp/tmux-501/ta-t121u01"
time=2026-08-21T18:23:41.670+08:00 level=DEBUG msg="discovery: skipping unreachable socket" socket=/tmp/tmux-501/ta-t121u01b err="query tmux on /tmp/tmux-501/ta-t121u01b: exit status 1: no server running on /tmp/tmux-501/ta-t121u01b"
time=2026-08-21T18:23:41.679+08:00 level=DEBUG msg="discovery: skipping unreachable socket" socket=/tmp/tmux-501/ta-user-agents err="query tmux on /tmp/tmux-501/ta-user-agents: exit status 1: no server running on /tmp/tmux-501/ta-user-agents"
time=2026-08-21T18:23:43.629+08:00 level=DEBUG msg="listing: no changes"
time=2026-08-21T18:23:43.809+08:00 level=DEBUG msg="discovery: skipping unreachable socket" socket=/tmp/tmux-501/t115d24675 err="query tmux on /tmp/tmux-501/t115d24675: exit status 1: no server running on /tmp/tmux-501/t115d24675"
time=2026-08-21T18:23:43.819+08:00 level=DEBUG msg="discovery: skipping unreachable socket" socket=/tmp/tmux-501/t115e31319 err="query tmux on /tmp/tmux-501/t115e31319: exit status 1: no server running on /tmp/tmux-501/t115e31319"
time=2026-08-21T18:23:43.828+08:00 level=DEBUG msg="discovery: skipping unreachable socket" socket=/tmp/tmux-501/t115f44898 err="query tmux on /tmp/tmux-501/t115f44898: exit status 1: no server running on /tmp/tmux-501/t115f44898"
time=2026-08-21T18:23:43.836+08:00 level=DEBUG msg="discovery: skipping unreachable socket" socket=/tmp/tmux-501/t115g47728 err="query tmux on /tmp/tmux-501/t115g47728: exit status 1: no server running on /tmp/tmux-501/t115g47728"
time=2026-08-21T18:23:43.844+08:00 level=DEBUG msg="discovery: skipping unreachable socket" socket=/tmp/tmux-501/ta-0bafa3965ade err="query tmux on /tmp/tmux-501/ta-0bafa3965ade: exit status 1: no server running on /tmp/tmux-501/ta-0bafa3965ade"
time=2026-08-21T18:23:43.871+08:00 level=DEBUG msg="discovery: skipping unreachable socket" socket=/tmp/tmux-501/ta-61709dcf801e err="query tmux on /tmp/tmux-501/ta-61709dcf801e: exit status 1: no server running on /tmp/tmux-501/ta-61709dcf801e"
time=2026-08-21T18:23:43.889+08:00 level=DEBUG msg="discovery: skipping unparsable pane line" socket=/tmp/tmux-501/ta-a9fd5b7defbd line="team-refactor-maintainability|6|%39|/Users/alauda/Documents/code/agent前沿探索/多agent协作|bash|87458|t.p9.review 零上下文设计审查已通过<|eos|> - grok|235x50|tester-t124"
time=2026-08-21T18:23:43.906+08:00 level=DEBUG msg="discovery: skipping unreachable socket" socket=/tmp/tmux-501/ta-ed81bd4d8c17 err="query tmux on /tmp/tmux-501/ta-ed81bd4d8c17: exit status 1: no server running on /tmp/tmux-501/ta-ed81bd4d8c17"
time=2026-08-21T18:23:43.917+08:00 level=DEBUG msg="discovery: skipping unreachable socket" socket=/tmp/tmux-501/ta-f1ad1b378fc7 err="query tmux on /tmp/tmux-501/ta-f1ad1b378fc7: exit status 1: no server running on /tmp/tmux-501/ta-f1ad1b378fc7"
time=2026-08-21T18:23:43.933+08:00 level=DEBUG msg="discovery: skipping unreachable socket" socket=/tmp/tmux-501/ta-t121u01 err="query tmux on /tmp/tmux-501/ta-t121u01: exit status 1: no server running on /tmp/tmux-501/ta-t121u01"
time=2026-08-21T18:23:43.942+08:00 level=DEBUG msg="discovery: skipping unreachable socket" socket=/tmp/tmux-501/ta-t121u01b err="query tmux on /tmp/tmux-501/ta-t121u01b: exit status 1: no server running on /tmp/tmux-501/ta-t121u01b"
time=2026-08-21T18:23:43.950+08:00 level=DEBUG msg="discovery: skipping unreachable socket" socket=/tmp/tmux-501/ta-user-agents err="query tmux on /tmp/tmux-501/ta-user-agents: exit status 1: no server running on /tmp/tmux-501/ta-user-agents"
time=2026-08-21T18:23:44.157+08:00 level=DEBUG msg="discovery: skipping unreachable socket" socket=/tmp/tmux-501/t115d24675 err="query tmux on /tmp/tmux-501/t115d24675: exit status 1: no server running on /tmp/tmux-501/t115d24675"
time=2026-08-21T18:23:44.169+08:00 level=DEBUG msg="discovery: skipping unreachable socket" socket=/tmp/tmux-501/t115e31319 err="query tmux on /tmp/tmux-501/t115e31319: exit status 1: no server running on /tmp/tmux-501/t115e31319"
time=2026-08-21T18:23:44.178+08:00 level=DEBUG msg="discovery: skipping unreachable socket" socket=/tmp/tmux-501/t115f44898 err="query tmux on /tmp/tmux-501/t115f44898: exit status 1: no server running on /tmp/tmux-501/t115f44898"
time=2026-08-21T18:23:44.186+08:00 level=DEBUG msg="discovery: skipping unreachable socket" socket=/tmp/tmux-501/t115g47728 err="query tmux on /tmp/tmux-501/t115g47728: exit status 1: no server running on /tmp/tmux-501/t115g47728"
time=2026-08-21T18:23:44.194+08:00 level=DEBUG msg="discovery: skipping unreachable socket" socket=/tmp/tmux-501/ta-0bafa3965ade err="query tmux on /tmp/tmux-501/ta-0bafa3965ade: exit status 1: no server running on /tmp/tmux-501/ta-0bafa3965ade"
time=2026-08-21T18:23:44.222+08:00 level=DEBUG msg="discovery: skipping unreachable socket" socket=/tmp/tmux-501/ta-61709dcf801e err="query tmux on /tmp/tmux-501/ta-61709dcf801e: exit status 1: no server running on /tmp/tmux-501/ta-61709dcf801e"
time=2026-08-21T18:23:44.240+08:00 level=DEBUG msg="discovery: skipping unparsable pane line" socket=/tmp/tmux-501/ta-a9fd5b7defbd line="team-refactor-maintainability|6|%39|/Users/alauda/Documents/code/agent前沿探索/多agent协作|bash|87458|t.p9.review 零上下文设计审查已通过<|eos|> - grok|235x50|tester-t124"
time=2026-08-21T18:23:44.257+08:00 level=DEBUG msg="discovery: skipping unreachable socket" socket=/tmp/tmux-501/ta-ed81bd4d8c17 err="query tmux on /tmp/tmux-501/ta-ed81bd4d8c17: exit status 1: no server running on /tmp/tmux-501/ta-ed81bd4d8c17"
time=2026-08-21T18:23:44.266+08:00 level=DEBUG msg="discovery: skipping unreachable socket" socket=/tmp/tmux-501/ta-f1ad1b378fc7 err="query tmux on /tmp/tmux-501/ta-f1ad1b378fc7: exit status 1: no server running on /tmp/tmux-501/ta-f1ad1b378fc7"
time=2026-08-21T18:23:44.283+08:00 level=DEBUG msg="discovery: skipping unreachable socket" socket=/tmp/tmux-501/ta-t121u01 err="query tmux on /tmp/tmux-501/ta-t121u01: exit status 1: no server running on /tmp/tmux-501/ta-t121u01"
time=2026-08-21T18:23:44.291+08:00 level=DEBUG msg="discovery: skipping unreachable socket" socket=/tmp/tmux-501/ta-t121u01b err="query tmux on /tmp/tmux-501/ta-t121u01b: exit status 1: no server running on /tmp/tmux-501/ta-t121u01b"
time=2026-08-21T18:23:44.299+08:00 level=DEBUG msg="discovery: skipping unreachable socket" socket=/tmp/tmux-501/ta-user-agents err="query tmux on /tmp/tmux-501/ta-user-agents: exit status 1: no server running on /tmp/tmux-501/ta-user-agents"
time=2026-08-21T18:23:46.027+08:00 level=DEBUG msg="discovery: skipping unreachable socket" socket=/tmp/tmux-501/t115d24675 err="query tmux on /tmp/tmux-501/t115d24675: exit status 1: no server running on /tmp/tmux-501/t115d24675"
time=2026-08-21T18:23:46.036+08:00 level=DEBUG msg="discovery: skipping unreachable socket" socket=/tmp/tmux-501/t115e31319 err="query tmux on /tmp/tmux-501/t115e31319: exit status 1: no server running on /tmp/tmux-501/t115e31319"
time=2026-08-21T18:23:46.047+08:00 level=DEBUG msg="discovery: skipping unreachable socket" socket=/tmp/tmux-501/t115f44898 err="query tmux on /tmp/tmux-501/t115f44898: exit status 1: no server running on /tmp/tmux-501/t115f44898"
time=2026-08-21T18:23:46.056+08:00 level=DEBUG msg="discovery: skipping unreachable socket" socket=/tmp/tmux-501/t115g47728 err="query tmux on /tmp/tmux-501/t115g47728: exit status 1: no server running on /tmp/tmux-501/t115g47728"
time=2026-08-21T18:23:46.064+08:00 level=DEBUG msg="discovery: skipping unreachable socket" socket=/tmp/tmux-501/ta-0bafa3965ade err="query tmux on /tmp/tmux-501/ta-0bafa3965ade: exit status 1: no server running on /tmp/tmux-501/ta-0bafa3965ade"
time=2026-08-21T18:23:46.091+08:00 level=DEBUG msg="discovery: skipping unreachable socket" socket=/tmp/tmux-501/ta-61709dcf801e err="query tmux on /tmp/tmux-501/ta-61709dcf801e: exit status 1: no server running on /tmp/tmux-501/ta-61709dcf801e"
time=2026-08-21T18:23:46.110+08:00 level=DEBUG msg="discovery: skipping unparsable pane line" socket=/tmp/tmux-501/ta-a9fd5b7defbd line="team-refactor-maintainability|6|%39|/Users/alauda/Documents/code/agent前沿探索/多agent协作|bash|87458|t.p9.review 零上下文设计审查已通过<|eos|> - grok|235x50|tester-t124"
time=2026-08-21T18:23:46.128+08:00 level=DEBUG msg="discovery: skipping unreachable socket" socket=/tmp/tmux-501/ta-ed81bd4d8c17 err="query tmux on /tmp/tmux-501/ta-ed81bd4d8c17: exit status 1: no server running on /tmp/tmux-501/ta-ed81bd4d8c17"
time=2026-08-21T18:23:46.137+08:00 level=DEBUG msg="discovery: skipping unreachable socket" socket=/tmp/tmux-501/ta-f1ad1b378fc7 err="query tmux on /tmp/tmux-501/ta-f1ad1b378fc7: exit status 1: no server running on /tmp/tmux-501/ta-f1ad1b378fc7"
time=2026-08-21T18:23:46.155+08:00 level=DEBUG msg="discovery: skipping unreachable socket" socket=/tmp/tmux-501/ta-t121u01 err="query tmux on /tmp/tmux-501/ta-t121u01: exit status 1: no server running on /tmp/tmux-501/ta-t121u01"
time=2026-08-21T18:23:46.164+08:00 level=DEBUG msg="discovery: skipping unreachable socket" socket=/tmp/tmux-501/ta-t121u01b err="query tmux on /tmp/tmux-501/ta-t121u01b: exit status 1: no server running on /tmp/tmux-501/ta-t121u01b"
time=2026-08-21T18:23:46.173+08:00 level=DEBUG msg="discovery: skipping unreachable socket" socket=/tmp/tmux-501/ta-user-agents err="query tmux on /tmp/tmux-501/ta-user-agents: exit status 1: no server running on /tmp/tmux-501/ta-user-agents"
time=2026-08-21T18:23:46.570+08:00 level=DEBUG msg="listing: no changes"
time=2026-08-21T18:23:47.096+08:00 level=DEBUG msg="discovery: skipping unreachable socket" socket=/tmp/tmux-501/t115d24675 err="query tmux on /tmp/tmux-501/t115d24675: exit status 1: no server running on /tmp/tmux-501/t115d24675"
time=2026-08-21T18:23:47.104+08:00 level=DEBUG msg="discovery: skipping unreachable socket" socket=/tmp/tmux-501/t115e31319 err="query tmux on /tmp/tmux-501/t115e31319: exit status 1: no server running on /tmp/tmux-501/t115e31319"
time=2026-08-21T18:23:47.113+08:00 level=DEBUG msg="discovery: skipping unreachable socket" socket=/tmp/tmux-501/t115f44898 err="query tmux on /tmp/tmux-501/t115f44898: exit status 1: no server running on /tmp/tmux-501/t115f44898"
time=2026-08-21T18:23:47.122+08:00 level=DEBUG msg="discovery: skipping unreachable socket" socket=/tmp/tmux-501/t115g47728 err="query tmux on /tmp/tmux-501/t115g47728: exit status 1: no server running on /tmp/tmux-501/t115g47728"
time=2026-08-21T18:23:47.129+08:00 level=DEBUG msg="discovery: skipping unreachable socket" socket=/tmp/tmux-501/ta-0bafa3965ade err="query tmux on /tmp/tmux-501/ta-0bafa3965ade: exit status 1: no server running on /tmp/tmux-501/ta-0bafa3965ade"
time=2026-08-21T18:23:47.155+08:00 level=DEBUG msg="discovery: skipping unreachable socket" socket=/tmp/tmux-501/ta-61709dcf801e err="query tmux on /tmp/tmux-501/ta-61709dcf801e: exit status 1: no server running on /tmp/tmux-501/ta-61709dcf801e"
time=2026-08-21T18:23:47.174+08:00 level=DEBUG msg="discovery: skipping unparsable pane line" socket=/tmp/tmux-501/ta-a9fd5b7defbd line="team-refactor-maintainability|6|%39|/Users/alauda/Documents/code/agent前沿探索/多agent协作|bash|87458|t.p9.review 零上下文设计审查已通过<|eos|> - grok|235x50|tester-t124"
time=2026-08-21T18:23:47.191+08:00 level=DEBUG msg="discovery: skipping unreachable socket" socket=/tmp/tmux-501/ta-ed81bd4d8c17 err="query tmux on /tmp/tmux-501/ta-ed81bd4d8c17: exit status 1: no server running on /tmp/tmux-501/ta-ed81bd4d8c17"
time=2026-08-21T18:23:47.200+08:00 level=DEBUG msg="discovery: skipping unreachable socket" socket=/tmp/tmux-501/ta-f1ad1b378fc7 err="query tmux on /tmp/tmux-501/ta-f1ad1b378fc7: exit status 1: no server running on /tmp/tmux-501/ta-f1ad1b378fc7"
time=2026-08-21T18:23:47.216+08:00 level=DEBUG msg="discovery: skipping unreachable socket" socket=/tmp/tmux-501/ta-t121u01 err="query tmux on /tmp/tmux-501/ta-t121u01: exit status 1: no server running on /tmp/tmux-501/ta-t121u01"
time=2026-08-21T18:23:47.225+08:00 level=DEBUG msg="discovery: skipping unreachable socket" socket=/tmp/tmux-501/ta-t121u01b err="query tmux on /tmp/tmux-501/ta-t121u01b: exit status 1: no server running on /tmp/tmux-501/ta-t121u01b"
time=2026-08-21T18:23:47.234+08:00 level=DEBUG msg="discovery: skipping unreachable socket" socket=/tmp/tmux-501/ta-user-agents err="query tmux on /tmp/tmux-501/ta-user-agents: exit status 1: no server running on /tmp/tmux-501/ta-user-agents"
time=2026-08-21T18:23:48.287+08:00 level=DEBUG msg="discovery: skipping unreachable socket" socket=/tmp/tmux-501/t115d24675 err="query tmux on /tmp/tmux-501/t115d24675: exit status 1: no server running on /tmp/tmux-501/t115d24675"
time=2026-08-21T18:23:48.296+08:00 level=DEBUG msg="discovery: skipping unreachable socket" socket=/tmp/tmux-501/t115e31319 err="query tmux on /tmp/tmux-501/t115e31319: exit status 1: no server running on /tmp/tmux-501/t115e31319"
time=2026-08-21T18:23:48.306+08:00 level=DEBUG msg="discovery: skipping unreachable socket" socket=/tmp/tmux-501/t115f44898 err="query tmux on /tmp/tmux-501/t115f44898: exit status 1: no server running on /tmp/tmux-501/t115f44898"
time=2026-08-21T18:23:48.316+08:00 level=DEBUG msg="discovery: skipping unreachable socket" socket=/tmp/tmux-501/t115g47728 err="query tmux on /tmp/tmux-501/t115g47728: exit status 1: no server running on /tmp/tmux-501/t115g47728"
time=2026-08-21T18:23:48.326+08:00 level=DEBUG msg="discovery: skipping unreachable socket" socket=/tmp/tmux-501/ta-0bafa3965ade err="query tmux on /tmp/tmux-501/ta-0bafa3965ade: exit status 1: no server running on /tmp/tmux-501/ta-0bafa3965ade"
time=2026-08-21T18:23:48.356+08:00 level=DEBUG msg="discovery: skipping unreachable socket" socket=/tmp/tmux-501/ta-61709dcf801e err="query tmux on /tmp/tmux-501/ta-61709dcf801e: exit status 1: no server running on /tmp/tmux-501/ta-61709dcf801e"
time=2026-08-21T18:23:48.378+08:00 level=DEBUG msg="discovery: skipping unparsable pane line" socket=/tmp/tmux-501/ta-a9fd5b7defbd line="team-refactor-maintainability|6|%39|/Users/alauda/Documents/code/agent前沿探索/多agent协作|bash|87458|t.p9.review 零上下文设计审查已通过<|eos|> - grok|235x50|tester-t124"
time=2026-08-21T18:23:48.398+08:00 level=DEBUG msg="discovery: skipping unreachable socket" socket=/tmp/tmux-501/ta-ed81bd4d8c17 err="query tmux on /tmp/tmux-501/ta-ed81bd4d8c17: exit status 1: no server running on /tmp/tmux-501/ta-ed81bd4d8c17"
time=2026-08-21T18:23:48.408+08:00 level=DEBUG msg="discovery: skipping unreachable socket" socket=/tmp/tmux-501/ta-f1ad1b378fc7 err="query tmux on /tmp/tmux-501/ta-f1ad1b378fc7: exit status 1: no server running on /tmp/tmux-501/ta-f1ad1b378fc7"
time=2026-08-21T18:23:48.428+08:00 level=DEBUG msg="discovery: skipping unreachable socket" socket=/tmp/tmux-501/ta-t121u01 err="query tmux on /tmp/tmux-501/ta-t121u01: exit status 1: no server running on /tmp/tmux-501/ta-t121u01"
time=2026-08-21T18:23:48.438+08:00 level=DEBUG msg="discovery: skipping unreachable socket" socket=/tmp/tmux-501/ta-t121u01b err="query tmux on /tmp/tmux-501/ta-t121u01b: exit status 1: no server running on /tmp/tmux-501/ta-t121u01b"
time=2026-08-21T18:23:48.448+08:00 level=DEBUG msg="discovery: skipping unreachable socket" socket=/tmp/tmux-501/ta-user-agents err="query tmux on /tmp/tmux-501/ta-user-agents: exit status 1: no server running on /tmp/tmux-501/ta-user-agents"
time=2026-08-21T18:23:49.514+08:00 level=DEBUG msg="listing: no changes"
time=2026-08-21T18:23:50.079+08:00 level=DEBUG msg="discovery: skipping unreachable socket" socket=/tmp/tmux-501/t115d24675 err="query tmux on /tmp/tmux-501/t115d24675: exit status 1: no server running on /tmp/tmux-501/t115d24675"
time=2026-08-21T18:23:50.089+08:00 level=DEBUG msg="discovery: skipping unreachable socket" socket=/tmp/tmux-501/t115e31319 err="query tmux on /tmp/tmux-501/t115e31319: exit status 1: no server running on /tmp/tmux-501/t115e31319"
time=2026-08-21T18:23:50.097+08:00 level=DEBUG msg="discovery: skipping unreachable socket" socket=/tmp/tmux-501/t115f44898 err="query tmux on /tmp/tmux-501/t115f44898: exit status 1: no server running on /tmp/tmux-501/t115f44898"
time=2026-08-21T18:23:50.106+08:00 level=DEBUG msg="discovery: skipping unreachable socket" socket=/tmp/tmux-501/t115g47728 err="query tmux on /tmp/tmux-501/t115g47728: exit status 1: no server running on /tmp/tmux-501/t115g47728"
time=2026-08-21T18:23:50.114+08:00 level=DEBUG msg="discovery: skipping unreachable socket" socket=/tmp/tmux-501/ta-0bafa3965ade err="query tmux on /tmp/tmux-501/ta-0bafa3965ade: exit status 1: no server running on /tmp/tmux-501/ta-0bafa3965ade"
time=2026-08-21T18:23:50.140+08:00 level=DEBUG msg="discovery: skipping unreachable socket" socket=/tmp/tmux-501/ta-61709dcf801e err="query tmux on /tmp/tmux-501/ta-61709dcf801e: exit status 1: no server running on /tmp/tmux-501/ta-61709dcf801e"
time=2026-08-21T18:23:50.159+08:00 level=DEBUG msg="discovery: skipping unparsable pane line" socket=/tmp/tmux-501/ta-a9fd5b7defbd line="team-refactor-maintainability|6|%39|/Users/alauda/Documents/code/agent前沿探索/多agent协作|bash|87458|t.p9.review 零上下文设计审查已通过<|eos|> - grok|235x50|tester-t124"
time=2026-08-21T18:23:50.181+08:00 level=DEBUG msg="discovery: skipping unreachable socket" socket=/tmp/tmux-501/ta-ed81bd4d8c17 err="query tmux on /tmp/tmux-501/ta-ed81bd4d8c17: exit status 1: no server running on /tmp/tmux-501/ta-ed81bd4d8c17"
time=2026-08-21T18:23:50.190+08:00 level=DEBUG msg="discovery: skipping unreachable socket" socket=/tmp/tmux-501/ta-f1ad1b378fc7 err="query tmux on /tmp/tmux-501/ta-f1ad1b378fc7: exit status 1: no server running on /tmp/tmux-501/ta-f1ad1b378fc7"
time=2026-08-21T18:23:50.206+08:00 level=DEBUG msg="discovery: skipping unreachable socket" socket=/tmp/tmux-501/ta-t121u01 err="query tmux on /tmp/tmux-501/ta-t121u01: exit status 1: no server running on /tmp/tmux-501/ta-t121u01"
time=2026-08-21T18:23:50.216+08:00 level=DEBUG msg="discovery: skipping unreachable socket" socket=/tmp/tmux-501/ta-t121u01b err="query tmux on /tmp/tmux-501/ta-t121u01b: exit status 1: no server running on /tmp/tmux-501/ta-t121u01b"
time=2026-08-21T18:23:50.225+08:00 level=DEBUG msg="discovery: skipping unreachable socket" socket=/tmp/tmux-501/ta-user-agents err="query tmux on /tmp/tmux-501/ta-user-agents: exit status 1: no server running on /tmp/tmux-501/ta-user-agents"
time=2026-08-21T18:23:50.594+08:00 level=DEBUG msg="discovery: skipping unreachable socket" socket=/tmp/tmux-501/t115d24675 err="query tmux on /tmp/tmux-501/t115d24675: exit status 1: no server running on /tmp/tmux-501/t115d24675"
time=2026-08-21T18:23:50.603+08:00 level=DEBUG msg="discovery: skipping unreachable socket" socket=/tmp/tmux-501/t115e31319 err="query tmux on /tmp/tmux-501/t115e31319: exit status 1: no server running on /tmp/tmux-501/t115e31319"
time=2026-08-21T18:23:50.613+08:00 level=DEBUG msg="discovery: skipping unreachable socket" socket=/tmp/tmux-501/t115f44898 err="query tmux on /tmp/tmux-501/t115f44898: exit status 1: no server running on /tmp/tmux-501/t115f44898"
time=2026-08-21T18:23:50.622+08:00 level=DEBUG msg="discovery: skipping unreachable socket" socket=/tmp/tmux-501/t115g47728 err="query tmux on /tmp/tmux-501/t115g47728: exit status 1: no server running on /tmp/tmux-501/t115g47728"
time=2026-08-21T18:23:50.630+08:00 level=DEBUG msg="discovery: skipping unreachable socket" socket=/tmp/tmux-501/ta-0bafa3965ade err="query tmux on /tmp/tmux-501/ta-0bafa3965ade: exit status 1: no server running on /tmp/tmux-501/ta-0bafa3965ade"
time=2026-08-21T18:23:50.660+08:00 level=DEBUG msg="discovery: skipping unreachable socket" socket=/tmp/tmux-501/ta-61709dcf801e err="query tmux on /tmp/tmux-501/ta-61709dcf801e: exit status 1: no server running on /tmp/tmux-501/ta-61709dcf801e"
time=2026-08-21T18:23:50.677+08:00 level=DEBUG msg="discovery: skipping unparsable pane line" socket=/tmp/tmux-501/ta-a9fd5b7defbd line="team-refactor-maintainability|6|%39|/Users/alauda/Documents/code/agent前沿探索/多agent协作|bash|87458|t.p9.review 零上下文设计审查已通过<|eos|> - grok|235x50|tester-t124"
time=2026-08-21T18:23:50.698+08:00 level=DEBUG msg="discovery: skipping unreachable socket" socket=/tmp/tmux-501/ta-ed81bd4d8c17 err="query tmux on /tmp/tmux-501/ta-ed81bd4d8c17: exit status 1: no server running on /tmp/tmux-501/ta-ed81bd4d8c17"
time=2026-08-21T18:23:50.707+08:00 level=DEBUG msg="discovery: skipping unreachable socket" socket=/tmp/tmux-501/ta-f1ad1b378fc7 err="query tmux on /tmp/tmux-501/ta-f1ad1b378fc7: exit status 1: no server running on /tmp/tmux-501/ta-f1ad1b378fc7"
time=2026-08-21T18:23:50.723+08:00 level=DEBUG msg="discovery: skipping unreachable socket" socket=/tmp/tmux-501/ta-t121u01 err="query tmux on /tmp/tmux-501/ta-t121u01: exit status 1: no server running on /tmp/tmux-501/ta-t121u01"
time=2026-08-21T18:23:50.735+08:00 level=DEBUG msg="discovery: skipping unreachable socket" socket=/tmp/tmux-501/ta-t121u01b err="query tmux on /tmp/tmux-501/ta-t121u01b: exit status 1: no server running on /tmp/tmux-501/ta-t121u01b"
time=2026-08-21T18:23:50.743+08:00 level=DEBUG msg="discovery: skipping unreachable socket" socket=/tmp/tmux-501/ta-user-agents err="query tmux on /tmp/tmux-501/ta-user-agents: exit status 1: no server running on /tmp/tmux-501/ta-user-agents"
time=2026-08-21T18:23:52.489+08:00 level=DEBUG msg="listing: no changes"
time=2026-08-21T18:23:52.895+08:00 level=DEBUG msg="discovery: skipping unreachable socket" socket=/tmp/tmux-501/t115d24675 err="query tmux on /tmp/tmux-501/t115d24675: exit status 1: no server running on /tmp/tmux-501/t115d24675"
time=2026-08-21T18:23:52.903+08:00 level=DEBUG msg="discovery: skipping unreachable socket" socket=/tmp/tmux-501/t115e31319 err="query tmux on /tmp/tmux-501/t115e31319: exit status 1: no server running on /tmp/tmux-501/t115e31319"
time=2026-08-21T18:23:52.912+08:00 level=DEBUG msg="discovery: skipping unreachable socket" socket=/tmp/tmux-501/t115f44898 err="query tmux on /tmp/tmux-501/t115f44898: exit status 1: no server running on /tmp/tmux-501/t115f44898"
time=2026-08-21T18:23:52.921+08:00 level=DEBUG msg="discovery: skipping unreachable socket" socket=/tmp/tmux-501/t115g47728 err="query tmux on /tmp/tmux-501/t115g47728: exit status 1: no server running on /tmp/tmux-501/t115g47728"
time=2026-08-21T18:23:52.930+08:00 level=DEBUG msg="discovery: skipping unreachable socket" socket=/tmp/tmux-501/ta-0bafa3965ade err="query tmux on /tmp/tmux-501/ta-0bafa3965ade: exit status 1: no server running on /tmp/tmux-501/ta-0bafa3965ade"
time=2026-08-21T18:23:52.956+08:00 level=DEBUG msg="discovery: skipping unreachable socket" socket=/tmp/tmux-501/ta-61709dcf801e err="query tmux on /tmp/tmux-501/ta-61709dcf801e: exit status 1: no server running on /tmp/tmux-501/ta-61709dcf801e"
time=2026-08-21T18:23:52.974+08:00 level=DEBUG msg="discovery: skipping unparsable pane line" socket=/tmp/tmux-501/ta-a9fd5b7defbd line="team-refactor-maintainability|6|%39|/Users/alauda/Documents/code/agent前沿探索/多agent协作|bash|87458|t.p9.review 零上下文设计审查已通过<|eos|> - grok|235x50|tester-t124"
time=2026-08-21T18:23:52.992+08:00 level=DEBUG msg="discovery: skipping unreachable socket" socket=/tmp/tmux-501/ta-ed81bd4d8c17 err="query tmux on /tmp/tmux-501/ta-ed81bd4d8c17: exit status 1: no server running on /tmp/tmux-501/ta-ed81bd4d8c17"
time=2026-08-21T18:23:53.000+08:00 level=DEBUG msg="discovery: skipping unreachable socket" socket=/tmp/tmux-501/ta-f1ad1b378fc7 err="query tmux on /tmp/tmux-501/ta-f1ad1b378fc7: exit status 1: no server running on /tmp/tmux-501/ta-f1ad1b378fc7"
time=2026-08-21T18:23:53.017+08:00 level=DEBUG msg="discovery: skipping unreachable socket" socket=/tmp/tmux-501/t115d24675 err="query tmux on /tmp/tmux-501/t115d24675: exit status 1: no server running on /tmp/tmux-501/t115d24675"
time=2026-08-21T18:23:53.020+08:00 level=DEBUG msg="discovery: skipping unreachable socket" socket=/tmp/tmux-501/ta-t121u01 err="query tmux on /tmp/tmux-501/ta-t121u01: exit status 1: no server running on /tmp/tmux-501/ta-t121u01"
time=2026-08-21T18:23:53.031+08:00 level=DEBUG msg="discovery: skipping unreachable socket" socket=/tmp/tmux-501/t115e31319 err="query tmux on /tmp/tmux-501/t115e31319: exit status 1: no server running on /tmp/tmux-501/t115e31319"
time=2026-08-21T18:23:53.032+08:00 level=DEBUG msg="discovery: skipping unreachable socket" socket=/tmp/tmux-501/ta-t121u01b err="query tmux on /tmp/tmux-501/ta-t121u01b: exit status 1: no server running on /tmp/tmux-501/ta-t121u01b"
time=2026-08-21T18:23:53.039+08:00 level=DEBUG msg="discovery: skipping unreachable socket" socket=/tmp/tmux-501/t115f44898 err="query tmux on /tmp/tmux-501/t115f44898: exit status 1: no server running on /tmp/tmux-501/t115f44898"
time=2026-08-21T18:23:53.040+08:00 level=DEBUG msg="discovery: skipping unreachable socket" socket=/tmp/tmux-501/ta-user-agents err="query tmux on /tmp/tmux-501/ta-user-agents: exit status 1: no server running on /tmp/tmux-501/ta-user-agents"
time=2026-08-21T18:23:53.047+08:00 level=DEBUG msg="discovery: skipping unreachable socket" socket=/tmp/tmux-501/t115g47728 err="query tmux on /tmp/tmux-501/t115g47728: exit status 1: no server running on /tmp/tmux-501/t115g47728"
time=2026-08-21T18:23:53.056+08:00 level=DEBUG msg="discovery: skipping unreachable socket" socket=/tmp/tmux-501/ta-0bafa3965ade err="query tmux on /tmp/tmux-501/ta-0bafa3965ade: exit status 1: no server running on /tmp/tmux-501/ta-0bafa3965ade"
time=2026-08-21T18:23:53.086+08:00 level=DEBUG msg="discovery: skipping unreachable socket" socket=/tmp/tmux-501/ta-61709dcf801e err="query tmux on /tmp/tmux-501/ta-61709dcf801e: exit status 1: no server running on /tmp/tmux-501/ta-61709dcf801e"
time=2026-08-21T18:23:53.105+08:00 level=DEBUG msg="discovery: skipping unparsable pane line" socket=/tmp/tmux-501/ta-a9fd5b7defbd line="team-refactor-maintainability|6|%39|/Users/alauda/Documents/code/agent前沿探索/多agent协作|bash|87458|t.p9.review 零上下文设计审查已通过<|eos|> - grok|235x50|tester-t124"
time=2026-08-21T18:23:53.122+08:00 level=DEBUG msg="discovery: skipping unreachable socket" socket=/tmp/tmux-501/ta-ed81bd4d8c17 err="query tmux on /tmp/tmux-501/ta-ed81bd4d8c17: exit status 1: no server running on /tmp/tmux-501/ta-ed81bd4d8c17"
time=2026-08-21T18:23:53.131+08:00 level=DEBUG msg="discovery: skipping unreachable socket" socket=/tmp/tmux-501/ta-f1ad1b378fc7 err="query tmux on /tmp/tmux-501/ta-f1ad1b378fc7: exit status 1: no server running on /tmp/tmux-501/ta-f1ad1b378fc7"
time=2026-08-21T18:23:53.148+08:00 level=DEBUG msg="discovery: skipping unreachable socket" socket=/tmp/tmux-501/ta-t121u01 err="query tmux on /tmp/tmux-501/ta-t121u01: exit status 1: no server running on /tmp/tmux-501/ta-t121u01"
time=2026-08-21T18:23:53.156+08:00 level=DEBUG msg="discovery: skipping unreachable socket" socket=/tmp/tmux-501/ta-t121u01b err="query tmux on /tmp/tmux-501/ta-t121u01b: exit status 1: no server running on /tmp/tmux-501/ta-t121u01b"
time=2026-08-21T18:23:53.165+08:00 level=DEBUG msg="discovery: skipping unreachable socket" socket=/tmp/tmux-501/ta-user-agents err="query tmux on /tmp/tmux-501/ta-user-agents: exit status 1: no server running on /tmp/tmux-501/ta-user-agents"
time=2026-08-21T18:23:55.118+08:00 level=DEBUG msg="discovery: skipping unreachable socket" socket=/tmp/tmux-501/t115d24675 err="query tmux on /tmp/tmux-501/t115d24675: exit status 1: no server running on /tmp/tmux-501/t115d24675"
time=2026-08-21T18:23:55.130+08:00 level=DEBUG msg="discovery: skipping unreachable socket" socket=/tmp/tmux-501/t115e31319 err="query tmux on /tmp/tmux-501/t115e31319: exit status 1: no server running on /tmp/tmux-501/t115e31319"
time=2026-08-21T18:23:55.140+08:00 level=DEBUG msg="discovery: skipping unreachable socket" socket=/tmp/tmux-501/t115f44898 err="query tmux on /tmp/tmux-501/t115f44898: exit status 1: no server running on /tmp/tmux-501/t115f44898"
time=2026-08-21T18:23:55.151+08:00 level=DEBUG msg="discovery: skipping unreachable socket" socket=/tmp/tmux-501/t115g47728 err="query tmux on /tmp/tmux-501/t115g47728: exit status 1: no server running on /tmp/tmux-501/t115g47728"
time=2026-08-21T18:23:55.161+08:00 level=DEBUG msg="discovery: skipping unreachable socket" socket=/tmp/tmux-501/ta-0bafa3965ade err="query tmux on /tmp/tmux-501/ta-0bafa3965ade: exit status 1: no server running on /tmp/tmux-501/ta-0bafa3965ade"
time=2026-08-21T18:23:55.190+08:00 level=DEBUG msg="discovery: skipping unreachable socket" socket=/tmp/tmux-501/ta-61709dcf801e err="query tmux on /tmp/tmux-501/ta-61709dcf801e: exit status 1: no server running on /tmp/tmux-501/ta-61709dcf801e"
time=2026-08-21T18:23:55.209+08:00 level=DEBUG msg="discovery: skipping unparsable pane line" socket=/tmp/tmux-501/ta-a9fd5b7defbd line="team-refactor-maintainability|6|%39|/Users/alauda/Documents/code/agent前沿探索/多agent协作|bash|87458|t.p9.review 零上下文设计审查已通过<|eos|> - grok|235x50|tester-t124"
time=2026-08-21T18:23:55.231+08:00 level=DEBUG msg="discovery: skipping unreachable socket" socket=/tmp/tmux-501/ta-ed81bd4d8c17 err="query tmux on /tmp/tmux-501/ta-ed81bd4d8c17: exit status 1: no server running on /tmp/tmux-501/ta-ed81bd4d8c17"
time=2026-08-21T18:23:55.240+08:00 level=DEBUG msg="discovery: skipping unreachable socket" socket=/tmp/tmux-501/ta-f1ad1b378fc7 err="query tmux on /tmp/tmux-501/ta-f1ad1b378fc7: exit status 1: no server running on /tmp/tmux-501/ta-f1ad1b378fc7"
time=2026-08-21T18:23:55.258+08:00 level=DEBUG msg="discovery: skipping unreachable socket" socket=/tmp/tmux-501/ta-t121u01 err="query tmux on /tmp/tmux-501/ta-t121u01: exit status 1: no server running on /tmp/tmux-501/ta-t121u01"
time=2026-08-21T18:23:55.272+08:00 level=DEBUG msg="discovery: skipping unreachable socket" socket=/tmp/tmux-501/ta-t121u01b err="query tmux on /tmp/tmux-501/ta-t121u01b: exit status 1: no server running on /tmp/tmux-501/ta-t121u01b"
time=2026-08-21T18:23:55.281+08:00 level=DEBUG msg="discovery: skipping unreachable socket" socket=/tmp/tmux-501/ta-user-agents err="query tmux on /tmp/tmux-501/ta-user-agents: exit status 1: no server running on /tmp/tmux-501/ta-user-agents"
time=2026-08-21T18:23:55.438+08:00 level=DEBUG msg="listing: no changes"
time=2026-08-21T18:23:55.970+08:00 level=DEBUG msg="discovery: skipping unreachable socket" socket=/tmp/tmux-501/t115d24675 err="query tmux on /tmp/tmux-501/t115d24675: exit status 1: no server running on /tmp/tmux-501/t115d24675"
time=2026-08-21T18:23:55.980+08:00 level=DEBUG msg="discovery: skipping unreachable socket" socket=/tmp/tmux-501/t115e31319 err="query tmux on /tmp/tmux-501/t115e31319: exit status 1: no server running on /tmp/tmux-501/t115e31319"
time=2026-08-21T18:23:55.991+08:00 level=DEBUG msg="discovery: skipping unreachable socket" socket=/tmp/tmux-501/t115f44898 err="query tmux on /tmp/tmux-501/t115f44898: exit status 1: no server running on /tmp/tmux-501/t115f44898"
time=2026-08-21T18:23:56.007+08:00 level=DEBUG msg="discovery: skipping unreachable socket" socket=/tmp/tmux-501/t115g47728 err="query tmux on /tmp/tmux-501/t115g47728: exit status 1: no server running on /tmp/tmux-501/t115g47728"
time=2026-08-21T18:23:56.019+08:00 level=DEBUG msg="discovery: skipping unreachable socket" socket=/tmp/tmux-501/ta-0bafa3965ade err="query tmux on /tmp/tmux-501/ta-0bafa3965ade: exit status 1: no server running on /tmp/tmux-501/ta-0bafa3965ade"
time=2026-08-21T18:23:56.058+08:00 level=DEBUG msg="discovery: skipping unreachable socket" socket=/tmp/tmux-501/ta-61709dcf801e err="query tmux on /tmp/tmux-501/ta-61709dcf801e: exit status 1: no server running on /tmp/tmux-501/ta-61709dcf801e"
time=2026-08-21T18:23:56.092+08:00 level=DEBUG msg="discovery: skipping unparsable pane line" socket=/tmp/tmux-501/ta-a9fd5b7defbd line="team-refactor-maintainability|6|%39|/Users/alauda/Documents/code/agent前沿探索/多agent协作|bash|87458|t.p9.review 零上下文设计审查已通过<|eos|> - grok|235x50|tester-t124"
time=2026-08-21T18:23:56.125+08:00 level=DEBUG msg="discovery: skipping unreachable socket" socket=/tmp/tmux-501/ta-ed81bd4d8c17 err="query tmux on /tmp/tmux-501/ta-ed81bd4d8c17: exit status 1: no server running on /tmp/tmux-501/ta-ed81bd4d8c17"
time=2026-08-21T18:23:56.136+08:00 level=DEBUG msg="discovery: skipping unreachable socket" socket=/tmp/tmux-501/ta-f1ad1b378fc7 err="query tmux on /tmp/tmux-501/ta-f1ad1b378fc7: exit status 1: no server running on /tmp/tmux-501/ta-f1ad1b378fc7"
time=2026-08-21T18:23:56.159+08:00 level=DEBUG msg="discovery: skipping unreachable socket" socket=/tmp/tmux-501/ta-t121u01 err="query tmux on /tmp/tmux-501/ta-t121u01: exit status 1: no server running on /tmp/tmux-501/ta-t121u01"
time=2026-08-21T18:23:56.172+08:00 level=DEBUG msg="discovery: skipping unreachable socket" socket=/tmp/tmux-501/ta-t121u01b err="query tmux on /tmp/tmux-501/ta-t121u01b: exit status 1: no server running on /tmp/tmux-501/ta-t121u01b"
time=2026-08-21T18:23:56.182+08:00 level=DEBUG msg="discovery: skipping unreachable socket" socket=/tmp/tmux-501/ta-user-agents err="query tmux on /tmp/tmux-501/ta-user-agents: exit status 1: no server running on /tmp/tmux-501/ta-user-agents"
time=2026-08-21T18:23:57.427+08:00 level=DEBUG msg="discovery: skipping unreachable socket" socket=/tmp/tmux-501/t115d24675 err="query tmux on /tmp/tmux-501/t115d24675: exit status 1: no server running on /tmp/tmux-501/t115d24675"
time=2026-08-21T18:23:57.436+08:00 level=DEBUG msg="discovery: skipping unreachable socket" socket=/tmp/tmux-501/t115e31319 err="query tmux on /tmp/tmux-501/t115e31319: exit status 1: no server running on /tmp/tmux-501/t115e31319"
time=2026-08-21T18:23:57.444+08:00 level=DEBUG msg="discovery: skipping unreachable socket" socket=/tmp/tmux-501/t115f44898 err="query tmux on /tmp/tmux-501/t115f44898: exit status 1: no server running on /tmp/tmux-501/t115f44898"
time=2026-08-21T18:23:57.453+08:00 level=DEBUG msg="discovery: skipping unreachable socket" socket=/tmp/tmux-501/t115g47728 err="query tmux on /tmp/tmux-501/t115g47728: exit status 1: no server running on /tmp/tmux-501/t115g47728"
time=2026-08-21T18:23:57.461+08:00 level=DEBUG msg="discovery: skipping unreachable socket" socket=/tmp/tmux-501/ta-0bafa3965ade err="query tmux on /tmp/tmux-501/ta-0bafa3965ade: exit status 1: no server running on /tmp/tmux-501/ta-0bafa3965ade"
time=2026-08-21T18:23:57.487+08:00 level=DEBUG msg="discovery: skipping unreachable socket" socket=/tmp/tmux-501/ta-61709dcf801e err="query tmux on /tmp/tmux-501/ta-61709dcf801e: exit status 1: no server running on /tmp/tmux-501/ta-61709dcf801e"
time=2026-08-21T18:23:57.507+08:00 level=DEBUG msg="discovery: skipping unparsable pane line" socket=/tmp/tmux-501/ta-a9fd5b7defbd line="team-refactor-maintainability|6|%39|/Users/alauda/Documents/code/agent前沿探索/多agent协作|bash|87458|t.p9.review 零上下文设计审查已通过<|eos|> - grok|235x50|tester-t124"
time=2026-08-21T18:23:57.525+08:00 level=DEBUG msg="discovery: skipping unreachable socket" socket=/tmp/tmux-501/ta-ed81bd4d8c17 err="query tmux on /tmp/tmux-501/ta-ed81bd4d8c17: exit status 1: no server running on /tmp/tmux-501/ta-ed81bd4d8c17"
time=2026-08-21T18:23:57.533+08:00 level=DEBUG msg="discovery: skipping unreachable socket" socket=/tmp/tmux-501/ta-f1ad1b378fc7 err="query tmux on /tmp/tmux-501/ta-f1ad1b378fc7: exit status 1: no server running on /tmp/tmux-501/ta-f1ad1b378fc7"
time=2026-08-21T18:23:57.551+08:00 level=DEBUG msg="discovery: skipping unreachable socket" socket=/tmp/tmux-501/ta-t121u01 err="query tmux on /tmp/tmux-501/ta-t121u01: exit status 1: no server running on /tmp/tmux-501/ta-t121u01"
time=2026-08-21T18:23:57.559+08:00 level=DEBUG msg="discovery: skipping unreachable socket" socket=/tmp/tmux-501/ta-t121u01b err="query tmux on /tmp/tmux-501/ta-t121u01b: exit status 1: no server running on /tmp/tmux-501/ta-t121u01b"
time=2026-08-21T18:23:57.568+08:00 level=DEBUG msg="discovery: skipping unreachable socket" socket=/tmp/tmux-501/ta-user-agents err="query tmux on /tmp/tmux-501/ta-user-agents: exit status 1: no server running on /tmp/tmux-501/ta-user-agents"
time=2026-08-21T18:23:58.636+08:00 level=DEBUG msg="listing: no changes"
time=2026-08-21T18:23:59.164+08:00 level=DEBUG msg="discovery: skipping unreachable socket" socket=/tmp/tmux-501/t115d24675 err="query tmux on /tmp/tmux-501/t115d24675: exit status 1: no server running on /tmp/tmux-501/t115d24675"
time=2026-08-21T18:23:59.172+08:00 level=DEBUG msg="discovery: skipping unreachable socket" socket=/tmp/tmux-501/t115e31319 err="query tmux on /tmp/tmux-501/t115e31319: exit status 1: no server running on /tmp/tmux-501/t115e31319"
time=2026-08-21T18:23:59.181+08:00 level=DEBUG msg="discovery: skipping unreachable socket" socket=/tmp/tmux-501/t115f44898 err="query tmux on /tmp/tmux-501/t115f44898: exit status 1: no server running on /tmp/tmux-501/t115f44898"
time=2026-08-21T18:23:59.189+08:00 level=DEBUG msg="discovery: skipping unreachable socket" socket=/tmp/tmux-501/t115g47728 err="query tmux on /tmp/tmux-501/t115g47728: exit status 1: no server running on /tmp/tmux-501/t115g47728"
time=2026-08-21T18:23:59.197+08:00 level=DEBUG msg="discovery: skipping unreachable socket" socket=/tmp/tmux-501/ta-0bafa3965ade err="query tmux on /tmp/tmux-501/ta-0bafa3965ade: exit status 1: no server running on /tmp/tmux-501/ta-0bafa3965ade"
time=2026-08-21T18:23:59.222+08:00 level=DEBUG msg="discovery: skipping unreachable socket" socket=/tmp/tmux-501/ta-61709dcf801e err="query tmux on /tmp/tmux-501/ta-61709dcf801e: exit status 1: no server running on /tmp/tmux-501/ta-61709dcf801e"
time=2026-08-21T18:23:59.240+08:00 level=DEBUG msg="discovery: skipping unparsable pane line" socket=/tmp/tmux-501/ta-a9fd5b7defbd line="team-refactor-maintainability|6|%39|/Users/alauda/Documents/code/agent前沿探索/多agent协作|bash|87458|t.p9.review 零上下文设计审查已通过<|eos|> - grok|235x50|tester-t124"
time=2026-08-21T18:23:59.256+08:00 level=DEBUG msg="discovery: skipping unreachable socket" socket=/tmp/tmux-501/ta-ed81bd4d8c17 err="query tmux on /tmp/tmux-501/ta-ed81bd4d8c17: exit status 1: no server running on /tmp/tmux-501/ta-ed81bd4d8c17"
time=2026-08-21T18:23:59.265+08:00 level=DEBUG msg="discovery: skipping unreachable socket" socket=/tmp/tmux-501/ta-f1ad1b378fc7 err="query tmux on /tmp/tmux-501/ta-f1ad1b378fc7: exit status 1: no server running on /tmp/tmux-501/ta-f1ad1b378fc7"
time=2026-08-21T18:23:59.282+08:00 level=DEBUG msg="discovery: skipping unreachable socket" socket=/tmp/tmux-501/ta-t121u01 err="query tmux on /tmp/tmux-501/ta-t121u01: exit status 1: no server running on /tmp/tmux-501/ta-t121u01"
time=2026-08-21T18:23:59.289+08:00 level=DEBUG msg="discovery: skipping unreachable socket" socket=/tmp/tmux-501/ta-t121u01b err="query tmux on /tmp/tmux-501/ta-t121u01b: exit status 1: no server running on /tmp/tmux-501/ta-t121u01b"
time=2026-08-21T18:23:59.297+08:00 level=DEBUG msg="discovery: skipping unreachable socket" socket=/tmp/tmux-501/ta-user-agents err="query tmux on /tmp/tmux-501/ta-user-agents: exit status 1: no server running on /tmp/tmux-501/ta-user-agents"
time=2026-08-21T18:23:59.733+08:00 level=DEBUG msg="discovery: skipping unreachable socket" socket=/tmp/tmux-501/t115d24675 err="query tmux on /tmp/tmux-501/t115d24675: exit status 1: no server running on /tmp/tmux-501/t115d24675"
time=2026-08-21T18:23:59.741+08:00 level=DEBUG msg="discovery: skipping unreachable socket" socket=/tmp/tmux-501/t115e31319 err="query tmux on /tmp/tmux-501/t115e31319: exit status 1: no server running on /tmp/tmux-501/t115e31319"
time=2026-08-21T18:23:59.750+08:00 level=DEBUG msg="discovery: skipping unreachable socket" socket=/tmp/tmux-501/t115f44898 err="query tmux on /tmp/tmux-501/t115f44898: exit status 1: no server running on /tmp/tmux-501/t115f44898"
time=2026-08-21T18:23:59.758+08:00 level=DEBUG msg="discovery: skipping unreachable socket" socket=/tmp/tmux-501/t115g47728 err="query tmux on /tmp/tmux-501/t115g47728: exit status 1: no server running on /tmp/tmux-501/t115g47728"
time=2026-08-21T18:23:59.767+08:00 level=DEBUG msg="discovery: skipping unreachable socket" socket=/tmp/tmux-501/ta-0bafa3965ade err="query tmux on /tmp/tmux-501/ta-0bafa3965ade: exit status 1: no server running on /tmp/tmux-501/ta-0bafa3965ade"
time=2026-08-21T18:23:59.798+08:00 level=DEBUG msg="discovery: skipping unreachable socket" socket=/tmp/tmux-501/ta-61709dcf801e err="query tmux on /tmp/tmux-501/ta-61709dcf801e: exit status 1: no server running on /tmp/tmux-501/ta-61709dcf801e"
time=2026-08-21T18:23:59.816+08:00 level=DEBUG msg="discovery: skipping unparsable pane line" socket=/tmp/tmux-501/ta-a9fd5b7defbd line="team-refactor-maintainability|6|%39|/Users/alauda/Documents/code/agent前沿探索/多agent协作|bash|87458|t.p9.review 零上下文设计审查已通过<|eos|> - grok|235x50|tester-t124"
time=2026-08-21T18:23:59.838+08:00 level=DEBUG msg="discovery: skipping unreachable socket" socket=/tmp/tmux-501/ta-ed81bd4d8c17 err="query tmux on /tmp/tmux-501/ta-ed81bd4d8c17: exit status 1: no server running on /tmp/tmux-501/ta-ed81bd4d8c17"
time=2026-08-21T18:23:59.846+08:00 level=DEBUG msg="discovery: skipping unreachable socket" socket=/tmp/tmux-501/ta-f1ad1b378fc7 err="query tmux on /tmp/tmux-501/ta-f1ad1b378fc7: exit status 1: no server running on /tmp/tmux-501/ta-f1ad1b378fc7"
time=2026-08-21T18:23:59.864+08:00 level=DEBUG msg="discovery: skipping unreachable socket" socket=/tmp/tmux-501/ta-t121u01 err="query tmux on /tmp/tmux-501/ta-t121u01: exit status 1: no server running on /tmp/tmux-501/ta-t121u01"
time=2026-08-21T18:23:59.873+08:00 level=DEBUG msg="discovery: skipping unreachable socket" socket=/tmp/tmux-501/ta-t121u01b err="query tmux on /tmp/tmux-501/ta-t121u01b: exit status 1: no server running on /tmp/tmux-501/ta-t121u01b"
time=2026-08-21T18:23:59.882+08:00 level=DEBUG msg="discovery: skipping unreachable socket" socket=/tmp/tmux-501/ta-user-agents err="query tmux on /tmp/tmux-501/ta-user-agents: exit status 1: no server running on /tmp/tmux-501/ta-user-agents"
time=2026-08-21T18:24:01.635+08:00 level=DEBUG msg="listing: no changes"
time=2026-08-21T18:24:02.021+08:00 level=DEBUG msg="discovery: skipping unreachable socket" socket=/tmp/tmux-501/t115d24675 err="query tmux on /tmp/tmux-501/t115d24675: exit status 1: no server running on /tmp/tmux-501/t115d24675"
time=2026-08-21T18:24:02.031+08:00 level=DEBUG msg="discovery: skipping unreachable socket" socket=/tmp/tmux-501/t115e31319 err="query tmux on /tmp/tmux-501/t115e31319: exit status 1: no server running on /tmp/tmux-501/t115e31319"
time=2026-08-21T18:24:02.040+08:00 level=DEBUG msg="discovery: skipping unreachable socket" socket=/tmp/tmux-501/t115f44898 err="query tmux on /tmp/tmux-501/t115f44898: exit status 1: no server running on /tmp/tmux-501/t115f44898"
time=2026-08-21T18:24:02.049+08:00 level=DEBUG msg="discovery: skipping unreachable socket" socket=/tmp/tmux-501/t115g47728 err="query tmux on /tmp/tmux-501/t115g47728: exit status 1: no server running on /tmp/tmux-501/t115g47728"
time=2026-08-21T18:24:02.057+08:00 level=DEBUG msg="discovery: skipping unreachable socket" socket=/tmp/tmux-501/ta-0bafa3965ade err="query tmux on /tmp/tmux-501/ta-0bafa3965ade: exit status 1: no server running on /tmp/tmux-501/ta-0bafa3965ade"
time=2026-08-21T18:24:02.085+08:00 level=DEBUG msg="discovery: skipping unreachable socket" socket=/tmp/tmux-501/ta-61709dcf801e err="query tmux on /tmp/tmux-501/ta-61709dcf801e: exit status 1: no server running on /tmp/tmux-501/ta-61709dcf801e"
time=2026-08-21T18:24:02.103+08:00 level=DEBUG msg="discovery: skipping unparsable pane line" socket=/tmp/tmux-501/ta-a9fd5b7defbd line="team-refactor-maintainability|6|%39|/Users/alauda/Documents/code/agent前沿探索/多agent协作|bash|87458|t.p9.review 零上下文设计审查已通过<|eos|> - grok|235x50|tester-t124"
time=2026-08-21T18:24:02.122+08:00 level=DEBUG msg="discovery: skipping unreachable socket" socket=/tmp/tmux-501/ta-ed81bd4d8c17 err="query tmux on /tmp/tmux-501/ta-ed81bd4d8c17: exit status 1: no server running on /tmp/tmux-501/ta-ed81bd4d8c17"
time=2026-08-21T18:24:02.130+08:00 level=DEBUG msg="discovery: skipping unreachable socket" socket=/tmp/tmux-501/ta-f1ad1b378fc7 err="query tmux on /tmp/tmux-501/ta-f1ad1b378fc7: exit status 1: no server running on /tmp/tmux-501/ta-f1ad1b378fc7"
time=2026-08-21T18:24:02.146+08:00 level=DEBUG msg="discovery: skipping unreachable socket" socket=/tmp/tmux-501/ta-t121u01 err="query tmux on /tmp/tmux-501/ta-t121u01: exit status 1: no server running on /tmp/tmux-501/ta-t121u01"
time=2026-08-21T18:24:02.155+08:00 level=DEBUG msg="discovery: skipping unreachable socket" socket=/tmp/tmux-501/ta-t121u01b err="query tmux on /tmp/tmux-501/ta-t121u01b: exit status 1: no server running on /tmp/tmux-501/ta-t121u01b"
time=2026-08-21T18:24:02.165+08:00 level=DEBUG msg="discovery: skipping unreachable socket" socket=/tmp/tmux-501/t115d24675 err="query tmux on /tmp/tmux-501/t115d24675: exit status 1: no server running on /tmp/tmux-501/t115d24675"
time=2026-08-21T18:24:02.167+08:00 level=DEBUG msg="discovery: skipping unreachable socket" socket=/tmp/tmux-501/ta-user-agents err="query tmux on /tmp/tmux-501/ta-user-agents: exit status 1: no server running on /tmp/tmux-501/ta-user-agents"
time=2026-08-21T18:24:02.173+08:00 level=DEBUG msg="discovery: skipping unreachable socket" socket=/tmp/tmux-501/t115e31319 err="query tmux on /tmp/tmux-501/t115e31319: exit status 1: no server running on /tmp/tmux-501/t115e31319"
time=2026-08-21T18:24:02.182+08:00 level=DEBUG msg="discovery: skipping unreachable socket" socket=/tmp/tmux-501/t115f44898 err="query tmux on /tmp/tmux-501/t115f44898: exit status 1: no server running on /tmp/tmux-501/t115f44898"
time=2026-08-21T18:24:02.191+08:00 level=DEBUG msg="discovery: skipping unreachable socket" socket=/tmp/tmux-501/t115g47728 err="query tmux on /tmp/tmux-501/t115g47728: exit status 1: no server running on /tmp/tmux-501/t115g47728"
time=2026-08-21T18:24:02.199+08:00 level=DEBUG msg="discovery: skipping unreachable socket" socket=/tmp/tmux-501/ta-0bafa3965ade err="query tmux on /tmp/tmux-501/ta-0bafa3965ade: exit status 1: no server running on /tmp/tmux-501/ta-0bafa3965ade"
time=2026-08-21T18:24:02.230+08:00 level=DEBUG msg="discovery: skipping unreachable socket" socket=/tmp/tmux-501/ta-61709dcf801e err="query tmux on /tmp/tmux-501/ta-61709dcf801e: exit status 1: no server running on /tmp/tmux-501/ta-61709dcf801e"
time=2026-08-21T18:24:02.247+08:00 level=DEBUG msg="discovery: skipping unparsable pane line" socket=/tmp/tmux-501/ta-a9fd5b7defbd line="team-refactor-maintainability|6|%39|/Users/alauda/Documents/code/agent前沿探索/多agent协作|bash|87458|t.p9.review 零上下文设计审查已通过<|eos|> - grok|235x50|tester-t124"
time=2026-08-21T18:24:02.267+08:00 level=DEBUG msg="discovery: skipping unreachable socket" socket=/tmp/tmux-501/ta-ed81bd4d8c17 err="query tmux on /tmp/tmux-501/ta-ed81bd4d8c17: exit status 1: no server running on /tmp/tmux-501/ta-ed81bd4d8c17"
time=2026-08-21T18:24:02.275+08:00 level=DEBUG msg="discovery: skipping unreachable socket" socket=/tmp/tmux-501/ta-f1ad1b378fc7 err="query tmux on /tmp/tmux-501/ta-f1ad1b378fc7: exit status 1: no server running on /tmp/tmux-501/ta-f1ad1b378fc7"
time=2026-08-21T18:24:02.292+08:00 level=DEBUG msg="discovery: skipping unreachable socket" socket=/tmp/tmux-501/ta-t121u01 err="query tmux on /tmp/tmux-501/ta-t121u01: exit status 1: no server running on /tmp/tmux-501/ta-t121u01"
time=2026-08-21T18:24:02.300+08:00 level=DEBUG msg="discovery: skipping unreachable socket" socket=/tmp/tmux-501/ta-t121u01b err="query tmux on /tmp/tmux-501/ta-t121u01b: exit status 1: no server running on /tmp/tmux-501/ta-t121u01b"
time=2026-08-21T18:24:02.308+08:00 level=DEBUG msg="discovery: skipping unreachable socket" socket=/tmp/tmux-501/ta-user-agents err="query tmux on /tmp/tmux-501/ta-user-agents: exit status 1: no server running on /tmp/tmux-501/ta-user-agents"
time=2026-08-21T18:24:04.262+08:00 level=DEBUG msg="discovery: skipping unreachable socket" socket=/tmp/tmux-501/t115d24675 err="query tmux on /tmp/tmux-501/t115d24675: exit status 1: no server running on /tmp/tmux-501/t115d24675"
time=2026-08-21T18:24:04.272+08:00 level=DEBUG msg="discovery: skipping unreachable socket" socket=/tmp/tmux-501/t115e31319 err="query tmux on /tmp/tmux-501/t115e31319: exit status 1: no server running on /tmp/tmux-501/t115e31319"
time=2026-08-21T18:24:04.282+08:00 level=DEBUG msg="discovery: skipping unreachable socket" socket=/tmp/tmux-501/t115f44898 err="query tmux on /tmp/tmux-501/t115f44898: exit status 1: no server running on /tmp/tmux-501/t115f44898"
time=2026-08-21T18:24:04.293+08:00 level=DEBUG msg="discovery: skipping unreachable socket" socket=/tmp/tmux-501/t115g47728 err="query tmux on /tmp/tmux-501/t115g47728: exit status 1: no server running on /tmp/tmux-501/t115g47728"
time=2026-08-21T18:24:04.303+08:00 level=DEBUG msg="discovery: skipping unreachable socket" socket=/tmp/tmux-501/ta-0bafa3965ade err="query tmux on /tmp/tmux-501/ta-0bafa3965ade: exit status 1: no server running on /tmp/tmux-501/ta-0bafa3965ade"
time=2026-08-21T18:24:04.337+08:00 level=DEBUG msg="discovery: skipping unreachable socket" socket=/tmp/tmux-501/ta-61709dcf801e err="query tmux on /tmp/tmux-501/ta-61709dcf801e: exit status 1: no server running on /tmp/tmux-501/ta-61709dcf801e"
time=2026-08-21T18:24:04.358+08:00 level=DEBUG msg="discovery: skipping unparsable pane line" socket=/tmp/tmux-501/ta-a9fd5b7defbd line="team-refactor-maintainability|6|%39|/Users/alauda/Documents/code/agent前沿探索/多agent协作|bash|87458|t.p9.review 零上下文设计审查已通过<|eos|> - grok|235x50|tester-t124"
time=2026-08-21T18:24:04.386+08:00 level=DEBUG msg="discovery: skipping unreachable socket" socket=/tmp/tmux-501/ta-ed81bd4d8c17 err="query tmux on /tmp/tmux-501/ta-ed81bd4d8c17: exit status 1: no server running on /tmp/tmux-501/ta-ed81bd4d8c17"
time=2026-08-21T18:24:04.397+08:00 level=DEBUG msg="discovery: skipping unreachable socket" socket=/tmp/tmux-501/ta-f1ad1b378fc7 err="query tmux on /tmp/tmux-501/ta-f1ad1b378fc7: exit status 1: no server running on /tmp/tmux-501/ta-f1ad1b378fc7"
time=2026-08-21T18:24:04.418+08:00 level=DEBUG msg="discovery: skipping unreachable socket" socket=/tmp/tmux-501/ta-t121u01 err="query tmux on /tmp/tmux-501/ta-t121u01: exit status 1: no server running on /tmp/tmux-501/ta-t121u01"
time=2026-08-21T18:24:04.432+08:00 level=DEBUG msg="discovery: skipping unreachable socket" socket=/tmp/tmux-501/ta-t121u01b err="query tmux on /tmp/tmux-501/ta-t121u01b: exit status 1: no server running on /tmp/tmux-501/ta-t121u01b"
time=2026-08-21T18:24:04.443+08:00 level=DEBUG msg="discovery: skipping unreachable socket" socket=/tmp/tmux-501/ta-user-agents err="query tmux on /tmp/tmux-501/ta-user-agents: exit status 1: no server running on /tmp/tmux-501/ta-user-agents"
time=2026-08-21T18:24:04.703+08:00 level=DEBUG msg="listing: no changes"
time=2026-08-21T18:24:05.232+08:00 level=DEBUG msg="discovery: skipping unreachable socket" socket=/tmp/tmux-501/t115d24675 err="query tmux on /tmp/tmux-501/t115d24675: exit status 1: no server running on /tmp/tmux-501/t115d24675"
time=2026-08-21T18:24:05.241+08:00 level=DEBUG msg="discovery: skipping unreachable socket" socket=/tmp/tmux-501/t115e31319 err="query tmux on /tmp/tmux-501/t115e31319: exit status 1: no server running on /tmp/tmux-501/t115e31319"
time=2026-08-21T18:24:05.249+08:00 level=DEBUG msg="discovery: skipping unreachable socket" socket=/tmp/tmux-501/t115f44898 err="query tmux on /tmp/tmux-501/t115f44898: exit status 1: no server running on /tmp/tmux-501/t115f44898"
time=2026-08-21T18:24:05.257+08:00 level=DEBUG msg="discovery: skipping unreachable socket" socket=/tmp/tmux-501/t115g47728 err="query tmux on /tmp/tmux-501/t115g47728: exit status 1: no server running on /tmp/tmux-501/t115g47728"
time=2026-08-21T18:24:05.265+08:00 level=DEBUG msg="discovery: skipping unreachable socket" socket=/tmp/tmux-501/ta-0bafa3965ade err="query tmux on /tmp/tmux-501/ta-0bafa3965ade: exit status 1: no server running on /tmp/tmux-501/ta-0bafa3965ade"
time=2026-08-21T18:24:05.296+08:00 level=DEBUG msg="discovery: skipping unreachable socket" socket=/tmp/tmux-501/ta-61709dcf801e err="query tmux on /tmp/tmux-501/ta-61709dcf801e: exit status 1: no server running on /tmp/tmux-501/ta-61709dcf801e"
time=2026-08-21T18:24:05.315+08:00 level=DEBUG msg="discovery: skipping unparsable pane line" socket=/tmp/tmux-501/ta-a9fd5b7defbd line="team-refactor-maintainability|6|%39|/Users/alauda/Documents/code/agent前沿探索/多agent协作|bash|87458|t.p9.review 零上下文设计审查已通过<|eos|> - grok|235x50|tester-t124"
time=2026-08-21T18:24:05.332+08:00 level=DEBUG msg="discovery: skipping unreachable socket" socket=/tmp/tmux-501/ta-ed81bd4d8c17 err="query tmux on /tmp/tmux-501/ta-ed81bd4d8c17: exit status 1: no server running on /tmp/tmux-501/ta-ed81bd4d8c17"
time=2026-08-21T18:24:05.341+08:00 level=DEBUG msg="discovery: skipping unreachable socket" socket=/tmp/tmux-501/ta-f1ad1b378fc7 err="query tmux on /tmp/tmux-501/ta-f1ad1b378fc7: exit status 1: no server running on /tmp/tmux-501/ta-f1ad1b378fc7"
time=2026-08-21T18:24:05.357+08:00 level=DEBUG msg="discovery: skipping unreachable socket" socket=/tmp/tmux-501/ta-t121u01 err="query tmux on /tmp/tmux-501/ta-t121u01: exit status 1: no server running on /tmp/tmux-501/ta-t121u01"
time=2026-08-21T18:24:05.365+08:00 level=DEBUG msg="discovery: skipping unreachable socket" socket=/tmp/tmux-501/ta-t121u01b err="query tmux on /tmp/tmux-501/ta-t121u01b: exit status 1: no server running on /tmp/tmux-501/ta-t121u01b"
time=2026-08-21T18:24:05.374+08:00 level=DEBUG msg="discovery: skipping unreachable socket" socket=/tmp/tmux-501/ta-user-agents err="query tmux on /tmp/tmux-501/ta-user-agents: exit status 1: no server running on /tmp/tmux-501/ta-user-agents"
time=2026-08-21T18:24:06.582+08:00 level=DEBUG msg="discovery: skipping unreachable socket" socket=/tmp/tmux-501/t115d24675 err="query tmux on /tmp/tmux-501/t115d24675: exit status 1: no server running on /tmp/tmux-501/t115d24675"
time=2026-08-21T18:24:06.591+08:00 level=DEBUG msg="discovery: skipping unreachable socket" socket=/tmp/tmux-501/t115e31319 err="query tmux on /tmp/tmux-501/t115e31319: exit status 1: no server running on /tmp/tmux-501/t115e31319"
time=2026-08-21T18:24:06.599+08:00 level=DEBUG msg="discovery: skipping unreachable socket" socket=/tmp/tmux-501/t115f44898 err="query tmux on /tmp/tmux-501/t115f44898: exit status 1: no server running on /tmp/tmux-501/t115f44898"
time=2026-08-21T18:24:06.608+08:00 level=DEBUG msg="discovery: skipping unreachable socket" socket=/tmp/tmux-501/t115g47728 err="query tmux on /tmp/tmux-501/t115g47728: exit status 1: no server running on /tmp/tmux-501/t115g47728"
time=2026-08-21T18:24:06.616+08:00 level=DEBUG msg="discovery: skipping unreachable socket" socket=/tmp/tmux-501/ta-0bafa3965ade err="query tmux on /tmp/tmux-501/ta-0bafa3965ade: exit status 1: no server running on /tmp/tmux-501/ta-0bafa3965ade"
time=2026-08-21T18:24:06.644+08:00 level=DEBUG msg="discovery: skipping unreachable socket" socket=/tmp/tmux-501/ta-61709dcf801e err="query tmux on /tmp/tmux-501/ta-61709dcf801e: exit status 1: no server running on /tmp/tmux-501/ta-61709dcf801e"
time=2026-08-21T18:24:06.662+08:00 level=DEBUG msg="discovery: skipping unparsable pane line" socket=/tmp/tmux-501/ta-a9fd5b7defbd line="team-refactor-maintainability|6|%39|/Users/alauda/Documents/code/agent前沿探索/多agent协作|bash|87458|t.p9.review 零上下文设计审查已通过<|eos|> - grok|235x50|tester-t124"
time=2026-08-21T18:24:06.680+08:00 level=DEBUG msg="discovery: skipping unreachable socket" socket=/tmp/tmux-501/ta-ed81bd4d8c17 err="query tmux on /tmp/tmux-501/ta-ed81bd4d8c17: exit status 1: no server running on /tmp/tmux-501/ta-ed81bd4d8c17"
time=2026-08-21T18:24:06.688+08:00 level=DEBUG msg="discovery: skipping unreachable socket" socket=/tmp/tmux-501/ta-f1ad1b378fc7 err="query tmux on /tmp/tmux-501/ta-f1ad1b378fc7: exit status 1: no server running on /tmp/tmux-501/ta-f1ad1b378fc7"
time=2026-08-21T18:24:06.705+08:00 level=DEBUG msg="discovery: skipping unreachable socket" socket=/tmp/tmux-501/ta-t121u01 err="query tmux on /tmp/tmux-501/ta-t121u01: exit status 1: no server running on /tmp/tmux-501/ta-t121u01"
time=2026-08-21T18:24:06.713+08:00 level=DEBUG msg="discovery: skipping unreachable socket" socket=/tmp/tmux-501/ta-t121u01b err="query tmux on /tmp/tmux-501/ta-t121u01b: exit status 1: no server running on /tmp/tmux-501/ta-t121u01b"
time=2026-08-21T18:24:06.722+08:00 level=DEBUG msg="discovery: skipping unreachable socket" socket=/tmp/tmux-501/ta-user-agents err="query tmux on /tmp/tmux-501/ta-user-agents: exit status 1: no server running on /tmp/tmux-501/ta-user-agents"
time=2026-08-21T18:24:07.674+08:00 level=DEBUG msg="listing: no changes"
time=2026-08-21T18:24:08.265+08:00 level=DEBUG msg="discovery: skipping unreachable socket" socket=/tmp/tmux-501/t115d24675 err="query tmux on /tmp/tmux-501/t115d24675: exit status 1: no server running on /tmp/tmux-501/t115d24675"
time=2026-08-21T18:24:08.274+08:00 level=DEBUG msg="discovery: skipping unreachable socket" socket=/tmp/tmux-501/t115e31319 err="query tmux on /tmp/tmux-501/t115e31319: exit status 1: no server running on /tmp/tmux-501/t115e31319"
time=2026-08-21T18:24:08.283+08:00 level=DEBUG msg="discovery: skipping unreachable socket" socket=/tmp/tmux-501/t115f44898 err="query tmux on /tmp/tmux-501/t115f44898: exit status 1: no server running on /tmp/tmux-501/t115f44898"
time=2026-08-21T18:24:08.293+08:00 level=DEBUG msg="discovery: skipping unreachable socket" socket=/tmp/tmux-501/t115g47728 err="query tmux on /tmp/tmux-501/t115g47728: exit status 1: no server running on /tmp/tmux-501/t115g47728"
time=2026-08-21T18:24:08.302+08:00 level=DEBUG msg="discovery: skipping unreachable socket" socket=/tmp/tmux-501/ta-0bafa3965ade err="query tmux on /tmp/tmux-501/ta-0bafa3965ade: exit status 1: no server running on /tmp/tmux-501/ta-0bafa3965ade"
time=2026-08-21T18:24:08.328+08:00 level=DEBUG msg="discovery: skipping unreachable socket" socket=/tmp/tmux-501/ta-61709dcf801e err="query tmux on /tmp/tmux-501/ta-61709dcf801e: exit status 1: no server running on /tmp/tmux-501/ta-61709dcf801e"
time=2026-08-21T18:24:08.347+08:00 level=DEBUG msg="discovery: skipping unparsable pane line" socket=/tmp/tmux-501/ta-a9fd5b7defbd line="team-refactor-maintainability|6|%39|/Users/alauda/Documents/code/agent前沿探索/多agent协作|bash|87458|t.p9.review 零上下文设计审查已通过<|eos|> - grok|235x50|tester-t124"
time=2026-08-21T18:24:08.364+08:00 level=DEBUG msg="discovery: skipping unreachable socket" socket=/tmp/tmux-501/ta-ed81bd4d8c17 err="query tmux on /tmp/tmux-501/ta-ed81bd4d8c17: exit status 1: no server running on /tmp/tmux-501/ta-ed81bd4d8c17"
time=2026-08-21T18:24:08.373+08:00 level=DEBUG msg="discovery: skipping unreachable socket" socket=/tmp/tmux-501/ta-f1ad1b378fc7 err="query tmux on /tmp/tmux-501/ta-f1ad1b378fc7: exit status 1: no server running on /tmp/tmux-501/ta-f1ad1b378fc7"
time=2026-08-21T18:24:08.393+08:00 level=DEBUG msg="discovery: skipping unreachable socket" socket=/tmp/tmux-501/ta-t121u01 err="query tmux on /tmp/tmux-501/ta-t121u01: exit status 1: no server running on /tmp/tmux-501/ta-t121u01"
time=2026-08-21T18:24:08.401+08:00 level=DEBUG msg="discovery: skipping unreachable socket" socket=/tmp/tmux-501/ta-t121u01b err="query tmux on /tmp/tmux-501/ta-t121u01b: exit status 1: no server running on /tmp/tmux-501/ta-t121u01b"
time=2026-08-21T18:24:08.409+08:00 level=DEBUG msg="discovery: skipping unreachable socket" socket=/tmp/tmux-501/ta-user-agents err="query tmux on /tmp/tmux-501/ta-user-agents: exit status 1: no server running on /tmp/tmux-501/ta-user-agents"
time=2026-08-21T18:24:08.868+08:00 level=DEBUG msg="discovery: skipping unreachable socket" socket=/tmp/tmux-501/t115d24675 err="query tmux on /tmp/tmux-501/t115d24675: exit status 1: no server running on /tmp/tmux-501/t115d24675"
time=2026-08-21T18:24:08.877+08:00 level=DEBUG msg="discovery: skipping unreachable socket" socket=/tmp/tmux-501/t115e31319 err="query tmux on /tmp/tmux-501/t115e31319: exit status 1: no server running on /tmp/tmux-501/t115e31319"
time=2026-08-21T18:24:08.886+08:00 level=DEBUG msg="discovery: skipping unreachable socket" socket=/tmp/tmux-501/t115f44898 err="query tmux on /tmp/tmux-501/t115f44898: exit status 1: no server running on /tmp/tmux-501/t115f44898"
time=2026-08-21T18:24:08.895+08:00 level=DEBUG msg="discovery: skipping unreachable socket" socket=/tmp/tmux-501/t115g47728 err="query tmux on /tmp/tmux-501/t115g47728: exit status 1: no server running on /tmp/tmux-501/t115g47728"
time=2026-08-21T18:24:08.903+08:00 level=DEBUG msg="discovery: skipping unreachable socket" socket=/tmp/tmux-501/ta-0bafa3965ade err="query tmux on /tmp/tmux-501/ta-0bafa3965ade: exit status 1: no server running on /tmp/tmux-501/ta-0bafa3965ade"
time=2026-08-21T18:24:08.932+08:00 level=DEBUG msg="discovery: skipping unreachable socket" socket=/tmp/tmux-501/ta-61709dcf801e err="query tmux on /tmp/tmux-501/ta-61709dcf801e: exit status 1: no server running on /tmp/tmux-501/ta-61709dcf801e"
time=2026-08-21T18:24:08.951+08:00 level=DEBUG msg="discovery: skipping unparsable pane line" socket=/tmp/tmux-501/ta-a9fd5b7defbd line="team-refactor-maintainability|6|%39|/Users/alauda/Documents/code/agent前沿探索/多agent协作|bash|87458|t.p9.review 零上下文设计审查已通过<|eos|> - grok|235x50|tester-t124"
time=2026-08-21T18:24:08.972+08:00 level=DEBUG msg="discovery: skipping unreachable socket" socket=/tmp/tmux-501/ta-ed81bd4d8c17 err="query tmux on /tmp/tmux-501/ta-ed81bd4d8c17: exit status 1: no server running on /tmp/tmux-501/ta-ed81bd4d8c17"
time=2026-08-21T18:24:08.981+08:00 level=DEBUG msg="discovery: skipping unreachable socket" socket=/tmp/tmux-501/ta-f1ad1b378fc7 err="query tmux on /tmp/tmux-501/ta-f1ad1b378fc7: exit status 1: no server running on /tmp/tmux-501/ta-f1ad1b378fc7"
time=2026-08-21T18:24:08.998+08:00 level=DEBUG msg="discovery: skipping unreachable socket" socket=/tmp/tmux-501/ta-t121u01 err="query tmux on /tmp/tmux-501/ta-t121u01: exit status 1: no server running on /tmp/tmux-501/ta-t121u01"
time=2026-08-21T18:24:09.007+08:00 level=DEBUG msg="discovery: skipping unreachable socket" socket=/tmp/tmux-501/ta-t121u01b err="query tmux on /tmp/tmux-501/ta-t121u01b: exit status 1: no server running on /tmp/tmux-501/ta-t121u01b"
time=2026-08-21T18:24:09.017+08:00 level=DEBUG msg="discovery: skipping unreachable socket" socket=/tmp/tmux-501/ta-user-agents err="query tmux on /tmp/tmux-501/ta-user-agents: exit status 1: no server running on /tmp/tmux-501/ta-user-agents"
time=2026-08-21T18:24:10.729+08:00 level=DEBUG msg="listing: no changes"
time=2026-08-21T18:24:11.151+08:00 level=DEBUG msg="discovery: skipping unreachable socket" socket=/tmp/tmux-501/t115d24675 err="query tmux on /tmp/tmux-501/t115d24675: exit status 1: no server running on /tmp/tmux-501/t115d24675"
time=2026-08-21T18:24:11.160+08:00 level=DEBUG msg="discovery: skipping unreachable socket" socket=/tmp/tmux-501/t115e31319 err="query tmux on /tmp/tmux-501/t115e31319: exit status 1: no server running on /tmp/tmux-501/t115e31319"
time=2026-08-21T18:24:11.168+08:00 level=DEBUG msg="discovery: skipping unreachable socket" socket=/tmp/tmux-501/t115f44898 err="query tmux on /tmp/tmux-501/t115f44898: exit status 1: no server running on /tmp/tmux-501/t115f44898"
time=2026-08-21T18:24:11.176+08:00 level=DEBUG msg="discovery: skipping unreachable socket" socket=/tmp/tmux-501/t115g47728 err="query tmux on /tmp/tmux-501/t115g47728: exit status 1: no server running on /tmp/tmux-501/t115g47728"
time=2026-08-21T18:24:11.184+08:00 level=DEBUG msg="discovery: skipping unreachable socket" socket=/tmp/tmux-501/ta-0bafa3965ade err="query tmux on /tmp/tmux-501/ta-0bafa3965ade: exit status 1: no server running on /tmp/tmux-501/ta-0bafa3965ade"
time=2026-08-21T18:24:11.210+08:00 level=DEBUG msg="discovery: skipping unreachable socket" socket=/tmp/tmux-501/ta-61709dcf801e err="query tmux on /tmp/tmux-501/ta-61709dcf801e: exit status 1: no server running on /tmp/tmux-501/ta-61709dcf801e"
time=2026-08-21T18:24:11.229+08:00 level=DEBUG msg="discovery: skipping unparsable pane line" socket=/tmp/tmux-501/ta-a9fd5b7defbd line="team-refactor-maintainability|6|%39|/Users/alauda/Documents/code/agent前沿探索/多agent协作|bash|87458|t.p9.review 零上下文设计审查已通过<|eos|> - grok|235x50|tester-t124"
time=2026-08-21T18:24:11.251+08:00 level=DEBUG msg="discovery: skipping unreachable socket" socket=/tmp/tmux-501/ta-ed81bd4d8c17 err="query tmux on /tmp/tmux-501/ta-ed81bd4d8c17: exit status 1: no server running on /tmp/tmux-501/ta-ed81bd4d8c17"
time=2026-08-21T18:24:11.260+08:00 level=DEBUG msg="discovery: skipping unreachable socket" socket=/tmp/tmux-501/ta-f1ad1b378fc7 err="query tmux on /tmp/tmux-501/ta-f1ad1b378fc7: exit status 1: no server running on /tmp/tmux-501/ta-f1ad1b378fc7"
time=2026-08-21T18:24:11.260+08:00 level=DEBUG msg="discovery: skipping unreachable socket" socket=/tmp/tmux-501/t115d24675 err="query tmux on /tmp/tmux-501/t115d24675: exit status 1: no server running on /tmp/tmux-501/t115d24675"
time=2026-08-21T18:24:11.268+08:00 level=DEBUG msg="discovery: skipping unreachable socket" socket=/tmp/tmux-501/t115e31319 err="query tmux on /tmp/tmux-501/t115e31319: exit status 1: no server running on /tmp/tmux-501/t115e31319"
time=2026-08-21T18:24:11.276+08:00 level=DEBUG msg="discovery: skipping unreachable socket" socket=/tmp/tmux-501/t115f44898 err="query tmux on /tmp/tmux-501/t115f44898: exit status 1: no server running on /tmp/tmux-501/t115f44898"
time=2026-08-21T18:24:11.276+08:00 level=DEBUG msg="discovery: skipping unreachable socket" socket=/tmp/tmux-501/ta-t121u01 err="query tmux on /tmp/tmux-501/ta-t121u01: exit status 1: no server running on /tmp/tmux-501/ta-t121u01"
time=2026-08-21T18:24:11.286+08:00 level=DEBUG msg="discovery: skipping unreachable socket" socket=/tmp/tmux-501/ta-t121u01b err="query tmux on /tmp/tmux-501/ta-t121u01b: exit status 1: no server running on /tmp/tmux-501/ta-t121u01b"
time=2026-08-21T18:24:11.286+08:00 level=DEBUG msg="discovery: skipping unreachable socket" socket=/tmp/tmux-501/t115g47728 err="query tmux on /tmp/tmux-501/t115g47728: exit status 1: no server running on /tmp/tmux-501/t115g47728"
time=2026-08-21T18:24:11.295+08:00 level=DEBUG msg="discovery: skipping unreachable socket" socket=/tmp/tmux-501/ta-user-agents err="query tmux on /tmp/tmux-501/ta-user-agents: exit status 1: no server running on /tmp/tmux-501/ta-user-agents"
time=2026-08-21T18:24:11.295+08:00 level=DEBUG msg="discovery: skipping unreachable socket" socket=/tmp/tmux-501/ta-0bafa3965ade err="query tmux on /tmp/tmux-501/ta-0bafa3965ade: exit status 1: no server running on /tmp/tmux-501/ta-0bafa3965ade"
time=2026-08-21T18:24:11.321+08:00 level=DEBUG msg="discovery: skipping unreachable socket" socket=/tmp/tmux-501/ta-61709dcf801e err="query tmux on /tmp/tmux-501/ta-61709dcf801e: exit status 1: no server running on /tmp/tmux-501/ta-61709dcf801e"
time=2026-08-21T18:24:11.346+08:00 level=DEBUG msg="discovery: skipping unparsable pane line" socket=/tmp/tmux-501/ta-a9fd5b7defbd line="team-refactor-maintainability|6|%39|/Users/alauda/Documents/code/agent前沿探索/多agent协作|bash|87458|t.p9.review 零上下文设计审查已通过<|eos|> - grok|235x50|tester-t124"
time=2026-08-21T18:24:11.364+08:00 level=DEBUG msg="discovery: skipping unreachable socket" socket=/tmp/tmux-501/ta-ed81bd4d8c17 err="query tmux on /tmp/tmux-501/ta-ed81bd4d8c17: exit status 1: no server running on /tmp/tmux-501/ta-ed81bd4d8c17"
time=2026-08-21T18:24:11.372+08:00 level=DEBUG msg="discovery: skipping unreachable socket" socket=/tmp/tmux-501/ta-f1ad1b378fc7 err="query tmux on /tmp/tmux-501/ta-f1ad1b378fc7: exit status 1: no server running on /tmp/tmux-501/ta-f1ad1b378fc7"
time=2026-08-21T18:24:11.392+08:00 level=DEBUG msg="discovery: skipping unreachable socket" socket=/tmp/tmux-501/ta-t121u01 err="query tmux on /tmp/tmux-501/ta-t121u01: exit status 1: no server running on /tmp/tmux-501/ta-t121u01"
time=2026-08-21T18:24:11.400+08:00 level=DEBUG msg="discovery: skipping unreachable socket" socket=/tmp/tmux-501/ta-t121u01b err="query tmux on /tmp/tmux-501/ta-t121u01b: exit status 1: no server running on /tmp/tmux-501/ta-t121u01b"
time=2026-08-21T18:24:11.408+08:00 level=DEBUG msg="discovery: skipping unreachable socket" socket=/tmp/tmux-501/ta-user-agents err="query tmux on /tmp/tmux-501/ta-user-agents: exit status 1: no server running on /tmp/tmux-501/ta-user-agents"
time=2026-08-21T18:24:13.303+08:00 level=INFO msg="shutting down"
time=2026-08-21T18:24:13.304+08:00 level=DEBUG msg="level2 loop stopped"
