time=2026-08-09T16:49:19.481+08:00 level=INFO msg="single-instance guard acquired" pidfile=/tmp/e2e-l2.KhUMRL/state/agentmirrord.pid
time=2026-08-09T16:49:19.481+08:00 level=INFO msg="pairing token source=explicit"
time=2026-08-09T16:49:19.481+08:00 level=INFO msg="agentmirrord starting" listen=0.0.0.0:9514 qr_listen="" token_source=explicit upload_dir=/tmp/e2e-l2.KhUMRL/uploads max_upload_mib=20 list_interval=500ms
time=2026-08-09T16:49:19.481+08:00 level=DEBUG msg="listing loop started" interval=500ms
time=2026-08-09T16:49:19.482+08:00 level=WARN msg="tailnet 未启用：未配置 TS authkey，仅 LAN 监听"
                                             
                                             
    █▀▀▀▀▀█ ▀█▀▄  █   █▄██▄▀ ▀▄▀▄ █▀▀▀▀▀█    
    █ ███ █ ▄█▀▀█▀▀█ ▀▀█▄▀█ ▀▄▀█  █ ███ █    
    █ ▀▀▀ █ █ █▄▄ ▀▀▀▄▄▄▀ ▀▀█▀▄▀█ █ ▀▀▀ █    
    ▀▀▀▀▀▀▀ █ █▄█▄█▄▀▄▀ █▄▀▄▀ █ ▀ ▀▀▀▀▀▀▀    
    ▀▄▄ ▀▄▀██▀▀█▄▀▀ ▄▀█▀▄▀█   ▀▄▀▀█▀██ ▄▀    
     ██  ▄▀█▀ █ ██  ▀█▀▄ █ ▀▀▀ ▀▀   ▀ █▄▄    
    ▀▄▀█▄ ▀  █▄▄ ▄▀██▀█▀▄▀▄▄▄▄█▄██▀ ▄▄▀ ▀    
     ▄  ▀▀▀▀█▀█▄ ▀ ▀█▄  ▀█ ▀  █▀█   ▀█▄ ▄    
    █▀▀▄▄▄▀██ █  ▀  ▀█  █▀█▄  ▀▄▀▀█▄▄▄█      
     █▄█ ▄▀▄ ▀▄▀▀  █▄▄█ ▀█ █▄▀█▀██▄█ █▄▀▄    
    █▄▀█▀ ▀█ ▀▀▄▄█ ▄ █  ▄▀ ▄▄▄█▄ ▀▀█▄ ▀      
     █▄▄█▄▀▀ ▀█▀ ▄▄█▀██▄ █▄▀▄▀█▀█▄▀▄▄█▄ ▄    
    ▄▀  ▄█▀ ▄▄▄█▄▀▀▀▄ █  █▀█  ██▀▄▀▀█▀▀█     
      ▀▀█▀▀▄  █▄▀█▄ ▀▄█ █▄▄▀ ▀█▀▀▄▀ ▀█▄ ▄    
    ▀▀    ▀ ██ ▀▄▀▀█ █ ▀▄█▄▄█▄▀▄█▀▀▀█▀█▀     
    █▀▀▀▀▀█ ▀█▄▄  █▀█ ▀  ███ ▀ ▄█ ▀ ██▄▄     
    █ ███ █ ▀▄ ▄█▄▀ ▀ ▄▀▀▀▀▄█▄█ █▀██▀▀█▀█    
    █ ▀▀▀ █    ▄█ ▀█▄▄▄▄▀▄██▄ ▄▀▀█▀▄ █▄▄     
    ▀▀▀▀▀▀▀ ▀ ▀ ▀ ▀  ▀▀  ▀ ▀  ▀    ▀▀ ▀▀▀    
                                             
                                             

──────────────────────────────────────────────
配对信息 · 用 App 扫码，或手填以下内容：
  服务端 ws 地址 : ws://10.20.55.20:9514/ws
  配对 token      : E2EL26265357
  其他可达地址（若上面的连不上，改用下列之一）：
    ws://10.20.55.20:9514/ws   [lan]
    ws://192.168.31.116:9514/ws   [lan]
time=2026-08-09T16:49:39.671+08:00 level=DEBUG msg="discovery: skipping socket directory" dir=/tmp/e2e-l2.KhUMRL/tmux/tmux-501 err="open /tmp/e2e-l2.KhUMRL/tmux/tmux-501: no such file or directory"
time=2026-08-09T16:49:39.701+08:00 level=DEBUG msg="discovery: skipping unreachable socket" socket=/tmp/tmux-501/ta-0da65bceb372 err="query tmux on /tmp/tmux-501/ta-0da65bceb372: exit status 1: no server running on /tmp/tmux-501/ta-0da65bceb372"
time=2026-08-09T16:49:39.707+08:00 level=DEBUG msg="discovery: skipping unreachable socket" socket=/tmp/tmux-501/ta-192b3d7a4b4d err="query tmux on /tmp/tmux-501/ta-192b3d7a4b4d: exit status 1: no server running on /tmp/tmux-501/ta-192b3d7a4b4d"
time=2026-08-09T16:49:39.719+08:00 level=DEBUG msg="discovery: skipping unreachable socket" socket=/tmp/tmux-501/ta-19bab105a233 err="query tmux on /tmp/tmux-501/ta-19bab105a233: exit status 1: no server running on /tmp/tmux-501/ta-19bab105a233"
time=2026-08-09T16:49:39.725+08:00 level=DEBUG msg="discovery: skipping unreachable socket" socket=/tmp/tmux-501/ta-2183ff26eaba err="query tmux on /tmp/tmux-501/ta-2183ff26eaba: exit status 1: no server running on /tmp/tmux-501/ta-2183ff26eaba"
time=2026-08-09T16:49:39.742+08:00 level=DEBUG msg="discovery: skipping unreachable socket" socket=/tmp/tmux-501/ta-27ae35442db0 err="query tmux on /tmp/tmux-501/ta-27ae35442db0: exit status 1: no server running on /tmp/tmux-501/ta-27ae35442db0"
time=2026-08-09T16:49:39.757+08:00 level=DEBUG msg="discovery: skipping unreachable socket" socket=/tmp/tmux-501/ta-29ad6c433fb0 err="query tmux on /tmp/tmux-501/ta-29ad6c433fb0: exit status 1: no server running on /tmp/tmux-501/ta-29ad6c433fb0"
time=2026-08-09T16:49:39.769+08:00 level=DEBUG msg="discovery: skipping unreachable socket" socket=/tmp/tmux-501/ta-2b2b0f6042c3 err="query tmux on /tmp/tmux-501/ta-2b2b0f6042c3: exit status 1: no server running on /tmp/tmux-501/ta-2b2b0f6042c3"
time=2026-08-09T16:49:39.776+08:00 level=DEBUG msg="discovery: skipping unreachable socket" socket=/tmp/tmux-501/ta-2d881fc24979 err="query tmux on /tmp/tmux-501/ta-2d881fc24979: exit status 1: no server running on /tmp/tmux-501/ta-2d881fc24979"
time=2026-08-09T16:49:39.782+08:00 level=DEBUG msg="discovery: skipping unreachable socket" socket=/tmp/tmux-501/ta-3511002e6186 err="query tmux on /tmp/tmux-501/ta-3511002e6186: exit status 1: no server running on /tmp/tmux-501/ta-3511002e6186"
time=2026-08-09T16:49:39.786+08:00 level=DEBUG msg="discovery: skipping socket directory" dir=/tmp/e2e-l2.KhUMRL/tmux/tmux-501 err="open /tmp/e2e-l2.KhUMRL/tmux/tmux-501: no such file or directory"
time=2026-08-09T16:49:39.806+08:00 level=DEBUG msg="discovery: skipping unreachable socket" socket=/tmp/tmux-501/ta-0da65bceb372 err="query tmux on /tmp/tmux-501/ta-0da65bceb372: exit status 1: no server running on /tmp/tmux-501/ta-0da65bceb372"
time=2026-08-09T16:49:39.806+08:00 level=DEBUG msg="discovery: skipping unreachable socket" socket=/tmp/tmux-501/ta-670fcfc61db1 err="query tmux on /tmp/tmux-501/ta-670fcfc61db1: exit status 1: no server running on /tmp/tmux-501/ta-670fcfc61db1"
time=2026-08-09T16:49:39.812+08:00 level=DEBUG msg="discovery: skipping unreachable socket" socket=/tmp/tmux-501/ta-192b3d7a4b4d err="query tmux on /tmp/tmux-501/ta-192b3d7a4b4d: exit status 1: no server running on /tmp/tmux-501/ta-192b3d7a4b4d"
time=2026-08-09T16:49:39.812+08:00 level=DEBUG msg="discovery: skipping unreachable socket" socket=/tmp/tmux-501/ta-714648f68f78 err="query tmux on /tmp/tmux-501/ta-714648f68f78: exit status 1: no server running on /tmp/tmux-501/ta-714648f68f78"
time=2026-08-09T16:49:39.818+08:00 level=DEBUG msg="discovery: skipping unreachable socket" socket=/tmp/tmux-501/ta-19bab105a233 err="query tmux on /tmp/tmux-501/ta-19bab105a233: exit status 1: no server running on /tmp/tmux-501/ta-19bab105a233"
time=2026-08-09T16:49:39.818+08:00 level=DEBUG msg="discovery: skipping unreachable socket" socket=/tmp/tmux-501/ta-76d99a0fb54d err="query tmux on /tmp/tmux-501/ta-76d99a0fb54d: exit status 1: no server running on /tmp/tmux-501/ta-76d99a0fb54d"
time=2026-08-09T16:49:39.824+08:00 level=DEBUG msg="discovery: skipping unreachable socket" socket=/tmp/tmux-501/ta-2183ff26eaba err="query tmux on /tmp/tmux-501/ta-2183ff26eaba: exit status 1: no server running on /tmp/tmux-501/ta-2183ff26eaba"
time=2026-08-09T16:49:39.824+08:00 level=DEBUG msg="discovery: skipping unreachable socket" socket=/tmp/tmux-501/ta-7cf3455fc7ef err="query tmux on /tmp/tmux-501/ta-7cf3455fc7ef: exit status 1: no server running on /tmp/tmux-501/ta-7cf3455fc7ef"
time=2026-08-09T16:49:39.831+08:00 level=DEBUG msg="discovery: skipping unreachable socket" socket=/tmp/tmux-501/ta-8f9301481b91 err="query tmux on /tmp/tmux-501/ta-8f9301481b91: exit status 1: no server running on /tmp/tmux-501/ta-8f9301481b91"
time=2026-08-09T16:49:39.837+08:00 level=DEBUG msg="discovery: skipping unreachable socket" socket=/tmp/tmux-501/ta-9f7ab2efc12e err="query tmux on /tmp/tmux-501/ta-9f7ab2efc12e: exit status 1: no server running on /tmp/tmux-501/ta-9f7ab2efc12e"
time=2026-08-09T16:49:39.838+08:00 level=DEBUG msg="discovery: skipping unreachable socket" socket=/tmp/tmux-501/ta-27ae35442db0 err="query tmux on /tmp/tmux-501/ta-27ae35442db0: exit status 1: no server running on /tmp/tmux-501/ta-27ae35442db0"
time=2026-08-09T16:49:39.843+08:00 level=DEBUG msg="discovery: skipping unreachable socket" socket=/tmp/tmux-501/ta-a389ed2be6d0 err="query tmux on /tmp/tmux-501/ta-a389ed2be6d0: exit status 1: no server running on /tmp/tmux-501/ta-a389ed2be6d0"
time=2026-08-09T16:49:39.852+08:00 level=DEBUG msg="discovery: skipping unreachable socket" socket=/tmp/tmux-501/ta-29ad6c433fb0 err="query tmux on /tmp/tmux-501/ta-29ad6c433fb0: exit status 1: no server running on /tmp/tmux-501/ta-29ad6c433fb0"
time=2026-08-09T16:49:39.858+08:00 level=DEBUG msg="discovery: skipping unreachable socket" socket=/tmp/tmux-501/ta-2b2b0f6042c3 err="query tmux on /tmp/tmux-501/ta-2b2b0f6042c3: exit status 1: no server running on /tmp/tmux-501/ta-2b2b0f6042c3"
time=2026-08-09T16:49:39.864+08:00 level=DEBUG msg="discovery: skipping unreachable socket" socket=/tmp/tmux-501/ta-2d881fc24979 err="query tmux on /tmp/tmux-501/ta-2d881fc24979: exit status 1: no server running on /tmp/tmux-501/ta-2d881fc24979"
time=2026-08-09T16:49:39.875+08:00 level=DEBUG msg="discovery: skipping unreachable socket" socket=/tmp/tmux-501/ta-3511002e6186 err="query tmux on /tmp/tmux-501/ta-3511002e6186: exit status 1: no server running on /tmp/tmux-501/ta-3511002e6186"
time=2026-08-09T16:49:39.879+08:00 level=DEBUG msg="discovery: skipping unreachable socket" socket=/tmp/tmux-501/ta-d596a9f9a2a6 err="query tmux on /tmp/tmux-501/ta-d596a9f9a2a6: exit status 1: no server running on /tmp/tmux-501/ta-d596a9f9a2a6"
time=2026-08-09T16:49:39.885+08:00 level=DEBUG msg="discovery: skipping unreachable socket" socket=/tmp/tmux-501/ta-d9dc8c25f425 err="query tmux on /tmp/tmux-501/ta-d9dc8c25f425: exit status 1: no server running on /tmp/tmux-501/ta-d9dc8c25f425"
time=2026-08-09T16:49:39.893+08:00 level=DEBUG msg="discovery: skipping unreachable socket" socket=/tmp/tmux-501/ta-e4fe872351d8 err="query tmux on /tmp/tmux-501/ta-e4fe872351d8: exit status 1: no server running on /tmp/tmux-501/ta-e4fe872351d8"
time=2026-08-09T16:49:39.899+08:00 level=DEBUG msg="discovery: skipping unreachable socket" socket=/tmp/tmux-501/ta-e94aa181e16c err="query tmux on /tmp/tmux-501/ta-e94aa181e16c: exit status 1: no server running on /tmp/tmux-501/ta-e94aa181e16c"
time=2026-08-09T16:49:39.901+08:00 level=DEBUG msg="discovery: skipping unreachable socket" socket=/tmp/tmux-501/ta-670fcfc61db1 err="query tmux on /tmp/tmux-501/ta-670fcfc61db1: exit status 1: no server running on /tmp/tmux-501/ta-670fcfc61db1"
time=2026-08-09T16:49:39.907+08:00 level=DEBUG msg="discovery: skipping unreachable socket" socket=/tmp/tmux-501/ta-ebf95952bfe3 err="query tmux on /tmp/tmux-501/ta-ebf95952bfe3: exit status 1: no server running on /tmp/tmux-501/ta-ebf95952bfe3"
time=2026-08-09T16:49:39.907+08:00 level=DEBUG msg="discovery: skipping unreachable socket" socket=/tmp/tmux-501/ta-714648f68f78 err="query tmux on /tmp/tmux-501/ta-714648f68f78: exit status 1: no server running on /tmp/tmux-501/ta-714648f68f78"
time=2026-08-09T16:49:39.914+08:00 level=DEBUG msg="discovery: skipping unreachable socket" socket=/tmp/tmux-501/ta-fa2252466833 err="query tmux on /tmp/tmux-501/ta-fa2252466833: exit status 1: no server running on /tmp/tmux-501/ta-fa2252466833"
time=2026-08-09T16:49:39.914+08:00 level=DEBUG msg="discovery: skipping unreachable socket" socket=/tmp/tmux-501/ta-76d99a0fb54d err="query tmux on /tmp/tmux-501/ta-76d99a0fb54d: exit status 1: no server running on /tmp/tmux-501/ta-76d99a0fb54d"
time=2026-08-09T16:49:39.914+08:00 level=DEBUG msg="listing: first snapshot" seq=1
time=2026-08-09T16:49:39.914+08:00 level=DEBUG msg="discovery: skipping socket directory" dir=/tmp/e2e-l2.KhUMRL/tmux/tmux-501 err="open /tmp/e2e-l2.KhUMRL/tmux/tmux-501: no such file or directory"
time=2026-08-09T16:49:39.921+08:00 level=DEBUG msg="discovery: skipping unreachable socket" socket=/tmp/tmux-501/ta-7cf3455fc7ef err="query tmux on /tmp/tmux-501/ta-7cf3455fc7ef: exit status 1: no server running on /tmp/tmux-501/ta-7cf3455fc7ef"
time=2026-08-09T16:49:39.927+08:00 level=DEBUG msg="discovery: skipping unreachable socket" socket=/tmp/tmux-501/ta-8f9301481b91 err="query tmux on /tmp/tmux-501/ta-8f9301481b91: exit status 1: no server running on /tmp/tmux-501/ta-8f9301481b91"
time=2026-08-09T16:49:39.945+08:00 level=DEBUG msg="discovery: skipping unreachable socket" socket=/tmp/tmux-501/ta-9f7ab2efc12e err="query tmux on /tmp/tmux-501/ta-9f7ab2efc12e: exit status 1: no server running on /tmp/tmux-501/ta-9f7ab2efc12e"
time=2026-08-09T16:49:39.950+08:00 level=DEBUG msg="discovery: skipping unreachable socket" socket=/tmp/tmux-501/ta-0da65bceb372 err="query tmux on /tmp/tmux-501/ta-0da65bceb372: exit status 1: no server running on /tmp/tmux-501/ta-0da65bceb372"
time=2026-08-09T16:49:39.952+08:00 level=DEBUG msg="discovery: skipping unreachable socket" socket=/tmp/tmux-501/ta-a389ed2be6d0 err="query tmux on /tmp/tmux-501/ta-a389ed2be6d0: exit status 1: no server running on /tmp/tmux-501/ta-a389ed2be6d0"
time=2026-08-09T16:49:39.958+08:00 level=DEBUG msg="discovery: skipping unreachable socket" socket=/tmp/tmux-501/ta-192b3d7a4b4d err="query tmux on /tmp/tmux-501/ta-192b3d7a4b4d: exit status 1: no server running on /tmp/tmux-501/ta-192b3d7a4b4d"
time=2026-08-09T16:49:39.973+08:00 level=DEBUG msg="discovery: skipping unreachable socket" socket=/tmp/tmux-501/ta-19bab105a233 err="query tmux on /tmp/tmux-501/ta-19bab105a233: exit status 1: no server running on /tmp/tmux-501/ta-19bab105a233"
time=2026-08-09T16:49:39.979+08:00 level=DEBUG msg="discovery: skipping unreachable socket" socket=/tmp/tmux-501/ta-2183ff26eaba err="query tmux on /tmp/tmux-501/ta-2183ff26eaba: exit status 1: no server running on /tmp/tmux-501/ta-2183ff26eaba"
time=2026-08-09T16:49:39.992+08:00 level=DEBUG msg="discovery: skipping unreachable socket" socket=/tmp/tmux-501/ta-d596a9f9a2a6 err="query tmux on /tmp/tmux-501/ta-d596a9f9a2a6: exit status 1: no server running on /tmp/tmux-501/ta-d596a9f9a2a6"
time=2026-08-09T16:49:39.994+08:00 level=DEBUG msg="discovery: skipping unreachable socket" socket=/tmp/tmux-501/ta-27ae35442db0 err="query tmux on /tmp/tmux-501/ta-27ae35442db0: exit status 1: no server running on /tmp/tmux-501/ta-27ae35442db0"
time=2026-08-09T16:49:39.999+08:00 level=DEBUG msg="discovery: skipping unreachable socket" socket=/tmp/tmux-501/ta-d9dc8c25f425 err="query tmux on /tmp/tmux-501/ta-d9dc8c25f425: exit status 1: no server running on /tmp/tmux-501/ta-d9dc8c25f425"
time=2026-08-09T16:49:40.011+08:00 level=DEBUG msg="discovery: skipping unreachable socket" socket=/tmp/tmux-501/ta-e4fe872351d8 err="query tmux on /tmp/tmux-501/ta-e4fe872351d8: exit status 1: no server running on /tmp/tmux-501/ta-e4fe872351d8"
time=2026-08-09T16:49:40.014+08:00 level=DEBUG msg="discovery: skipping unreachable socket" socket=/tmp/tmux-501/ta-29ad6c433fb0 err="query tmux on /tmp/tmux-501/ta-29ad6c433fb0: exit status 1: no server running on /tmp/tmux-501/ta-29ad6c433fb0"
time=2026-08-09T16:49:40.018+08:00 level=DEBUG msg="discovery: skipping unreachable socket" socket=/tmp/tmux-501/ta-e94aa181e16c err="query tmux on /tmp/tmux-501/ta-e94aa181e16c: exit status 1: no server running on /tmp/tmux-501/ta-e94aa181e16c"
time=2026-08-09T16:49:40.024+08:00 level=DEBUG msg="discovery: skipping unreachable socket" socket=/tmp/tmux-501/ta-2b2b0f6042c3 err="query tmux on /tmp/tmux-501/ta-2b2b0f6042c3: exit status 1: no server running on /tmp/tmux-501/ta-2b2b0f6042c3"
time=2026-08-09T16:49:40.026+08:00 level=DEBUG msg="discovery: skipping unreachable socket" socket=/tmp/tmux-501/ta-ebf95952bfe3 err="query tmux on /tmp/tmux-501/ta-ebf95952bfe3: exit status 1: no server running on /tmp/tmux-501/ta-ebf95952bfe3"
time=2026-08-09T16:49:40.033+08:00 level=DEBUG msg="discovery: skipping unreachable socket" socket=/tmp/tmux-501/ta-fa2252466833 err="query tmux on /tmp/tmux-501/ta-fa2252466833: exit status 1: no server running on /tmp/tmux-501/ta-fa2252466833"
time=2026-08-09T16:49:40.033+08:00 level=DEBUG msg="discovery: skipping unreachable socket" socket=/tmp/tmux-501/ta-2d881fc24979 err="query tmux on /tmp/tmux-501/ta-2d881fc24979: exit status 1: no server running on /tmp/tmux-501/ta-2d881fc24979"
time=2026-08-09T16:49:40.040+08:00 level=DEBUG msg="discovery: skipping unreachable socket" socket=/tmp/tmux-501/ta-3511002e6186 err="query tmux on /tmp/tmux-501/ta-3511002e6186: exit status 1: no server running on /tmp/tmux-501/ta-3511002e6186"
time=2026-08-09T16:49:40.073+08:00 level=DEBUG msg="discovery: skipping unreachable socket" socket=/tmp/tmux-501/ta-670fcfc61db1 err="query tmux on /tmp/tmux-501/ta-670fcfc61db1: exit status 1: no server running on /tmp/tmux-501/ta-670fcfc61db1"
time=2026-08-09T16:49:40.082+08:00 level=DEBUG msg="discovery: skipping unreachable socket" socket=/tmp/tmux-501/ta-714648f68f78 err="query tmux on /tmp/tmux-501/ta-714648f68f78: exit status 1: no server running on /tmp/tmux-501/ta-714648f68f78"
time=2026-08-09T16:49:40.089+08:00 level=DEBUG msg="discovery: skipping unreachable socket" socket=/tmp/tmux-501/ta-76d99a0fb54d err="query tmux on /tmp/tmux-501/ta-76d99a0fb54d: exit status 1: no server running on /tmp/tmux-501/ta-76d99a0fb54d"
time=2026-08-09T16:49:40.096+08:00 level=DEBUG msg="discovery: skipping unreachable socket" socket=/tmp/tmux-501/ta-7cf3455fc7ef err="query tmux on /tmp/tmux-501/ta-7cf3455fc7ef: exit status 1: no server running on /tmp/tmux-501/ta-7cf3455fc7ef"
time=2026-08-09T16:49:40.115+08:00 level=DEBUG msg="discovery: skipping unreachable socket" socket=/tmp/tmux-501/ta-8f9301481b91 err="query tmux on /tmp/tmux-501/ta-8f9301481b91: exit status 1: no server running on /tmp/tmux-501/ta-8f9301481b91"
time=2026-08-09T16:49:40.123+08:00 level=DEBUG msg="discovery: skipping unreachable socket" socket=/tmp/tmux-501/ta-9f7ab2efc12e err="query tmux on /tmp/tmux-501/ta-9f7ab2efc12e: exit status 1: no server running on /tmp/tmux-501/ta-9f7ab2efc12e"
time=2026-08-09T16:49:40.129+08:00 level=DEBUG msg="discovery: skipping unreachable socket" socket=/tmp/tmux-501/ta-a389ed2be6d0 err="query tmux on /tmp/tmux-501/ta-a389ed2be6d0: exit status 1: no server running on /tmp/tmux-501/ta-a389ed2be6d0"
time=2026-08-09T16:49:40.157+08:00 level=DEBUG msg="discovery: skipping unreachable socket" socket=/tmp/tmux-501/ta-d596a9f9a2a6 err="query tmux on /tmp/tmux-501/ta-d596a9f9a2a6: exit status 1: no server running on /tmp/tmux-501/ta-d596a9f9a2a6"
time=2026-08-09T16:49:40.163+08:00 level=DEBUG msg="discovery: skipping unreachable socket" socket=/tmp/tmux-501/ta-d9dc8c25f425 err="query tmux on /tmp/tmux-501/ta-d9dc8c25f425: exit status 1: no server running on /tmp/tmux-501/ta-d9dc8c25f425"
time=2026-08-09T16:49:40.170+08:00 level=DEBUG msg="discovery: skipping unreachable socket" socket=/tmp/tmux-501/ta-e4fe872351d8 err="query tmux on /tmp/tmux-501/ta-e4fe872351d8: exit status 1: no server running on /tmp/tmux-501/ta-e4fe872351d8"
time=2026-08-09T16:49:40.176+08:00 level=DEBUG msg="discovery: skipping unreachable socket" socket=/tmp/tmux-501/ta-e94aa181e16c err="query tmux on /tmp/tmux-501/ta-e94aa181e16c: exit status 1: no server running on /tmp/tmux-501/ta-e94aa181e16c"
time=2026-08-09T16:49:40.182+08:00 level=DEBUG msg="discovery: skipping unreachable socket" socket=/tmp/tmux-501/ta-ebf95952bfe3 err="query tmux on /tmp/tmux-501/ta-ebf95952bfe3: exit status 1: no server running on /tmp/tmux-501/ta-ebf95952bfe3"
time=2026-08-09T16:49:40.189+08:00 level=DEBUG msg="discovery: skipping unreachable socket" socket=/tmp/tmux-501/ta-fa2252466833 err="query tmux on /tmp/tmux-501/ta-fa2252466833: exit status 1: no server running on /tmp/tmux-501/ta-fa2252466833"
time=2026-08-09T16:49:40.690+08:00 level=DEBUG msg="discovery: skipping socket directory" dir=/tmp/e2e-l2.KhUMRL/tmux/tmux-501 err="open /tmp/e2e-l2.KhUMRL/tmux/tmux-501: no such file or directory"
time=2026-08-09T16:49:40.708+08:00 level=DEBUG msg="discovery: skipping unreachable socket" socket=/tmp/tmux-501/ta-0da65bceb372 err="query tmux on /tmp/tmux-501/ta-0da65bceb372: exit status 1: no server running on /tmp/tmux-501/ta-0da65bceb372"
time=2026-08-09T16:49:40.714+08:00 level=DEBUG msg="discovery: skipping unreachable socket" socket=/tmp/tmux-501/ta-192b3d7a4b4d err="query tmux on /tmp/tmux-501/ta-192b3d7a4b4d: exit status 1: no server running on /tmp/tmux-501/ta-192b3d7a4b4d"
time=2026-08-09T16:49:40.720+08:00 level=DEBUG msg="discovery: skipping unreachable socket" socket=/tmp/tmux-501/ta-19bab105a233 err="query tmux on /tmp/tmux-501/ta-19bab105a233: exit status 1: no server running on /tmp/tmux-501/ta-19bab105a233"
time=2026-08-09T16:49:40.726+08:00 level=DEBUG msg="discovery: skipping unreachable socket" socket=/tmp/tmux-501/ta-2183ff26eaba err="query tmux on /tmp/tmux-501/ta-2183ff26eaba: exit status 1: no server running on /tmp/tmux-501/ta-2183ff26eaba"
time=2026-08-09T16:49:40.738+08:00 level=DEBUG msg="discovery: skipping unreachable socket" socket=/tmp/tmux-501/ta-27ae35442db0 err="query tmux on /tmp/tmux-501/ta-27ae35442db0: exit status 1: no server running on /tmp/tmux-501/ta-27ae35442db0"
time=2026-08-09T16:49:40.750+08:00 level=DEBUG msg="discovery: skipping unreachable socket" socket=/tmp/tmux-501/ta-29ad6c433fb0 err="query tmux on /tmp/tmux-501/ta-29ad6c433fb0: exit status 1: no server running on /tmp/tmux-501/ta-29ad6c433fb0"
time=2026-08-09T16:49:40.756+08:00 level=DEBUG msg="discovery: skipping unreachable socket" socket=/tmp/tmux-501/ta-2b2b0f6042c3 err="query tmux on /tmp/tmux-501/ta-2b2b0f6042c3: exit status 1: no server running on /tmp/tmux-501/ta-2b2b0f6042c3"
time=2026-08-09T16:49:40.770+08:00 level=DEBUG msg="discovery: skipping unreachable socket" socket=/tmp/tmux-501/ta-2d881fc24979 err="query tmux on /tmp/tmux-501/ta-2d881fc24979: exit status 1: no server running on /tmp/tmux-501/ta-2d881fc24979"
time=2026-08-09T16:49:40.780+08:00 level=DEBUG msg="discovery: skipping unreachable socket" socket=/tmp/tmux-501/ta-3511002e6186 err="query tmux on /tmp/tmux-501/ta-3511002e6186: exit status 1: no server running on /tmp/tmux-501/ta-3511002e6186"
time=2026-08-09T16:49:40.807+08:00 level=DEBUG msg="discovery: skipping unreachable socket" socket=/tmp/tmux-501/ta-670fcfc61db1 err="query tmux on /tmp/tmux-501/ta-670fcfc61db1: exit status 1: no server running on /tmp/tmux-501/ta-670fcfc61db1"
time=2026-08-09T16:49:40.813+08:00 level=DEBUG msg="discovery: skipping unreachable socket" socket=/tmp/tmux-501/ta-714648f68f78 err="query tmux on /tmp/tmux-501/ta-714648f68f78: exit status 1: no server running on /tmp/tmux-501/ta-714648f68f78"
time=2026-08-09T16:49:40.819+08:00 level=DEBUG msg="discovery: skipping unreachable socket" socket=/tmp/tmux-501/ta-76d99a0fb54d err="query tmux on /tmp/tmux-501/ta-76d99a0fb54d: exit status 1: no server running on /tmp/tmux-501/ta-76d99a0fb54d"
time=2026-08-09T16:49:40.824+08:00 level=DEBUG msg="discovery: skipping unreachable socket" socket=/tmp/tmux-501/ta-7cf3455fc7ef err="query tmux on /tmp/tmux-501/ta-7cf3455fc7ef: exit status 1: no server running on /tmp/tmux-501/ta-7cf3455fc7ef"
time=2026-08-09T16:49:40.829+08:00 level=DEBUG msg="discovery: skipping unreachable socket" socket=/tmp/tmux-501/ta-8f9301481b91 err="query tmux on /tmp/tmux-501/ta-8f9301481b91: exit status 1: no server running on /tmp/tmux-501/ta-8f9301481b91"
time=2026-08-09T16:49:40.834+08:00 level=DEBUG msg="discovery: skipping unreachable socket" socket=/tmp/tmux-501/ta-9f7ab2efc12e err="query tmux on /tmp/tmux-501/ta-9f7ab2efc12e: exit status 1: no server running on /tmp/tmux-501/ta-9f7ab2efc12e"
time=2026-08-09T16:49:40.839+08:00 level=DEBUG msg="discovery: skipping unreachable socket" socket=/tmp/tmux-501/ta-a389ed2be6d0 err="query tmux on /tmp/tmux-501/ta-a389ed2be6d0: exit status 1: no server running on /tmp/tmux-501/ta-a389ed2be6d0"
time=2026-08-09T16:49:40.862+08:00 level=DEBUG msg="discovery: skipping unreachable socket" socket=/tmp/tmux-501/ta-d596a9f9a2a6 err="query tmux on /tmp/tmux-501/ta-d596a9f9a2a6: exit status 1: no server running on /tmp/tmux-501/ta-d596a9f9a2a6"
time=2026-08-09T16:49:40.868+08:00 level=DEBUG msg="discovery: skipping unreachable socket" socket=/tmp/tmux-501/ta-d9dc8c25f425 err="query tmux on /tmp/tmux-501/ta-d9dc8c25f425: exit status 1: no server running on /tmp/tmux-501/ta-d9dc8c25f425"
time=2026-08-09T16:49:40.873+08:00 level=DEBUG msg="discovery: skipping unreachable socket" socket=/tmp/tmux-501/ta-e4fe872351d8 err="query tmux on /tmp/tmux-501/ta-e4fe872351d8: exit status 1: no server running on /tmp/tmux-501/ta-e4fe872351d8"
time=2026-08-09T16:49:40.879+08:00 level=DEBUG msg="discovery: skipping unreachable socket" socket=/tmp/tmux-501/ta-e94aa181e16c err="query tmux on /tmp/tmux-501/ta-e94aa181e16c: exit status 1: no server running on /tmp/tmux-501/ta-e94aa181e16c"
time=2026-08-09T16:49:40.884+08:00 level=DEBUG msg="discovery: skipping unreachable socket" socket=/tmp/tmux-501/ta-ebf95952bfe3 err="query tmux on /tmp/tmux-501/ta-ebf95952bfe3: exit status 1: no server running on /tmp/tmux-501/ta-ebf95952bfe3"
time=2026-08-09T16:49:40.890+08:00 level=DEBUG msg="discovery: skipping unreachable socket" socket=/tmp/tmux-501/ta-fa2252466833 err="query tmux on /tmp/tmux-501/ta-fa2252466833: exit status 1: no server running on /tmp/tmux-501/ta-fa2252466833"
time=2026-08-09T16:49:41.392+08:00 level=DEBUG msg="discovery: skipping socket directory" dir=/tmp/e2e-l2.KhUMRL/tmux/tmux-501 err="open /tmp/e2e-l2.KhUMRL/tmux/tmux-501: no such file or directory"
time=2026-08-09T16:49:41.410+08:00 level=DEBUG msg="discovery: skipping unreachable socket" socket=/tmp/tmux-501/ta-0da65bceb372 err="query tmux on /tmp/tmux-501/ta-0da65bceb372: exit status 1: no server running on /tmp/tmux-501/ta-0da65bceb372"
time=2026-08-09T16:49:41.415+08:00 level=DEBUG msg="discovery: skipping unreachable socket" socket=/tmp/tmux-501/ta-192b3d7a4b4d err="query tmux on /tmp/tmux-501/ta-192b3d7a4b4d: exit status 1: no server running on /tmp/tmux-501/ta-192b3d7a4b4d"
time=2026-08-09T16:49:41.420+08:00 level=DEBUG msg="discovery: skipping unreachable socket" socket=/tmp/tmux-501/ta-19bab105a233 err="query tmux on /tmp/tmux-501/ta-19bab105a233: exit status 1: no server running on /tmp/tmux-501/ta-19bab105a233"
time=2026-08-09T16:49:41.426+08:00 level=DEBUG msg="discovery: skipping unreachable socket" socket=/tmp/tmux-501/ta-2183ff26eaba err="query tmux on /tmp/tmux-501/ta-2183ff26eaba: exit status 1: no server running on /tmp/tmux-501/ta-2183ff26eaba"
time=2026-08-09T16:49:41.438+08:00 level=DEBUG msg="discovery: skipping unreachable socket" socket=/tmp/tmux-501/ta-27ae35442db0 err="query tmux on /tmp/tmux-501/ta-27ae35442db0: exit status 1: no server running on /tmp/tmux-501/ta-27ae35442db0"
time=2026-08-09T16:49:41.449+08:00 level=DEBUG msg="discovery: skipping unreachable socket" socket=/tmp/tmux-501/ta-29ad6c433fb0 err="query tmux on /tmp/tmux-501/ta-29ad6c433fb0: exit status 1: no server running on /tmp/tmux-501/ta-29ad6c433fb0"
time=2026-08-09T16:49:41.454+08:00 level=DEBUG msg="discovery: skipping unreachable socket" socket=/tmp/tmux-501/ta-2b2b0f6042c3 err="query tmux on /tmp/tmux-501/ta-2b2b0f6042c3: exit status 1: no server running on /tmp/tmux-501/ta-2b2b0f6042c3"
time=2026-08-09T16:49:41.460+08:00 level=DEBUG msg="discovery: skipping unreachable socket" socket=/tmp/tmux-501/ta-2d881fc24979 err="query tmux on /tmp/tmux-501/ta-2d881fc24979: exit status 1: no server running on /tmp/tmux-501/ta-2d881fc24979"
time=2026-08-09T16:49:41.465+08:00 level=DEBUG msg="discovery: skipping unreachable socket" socket=/tmp/tmux-501/ta-3511002e6186 err="query tmux on /tmp/tmux-501/ta-3511002e6186: exit status 1: no server running on /tmp/tmux-501/ta-3511002e6186"
time=2026-08-09T16:49:41.488+08:00 level=DEBUG msg="discovery: skipping unreachable socket" socket=/tmp/tmux-501/ta-670fcfc61db1 err="query tmux on /tmp/tmux-501/ta-670fcfc61db1: exit status 1: no server running on /tmp/tmux-501/ta-670fcfc61db1"
time=2026-08-09T16:49:41.493+08:00 level=DEBUG msg="discovery: skipping unreachable socket" socket=/tmp/tmux-501/ta-714648f68f78 err="query tmux on /tmp/tmux-501/ta-714648f68f78: exit status 1: no server running on /tmp/tmux-501/ta-714648f68f78"
time=2026-08-09T16:49:41.499+08:00 level=DEBUG msg="discovery: skipping unreachable socket" socket=/tmp/tmux-501/ta-76d99a0fb54d err="query tmux on /tmp/tmux-501/ta-76d99a0fb54d: exit status 1: no server running on /tmp/tmux-501/ta-76d99a0fb54d"
time=2026-08-09T16:49:41.504+08:00 level=DEBUG msg="discovery: skipping unreachable socket" socket=/tmp/tmux-501/ta-7cf3455fc7ef err="query tmux on /tmp/tmux-501/ta-7cf3455fc7ef: exit status 1: no server running on /tmp/tmux-501/ta-7cf3455fc7ef"
time=2026-08-09T16:49:41.509+08:00 level=DEBUG msg="discovery: skipping unreachable socket" socket=/tmp/tmux-501/ta-8f9301481b91 err="query tmux on /tmp/tmux-501/ta-8f9301481b91: exit status 1: no server running on /tmp/tmux-501/ta-8f9301481b91"
time=2026-08-09T16:49:41.515+08:00 level=DEBUG msg="discovery: skipping unreachable socket" socket=/tmp/tmux-501/ta-9f7ab2efc12e err="query tmux on /tmp/tmux-501/ta-9f7ab2efc12e: exit status 1: no server running on /tmp/tmux-501/ta-9f7ab2efc12e"
time=2026-08-09T16:49:41.520+08:00 level=DEBUG msg="discovery: skipping unreachable socket" socket=/tmp/tmux-501/ta-a389ed2be6d0 err="query tmux on /tmp/tmux-501/ta-a389ed2be6d0: exit status 1: no server running on /tmp/tmux-501/ta-a389ed2be6d0"
time=2026-08-09T16:49:41.543+08:00 level=DEBUG msg="discovery: skipping unreachable socket" socket=/tmp/tmux-501/ta-d596a9f9a2a6 err="query tmux on /tmp/tmux-501/ta-d596a9f9a2a6: exit status 1: no server running on /tmp/tmux-501/ta-d596a9f9a2a6"
time=2026-08-09T16:49:41.548+08:00 level=DEBUG msg="discovery: skipping unreachable socket" socket=/tmp/tmux-501/ta-d9dc8c25f425 err="query tmux on /tmp/tmux-501/ta-d9dc8c25f425: exit status 1: no server running on /tmp/tmux-501/ta-d9dc8c25f425"
time=2026-08-09T16:49:41.553+08:00 level=DEBUG msg="discovery: skipping unreachable socket" socket=/tmp/tmux-501/ta-e4fe872351d8 err="query tmux on /tmp/tmux-501/ta-e4fe872351d8: exit status 1: no server running on /tmp/tmux-501/ta-e4fe872351d8"
time=2026-08-09T16:49:41.559+08:00 level=DEBUG msg="discovery: skipping unreachable socket" socket=/tmp/tmux-501/ta-e94aa181e16c err="query tmux on /tmp/tmux-501/ta-e94aa181e16c: exit status 1: no server running on /tmp/tmux-501/ta-e94aa181e16c"
time=2026-08-09T16:49:41.564+08:00 level=DEBUG msg="discovery: skipping unreachable socket" socket=/tmp/tmux-501/ta-ebf95952bfe3 err="query tmux on /tmp/tmux-501/ta-ebf95952bfe3: exit status 1: no server running on /tmp/tmux-501/ta-ebf95952bfe3"
time=2026-08-09T16:49:41.571+08:00 level=DEBUG msg="discovery: skipping unreachable socket" socket=/tmp/tmux-501/ta-fa2252466833 err="query tmux on /tmp/tmux-501/ta-fa2252466833: exit status 1: no server running on /tmp/tmux-501/ta-fa2252466833"
time=2026-08-09T16:49:41.571+08:00 level=DEBUG msg="listing: no changes"
time=2026-08-09T16:49:42.072+08:00 level=DEBUG msg="discovery: skipping socket directory" dir=/tmp/e2e-l2.KhUMRL/tmux/tmux-501 err="open /tmp/e2e-l2.KhUMRL/tmux/tmux-501: no such file or directory"
time=2026-08-09T16:49:42.088+08:00 level=DEBUG msg="discovery: skipping unreachable socket" socket=/tmp/tmux-501/ta-0da65bceb372 err="query tmux on /tmp/tmux-501/ta-0da65bceb372: exit status 1: no server running on /tmp/tmux-501/ta-0da65bceb372"
time=2026-08-09T16:49:42.093+08:00 level=DEBUG msg="discovery: skipping unreachable socket" socket=/tmp/tmux-501/ta-192b3d7a4b4d err="query tmux on /tmp/tmux-501/ta-192b3d7a4b4d: exit status 1: no server running on /tmp/tmux-501/ta-192b3d7a4b4d"
time=2026-08-09T16:49:42.098+08:00 level=DEBUG msg="discovery: skipping unreachable socket" socket=/tmp/tmux-501/ta-19bab105a233 err="query tmux on /tmp/tmux-501/ta-19bab105a233: exit status 1: no server running on /tmp/tmux-501/ta-19bab105a233"
time=2026-08-09T16:49:42.104+08:00 level=DEBUG msg="discovery: skipping unreachable socket" socket=/tmp/tmux-501/ta-2183ff26eaba err="query tmux on /tmp/tmux-501/ta-2183ff26eaba: exit status 1: no server running on /tmp/tmux-501/ta-2183ff26eaba"
time=2026-08-09T16:49:42.115+08:00 level=DEBUG msg="discovery: skipping unreachable socket" socket=/tmp/tmux-501/ta-27ae35442db0 err="query tmux on /tmp/tmux-501/ta-27ae35442db0: exit status 1: no server running on /tmp/tmux-501/ta-27ae35442db0"
time=2026-08-09T16:49:42.126+08:00 level=DEBUG msg="discovery: skipping unreachable socket" socket=/tmp/tmux-501/ta-29ad6c433fb0 err="query tmux on /tmp/tmux-501/ta-29ad6c433fb0: exit status 1: no server running on /tmp/tmux-501/ta-29ad6c433fb0"
time=2026-08-09T16:49:42.131+08:00 level=DEBUG msg="discovery: skipping unreachable socket" socket=/tmp/tmux-501/ta-2b2b0f6042c3 err="query tmux on /tmp/tmux-501/ta-2b2b0f6042c3: exit status 1: no server running on /tmp/tmux-501/ta-2b2b0f6042c3"
time=2026-08-09T16:49:42.136+08:00 level=DEBUG msg="discovery: skipping unreachable socket" socket=/tmp/tmux-501/ta-2d881fc24979 err="query tmux on /tmp/tmux-501/ta-2d881fc24979: exit status 1: no server running on /tmp/tmux-501/ta-2d881fc24979"
time=2026-08-09T16:49:42.142+08:00 level=DEBUG msg="discovery: skipping unreachable socket" socket=/tmp/tmux-501/ta-3511002e6186 err="query tmux on /tmp/tmux-501/ta-3511002e6186: exit status 1: no server running on /tmp/tmux-501/ta-3511002e6186"
time=2026-08-09T16:49:42.165+08:00 level=DEBUG msg="discovery: skipping unreachable socket" socket=/tmp/tmux-501/ta-670fcfc61db1 err="query tmux on /tmp/tmux-501/ta-670fcfc61db1: exit status 1: no server running on /tmp/tmux-501/ta-670fcfc61db1"
time=2026-08-09T16:49:42.170+08:00 level=DEBUG msg="discovery: skipping unreachable socket" socket=/tmp/tmux-501/ta-714648f68f78 err="query tmux on /tmp/tmux-501/ta-714648f68f78: exit status 1: no server running on /tmp/tmux-501/ta-714648f68f78"
time=2026-08-09T16:49:42.176+08:00 level=DEBUG msg="discovery: skipping unreachable socket" socket=/tmp/tmux-501/ta-76d99a0fb54d err="query tmux on /tmp/tmux-501/ta-76d99a0fb54d: exit status 1: no server running on /tmp/tmux-501/ta-76d99a0fb54d"
time=2026-08-09T16:49:42.181+08:00 level=DEBUG msg="discovery: skipping unreachable socket" socket=/tmp/tmux-501/ta-7cf3455fc7ef err="query tmux on /tmp/tmux-501/ta-7cf3455fc7ef: exit status 1: no server running on /tmp/tmux-501/ta-7cf3455fc7ef"
time=2026-08-09T16:49:42.186+08:00 level=DEBUG msg="discovery: skipping unreachable socket" socket=/tmp/tmux-501/ta-8f9301481b91 err="query tmux on /tmp/tmux-501/ta-8f9301481b91: exit status 1: no server running on /tmp/tmux-501/ta-8f9301481b91"
time=2026-08-09T16:49:42.191+08:00 level=DEBUG msg="discovery: skipping unreachable socket" socket=/tmp/tmux-501/ta-9f7ab2efc12e err="query tmux on /tmp/tmux-501/ta-9f7ab2efc12e: exit status 1: no server running on /tmp/tmux-501/ta-9f7ab2efc12e"
time=2026-08-09T16:49:42.198+08:00 level=DEBUG msg="discovery: skipping unreachable socket" socket=/tmp/tmux-501/ta-a389ed2be6d0 err="query tmux on /tmp/tmux-501/ta-a389ed2be6d0: exit status 1: no server running on /tmp/tmux-501/ta-a389ed2be6d0"
time=2026-08-09T16:49:42.220+08:00 level=DEBUG msg="discovery: skipping unreachable socket" socket=/tmp/tmux-501/ta-d596a9f9a2a6 err="query tmux on /tmp/tmux-501/ta-d596a9f9a2a6: exit status 1: no server running on /tmp/tmux-501/ta-d596a9f9a2a6"
time=2026-08-09T16:49:42.225+08:00 level=DEBUG msg="discovery: skipping unreachable socket" socket=/tmp/tmux-501/ta-d9dc8c25f425 err="query tmux on /tmp/tmux-501/ta-d9dc8c25f425: exit status 1: no server running on /tmp/tmux-501/ta-d9dc8c25f425"
time=2026-08-09T16:49:42.231+08:00 level=DEBUG msg="discovery: skipping unreachable socket" socket=/tmp/tmux-501/ta-e4fe872351d8 err="query tmux on /tmp/tmux-501/ta-e4fe872351d8: exit status 1: no server running on /tmp/tmux-501/ta-e4fe872351d8"
time=2026-08-09T16:49:42.236+08:00 level=DEBUG msg="discovery: skipping unreachable socket" socket=/tmp/tmux-501/ta-e94aa181e16c err="query tmux on /tmp/tmux-501/ta-e94aa181e16c: exit status 1: no server running on /tmp/tmux-501/ta-e94aa181e16c"
time=2026-08-09T16:49:42.242+08:00 level=DEBUG msg="discovery: skipping unreachable socket" socket=/tmp/tmux-501/ta-ebf95952bfe3 err="query tmux on /tmp/tmux-501/ta-ebf95952bfe3: exit status 1: no server running on /tmp/tmux-501/ta-ebf95952bfe3"
time=2026-08-09T16:49:42.247+08:00 level=DEBUG msg="discovery: skipping unreachable socket" socket=/tmp/tmux-501/ta-fa2252466833 err="query tmux on /tmp/tmux-501/ta-fa2252466833: exit status 1: no server running on /tmp/tmux-501/ta-fa2252466833"
time=2026-08-09T16:49:42.248+08:00 level=DEBUG msg="listing: no changes"
time=2026-08-09T16:49:42.748+08:00 level=DEBUG msg="discovery: skipping socket directory" dir=/tmp/e2e-l2.KhUMRL/tmux/tmux-501 err="open /tmp/e2e-l2.KhUMRL/tmux/tmux-501: no such file or directory"
time=2026-08-09T16:49:42.766+08:00 level=DEBUG msg="discovery: skipping unreachable socket" socket=/tmp/tmux-501/ta-0da65bceb372 err="query tmux on /tmp/tmux-501/ta-0da65bceb372: exit status 1: no server running on /tmp/tmux-501/ta-0da65bceb372"
time=2026-08-09T16:49:42.772+08:00 level=DEBUG msg="discovery: skipping unreachable socket" socket=/tmp/tmux-501/ta-192b3d7a4b4d err="query tmux on /tmp/tmux-501/ta-192b3d7a4b4d: exit status 1: no server running on /tmp/tmux-501/ta-192b3d7a4b4d"
time=2026-08-09T16:49:42.777+08:00 level=DEBUG msg="discovery: skipping unreachable socket" socket=/tmp/tmux-501/ta-19bab105a233 err="query tmux on /tmp/tmux-501/ta-19bab105a233: exit status 1: no server running on /tmp/tmux-501/ta-19bab105a233"
time=2026-08-09T16:49:42.782+08:00 level=DEBUG msg="discovery: skipping unreachable socket" socket=/tmp/tmux-501/ta-2183ff26eaba err="query tmux on /tmp/tmux-501/ta-2183ff26eaba: exit status 1: no server running on /tmp/tmux-501/ta-2183ff26eaba"
time=2026-08-09T16:49:42.795+08:00 level=DEBUG msg="discovery: skipping unreachable socket" socket=/tmp/tmux-501/ta-27ae35442db0 err="query tmux on /tmp/tmux-501/ta-27ae35442db0: exit status 1: no server running on /tmp/tmux-501/ta-27ae35442db0"
time=2026-08-09T16:49:42.806+08:00 level=DEBUG msg="discovery: skipping unreachable socket" socket=/tmp/tmux-501/ta-29ad6c433fb0 err="query tmux on /tmp/tmux-501/ta-29ad6c433fb0: exit status 1: no server running on /tmp/tmux-501/ta-29ad6c433fb0"
time=2026-08-09T16:49:42.812+08:00 level=DEBUG msg="discovery: skipping unreachable socket" socket=/tmp/tmux-501/ta-2b2b0f6042c3 err="query tmux on /tmp/tmux-501/ta-2b2b0f6042c3: exit status 1: no server running on /tmp/tmux-501/ta-2b2b0f6042c3"
time=2026-08-09T16:49:42.818+08:00 level=DEBUG msg="discovery: skipping unreachable socket" socket=/tmp/tmux-501/ta-2d881fc24979 err="query tmux on /tmp/tmux-501/ta-2d881fc24979: exit status 1: no server running on /tmp/tmux-501/ta-2d881fc24979"
time=2026-08-09T16:49:42.824+08:00 level=DEBUG msg="discovery: skipping unreachable socket" socket=/tmp/tmux-501/ta-3511002e6186 err="query tmux on /tmp/tmux-501/ta-3511002e6186: exit status 1: no server running on /tmp/tmux-501/ta-3511002e6186"
time=2026-08-09T16:49:42.847+08:00 level=DEBUG msg="discovery: skipping unreachable socket" socket=/tmp/tmux-501/ta-670fcfc61db1 err="query tmux on /tmp/tmux-501/ta-670fcfc61db1: exit status 1: no server running on /tmp/tmux-501/ta-670fcfc61db1"
time=2026-08-09T16:49:42.853+08:00 level=DEBUG msg="discovery: skipping unreachable socket" socket=/tmp/tmux-501/ta-714648f68f78 err="query tmux on /tmp/tmux-501/ta-714648f68f78: exit status 1: no server running on /tmp/tmux-501/ta-714648f68f78"
time=2026-08-09T16:49:42.858+08:00 level=DEBUG msg="discovery: skipping unreachable socket" socket=/tmp/tmux-501/ta-76d99a0fb54d err="query tmux on /tmp/tmux-501/ta-76d99a0fb54d: exit status 1: no server running on /tmp/tmux-501/ta-76d99a0fb54d"
time=2026-08-09T16:49:42.864+08:00 level=DEBUG msg="discovery: skipping unreachable socket" socket=/tmp/tmux-501/ta-7cf3455fc7ef err="query tmux on /tmp/tmux-501/ta-7cf3455fc7ef: exit status 1: no server running on /tmp/tmux-501/ta-7cf3455fc7ef"
time=2026-08-09T16:49:42.869+08:00 level=DEBUG msg="discovery: skipping unreachable socket" socket=/tmp/tmux-501/ta-8f9301481b91 err="query tmux on /tmp/tmux-501/ta-8f9301481b91: exit status 1: no server running on /tmp/tmux-501/ta-8f9301481b91"
time=2026-08-09T16:49:42.875+08:00 level=DEBUG msg="discovery: skipping unreachable socket" socket=/tmp/tmux-501/ta-9f7ab2efc12e err="query tmux on /tmp/tmux-501/ta-9f7ab2efc12e: exit status 1: no server running on /tmp/tmux-501/ta-9f7ab2efc12e"
time=2026-08-09T16:49:42.880+08:00 level=DEBUG msg="discovery: skipping unreachable socket" socket=/tmp/tmux-501/ta-a389ed2be6d0 err="query tmux on /tmp/tmux-501/ta-a389ed2be6d0: exit status 1: no server running on /tmp/tmux-501/ta-a389ed2be6d0"
time=2026-08-09T16:49:42.903+08:00 level=DEBUG msg="discovery: skipping unreachable socket" socket=/tmp/tmux-501/ta-d596a9f9a2a6 err="query tmux on /tmp/tmux-501/ta-d596a9f9a2a6: exit status 1: no server running on /tmp/tmux-501/ta-d596a9f9a2a6"
time=2026-08-09T16:49:42.908+08:00 level=DEBUG msg="discovery: skipping unreachable socket" socket=/tmp/tmux-501/ta-d9dc8c25f425 err="query tmux on /tmp/tmux-501/ta-d9dc8c25f425: exit status 1: no server running on /tmp/tmux-501/ta-d9dc8c25f425"
time=2026-08-09T16:49:42.914+08:00 level=DEBUG msg="discovery: skipping unreachable socket" socket=/tmp/tmux-501/ta-e4fe872351d8 err="query tmux on /tmp/tmux-501/ta-e4fe872351d8: exit status 1: no server running on /tmp/tmux-501/ta-e4fe872351d8"
time=2026-08-09T16:49:42.919+08:00 level=DEBUG msg="discovery: skipping unreachable socket" socket=/tmp/tmux-501/ta-e94aa181e16c err="query tmux on /tmp/tmux-501/ta-e94aa181e16c: exit status 1: no server running on /tmp/tmux-501/ta-e94aa181e16c"
time=2026-08-09T16:49:42.924+08:00 level=DEBUG msg="discovery: skipping unreachable socket" socket=/tmp/tmux-501/ta-ebf95952bfe3 err="query tmux on /tmp/tmux-501/ta-ebf95952bfe3: exit status 1: no server running on /tmp/tmux-501/ta-ebf95952bfe3"
time=2026-08-09T16:49:42.930+08:00 level=DEBUG msg="discovery: skipping unreachable socket" socket=/tmp/tmux-501/ta-fa2252466833 err="query tmux on /tmp/tmux-501/ta-fa2252466833: exit status 1: no server running on /tmp/tmux-501/ta-fa2252466833"
time=2026-08-09T16:49:42.931+08:00 level=DEBUG msg="listing: no changes"
time=2026-08-09T16:49:43.200+08:00 level=DEBUG msg="state: sample failed" ref="/tmp/tmux-501/ta-4084e65390fc\x1f%189" err="capture pane %189 on /tmp/tmux-501/ta-4084e65390fc: exit status 1"
time=2026-08-09T16:49:43.432+08:00 level=DEBUG msg="discovery: skipping socket directory" dir=/tmp/e2e-l2.KhUMRL/tmux/tmux-501 err="open /tmp/e2e-l2.KhUMRL/tmux/tmux-501: no such file or directory"
time=2026-08-09T16:49:43.453+08:00 level=DEBUG msg="discovery: skipping unreachable socket" socket=/tmp/tmux-501/ta-0da65bceb372 err="query tmux on /tmp/tmux-501/ta-0da65bceb372: exit status 1: no server running on /tmp/tmux-501/ta-0da65bceb372"
time=2026-08-09T16:49:43.458+08:00 level=DEBUG msg="discovery: skipping unreachable socket" socket=/tmp/tmux-501/ta-192b3d7a4b4d err="query tmux on /tmp/tmux-501/ta-192b3d7a4b4d: exit status 1: no server running on /tmp/tmux-501/ta-192b3d7a4b4d"
time=2026-08-09T16:49:43.464+08:00 level=DEBUG msg="discovery: skipping unreachable socket" socket=/tmp/tmux-501/ta-19bab105a233 err="query tmux on /tmp/tmux-501/ta-19bab105a233: exit status 1: no server running on /tmp/tmux-501/ta-19bab105a233"
time=2026-08-09T16:49:43.469+08:00 level=DEBUG msg="discovery: skipping unreachable socket" socket=/tmp/tmux-501/ta-2183ff26eaba err="query tmux on /tmp/tmux-501/ta-2183ff26eaba: exit status 1: no server running on /tmp/tmux-501/ta-2183ff26eaba"
time=2026-08-09T16:49:43.481+08:00 level=DEBUG msg="discovery: skipping unreachable socket" socket=/tmp/tmux-501/ta-27ae35442db0 err="query tmux on /tmp/tmux-501/ta-27ae35442db0: exit status 1: no server running on /tmp/tmux-501/ta-27ae35442db0"
time=2026-08-09T16:49:43.499+08:00 level=DEBUG msg="discovery: skipping unreachable socket" socket=/tmp/tmux-501/ta-29ad6c433fb0 err="query tmux on /tmp/tmux-501/ta-29ad6c433fb0: exit status 1: no server running on /tmp/tmux-501/ta-29ad6c433fb0"
time=2026-08-09T16:49:43.505+08:00 level=DEBUG msg="discovery: skipping unreachable socket" socket=/tmp/tmux-501/ta-2b2b0f6042c3 err="query tmux on /tmp/tmux-501/ta-2b2b0f6042c3: exit status 1: no server running on /tmp/tmux-501/ta-2b2b0f6042c3"
time=2026-08-09T16:49:43.511+08:00 level=DEBUG msg="discovery: skipping unreachable socket" socket=/tmp/tmux-501/ta-2d881fc24979 err="query tmux on /tmp/tmux-501/ta-2d881fc24979: exit status 1: no server running on /tmp/tmux-501/ta-2d881fc24979"
time=2026-08-09T16:49:43.517+08:00 level=DEBUG msg="discovery: skipping unreachable socket" socket=/tmp/tmux-501/ta-3511002e6186 err="query tmux on /tmp/tmux-501/ta-3511002e6186: exit status 1: no server running on /tmp/tmux-501/ta-3511002e6186"
time=2026-08-09T16:49:43.541+08:00 level=DEBUG msg="discovery: skipping unreachable socket" socket=/tmp/tmux-501/ta-670fcfc61db1 err="query tmux on /tmp/tmux-501/ta-670fcfc61db1: exit status 1: no server running on /tmp/tmux-501/ta-670fcfc61db1"
time=2026-08-09T16:49:43.547+08:00 level=DEBUG msg="discovery: skipping unreachable socket" socket=/tmp/tmux-501/ta-714648f68f78 err="query tmux on /tmp/tmux-501/ta-714648f68f78: exit status 1: no server running on /tmp/tmux-501/ta-714648f68f78"
time=2026-08-09T16:49:43.552+08:00 level=DEBUG msg="discovery: skipping unreachable socket" socket=/tmp/tmux-501/ta-76d99a0fb54d err="query tmux on /tmp/tmux-501/ta-76d99a0fb54d: exit status 1: no server running on /tmp/tmux-501/ta-76d99a0fb54d"
time=2026-08-09T16:49:43.557+08:00 level=DEBUG msg="discovery: skipping unreachable socket" socket=/tmp/tmux-501/ta-7cf3455fc7ef err="query tmux on /tmp/tmux-501/ta-7cf3455fc7ef: exit status 1: no server running on /tmp/tmux-501/ta-7cf3455fc7ef"
time=2026-08-09T16:49:43.563+08:00 level=DEBUG msg="discovery: skipping unreachable socket" socket=/tmp/tmux-501/ta-8f9301481b91 err="query tmux on /tmp/tmux-501/ta-8f9301481b91: exit status 1: no server running on /tmp/tmux-501/ta-8f9301481b91"
time=2026-08-09T16:49:43.569+08:00 level=DEBUG msg="discovery: skipping unreachable socket" socket=/tmp/tmux-501/ta-9f7ab2efc12e err="query tmux on /tmp/tmux-501/ta-9f7ab2efc12e: exit status 1: no server running on /tmp/tmux-501/ta-9f7ab2efc12e"
time=2026-08-09T16:49:43.575+08:00 level=DEBUG msg="discovery: skipping unreachable socket" socket=/tmp/tmux-501/ta-a389ed2be6d0 err="query tmux on /tmp/tmux-501/ta-a389ed2be6d0: exit status 1: no server running on /tmp/tmux-501/ta-a389ed2be6d0"
time=2026-08-09T16:49:43.600+08:00 level=DEBUG msg="discovery: skipping unreachable socket" socket=/tmp/tmux-501/ta-d596a9f9a2a6 err="query tmux on /tmp/tmux-501/ta-d596a9f9a2a6: exit status 1: no server running on /tmp/tmux-501/ta-d596a9f9a2a6"
time=2026-08-09T16:49:43.605+08:00 level=DEBUG msg="discovery: skipping unreachable socket" socket=/tmp/tmux-501/ta-d9dc8c25f425 err="query tmux on /tmp/tmux-501/ta-d9dc8c25f425: exit status 1: no server running on /tmp/tmux-501/ta-d9dc8c25f425"
time=2026-08-09T16:49:43.611+08:00 level=DEBUG msg="discovery: skipping unreachable socket" socket=/tmp/tmux-501/ta-e4fe872351d8 err="query tmux on /tmp/tmux-501/ta-e4fe872351d8: exit status 1: no server running on /tmp/tmux-501/ta-e4fe872351d8"
time=2026-08-09T16:49:43.616+08:00 level=DEBUG msg="discovery: skipping unreachable socket" socket=/tmp/tmux-501/ta-e94aa181e16c err="query tmux on /tmp/tmux-501/ta-e94aa181e16c: exit status 1: no server running on /tmp/tmux-501/ta-e94aa181e16c"
time=2026-08-09T16:49:43.622+08:00 level=DEBUG msg="discovery: skipping unreachable socket" socket=/tmp/tmux-501/ta-ebf95952bfe3 err="query tmux on /tmp/tmux-501/ta-ebf95952bfe3: exit status 1: no server running on /tmp/tmux-501/ta-ebf95952bfe3"
time=2026-08-09T16:49:43.628+08:00 level=DEBUG msg="discovery: skipping unreachable socket" socket=/tmp/tmux-501/ta-fa2252466833 err="query tmux on /tmp/tmux-501/ta-fa2252466833: exit status 1: no server running on /tmp/tmux-501/ta-fa2252466833"
time=2026-08-09T16:49:44.129+08:00 level=DEBUG msg="discovery: skipping socket directory" dir=/tmp/e2e-l2.KhUMRL/tmux/tmux-501 err="open /tmp/e2e-l2.KhUMRL/tmux/tmux-501: no such file or directory"
time=2026-08-09T16:49:44.146+08:00 level=DEBUG msg="discovery: skipping unreachable socket" socket=/tmp/tmux-501/ta-0da65bceb372 err="query tmux on /tmp/tmux-501/ta-0da65bceb372: exit status 1: no server running on /tmp/tmux-501/ta-0da65bceb372"
time=2026-08-09T16:49:44.157+08:00 level=DEBUG msg="discovery: skipping unreachable socket" socket=/tmp/tmux-501/ta-192b3d7a4b4d err="query tmux on /tmp/tmux-501/ta-192b3d7a4b4d: exit status 1: no server running on /tmp/tmux-501/ta-192b3d7a4b4d"
time=2026-08-09T16:49:44.162+08:00 level=DEBUG msg="discovery: skipping unreachable socket" socket=/tmp/tmux-501/ta-19bab105a233 err="query tmux on /tmp/tmux-501/ta-19bab105a233: exit status 1: no server running on /tmp/tmux-501/ta-19bab105a233"
time=2026-08-09T16:49:44.168+08:00 level=DEBUG msg="discovery: skipping unreachable socket" socket=/tmp/tmux-501/ta-2183ff26eaba err="query tmux on /tmp/tmux-501/ta-2183ff26eaba: exit status 1: no server running on /tmp/tmux-501/ta-2183ff26eaba"
time=2026-08-09T16:49:44.179+08:00 level=DEBUG msg="discovery: skipping unreachable socket" socket=/tmp/tmux-501/ta-27ae35442db0 err="query tmux on /tmp/tmux-501/ta-27ae35442db0: exit status 1: no server running on /tmp/tmux-501/ta-27ae35442db0"
time=2026-08-09T16:49:44.191+08:00 level=DEBUG msg="discovery: skipping unreachable socket" socket=/tmp/tmux-501/ta-29ad6c433fb0 err="query tmux on /tmp/tmux-501/ta-29ad6c433fb0: exit status 1: no server running on /tmp/tmux-501/ta-29ad6c433fb0"
time=2026-08-09T16:49:44.197+08:00 level=DEBUG msg="discovery: skipping unreachable socket" socket=/tmp/tmux-501/ta-2b2b0f6042c3 err="query tmux on /tmp/tmux-501/ta-2b2b0f6042c3: exit status 1: no server running on /tmp/tmux-501/ta-2b2b0f6042c3"
time=2026-08-09T16:49:44.202+08:00 level=DEBUG msg="discovery: skipping unreachable socket" socket=/tmp/tmux-501/ta-2d881fc24979 err="query tmux on /tmp/tmux-501/ta-2d881fc24979: exit status 1: no server running on /tmp/tmux-501/ta-2d881fc24979"
time=2026-08-09T16:49:44.209+08:00 level=DEBUG msg="discovery: skipping unreachable socket" socket=/tmp/tmux-501/ta-3511002e6186 err="query tmux on /tmp/tmux-501/ta-3511002e6186: exit status 1: no server running on /tmp/tmux-501/ta-3511002e6186"
time=2026-08-09T16:49:44.232+08:00 level=DEBUG msg="discovery: skipping unreachable socket" socket=/tmp/tmux-501/ta-670fcfc61db1 err="query tmux on /tmp/tmux-501/ta-670fcfc61db1: exit status 1: no server running on /tmp/tmux-501/ta-670fcfc61db1"
time=2026-08-09T16:49:44.238+08:00 level=DEBUG msg="discovery: skipping unreachable socket" socket=/tmp/tmux-501/ta-714648f68f78 err="query tmux on /tmp/tmux-501/ta-714648f68f78: exit status 1: no server running on /tmp/tmux-501/ta-714648f68f78"
time=2026-08-09T16:49:44.243+08:00 level=DEBUG msg="discovery: skipping unreachable socket" socket=/tmp/tmux-501/ta-76d99a0fb54d err="query tmux on /tmp/tmux-501/ta-76d99a0fb54d: exit status 1: no server running on /tmp/tmux-501/ta-76d99a0fb54d"
time=2026-08-09T16:49:44.248+08:00 level=DEBUG msg="discovery: skipping unreachable socket" socket=/tmp/tmux-501/ta-7cf3455fc7ef err="query tmux on /tmp/tmux-501/ta-7cf3455fc7ef: exit status 1: no server running on /tmp/tmux-501/ta-7cf3455fc7ef"
time=2026-08-09T16:49:44.254+08:00 level=DEBUG msg="discovery: skipping unreachable socket" socket=/tmp/tmux-501/ta-8f9301481b91 err="query tmux on /tmp/tmux-501/ta-8f9301481b91: exit status 1: no server running on /tmp/tmux-501/ta-8f9301481b91"
time=2026-08-09T16:49:44.259+08:00 level=DEBUG msg="discovery: skipping unreachable socket" socket=/tmp/tmux-501/ta-9f7ab2efc12e err="query tmux on /tmp/tmux-501/ta-9f7ab2efc12e: exit status 1: no server running on /tmp/tmux-501/ta-9f7ab2efc12e"
time=2026-08-09T16:49:44.265+08:00 level=DEBUG msg="discovery: skipping unreachable socket" socket=/tmp/tmux-501/ta-a389ed2be6d0 err="query tmux on /tmp/tmux-501/ta-a389ed2be6d0: exit status 1: no server running on /tmp/tmux-501/ta-a389ed2be6d0"
time=2026-08-09T16:49:44.288+08:00 level=DEBUG msg="discovery: skipping unreachable socket" socket=/tmp/tmux-501/ta-d596a9f9a2a6 err="query tmux on /tmp/tmux-501/ta-d596a9f9a2a6: exit status 1: no server running on /tmp/tmux-501/ta-d596a9f9a2a6"
time=2026-08-09T16:49:44.293+08:00 level=DEBUG msg="discovery: skipping unreachable socket" socket=/tmp/tmux-501/ta-d9dc8c25f425 err="query tmux on /tmp/tmux-501/ta-d9dc8c25f425: exit status 1: no server running on /tmp/tmux-501/ta-d9dc8c25f425"
time=2026-08-09T16:49:44.298+08:00 level=DEBUG msg="discovery: skipping unreachable socket" socket=/tmp/tmux-501/ta-e4fe872351d8 err="query tmux on /tmp/tmux-501/ta-e4fe872351d8: exit status 1: no server running on /tmp/tmux-501/ta-e4fe872351d8"
time=2026-08-09T16:49:44.303+08:00 level=DEBUG msg="discovery: skipping unreachable socket" socket=/tmp/tmux-501/ta-e94aa181e16c err="query tmux on /tmp/tmux-501/ta-e94aa181e16c: exit status 1: no server running on /tmp/tmux-501/ta-e94aa181e16c"
time=2026-08-09T16:49:44.309+08:00 level=DEBUG msg="discovery: skipping unreachable socket" socket=/tmp/tmux-501/ta-ebf95952bfe3 err="query tmux on /tmp/tmux-501/ta-ebf95952bfe3: exit status 1: no server running on /tmp/tmux-501/ta-ebf95952bfe3"
time=2026-08-09T16:49:44.314+08:00 level=DEBUG msg="discovery: skipping unreachable socket" socket=/tmp/tmux-501/ta-fa2252466833 err="query tmux on /tmp/tmux-501/ta-fa2252466833: exit status 1: no server running on /tmp/tmux-501/ta-fa2252466833"
time=2026-08-09T16:49:44.314+08:00 level=DEBUG msg="listing: no changes"
time=2026-08-09T16:49:44.815+08:00 level=DEBUG msg="discovery: skipping socket directory" dir=/tmp/e2e-l2.KhUMRL/tmux/tmux-501 err="open /tmp/e2e-l2.KhUMRL/tmux/tmux-501: no such file or directory"
time=2026-08-09T16:49:44.834+08:00 level=DEBUG msg="discovery: skipping unreachable socket" socket=/tmp/tmux-501/ta-0da65bceb372 err="query tmux on /tmp/tmux-501/ta-0da65bceb372: exit status 1: no server running on /tmp/tmux-501/ta-0da65bceb372"
time=2026-08-09T16:49:44.840+08:00 level=DEBUG msg="discovery: skipping unreachable socket" socket=/tmp/tmux-501/ta-192b3d7a4b4d err="query tmux on /tmp/tmux-501/ta-192b3d7a4b4d: exit status 1: no server running on /tmp/tmux-501/ta-192b3d7a4b4d"
time=2026-08-09T16:49:44.846+08:00 level=DEBUG msg="discovery: skipping unreachable socket" socket=/tmp/tmux-501/ta-19bab105a233 err="query tmux on /tmp/tmux-501/ta-19bab105a233: exit status 1: no server running on /tmp/tmux-501/ta-19bab105a233"
time=2026-08-09T16:49:44.852+08:00 level=DEBUG msg="discovery: skipping unreachable socket" socket=/tmp/tmux-501/ta-2183ff26eaba err="query tmux on /tmp/tmux-501/ta-2183ff26eaba: exit status 1: no server running on /tmp/tmux-501/ta-2183ff26eaba"
time=2026-08-09T16:49:44.864+08:00 level=DEBUG msg="discovery: skipping unreachable socket" socket=/tmp/tmux-501/ta-27ae35442db0 err="query tmux on /tmp/tmux-501/ta-27ae35442db0: exit status 1: no server running on /tmp/tmux-501/ta-27ae35442db0"
time=2026-08-09T16:49:44.877+08:00 level=DEBUG msg="discovery: skipping unreachable socket" socket=/tmp/tmux-501/ta-29ad6c433fb0 err="query tmux on /tmp/tmux-501/ta-29ad6c433fb0: exit status 1: no server running on /tmp/tmux-501/ta-29ad6c433fb0"
time=2026-08-09T16:49:44.884+08:00 level=DEBUG msg="discovery: skipping unreachable socket" socket=/tmp/tmux-501/ta-2b2b0f6042c3 err="query tmux on /tmp/tmux-501/ta-2b2b0f6042c3: exit status 1: no server running on /tmp/tmux-501/ta-2b2b0f6042c3"
time=2026-08-09T16:49:44.889+08:00 level=DEBUG msg="discovery: skipping unreachable socket" socket=/tmp/tmux-501/ta-2d881fc24979 err="query tmux on /tmp/tmux-501/ta-2d881fc24979: exit status 1: no server running on /tmp/tmux-501/ta-2d881fc24979"
time=2026-08-09T16:49:44.895+08:00 level=DEBUG msg="discovery: skipping unreachable socket" socket=/tmp/tmux-501/ta-3511002e6186 err="query tmux on /tmp/tmux-501/ta-3511002e6186: exit status 1: no server running on /tmp/tmux-501/ta-3511002e6186"
time=2026-08-09T16:49:44.918+08:00 level=DEBUG msg="discovery: skipping unreachable socket" socket=/tmp/tmux-501/ta-670fcfc61db1 err="query tmux on /tmp/tmux-501/ta-670fcfc61db1: exit status 1: no server running on /tmp/tmux-501/ta-670fcfc61db1"
time=2026-08-09T16:49:44.924+08:00 level=DEBUG msg="discovery: skipping unreachable socket" socket=/tmp/tmux-501/ta-714648f68f78 err="query tmux on /tmp/tmux-501/ta-714648f68f78: exit status 1: no server running on /tmp/tmux-501/ta-714648f68f78"
time=2026-08-09T16:49:44.930+08:00 level=DEBUG msg="discovery: skipping unreachable socket" socket=/tmp/tmux-501/ta-76d99a0fb54d err="query tmux on /tmp/tmux-501/ta-76d99a0fb54d: exit status 1: no server running on /tmp/tmux-501/ta-76d99a0fb54d"
time=2026-08-09T16:49:44.935+08:00 level=DEBUG msg="discovery: skipping unreachable socket" socket=/tmp/tmux-501/ta-7cf3455fc7ef err="query tmux on /tmp/tmux-501/ta-7cf3455fc7ef: exit status 1: no server running on /tmp/tmux-501/ta-7cf3455fc7ef"
time=2026-08-09T16:49:44.941+08:00 level=DEBUG msg="discovery: skipping unreachable socket" socket=/tmp/tmux-501/ta-8f9301481b91 err="query tmux on /tmp/tmux-501/ta-8f9301481b91: exit status 1: no server running on /tmp/tmux-501/ta-8f9301481b91"
time=2026-08-09T16:49:44.946+08:00 level=DEBUG msg="discovery: skipping unreachable socket" socket=/tmp/tmux-501/ta-9f7ab2efc12e err="query tmux on /tmp/tmux-501/ta-9f7ab2efc12e: exit status 1: no server running on /tmp/tmux-501/ta-9f7ab2efc12e"
time=2026-08-09T16:49:44.952+08:00 level=DEBUG msg="discovery: skipping unreachable socket" socket=/tmp/tmux-501/ta-a389ed2be6d0 err="query tmux on /tmp/tmux-501/ta-a389ed2be6d0: exit status 1: no server running on /tmp/tmux-501/ta-a389ed2be6d0"
time=2026-08-09T16:49:44.976+08:00 level=DEBUG msg="discovery: skipping unreachable socket" socket=/tmp/tmux-501/ta-d596a9f9a2a6 err="query tmux on /tmp/tmux-501/ta-d596a9f9a2a6: exit status 1: no server running on /tmp/tmux-501/ta-d596a9f9a2a6"
time=2026-08-09T16:49:44.981+08:00 level=DEBUG msg="discovery: skipping unreachable socket" socket=/tmp/tmux-501/ta-d9dc8c25f425 err="query tmux on /tmp/tmux-501/ta-d9dc8c25f425: exit status 1: no server running on /tmp/tmux-501/ta-d9dc8c25f425"
time=2026-08-09T16:49:44.986+08:00 level=DEBUG msg="discovery: skipping unreachable socket" socket=/tmp/tmux-501/ta-e4fe872351d8 err="query tmux on /tmp/tmux-501/ta-e4fe872351d8: exit status 1: no server running on /tmp/tmux-501/ta-e4fe872351d8"
time=2026-08-09T16:49:44.992+08:00 level=DEBUG msg="discovery: skipping unreachable socket" socket=/tmp/tmux-501/ta-e94aa181e16c err="query tmux on /tmp/tmux-501/ta-e94aa181e16c: exit status 1: no server running on /tmp/tmux-501/ta-e94aa181e16c"
time=2026-08-09T16:49:44.997+08:00 level=DEBUG msg="discovery: skipping unreachable socket" socket=/tmp/tmux-501/ta-ebf95952bfe3 err="query tmux on /tmp/tmux-501/ta-ebf95952bfe3: exit status 1: no server running on /tmp/tmux-501/ta-ebf95952bfe3"
time=2026-08-09T16:49:45.003+08:00 level=DEBUG msg="discovery: skipping unreachable socket" socket=/tmp/tmux-501/ta-fa2252466833 err="query tmux on /tmp/tmux-501/ta-fa2252466833: exit status 1: no server running on /tmp/tmux-501/ta-fa2252466833"
time=2026-08-09T16:49:45.003+08:00 level=DEBUG msg="listing: no changes"
time=2026-08-09T16:49:45.504+08:00 level=DEBUG msg="discovery: skipping socket directory" dir=/tmp/e2e-l2.KhUMRL/tmux/tmux-501 err="open /tmp/e2e-l2.KhUMRL/tmux/tmux-501: no such file or directory"
time=2026-08-09T16:49:45.521+08:00 level=DEBUG msg="discovery: skipping unreachable socket" socket=/tmp/tmux-501/ta-0da65bceb372 err="query tmux on /tmp/tmux-501/ta-0da65bceb372: exit status 1: no server running on /tmp/tmux-501/ta-0da65bceb372"
time=2026-08-09T16:49:45.527+08:00 level=DEBUG msg="discovery: skipping unreachable socket" socket=/tmp/tmux-501/ta-192b3d7a4b4d err="query tmux on /tmp/tmux-501/ta-192b3d7a4b4d: exit status 1: no server running on /tmp/tmux-501/ta-192b3d7a4b4d"
time=2026-08-09T16:49:45.533+08:00 level=DEBUG msg="discovery: skipping unreachable socket" socket=/tmp/tmux-501/ta-19bab105a233 err="query tmux on /tmp/tmux-501/ta-19bab105a233: exit status 1: no server running on /tmp/tmux-501/ta-19bab105a233"
time=2026-08-09T16:49:45.539+08:00 level=DEBUG msg="discovery: skipping unreachable socket" socket=/tmp/tmux-501/ta-2183ff26eaba err="query tmux on /tmp/tmux-501/ta-2183ff26eaba: exit status 1: no server running on /tmp/tmux-501/ta-2183ff26eaba"
time=2026-08-09T16:49:45.550+08:00 level=DEBUG msg="discovery: skipping unreachable socket" socket=/tmp/tmux-501/ta-27ae35442db0 err="query tmux on /tmp/tmux-501/ta-27ae35442db0: exit status 1: no server running on /tmp/tmux-501/ta-27ae35442db0"
time=2026-08-09T16:49:45.561+08:00 level=DEBUG msg="discovery: skipping unreachable socket" socket=/tmp/tmux-501/ta-29ad6c433fb0 err="query tmux on /tmp/tmux-501/ta-29ad6c433fb0: exit status 1: no server running on /tmp/tmux-501/ta-29ad6c433fb0"
time=2026-08-09T16:49:45.567+08:00 level=DEBUG msg="discovery: skipping unreachable socket" socket=/tmp/tmux-501/ta-2b2b0f6042c3 err="query tmux on /tmp/tmux-501/ta-2b2b0f6042c3: exit status 1: no server running on /tmp/tmux-501/ta-2b2b0f6042c3"
time=2026-08-09T16:49:45.573+08:00 level=DEBUG msg="discovery: skipping unreachable socket" socket=/tmp/tmux-501/ta-2d881fc24979 err="query tmux on /tmp/tmux-501/ta-2d881fc24979: exit status 1: no server running on /tmp/tmux-501/ta-2d881fc24979"
time=2026-08-09T16:49:45.579+08:00 level=DEBUG msg="discovery: skipping unreachable socket" socket=/tmp/tmux-501/ta-3511002e6186 err="query tmux on /tmp/tmux-501/ta-3511002e6186: exit status 1: no server running on /tmp/tmux-501/ta-3511002e6186"
time=2026-08-09T16:49:45.603+08:00 level=DEBUG msg="discovery: skipping unreachable socket" socket=/tmp/tmux-501/ta-670fcfc61db1 err="query tmux on /tmp/tmux-501/ta-670fcfc61db1: exit status 1: no server running on /tmp/tmux-501/ta-670fcfc61db1"
time=2026-08-09T16:49:45.609+08:00 level=DEBUG msg="discovery: skipping unreachable socket" socket=/tmp/tmux-501/ta-714648f68f78 err="query tmux on /tmp/tmux-501/ta-714648f68f78: exit status 1: no server running on /tmp/tmux-501/ta-714648f68f78"
time=2026-08-09T16:49:45.615+08:00 level=DEBUG msg="discovery: skipping unreachable socket" socket=/tmp/tmux-501/ta-76d99a0fb54d err="query tmux on /tmp/tmux-501/ta-76d99a0fb54d: exit status 1: no server running on /tmp/tmux-501/ta-76d99a0fb54d"
time=2026-08-09T16:49:45.620+08:00 level=DEBUG msg="discovery: skipping unreachable socket" socket=/tmp/tmux-501/ta-7cf3455fc7ef err="query tmux on /tmp/tmux-501/ta-7cf3455fc7ef: exit status 1: no server running on /tmp/tmux-501/ta-7cf3455fc7ef"
time=2026-08-09T16:49:45.627+08:00 level=DEBUG msg="discovery: skipping unreachable socket" socket=/tmp/tmux-501/ta-8f9301481b91 err="query tmux on /tmp/tmux-501/ta-8f9301481b91: exit status 1: no server running on /tmp/tmux-501/ta-8f9301481b91"
time=2026-08-09T16:49:45.632+08:00 level=DEBUG msg="discovery: skipping unreachable socket" socket=/tmp/tmux-501/ta-9f7ab2efc12e err="query tmux on /tmp/tmux-501/ta-9f7ab2efc12e: exit status 1: no server running on /tmp/tmux-501/ta-9f7ab2efc12e"
time=2026-08-09T16:49:45.637+08:00 level=DEBUG msg="discovery: skipping unreachable socket" socket=/tmp/tmux-501/ta-a389ed2be6d0 err="query tmux on /tmp/tmux-501/ta-a389ed2be6d0: exit status 1: no server running on /tmp/tmux-501/ta-a389ed2be6d0"
time=2026-08-09T16:49:45.660+08:00 level=DEBUG msg="discovery: skipping unreachable socket" socket=/tmp/tmux-501/ta-d596a9f9a2a6 err="query tmux on /tmp/tmux-501/ta-d596a9f9a2a6: exit status 1: no server running on /tmp/tmux-501/ta-d596a9f9a2a6"
time=2026-08-09T16:49:45.666+08:00 level=DEBUG msg="discovery: skipping unreachable socket" socket=/tmp/tmux-501/ta-d9dc8c25f425 err="query tmux on /tmp/tmux-501/ta-d9dc8c25f425: exit status 1: no server running on /tmp/tmux-501/ta-d9dc8c25f425"
time=2026-08-09T16:49:45.671+08:00 level=DEBUG msg="discovery: skipping unreachable socket" socket=/tmp/tmux-501/ta-e4fe872351d8 err="query tmux on /tmp/tmux-501/ta-e4fe872351d8: exit status 1: no server running on /tmp/tmux-501/ta-e4fe872351d8"
time=2026-08-09T16:49:45.676+08:00 level=DEBUG msg="discovery: skipping unreachable socket" socket=/tmp/tmux-501/ta-e94aa181e16c err="query tmux on /tmp/tmux-501/ta-e94aa181e16c: exit status 1: no server running on /tmp/tmux-501/ta-e94aa181e16c"
time=2026-08-09T16:49:45.681+08:00 level=DEBUG msg="discovery: skipping unreachable socket" socket=/tmp/tmux-501/ta-ebf95952bfe3 err="query tmux on /tmp/tmux-501/ta-ebf95952bfe3: exit status 1: no server running on /tmp/tmux-501/ta-ebf95952bfe3"
time=2026-08-09T16:49:45.687+08:00 level=DEBUG msg="discovery: skipping unreachable socket" socket=/tmp/tmux-501/ta-fa2252466833 err="query tmux on /tmp/tmux-501/ta-fa2252466833: exit status 1: no server running on /tmp/tmux-501/ta-fa2252466833"
time=2026-08-09T16:49:46.188+08:00 level=DEBUG msg="discovery: skipping socket directory" dir=/tmp/e2e-l2.KhUMRL/tmux/tmux-501 err="open /tmp/e2e-l2.KhUMRL/tmux/tmux-501: no such file or directory"
time=2026-08-09T16:49:46.206+08:00 level=DEBUG msg="discovery: skipping unreachable socket" socket=/tmp/tmux-501/ta-0da65bceb372 err="query tmux on /tmp/tmux-501/ta-0da65bceb372: exit status 1: no server running on /tmp/tmux-501/ta-0da65bceb372"
time=2026-08-09T16:49:46.212+08:00 level=DEBUG msg="discovery: skipping unreachable socket" socket=/tmp/tmux-501/ta-192b3d7a4b4d err="query tmux on /tmp/tmux-501/ta-192b3d7a4b4d: exit status 1: no server running on /tmp/tmux-501/ta-192b3d7a4b4d"
time=2026-08-09T16:49:46.217+08:00 level=DEBUG msg="discovery: skipping unreachable socket" socket=/tmp/tmux-501/ta-19bab105a233 err="query tmux on /tmp/tmux-501/ta-19bab105a233: exit status 1: no server running on /tmp/tmux-501/ta-19bab105a233"
time=2026-08-09T16:49:46.222+08:00 level=DEBUG msg="discovery: skipping unreachable socket" socket=/tmp/tmux-501/ta-2183ff26eaba err="query tmux on /tmp/tmux-501/ta-2183ff26eaba: exit status 1: no server running on /tmp/tmux-501/ta-2183ff26eaba"
time=2026-08-09T16:49:46.232+08:00 level=DEBUG msg="discovery: skipping unreachable socket" socket=/tmp/tmux-501/ta-27ae35442db0 err="query tmux on /tmp/tmux-501/ta-27ae35442db0: exit status 1: no server running on /tmp/tmux-501/ta-27ae35442db0"
time=2026-08-09T16:49:46.243+08:00 level=DEBUG msg="discovery: skipping unreachable socket" socket=/tmp/tmux-501/ta-29ad6c433fb0 err="query tmux on /tmp/tmux-501/ta-29ad6c433fb0: exit status 1: no server running on /tmp/tmux-501/ta-29ad6c433fb0"
time=2026-08-09T16:49:46.248+08:00 level=DEBUG msg="discovery: skipping unreachable socket" socket=/tmp/tmux-501/ta-2b2b0f6042c3 err="query tmux on /tmp/tmux-501/ta-2b2b0f6042c3: exit status 1: no server running on /tmp/tmux-501/ta-2b2b0f6042c3"
time=2026-08-09T16:49:46.253+08:00 level=DEBUG msg="discovery: skipping unreachable socket" socket=/tmp/tmux-501/ta-2d881fc24979 err="query tmux on /tmp/tmux-501/ta-2d881fc24979: exit status 1: no server running on /tmp/tmux-501/ta-2d881fc24979"
time=2026-08-09T16:49:46.259+08:00 level=DEBUG msg="discovery: skipping unreachable socket" socket=/tmp/tmux-501/ta-3511002e6186 err="query tmux on /tmp/tmux-501/ta-3511002e6186: exit status 1: no server running on /tmp/tmux-501/ta-3511002e6186"
time=2026-08-09T16:49:46.281+08:00 level=DEBUG msg="discovery: skipping unreachable socket" socket=/tmp/tmux-501/ta-670fcfc61db1 err="query tmux on /tmp/tmux-501/ta-670fcfc61db1: exit status 1: no server running on /tmp/tmux-501/ta-670fcfc61db1"
time=2026-08-09T16:49:46.287+08:00 level=DEBUG msg="discovery: skipping unreachable socket" socket=/tmp/tmux-501/ta-714648f68f78 err="query tmux on /tmp/tmux-501/ta-714648f68f78: exit status 1: no server running on /tmp/tmux-501/ta-714648f68f78"
time=2026-08-09T16:49:46.292+08:00 level=DEBUG msg="discovery: skipping unreachable socket" socket=/tmp/tmux-501/ta-76d99a0fb54d err="query tmux on /tmp/tmux-501/ta-76d99a0fb54d: exit status 1: no server running on /tmp/tmux-501/ta-76d99a0fb54d"
time=2026-08-09T16:49:46.298+08:00 level=DEBUG msg="discovery: skipping unreachable socket" socket=/tmp/tmux-501/ta-7cf3455fc7ef err="query tmux on /tmp/tmux-501/ta-7cf3455fc7ef: exit status 1: no server running on /tmp/tmux-501/ta-7cf3455fc7ef"
time=2026-08-09T16:49:46.303+08:00 level=DEBUG msg="discovery: skipping unreachable socket" socket=/tmp/tmux-501/ta-8f9301481b91 err="query tmux on /tmp/tmux-501/ta-8f9301481b91: exit status 1: no server running on /tmp/tmux-501/ta-8f9301481b91"
time=2026-08-09T16:49:46.308+08:00 level=DEBUG msg="discovery: skipping unreachable socket" socket=/tmp/tmux-501/ta-9f7ab2efc12e err="query tmux on /tmp/tmux-501/ta-9f7ab2efc12e: exit status 1: no server running on /tmp/tmux-501/ta-9f7ab2efc12e"
time=2026-08-09T16:49:46.313+08:00 level=DEBUG msg="discovery: skipping unreachable socket" socket=/tmp/tmux-501/ta-a389ed2be6d0 err="query tmux on /tmp/tmux-501/ta-a389ed2be6d0: exit status 1: no server running on /tmp/tmux-501/ta-a389ed2be6d0"
time=2026-08-09T16:49:46.335+08:00 level=DEBUG msg="discovery: skipping unreachable socket" socket=/tmp/tmux-501/ta-d596a9f9a2a6 err="query tmux on /tmp/tmux-501/ta-d596a9f9a2a6: exit status 1: no server running on /tmp/tmux-501/ta-d596a9f9a2a6"
time=2026-08-09T16:49:46.340+08:00 level=DEBUG msg="discovery: skipping unreachable socket" socket=/tmp/tmux-501/ta-d9dc8c25f425 err="query tmux on /tmp/tmux-501/ta-d9dc8c25f425: exit status 1: no server running on /tmp/tmux-501/ta-d9dc8c25f425"
time=2026-08-09T16:49:46.346+08:00 level=DEBUG msg="discovery: skipping unreachable socket" socket=/tmp/tmux-501/ta-e4fe872351d8 err="query tmux on /tmp/tmux-501/ta-e4fe872351d8: exit status 1: no server running on /tmp/tmux-501/ta-e4fe872351d8"
time=2026-08-09T16:49:46.351+08:00 level=DEBUG msg="discovery: skipping unreachable socket" socket=/tmp/tmux-501/ta-e94aa181e16c err="query tmux on /tmp/tmux-501/ta-e94aa181e16c: exit status 1: no server running on /tmp/tmux-501/ta-e94aa181e16c"
time=2026-08-09T16:49:46.356+08:00 level=DEBUG msg="discovery: skipping unreachable socket" socket=/tmp/tmux-501/ta-ebf95952bfe3 err="query tmux on /tmp/tmux-501/ta-ebf95952bfe3: exit status 1: no server running on /tmp/tmux-501/ta-ebf95952bfe3"
time=2026-08-09T16:49:46.362+08:00 level=DEBUG msg="discovery: skipping unreachable socket" socket=/tmp/tmux-501/ta-fa2252466833 err="query tmux on /tmp/tmux-501/ta-fa2252466833: exit status 1: no server running on /tmp/tmux-501/ta-fa2252466833"
time=2026-08-09T16:49:46.362+08:00 level=DEBUG msg="listing: no changes"
time=2026-08-09T16:49:46.863+08:00 level=DEBUG msg="discovery: skipping socket directory" dir=/tmp/e2e-l2.KhUMRL/tmux/tmux-501 err="open /tmp/e2e-l2.KhUMRL/tmux/tmux-501: no such file or directory"
time=2026-08-09T16:49:46.881+08:00 level=DEBUG msg="discovery: skipping unreachable socket" socket=/tmp/tmux-501/ta-0da65bceb372 err="query tmux on /tmp/tmux-501/ta-0da65bceb372: exit status 1: no server running on /tmp/tmux-501/ta-0da65bceb372"
time=2026-08-09T16:49:46.887+08:00 level=DEBUG msg="discovery: skipping unreachable socket" socket=/tmp/tmux-501/ta-192b3d7a4b4d err="query tmux on /tmp/tmux-501/ta-192b3d7a4b4d: exit status 1: no server running on /tmp/tmux-501/ta-192b3d7a4b4d"
time=2026-08-09T16:49:46.892+08:00 level=DEBUG msg="discovery: skipping unreachable socket" socket=/tmp/tmux-501/ta-19bab105a233 err="query tmux on /tmp/tmux-501/ta-19bab105a233: exit status 1: no server running on /tmp/tmux-501/ta-19bab105a233"
time=2026-08-09T16:49:46.897+08:00 level=DEBUG msg="discovery: skipping unreachable socket" socket=/tmp/tmux-501/ta-2183ff26eaba err="query tmux on /tmp/tmux-501/ta-2183ff26eaba: exit status 1: no server running on /tmp/tmux-501/ta-2183ff26eaba"
time=2026-08-09T16:49:46.909+08:00 level=DEBUG msg="discovery: skipping unreachable socket" socket=/tmp/tmux-501/ta-27ae35442db0 err="query tmux on /tmp/tmux-501/ta-27ae35442db0: exit status 1: no server running on /tmp/tmux-501/ta-27ae35442db0"
time=2026-08-09T16:49:46.919+08:00 level=DEBUG msg="discovery: skipping unreachable socket" socket=/tmp/tmux-501/ta-29ad6c433fb0 err="query tmux on /tmp/tmux-501/ta-29ad6c433fb0: exit status 1: no server running on /tmp/tmux-501/ta-29ad6c433fb0"
time=2026-08-09T16:49:46.925+08:00 level=DEBUG msg="discovery: skipping unreachable socket" socket=/tmp/tmux-501/ta-2b2b0f6042c3 err="query tmux on /tmp/tmux-501/ta-2b2b0f6042c3: exit status 1: no server running on /tmp/tmux-501/ta-2b2b0f6042c3"
time=2026-08-09T16:49:46.930+08:00 level=DEBUG msg="discovery: skipping unreachable socket" socket=/tmp/tmux-501/ta-2d881fc24979 err="query tmux on /tmp/tmux-501/ta-2d881fc24979: exit status 1: no server running on /tmp/tmux-501/ta-2d881fc24979"
time=2026-08-09T16:49:46.935+08:00 level=DEBUG msg="discovery: skipping unreachable socket" socket=/tmp/tmux-501/ta-3511002e6186 err="query tmux on /tmp/tmux-501/ta-3511002e6186: exit status 1: no server running on /tmp/tmux-501/ta-3511002e6186"
time=2026-08-09T16:49:46.958+08:00 level=DEBUG msg="discovery: skipping unreachable socket" socket=/tmp/tmux-501/ta-670fcfc61db1 err="query tmux on /tmp/tmux-501/ta-670fcfc61db1: exit status 1: no server running on /tmp/tmux-501/ta-670fcfc61db1"
time=2026-08-09T16:49:46.963+08:00 level=DEBUG msg="discovery: skipping unreachable socket" socket=/tmp/tmux-501/ta-714648f68f78 err="query tmux on /tmp/tmux-501/ta-714648f68f78: exit status 1: no server running on /tmp/tmux-501/ta-714648f68f78"
time=2026-08-09T16:49:46.968+08:00 level=DEBUG msg="discovery: skipping unreachable socket" socket=/tmp/tmux-501/ta-76d99a0fb54d err="query tmux on /tmp/tmux-501/ta-76d99a0fb54d: exit status 1: no server running on /tmp/tmux-501/ta-76d99a0fb54d"
time=2026-08-09T16:49:46.974+08:00 level=DEBUG msg="discovery: skipping unreachable socket" socket=/tmp/tmux-501/ta-7cf3455fc7ef err="query tmux on /tmp/tmux-501/ta-7cf3455fc7ef: exit status 1: no server running on /tmp/tmux-501/ta-7cf3455fc7ef"
time=2026-08-09T16:49:46.979+08:00 level=DEBUG msg="discovery: skipping unreachable socket" socket=/tmp/tmux-501/ta-8f9301481b91 err="query tmux on /tmp/tmux-501/ta-8f9301481b91: exit status 1: no server running on /tmp/tmux-501/ta-8f9301481b91"
time=2026-08-09T16:49:46.984+08:00 level=DEBUG msg="discovery: skipping unreachable socket" socket=/tmp/tmux-501/ta-9f7ab2efc12e err="query tmux on /tmp/tmux-501/ta-9f7ab2efc12e: exit status 1: no server running on /tmp/tmux-501/ta-9f7ab2efc12e"
time=2026-08-09T16:49:46.989+08:00 level=DEBUG msg="discovery: skipping unreachable socket" socket=/tmp/tmux-501/ta-a389ed2be6d0 err="query tmux on /tmp/tmux-501/ta-a389ed2be6d0: exit status 1: no server running on /tmp/tmux-501/ta-a389ed2be6d0"
time=2026-08-09T16:49:47.011+08:00 level=DEBUG msg="discovery: skipping unreachable socket" socket=/tmp/tmux-501/ta-d596a9f9a2a6 err="query tmux on /tmp/tmux-501/ta-d596a9f9a2a6: exit status 1: no server running on /tmp/tmux-501/ta-d596a9f9a2a6"
time=2026-08-09T16:49:47.016+08:00 level=DEBUG msg="discovery: skipping unreachable socket" socket=/tmp/tmux-501/ta-d9dc8c25f425 err="query tmux on /tmp/tmux-501/ta-d9dc8c25f425: exit status 1: no server running on /tmp/tmux-501/ta-d9dc8c25f425"
time=2026-08-09T16:49:47.021+08:00 level=DEBUG msg="discovery: skipping unreachable socket" socket=/tmp/tmux-501/ta-e4fe872351d8 err="query tmux on /tmp/tmux-501/ta-e4fe872351d8: exit status 1: no server running on /tmp/tmux-501/ta-e4fe872351d8"
time=2026-08-09T16:49:47.027+08:00 level=DEBUG msg="discovery: skipping unreachable socket" socket=/tmp/tmux-501/ta-e94aa181e16c err="query tmux on /tmp/tmux-501/ta-e94aa181e16c: exit status 1: no server running on /tmp/tmux-501/ta-e94aa181e16c"
time=2026-08-09T16:49:47.033+08:00 level=DEBUG msg="discovery: skipping unreachable socket" socket=/tmp/tmux-501/ta-ebf95952bfe3 err="query tmux on /tmp/tmux-501/ta-ebf95952bfe3: exit status 1: no server running on /tmp/tmux-501/ta-ebf95952bfe3"
time=2026-08-09T16:49:47.039+08:00 level=DEBUG msg="discovery: skipping unreachable socket" socket=/tmp/tmux-501/ta-fa2252466833 err="query tmux on /tmp/tmux-501/ta-fa2252466833: exit status 1: no server running on /tmp/tmux-501/ta-fa2252466833"
time=2026-08-09T16:49:47.039+08:00 level=DEBUG msg="listing: no changes"
time=2026-08-09T16:49:47.540+08:00 level=DEBUG msg="discovery: skipping socket directory" dir=/tmp/e2e-l2.KhUMRL/tmux/tmux-501 err="open /tmp/e2e-l2.KhUMRL/tmux/tmux-501: no such file or directory"
time=2026-08-09T16:49:47.558+08:00 level=DEBUG msg="discovery: skipping unreachable socket" socket=/tmp/tmux-501/ta-0da65bceb372 err="query tmux on /tmp/tmux-501/ta-0da65bceb372: exit status 1: no server running on /tmp/tmux-501/ta-0da65bceb372"
time=2026-08-09T16:49:47.563+08:00 level=DEBUG msg="discovery: skipping unreachable socket" socket=/tmp/tmux-501/ta-192b3d7a4b4d err="query tmux on /tmp/tmux-501/ta-192b3d7a4b4d: exit status 1: no server running on /tmp/tmux-501/ta-192b3d7a4b4d"
time=2026-08-09T16:49:47.568+08:00 level=DEBUG msg="discovery: skipping unreachable socket" socket=/tmp/tmux-501/ta-19bab105a233 err="query tmux on /tmp/tmux-501/ta-19bab105a233: exit status 1: no server running on /tmp/tmux-501/ta-19bab105a233"
time=2026-08-09T16:49:47.574+08:00 level=DEBUG msg="discovery: skipping unreachable socket" socket=/tmp/tmux-501/ta-2183ff26eaba err="query tmux on /tmp/tmux-501/ta-2183ff26eaba: exit status 1: no server running on /tmp/tmux-501/ta-2183ff26eaba"
time=2026-08-09T16:49:47.586+08:00 level=DEBUG msg="discovery: skipping unreachable socket" socket=/tmp/tmux-501/ta-27ae35442db0 err="query tmux on /tmp/tmux-501/ta-27ae35442db0: exit status 1: no server running on /tmp/tmux-501/ta-27ae35442db0"
time=2026-08-09T16:49:47.598+08:00 level=DEBUG msg="discovery: skipping unreachable socket" socket=/tmp/tmux-501/ta-29ad6c433fb0 err="query tmux on /tmp/tmux-501/ta-29ad6c433fb0: exit status 1: no server running on /tmp/tmux-501/ta-29ad6c433fb0"
time=2026-08-09T16:49:47.604+08:00 level=DEBUG msg="discovery: skipping unreachable socket" socket=/tmp/tmux-501/ta-2b2b0f6042c3 err="query tmux on /tmp/tmux-501/ta-2b2b0f6042c3: exit status 1: no server running on /tmp/tmux-501/ta-2b2b0f6042c3"
time=2026-08-09T16:49:47.609+08:00 level=DEBUG msg="discovery: skipping unreachable socket" socket=/tmp/tmux-501/ta-2d881fc24979 err="query tmux on /tmp/tmux-501/ta-2d881fc24979: exit status 1: no server running on /tmp/tmux-501/ta-2d881fc24979"
time=2026-08-09T16:49:47.615+08:00 level=DEBUG msg="discovery: skipping unreachable socket" socket=/tmp/tmux-501/ta-3511002e6186 err="query tmux on /tmp/tmux-501/ta-3511002e6186: exit status 1: no server running on /tmp/tmux-501/ta-3511002e6186"
time=2026-08-09T16:49:47.638+08:00 level=DEBUG msg="discovery: skipping unreachable socket" socket=/tmp/tmux-501/ta-670fcfc61db1 err="query tmux on /tmp/tmux-501/ta-670fcfc61db1: exit status 1: no server running on /tmp/tmux-501/ta-670fcfc61db1"
time=2026-08-09T16:49:47.643+08:00 level=DEBUG msg="discovery: skipping unreachable socket" socket=/tmp/tmux-501/ta-714648f68f78 err="query tmux on /tmp/tmux-501/ta-714648f68f78: exit status 1: no server running on /tmp/tmux-501/ta-714648f68f78"
time=2026-08-09T16:49:47.648+08:00 level=DEBUG msg="discovery: skipping unreachable socket" socket=/tmp/tmux-501/ta-76d99a0fb54d err="query tmux on /tmp/tmux-501/ta-76d99a0fb54d: exit status 1: no server running on /tmp/tmux-501/ta-76d99a0fb54d"
time=2026-08-09T16:49:47.654+08:00 level=DEBUG msg="discovery: skipping unreachable socket" socket=/tmp/tmux-501/ta-7cf3455fc7ef err="query tmux on /tmp/tmux-501/ta-7cf3455fc7ef: exit status 1: no server running on /tmp/tmux-501/ta-7cf3455fc7ef"
time=2026-08-09T16:49:47.659+08:00 level=DEBUG msg="discovery: skipping unreachable socket" socket=/tmp/tmux-501/ta-8f9301481b91 err="query tmux on /tmp/tmux-501/ta-8f9301481b91: exit status 1: no server running on /tmp/tmux-501/ta-8f9301481b91"
time=2026-08-09T16:49:47.664+08:00 level=DEBUG msg="discovery: skipping unreachable socket" socket=/tmp/tmux-501/ta-9f7ab2efc12e err="query tmux on /tmp/tmux-501/ta-9f7ab2efc12e: exit status 1: no server running on /tmp/tmux-501/ta-9f7ab2efc12e"
time=2026-08-09T16:49:47.669+08:00 level=DEBUG msg="discovery: skipping unreachable socket" socket=/tmp/tmux-501/ta-a389ed2be6d0 err="query tmux on /tmp/tmux-501/ta-a389ed2be6d0: exit status 1: no server running on /tmp/tmux-501/ta-a389ed2be6d0"
time=2026-08-09T16:49:47.692+08:00 level=DEBUG msg="discovery: skipping unreachable socket" socket=/tmp/tmux-501/ta-d596a9f9a2a6 err="query tmux on /tmp/tmux-501/ta-d596a9f9a2a6: exit status 1: no server running on /tmp/tmux-501/ta-d596a9f9a2a6"
time=2026-08-09T16:49:47.697+08:00 level=DEBUG msg="discovery: skipping unreachable socket" socket=/tmp/tmux-501/ta-d9dc8c25f425 err="query tmux on /tmp/tmux-501/ta-d9dc8c25f425: exit status 1: no server running on /tmp/tmux-501/ta-d9dc8c25f425"
time=2026-08-09T16:49:47.703+08:00 level=DEBUG msg="discovery: skipping unreachable socket" socket=/tmp/tmux-501/ta-e4fe872351d8 err="query tmux on /tmp/tmux-501/ta-e4fe872351d8: exit status 1: no server running on /tmp/tmux-501/ta-e4fe872351d8"
time=2026-08-09T16:49:47.708+08:00 level=DEBUG msg="discovery: skipping unreachable socket" socket=/tmp/tmux-501/ta-e94aa181e16c err="query tmux on /tmp/tmux-501/ta-e94aa181e16c: exit status 1: no server running on /tmp/tmux-501/ta-e94aa181e16c"
time=2026-08-09T16:49:47.713+08:00 level=DEBUG msg="discovery: skipping unreachable socket" socket=/tmp/tmux-501/ta-ebf95952bfe3 err="query tmux on /tmp/tmux-501/ta-ebf95952bfe3: exit status 1: no server running on /tmp/tmux-501/ta-ebf95952bfe3"
time=2026-08-09T16:49:47.719+08:00 level=DEBUG msg="discovery: skipping unreachable socket" socket=/tmp/tmux-501/ta-fa2252466833 err="query tmux on /tmp/tmux-501/ta-fa2252466833: exit status 1: no server running on /tmp/tmux-501/ta-fa2252466833"
time=2026-08-09T16:49:47.719+08:00 level=DEBUG msg="listing: no changes"
time=2026-08-09T16:49:48.219+08:00 level=DEBUG msg="discovery: skipping socket directory" dir=/tmp/e2e-l2.KhUMRL/tmux/tmux-501 err="open /tmp/e2e-l2.KhUMRL/tmux/tmux-501: no such file or directory"
time=2026-08-09T16:49:48.238+08:00 level=DEBUG msg="discovery: skipping unreachable socket" socket=/tmp/tmux-501/ta-0da65bceb372 err="query tmux on /tmp/tmux-501/ta-0da65bceb372: exit status 1: no server running on /tmp/tmux-501/ta-0da65bceb372"
time=2026-08-09T16:49:48.244+08:00 level=DEBUG msg="discovery: skipping unreachable socket" socket=/tmp/tmux-501/ta-192b3d7a4b4d err="query tmux on /tmp/tmux-501/ta-192b3d7a4b4d: exit status 1: no server running on /tmp/tmux-501/ta-192b3d7a4b4d"
time=2026-08-09T16:49:48.250+08:00 level=DEBUG msg="discovery: skipping unreachable socket" socket=/tmp/tmux-501/ta-19bab105a233 err="query tmux on /tmp/tmux-501/ta-19bab105a233: exit status 1: no server running on /tmp/tmux-501/ta-19bab105a233"
time=2026-08-09T16:49:48.256+08:00 level=DEBUG msg="discovery: skipping unreachable socket" socket=/tmp/tmux-501/ta-2183ff26eaba err="query tmux on /tmp/tmux-501/ta-2183ff26eaba: exit status 1: no server running on /tmp/tmux-501/ta-2183ff26eaba"
time=2026-08-09T16:49:48.267+08:00 level=DEBUG msg="discovery: skipping unreachable socket" socket=/tmp/tmux-501/ta-27ae35442db0 err="query tmux on /tmp/tmux-501/ta-27ae35442db0: exit status 1: no server running on /tmp/tmux-501/ta-27ae35442db0"
time=2026-08-09T16:49:48.279+08:00 level=DEBUG msg="discovery: skipping unreachable socket" socket=/tmp/tmux-501/ta-29ad6c433fb0 err="query tmux on /tmp/tmux-501/ta-29ad6c433fb0: exit status 1: no server running on /tmp/tmux-501/ta-29ad6c433fb0"
time=2026-08-09T16:49:48.284+08:00 level=DEBUG msg="discovery: skipping unreachable socket" socket=/tmp/tmux-501/ta-2b2b0f6042c3 err="query tmux on /tmp/tmux-501/ta-2b2b0f6042c3: exit status 1: no server running on /tmp/tmux-501/ta-2b2b0f6042c3"
time=2026-08-09T16:49:48.290+08:00 level=DEBUG msg="discovery: skipping unreachable socket" socket=/tmp/tmux-501/ta-2d881fc24979 err="query tmux on /tmp/tmux-501/ta-2d881fc24979: exit status 1: no server running on /tmp/tmux-501/ta-2d881fc24979"
time=2026-08-09T16:49:48.296+08:00 level=DEBUG msg="discovery: skipping unreachable socket" socket=/tmp/tmux-501/ta-3511002e6186 err="query tmux on /tmp/tmux-501/ta-3511002e6186: exit status 1: no server running on /tmp/tmux-501/ta-3511002e6186"
time=2026-08-09T16:49:48.319+08:00 level=DEBUG msg="discovery: skipping unreachable socket" socket=/tmp/tmux-501/ta-670fcfc61db1 err="query tmux on /tmp/tmux-501/ta-670fcfc61db1: exit status 1: no server running on /tmp/tmux-501/ta-670fcfc61db1"
time=2026-08-09T16:49:48.324+08:00 level=DEBUG msg="discovery: skipping unreachable socket" socket=/tmp/tmux-501/ta-714648f68f78 err="query tmux on /tmp/tmux-501/ta-714648f68f78: exit status 1: no server running on /tmp/tmux-501/ta-714648f68f78"
time=2026-08-09T16:49:48.329+08:00 level=DEBUG msg="discovery: skipping unreachable socket" socket=/tmp/tmux-501/ta-76d99a0fb54d err="query tmux on /tmp/tmux-501/ta-76d99a0fb54d: exit status 1: no server running on /tmp/tmux-501/ta-76d99a0fb54d"
time=2026-08-09T16:49:48.334+08:00 level=DEBUG msg="discovery: skipping unreachable socket" socket=/tmp/tmux-501/ta-7cf3455fc7ef err="query tmux on /tmp/tmux-501/ta-7cf3455fc7ef: exit status 1: no server running on /tmp/tmux-501/ta-7cf3455fc7ef"
time=2026-08-09T16:49:48.339+08:00 level=DEBUG msg="discovery: skipping unreachable socket" socket=/tmp/tmux-501/ta-8f9301481b91 err="query tmux on /tmp/tmux-501/ta-8f9301481b91: exit status 1: no server running on /tmp/tmux-501/ta-8f9301481b91"
time=2026-08-09T16:49:48.344+08:00 level=DEBUG msg="discovery: skipping unreachable socket" socket=/tmp/tmux-501/ta-9f7ab2efc12e err="query tmux on /tmp/tmux-501/ta-9f7ab2efc12e: exit status 1: no server running on /tmp/tmux-501/ta-9f7ab2efc12e"
time=2026-08-09T16:49:48.350+08:00 level=DEBUG msg="discovery: skipping unreachable socket" socket=/tmp/tmux-501/ta-a2c700ba2992 err="query tmux on /tmp/tmux-501/ta-a2c700ba2992: exit status 1: no server running on /tmp/tmux-501/ta-a2c700ba2992"
time=2026-08-09T16:49:48.355+08:00 level=DEBUG msg="discovery: skipping unreachable socket" socket=/tmp/tmux-501/ta-a389ed2be6d0 err="query tmux on /tmp/tmux-501/ta-a389ed2be6d0: exit status 1: no server running on /tmp/tmux-501/ta-a389ed2be6d0"
time=2026-08-09T16:49:48.378+08:00 level=DEBUG msg="discovery: skipping unreachable socket" socket=/tmp/tmux-501/ta-d596a9f9a2a6 err="query tmux on /tmp/tmux-501/ta-d596a9f9a2a6: exit status 1: no server running on /tmp/tmux-501/ta-d596a9f9a2a6"
time=2026-08-09T16:49:48.384+08:00 level=DEBUG msg="discovery: skipping unreachable socket" socket=/tmp/tmux-501/ta-d9dc8c25f425 err="query tmux on /tmp/tmux-501/ta-d9dc8c25f425: exit status 1: no server running on /tmp/tmux-501/ta-d9dc8c25f425"
time=2026-08-09T16:49:48.390+08:00 level=DEBUG msg="discovery: skipping unreachable socket" socket=/tmp/tmux-501/ta-e4fe872351d8 err="query tmux on /tmp/tmux-501/ta-e4fe872351d8: exit status 1: no server running on /tmp/tmux-501/ta-e4fe872351d8"
time=2026-08-09T16:49:48.395+08:00 level=DEBUG msg="discovery: skipping unreachable socket" socket=/tmp/tmux-501/ta-e94aa181e16c err="query tmux on /tmp/tmux-501/ta-e94aa181e16c: exit status 1: no server running on /tmp/tmux-501/ta-e94aa181e16c"
time=2026-08-09T16:49:48.401+08:00 level=DEBUG msg="discovery: skipping unreachable socket" socket=/tmp/tmux-501/ta-ebf95952bfe3 err="query tmux on /tmp/tmux-501/ta-ebf95952bfe3: exit status 1: no server running on /tmp/tmux-501/ta-ebf95952bfe3"
time=2026-08-09T16:49:48.406+08:00 level=DEBUG msg="discovery: skipping unreachable socket" socket=/tmp/tmux-501/ta-f8e2402fab57 err="query tmux on /tmp/tmux-501/ta-f8e2402fab57: exit status 1: no server running on /tmp/tmux-501/ta-f8e2402fab57"
time=2026-08-09T16:49:48.411+08:00 level=DEBUG msg="discovery: skipping unreachable socket" socket=/tmp/tmux-501/ta-fa2252466833 err="query tmux on /tmp/tmux-501/ta-fa2252466833: exit status 1: no server running on /tmp/tmux-501/ta-fa2252466833"
time=2026-08-09T16:49:48.411+08:00 level=DEBUG msg="listing: no changes"
time=2026-08-09T16:49:48.913+08:00 level=DEBUG msg="discovery: skipping socket directory" dir=/tmp/e2e-l2.KhUMRL/tmux/tmux-501 err="open /tmp/e2e-l2.KhUMRL/tmux/tmux-501: no such file or directory"
time=2026-08-09T16:49:48.930+08:00 level=DEBUG msg="discovery: skipping unreachable socket" socket=/tmp/tmux-501/ta-0da65bceb372 err="query tmux on /tmp/tmux-501/ta-0da65bceb372: exit status 1: no server running on /tmp/tmux-501/ta-0da65bceb372"
time=2026-08-09T16:49:48.936+08:00 level=DEBUG msg="discovery: skipping unreachable socket" socket=/tmp/tmux-501/ta-192b3d7a4b4d err="query tmux on /tmp/tmux-501/ta-192b3d7a4b4d: exit status 1: no server running on /tmp/tmux-501/ta-192b3d7a4b4d"
time=2026-08-09T16:49:48.942+08:00 level=DEBUG msg="discovery: skipping unreachable socket" socket=/tmp/tmux-501/ta-19bab105a233 err="query tmux on /tmp/tmux-501/ta-19bab105a233: exit status 1: no server running on /tmp/tmux-501/ta-19bab105a233"
time=2026-08-09T16:49:48.948+08:00 level=DEBUG msg="discovery: skipping unreachable socket" socket=/tmp/tmux-501/ta-2183ff26eaba err="query tmux on /tmp/tmux-501/ta-2183ff26eaba: exit status 1: no server running on /tmp/tmux-501/ta-2183ff26eaba"
time=2026-08-09T16:49:48.960+08:00 level=DEBUG msg="discovery: skipping unreachable socket" socket=/tmp/tmux-501/ta-27ae35442db0 err="query tmux on /tmp/tmux-501/ta-27ae35442db0: exit status 1: no server running on /tmp/tmux-501/ta-27ae35442db0"
time=2026-08-09T16:49:48.972+08:00 level=DEBUG msg="discovery: skipping unreachable socket" socket=/tmp/tmux-501/ta-29ad6c433fb0 err="query tmux on /tmp/tmux-501/ta-29ad6c433fb0: exit status 1: no server running on /tmp/tmux-501/ta-29ad6c433fb0"
time=2026-08-09T16:49:48.978+08:00 level=DEBUG msg="discovery: skipping unreachable socket" socket=/tmp/tmux-501/ta-2b2b0f6042c3 err="query tmux on /tmp/tmux-501/ta-2b2b0f6042c3: exit status 1: no server running on /tmp/tmux-501/ta-2b2b0f6042c3"
time=2026-08-09T16:49:48.984+08:00 level=DEBUG msg="discovery: skipping unreachable socket" socket=/tmp/tmux-501/ta-2d881fc24979 err="query tmux on /tmp/tmux-501/ta-2d881fc24979: exit status 1: no server running on /tmp/tmux-501/ta-2d881fc24979"
time=2026-08-09T16:49:48.990+08:00 level=DEBUG msg="discovery: skipping unreachable socket" socket=/tmp/tmux-501/ta-3511002e6186 err="query tmux on /tmp/tmux-501/ta-3511002e6186: exit status 1: no server running on /tmp/tmux-501/ta-3511002e6186"
time=2026-08-09T16:49:49.013+08:00 level=DEBUG msg="discovery: skipping unreachable socket" socket=/tmp/tmux-501/ta-670fcfc61db1 err="query tmux on /tmp/tmux-501/ta-670fcfc61db1: exit status 1: no server running on /tmp/tmux-501/ta-670fcfc61db1"
time=2026-08-09T16:49:49.018+08:00 level=DEBUG msg="discovery: skipping unreachable socket" socket=/tmp/tmux-501/ta-714648f68f78 err="query tmux on /tmp/tmux-501/ta-714648f68f78: exit status 1: no server running on /tmp/tmux-501/ta-714648f68f78"
time=2026-08-09T16:49:49.023+08:00 level=DEBUG msg="discovery: skipping unreachable socket" socket=/tmp/tmux-501/ta-76d99a0fb54d err="query tmux on /tmp/tmux-501/ta-76d99a0fb54d: exit status 1: no server running on /tmp/tmux-501/ta-76d99a0fb54d"
time=2026-08-09T16:49:49.029+08:00 level=DEBUG msg="discovery: skipping unreachable socket" socket=/tmp/tmux-501/ta-7cf3455fc7ef err="query tmux on /tmp/tmux-501/ta-7cf3455fc7ef: exit status 1: no server running on /tmp/tmux-501/ta-7cf3455fc7ef"
time=2026-08-09T16:49:49.034+08:00 level=DEBUG msg="discovery: skipping unreachable socket" socket=/tmp/tmux-501/ta-8f9301481b91 err="query tmux on /tmp/tmux-501/ta-8f9301481b91: exit status 1: no server running on /tmp/tmux-501/ta-8f9301481b91"
time=2026-08-09T16:49:49.039+08:00 level=DEBUG msg="discovery: skipping unreachable socket" socket=/tmp/tmux-501/ta-9f7ab2efc12e err="query tmux on /tmp/tmux-501/ta-9f7ab2efc12e: exit status 1: no server running on /tmp/tmux-501/ta-9f7ab2efc12e"
time=2026-08-09T16:49:49.045+08:00 level=DEBUG msg="discovery: skipping unreachable socket" socket=/tmp/tmux-501/ta-a2c700ba2992 err="query tmux on /tmp/tmux-501/ta-a2c700ba2992: exit status 1: no server running on /tmp/tmux-501/ta-a2c700ba2992"
time=2026-08-09T16:49:49.051+08:00 level=DEBUG msg="discovery: skipping unreachable socket" socket=/tmp/tmux-501/ta-a389ed2be6d0 err="query tmux on /tmp/tmux-501/ta-a389ed2be6d0: exit status 1: no server running on /tmp/tmux-501/ta-a389ed2be6d0"
time=2026-08-09T16:49:49.074+08:00 level=DEBUG msg="discovery: skipping unreachable socket" socket=/tmp/tmux-501/ta-d596a9f9a2a6 err="query tmux on /tmp/tmux-501/ta-d596a9f9a2a6: exit status 1: no server running on /tmp/tmux-501/ta-d596a9f9a2a6"
time=2026-08-09T16:49:49.080+08:00 level=DEBUG msg="discovery: skipping unreachable socket" socket=/tmp/tmux-501/ta-d9dc8c25f425 err="query tmux on /tmp/tmux-501/ta-d9dc8c25f425: exit status 1: no server running on /tmp/tmux-501/ta-d9dc8c25f425"
time=2026-08-09T16:49:49.086+08:00 level=DEBUG msg="discovery: skipping unreachable socket" socket=/tmp/tmux-501/ta-e4fe872351d8 err="query tmux on /tmp/tmux-501/ta-e4fe872351d8: exit status 1: no server running on /tmp/tmux-501/ta-e4fe872351d8"
time=2026-08-09T16:49:49.093+08:00 level=DEBUG msg="discovery: skipping unreachable socket" socket=/tmp/tmux-501/ta-e94aa181e16c err="query tmux on /tmp/tmux-501/ta-e94aa181e16c: exit status 1: no server running on /tmp/tmux-501/ta-e94aa181e16c"
time=2026-08-09T16:49:49.098+08:00 level=DEBUG msg="discovery: skipping unreachable socket" socket=/tmp/tmux-501/ta-ebf95952bfe3 err="query tmux on /tmp/tmux-501/ta-ebf95952bfe3: exit status 1: no server running on /tmp/tmux-501/ta-ebf95952bfe3"
time=2026-08-09T16:49:49.103+08:00 level=DEBUG msg="discovery: skipping unreachable socket" socket=/tmp/tmux-501/ta-f8e2402fab57 err="query tmux on /tmp/tmux-501/ta-f8e2402fab57: exit status 1: no server running on /tmp/tmux-501/ta-f8e2402fab57"
time=2026-08-09T16:49:49.108+08:00 level=DEBUG msg="discovery: skipping unreachable socket" socket=/tmp/tmux-501/ta-fa2252466833 err="query tmux on /tmp/tmux-501/ta-fa2252466833: exit status 1: no server running on /tmp/tmux-501/ta-fa2252466833"
time=2026-08-09T16:49:49.108+08:00 level=DEBUG msg="listing: no changes"
time=2026-08-09T16:49:49.609+08:00 level=DEBUG msg="discovery: skipping socket directory" dir=/tmp/e2e-l2.KhUMRL/tmux/tmux-501 err="open /tmp/e2e-l2.KhUMRL/tmux/tmux-501: no such file or directory"
time=2026-08-09T16:49:49.626+08:00 level=DEBUG msg="discovery: skipping unreachable socket" socket=/tmp/tmux-501/ta-0da65bceb372 err="query tmux on /tmp/tmux-501/ta-0da65bceb372: exit status 1: no server running on /tmp/tmux-501/ta-0da65bceb372"
time=2026-08-09T16:49:49.631+08:00 level=DEBUG msg="discovery: skipping unreachable socket" socket=/tmp/tmux-501/ta-192b3d7a4b4d err="query tmux on /tmp/tmux-501/ta-192b3d7a4b4d: exit status 1: no server running on /tmp/tmux-501/ta-192b3d7a4b4d"
time=2026-08-09T16:49:49.636+08:00 level=DEBUG msg="discovery: skipping unreachable socket" socket=/tmp/tmux-501/ta-19bab105a233 err="query tmux on /tmp/tmux-501/ta-19bab105a233: exit status 1: no server running on /tmp/tmux-501/ta-19bab105a233"
time=2026-08-09T16:49:49.642+08:00 level=DEBUG msg="discovery: skipping unreachable socket" socket=/tmp/tmux-501/ta-2183ff26eaba err="query tmux on /tmp/tmux-501/ta-2183ff26eaba: exit status 1: no server running on /tmp/tmux-501/ta-2183ff26eaba"
time=2026-08-09T16:49:49.653+08:00 level=DEBUG msg="discovery: skipping unreachable socket" socket=/tmp/tmux-501/ta-27ae35442db0 err="query tmux on /tmp/tmux-501/ta-27ae35442db0: exit status 1: no server running on /tmp/tmux-501/ta-27ae35442db0"
time=2026-08-09T16:49:49.663+08:00 level=DEBUG msg="discovery: skipping unreachable socket" socket=/tmp/tmux-501/ta-29ad6c433fb0 err="query tmux on /tmp/tmux-501/ta-29ad6c433fb0: exit status 1: no server running on /tmp/tmux-501/ta-29ad6c433fb0"
time=2026-08-09T16:49:49.669+08:00 level=DEBUG msg="discovery: skipping unreachable socket" socket=/tmp/tmux-501/ta-2b2b0f6042c3 err="query tmux on /tmp/tmux-501/ta-2b2b0f6042c3: exit status 1: no server running on /tmp/tmux-501/ta-2b2b0f6042c3"
time=2026-08-09T16:49:49.674+08:00 level=DEBUG msg="discovery: skipping unreachable socket" socket=/tmp/tmux-501/ta-2d881fc24979 err="query tmux on /tmp/tmux-501/ta-2d881fc24979: exit status 1: no server running on /tmp/tmux-501/ta-2d881fc24979"
time=2026-08-09T16:49:49.679+08:00 level=DEBUG msg="discovery: skipping unreachable socket" socket=/tmp/tmux-501/ta-3511002e6186 err="query tmux on /tmp/tmux-501/ta-3511002e6186: exit status 1: no server running on /tmp/tmux-501/ta-3511002e6186"
time=2026-08-09T16:49:49.703+08:00 level=DEBUG msg="discovery: skipping unreachable socket" socket=/tmp/tmux-501/ta-670fcfc61db1 err="query tmux on /tmp/tmux-501/ta-670fcfc61db1: exit status 1: no server running on /tmp/tmux-501/ta-670fcfc61db1"
time=2026-08-09T16:49:49.708+08:00 level=DEBUG msg="discovery: skipping unreachable socket" socket=/tmp/tmux-501/ta-714648f68f78 err="query tmux on /tmp/tmux-501/ta-714648f68f78: exit status 1: no server running on /tmp/tmux-501/ta-714648f68f78"
time=2026-08-09T16:49:49.713+08:00 level=DEBUG msg="discovery: skipping unreachable socket" socket=/tmp/tmux-501/ta-76d99a0fb54d err="query tmux on /tmp/tmux-501/ta-76d99a0fb54d: exit status 1: no server running on /tmp/tmux-501/ta-76d99a0fb54d"
time=2026-08-09T16:49:49.718+08:00 level=DEBUG msg="discovery: skipping unreachable socket" socket=/tmp/tmux-501/ta-7cf3455fc7ef err="query tmux on /tmp/tmux-501/ta-7cf3455fc7ef: exit status 1: no server running on /tmp/tmux-501/ta-7cf3455fc7ef"
time=2026-08-09T16:49:49.723+08:00 level=DEBUG msg="discovery: skipping unreachable socket" socket=/tmp/tmux-501/ta-8f9301481b91 err="query tmux on /tmp/tmux-501/ta-8f9301481b91: exit status 1: no server running on /tmp/tmux-501/ta-8f9301481b91"
time=2026-08-09T16:49:49.728+08:00 level=DEBUG msg="discovery: skipping unreachable socket" socket=/tmp/tmux-501/ta-9f7ab2efc12e err="query tmux on /tmp/tmux-501/ta-9f7ab2efc12e: exit status 1: no server running on /tmp/tmux-501/ta-9f7ab2efc12e"
time=2026-08-09T16:49:49.733+08:00 level=DEBUG msg="discovery: skipping unreachable socket" socket=/tmp/tmux-501/ta-a2c700ba2992 err="query tmux on /tmp/tmux-501/ta-a2c700ba2992: exit status 1: no server running on /tmp/tmux-501/ta-a2c700ba2992"
time=2026-08-09T16:49:49.738+08:00 level=DEBUG msg="discovery: skipping unreachable socket" socket=/tmp/tmux-501/ta-a389ed2be6d0 err="query tmux on /tmp/tmux-501/ta-a389ed2be6d0: exit status 1: no server running on /tmp/tmux-501/ta-a389ed2be6d0"
time=2026-08-09T16:49:49.762+08:00 level=DEBUG msg="discovery: skipping unreachable socket" socket=/tmp/tmux-501/ta-d596a9f9a2a6 err="query tmux on /tmp/tmux-501/ta-d596a9f9a2a6: exit status 1: no server running on /tmp/tmux-501/ta-d596a9f9a2a6"
time=2026-08-09T16:49:49.768+08:00 level=DEBUG msg="discovery: skipping unreachable socket" socket=/tmp/tmux-501/ta-d9dc8c25f425 err="query tmux on /tmp/tmux-501/ta-d9dc8c25f425: exit status 1: no server running on /tmp/tmux-501/ta-d9dc8c25f425"
time=2026-08-09T16:49:49.773+08:00 level=DEBUG msg="discovery: skipping unreachable socket" socket=/tmp/tmux-501/ta-e4fe872351d8 err="query tmux on /tmp/tmux-501/ta-e4fe872351d8: exit status 1: no server running on /tmp/tmux-501/ta-e4fe872351d8"
time=2026-08-09T16:49:49.779+08:00 level=DEBUG msg="discovery: skipping unreachable socket" socket=/tmp/tmux-501/ta-e94aa181e16c err="query tmux on /tmp/tmux-501/ta-e94aa181e16c: exit status 1: no server running on /tmp/tmux-501/ta-e94aa181e16c"
time=2026-08-09T16:49:49.784+08:00 level=DEBUG msg="discovery: skipping unreachable socket" socket=/tmp/tmux-501/ta-ebf95952bfe3 err="query tmux on /tmp/tmux-501/ta-ebf95952bfe3: exit status 1: no server running on /tmp/tmux-501/ta-ebf95952bfe3"
time=2026-08-09T16:49:49.789+08:00 level=DEBUG msg="discovery: skipping unreachable socket" socket=/tmp/tmux-501/ta-f8e2402fab57 err="query tmux on /tmp/tmux-501/ta-f8e2402fab57: exit status 1: error connecting to /tmp/tmux-501/ta-f8e2402fab57 (No such file or directory)"
time=2026-08-09T16:49:49.795+08:00 level=DEBUG msg="discovery: skipping unreachable socket" socket=/tmp/tmux-501/ta-fa2252466833 err="query tmux on /tmp/tmux-501/ta-fa2252466833: exit status 1: no server running on /tmp/tmux-501/ta-fa2252466833"
time=2026-08-09T16:49:50.296+08:00 level=DEBUG msg="discovery: skipping socket directory" dir=/tmp/e2e-l2.KhUMRL/tmux/tmux-501 err="open /tmp/e2e-l2.KhUMRL/tmux/tmux-501: no such file or directory"
time=2026-08-09T16:49:50.315+08:00 level=DEBUG msg="discovery: skipping unreachable socket" socket=/tmp/tmux-501/ta-0da65bceb372 err="query tmux on /tmp/tmux-501/ta-0da65bceb372: exit status 1: no server running on /tmp/tmux-501/ta-0da65bceb372"
time=2026-08-09T16:49:50.320+08:00 level=DEBUG msg="discovery: skipping unreachable socket" socket=/tmp/tmux-501/ta-192b3d7a4b4d err="query tmux on /tmp/tmux-501/ta-192b3d7a4b4d: exit status 1: no server running on /tmp/tmux-501/ta-192b3d7a4b4d"
time=2026-08-09T16:49:50.326+08:00 level=DEBUG msg="discovery: skipping unreachable socket" socket=/tmp/tmux-501/ta-19bab105a233 err="query tmux on /tmp/tmux-501/ta-19bab105a233: exit status 1: no server running on /tmp/tmux-501/ta-19bab105a233"
time=2026-08-09T16:49:50.332+08:00 level=DEBUG msg="discovery: skipping unreachable socket" socket=/tmp/tmux-501/ta-2183ff26eaba err="query tmux on /tmp/tmux-501/ta-2183ff26eaba: exit status 1: no server running on /tmp/tmux-501/ta-2183ff26eaba"
time=2026-08-09T16:49:50.343+08:00 level=DEBUG msg="discovery: skipping unreachable socket" socket=/tmp/tmux-501/ta-27ae35442db0 err="query tmux on /tmp/tmux-501/ta-27ae35442db0: exit status 1: no server running on /tmp/tmux-501/ta-27ae35442db0"
time=2026-08-09T16:49:50.355+08:00 level=DEBUG msg="discovery: skipping unreachable socket" socket=/tmp/tmux-501/ta-29ad6c433fb0 err="query tmux on /tmp/tmux-501/ta-29ad6c433fb0: exit status 1: no server running on /tmp/tmux-501/ta-29ad6c433fb0"
time=2026-08-09T16:49:50.360+08:00 level=DEBUG msg="discovery: skipping unreachable socket" socket=/tmp/tmux-501/ta-2b2b0f6042c3 err="query tmux on /tmp/tmux-501/ta-2b2b0f6042c3: exit status 1: no server running on /tmp/tmux-501/ta-2b2b0f6042c3"
time=2026-08-09T16:49:50.365+08:00 level=DEBUG msg="discovery: skipping unreachable socket" socket=/tmp/tmux-501/ta-2d881fc24979 err="query tmux on /tmp/tmux-501/ta-2d881fc24979: exit status 1: no server running on /tmp/tmux-501/ta-2d881fc24979"
time=2026-08-09T16:49:50.371+08:00 level=DEBUG msg="discovery: skipping unreachable socket" socket=/tmp/tmux-501/ta-3511002e6186 err="query tmux on /tmp/tmux-501/ta-3511002e6186: exit status 1: no server running on /tmp/tmux-501/ta-3511002e6186"
time=2026-08-09T16:49:50.401+08:00 level=DEBUG msg="discovery: skipping unreachable socket" socket=/tmp/tmux-501/ta-670fcfc61db1 err="query tmux on /tmp/tmux-501/ta-670fcfc61db1: exit status 1: no server running on /tmp/tmux-501/ta-670fcfc61db1"
time=2026-08-09T16:49:50.406+08:00 level=DEBUG msg="discovery: skipping unreachable socket" socket=/tmp/tmux-501/ta-714648f68f78 err="query tmux on /tmp/tmux-501/ta-714648f68f78: exit status 1: no server running on /tmp/tmux-501/ta-714648f68f78"
time=2026-08-09T16:49:50.412+08:00 level=DEBUG msg="discovery: skipping unreachable socket" socket=/tmp/tmux-501/ta-76d99a0fb54d err="query tmux on /tmp/tmux-501/ta-76d99a0fb54d: exit status 1: no server running on /tmp/tmux-501/ta-76d99a0fb54d"
time=2026-08-09T16:49:50.417+08:00 level=DEBUG msg="discovery: skipping unreachable socket" socket=/tmp/tmux-501/ta-7cf3455fc7ef err="query tmux on /tmp/tmux-501/ta-7cf3455fc7ef: exit status 1: no server running on /tmp/tmux-501/ta-7cf3455fc7ef"
time=2026-08-09T16:49:50.423+08:00 level=DEBUG msg="discovery: skipping unreachable socket" socket=/tmp/tmux-501/ta-8f9301481b91 err="query tmux on /tmp/tmux-501/ta-8f9301481b91: exit status 1: no server running on /tmp/tmux-501/ta-8f9301481b91"
time=2026-08-09T16:49:50.428+08:00 level=DEBUG msg="discovery: skipping unreachable socket" socket=/tmp/tmux-501/ta-9f7ab2efc12e err="query tmux on /tmp/tmux-501/ta-9f7ab2efc12e: exit status 1: no server running on /tmp/tmux-501/ta-9f7ab2efc12e"
time=2026-08-09T16:49:50.435+08:00 level=DEBUG msg="discovery: skipping unreachable socket" socket=/tmp/tmux-501/ta-a2c700ba2992 err="query tmux on /tmp/tmux-501/ta-a2c700ba2992: exit status 1: no server running on /tmp/tmux-501/ta-a2c700ba2992"
time=2026-08-09T16:49:50.441+08:00 level=DEBUG msg="discovery: skipping unreachable socket" socket=/tmp/tmux-501/ta-a389ed2be6d0 err="query tmux on /tmp/tmux-501/ta-a389ed2be6d0: exit status 1: no server running on /tmp/tmux-501/ta-a389ed2be6d0"
time=2026-08-09T16:49:50.465+08:00 level=DEBUG msg="discovery: skipping unreachable socket" socket=/tmp/tmux-501/ta-d596a9f9a2a6 err="query tmux on /tmp/tmux-501/ta-d596a9f9a2a6: exit status 1: no server running on /tmp/tmux-501/ta-d596a9f9a2a6"
time=2026-08-09T16:49:50.470+08:00 level=DEBUG msg="discovery: skipping unreachable socket" socket=/tmp/tmux-501/ta-d9dc8c25f425 err="query tmux on /tmp/tmux-501/ta-d9dc8c25f425: exit status 1: no server running on /tmp/tmux-501/ta-d9dc8c25f425"
time=2026-08-09T16:49:50.476+08:00 level=DEBUG msg="discovery: skipping unreachable socket" socket=/tmp/tmux-501/ta-e4fe872351d8 err="query tmux on /tmp/tmux-501/ta-e4fe872351d8: exit status 1: no server running on /tmp/tmux-501/ta-e4fe872351d8"
time=2026-08-09T16:49:50.482+08:00 level=DEBUG msg="discovery: skipping unreachable socket" socket=/tmp/tmux-501/ta-e94aa181e16c err="query tmux on /tmp/tmux-501/ta-e94aa181e16c: exit status 1: no server running on /tmp/tmux-501/ta-e94aa181e16c"
time=2026-08-09T16:49:50.487+08:00 level=DEBUG msg="discovery: skipping unreachable socket" socket=/tmp/tmux-501/ta-ebf95952bfe3 err="query tmux on /tmp/tmux-501/ta-ebf95952bfe3: exit status 1: no server running on /tmp/tmux-501/ta-ebf95952bfe3"
time=2026-08-09T16:49:50.493+08:00 level=DEBUG msg="discovery: skipping unreachable socket" socket=/tmp/tmux-501/ta-fa2252466833 err="query tmux on /tmp/tmux-501/ta-fa2252466833: exit status 1: no server running on /tmp/tmux-501/ta-fa2252466833"
time=2026-08-09T16:49:50.501+08:00 level=DEBUG msg="state: sample failed" ref="/tmp/tmux-501/ta-602491b75920\x1f%0" err="capture pane %0 on /tmp/tmux-501/ta-602491b75920: exit status 1"
time=2026-08-09T16:49:50.994+08:00 level=DEBUG msg="discovery: skipping socket directory" dir=/tmp/e2e-l2.KhUMRL/tmux/tmux-501 err="open /tmp/e2e-l2.KhUMRL/tmux/tmux-501: no such file or directory"
time=2026-08-09T16:49:51.012+08:00 level=DEBUG msg="discovery: skipping unreachable socket" socket=/tmp/tmux-501/ta-0da65bceb372 err="query tmux on /tmp/tmux-501/ta-0da65bceb372: exit status 1: no server running on /tmp/tmux-501/ta-0da65bceb372"
time=2026-08-09T16:49:51.017+08:00 level=DEBUG msg="discovery: skipping unreachable socket" socket=/tmp/tmux-501/ta-192b3d7a4b4d err="query tmux on /tmp/tmux-501/ta-192b3d7a4b4d: exit status 1: no server running on /tmp/tmux-501/ta-192b3d7a4b4d"
time=2026-08-09T16:49:51.023+08:00 level=DEBUG msg="discovery: skipping unreachable socket" socket=/tmp/tmux-501/ta-19bab105a233 err="query tmux on /tmp/tmux-501/ta-19bab105a233: exit status 1: no server running on /tmp/tmux-501/ta-19bab105a233"
time=2026-08-09T16:49:51.029+08:00 level=DEBUG msg="discovery: skipping unreachable socket" socket=/tmp/tmux-501/ta-2183ff26eaba err="query tmux on /tmp/tmux-501/ta-2183ff26eaba: exit status 1: no server running on /tmp/tmux-501/ta-2183ff26eaba"
time=2026-08-09T16:49:51.041+08:00 level=DEBUG msg="discovery: skipping unreachable socket" socket=/tmp/tmux-501/ta-27ae35442db0 err="query tmux on /tmp/tmux-501/ta-27ae35442db0: exit status 1: no server running on /tmp/tmux-501/ta-27ae35442db0"
time=2026-08-09T16:49:51.052+08:00 level=DEBUG msg="discovery: skipping unreachable socket" socket=/tmp/tmux-501/ta-29ad6c433fb0 err="query tmux on /tmp/tmux-501/ta-29ad6c433fb0: exit status 1: no server running on /tmp/tmux-501/ta-29ad6c433fb0"
time=2026-08-09T16:49:51.058+08:00 level=DEBUG msg="discovery: skipping unreachable socket" socket=/tmp/tmux-501/ta-2b2b0f6042c3 err="query tmux on /tmp/tmux-501/ta-2b2b0f6042c3: exit status 1: no server running on /tmp/tmux-501/ta-2b2b0f6042c3"
time=2026-08-09T16:49:51.064+08:00 level=DEBUG msg="discovery: skipping unreachable socket" socket=/tmp/tmux-501/ta-2d881fc24979 err="query tmux on /tmp/tmux-501/ta-2d881fc24979: exit status 1: no server running on /tmp/tmux-501/ta-2d881fc24979"
time=2026-08-09T16:49:51.069+08:00 level=DEBUG msg="discovery: skipping unreachable socket" socket=/tmp/tmux-501/ta-3511002e6186 err="query tmux on /tmp/tmux-501/ta-3511002e6186: exit status 1: no server running on /tmp/tmux-501/ta-3511002e6186"
time=2026-08-09T16:49:51.092+08:00 level=DEBUG msg="discovery: skipping unreachable socket" socket=/tmp/tmux-501/ta-602491b75920 err="query tmux on /tmp/tmux-501/ta-602491b75920: exit status 1: no server running on /tmp/tmux-501/ta-602491b75920"
time=2026-08-09T16:49:51.099+08:00 level=DEBUG msg="discovery: skipping unreachable socket" socket=/tmp/tmux-501/ta-670fcfc61db1 err="query tmux on /tmp/tmux-501/ta-670fcfc61db1: exit status 1: no server running on /tmp/tmux-501/ta-670fcfc61db1"
time=2026-08-09T16:49:51.105+08:00 level=DEBUG msg="discovery: skipping unreachable socket" socket=/tmp/tmux-501/ta-714648f68f78 err="query tmux on /tmp/tmux-501/ta-714648f68f78: exit status 1: no server running on /tmp/tmux-501/ta-714648f68f78"
time=2026-08-09T16:49:51.111+08:00 level=DEBUG msg="discovery: skipping unreachable socket" socket=/tmp/tmux-501/ta-76d99a0fb54d err="query tmux on /tmp/tmux-501/ta-76d99a0fb54d: exit status 1: no server running on /tmp/tmux-501/ta-76d99a0fb54d"
time=2026-08-09T16:49:51.116+08:00 level=DEBUG msg="discovery: skipping unreachable socket" socket=/tmp/tmux-501/ta-7cf3455fc7ef err="query tmux on /tmp/tmux-501/ta-7cf3455fc7ef: exit status 1: no server running on /tmp/tmux-501/ta-7cf3455fc7ef"
time=2026-08-09T16:49:51.121+08:00 level=DEBUG msg="discovery: skipping unreachable socket" socket=/tmp/tmux-501/ta-8f9301481b91 err="query tmux on /tmp/tmux-501/ta-8f9301481b91: exit status 1: no server running on /tmp/tmux-501/ta-8f9301481b91"
time=2026-08-09T16:49:51.126+08:00 level=DEBUG msg="discovery: skipping unreachable socket" socket=/tmp/tmux-501/ta-9f7ab2efc12e err="query tmux on /tmp/tmux-501/ta-9f7ab2efc12e: exit status 1: no server running on /tmp/tmux-501/ta-9f7ab2efc12e"
time=2026-08-09T16:49:51.132+08:00 level=DEBUG msg="discovery: skipping unreachable socket" socket=/tmp/tmux-501/ta-a2c700ba2992 err="query tmux on /tmp/tmux-501/ta-a2c700ba2992: exit status 1: no server running on /tmp/tmux-501/ta-a2c700ba2992"
time=2026-08-09T16:49:51.136+08:00 level=DEBUG msg="discovery: skipping unreachable socket" socket=/tmp/tmux-501/ta-a389ed2be6d0 err="query tmux on /tmp/tmux-501/ta-a389ed2be6d0: exit status 1: no server running on /tmp/tmux-501/ta-a389ed2be6d0"
time=2026-08-09T16:49:51.159+08:00 level=DEBUG msg="discovery: skipping unreachable socket" socket=/tmp/tmux-501/ta-d596a9f9a2a6 err="query tmux on /tmp/tmux-501/ta-d596a9f9a2a6: exit status 1: no server running on /tmp/tmux-501/ta-d596a9f9a2a6"
time=2026-08-09T16:49:51.165+08:00 level=DEBUG msg="discovery: skipping unreachable socket" socket=/tmp/tmux-501/ta-d9dc8c25f425 err="query tmux on /tmp/tmux-501/ta-d9dc8c25f425: exit status 1: no server running on /tmp/tmux-501/ta-d9dc8c25f425"
time=2026-08-09T16:49:51.171+08:00 level=DEBUG msg="discovery: skipping unreachable socket" socket=/tmp/tmux-501/ta-e4fe872351d8 err="query tmux on /tmp/tmux-501/ta-e4fe872351d8: exit status 1: no server running on /tmp/tmux-501/ta-e4fe872351d8"
time=2026-08-09T16:49:51.177+08:00 level=DEBUG msg="discovery: skipping unreachable socket" socket=/tmp/tmux-501/ta-e94aa181e16c err="query tmux on /tmp/tmux-501/ta-e94aa181e16c: exit status 1: no server running on /tmp/tmux-501/ta-e94aa181e16c"
time=2026-08-09T16:49:51.183+08:00 level=DEBUG msg="discovery: skipping unreachable socket" socket=/tmp/tmux-501/ta-ebf95952bfe3 err="query tmux on /tmp/tmux-501/ta-ebf95952bfe3: exit status 1: no server running on /tmp/tmux-501/ta-ebf95952bfe3"
time=2026-08-09T16:49:51.188+08:00 level=DEBUG msg="discovery: skipping unreachable socket" socket=/tmp/tmux-501/ta-fa2252466833 err="query tmux on /tmp/tmux-501/ta-fa2252466833: exit status 1: no server running on /tmp/tmux-501/ta-fa2252466833"
time=2026-08-09T16:49:51.689+08:00 level=DEBUG msg="discovery: skipping socket directory" dir=/tmp/e2e-l2.KhUMRL/tmux/tmux-501 err="open /tmp/e2e-l2.KhUMRL/tmux/tmux-501: no such file or directory"
time=2026-08-09T16:49:51.707+08:00 level=DEBUG msg="discovery: skipping unreachable socket" socket=/tmp/tmux-501/ta-0da65bceb372 err="query tmux on /tmp/tmux-501/ta-0da65bceb372: exit status 1: no server running on /tmp/tmux-501/ta-0da65bceb372"
time=2026-08-09T16:49:51.714+08:00 level=DEBUG msg="discovery: skipping unreachable socket" socket=/tmp/tmux-501/ta-192b3d7a4b4d err="query tmux on /tmp/tmux-501/ta-192b3d7a4b4d: exit status 1: no server running on /tmp/tmux-501/ta-192b3d7a4b4d"
time=2026-08-09T16:49:51.719+08:00 level=DEBUG msg="discovery: skipping unreachable socket" socket=/tmp/tmux-501/ta-19bab105a233 err="query tmux on /tmp/tmux-501/ta-19bab105a233: exit status 1: no server running on /tmp/tmux-501/ta-19bab105a233"
time=2026-08-09T16:49:51.725+08:00 level=DEBUG msg="discovery: skipping unreachable socket" socket=/tmp/tmux-501/ta-2183ff26eaba err="query tmux on /tmp/tmux-501/ta-2183ff26eaba: exit status 1: no server running on /tmp/tmux-501/ta-2183ff26eaba"
time=2026-08-09T16:49:51.736+08:00 level=DEBUG msg="discovery: skipping unreachable socket" socket=/tmp/tmux-501/ta-27ae35442db0 err="query tmux on /tmp/tmux-501/ta-27ae35442db0: exit status 1: no server running on /tmp/tmux-501/ta-27ae35442db0"
time=2026-08-09T16:49:51.751+08:00 level=DEBUG msg="discovery: skipping unreachable socket" socket=/tmp/tmux-501/ta-29ad6c433fb0 err="query tmux on /tmp/tmux-501/ta-29ad6c433fb0: exit status 1: no server running on /tmp/tmux-501/ta-29ad6c433fb0"
time=2026-08-09T16:49:51.757+08:00 level=DEBUG msg="discovery: skipping unreachable socket" socket=/tmp/tmux-501/ta-2b2b0f6042c3 err="query tmux on /tmp/tmux-501/ta-2b2b0f6042c3: exit status 1: no server running on /tmp/tmux-501/ta-2b2b0f6042c3"
time=2026-08-09T16:49:51.769+08:00 level=DEBUG msg="discovery: skipping unreachable socket" socket=/tmp/tmux-501/ta-2d881fc24979 err="query tmux on /tmp/tmux-501/ta-2d881fc24979: exit status 1: no server running on /tmp/tmux-501/ta-2d881fc24979"
time=2026-08-09T16:49:51.775+08:00 level=DEBUG msg="discovery: skipping unreachable socket" socket=/tmp/tmux-501/ta-3511002e6186 err="query tmux on /tmp/tmux-501/ta-3511002e6186: exit status 1: no server running on /tmp/tmux-501/ta-3511002e6186"
time=2026-08-09T16:49:51.797+08:00 level=DEBUG msg="discovery: skipping unreachable socket" socket=/tmp/tmux-501/ta-602491b75920 err="query tmux on /tmp/tmux-501/ta-602491b75920: exit status 1: no server running on /tmp/tmux-501/ta-602491b75920"
time=2026-08-09T16:49:51.802+08:00 level=DEBUG msg="discovery: skipping unreachable socket" socket=/tmp/tmux-501/ta-670fcfc61db1 err="query tmux on /tmp/tmux-501/ta-670fcfc61db1: exit status 1: no server running on /tmp/tmux-501/ta-670fcfc61db1"
time=2026-08-09T16:49:51.807+08:00 level=DEBUG msg="discovery: skipping unreachable socket" socket=/tmp/tmux-501/ta-714648f68f78 err="query tmux on /tmp/tmux-501/ta-714648f68f78: exit status 1: no server running on /tmp/tmux-501/ta-714648f68f78"
time=2026-08-09T16:49:51.813+08:00 level=DEBUG msg="discovery: skipping unreachable socket" socket=/tmp/tmux-501/ta-76d99a0fb54d err="query tmux on /tmp/tmux-501/ta-76d99a0fb54d: exit status 1: no server running on /tmp/tmux-501/ta-76d99a0fb54d"
time=2026-08-09T16:49:51.818+08:00 level=DEBUG msg="discovery: skipping unreachable socket" socket=/tmp/tmux-501/ta-7cf3455fc7ef err="query tmux on /tmp/tmux-501/ta-7cf3455fc7ef: exit status 1: no server running on /tmp/tmux-501/ta-7cf3455fc7ef"
time=2026-08-09T16:49:51.823+08:00 level=DEBUG msg="discovery: skipping unreachable socket" socket=/tmp/tmux-501/ta-8f9301481b91 err="query tmux on /tmp/tmux-501/ta-8f9301481b91: exit status 1: no server running on /tmp/tmux-501/ta-8f9301481b91"
time=2026-08-09T16:49:51.828+08:00 level=DEBUG msg="discovery: skipping unreachable socket" socket=/tmp/tmux-501/ta-9f7ab2efc12e err="query tmux on /tmp/tmux-501/ta-9f7ab2efc12e: exit status 1: no server running on /tmp/tmux-501/ta-9f7ab2efc12e"
time=2026-08-09T16:49:51.834+08:00 level=DEBUG msg="discovery: skipping unreachable socket" socket=/tmp/tmux-501/ta-a389ed2be6d0 err="query tmux on /tmp/tmux-501/ta-a389ed2be6d0: exit status 1: no server running on /tmp/tmux-501/ta-a389ed2be6d0"
time=2026-08-09T16:49:51.857+08:00 level=DEBUG msg="discovery: skipping unreachable socket" socket=/tmp/tmux-501/ta-d596a9f9a2a6 err="query tmux on /tmp/tmux-501/ta-d596a9f9a2a6: exit status 1: no server running on /tmp/tmux-501/ta-d596a9f9a2a6"
time=2026-08-09T16:49:51.862+08:00 level=DEBUG msg="discovery: skipping unreachable socket" socket=/tmp/tmux-501/ta-d9dc8c25f425 err="query tmux on /tmp/tmux-501/ta-d9dc8c25f425: exit status 1: no server running on /tmp/tmux-501/ta-d9dc8c25f425"
time=2026-08-09T16:49:51.867+08:00 level=DEBUG msg="discovery: skipping unreachable socket" socket=/tmp/tmux-501/ta-e4fe872351d8 err="query tmux on /tmp/tmux-501/ta-e4fe872351d8: exit status 1: no server running on /tmp/tmux-501/ta-e4fe872351d8"
time=2026-08-09T16:49:51.873+08:00 level=DEBUG msg="discovery: skipping unreachable socket" socket=/tmp/tmux-501/ta-e94aa181e16c err="query tmux on /tmp/tmux-501/ta-e94aa181e16c: exit status 1: no server running on /tmp/tmux-501/ta-e94aa181e16c"
time=2026-08-09T16:49:51.878+08:00 level=DEBUG msg="discovery: skipping unreachable socket" socket=/tmp/tmux-501/ta-ebf95952bfe3 err="query tmux on /tmp/tmux-501/ta-ebf95952bfe3: exit status 1: no server running on /tmp/tmux-501/ta-ebf95952bfe3"
time=2026-08-09T16:49:51.884+08:00 level=DEBUG msg="discovery: skipping unreachable socket" socket=/tmp/tmux-501/ta-fa2252466833 err="query tmux on /tmp/tmux-501/ta-fa2252466833: exit status 1: no server running on /tmp/tmux-501/ta-fa2252466833"
time=2026-08-09T16:49:51.884+08:00 level=DEBUG msg="listing: no changes"
time=2026-08-09T16:49:52.385+08:00 level=DEBUG msg="discovery: skipping socket directory" dir=/tmp/e2e-l2.KhUMRL/tmux/tmux-501 err="open /tmp/e2e-l2.KhUMRL/tmux/tmux-501: no such file or directory"
time=2026-08-09T16:49:52.402+08:00 level=DEBUG msg="discovery: skipping unreachable socket" socket=/tmp/tmux-501/ta-0da65bceb372 err="query tmux on /tmp/tmux-501/ta-0da65bceb372: exit status 1: no server running on /tmp/tmux-501/ta-0da65bceb372"
time=2026-08-09T16:49:52.408+08:00 level=DEBUG msg="discovery: skipping unreachable socket" socket=/tmp/tmux-501/ta-192b3d7a4b4d err="query tmux on /tmp/tmux-501/ta-192b3d7a4b4d: exit status 1: no server running on /tmp/tmux-501/ta-192b3d7a4b4d"
time=2026-08-09T16:49:52.413+08:00 level=DEBUG msg="discovery: skipping unreachable socket" socket=/tmp/tmux-501/ta-19bab105a233 err="query tmux on /tmp/tmux-501/ta-19bab105a233: exit status 1: no server running on /tmp/tmux-501/ta-19bab105a233"
time=2026-08-09T16:49:52.419+08:00 level=DEBUG msg="discovery: skipping unreachable socket" socket=/tmp/tmux-501/ta-2183ff26eaba err="query tmux on /tmp/tmux-501/ta-2183ff26eaba: exit status 1: no server running on /tmp/tmux-501/ta-2183ff26eaba"
time=2026-08-09T16:49:52.430+08:00 level=DEBUG msg="discovery: skipping unreachable socket" socket=/tmp/tmux-501/ta-27ae35442db0 err="query tmux on /tmp/tmux-501/ta-27ae35442db0: exit status 1: no server running on /tmp/tmux-501/ta-27ae35442db0"
time=2026-08-09T16:49:52.441+08:00 level=DEBUG msg="discovery: skipping unreachable socket" socket=/tmp/tmux-501/ta-29ad6c433fb0 err="query tmux on /tmp/tmux-501/ta-29ad6c433fb0: exit status 1: no server running on /tmp/tmux-501/ta-29ad6c433fb0"
time=2026-08-09T16:49:52.447+08:00 level=DEBUG msg="discovery: skipping unreachable socket" socket=/tmp/tmux-501/ta-2b2b0f6042c3 err="query tmux on /tmp/tmux-501/ta-2b2b0f6042c3: exit status 1: no server running on /tmp/tmux-501/ta-2b2b0f6042c3"
time=2026-08-09T16:49:52.453+08:00 level=DEBUG msg="discovery: skipping unreachable socket" socket=/tmp/tmux-501/ta-2d881fc24979 err="query tmux on /tmp/tmux-501/ta-2d881fc24979: exit status 1: no server running on /tmp/tmux-501/ta-2d881fc24979"
time=2026-08-09T16:49:52.458+08:00 level=DEBUG msg="discovery: skipping unreachable socket" socket=/tmp/tmux-501/ta-3511002e6186 err="query tmux on /tmp/tmux-501/ta-3511002e6186: exit status 1: no server running on /tmp/tmux-501/ta-3511002e6186"
time=2026-08-09T16:49:52.479+08:00 level=DEBUG msg="discovery: skipping unreachable socket" socket=/tmp/tmux-501/ta-5db7d6220716 err="query tmux on /tmp/tmux-501/ta-5db7d6220716: exit status 1: no server running on /tmp/tmux-501/ta-5db7d6220716"
time=2026-08-09T16:49:52.484+08:00 level=DEBUG msg="discovery: skipping unreachable socket" socket=/tmp/tmux-501/ta-670fcfc61db1 err="query tmux on /tmp/tmux-501/ta-670fcfc61db1: exit status 1: no server running on /tmp/tmux-501/ta-670fcfc61db1"
time=2026-08-09T16:49:52.489+08:00 level=DEBUG msg="discovery: skipping unreachable socket" socket=/tmp/tmux-501/ta-714648f68f78 err="query tmux on /tmp/tmux-501/ta-714648f68f78: exit status 1: no server running on /tmp/tmux-501/ta-714648f68f78"
time=2026-08-09T16:49:52.494+08:00 level=DEBUG msg="discovery: skipping unreachable socket" socket=/tmp/tmux-501/ta-76d99a0fb54d err="query tmux on /tmp/tmux-501/ta-76d99a0fb54d: exit status 1: no server running on /tmp/tmux-501/ta-76d99a0fb54d"
time=2026-08-09T16:49:52.499+08:00 level=DEBUG msg="discovery: skipping unreachable socket" socket=/tmp/tmux-501/ta-7cf3455fc7ef err="query tmux on /tmp/tmux-501/ta-7cf3455fc7ef: exit status 1: no server running on /tmp/tmux-501/ta-7cf3455fc7ef"
time=2026-08-09T16:49:52.504+08:00 level=DEBUG msg="discovery: skipping unreachable socket" socket=/tmp/tmux-501/ta-8f9301481b91 err="query tmux on /tmp/tmux-501/ta-8f9301481b91: exit status 1: no server running on /tmp/tmux-501/ta-8f9301481b91"
time=2026-08-09T16:49:52.509+08:00 level=DEBUG msg="discovery: skipping unreachable socket" socket=/tmp/tmux-501/ta-9f7ab2efc12e err="query tmux on /tmp/tmux-501/ta-9f7ab2efc12e: exit status 1: no server running on /tmp/tmux-501/ta-9f7ab2efc12e"
time=2026-08-09T16:49:52.514+08:00 level=DEBUG msg="discovery: skipping unreachable socket" socket=/tmp/tmux-501/ta-a389ed2be6d0 err="query tmux on /tmp/tmux-501/ta-a389ed2be6d0: exit status 1: no server running on /tmp/tmux-501/ta-a389ed2be6d0"
time=2026-08-09T16:49:52.543+08:00 level=DEBUG msg="discovery: skipping unreachable socket" socket=/tmp/tmux-501/ta-d596a9f9a2a6 err="query tmux on /tmp/tmux-501/ta-d596a9f9a2a6: exit status 1: no server running on /tmp/tmux-501/ta-d596a9f9a2a6"
time=2026-08-09T16:49:52.548+08:00 level=DEBUG msg="discovery: skipping unreachable socket" socket=/tmp/tmux-501/ta-d9dc8c25f425 err="query tmux on /tmp/tmux-501/ta-d9dc8c25f425: exit status 1: no server running on /tmp/tmux-501/ta-d9dc8c25f425"
time=2026-08-09T16:49:52.553+08:00 level=DEBUG msg="discovery: skipping unreachable socket" socket=/tmp/tmux-501/ta-e4fe872351d8 err="query tmux on /tmp/tmux-501/ta-e4fe872351d8: exit status 1: no server running on /tmp/tmux-501/ta-e4fe872351d8"
time=2026-08-09T16:49:52.558+08:00 level=DEBUG msg="discovery: skipping unreachable socket" socket=/tmp/tmux-501/ta-e94aa181e16c err="query tmux on /tmp/tmux-501/ta-e94aa181e16c: exit status 1: no server running on /tmp/tmux-501/ta-e94aa181e16c"
time=2026-08-09T16:49:52.563+08:00 level=DEBUG msg="discovery: skipping unreachable socket" socket=/tmp/tmux-501/ta-ebf95952bfe3 err="query tmux on /tmp/tmux-501/ta-ebf95952bfe3: exit status 1: no server running on /tmp/tmux-501/ta-ebf95952bfe3"
time=2026-08-09T16:49:52.569+08:00 level=DEBUG msg="discovery: skipping unreachable socket" socket=/tmp/tmux-501/ta-fa2252466833 err="query tmux on /tmp/tmux-501/ta-fa2252466833: exit status 1: no server running on /tmp/tmux-501/ta-fa2252466833"
time=2026-08-09T16:49:52.849+08:00 level=DEBUG msg="state: sample failed" ref="/tmp/tmux-501/ta-c00395456670\x1f%1" err="capture pane %1 on /tmp/tmux-501/ta-c00395456670: exit status 1"
time=2026-08-09T16:49:52.850+08:00 level=DEBUG msg="state: sample failed" ref="/tmp/tmux-501/ta-c00395456670\x1f%0" err="capture pane %0 on /tmp/tmux-501/ta-c00395456670: exit status 1"
time=2026-08-09T16:49:53.071+08:00 level=DEBUG msg="discovery: skipping socket directory" dir=/tmp/e2e-l2.KhUMRL/tmux/tmux-501 err="open /tmp/e2e-l2.KhUMRL/tmux/tmux-501: no such file or directory"
time=2026-08-09T16:49:53.088+08:00 level=DEBUG msg="discovery: skipping unreachable socket" socket=/tmp/tmux-501/ta-0da65bceb372 err="query tmux on /tmp/tmux-501/ta-0da65bceb372: exit status 1: no server running on /tmp/tmux-501/ta-0da65bceb372"
time=2026-08-09T16:49:53.093+08:00 level=DEBUG msg="discovery: skipping unreachable socket" socket=/tmp/tmux-501/ta-192b3d7a4b4d err="query tmux on /tmp/tmux-501/ta-192b3d7a4b4d: exit status 1: no server running on /tmp/tmux-501/ta-192b3d7a4b4d"
time=2026-08-09T16:49:53.098+08:00 level=DEBUG msg="discovery: skipping unreachable socket" socket=/tmp/tmux-501/ta-19bab105a233 err="query tmux on /tmp/tmux-501/ta-19bab105a233: exit status 1: no server running on /tmp/tmux-501/ta-19bab105a233"
time=2026-08-09T16:49:53.104+08:00 level=DEBUG msg="discovery: skipping unreachable socket" socket=/tmp/tmux-501/ta-2183ff26eaba err="query tmux on /tmp/tmux-501/ta-2183ff26eaba: exit status 1: no server running on /tmp/tmux-501/ta-2183ff26eaba"
time=2026-08-09T16:49:53.115+08:00 level=DEBUG msg="discovery: skipping unreachable socket" socket=/tmp/tmux-501/ta-27ae35442db0 err="query tmux on /tmp/tmux-501/ta-27ae35442db0: exit status 1: no server running on /tmp/tmux-501/ta-27ae35442db0"
time=2026-08-09T16:49:53.126+08:00 level=DEBUG msg="discovery: skipping unreachable socket" socket=/tmp/tmux-501/ta-29ad6c433fb0 err="query tmux on /tmp/tmux-501/ta-29ad6c433fb0: exit status 1: no server running on /tmp/tmux-501/ta-29ad6c433fb0"
time=2026-08-09T16:49:53.132+08:00 level=DEBUG msg="discovery: skipping unreachable socket" socket=/tmp/tmux-501/ta-2b2b0f6042c3 err="query tmux on /tmp/tmux-501/ta-2b2b0f6042c3: exit status 1: no server running on /tmp/tmux-501/ta-2b2b0f6042c3"
time=2026-08-09T16:49:53.137+08:00 level=DEBUG msg="discovery: skipping unreachable socket" socket=/tmp/tmux-501/ta-2d881fc24979 err="query tmux on /tmp/tmux-501/ta-2d881fc24979: exit status 1: no server running on /tmp/tmux-501/ta-2d881fc24979"
time=2026-08-09T16:49:53.142+08:00 level=DEBUG msg="discovery: skipping unreachable socket" socket=/tmp/tmux-501/ta-3511002e6186 err="query tmux on /tmp/tmux-501/ta-3511002e6186: exit status 1: no server running on /tmp/tmux-501/ta-3511002e6186"
time=2026-08-09T16:49:53.163+08:00 level=DEBUG msg="discovery: skipping unreachable socket" socket=/tmp/tmux-501/ta-5db7d6220716 err="query tmux on /tmp/tmux-501/ta-5db7d6220716: exit status 1: no server running on /tmp/tmux-501/ta-5db7d6220716"
time=2026-08-09T16:49:53.169+08:00 level=DEBUG msg="discovery: skipping unreachable socket" socket=/tmp/tmux-501/ta-670fcfc61db1 err="query tmux on /tmp/tmux-501/ta-670fcfc61db1: exit status 1: no server running on /tmp/tmux-501/ta-670fcfc61db1"
time=2026-08-09T16:49:53.174+08:00 level=DEBUG msg="discovery: skipping unreachable socket" socket=/tmp/tmux-501/ta-714648f68f78 err="query tmux on /tmp/tmux-501/ta-714648f68f78: exit status 1: no server running on /tmp/tmux-501/ta-714648f68f78"
time=2026-08-09T16:49:53.179+08:00 level=DEBUG msg="discovery: skipping unreachable socket" socket=/tmp/tmux-501/ta-76d99a0fb54d err="query tmux on /tmp/tmux-501/ta-76d99a0fb54d: exit status 1: no server running on /tmp/tmux-501/ta-76d99a0fb54d"
time=2026-08-09T16:49:53.185+08:00 level=DEBUG msg="discovery: skipping unreachable socket" socket=/tmp/tmux-501/ta-7cf3455fc7ef err="query tmux on /tmp/tmux-501/ta-7cf3455fc7ef: exit status 1: no server running on /tmp/tmux-501/ta-7cf3455fc7ef"
time=2026-08-09T16:49:53.190+08:00 level=DEBUG msg="discovery: skipping unreachable socket" socket=/tmp/tmux-501/ta-8f9301481b91 err="query tmux on /tmp/tmux-501/ta-8f9301481b91: exit status 1: no server running on /tmp/tmux-501/ta-8f9301481b91"
time=2026-08-09T16:49:53.196+08:00 level=DEBUG msg="discovery: skipping unreachable socket" socket=/tmp/tmux-501/ta-9f7ab2efc12e err="query tmux on /tmp/tmux-501/ta-9f7ab2efc12e: exit status 1: no server running on /tmp/tmux-501/ta-9f7ab2efc12e"
time=2026-08-09T16:49:53.201+08:00 level=DEBUG msg="discovery: skipping unreachable socket" socket=/tmp/tmux-501/ta-a389ed2be6d0 err="query tmux on /tmp/tmux-501/ta-a389ed2be6d0: exit status 1: no server running on /tmp/tmux-501/ta-a389ed2be6d0"
time=2026-08-09T16:49:53.226+08:00 level=DEBUG msg="discovery: skipping unreachable socket" socket=/tmp/tmux-501/ta-c00395456670 err="query tmux on /tmp/tmux-501/ta-c00395456670: exit status 1: no server running on /tmp/tmux-501/ta-c00395456670"
time=2026-08-09T16:49:53.231+08:00 level=DEBUG msg="discovery: skipping unreachable socket" socket=/tmp/tmux-501/ta-d596a9f9a2a6 err="query tmux on /tmp/tmux-501/ta-d596a9f9a2a6: exit status 1: no server running on /tmp/tmux-501/ta-d596a9f9a2a6"
time=2026-08-09T16:49:53.237+08:00 level=DEBUG msg="discovery: skipping unreachable socket" socket=/tmp/tmux-501/ta-d9dc8c25f425 err="query tmux on /tmp/tmux-501/ta-d9dc8c25f425: exit status 1: no server running on /tmp/tmux-501/ta-d9dc8c25f425"
time=2026-08-09T16:49:53.242+08:00 level=DEBUG msg="discovery: skipping unreachable socket" socket=/tmp/tmux-501/ta-e4fe872351d8 err="query tmux on /tmp/tmux-501/ta-e4fe872351d8: exit status 1: no server running on /tmp/tmux-501/ta-e4fe872351d8"
time=2026-08-09T16:49:53.247+08:00 level=DEBUG msg="discovery: skipping unreachable socket" socket=/tmp/tmux-501/ta-e94aa181e16c err="query tmux on /tmp/tmux-501/ta-e94aa181e16c: exit status 1: no server running on /tmp/tmux-501/ta-e94aa181e16c"
time=2026-08-09T16:49:53.252+08:00 level=DEBUG msg="discovery: skipping unreachable socket" socket=/tmp/tmux-501/ta-ebf95952bfe3 err="query tmux on /tmp/tmux-501/ta-ebf95952bfe3: exit status 1: no server running on /tmp/tmux-501/ta-ebf95952bfe3"
time=2026-08-09T16:49:53.257+08:00 level=DEBUG msg="discovery: skipping unreachable socket" socket=/tmp/tmux-501/ta-fa2252466833 err="query tmux on /tmp/tmux-501/ta-fa2252466833: exit status 1: no server running on /tmp/tmux-501/ta-fa2252466833"
time=2026-08-09T16:49:53.758+08:00 level=DEBUG msg="discovery: skipping socket directory" dir=/tmp/e2e-l2.KhUMRL/tmux/tmux-501 err="open /tmp/e2e-l2.KhUMRL/tmux/tmux-501: no such file or directory"
time=2026-08-09T16:49:53.777+08:00 level=DEBUG msg="discovery: skipping unreachable socket" socket=/tmp/tmux-501/ta-0da65bceb372 err="query tmux on /tmp/tmux-501/ta-0da65bceb372: exit status 1: no server running on /tmp/tmux-501/ta-0da65bceb372"
time=2026-08-09T16:49:53.783+08:00 level=DEBUG msg="discovery: skipping unreachable socket" socket=/tmp/tmux-501/ta-192b3d7a4b4d err="query tmux on /tmp/tmux-501/ta-192b3d7a4b4d: exit status 1: no server running on /tmp/tmux-501/ta-192b3d7a4b4d"
time=2026-08-09T16:49:53.789+08:00 level=DEBUG msg="discovery: skipping unreachable socket" socket=/tmp/tmux-501/ta-19bab105a233 err="query tmux on /tmp/tmux-501/ta-19bab105a233: exit status 1: no server running on /tmp/tmux-501/ta-19bab105a233"
time=2026-08-09T16:49:53.794+08:00 level=DEBUG msg="discovery: skipping unreachable socket" socket=/tmp/tmux-501/ta-2183ff26eaba err="query tmux on /tmp/tmux-501/ta-2183ff26eaba: exit status 1: no server running on /tmp/tmux-501/ta-2183ff26eaba"
time=2026-08-09T16:49:53.806+08:00 level=DEBUG msg="discovery: skipping unreachable socket" socket=/tmp/tmux-501/ta-27ae35442db0 err="query tmux on /tmp/tmux-501/ta-27ae35442db0: exit status 1: no server running on /tmp/tmux-501/ta-27ae35442db0"
time=2026-08-09T16:49:53.817+08:00 level=DEBUG msg="discovery: skipping unreachable socket" socket=/tmp/tmux-501/ta-29ad6c433fb0 err="query tmux on /tmp/tmux-501/ta-29ad6c433fb0: exit status 1: no server running on /tmp/tmux-501/ta-29ad6c433fb0"
time=2026-08-09T16:49:53.822+08:00 level=DEBUG msg="discovery: skipping unreachable socket" socket=/tmp/tmux-501/ta-2b2b0f6042c3 err="query tmux on /tmp/tmux-501/ta-2b2b0f6042c3: exit status 1: no server running on /tmp/tmux-501/ta-2b2b0f6042c3"
time=2026-08-09T16:49:53.827+08:00 level=DEBUG msg="discovery: skipping unreachable socket" socket=/tmp/tmux-501/ta-2d881fc24979 err="query tmux on /tmp/tmux-501/ta-2d881fc24979: exit status 1: no server running on /tmp/tmux-501/ta-2d881fc24979"
time=2026-08-09T16:49:53.832+08:00 level=DEBUG msg="discovery: skipping unreachable socket" socket=/tmp/tmux-501/ta-3511002e6186 err="query tmux on /tmp/tmux-501/ta-3511002e6186: exit status 1: no server running on /tmp/tmux-501/ta-3511002e6186"
time=2026-08-09T16:49:53.853+08:00 level=DEBUG msg="discovery: skipping unreachable socket" socket=/tmp/tmux-501/ta-5db7d6220716 err="query tmux on /tmp/tmux-501/ta-5db7d6220716: exit status 1: no server running on /tmp/tmux-501/ta-5db7d6220716"
time=2026-08-09T16:49:53.858+08:00 level=DEBUG msg="discovery: skipping unreachable socket" socket=/tmp/tmux-501/ta-670fcfc61db1 err="query tmux on /tmp/tmux-501/ta-670fcfc61db1: exit status 1: no server running on /tmp/tmux-501/ta-670fcfc61db1"
time=2026-08-09T16:49:53.863+08:00 level=DEBUG msg="discovery: skipping unreachable socket" socket=/tmp/tmux-501/ta-714648f68f78 err="query tmux on /tmp/tmux-501/ta-714648f68f78: exit status 1: no server running on /tmp/tmux-501/ta-714648f68f78"
time=2026-08-09T16:49:53.869+08:00 level=DEBUG msg="discovery: skipping unreachable socket" socket=/tmp/tmux-501/ta-76d99a0fb54d err="query tmux on /tmp/tmux-501/ta-76d99a0fb54d: exit status 1: no server running on /tmp/tmux-501/ta-76d99a0fb54d"
time=2026-08-09T16:49:53.874+08:00 level=DEBUG msg="discovery: skipping unreachable socket" socket=/tmp/tmux-501/ta-7cf3455fc7ef err="query tmux on /tmp/tmux-501/ta-7cf3455fc7ef: exit status 1: no server running on /tmp/tmux-501/ta-7cf3455fc7ef"
time=2026-08-09T16:49:53.879+08:00 level=DEBUG msg="discovery: skipping unreachable socket" socket=/tmp/tmux-501/ta-8f9301481b91 err="query tmux on /tmp/tmux-501/ta-8f9301481b91: exit status 1: no server running on /tmp/tmux-501/ta-8f9301481b91"
time=2026-08-09T16:49:53.884+08:00 level=DEBUG msg="discovery: skipping unreachable socket" socket=/tmp/tmux-501/ta-9f7ab2efc12e err="query tmux on /tmp/tmux-501/ta-9f7ab2efc12e: exit status 1: no server running on /tmp/tmux-501/ta-9f7ab2efc12e"
time=2026-08-09T16:49:53.889+08:00 level=DEBUG msg="discovery: skipping unreachable socket" socket=/tmp/tmux-501/ta-a389ed2be6d0 err="query tmux on /tmp/tmux-501/ta-a389ed2be6d0: exit status 1: no server running on /tmp/tmux-501/ta-a389ed2be6d0"
time=2026-08-09T16:49:53.913+08:00 level=DEBUG msg="discovery: skipping unreachable socket" socket=/tmp/tmux-501/ta-c00395456670 err="query tmux on /tmp/tmux-501/ta-c00395456670: exit status 1: no server running on /tmp/tmux-501/ta-c00395456670"
time=2026-08-09T16:49:53.918+08:00 level=DEBUG msg="discovery: skipping unreachable socket" socket=/tmp/tmux-501/ta-d596a9f9a2a6 err="query tmux on /tmp/tmux-501/ta-d596a9f9a2a6: exit status 1: no server running on /tmp/tmux-501/ta-d596a9f9a2a6"
time=2026-08-09T16:49:53.923+08:00 level=DEBUG msg="discovery: skipping unreachable socket" socket=/tmp/tmux-501/ta-d9dc8c25f425 err="query tmux on /tmp/tmux-501/ta-d9dc8c25f425: exit status 1: no server running on /tmp/tmux-501/ta-d9dc8c25f425"
time=2026-08-09T16:49:53.928+08:00 level=DEBUG msg="discovery: skipping unreachable socket" socket=/tmp/tmux-501/ta-e4fe872351d8 err="query tmux on /tmp/tmux-501/ta-e4fe872351d8: exit status 1: no server running on /tmp/tmux-501/ta-e4fe872351d8"
time=2026-08-09T16:49:53.934+08:00 level=DEBUG msg="discovery: skipping unreachable socket" socket=/tmp/tmux-501/ta-e94aa181e16c err="query tmux on /tmp/tmux-501/ta-e94aa181e16c: exit status 1: no server running on /tmp/tmux-501/ta-e94aa181e16c"
time=2026-08-09T16:49:53.939+08:00 level=DEBUG msg="discovery: skipping unreachable socket" socket=/tmp/tmux-501/ta-ebf95952bfe3 err="query tmux on /tmp/tmux-501/ta-ebf95952bfe3: exit status 1: no server running on /tmp/tmux-501/ta-ebf95952bfe3"
time=2026-08-09T16:49:53.944+08:00 level=DEBUG msg="discovery: skipping unreachable socket" socket=/tmp/tmux-501/ta-fa2252466833 err="query tmux on /tmp/tmux-501/ta-fa2252466833: exit status 1: no server running on /tmp/tmux-501/ta-fa2252466833"
time=2026-08-09T16:49:53.945+08:00 level=DEBUG msg="listing: no changes"
time=2026-08-09T16:49:54.446+08:00 level=DEBUG msg="discovery: skipping socket directory" dir=/tmp/e2e-l2.KhUMRL/tmux/tmux-501 err="open /tmp/e2e-l2.KhUMRL/tmux/tmux-501: no such file or directory"
time=2026-08-09T16:49:54.463+08:00 level=DEBUG msg="discovery: skipping unreachable socket" socket=/tmp/tmux-501/ta-0da65bceb372 err="query tmux on /tmp/tmux-501/ta-0da65bceb372: exit status 1: no server running on /tmp/tmux-501/ta-0da65bceb372"
time=2026-08-09T16:49:54.468+08:00 level=DEBUG msg="discovery: skipping unreachable socket" socket=/tmp/tmux-501/ta-192b3d7a4b4d err="query tmux on /tmp/tmux-501/ta-192b3d7a4b4d: exit status 1: no server running on /tmp/tmux-501/ta-192b3d7a4b4d"
time=2026-08-09T16:49:54.473+08:00 level=DEBUG msg="discovery: skipping unreachable socket" socket=/tmp/tmux-501/ta-19bab105a233 err="query tmux on /tmp/tmux-501/ta-19bab105a233: exit status 1: no server running on /tmp/tmux-501/ta-19bab105a233"
time=2026-08-09T16:49:54.478+08:00 level=DEBUG msg="discovery: skipping unreachable socket" socket=/tmp/tmux-501/ta-2183ff26eaba err="query tmux on /tmp/tmux-501/ta-2183ff26eaba: exit status 1: no server running on /tmp/tmux-501/ta-2183ff26eaba"
time=2026-08-09T16:49:54.489+08:00 level=DEBUG msg="discovery: skipping unreachable socket" socket=/tmp/tmux-501/ta-27ae35442db0 err="query tmux on /tmp/tmux-501/ta-27ae35442db0: exit status 1: no server running on /tmp/tmux-501/ta-27ae35442db0"
time=2026-08-09T16:49:54.499+08:00 level=DEBUG msg="discovery: skipping unreachable socket" socket=/tmp/tmux-501/ta-29ad6c433fb0 err="query tmux on /tmp/tmux-501/ta-29ad6c433fb0: exit status 1: no server running on /tmp/tmux-501/ta-29ad6c433fb0"
time=2026-08-09T16:49:54.505+08:00 level=DEBUG msg="discovery: skipping unreachable socket" socket=/tmp/tmux-501/ta-2b2b0f6042c3 err="query tmux on /tmp/tmux-501/ta-2b2b0f6042c3: exit status 1: no server running on /tmp/tmux-501/ta-2b2b0f6042c3"
time=2026-08-09T16:49:54.511+08:00 level=DEBUG msg="discovery: skipping unreachable socket" socket=/tmp/tmux-501/ta-2d881fc24979 err="query tmux on /tmp/tmux-501/ta-2d881fc24979: exit status 1: no server running on /tmp/tmux-501/ta-2d881fc24979"
time=2026-08-09T16:49:54.516+08:00 level=DEBUG msg="discovery: skipping unreachable socket" socket=/tmp/tmux-501/ta-3511002e6186 err="query tmux on /tmp/tmux-501/ta-3511002e6186: exit status 1: no server running on /tmp/tmux-501/ta-3511002e6186"
time=2026-08-09T16:49:54.538+08:00 level=DEBUG msg="discovery: skipping unreachable socket" socket=/tmp/tmux-501/ta-5db7d6220716 err="query tmux on /tmp/tmux-501/ta-5db7d6220716: exit status 1: no server running on /tmp/tmux-501/ta-5db7d6220716"
time=2026-08-09T16:49:54.543+08:00 level=DEBUG msg="discovery: skipping unreachable socket" socket=/tmp/tmux-501/ta-670fcfc61db1 err="query tmux on /tmp/tmux-501/ta-670fcfc61db1: exit status 1: no server running on /tmp/tmux-501/ta-670fcfc61db1"
time=2026-08-09T16:49:54.549+08:00 level=DEBUG msg="discovery: skipping unreachable socket" socket=/tmp/tmux-501/ta-714648f68f78 err="query tmux on /tmp/tmux-501/ta-714648f68f78: exit status 1: no server running on /tmp/tmux-501/ta-714648f68f78"
time=2026-08-09T16:49:54.555+08:00 level=DEBUG msg="discovery: skipping unreachable socket" socket=/tmp/tmux-501/ta-76d99a0fb54d err="query tmux on /tmp/tmux-501/ta-76d99a0fb54d: exit status 1: no server running on /tmp/tmux-501/ta-76d99a0fb54d"
time=2026-08-09T16:49:54.560+08:00 level=DEBUG msg="discovery: skipping unreachable socket" socket=/tmp/tmux-501/ta-7cf3455fc7ef err="query tmux on /tmp/tmux-501/ta-7cf3455fc7ef: exit status 1: no server running on /tmp/tmux-501/ta-7cf3455fc7ef"
time=2026-08-09T16:49:54.565+08:00 level=DEBUG msg="discovery: skipping unreachable socket" socket=/tmp/tmux-501/ta-8f9301481b91 err="query tmux on /tmp/tmux-501/ta-8f9301481b91: exit status 1: no server running on /tmp/tmux-501/ta-8f9301481b91"
time=2026-08-09T16:49:54.570+08:00 level=DEBUG msg="discovery: skipping unreachable socket" socket=/tmp/tmux-501/ta-9f7ab2efc12e err="query tmux on /tmp/tmux-501/ta-9f7ab2efc12e: exit status 1: no server running on /tmp/tmux-501/ta-9f7ab2efc12e"
time=2026-08-09T16:49:54.576+08:00 level=DEBUG msg="discovery: skipping unreachable socket" socket=/tmp/tmux-501/ta-a389ed2be6d0 err="query tmux on /tmp/tmux-501/ta-a389ed2be6d0: exit status 1: no server running on /tmp/tmux-501/ta-a389ed2be6d0"
time=2026-08-09T16:49:54.601+08:00 level=DEBUG msg="discovery: skipping unreachable socket" socket=/tmp/tmux-501/ta-d596a9f9a2a6 err="query tmux on /tmp/tmux-501/ta-d596a9f9a2a6: exit status 1: no server running on /tmp/tmux-501/ta-d596a9f9a2a6"
time=2026-08-09T16:49:54.606+08:00 level=DEBUG msg="discovery: skipping unreachable socket" socket=/tmp/tmux-501/ta-d9dc8c25f425 err="query tmux on /tmp/tmux-501/ta-d9dc8c25f425: exit status 1: no server running on /tmp/tmux-501/ta-d9dc8c25f425"
time=2026-08-09T16:49:54.611+08:00 level=DEBUG msg="discovery: skipping unreachable socket" socket=/tmp/tmux-501/ta-e4fe872351d8 err="query tmux on /tmp/tmux-501/ta-e4fe872351d8: exit status 1: no server running on /tmp/tmux-501/ta-e4fe872351d8"
time=2026-08-09T16:49:54.616+08:00 level=DEBUG msg="discovery: skipping unreachable socket" socket=/tmp/tmux-501/ta-e94aa181e16c err="query tmux on /tmp/tmux-501/ta-e94aa181e16c: exit status 1: no server running on /tmp/tmux-501/ta-e94aa181e16c"
time=2026-08-09T16:49:54.622+08:00 level=DEBUG msg="discovery: skipping unreachable socket" socket=/tmp/tmux-501/ta-ebf95952bfe3 err="query tmux on /tmp/tmux-501/ta-ebf95952bfe3: exit status 1: no server running on /tmp/tmux-501/ta-ebf95952bfe3"
time=2026-08-09T16:49:54.628+08:00 level=DEBUG msg="discovery: skipping unreachable socket" socket=/tmp/tmux-501/ta-fa2252466833 err="query tmux on /tmp/tmux-501/ta-fa2252466833: exit status 1: no server running on /tmp/tmux-501/ta-fa2252466833"
time=2026-08-09T16:49:54.628+08:00 level=DEBUG msg="listing: no changes"
time=2026-08-09T16:49:55.128+08:00 level=DEBUG msg="discovery: skipping socket directory" dir=/tmp/e2e-l2.KhUMRL/tmux/tmux-501 err="open /tmp/e2e-l2.KhUMRL/tmux/tmux-501: no such file or directory"
time=2026-08-09T16:49:55.147+08:00 level=DEBUG msg="discovery: skipping unreachable socket" socket=/tmp/tmux-501/ta-0da65bceb372 err="query tmux on /tmp/tmux-501/ta-0da65bceb372: exit status 1: no server running on /tmp/tmux-501/ta-0da65bceb372"
time=2026-08-09T16:49:55.152+08:00 level=DEBUG msg="discovery: skipping unreachable socket" socket=/tmp/tmux-501/ta-192b3d7a4b4d err="query tmux on /tmp/tmux-501/ta-192b3d7a4b4d: exit status 1: no server running on /tmp/tmux-501/ta-192b3d7a4b4d"
time=2026-08-09T16:49:55.157+08:00 level=DEBUG msg="discovery: skipping unreachable socket" socket=/tmp/tmux-501/ta-19bab105a233 err="query tmux on /tmp/tmux-501/ta-19bab105a233: exit status 1: no server running on /tmp/tmux-501/ta-19bab105a233"
time=2026-08-09T16:49:55.162+08:00 level=DEBUG msg="discovery: skipping unreachable socket" socket=/tmp/tmux-501/ta-2183ff26eaba err="query tmux on /tmp/tmux-501/ta-2183ff26eaba: exit status 1: no server running on /tmp/tmux-501/ta-2183ff26eaba"
time=2026-08-09T16:49:55.173+08:00 level=DEBUG msg="discovery: skipping unreachable socket" socket=/tmp/tmux-501/ta-27ae35442db0 err="query tmux on /tmp/tmux-501/ta-27ae35442db0: exit status 1: no server running on /tmp/tmux-501/ta-27ae35442db0"
time=2026-08-09T16:49:55.183+08:00 level=DEBUG msg="discovery: skipping unreachable socket" socket=/tmp/tmux-501/ta-29ad6c433fb0 err="query tmux on /tmp/tmux-501/ta-29ad6c433fb0: exit status 1: no server running on /tmp/tmux-501/ta-29ad6c433fb0"
time=2026-08-09T16:49:55.188+08:00 level=DEBUG msg="discovery: skipping unreachable socket" socket=/tmp/tmux-501/ta-2b2b0f6042c3 err="query tmux on /tmp/tmux-501/ta-2b2b0f6042c3: exit status 1: no server running on /tmp/tmux-501/ta-2b2b0f6042c3"
time=2026-08-09T16:49:55.194+08:00 level=DEBUG msg="discovery: skipping unreachable socket" socket=/tmp/tmux-501/ta-2d881fc24979 err="query tmux on /tmp/tmux-501/ta-2d881fc24979: exit status 1: no server running on /tmp/tmux-501/ta-2d881fc24979"
time=2026-08-09T16:49:55.199+08:00 level=DEBUG msg="discovery: skipping unreachable socket" socket=/tmp/tmux-501/ta-3511002e6186 err="query tmux on /tmp/tmux-501/ta-3511002e6186: exit status 1: no server running on /tmp/tmux-501/ta-3511002e6186"
time=2026-08-09T16:49:55.220+08:00 level=DEBUG msg="discovery: skipping unreachable socket" socket=/tmp/tmux-501/ta-5db7d6220716 err="query tmux on /tmp/tmux-501/ta-5db7d6220716: exit status 1: no server running on /tmp/tmux-501/ta-5db7d6220716"
time=2026-08-09T16:49:55.226+08:00 level=DEBUG msg="discovery: skipping unreachable socket" socket=/tmp/tmux-501/ta-670fcfc61db1 err="query tmux on /tmp/tmux-501/ta-670fcfc61db1: exit status 1: no server running on /tmp/tmux-501/ta-670fcfc61db1"
time=2026-08-09T16:49:55.231+08:00 level=DEBUG msg="discovery: skipping unreachable socket" socket=/tmp/tmux-501/ta-714648f68f78 err="query tmux on /tmp/tmux-501/ta-714648f68f78: exit status 1: no server running on /tmp/tmux-501/ta-714648f68f78"
time=2026-08-09T16:49:55.236+08:00 level=DEBUG msg="discovery: skipping unreachable socket" socket=/tmp/tmux-501/ta-76d99a0fb54d err="query tmux on /tmp/tmux-501/ta-76d99a0fb54d: exit status 1: no server running on /tmp/tmux-501/ta-76d99a0fb54d"
time=2026-08-09T16:49:55.242+08:00 level=DEBUG msg="discovery: skipping unreachable socket" socket=/tmp/tmux-501/ta-7cf3455fc7ef err="query tmux on /tmp/tmux-501/ta-7cf3455fc7ef: exit status 1: no server running on /tmp/tmux-501/ta-7cf3455fc7ef"
time=2026-08-09T16:49:55.248+08:00 level=DEBUG msg="discovery: skipping unreachable socket" socket=/tmp/tmux-501/ta-8f9301481b91 err="query tmux on /tmp/tmux-501/ta-8f9301481b91: exit status 1: no server running on /tmp/tmux-501/ta-8f9301481b91"
time=2026-08-09T16:49:55.253+08:00 level=DEBUG msg="discovery: skipping unreachable socket" socket=/tmp/tmux-501/ta-9f7ab2efc12e err="query tmux on /tmp/tmux-501/ta-9f7ab2efc12e: exit status 1: no server running on /tmp/tmux-501/ta-9f7ab2efc12e"
time=2026-08-09T16:49:55.258+08:00 level=DEBUG msg="discovery: skipping unreachable socket" socket=/tmp/tmux-501/ta-a389ed2be6d0 err="query tmux on /tmp/tmux-501/ta-a389ed2be6d0: exit status 1: no server running on /tmp/tmux-501/ta-a389ed2be6d0"
time=2026-08-09T16:49:55.282+08:00 level=DEBUG msg="discovery: skipping unreachable socket" socket=/tmp/tmux-501/ta-d596a9f9a2a6 err="query tmux on /tmp/tmux-501/ta-d596a9f9a2a6: exit status 1: no server running on /tmp/tmux-501/ta-d596a9f9a2a6"
time=2026-08-09T16:49:55.286+08:00 level=DEBUG msg="discovery: skipping unreachable socket" socket=/tmp/tmux-501/ta-d9dc8c25f425 err="query tmux on /tmp/tmux-501/ta-d9dc8c25f425: exit status 1: no server running on /tmp/tmux-501/ta-d9dc8c25f425"
time=2026-08-09T16:49:55.291+08:00 level=DEBUG msg="discovery: skipping unreachable socket" socket=/tmp/tmux-501/ta-e18b887b6cd2 err="query tmux on /tmp/tmux-501/ta-e18b887b6cd2: exit status 1: no server running on /tmp/tmux-501/ta-e18b887b6cd2"
time=2026-08-09T16:49:55.297+08:00 level=DEBUG msg="discovery: skipping unreachable socket" socket=/tmp/tmux-501/ta-e4fe872351d8 err="query tmux on /tmp/tmux-501/ta-e4fe872351d8: exit status 1: no server running on /tmp/tmux-501/ta-e4fe872351d8"
time=2026-08-09T16:49:55.302+08:00 level=DEBUG msg="discovery: skipping unreachable socket" socket=/tmp/tmux-501/ta-e94aa181e16c err="query tmux on /tmp/tmux-501/ta-e94aa181e16c: exit status 1: no server running on /tmp/tmux-501/ta-e94aa181e16c"
time=2026-08-09T16:49:55.308+08:00 level=DEBUG msg="discovery: skipping unreachable socket" socket=/tmp/tmux-501/ta-ebf95952bfe3 err="query tmux on /tmp/tmux-501/ta-ebf95952bfe3: exit status 1: no server running on /tmp/tmux-501/ta-ebf95952bfe3"
time=2026-08-09T16:49:55.313+08:00 level=DEBUG msg="discovery: skipping unreachable socket" socket=/tmp/tmux-501/ta-fa2252466833 err="query tmux on /tmp/tmux-501/ta-fa2252466833: exit status 1: no server running on /tmp/tmux-501/ta-fa2252466833"
time=2026-08-09T16:49:55.314+08:00 level=DEBUG msg="listing: no changes"
time=2026-08-09T16:49:55.815+08:00 level=DEBUG msg="discovery: skipping socket directory" dir=/tmp/e2e-l2.KhUMRL/tmux/tmux-501 err="open /tmp/e2e-l2.KhUMRL/tmux/tmux-501: no such file or directory"
time=2026-08-09T16:49:55.832+08:00 level=DEBUG msg="discovery: skipping unreachable socket" socket=/tmp/tmux-501/ta-0da65bceb372 err="query tmux on /tmp/tmux-501/ta-0da65bceb372: exit status 1: no server running on /tmp/tmux-501/ta-0da65bceb372"
time=2026-08-09T16:49:55.838+08:00 level=DEBUG msg="discovery: skipping unreachable socket" socket=/tmp/tmux-501/ta-192b3d7a4b4d err="query tmux on /tmp/tmux-501/ta-192b3d7a4b4d: exit status 1: no server running on /tmp/tmux-501/ta-192b3d7a4b4d"
time=2026-08-09T16:49:55.844+08:00 level=DEBUG msg="discovery: skipping unreachable socket" socket=/tmp/tmux-501/ta-19bab105a233 err="query tmux on /tmp/tmux-501/ta-19bab105a233: exit status 1: no server running on /tmp/tmux-501/ta-19bab105a233"
time=2026-08-09T16:49:55.850+08:00 level=DEBUG msg="discovery: skipping unreachable socket" socket=/tmp/tmux-501/ta-2183ff26eaba err="query tmux on /tmp/tmux-501/ta-2183ff26eaba: exit status 1: no server running on /tmp/tmux-501/ta-2183ff26eaba"
time=2026-08-09T16:49:55.861+08:00 level=DEBUG msg="discovery: skipping unreachable socket" socket=/tmp/tmux-501/ta-27ae35442db0 err="query tmux on /tmp/tmux-501/ta-27ae35442db0: exit status 1: no server running on /tmp/tmux-501/ta-27ae35442db0"
time=2026-08-09T16:49:55.872+08:00 level=DEBUG msg="discovery: skipping unreachable socket" socket=/tmp/tmux-501/ta-29ad6c433fb0 err="query tmux on /tmp/tmux-501/ta-29ad6c433fb0: exit status 1: no server running on /tmp/tmux-501/ta-29ad6c433fb0"
time=2026-08-09T16:49:55.878+08:00 level=DEBUG msg="discovery: skipping unreachable socket" socket=/tmp/tmux-501/ta-2b2b0f6042c3 err="query tmux on /tmp/tmux-501/ta-2b2b0f6042c3: exit status 1: no server running on /tmp/tmux-501/ta-2b2b0f6042c3"
time=2026-08-09T16:49:55.884+08:00 level=DEBUG msg="discovery: skipping unreachable socket" socket=/tmp/tmux-501/ta-2d881fc24979 err="query tmux on /tmp/tmux-501/ta-2d881fc24979: exit status 1: no server running on /tmp/tmux-501/ta-2d881fc24979"
time=2026-08-09T16:49:55.889+08:00 level=DEBUG msg="discovery: skipping unreachable socket" socket=/tmp/tmux-501/ta-3511002e6186 err="query tmux on /tmp/tmux-501/ta-3511002e6186: exit status 1: no server running on /tmp/tmux-501/ta-3511002e6186"
time=2026-08-09T16:49:55.911+08:00 level=DEBUG msg="discovery: skipping unreachable socket" socket=/tmp/tmux-501/ta-670fcfc61db1 err="query tmux on /tmp/tmux-501/ta-670fcfc61db1: exit status 1: no server running on /tmp/tmux-501/ta-670fcfc61db1"
time=2026-08-09T16:49:55.916+08:00 level=DEBUG msg="discovery: skipping unreachable socket" socket=/tmp/tmux-501/ta-714648f68f78 err="query tmux on /tmp/tmux-501/ta-714648f68f78: exit status 1: no server running on /tmp/tmux-501/ta-714648f68f78"
time=2026-08-09T16:49:55.922+08:00 level=DEBUG msg="discovery: skipping unreachable socket" socket=/tmp/tmux-501/ta-76d99a0fb54d err="query tmux on /tmp/tmux-501/ta-76d99a0fb54d: exit status 1: no server running on /tmp/tmux-501/ta-76d99a0fb54d"
time=2026-08-09T16:49:55.928+08:00 level=DEBUG msg="discovery: skipping unreachable socket" socket=/tmp/tmux-501/ta-7cf3455fc7ef err="query tmux on /tmp/tmux-501/ta-7cf3455fc7ef: exit status 1: no server running on /tmp/tmux-501/ta-7cf3455fc7ef"
time=2026-08-09T16:49:55.933+08:00 level=DEBUG msg="discovery: skipping unreachable socket" socket=/tmp/tmux-501/ta-8f9301481b91 err="query tmux on /tmp/tmux-501/ta-8f9301481b91: exit status 1: no server running on /tmp/tmux-501/ta-8f9301481b91"
time=2026-08-09T16:49:55.938+08:00 level=DEBUG msg="discovery: skipping unreachable socket" socket=/tmp/tmux-501/ta-9f7ab2efc12e err="query tmux on /tmp/tmux-501/ta-9f7ab2efc12e: exit status 1: no server running on /tmp/tmux-501/ta-9f7ab2efc12e"
time=2026-08-09T16:49:55.944+08:00 level=DEBUG msg="discovery: skipping unreachable socket" socket=/tmp/tmux-501/ta-a389ed2be6d0 err="query tmux on /tmp/tmux-501/ta-a389ed2be6d0: exit status 1: no server running on /tmp/tmux-501/ta-a389ed2be6d0"
time=2026-08-09T16:49:55.967+08:00 level=DEBUG msg="discovery: skipping unreachable socket" socket=/tmp/tmux-501/ta-d596a9f9a2a6 err="query tmux on /tmp/tmux-501/ta-d596a9f9a2a6: exit status 1: no server running on /tmp/tmux-501/ta-d596a9f9a2a6"
time=2026-08-09T16:49:55.972+08:00 level=DEBUG msg="discovery: skipping unreachable socket" socket=/tmp/tmux-501/ta-d9dc8c25f425 err="query tmux on /tmp/tmux-501/ta-d9dc8c25f425: exit status 1: no server running on /tmp/tmux-501/ta-d9dc8c25f425"
time=2026-08-09T16:49:55.978+08:00 level=DEBUG msg="discovery: skipping unreachable socket" socket=/tmp/tmux-501/ta-e18b887b6cd2 err="query tmux on /tmp/tmux-501/ta-e18b887b6cd2: exit status 1: no server running on /tmp/tmux-501/ta-e18b887b6cd2"
time=2026-08-09T16:49:55.983+08:00 level=DEBUG msg="discovery: skipping unreachable socket" socket=/tmp/tmux-501/ta-e4fe872351d8 err="query tmux on /tmp/tmux-501/ta-e4fe872351d8: exit status 1: no server running on /tmp/tmux-501/ta-e4fe872351d8"
time=2026-08-09T16:49:55.989+08:00 level=DEBUG msg="discovery: skipping unreachable socket" socket=/tmp/tmux-501/ta-e94aa181e16c err="query tmux on /tmp/tmux-501/ta-e94aa181e16c: exit status 1: no server running on /tmp/tmux-501/ta-e94aa181e16c"
time=2026-08-09T16:49:55.994+08:00 level=DEBUG msg="discovery: skipping unreachable socket" socket=/tmp/tmux-501/ta-ebf95952bfe3 err="query tmux on /tmp/tmux-501/ta-ebf95952bfe3: exit status 1: no server running on /tmp/tmux-501/ta-ebf95952bfe3"
time=2026-08-09T16:49:55.999+08:00 level=DEBUG msg="discovery: skipping unreachable socket" socket=/tmp/tmux-501/ta-fa2252466833 err="query tmux on /tmp/tmux-501/ta-fa2252466833: exit status 1: no server running on /tmp/tmux-501/ta-fa2252466833"
time=2026-08-09T16:49:56.000+08:00 level=DEBUG msg="listing: no changes"
time=2026-08-09T16:49:56.500+08:00 level=DEBUG msg="discovery: skipping socket directory" dir=/tmp/e2e-l2.KhUMRL/tmux/tmux-501 err="open /tmp/e2e-l2.KhUMRL/tmux/tmux-501: no such file or directory"
time=2026-08-09T16:49:56.518+08:00 level=DEBUG msg="discovery: skipping unreachable socket" socket=/tmp/tmux-501/ta-0da65bceb372 err="query tmux on /tmp/tmux-501/ta-0da65bceb372: exit status 1: no server running on /tmp/tmux-501/ta-0da65bceb372"
time=2026-08-09T16:49:56.524+08:00 level=DEBUG msg="discovery: skipping unreachable socket" socket=/tmp/tmux-501/ta-192b3d7a4b4d err="query tmux on /tmp/tmux-501/ta-192b3d7a4b4d: exit status 1: no server running on /tmp/tmux-501/ta-192b3d7a4b4d"
time=2026-08-09T16:49:56.530+08:00 level=DEBUG msg="discovery: skipping unreachable socket" socket=/tmp/tmux-501/ta-19bab105a233 err="query tmux on /tmp/tmux-501/ta-19bab105a233: exit status 1: no server running on /tmp/tmux-501/ta-19bab105a233"
time=2026-08-09T16:49:56.535+08:00 level=DEBUG msg="discovery: skipping unreachable socket" socket=/tmp/tmux-501/ta-2183ff26eaba err="query tmux on /tmp/tmux-501/ta-2183ff26eaba: exit status 1: no server running on /tmp/tmux-501/ta-2183ff26eaba"
time=2026-08-09T16:49:56.549+08:00 level=DEBUG msg="discovery: skipping unreachable socket" socket=/tmp/tmux-501/ta-27ae35442db0 err="query tmux on /tmp/tmux-501/ta-27ae35442db0: exit status 1: no server running on /tmp/tmux-501/ta-27ae35442db0"
time=2026-08-09T16:49:56.561+08:00 level=DEBUG msg="discovery: skipping unreachable socket" socket=/tmp/tmux-501/ta-29ad6c433fb0 err="query tmux on /tmp/tmux-501/ta-29ad6c433fb0: exit status 1: no server running on /tmp/tmux-501/ta-29ad6c433fb0"
time=2026-08-09T16:49:56.566+08:00 level=DEBUG msg="discovery: skipping unreachable socket" socket=/tmp/tmux-501/ta-2b2b0f6042c3 err="query tmux on /tmp/tmux-501/ta-2b2b0f6042c3: exit status 1: no server running on /tmp/tmux-501/ta-2b2b0f6042c3"
time=2026-08-09T16:49:56.572+08:00 level=DEBUG msg="discovery: skipping unreachable socket" socket=/tmp/tmux-501/ta-2d881fc24979 err="query tmux on /tmp/tmux-501/ta-2d881fc24979: exit status 1: no server running on /tmp/tmux-501/ta-2d881fc24979"
time=2026-08-09T16:49:56.577+08:00 level=DEBUG msg="discovery: skipping unreachable socket" socket=/tmp/tmux-501/ta-3511002e6186 err="query tmux on /tmp/tmux-501/ta-3511002e6186: exit status 1: no server running on /tmp/tmux-501/ta-3511002e6186"
time=2026-08-09T16:49:56.602+08:00 level=DEBUG msg="discovery: skipping unreachable socket" socket=/tmp/tmux-501/ta-670fcfc61db1 err="query tmux on /tmp/tmux-501/ta-670fcfc61db1: exit status 1: no server running on /tmp/tmux-501/ta-670fcfc61db1"
time=2026-08-09T16:49:56.609+08:00 level=DEBUG msg="discovery: skipping unreachable socket" socket=/tmp/tmux-501/ta-714648f68f78 err="query tmux on /tmp/tmux-501/ta-714648f68f78: exit status 1: no server running on /tmp/tmux-501/ta-714648f68f78"
time=2026-08-09T16:49:56.615+08:00 level=DEBUG msg="discovery: skipping unreachable socket" socket=/tmp/tmux-501/ta-76d99a0fb54d err="query tmux on /tmp/tmux-501/ta-76d99a0fb54d: exit status 1: no server running on /tmp/tmux-501/ta-76d99a0fb54d"
time=2026-08-09T16:49:56.621+08:00 level=DEBUG msg="discovery: skipping unreachable socket" socket=/tmp/tmux-501/ta-7cf3455fc7ef err="query tmux on /tmp/tmux-501/ta-7cf3455fc7ef: exit status 1: no server running on /tmp/tmux-501/ta-7cf3455fc7ef"
time=2026-08-09T16:49:56.627+08:00 level=DEBUG msg="discovery: skipping unreachable socket" socket=/tmp/tmux-501/ta-8f9301481b91 err="query tmux on /tmp/tmux-501/ta-8f9301481b91: exit status 1: no server running on /tmp/tmux-501/ta-8f9301481b91"
time=2026-08-09T16:49:56.632+08:00 level=DEBUG msg="discovery: skipping unreachable socket" socket=/tmp/tmux-501/ta-9f7ab2efc12e err="query tmux on /tmp/tmux-501/ta-9f7ab2efc12e: exit status 1: no server running on /tmp/tmux-501/ta-9f7ab2efc12e"
time=2026-08-09T16:49:56.639+08:00 level=DEBUG msg="discovery: skipping unreachable socket" socket=/tmp/tmux-501/ta-a389ed2be6d0 err="query tmux on /tmp/tmux-501/ta-a389ed2be6d0: exit status 1: no server running on /tmp/tmux-501/ta-a389ed2be6d0"
time=2026-08-09T16:49:56.664+08:00 level=DEBUG msg="discovery: skipping unreachable socket" socket=/tmp/tmux-501/ta-d596a9f9a2a6 err="query tmux on /tmp/tmux-501/ta-d596a9f9a2a6: exit status 1: no server running on /tmp/tmux-501/ta-d596a9f9a2a6"
time=2026-08-09T16:49:56.670+08:00 level=DEBUG msg="discovery: skipping unreachable socket" socket=/tmp/tmux-501/ta-d9dc8c25f425 err="query tmux on /tmp/tmux-501/ta-d9dc8c25f425: exit status 1: no server running on /tmp/tmux-501/ta-d9dc8c25f425"
time=2026-08-09T16:49:56.676+08:00 level=DEBUG msg="discovery: skipping unreachable socket" socket=/tmp/tmux-501/ta-deb884f5d5c8 err="query tmux on /tmp/tmux-501/ta-deb884f5d5c8: exit status 1: no server running on /tmp/tmux-501/ta-deb884f5d5c8"
time=2026-08-09T16:49:56.682+08:00 level=DEBUG msg="discovery: skipping unreachable socket" socket=/tmp/tmux-501/ta-e4fe872351d8 err="query tmux on /tmp/tmux-501/ta-e4fe872351d8: exit status 1: no server running on /tmp/tmux-501/ta-e4fe872351d8"
time=2026-08-09T16:49:56.687+08:00 level=DEBUG msg="discovery: skipping unreachable socket" socket=/tmp/tmux-501/ta-e94aa181e16c err="query tmux on /tmp/tmux-501/ta-e94aa181e16c: exit status 1: no server running on /tmp/tmux-501/ta-e94aa181e16c"
time=2026-08-09T16:49:56.692+08:00 level=DEBUG msg="discovery: skipping unreachable socket" socket=/tmp/tmux-501/ta-ebf95952bfe3 err="query tmux on /tmp/tmux-501/ta-ebf95952bfe3: exit status 1: no server running on /tmp/tmux-501/ta-ebf95952bfe3"
time=2026-08-09T16:49:56.698+08:00 level=DEBUG msg="discovery: skipping unreachable socket" socket=/tmp/tmux-501/ta-fa2252466833 err="query tmux on /tmp/tmux-501/ta-fa2252466833: exit status 1: no server running on /tmp/tmux-501/ta-fa2252466833"
time=2026-08-09T16:49:57.199+08:00 level=DEBUG msg="discovery: skipping socket directory" dir=/tmp/e2e-l2.KhUMRL/tmux/tmux-501 err="open /tmp/e2e-l2.KhUMRL/tmux/tmux-501: no such file or directory"
time=2026-08-09T16:49:57.217+08:00 level=DEBUG msg="discovery: skipping unreachable socket" socket=/tmp/tmux-501/ta-0da65bceb372 err="query tmux on /tmp/tmux-501/ta-0da65bceb372: exit status 1: no server running on /tmp/tmux-501/ta-0da65bceb372"
time=2026-08-09T16:49:57.223+08:00 level=DEBUG msg="discovery: skipping unreachable socket" socket=/tmp/tmux-501/ta-192b3d7a4b4d err="query tmux on /tmp/tmux-501/ta-192b3d7a4b4d: exit status 1: no server running on /tmp/tmux-501/ta-192b3d7a4b4d"
time=2026-08-09T16:49:57.229+08:00 level=DEBUG msg="discovery: skipping unreachable socket" socket=/tmp/tmux-501/ta-19bab105a233 err="query tmux on /tmp/tmux-501/ta-19bab105a233: exit status 1: no server running on /tmp/tmux-501/ta-19bab105a233"
time=2026-08-09T16:49:57.235+08:00 level=DEBUG msg="discovery: skipping unreachable socket" socket=/tmp/tmux-501/ta-2183ff26eaba err="query tmux on /tmp/tmux-501/ta-2183ff26eaba: exit status 1: no server running on /tmp/tmux-501/ta-2183ff26eaba"
time=2026-08-09T16:49:57.246+08:00 level=DEBUG msg="discovery: skipping unreachable socket" socket=/tmp/tmux-501/ta-27ae35442db0 err="query tmux on /tmp/tmux-501/ta-27ae35442db0: exit status 1: no server running on /tmp/tmux-501/ta-27ae35442db0"
time=2026-08-09T16:49:57.257+08:00 level=DEBUG msg="discovery: skipping unreachable socket" socket=/tmp/tmux-501/ta-29ad6c433fb0 err="query tmux on /tmp/tmux-501/ta-29ad6c433fb0: exit status 1: no server running on /tmp/tmux-501/ta-29ad6c433fb0"
time=2026-08-09T16:49:57.263+08:00 level=DEBUG msg="discovery: skipping unreachable socket" socket=/tmp/tmux-501/ta-2b2b0f6042c3 err="query tmux on /tmp/tmux-501/ta-2b2b0f6042c3: exit status 1: no server running on /tmp/tmux-501/ta-2b2b0f6042c3"
time=2026-08-09T16:49:57.269+08:00 level=DEBUG msg="discovery: skipping unreachable socket" socket=/tmp/tmux-501/ta-2d881fc24979 err="query tmux on /tmp/tmux-501/ta-2d881fc24979: exit status 1: no server running on /tmp/tmux-501/ta-2d881fc24979"
time=2026-08-09T16:49:57.275+08:00 level=DEBUG msg="discovery: skipping unreachable socket" socket=/tmp/tmux-501/ta-3511002e6186 err="query tmux on /tmp/tmux-501/ta-3511002e6186: exit status 1: no server running on /tmp/tmux-501/ta-3511002e6186"
time=2026-08-09T16:49:57.299+08:00 level=DEBUG msg="discovery: skipping unreachable socket" socket=/tmp/tmux-501/ta-670fcfc61db1 err="query tmux on /tmp/tmux-501/ta-670fcfc61db1: exit status 1: no server running on /tmp/tmux-501/ta-670fcfc61db1"
time=2026-08-09T16:49:57.305+08:00 level=DEBUG msg="discovery: skipping unreachable socket" socket=/tmp/tmux-501/ta-714648f68f78 err="query tmux on /tmp/tmux-501/ta-714648f68f78: exit status 1: no server running on /tmp/tmux-501/ta-714648f68f78"
time=2026-08-09T16:49:57.311+08:00 level=DEBUG msg="discovery: skipping unreachable socket" socket=/tmp/tmux-501/ta-76d99a0fb54d err="query tmux on /tmp/tmux-501/ta-76d99a0fb54d: exit status 1: no server running on /tmp/tmux-501/ta-76d99a0fb54d"
time=2026-08-09T16:49:57.317+08:00 level=DEBUG msg="discovery: skipping unreachable socket" socket=/tmp/tmux-501/ta-7cf3455fc7ef err="query tmux on /tmp/tmux-501/ta-7cf3455fc7ef: exit status 1: no server running on /tmp/tmux-501/ta-7cf3455fc7ef"
time=2026-08-09T16:49:57.323+08:00 level=DEBUG msg="discovery: skipping unreachable socket" socket=/tmp/tmux-501/ta-8f9301481b91 err="query tmux on /tmp/tmux-501/ta-8f9301481b91: exit status 1: no server running on /tmp/tmux-501/ta-8f9301481b91"
time=2026-08-09T16:49:57.329+08:00 level=DEBUG msg="discovery: skipping unreachable socket" socket=/tmp/tmux-501/ta-9f7ab2efc12e err="query tmux on /tmp/tmux-501/ta-9f7ab2efc12e: exit status 1: no server running on /tmp/tmux-501/ta-9f7ab2efc12e"
time=2026-08-09T16:49:57.335+08:00 level=DEBUG msg="discovery: skipping unreachable socket" socket=/tmp/tmux-501/ta-a389ed2be6d0 err="query tmux on /tmp/tmux-501/ta-a389ed2be6d0: exit status 1: no server running on /tmp/tmux-501/ta-a389ed2be6d0"
time=2026-08-09T16:49:57.353+08:00 level=DEBUG msg="discovery: skipping unreachable socket" socket=/tmp/tmux-501/ta-b3ee96928965 err="query tmux on /tmp/tmux-501/ta-b3ee96928965: exit status 1: no server running on /tmp/tmux-501/ta-b3ee96928965"
time=2026-08-09T16:49:57.365+08:00 level=DEBUG msg="discovery: skipping unreachable socket" socket=/tmp/tmux-501/ta-d596a9f9a2a6 err="query tmux on /tmp/tmux-501/ta-d596a9f9a2a6: exit status 1: no server running on /tmp/tmux-501/ta-d596a9f9a2a6"
time=2026-08-09T16:49:57.371+08:00 level=DEBUG msg="discovery: skipping unreachable socket" socket=/tmp/tmux-501/ta-d9dc8c25f425 err="query tmux on /tmp/tmux-501/ta-d9dc8c25f425: exit status 1: no server running on /tmp/tmux-501/ta-d9dc8c25f425"
time=2026-08-09T16:49:57.377+08:00 level=DEBUG msg="discovery: skipping unreachable socket" socket=/tmp/tmux-501/ta-deb884f5d5c8 err="query tmux on /tmp/tmux-501/ta-deb884f5d5c8: exit status 1: no server running on /tmp/tmux-501/ta-deb884f5d5c8"
time=2026-08-09T16:49:57.382+08:00 level=DEBUG msg="discovery: skipping unreachable socket" socket=/tmp/tmux-501/ta-e4fe872351d8 err="query tmux on /tmp/tmux-501/ta-e4fe872351d8: exit status 1: no server running on /tmp/tmux-501/ta-e4fe872351d8"
time=2026-08-09T16:49:57.388+08:00 level=DEBUG msg="discovery: skipping unreachable socket" socket=/tmp/tmux-501/ta-e94aa181e16c err="query tmux on /tmp/tmux-501/ta-e94aa181e16c: exit status 1: no server running on /tmp/tmux-501/ta-e94aa181e16c"
time=2026-08-09T16:49:57.393+08:00 level=DEBUG msg="discovery: skipping unreachable socket" socket=/tmp/tmux-501/ta-ebf95952bfe3 err="query tmux on /tmp/tmux-501/ta-ebf95952bfe3: exit status 1: no server running on /tmp/tmux-501/ta-ebf95952bfe3"
time=2026-08-09T16:49:57.399+08:00 level=DEBUG msg="discovery: skipping unreachable socket" socket=/tmp/tmux-501/ta-fa2252466833 err="query tmux on /tmp/tmux-501/ta-fa2252466833: exit status 1: no server running on /tmp/tmux-501/ta-fa2252466833"
time=2026-08-09T16:49:57.901+08:00 level=DEBUG msg="discovery: skipping socket directory" dir=/tmp/e2e-l2.KhUMRL/tmux/tmux-501 err="open /tmp/e2e-l2.KhUMRL/tmux/tmux-501: no such file or directory"
time=2026-08-09T16:49:57.917+08:00 level=DEBUG msg="discovery: skipping unreachable socket" socket=/tmp/tmux-501/ta-0da65bceb372 err="query tmux on /tmp/tmux-501/ta-0da65bceb372: exit status 1: no server running on /tmp/tmux-501/ta-0da65bceb372"
time=2026-08-09T16:49:57.923+08:00 level=DEBUG msg="discovery: skipping unreachable socket" socket=/tmp/tmux-501/ta-192b3d7a4b4d err="query tmux on /tmp/tmux-501/ta-192b3d7a4b4d: exit status 1: no server running on /tmp/tmux-501/ta-192b3d7a4b4d"
time=2026-08-09T16:49:57.928+08:00 level=DEBUG msg="discovery: skipping unreachable socket" socket=/tmp/tmux-501/ta-19bab105a233 err="query tmux on /tmp/tmux-501/ta-19bab105a233: exit status 1: no server running on /tmp/tmux-501/ta-19bab105a233"
time=2026-08-09T16:49:57.934+08:00 level=DEBUG msg="discovery: skipping unreachable socket" socket=/tmp/tmux-501/ta-2183ff26eaba err="query tmux on /tmp/tmux-501/ta-2183ff26eaba: exit status 1: no server running on /tmp/tmux-501/ta-2183ff26eaba"
time=2026-08-09T16:49:57.945+08:00 level=DEBUG msg="discovery: skipping unreachable socket" socket=/tmp/tmux-501/ta-27ae35442db0 err="query tmux on /tmp/tmux-501/ta-27ae35442db0: exit status 1: no server running on /tmp/tmux-501/ta-27ae35442db0"
time=2026-08-09T16:49:57.956+08:00 level=DEBUG msg="discovery: skipping unreachable socket" socket=/tmp/tmux-501/ta-29ad6c433fb0 err="query tmux on /tmp/tmux-501/ta-29ad6c433fb0: exit status 1: no server running on /tmp/tmux-501/ta-29ad6c433fb0"
time=2026-08-09T16:49:57.961+08:00 level=DEBUG msg="discovery: skipping unreachable socket" socket=/tmp/tmux-501/ta-2b2b0f6042c3 err="query tmux on /tmp/tmux-501/ta-2b2b0f6042c3: exit status 1: no server running on /tmp/tmux-501/ta-2b2b0f6042c3"
time=2026-08-09T16:49:57.966+08:00 level=DEBUG msg="discovery: skipping unreachable socket" socket=/tmp/tmux-501/ta-2d881fc24979 err="query tmux on /tmp/tmux-501/ta-2d881fc24979: exit status 1: no server running on /tmp/tmux-501/ta-2d881fc24979"
time=2026-08-09T16:49:57.971+08:00 level=DEBUG msg="discovery: skipping unreachable socket" socket=/tmp/tmux-501/ta-3511002e6186 err="query tmux on /tmp/tmux-501/ta-3511002e6186: exit status 1: no server running on /tmp/tmux-501/ta-3511002e6186"
time=2026-08-09T16:49:57.993+08:00 level=DEBUG msg="discovery: skipping unreachable socket" socket=/tmp/tmux-501/ta-670fcfc61db1 err="query tmux on /tmp/tmux-501/ta-670fcfc61db1: exit status 1: no server running on /tmp/tmux-501/ta-670fcfc61db1"
time=2026-08-09T16:49:57.999+08:00 level=DEBUG msg="discovery: skipping unreachable socket" socket=/tmp/tmux-501/ta-714648f68f78 err="query tmux on /tmp/tmux-501/ta-714648f68f78: exit status 1: no server running on /tmp/tmux-501/ta-714648f68f78"
time=2026-08-09T16:49:58.004+08:00 level=DEBUG msg="discovery: skipping unreachable socket" socket=/tmp/tmux-501/ta-76d99a0fb54d err="query tmux on /tmp/tmux-501/ta-76d99a0fb54d: exit status 1: no server running on /tmp/tmux-501/ta-76d99a0fb54d"
time=2026-08-09T16:49:58.009+08:00 level=DEBUG msg="discovery: skipping unreachable socket" socket=/tmp/tmux-501/ta-7cf3455fc7ef err="query tmux on /tmp/tmux-501/ta-7cf3455fc7ef: exit status 1: no server running on /tmp/tmux-501/ta-7cf3455fc7ef"
time=2026-08-09T16:49:58.014+08:00 level=DEBUG msg="discovery: skipping unreachable socket" socket=/tmp/tmux-501/ta-8f9301481b91 err="query tmux on /tmp/tmux-501/ta-8f9301481b91: exit status 1: no server running on /tmp/tmux-501/ta-8f9301481b91"
time=2026-08-09T16:49:58.019+08:00 level=DEBUG msg="discovery: skipping unreachable socket" socket=/tmp/tmux-501/ta-9f7ab2efc12e err="query tmux on /tmp/tmux-501/ta-9f7ab2efc12e: exit status 1: no server running on /tmp/tmux-501/ta-9f7ab2efc12e"
time=2026-08-09T16:49:58.025+08:00 level=DEBUG msg="discovery: skipping unreachable socket" socket=/tmp/tmux-501/ta-a389ed2be6d0 err="query tmux on /tmp/tmux-501/ta-a389ed2be6d0: exit status 1: no server running on /tmp/tmux-501/ta-a389ed2be6d0"
time=2026-08-09T16:49:58.042+08:00 level=DEBUG msg="discovery: skipping unreachable socket" socket=/tmp/tmux-501/ta-b3ee96928965 err="query tmux on /tmp/tmux-501/ta-b3ee96928965: exit status 1: no server running on /tmp/tmux-501/ta-b3ee96928965"
time=2026-08-09T16:49:58.053+08:00 level=DEBUG msg="discovery: skipping unreachable socket" socket=/tmp/tmux-501/ta-d596a9f9a2a6 err="query tmux on /tmp/tmux-501/ta-d596a9f9a2a6: exit status 1: no server running on /tmp/tmux-501/ta-d596a9f9a2a6"
time=2026-08-09T16:49:58.059+08:00 level=DEBUG msg="discovery: skipping unreachable socket" socket=/tmp/tmux-501/ta-d9dc8c25f425 err="query tmux on /tmp/tmux-501/ta-d9dc8c25f425: exit status 1: no server running on /tmp/tmux-501/ta-d9dc8c25f425"
time=2026-08-09T16:49:58.065+08:00 level=DEBUG msg="discovery: skipping unreachable socket" socket=/tmp/tmux-501/ta-e4fe872351d8 err="query tmux on /tmp/tmux-501/ta-e4fe872351d8: exit status 1: no server running on /tmp/tmux-501/ta-e4fe872351d8"
time=2026-08-09T16:49:58.070+08:00 level=DEBUG msg="discovery: skipping unreachable socket" socket=/tmp/tmux-501/ta-e94aa181e16c err="query tmux on /tmp/tmux-501/ta-e94aa181e16c: exit status 1: no server running on /tmp/tmux-501/ta-e94aa181e16c"
time=2026-08-09T16:49:58.076+08:00 level=DEBUG msg="discovery: skipping unreachable socket" socket=/tmp/tmux-501/ta-ebf95952bfe3 err="query tmux on /tmp/tmux-501/ta-ebf95952bfe3: exit status 1: no server running on /tmp/tmux-501/ta-ebf95952bfe3"
time=2026-08-09T16:49:58.082+08:00 level=DEBUG msg="discovery: skipping unreachable socket" socket=/tmp/tmux-501/ta-fa2252466833 err="query tmux on /tmp/tmux-501/ta-fa2252466833: exit status 1: no server running on /tmp/tmux-501/ta-fa2252466833"
time=2026-08-09T16:49:58.082+08:00 level=DEBUG msg="listing: no changes"
time=2026-08-09T16:49:58.583+08:00 level=DEBUG msg="discovery: skipping socket directory" dir=/tmp/e2e-l2.KhUMRL/tmux/tmux-501 err="open /tmp/e2e-l2.KhUMRL/tmux/tmux-501: no such file or directory"
time=2026-08-09T16:49:58.602+08:00 level=DEBUG msg="discovery: skipping unreachable socket" socket=/tmp/tmux-501/ta-0da65bceb372 err="query tmux on /tmp/tmux-501/ta-0da65bceb372: exit status 1: no server running on /tmp/tmux-501/ta-0da65bceb372"
time=2026-08-09T16:49:58.609+08:00 level=DEBUG msg="discovery: skipping unreachable socket" socket=/tmp/tmux-501/ta-192b3d7a4b4d err="query tmux on /tmp/tmux-501/ta-192b3d7a4b4d: exit status 1: no server running on /tmp/tmux-501/ta-192b3d7a4b4d"
time=2026-08-09T16:49:58.615+08:00 level=DEBUG msg="discovery: skipping unreachable socket" socket=/tmp/tmux-501/ta-19bab105a233 err="query tmux on /tmp/tmux-501/ta-19bab105a233: exit status 1: no server running on /tmp/tmux-501/ta-19bab105a233"
time=2026-08-09T16:49:58.622+08:00 level=DEBUG msg="discovery: skipping unreachable socket" socket=/tmp/tmux-501/ta-2183ff26eaba err="query tmux on /tmp/tmux-501/ta-2183ff26eaba: exit status 1: no server running on /tmp/tmux-501/ta-2183ff26eaba"
time=2026-08-09T16:49:58.633+08:00 level=DEBUG msg="discovery: skipping unreachable socket" socket=/tmp/tmux-501/ta-27ae35442db0 err="query tmux on /tmp/tmux-501/ta-27ae35442db0: exit status 1: no server running on /tmp/tmux-501/ta-27ae35442db0"
time=2026-08-09T16:49:58.646+08:00 level=DEBUG msg="discovery: skipping unreachable socket" socket=/tmp/tmux-501/ta-29ad6c433fb0 err="query tmux on /tmp/tmux-501/ta-29ad6c433fb0: exit status 1: no server running on /tmp/tmux-501/ta-29ad6c433fb0"
time=2026-08-09T16:49:58.652+08:00 level=DEBUG msg="discovery: skipping unreachable socket" socket=/tmp/tmux-501/ta-2b2b0f6042c3 err="query tmux on /tmp/tmux-501/ta-2b2b0f6042c3: exit status 1: no server running on /tmp/tmux-501/ta-2b2b0f6042c3"
time=2026-08-09T16:49:58.658+08:00 level=DEBUG msg="discovery: skipping unreachable socket" socket=/tmp/tmux-501/ta-2d881fc24979 err="query tmux on /tmp/tmux-501/ta-2d881fc24979: exit status 1: no server running on /tmp/tmux-501/ta-2d881fc24979"
time=2026-08-09T16:49:58.663+08:00 level=DEBUG msg="discovery: skipping unreachable socket" socket=/tmp/tmux-501/ta-3511002e6186 err="query tmux on /tmp/tmux-501/ta-3511002e6186: exit status 1: no server running on /tmp/tmux-501/ta-3511002e6186"
time=2026-08-09T16:49:58.688+08:00 level=DEBUG msg="discovery: skipping unreachable socket" socket=/tmp/tmux-501/ta-670fcfc61db1 err="query tmux on /tmp/tmux-501/ta-670fcfc61db1: exit status 1: no server running on /tmp/tmux-501/ta-670fcfc61db1"
time=2026-08-09T16:49:58.700+08:00 level=DEBUG msg="discovery: skipping unreachable socket" socket=/tmp/tmux-501/ta-714648f68f78 err="query tmux on /tmp/tmux-501/ta-714648f68f78: exit status 1: no server running on /tmp/tmux-501/ta-714648f68f78"
time=2026-08-09T16:49:58.706+08:00 level=DEBUG msg="discovery: skipping unreachable socket" socket=/tmp/tmux-501/ta-76d99a0fb54d err="query tmux on /tmp/tmux-501/ta-76d99a0fb54d: exit status 1: no server running on /tmp/tmux-501/ta-76d99a0fb54d"
time=2026-08-09T16:49:58.720+08:00 level=DEBUG msg="discovery: skipping unreachable socket" socket=/tmp/tmux-501/ta-7cf3455fc7ef err="query tmux on /tmp/tmux-501/ta-7cf3455fc7ef: exit status 1: no server running on /tmp/tmux-501/ta-7cf3455fc7ef"
time=2026-08-09T16:49:58.726+08:00 level=DEBUG msg="discovery: skipping unreachable socket" socket=/tmp/tmux-501/ta-8f9301481b91 err="query tmux on /tmp/tmux-501/ta-8f9301481b91: exit status 1: no server running on /tmp/tmux-501/ta-8f9301481b91"
time=2026-08-09T16:49:58.732+08:00 level=DEBUG msg="discovery: skipping unreachable socket" socket=/tmp/tmux-501/ta-9f7ab2efc12e err="query tmux on /tmp/tmux-501/ta-9f7ab2efc12e: exit status 1: no server running on /tmp/tmux-501/ta-9f7ab2efc12e"
time=2026-08-09T16:49:58.738+08:00 level=DEBUG msg="discovery: skipping unreachable socket" socket=/tmp/tmux-501/ta-a389ed2be6d0 err="query tmux on /tmp/tmux-501/ta-a389ed2be6d0: exit status 1: no server running on /tmp/tmux-501/ta-a389ed2be6d0"
time=2026-08-09T16:49:58.763+08:00 level=DEBUG msg="discovery: skipping unreachable socket" socket=/tmp/tmux-501/ta-cec1187980c3 err="query tmux on /tmp/tmux-501/ta-cec1187980c3: exit status 1: no server running on /tmp/tmux-501/ta-cec1187980c3"
time=2026-08-09T16:49:58.769+08:00 level=DEBUG msg="discovery: skipping unreachable socket" socket=/tmp/tmux-501/ta-d596a9f9a2a6 err="query tmux on /tmp/tmux-501/ta-d596a9f9a2a6: exit status 1: no server running on /tmp/tmux-501/ta-d596a9f9a2a6"
time=2026-08-09T16:49:58.775+08:00 level=DEBUG msg="discovery: skipping unreachable socket" socket=/tmp/tmux-501/ta-d9dc8c25f425 err="query tmux on /tmp/tmux-501/ta-d9dc8c25f425: exit status 1: no server running on /tmp/tmux-501/ta-d9dc8c25f425"
time=2026-08-09T16:49:58.781+08:00 level=DEBUG msg="discovery: skipping unreachable socket" socket=/tmp/tmux-501/ta-e4fe872351d8 err="query tmux on /tmp/tmux-501/ta-e4fe872351d8: exit status 1: no server running on /tmp/tmux-501/ta-e4fe872351d8"
time=2026-08-09T16:49:58.787+08:00 level=DEBUG msg="discovery: skipping unreachable socket" socket=/tmp/tmux-501/ta-e94aa181e16c err="query tmux on /tmp/tmux-501/ta-e94aa181e16c: exit status 1: no server running on /tmp/tmux-501/ta-e94aa181e16c"
time=2026-08-09T16:49:58.793+08:00 level=DEBUG msg="discovery: skipping unreachable socket" socket=/tmp/tmux-501/ta-ebf95952bfe3 err="query tmux on /tmp/tmux-501/ta-ebf95952bfe3: exit status 1: no server running on /tmp/tmux-501/ta-ebf95952bfe3"
time=2026-08-09T16:49:58.798+08:00 level=DEBUG msg="discovery: skipping unreachable socket" socket=/tmp/tmux-501/ta-fa2252466833 err="query tmux on /tmp/tmux-501/ta-fa2252466833: exit status 1: no server running on /tmp/tmux-501/ta-fa2252466833"
time=2026-08-09T16:49:58.798+08:00 level=DEBUG msg="listing: no changes"
time=2026-08-09T16:49:59.300+08:00 level=DEBUG msg="discovery: skipping socket directory" dir=/tmp/e2e-l2.KhUMRL/tmux/tmux-501 err="open /tmp/e2e-l2.KhUMRL/tmux/tmux-501: no such file or directory"
time=2026-08-09T16:49:59.316+08:00 level=DEBUG msg="discovery: skipping unreachable socket" socket=/tmp/tmux-501/ta-0da65bceb372 err="query tmux on /tmp/tmux-501/ta-0da65bceb372: exit status 1: no server running on /tmp/tmux-501/ta-0da65bceb372"
time=2026-08-09T16:49:59.321+08:00 level=DEBUG msg="discovery: skipping unreachable socket" socket=/tmp/tmux-501/ta-192b3d7a4b4d err="query tmux on /tmp/tmux-501/ta-192b3d7a4b4d: exit status 1: no server running on /tmp/tmux-501/ta-192b3d7a4b4d"
time=2026-08-09T16:49:59.326+08:00 level=DEBUG msg="discovery: skipping unreachable socket" socket=/tmp/tmux-501/ta-19bab105a233 err="query tmux on /tmp/tmux-501/ta-19bab105a233: exit status 1: no server running on /tmp/tmux-501/ta-19bab105a233"
time=2026-08-09T16:49:59.332+08:00 level=DEBUG msg="discovery: skipping unreachable socket" socket=/tmp/tmux-501/ta-2183ff26eaba err="query tmux on /tmp/tmux-501/ta-2183ff26eaba: exit status 1: no server running on /tmp/tmux-501/ta-2183ff26eaba"
time=2026-08-09T16:49:59.343+08:00 level=DEBUG msg="discovery: skipping unreachable socket" socket=/tmp/tmux-501/ta-27ae35442db0 err="query tmux on /tmp/tmux-501/ta-27ae35442db0: exit status 1: no server running on /tmp/tmux-501/ta-27ae35442db0"
time=2026-08-09T16:49:59.354+08:00 level=DEBUG msg="discovery: skipping unreachable socket" socket=/tmp/tmux-501/ta-29ad6c433fb0 err="query tmux on /tmp/tmux-501/ta-29ad6c433fb0: exit status 1: no server running on /tmp/tmux-501/ta-29ad6c433fb0"
time=2026-08-09T16:49:59.359+08:00 level=DEBUG msg="discovery: skipping unreachable socket" socket=/tmp/tmux-501/ta-2b2b0f6042c3 err="query tmux on /tmp/tmux-501/ta-2b2b0f6042c3: exit status 1: no server running on /tmp/tmux-501/ta-2b2b0f6042c3"
time=2026-08-09T16:49:59.364+08:00 level=DEBUG msg="discovery: skipping unreachable socket" socket=/tmp/tmux-501/ta-2d881fc24979 err="query tmux on /tmp/tmux-501/ta-2d881fc24979: exit status 1: no server running on /tmp/tmux-501/ta-2d881fc24979"
time=2026-08-09T16:49:59.369+08:00 level=DEBUG msg="discovery: skipping unreachable socket" socket=/tmp/tmux-501/ta-3511002e6186 err="query tmux on /tmp/tmux-501/ta-3511002e6186: exit status 1: no server running on /tmp/tmux-501/ta-3511002e6186"
time=2026-08-09T16:49:59.392+08:00 level=DEBUG msg="discovery: skipping unreachable socket" socket=/tmp/tmux-501/ta-670fcfc61db1 err="query tmux on /tmp/tmux-501/ta-670fcfc61db1: exit status 1: no server running on /tmp/tmux-501/ta-670fcfc61db1"
time=2026-08-09T16:49:59.397+08:00 level=DEBUG msg="discovery: skipping unreachable socket" socket=/tmp/tmux-501/ta-714648f68f78 err="query tmux on /tmp/tmux-501/ta-714648f68f78: exit status 1: no server running on /tmp/tmux-501/ta-714648f68f78"
time=2026-08-09T16:49:59.403+08:00 level=DEBUG msg="discovery: skipping unreachable socket" socket=/tmp/tmux-501/ta-76d99a0fb54d err="query tmux on /tmp/tmux-501/ta-76d99a0fb54d: exit status 1: no server running on /tmp/tmux-501/ta-76d99a0fb54d"
time=2026-08-09T16:49:59.409+08:00 level=DEBUG msg="discovery: skipping unreachable socket" socket=/tmp/tmux-501/ta-7cf3455fc7ef err="query tmux on /tmp/tmux-501/ta-7cf3455fc7ef: exit status 1: no server running on /tmp/tmux-501/ta-7cf3455fc7ef"
time=2026-08-09T16:49:59.414+08:00 level=DEBUG msg="discovery: skipping unreachable socket" socket=/tmp/tmux-501/ta-8f9301481b91 err="query tmux on /tmp/tmux-501/ta-8f9301481b91: exit status 1: no server running on /tmp/tmux-501/ta-8f9301481b91"
time=2026-08-09T16:49:59.420+08:00 level=DEBUG msg="discovery: skipping unreachable socket" socket=/tmp/tmux-501/ta-9f7ab2efc12e err="query tmux on /tmp/tmux-501/ta-9f7ab2efc12e: exit status 1: no server running on /tmp/tmux-501/ta-9f7ab2efc12e"
time=2026-08-09T16:49:59.425+08:00 level=DEBUG msg="discovery: skipping unreachable socket" socket=/tmp/tmux-501/ta-a389ed2be6d0 err="query tmux on /tmp/tmux-501/ta-a389ed2be6d0: exit status 1: no server running on /tmp/tmux-501/ta-a389ed2be6d0"
time=2026-08-09T16:49:59.447+08:00 level=DEBUG msg="discovery: skipping unreachable socket" socket=/tmp/tmux-501/ta-cec1187980c3 err="query tmux on /tmp/tmux-501/ta-cec1187980c3: exit status 1: no server running on /tmp/tmux-501/ta-cec1187980c3"
time=2026-08-09T16:49:59.452+08:00 level=DEBUG msg="discovery: skipping unreachable socket" socket=/tmp/tmux-501/ta-d596a9f9a2a6 err="query tmux on /tmp/tmux-501/ta-d596a9f9a2a6: exit status 1: no server running on /tmp/tmux-501/ta-d596a9f9a2a6"
time=2026-08-09T16:49:59.456+08:00 level=DEBUG msg="discovery: skipping unreachable socket" socket=/tmp/tmux-501/ta-d9dc8c25f425 err="query tmux on /tmp/tmux-501/ta-d9dc8c25f425: exit status 1: no server running on /tmp/tmux-501/ta-d9dc8c25f425"
time=2026-08-09T16:49:59.462+08:00 level=DEBUG msg="discovery: skipping unreachable socket" socket=/tmp/tmux-501/ta-e4fe872351d8 err="query tmux on /tmp/tmux-501/ta-e4fe872351d8: exit status 1: no server running on /tmp/tmux-501/ta-e4fe872351d8"
time=2026-08-09T16:49:59.468+08:00 level=DEBUG msg="discovery: skipping unreachable socket" socket=/tmp/tmux-501/ta-e94aa181e16c err="query tmux on /tmp/tmux-501/ta-e94aa181e16c: exit status 1: no server running on /tmp/tmux-501/ta-e94aa181e16c"
time=2026-08-09T16:49:59.473+08:00 level=DEBUG msg="discovery: skipping unreachable socket" socket=/tmp/tmux-501/ta-ebf95952bfe3 err="query tmux on /tmp/tmux-501/ta-ebf95952bfe3: exit status 1: no server running on /tmp/tmux-501/ta-ebf95952bfe3"
time=2026-08-09T16:49:59.478+08:00 level=DEBUG msg="discovery: skipping unreachable socket" socket=/tmp/tmux-501/ta-fa2252466833 err="query tmux on /tmp/tmux-501/ta-fa2252466833: exit status 1: no server running on /tmp/tmux-501/ta-fa2252466833"
time=2026-08-09T16:49:59.979+08:00 level=DEBUG msg="discovery: skipping socket directory" dir=/tmp/e2e-l2.KhUMRL/tmux/tmux-501 err="open /tmp/e2e-l2.KhUMRL/tmux/tmux-501: no such file or directory"
time=2026-08-09T16:49:59.995+08:00 level=DEBUG msg="discovery: skipping unreachable socket" socket=/tmp/tmux-501/ta-0da65bceb372 err="query tmux on /tmp/tmux-501/ta-0da65bceb372: exit status 1: no server running on /tmp/tmux-501/ta-0da65bceb372"
time=2026-08-09T16:50:00.001+08:00 level=DEBUG msg="discovery: skipping unreachable socket" socket=/tmp/tmux-501/ta-192b3d7a4b4d err="query tmux on /tmp/tmux-501/ta-192b3d7a4b4d: exit status 1: no server running on /tmp/tmux-501/ta-192b3d7a4b4d"
time=2026-08-09T16:50:00.007+08:00 level=DEBUG msg="discovery: skipping unreachable socket" socket=/tmp/tmux-501/ta-19bab105a233 err="query tmux on /tmp/tmux-501/ta-19bab105a233: exit status 1: no server running on /tmp/tmux-501/ta-19bab105a233"
time=2026-08-09T16:50:00.012+08:00 level=DEBUG msg="discovery: skipping unreachable socket" socket=/tmp/tmux-501/ta-2183ff26eaba err="query tmux on /tmp/tmux-501/ta-2183ff26eaba: exit status 1: no server running on /tmp/tmux-501/ta-2183ff26eaba"
time=2026-08-09T16:50:00.023+08:00 level=DEBUG msg="discovery: skipping unreachable socket" socket=/tmp/tmux-501/ta-27ae35442db0 err="query tmux on /tmp/tmux-501/ta-27ae35442db0: exit status 1: no server running on /tmp/tmux-501/ta-27ae35442db0"
time=2026-08-09T16:50:00.034+08:00 level=DEBUG msg="discovery: skipping unreachable socket" socket=/tmp/tmux-501/ta-29ad6c433fb0 err="query tmux on /tmp/tmux-501/ta-29ad6c433fb0: exit status 1: no server running on /tmp/tmux-501/ta-29ad6c433fb0"
time=2026-08-09T16:50:00.040+08:00 level=DEBUG msg="discovery: skipping unreachable socket" socket=/tmp/tmux-501/ta-2b2b0f6042c3 err="query tmux on /tmp/tmux-501/ta-2b2b0f6042c3: exit status 1: no server running on /tmp/tmux-501/ta-2b2b0f6042c3"
time=2026-08-09T16:50:00.046+08:00 level=DEBUG msg="discovery: skipping unreachable socket" socket=/tmp/tmux-501/ta-2d881fc24979 err="query tmux on /tmp/tmux-501/ta-2d881fc24979: exit status 1: no server running on /tmp/tmux-501/ta-2d881fc24979"
time=2026-08-09T16:50:00.052+08:00 level=DEBUG msg="discovery: skipping unreachable socket" socket=/tmp/tmux-501/ta-3511002e6186 err="query tmux on /tmp/tmux-501/ta-3511002e6186: exit status 1: no server running on /tmp/tmux-501/ta-3511002e6186"
time=2026-08-09T16:50:00.075+08:00 level=DEBUG msg="discovery: skipping unreachable socket" socket=/tmp/tmux-501/ta-670fcfc61db1 err="query tmux on /tmp/tmux-501/ta-670fcfc61db1: exit status 1: no server running on /tmp/tmux-501/ta-670fcfc61db1"
time=2026-08-09T16:50:00.080+08:00 level=DEBUG msg="discovery: skipping unreachable socket" socket=/tmp/tmux-501/ta-714648f68f78 err="query tmux on /tmp/tmux-501/ta-714648f68f78: exit status 1: no server running on /tmp/tmux-501/ta-714648f68f78"
time=2026-08-09T16:50:00.085+08:00 level=DEBUG msg="discovery: skipping unreachable socket" socket=/tmp/tmux-501/ta-76d99a0fb54d err="query tmux on /tmp/tmux-501/ta-76d99a0fb54d: exit status 1: no server running on /tmp/tmux-501/ta-76d99a0fb54d"
time=2026-08-09T16:50:00.090+08:00 level=DEBUG msg="discovery: skipping unreachable socket" socket=/tmp/tmux-501/ta-7cf3455fc7ef err="query tmux on /tmp/tmux-501/ta-7cf3455fc7ef: exit status 1: no server running on /tmp/tmux-501/ta-7cf3455fc7ef"
time=2026-08-09T16:50:00.096+08:00 level=DEBUG msg="discovery: skipping unreachable socket" socket=/tmp/tmux-501/ta-8f9301481b91 err="query tmux on /tmp/tmux-501/ta-8f9301481b91: exit status 1: no server running on /tmp/tmux-501/ta-8f9301481b91"
time=2026-08-09T16:50:00.101+08:00 level=DEBUG msg="discovery: skipping unreachable socket" socket=/tmp/tmux-501/ta-9f7ab2efc12e err="query tmux on /tmp/tmux-501/ta-9f7ab2efc12e: exit status 1: no server running on /tmp/tmux-501/ta-9f7ab2efc12e"
time=2026-08-09T16:50:00.107+08:00 level=DEBUG msg="discovery: skipping unreachable socket" socket=/tmp/tmux-501/ta-a389ed2be6d0 err="query tmux on /tmp/tmux-501/ta-a389ed2be6d0: exit status 1: no server running on /tmp/tmux-501/ta-a389ed2be6d0"
time=2026-08-09T16:50:00.136+08:00 level=DEBUG msg="discovery: skipping unreachable socket" socket=/tmp/tmux-501/ta-d596a9f9a2a6 err="query tmux on /tmp/tmux-501/ta-d596a9f9a2a6: exit status 1: no server running on /tmp/tmux-501/ta-d596a9f9a2a6"
time=2026-08-09T16:50:00.142+08:00 level=DEBUG msg="discovery: skipping unreachable socket" socket=/tmp/tmux-501/ta-d9dc8c25f425 err="query tmux on /tmp/tmux-501/ta-d9dc8c25f425: exit status 1: no server running on /tmp/tmux-501/ta-d9dc8c25f425"
time=2026-08-09T16:50:00.147+08:00 level=DEBUG msg="discovery: skipping unreachable socket" socket=/tmp/tmux-501/ta-e4fe872351d8 err="query tmux on /tmp/tmux-501/ta-e4fe872351d8: exit status 1: no server running on /tmp/tmux-501/ta-e4fe872351d8"
time=2026-08-09T16:50:00.152+08:00 level=DEBUG msg="discovery: skipping unreachable socket" socket=/tmp/tmux-501/ta-e94aa181e16c err="query tmux on /tmp/tmux-501/ta-e94aa181e16c: exit status 1: no server running on /tmp/tmux-501/ta-e94aa181e16c"
time=2026-08-09T16:50:00.158+08:00 level=DEBUG msg="discovery: skipping unreachable socket" socket=/tmp/tmux-501/ta-ebf95952bfe3 err="query tmux on /tmp/tmux-501/ta-ebf95952bfe3: exit status 1: no server running on /tmp/tmux-501/ta-ebf95952bfe3"
time=2026-08-09T16:50:00.163+08:00 level=DEBUG msg="discovery: skipping unreachable socket" socket=/tmp/tmux-501/ta-fa2252466833 err="query tmux on /tmp/tmux-501/ta-fa2252466833: exit status 1: no server running on /tmp/tmux-501/ta-fa2252466833"
time=2026-08-09T16:50:00.665+08:00 level=DEBUG msg="discovery: skipping socket directory" dir=/tmp/e2e-l2.KhUMRL/tmux/tmux-501 err="open /tmp/e2e-l2.KhUMRL/tmux/tmux-501: no such file or directory"
time=2026-08-09T16:50:00.681+08:00 level=DEBUG msg="discovery: skipping unreachable socket" socket=/tmp/tmux-501/ta-0da65bceb372 err="query tmux on /tmp/tmux-501/ta-0da65bceb372: exit status 1: no server running on /tmp/tmux-501/ta-0da65bceb372"
time=2026-08-09T16:50:00.687+08:00 level=DEBUG msg="discovery: skipping unreachable socket" socket=/tmp/tmux-501/ta-192b3d7a4b4d err="query tmux on /tmp/tmux-501/ta-192b3d7a4b4d: exit status 1: no server running on /tmp/tmux-501/ta-192b3d7a4b4d"
time=2026-08-09T16:50:00.692+08:00 level=DEBUG msg="discovery: skipping unreachable socket" socket=/tmp/tmux-501/ta-19bab105a233 err="query tmux on /tmp/tmux-501/ta-19bab105a233: exit status 1: no server running on /tmp/tmux-501/ta-19bab105a233"
time=2026-08-09T16:50:00.698+08:00 level=DEBUG msg="discovery: skipping unreachable socket" socket=/tmp/tmux-501/ta-2183ff26eaba err="query tmux on /tmp/tmux-501/ta-2183ff26eaba: exit status 1: no server running on /tmp/tmux-501/ta-2183ff26eaba"
time=2026-08-09T16:50:00.709+08:00 level=DEBUG msg="discovery: skipping unreachable socket" socket=/tmp/tmux-501/ta-27ae35442db0 err="query tmux on /tmp/tmux-501/ta-27ae35442db0: exit status 1: no server running on /tmp/tmux-501/ta-27ae35442db0"
time=2026-08-09T16:50:00.720+08:00 level=DEBUG msg="discovery: skipping unreachable socket" socket=/tmp/tmux-501/ta-29ad6c433fb0 err="query tmux on /tmp/tmux-501/ta-29ad6c433fb0: exit status 1: no server running on /tmp/tmux-501/ta-29ad6c433fb0"
time=2026-08-09T16:50:00.724+08:00 level=DEBUG msg="discovery: skipping unreachable socket" socket=/tmp/tmux-501/ta-2b2b0f6042c3 err="query tmux on /tmp/tmux-501/ta-2b2b0f6042c3: exit status 1: no server running on /tmp/tmux-501/ta-2b2b0f6042c3"
time=2026-08-09T16:50:00.729+08:00 level=DEBUG msg="discovery: skipping unreachable socket" socket=/tmp/tmux-501/ta-2d881fc24979 err="query tmux on /tmp/tmux-501/ta-2d881fc24979: exit status 1: no server running on /tmp/tmux-501/ta-2d881fc24979"
time=2026-08-09T16:50:00.734+08:00 level=DEBUG msg="discovery: skipping unreachable socket" socket=/tmp/tmux-501/ta-3511002e6186 err="query tmux on /tmp/tmux-501/ta-3511002e6186: exit status 1: no server running on /tmp/tmux-501/ta-3511002e6186"
time=2026-08-09T16:50:00.757+08:00 level=DEBUG msg="discovery: skipping unreachable socket" socket=/tmp/tmux-501/ta-670fcfc61db1 err="query tmux on /tmp/tmux-501/ta-670fcfc61db1: exit status 1: no server running on /tmp/tmux-501/ta-670fcfc61db1"
time=2026-08-09T16:50:00.763+08:00 level=DEBUG msg="discovery: skipping unreachable socket" socket=/tmp/tmux-501/ta-714648f68f78 err="query tmux on /tmp/tmux-501/ta-714648f68f78: exit status 1: no server running on /tmp/tmux-501/ta-714648f68f78"
time=2026-08-09T16:50:00.768+08:00 level=DEBUG msg="discovery: skipping unreachable socket" socket=/tmp/tmux-501/ta-76d99a0fb54d err="query tmux on /tmp/tmux-501/ta-76d99a0fb54d: exit status 1: no server running on /tmp/tmux-501/ta-76d99a0fb54d"
time=2026-08-09T16:50:00.774+08:00 level=DEBUG msg="discovery: skipping unreachable socket" socket=/tmp/tmux-501/ta-7cf3455fc7ef err="query tmux on /tmp/tmux-501/ta-7cf3455fc7ef: exit status 1: no server running on /tmp/tmux-501/ta-7cf3455fc7ef"
time=2026-08-09T16:50:00.779+08:00 level=DEBUG msg="discovery: skipping unreachable socket" socket=/tmp/tmux-501/ta-8f9301481b91 err="query tmux on /tmp/tmux-501/ta-8f9301481b91: exit status 1: no server running on /tmp/tmux-501/ta-8f9301481b91"
time=2026-08-09T16:50:00.786+08:00 level=DEBUG msg="discovery: skipping unreachable socket" socket=/tmp/tmux-501/ta-9f7ab2efc12e err="query tmux on /tmp/tmux-501/ta-9f7ab2efc12e: exit status 1: no server running on /tmp/tmux-501/ta-9f7ab2efc12e"
time=2026-08-09T16:50:00.791+08:00 level=DEBUG msg="discovery: skipping unreachable socket" socket=/tmp/tmux-501/ta-a389ed2be6d0 err="query tmux on /tmp/tmux-501/ta-a389ed2be6d0: exit status 1: no server running on /tmp/tmux-501/ta-a389ed2be6d0"
time=2026-08-09T16:50:00.809+08:00 level=DEBUG msg="discovery: skipping unreachable socket" socket=/tmp/tmux-501/ta-ad96b015ae45 err="query tmux on /tmp/tmux-501/ta-ad96b015ae45: exit status 1: no server running on /tmp/tmux-501/ta-ad96b015ae45"
time=2026-08-09T16:50:00.820+08:00 level=DEBUG msg="discovery: skipping unreachable socket" socket=/tmp/tmux-501/ta-d596a9f9a2a6 err="query tmux on /tmp/tmux-501/ta-d596a9f9a2a6: exit status 1: no server running on /tmp/tmux-501/ta-d596a9f9a2a6"
time=2026-08-09T16:50:00.825+08:00 level=DEBUG msg="discovery: skipping unreachable socket" socket=/tmp/tmux-501/ta-d9dc8c25f425 err="query tmux on /tmp/tmux-501/ta-d9dc8c25f425: exit status 1: no server running on /tmp/tmux-501/ta-d9dc8c25f425"
time=2026-08-09T16:50:00.831+08:00 level=DEBUG msg="discovery: skipping unreachable socket" socket=/tmp/tmux-501/ta-e4fe872351d8 err="query tmux on /tmp/tmux-501/ta-e4fe872351d8: exit status 1: no server running on /tmp/tmux-501/ta-e4fe872351d8"
time=2026-08-09T16:50:00.836+08:00 level=DEBUG msg="discovery: skipping unreachable socket" socket=/tmp/tmux-501/ta-e94aa181e16c err="query tmux on /tmp/tmux-501/ta-e94aa181e16c: exit status 1: no server running on /tmp/tmux-501/ta-e94aa181e16c"
time=2026-08-09T16:50:00.841+08:00 level=DEBUG msg="discovery: skipping unreachable socket" socket=/tmp/tmux-501/ta-ebf95952bfe3 err="query tmux on /tmp/tmux-501/ta-ebf95952bfe3: exit status 1: no server running on /tmp/tmux-501/ta-ebf95952bfe3"
time=2026-08-09T16:50:00.847+08:00 level=DEBUG msg="discovery: skipping unreachable socket" socket=/tmp/tmux-501/ta-f7e71452456d err="query tmux on /tmp/tmux-501/ta-f7e71452456d: exit status 1: no server running on /tmp/tmux-501/ta-f7e71452456d"
time=2026-08-09T16:50:00.852+08:00 level=DEBUG msg="discovery: skipping unreachable socket" socket=/tmp/tmux-501/ta-fa2252466833 err="query tmux on /tmp/tmux-501/ta-fa2252466833: exit status 1: no server running on /tmp/tmux-501/ta-fa2252466833"
time=2026-08-09T16:50:01.354+08:00 level=DEBUG msg="discovery: skipping socket directory" dir=/tmp/e2e-l2.KhUMRL/tmux/tmux-501 err="open /tmp/e2e-l2.KhUMRL/tmux/tmux-501: no such file or directory"
time=2026-08-09T16:50:01.372+08:00 level=DEBUG msg="discovery: skipping unreachable socket" socket=/tmp/tmux-501/ta-0da65bceb372 err="query tmux on /tmp/tmux-501/ta-0da65bceb372: exit status 1: no server running on /tmp/tmux-501/ta-0da65bceb372"
time=2026-08-09T16:50:01.377+08:00 level=DEBUG msg="discovery: skipping unreachable socket" socket=/tmp/tmux-501/ta-192b3d7a4b4d err="query tmux on /tmp/tmux-501/ta-192b3d7a4b4d: exit status 1: no server running on /tmp/tmux-501/ta-192b3d7a4b4d"
time=2026-08-09T16:50:01.383+08:00 level=DEBUG msg="discovery: skipping unreachable socket" socket=/tmp/tmux-501/ta-19bab105a233 err="query tmux on /tmp/tmux-501/ta-19bab105a233: exit status 1: no server running on /tmp/tmux-501/ta-19bab105a233"
time=2026-08-09T16:50:01.389+08:00 level=DEBUG msg="discovery: skipping unreachable socket" socket=/tmp/tmux-501/ta-2183ff26eaba err="query tmux on /tmp/tmux-501/ta-2183ff26eaba: exit status 1: no server running on /tmp/tmux-501/ta-2183ff26eaba"
time=2026-08-09T16:50:01.400+08:00 level=DEBUG msg="discovery: skipping unreachable socket" socket=/tmp/tmux-501/ta-27ae35442db0 err="query tmux on /tmp/tmux-501/ta-27ae35442db0: exit status 1: no server running on /tmp/tmux-501/ta-27ae35442db0"
time=2026-08-09T16:50:01.411+08:00 level=DEBUG msg="discovery: skipping unreachable socket" socket=/tmp/tmux-501/ta-29ad6c433fb0 err="query tmux on /tmp/tmux-501/ta-29ad6c433fb0: exit status 1: no server running on /tmp/tmux-501/ta-29ad6c433fb0"
time=2026-08-09T16:50:01.416+08:00 level=DEBUG msg="discovery: skipping unreachable socket" socket=/tmp/tmux-501/ta-2b2b0f6042c3 err="query tmux on /tmp/tmux-501/ta-2b2b0f6042c3: exit status 1: no server running on /tmp/tmux-501/ta-2b2b0f6042c3"
time=2026-08-09T16:50:01.421+08:00 level=DEBUG msg="discovery: skipping unreachable socket" socket=/tmp/tmux-501/ta-2d881fc24979 err="query tmux on /tmp/tmux-501/ta-2d881fc24979: exit status 1: no server running on /tmp/tmux-501/ta-2d881fc24979"
time=2026-08-09T16:50:01.426+08:00 level=DEBUG msg="discovery: skipping unreachable socket" socket=/tmp/tmux-501/ta-3511002e6186 err="query tmux on /tmp/tmux-501/ta-3511002e6186: exit status 1: no server running on /tmp/tmux-501/ta-3511002e6186"
time=2026-08-09T16:50:01.447+08:00 level=DEBUG msg="discovery: skipping unreachable socket" socket=/tmp/tmux-501/ta-670fcfc61db1 err="query tmux on /tmp/tmux-501/ta-670fcfc61db1: exit status 1: no server running on /tmp/tmux-501/ta-670fcfc61db1"
time=2026-08-09T16:50:01.452+08:00 level=DEBUG msg="discovery: skipping unreachable socket" socket=/tmp/tmux-501/ta-714648f68f78 err="query tmux on /tmp/tmux-501/ta-714648f68f78: exit status 1: no server running on /tmp/tmux-501/ta-714648f68f78"
time=2026-08-09T16:50:01.458+08:00 level=DEBUG msg="discovery: skipping unreachable socket" socket=/tmp/tmux-501/ta-76d99a0fb54d err="query tmux on /tmp/tmux-501/ta-76d99a0fb54d: exit status 1: no server running on /tmp/tmux-501/ta-76d99a0fb54d"
time=2026-08-09T16:50:01.463+08:00 level=DEBUG msg="discovery: skipping unreachable socket" socket=/tmp/tmux-501/ta-7cf3455fc7ef err="query tmux on /tmp/tmux-501/ta-7cf3455fc7ef: exit status 1: no server running on /tmp/tmux-501/ta-7cf3455fc7ef"
time=2026-08-09T16:50:01.468+08:00 level=DEBUG msg="discovery: skipping unreachable socket" socket=/tmp/tmux-501/ta-8f9301481b91 err="query tmux on /tmp/tmux-501/ta-8f9301481b91: exit status 1: no server running on /tmp/tmux-501/ta-8f9301481b91"
time=2026-08-09T16:50:01.474+08:00 level=DEBUG msg="discovery: skipping unreachable socket" socket=/tmp/tmux-501/ta-9f7ab2efc12e err="query tmux on /tmp/tmux-501/ta-9f7ab2efc12e: exit status 1: no server running on /tmp/tmux-501/ta-9f7ab2efc12e"
time=2026-08-09T16:50:01.479+08:00 level=DEBUG msg="discovery: skipping unreachable socket" socket=/tmp/tmux-501/ta-a389ed2be6d0 err="query tmux on /tmp/tmux-501/ta-a389ed2be6d0: exit status 1: no server running on /tmp/tmux-501/ta-a389ed2be6d0"
time=2026-08-09T16:50:01.495+08:00 level=DEBUG msg="discovery: skipping unreachable socket" socket=/tmp/tmux-501/ta-ad96b015ae45 err="query tmux on /tmp/tmux-501/ta-ad96b015ae45: exit status 1: no server running on /tmp/tmux-501/ta-ad96b015ae45"
time=2026-08-09T16:50:01.507+08:00 level=DEBUG msg="discovery: skipping unreachable socket" socket=/tmp/tmux-501/ta-c0a60474d3e5 err="query tmux on /tmp/tmux-501/ta-c0a60474d3e5: exit status 1: no current target"
time=2026-08-09T16:50:01.513+08:00 level=DEBUG msg="discovery: skipping unreachable socket" socket=/tmp/tmux-501/ta-d596a9f9a2a6 err="query tmux on /tmp/tmux-501/ta-d596a9f9a2a6: exit status 1: no server running on /tmp/tmux-501/ta-d596a9f9a2a6"
time=2026-08-09T16:50:01.518+08:00 level=DEBUG msg="discovery: skipping unreachable socket" socket=/tmp/tmux-501/ta-d9dc8c25f425 err="query tmux on /tmp/tmux-501/ta-d9dc8c25f425: exit status 1: no server running on /tmp/tmux-501/ta-d9dc8c25f425"
time=2026-08-09T16:50:01.523+08:00 level=DEBUG msg="discovery: skipping unreachable socket" socket=/tmp/tmux-501/ta-e4fe872351d8 err="query tmux on /tmp/tmux-501/ta-e4fe872351d8: exit status 1: no server running on /tmp/tmux-501/ta-e4fe872351d8"
time=2026-08-09T16:50:01.528+08:00 level=DEBUG msg="discovery: skipping unreachable socket" socket=/tmp/tmux-501/ta-e94aa181e16c err="query tmux on /tmp/tmux-501/ta-e94aa181e16c: exit status 1: no server running on /tmp/tmux-501/ta-e94aa181e16c"
time=2026-08-09T16:50:01.533+08:00 level=DEBUG msg="discovery: skipping unreachable socket" socket=/tmp/tmux-501/ta-ebf95952bfe3 err="query tmux on /tmp/tmux-501/ta-ebf95952bfe3: exit status 1: no server running on /tmp/tmux-501/ta-ebf95952bfe3"
time=2026-08-09T16:50:01.538+08:00 level=DEBUG msg="discovery: skipping unreachable socket" socket=/tmp/tmux-501/ta-fa2252466833 err="query tmux on /tmp/tmux-501/ta-fa2252466833: exit status 1: no server running on /tmp/tmux-501/ta-fa2252466833"
time=2026-08-09T16:50:01.538+08:00 level=DEBUG msg="listing: no changes"
time=2026-08-09T16:50:02.039+08:00 level=DEBUG msg="discovery: skipping socket directory" dir=/tmp/e2e-l2.KhUMRL/tmux/tmux-501 err="open /tmp/e2e-l2.KhUMRL/tmux/tmux-501: no such file or directory"
time=2026-08-09T16:50:02.056+08:00 level=DEBUG msg="discovery: skipping unreachable socket" socket=/tmp/tmux-501/ta-0da65bceb372 err="query tmux on /tmp/tmux-501/ta-0da65bceb372: exit status 1: no server running on /tmp/tmux-501/ta-0da65bceb372"
time=2026-08-09T16:50:02.062+08:00 level=DEBUG msg="discovery: skipping unreachable socket" socket=/tmp/tmux-501/ta-192b3d7a4b4d err="query tmux on /tmp/tmux-501/ta-192b3d7a4b4d: exit status 1: no server running on /tmp/tmux-501/ta-192b3d7a4b4d"
time=2026-08-09T16:50:02.067+08:00 level=DEBUG msg="discovery: skipping unreachable socket" socket=/tmp/tmux-501/ta-19bab105a233 err="query tmux on /tmp/tmux-501/ta-19bab105a233: exit status 1: no server running on /tmp/tmux-501/ta-19bab105a233"
time=2026-08-09T16:50:02.073+08:00 level=DEBUG msg="discovery: skipping unreachable socket" socket=/tmp/tmux-501/ta-2183ff26eaba err="query tmux on /tmp/tmux-501/ta-2183ff26eaba: exit status 1: no server running on /tmp/tmux-501/ta-2183ff26eaba"
time=2026-08-09T16:50:02.085+08:00 level=DEBUG msg="discovery: skipping unreachable socket" socket=/tmp/tmux-501/ta-27ae35442db0 err="query tmux on /tmp/tmux-501/ta-27ae35442db0: exit status 1: no server running on /tmp/tmux-501/ta-27ae35442db0"
time=2026-08-09T16:50:02.096+08:00 level=DEBUG msg="discovery: skipping unreachable socket" socket=/tmp/tmux-501/ta-29ad6c433fb0 err="query tmux on /tmp/tmux-501/ta-29ad6c433fb0: exit status 1: no server running on /tmp/tmux-501/ta-29ad6c433fb0"
time=2026-08-09T16:50:02.102+08:00 level=DEBUG msg="discovery: skipping unreachable socket" socket=/tmp/tmux-501/ta-2b2b0f6042c3 err="query tmux on /tmp/tmux-501/ta-2b2b0f6042c3: exit status 1: no server running on /tmp/tmux-501/ta-2b2b0f6042c3"
time=2026-08-09T16:50:02.108+08:00 level=DEBUG msg="discovery: skipping unreachable socket" socket=/tmp/tmux-501/ta-2d881fc24979 err="query tmux on /tmp/tmux-501/ta-2d881fc24979: exit status 1: no server running on /tmp/tmux-501/ta-2d881fc24979"
time=2026-08-09T16:50:02.114+08:00 level=DEBUG msg="discovery: skipping unreachable socket" socket=/tmp/tmux-501/ta-3511002e6186 err="query tmux on /tmp/tmux-501/ta-3511002e6186: exit status 1: no server running on /tmp/tmux-501/ta-3511002e6186"
time=2026-08-09T16:50:02.137+08:00 level=DEBUG msg="discovery: skipping unreachable socket" socket=/tmp/tmux-501/ta-670fcfc61db1 err="query tmux on /tmp/tmux-501/ta-670fcfc61db1: exit status 1: no server running on /tmp/tmux-501/ta-670fcfc61db1"
time=2026-08-09T16:50:02.143+08:00 level=DEBUG msg="discovery: skipping unreachable socket" socket=/tmp/tmux-501/ta-714648f68f78 err="query tmux on /tmp/tmux-501/ta-714648f68f78: exit status 1: no server running on /tmp/tmux-501/ta-714648f68f78"
time=2026-08-09T16:50:02.148+08:00 level=DEBUG msg="discovery: skipping unreachable socket" socket=/tmp/tmux-501/ta-76d99a0fb54d err="query tmux on /tmp/tmux-501/ta-76d99a0fb54d: exit status 1: no server running on /tmp/tmux-501/ta-76d99a0fb54d"
time=2026-08-09T16:50:02.154+08:00 level=DEBUG msg="discovery: skipping unreachable socket" socket=/tmp/tmux-501/ta-7cf3455fc7ef err="query tmux on /tmp/tmux-501/ta-7cf3455fc7ef: exit status 1: no server running on /tmp/tmux-501/ta-7cf3455fc7ef"
time=2026-08-09T16:50:02.160+08:00 level=DEBUG msg="discovery: skipping unreachable socket" socket=/tmp/tmux-501/ta-8f9301481b91 err="query tmux on /tmp/tmux-501/ta-8f9301481b91: exit status 1: no server running on /tmp/tmux-501/ta-8f9301481b91"
time=2026-08-09T16:50:02.165+08:00 level=DEBUG msg="discovery: skipping unreachable socket" socket=/tmp/tmux-501/ta-9f7ab2efc12e err="query tmux on /tmp/tmux-501/ta-9f7ab2efc12e: exit status 1: no server running on /tmp/tmux-501/ta-9f7ab2efc12e"
time=2026-08-09T16:50:02.171+08:00 level=DEBUG msg="discovery: skipping unreachable socket" socket=/tmp/tmux-501/ta-a389ed2be6d0 err="query tmux on /tmp/tmux-501/ta-a389ed2be6d0: exit status 1: no server running on /tmp/tmux-501/ta-a389ed2be6d0"
time=2026-08-09T16:50:02.198+08:00 level=DEBUG msg="discovery: skipping unreachable socket" socket=/tmp/tmux-501/ta-c0a60474d3e5 err="query tmux on /tmp/tmux-501/ta-c0a60474d3e5: exit status 1: no server running on /tmp/tmux-501/ta-c0a60474d3e5"
time=2026-08-09T16:50:02.203+08:00 level=DEBUG msg="discovery: skipping unreachable socket" socket=/tmp/tmux-501/ta-d596a9f9a2a6 err="query tmux on /tmp/tmux-501/ta-d596a9f9a2a6: exit status 1: no server running on /tmp/tmux-501/ta-d596a9f9a2a6"
time=2026-08-09T16:50:02.214+08:00 level=DEBUG msg="discovery: skipping unreachable socket" socket=/tmp/tmux-501/ta-d9dc8c25f425 err="query tmux on /tmp/tmux-501/ta-d9dc8c25f425: exit status 1: no server running on /tmp/tmux-501/ta-d9dc8c25f425"
time=2026-08-09T16:50:02.219+08:00 level=DEBUG msg="discovery: skipping unreachable socket" socket=/tmp/tmux-501/ta-e4fe872351d8 err="query tmux on /tmp/tmux-501/ta-e4fe872351d8: exit status 1: no server running on /tmp/tmux-501/ta-e4fe872351d8"
time=2026-08-09T16:50:02.224+08:00 level=DEBUG msg="discovery: skipping unreachable socket" socket=/tmp/tmux-501/ta-e94aa181e16c err="query tmux on /tmp/tmux-501/ta-e94aa181e16c: exit status 1: no server running on /tmp/tmux-501/ta-e94aa181e16c"
time=2026-08-09T16:50:02.230+08:00 level=DEBUG msg="discovery: skipping unreachable socket" socket=/tmp/tmux-501/ta-ebf95952bfe3 err="query tmux on /tmp/tmux-501/ta-ebf95952bfe3: exit status 1: no server running on /tmp/tmux-501/ta-ebf95952bfe3"
time=2026-08-09T16:50:02.235+08:00 level=DEBUG msg="discovery: skipping unreachable socket" socket=/tmp/tmux-501/ta-fa2252466833 err="query tmux on /tmp/tmux-501/ta-fa2252466833: exit status 1: no server running on /tmp/tmux-501/ta-fa2252466833"
time=2026-08-09T16:50:02.737+08:00 level=DEBUG msg="discovery: skipping socket directory" dir=/tmp/e2e-l2.KhUMRL/tmux/tmux-501 err="open /tmp/e2e-l2.KhUMRL/tmux/tmux-501: no such file or directory"
time=2026-08-09T16:50:02.756+08:00 level=DEBUG msg="discovery: skipping unreachable socket" socket=/tmp/tmux-501/ta-0da65bceb372 err="query tmux on /tmp/tmux-501/ta-0da65bceb372: exit status 1: no server running on /tmp/tmux-501/ta-0da65bceb372"
time=2026-08-09T16:50:02.761+08:00 level=DEBUG msg="discovery: skipping unreachable socket" socket=/tmp/tmux-501/ta-192b3d7a4b4d err="query tmux on /tmp/tmux-501/ta-192b3d7a4b4d: exit status 1: no server running on /tmp/tmux-501/ta-192b3d7a4b4d"
time=2026-08-09T16:50:02.768+08:00 level=DEBUG msg="discovery: skipping unreachable socket" socket=/tmp/tmux-501/ta-19bab105a233 err="query tmux on /tmp/tmux-501/ta-19bab105a233: exit status 1: no server running on /tmp/tmux-501/ta-19bab105a233"
time=2026-08-09T16:50:02.774+08:00 level=DEBUG msg="discovery: skipping unreachable socket" socket=/tmp/tmux-501/ta-2183ff26eaba err="query tmux on /tmp/tmux-501/ta-2183ff26eaba: exit status 1: no server running on /tmp/tmux-501/ta-2183ff26eaba"
time=2026-08-09T16:50:02.785+08:00 level=DEBUG msg="discovery: skipping unreachable socket" socket=/tmp/tmux-501/ta-27ae35442db0 err="query tmux on /tmp/tmux-501/ta-27ae35442db0: exit status 1: no server running on /tmp/tmux-501/ta-27ae35442db0"
time=2026-08-09T16:50:02.796+08:00 level=DEBUG msg="discovery: skipping unreachable socket" socket=/tmp/tmux-501/ta-29ad6c433fb0 err="query tmux on /tmp/tmux-501/ta-29ad6c433fb0: exit status 1: no server running on /tmp/tmux-501/ta-29ad6c433fb0"
time=2026-08-09T16:50:02.802+08:00 level=DEBUG msg="discovery: skipping unreachable socket" socket=/tmp/tmux-501/ta-2b2b0f6042c3 err="query tmux on /tmp/tmux-501/ta-2b2b0f6042c3: exit status 1: no server running on /tmp/tmux-501/ta-2b2b0f6042c3"
time=2026-08-09T16:50:02.807+08:00 level=DEBUG msg="discovery: skipping unreachable socket" socket=/tmp/tmux-501/ta-2d881fc24979 err="query tmux on /tmp/tmux-501/ta-2d881fc24979: exit status 1: no server running on /tmp/tmux-501/ta-2d881fc24979"
time=2026-08-09T16:50:02.813+08:00 level=DEBUG msg="discovery: skipping unreachable socket" socket=/tmp/tmux-501/ta-3511002e6186 err="query tmux on /tmp/tmux-501/ta-3511002e6186: exit status 1: no server running on /tmp/tmux-501/ta-3511002e6186"
time=2026-08-09T16:50:02.835+08:00 level=DEBUG msg="discovery: skipping unreachable socket" socket=/tmp/tmux-501/ta-670fcfc61db1 err="query tmux on /tmp/tmux-501/ta-670fcfc61db1: exit status 1: no server running on /tmp/tmux-501/ta-670fcfc61db1"
time=2026-08-09T16:50:02.840+08:00 level=DEBUG msg="discovery: skipping unreachable socket" socket=/tmp/tmux-501/ta-714648f68f78 err="query tmux on /tmp/tmux-501/ta-714648f68f78: exit status 1: no server running on /tmp/tmux-501/ta-714648f68f78"
time=2026-08-09T16:50:02.845+08:00 level=DEBUG msg="discovery: skipping unreachable socket" socket=/tmp/tmux-501/ta-76d99a0fb54d err="query tmux on /tmp/tmux-501/ta-76d99a0fb54d: exit status 1: no server running on /tmp/tmux-501/ta-76d99a0fb54d"
time=2026-08-09T16:50:02.851+08:00 level=DEBUG msg="discovery: skipping unreachable socket" socket=/tmp/tmux-501/ta-7cf3455fc7ef err="query tmux on /tmp/tmux-501/ta-7cf3455fc7ef: exit status 1: no server running on /tmp/tmux-501/ta-7cf3455fc7ef"
time=2026-08-09T16:50:02.856+08:00 level=DEBUG msg="discovery: skipping unreachable socket" socket=/tmp/tmux-501/ta-8f9301481b91 err="query tmux on /tmp/tmux-501/ta-8f9301481b91: exit status 1: no server running on /tmp/tmux-501/ta-8f9301481b91"
time=2026-08-09T16:50:02.862+08:00 level=DEBUG msg="discovery: skipping unreachable socket" socket=/tmp/tmux-501/ta-9f7ab2efc12e err="query tmux on /tmp/tmux-501/ta-9f7ab2efc12e: exit status 1: no server running on /tmp/tmux-501/ta-9f7ab2efc12e"
time=2026-08-09T16:50:02.867+08:00 level=DEBUG msg="discovery: skipping unreachable socket" socket=/tmp/tmux-501/ta-a389ed2be6d0 err="query tmux on /tmp/tmux-501/ta-a389ed2be6d0: exit status 1: no server running on /tmp/tmux-501/ta-a389ed2be6d0"
time=2026-08-09T16:50:02.889+08:00 level=DEBUG msg="discovery: skipping unreachable socket" socket=/tmp/tmux-501/ta-c0a60474d3e5 err="query tmux on /tmp/tmux-501/ta-c0a60474d3e5: exit status 1: no server running on /tmp/tmux-501/ta-c0a60474d3e5"
time=2026-08-09T16:50:02.895+08:00 level=DEBUG msg="discovery: skipping unreachable socket" socket=/tmp/tmux-501/ta-d596a9f9a2a6 err="query tmux on /tmp/tmux-501/ta-d596a9f9a2a6: exit status 1: no server running on /tmp/tmux-501/ta-d596a9f9a2a6"
time=2026-08-09T16:50:02.906+08:00 level=DEBUG msg="discovery: skipping unreachable socket" socket=/tmp/tmux-501/ta-d9dc8c25f425 err="query tmux on /tmp/tmux-501/ta-d9dc8c25f425: exit status 1: no server running on /tmp/tmux-501/ta-d9dc8c25f425"
time=2026-08-09T16:50:02.911+08:00 level=DEBUG msg="discovery: skipping unreachable socket" socket=/tmp/tmux-501/ta-e4fe872351d8 err="query tmux on /tmp/tmux-501/ta-e4fe872351d8: exit status 1: no server running on /tmp/tmux-501/ta-e4fe872351d8"
time=2026-08-09T16:50:02.917+08:00 level=DEBUG msg="discovery: skipping unreachable socket" socket=/tmp/tmux-501/ta-e94aa181e16c err="query tmux on /tmp/tmux-501/ta-e94aa181e16c: exit status 1: no server running on /tmp/tmux-501/ta-e94aa181e16c"
time=2026-08-09T16:50:02.921+08:00 level=DEBUG msg="discovery: skipping unreachable socket" socket=/tmp/tmux-501/ta-ebf95952bfe3 err="query tmux on /tmp/tmux-501/ta-ebf95952bfe3: exit status 1: no server running on /tmp/tmux-501/ta-ebf95952bfe3"
time=2026-08-09T16:50:02.926+08:00 level=DEBUG msg="discovery: skipping unreachable socket" socket=/tmp/tmux-501/ta-fa2252466833 err="query tmux on /tmp/tmux-501/ta-fa2252466833: exit status 1: no server running on /tmp/tmux-501/ta-fa2252466833"
time=2026-08-09T16:50:02.926+08:00 level=DEBUG msg="listing: no changes"
time=2026-08-09T16:50:03.427+08:00 level=DEBUG msg="discovery: skipping socket directory" dir=/tmp/e2e-l2.KhUMRL/tmux/tmux-501 err="open /tmp/e2e-l2.KhUMRL/tmux/tmux-501: no such file or directory"
time=2026-08-09T16:50:03.446+08:00 level=DEBUG msg="discovery: skipping unreachable socket" socket=/tmp/tmux-501/ta-0da65bceb372 err="query tmux on /tmp/tmux-501/ta-0da65bceb372: exit status 1: no server running on /tmp/tmux-501/ta-0da65bceb372"
time=2026-08-09T16:50:03.452+08:00 level=DEBUG msg="discovery: skipping unreachable socket" socket=/tmp/tmux-501/ta-192b3d7a4b4d err="query tmux on /tmp/tmux-501/ta-192b3d7a4b4d: exit status 1: no server running on /tmp/tmux-501/ta-192b3d7a4b4d"
time=2026-08-09T16:50:03.458+08:00 level=DEBUG msg="discovery: skipping unreachable socket" socket=/tmp/tmux-501/ta-19bab105a233 err="query tmux on /tmp/tmux-501/ta-19bab105a233: exit status 1: no server running on /tmp/tmux-501/ta-19bab105a233"
time=2026-08-09T16:50:03.463+08:00 level=DEBUG msg="discovery: skipping unreachable socket" socket=/tmp/tmux-501/ta-2183ff26eaba err="query tmux on /tmp/tmux-501/ta-2183ff26eaba: exit status 1: no server running on /tmp/tmux-501/ta-2183ff26eaba"
time=2026-08-09T16:50:03.476+08:00 level=DEBUG msg="discovery: skipping unreachable socket" socket=/tmp/tmux-501/ta-27ae35442db0 err="query tmux on /tmp/tmux-501/ta-27ae35442db0: exit status 1: no server running on /tmp/tmux-501/ta-27ae35442db0"
time=2026-08-09T16:50:03.487+08:00 level=DEBUG msg="discovery: skipping unreachable socket" socket=/tmp/tmux-501/ta-29ad6c433fb0 err="query tmux on /tmp/tmux-501/ta-29ad6c433fb0: exit status 1: no server running on /tmp/tmux-501/ta-29ad6c433fb0"
time=2026-08-09T16:50:03.493+08:00 level=DEBUG msg="discovery: skipping unreachable socket" socket=/tmp/tmux-501/ta-2b2b0f6042c3 err="query tmux on /tmp/tmux-501/ta-2b2b0f6042c3: exit status 1: no server running on /tmp/tmux-501/ta-2b2b0f6042c3"
time=2026-08-09T16:50:03.499+08:00 level=DEBUG msg="discovery: skipping unreachable socket" socket=/tmp/tmux-501/ta-2d881fc24979 err="query tmux on /tmp/tmux-501/ta-2d881fc24979: exit status 1: no server running on /tmp/tmux-501/ta-2d881fc24979"
time=2026-08-09T16:50:03.505+08:00 level=DEBUG msg="discovery: skipping unreachable socket" socket=/tmp/tmux-501/ta-3511002e6186 err="query tmux on /tmp/tmux-501/ta-3511002e6186: exit status 1: no server running on /tmp/tmux-501/ta-3511002e6186"
time=2026-08-09T16:50:03.528+08:00 level=DEBUG msg="discovery: skipping unreachable socket" socket=/tmp/tmux-501/ta-670fcfc61db1 err="query tmux on /tmp/tmux-501/ta-670fcfc61db1: exit status 1: no server running on /tmp/tmux-501/ta-670fcfc61db1"
time=2026-08-09T16:50:03.534+08:00 level=DEBUG msg="discovery: skipping unreachable socket" socket=/tmp/tmux-501/ta-714648f68f78 err="query tmux on /tmp/tmux-501/ta-714648f68f78: exit status 1: no server running on /tmp/tmux-501/ta-714648f68f78"
time=2026-08-09T16:50:03.540+08:00 level=DEBUG msg="discovery: skipping unreachable socket" socket=/tmp/tmux-501/ta-76d99a0fb54d err="query tmux on /tmp/tmux-501/ta-76d99a0fb54d: exit status 1: no server running on /tmp/tmux-501/ta-76d99a0fb54d"
time=2026-08-09T16:50:03.546+08:00 level=DEBUG msg="discovery: skipping unreachable socket" socket=/tmp/tmux-501/ta-7cf3455fc7ef err="query tmux on /tmp/tmux-501/ta-7cf3455fc7ef: exit status 1: no server running on /tmp/tmux-501/ta-7cf3455fc7ef"
time=2026-08-09T16:50:03.552+08:00 level=DEBUG msg="discovery: skipping unreachable socket" socket=/tmp/tmux-501/ta-8f9301481b91 err="query tmux on /tmp/tmux-501/ta-8f9301481b91: exit status 1: no server running on /tmp/tmux-501/ta-8f9301481b91"
time=2026-08-09T16:50:03.558+08:00 level=DEBUG msg="discovery: skipping unreachable socket" socket=/tmp/tmux-501/ta-9f7ab2efc12e err="query tmux on /tmp/tmux-501/ta-9f7ab2efc12e: exit status 1: no server running on /tmp/tmux-501/ta-9f7ab2efc12e"
time=2026-08-09T16:50:03.564+08:00 level=DEBUG msg="discovery: skipping unreachable socket" socket=/tmp/tmux-501/ta-a389ed2be6d0 err="query tmux on /tmp/tmux-501/ta-a389ed2be6d0: exit status 1: no server running on /tmp/tmux-501/ta-a389ed2be6d0"
time=2026-08-09T16:50:03.591+08:00 level=DEBUG msg="discovery: skipping unreachable socket" socket=/tmp/tmux-501/ta-c0a60474d3e5 err="query tmux on /tmp/tmux-501/ta-c0a60474d3e5: exit status 1: no server running on /tmp/tmux-501/ta-c0a60474d3e5"
time=2026-08-09T16:50:03.597+08:00 level=DEBUG msg="discovery: skipping unreachable socket" socket=/tmp/tmux-501/ta-d596a9f9a2a6 err="query tmux on /tmp/tmux-501/ta-d596a9f9a2a6: exit status 1: no server running on /tmp/tmux-501/ta-d596a9f9a2a6"
time=2026-08-09T16:50:03.611+08:00 level=DEBUG msg="discovery: skipping unreachable socket" socket=/tmp/tmux-501/ta-d9dc8c25f425 err="query tmux on /tmp/tmux-501/ta-d9dc8c25f425: exit status 1: no server running on /tmp/tmux-501/ta-d9dc8c25f425"
time=2026-08-09T16:50:03.617+08:00 level=DEBUG msg="discovery: skipping unreachable socket" socket=/tmp/tmux-501/ta-e4fe872351d8 err="query tmux on /tmp/tmux-501/ta-e4fe872351d8: exit status 1: no server running on /tmp/tmux-501/ta-e4fe872351d8"
time=2026-08-09T16:50:03.622+08:00 level=DEBUG msg="discovery: skipping unreachable socket" socket=/tmp/tmux-501/ta-e94aa181e16c err="query tmux on /tmp/tmux-501/ta-e94aa181e16c: exit status 1: no server running on /tmp/tmux-501/ta-e94aa181e16c"
time=2026-08-09T16:50:03.628+08:00 level=DEBUG msg="discovery: skipping unreachable socket" socket=/tmp/tmux-501/ta-ebf95952bfe3 err="query tmux on /tmp/tmux-501/ta-ebf95952bfe3: exit status 1: no server running on /tmp/tmux-501/ta-ebf95952bfe3"
time=2026-08-09T16:50:03.634+08:00 level=DEBUG msg="discovery: skipping unreachable socket" socket=/tmp/tmux-501/ta-fa2252466833 err="query tmux on /tmp/tmux-501/ta-fa2252466833: exit status 1: no server running on /tmp/tmux-501/ta-fa2252466833"
time=2026-08-09T16:50:04.135+08:00 level=DEBUG msg="discovery: skipping socket directory" dir=/tmp/e2e-l2.KhUMRL/tmux/tmux-501 err="open /tmp/e2e-l2.KhUMRL/tmux/tmux-501: no such file or directory"
time=2026-08-09T16:50:04.153+08:00 level=DEBUG msg="discovery: skipping unreachable socket" socket=/tmp/tmux-501/ta-0da65bceb372 err="query tmux on /tmp/tmux-501/ta-0da65bceb372: exit status 1: no server running on /tmp/tmux-501/ta-0da65bceb372"
time=2026-08-09T16:50:04.159+08:00 level=DEBUG msg="discovery: skipping unreachable socket" socket=/tmp/tmux-501/ta-192b3d7a4b4d err="query tmux on /tmp/tmux-501/ta-192b3d7a4b4d: exit status 1: no server running on /tmp/tmux-501/ta-192b3d7a4b4d"
time=2026-08-09T16:50:04.165+08:00 level=DEBUG msg="discovery: skipping unreachable socket" socket=/tmp/tmux-501/ta-19bab105a233 err="query tmux on /tmp/tmux-501/ta-19bab105a233: exit status 1: no server running on /tmp/tmux-501/ta-19bab105a233"
time=2026-08-09T16:50:04.171+08:00 level=DEBUG msg="discovery: skipping unreachable socket" socket=/tmp/tmux-501/ta-2183ff26eaba err="query tmux on /tmp/tmux-501/ta-2183ff26eaba: exit status 1: no server running on /tmp/tmux-501/ta-2183ff26eaba"
time=2026-08-09T16:50:04.183+08:00 level=DEBUG msg="discovery: skipping unreachable socket" socket=/tmp/tmux-501/ta-27ae35442db0 err="query tmux on /tmp/tmux-501/ta-27ae35442db0: exit status 1: no server running on /tmp/tmux-501/ta-27ae35442db0"
time=2026-08-09T16:50:04.199+08:00 level=DEBUG msg="discovery: skipping unreachable socket" socket=/tmp/tmux-501/ta-29ad6c433fb0 err="query tmux on /tmp/tmux-501/ta-29ad6c433fb0: exit status 1: no server running on /tmp/tmux-501/ta-29ad6c433fb0"
time=2026-08-09T16:50:04.207+08:00 level=DEBUG msg="discovery: skipping unreachable socket" socket=/tmp/tmux-501/ta-2b2b0f6042c3 err="query tmux on /tmp/tmux-501/ta-2b2b0f6042c3: exit status 1: no server running on /tmp/tmux-501/ta-2b2b0f6042c3"
time=2026-08-09T16:50:04.214+08:00 level=DEBUG msg="discovery: skipping unreachable socket" socket=/tmp/tmux-501/ta-2d881fc24979 err="query tmux on /tmp/tmux-501/ta-2d881fc24979: exit status 1: no server running on /tmp/tmux-501/ta-2d881fc24979"
time=2026-08-09T16:50:04.220+08:00 level=DEBUG msg="discovery: skipping unreachable socket" socket=/tmp/tmux-501/ta-3511002e6186 err="query tmux on /tmp/tmux-501/ta-3511002e6186: exit status 1: no server running on /tmp/tmux-501/ta-3511002e6186"
time=2026-08-09T16:50:04.246+08:00 level=DEBUG msg="discovery: skipping unreachable socket" socket=/tmp/tmux-501/ta-670fcfc61db1 err="query tmux on /tmp/tmux-501/ta-670fcfc61db1: exit status 1: no server running on /tmp/tmux-501/ta-670fcfc61db1"
time=2026-08-09T16:50:04.252+08:00 level=DEBUG msg="discovery: skipping unreachable socket" socket=/tmp/tmux-501/ta-714648f68f78 err="query tmux on /tmp/tmux-501/ta-714648f68f78: exit status 1: no server running on /tmp/tmux-501/ta-714648f68f78"
time=2026-08-09T16:50:04.260+08:00 level=DEBUG msg="discovery: skipping unreachable socket" socket=/tmp/tmux-501/ta-76d99a0fb54d err="query tmux on /tmp/tmux-501/ta-76d99a0fb54d: exit status 1: no server running on /tmp/tmux-501/ta-76d99a0fb54d"
time=2026-08-09T16:50:04.266+08:00 level=DEBUG msg="discovery: skipping unreachable socket" socket=/tmp/tmux-501/ta-7cf3455fc7ef err="query tmux on /tmp/tmux-501/ta-7cf3455fc7ef: exit status 1: no server running on /tmp/tmux-501/ta-7cf3455fc7ef"
time=2026-08-09T16:50:04.273+08:00 level=DEBUG msg="discovery: skipping unreachable socket" socket=/tmp/tmux-501/ta-8f9301481b91 err="query tmux on /tmp/tmux-501/ta-8f9301481b91: exit status 1: no server running on /tmp/tmux-501/ta-8f9301481b91"
time=2026-08-09T16:50:04.278+08:00 level=DEBUG msg="discovery: skipping unreachable socket" socket=/tmp/tmux-501/ta-9f7ab2efc12e err="query tmux on /tmp/tmux-501/ta-9f7ab2efc12e: exit status 1: no server running on /tmp/tmux-501/ta-9f7ab2efc12e"
time=2026-08-09T16:50:04.284+08:00 level=DEBUG msg="discovery: skipping unreachable socket" socket=/tmp/tmux-501/ta-a389ed2be6d0 err="query tmux on /tmp/tmux-501/ta-a389ed2be6d0: exit status 1: no server running on /tmp/tmux-501/ta-a389ed2be6d0"
time=2026-08-09T16:50:04.311+08:00 level=DEBUG msg="discovery: skipping unreachable socket" socket=/tmp/tmux-501/ta-c0a60474d3e5 err="query tmux on /tmp/tmux-501/ta-c0a60474d3e5: exit status 1: no server running on /tmp/tmux-501/ta-c0a60474d3e5"
time=2026-08-09T16:50:04.317+08:00 level=DEBUG msg="discovery: skipping unreachable socket" socket=/tmp/tmux-501/ta-d596a9f9a2a6 err="query tmux on /tmp/tmux-501/ta-d596a9f9a2a6: exit status 1: no server running on /tmp/tmux-501/ta-d596a9f9a2a6"
time=2026-08-09T16:50:04.330+08:00 level=DEBUG msg="discovery: skipping unreachable socket" socket=/tmp/tmux-501/ta-d9dc8c25f425 err="query tmux on /tmp/tmux-501/ta-d9dc8c25f425: exit status 1: no server running on /tmp/tmux-501/ta-d9dc8c25f425"
time=2026-08-09T16:50:04.336+08:00 level=DEBUG msg="discovery: skipping unreachable socket" socket=/tmp/tmux-501/ta-e4fe872351d8 err="query tmux on /tmp/tmux-501/ta-e4fe872351d8: exit status 1: no server running on /tmp/tmux-501/ta-e4fe872351d8"
time=2026-08-09T16:50:04.342+08:00 level=DEBUG msg="discovery: skipping unreachable socket" socket=/tmp/tmux-501/ta-e94aa181e16c err="query tmux on /tmp/tmux-501/ta-e94aa181e16c: exit status 1: no server running on /tmp/tmux-501/ta-e94aa181e16c"
time=2026-08-09T16:50:04.348+08:00 level=DEBUG msg="discovery: skipping unreachable socket" socket=/tmp/tmux-501/ta-ebf95952bfe3 err="query tmux on /tmp/tmux-501/ta-ebf95952bfe3: exit status 1: no server running on /tmp/tmux-501/ta-ebf95952bfe3"
time=2026-08-09T16:50:04.353+08:00 level=DEBUG msg="discovery: skipping unreachable socket" socket=/tmp/tmux-501/ta-fa2252466833 err="query tmux on /tmp/tmux-501/ta-fa2252466833: exit status 1: no server running on /tmp/tmux-501/ta-fa2252466833"
time=2026-08-09T16:50:04.353+08:00 level=DEBUG msg="listing: no changes"
time=2026-08-09T16:50:04.854+08:00 level=DEBUG msg="discovery: skipping socket directory" dir=/tmp/e2e-l2.KhUMRL/tmux/tmux-501 err="open /tmp/e2e-l2.KhUMRL/tmux/tmux-501: no such file or directory"
time=2026-08-09T16:50:04.873+08:00 level=DEBUG msg="discovery: skipping unreachable socket" socket=/tmp/tmux-501/ta-0da65bceb372 err="query tmux on /tmp/tmux-501/ta-0da65bceb372: exit status 1: no server running on /tmp/tmux-501/ta-0da65bceb372"
time=2026-08-09T16:50:04.879+08:00 level=DEBUG msg="discovery: skipping unreachable socket" socket=/tmp/tmux-501/ta-192b3d7a4b4d err="query tmux on /tmp/tmux-501/ta-192b3d7a4b4d: exit status 1: no server running on /tmp/tmux-501/ta-192b3d7a4b4d"
time=2026-08-09T16:50:04.884+08:00 level=DEBUG msg="discovery: skipping unreachable socket" socket=/tmp/tmux-501/ta-19bab105a233 err="query tmux on /tmp/tmux-501/ta-19bab105a233: exit status 1: no server running on /tmp/tmux-501/ta-19bab105a233"
time=2026-08-09T16:50:04.890+08:00 level=DEBUG msg="discovery: skipping unreachable socket" socket=/tmp/tmux-501/ta-2183ff26eaba err="query tmux on /tmp/tmux-501/ta-2183ff26eaba: exit status 1: no server running on /tmp/tmux-501/ta-2183ff26eaba"
time=2026-08-09T16:50:04.901+08:00 level=DEBUG msg="discovery: skipping unreachable socket" socket=/tmp/tmux-501/ta-27ae35442db0 err="query tmux on /tmp/tmux-501/ta-27ae35442db0: exit status 1: no server running on /tmp/tmux-501/ta-27ae35442db0"
time=2026-08-09T16:50:04.912+08:00 level=DEBUG msg="discovery: skipping unreachable socket" socket=/tmp/tmux-501/ta-29ad6c433fb0 err="query tmux on /tmp/tmux-501/ta-29ad6c433fb0: exit status 1: no server running on /tmp/tmux-501/ta-29ad6c433fb0"
time=2026-08-09T16:50:04.917+08:00 level=DEBUG msg="discovery: skipping unreachable socket" socket=/tmp/tmux-501/ta-2b2b0f6042c3 err="query tmux on /tmp/tmux-501/ta-2b2b0f6042c3: exit status 1: no server running on /tmp/tmux-501/ta-2b2b0f6042c3"
time=2026-08-09T16:50:04.922+08:00 level=DEBUG msg="discovery: skipping unreachable socket" socket=/tmp/tmux-501/ta-2d881fc24979 err="query tmux on /tmp/tmux-501/ta-2d881fc24979: exit status 1: no server running on /tmp/tmux-501/ta-2d881fc24979"
time=2026-08-09T16:50:04.928+08:00 level=DEBUG msg="discovery: skipping unreachable socket" socket=/tmp/tmux-501/ta-3511002e6186 err="query tmux on /tmp/tmux-501/ta-3511002e6186: exit status 1: no server running on /tmp/tmux-501/ta-3511002e6186"
time=2026-08-09T16:50:04.951+08:00 level=DEBUG msg="discovery: skipping unreachable socket" socket=/tmp/tmux-501/ta-670fcfc61db1 err="query tmux on /tmp/tmux-501/ta-670fcfc61db1: exit status 1: no server running on /tmp/tmux-501/ta-670fcfc61db1"
time=2026-08-09T16:50:04.957+08:00 level=DEBUG msg="discovery: skipping unreachable socket" socket=/tmp/tmux-501/ta-714648f68f78 err="query tmux on /tmp/tmux-501/ta-714648f68f78: exit status 1: no server running on /tmp/tmux-501/ta-714648f68f78"
time=2026-08-09T16:50:04.963+08:00 level=DEBUG msg="discovery: skipping unreachable socket" socket=/tmp/tmux-501/ta-76d99a0fb54d err="query tmux on /tmp/tmux-501/ta-76d99a0fb54d: exit status 1: no server running on /tmp/tmux-501/ta-76d99a0fb54d"
time=2026-08-09T16:50:04.968+08:00 level=DEBUG msg="discovery: skipping unreachable socket" socket=/tmp/tmux-501/ta-7cf3455fc7ef err="query tmux on /tmp/tmux-501/ta-7cf3455fc7ef: exit status 1: no server running on /tmp/tmux-501/ta-7cf3455fc7ef"
time=2026-08-09T16:50:04.974+08:00 level=DEBUG msg="discovery: skipping unreachable socket" socket=/tmp/tmux-501/ta-8f9301481b91 err="query tmux on /tmp/tmux-501/ta-8f9301481b91: exit status 1: no server running on /tmp/tmux-501/ta-8f9301481b91"
time=2026-08-09T16:50:04.980+08:00 level=DEBUG msg="discovery: skipping unreachable socket" socket=/tmp/tmux-501/ta-9f7ab2efc12e err="query tmux on /tmp/tmux-501/ta-9f7ab2efc12e: exit status 1: no server running on /tmp/tmux-501/ta-9f7ab2efc12e"
time=2026-08-09T16:50:04.986+08:00 level=DEBUG msg="discovery: skipping unreachable socket" socket=/tmp/tmux-501/ta-a389ed2be6d0 err="query tmux on /tmp/tmux-501/ta-a389ed2be6d0: exit status 1: no server running on /tmp/tmux-501/ta-a389ed2be6d0"
time=2026-08-09T16:50:05.010+08:00 level=DEBUG msg="discovery: skipping unreachable socket" socket=/tmp/tmux-501/ta-d596a9f9a2a6 err="query tmux on /tmp/tmux-501/ta-d596a9f9a2a6: exit status 1: no server running on /tmp/tmux-501/ta-d596a9f9a2a6"
time=2026-08-09T16:50:05.021+08:00 level=DEBUG msg="discovery: skipping unreachable socket" socket=/tmp/tmux-501/ta-d9dc8c25f425 err="query tmux on /tmp/tmux-501/ta-d9dc8c25f425: exit status 1: no server running on /tmp/tmux-501/ta-d9dc8c25f425"
time=2026-08-09T16:50:05.027+08:00 level=DEBUG msg="discovery: skipping unreachable socket" socket=/tmp/tmux-501/ta-e4fe872351d8 err="query tmux on /tmp/tmux-501/ta-e4fe872351d8: exit status 1: no server running on /tmp/tmux-501/ta-e4fe872351d8"
time=2026-08-09T16:50:05.032+08:00 level=DEBUG msg="discovery: skipping unreachable socket" socket=/tmp/tmux-501/ta-e94aa181e16c err="query tmux on /tmp/tmux-501/ta-e94aa181e16c: exit status 1: no server running on /tmp/tmux-501/ta-e94aa181e16c"
time=2026-08-09T16:50:05.038+08:00 level=DEBUG msg="discovery: skipping unreachable socket" socket=/tmp/tmux-501/ta-ebf95952bfe3 err="query tmux on /tmp/tmux-501/ta-ebf95952bfe3: exit status 1: no server running on /tmp/tmux-501/ta-ebf95952bfe3"
time=2026-08-09T16:50:05.044+08:00 level=DEBUG msg="discovery: skipping unreachable socket" socket=/tmp/tmux-501/ta-fa2252466833 err="query tmux on /tmp/tmux-501/ta-fa2252466833: exit status 1: no server running on /tmp/tmux-501/ta-fa2252466833"
time=2026-08-09T16:50:05.044+08:00 level=DEBUG msg="listing: no changes"
time=2026-08-09T16:50:05.545+08:00 level=DEBUG msg="discovery: skipping socket directory" dir=/tmp/e2e-l2.KhUMRL/tmux/tmux-501 err="open /tmp/e2e-l2.KhUMRL/tmux/tmux-501: no such file or directory"
time=2026-08-09T16:50:05.564+08:00 level=DEBUG msg="discovery: skipping unreachable socket" socket=/tmp/tmux-501/ta-0da65bceb372 err="query tmux on /tmp/tmux-501/ta-0da65bceb372: exit status 1: no server running on /tmp/tmux-501/ta-0da65bceb372"
time=2026-08-09T16:50:05.568+08:00 level=DEBUG msg="discovery: skipping unreachable socket" socket=/tmp/tmux-501/ta-192b3d7a4b4d err="query tmux on /tmp/tmux-501/ta-192b3d7a4b4d: exit status 1: no server running on /tmp/tmux-501/ta-192b3d7a4b4d"
time=2026-08-09T16:50:05.573+08:00 level=DEBUG msg="discovery: skipping unreachable socket" socket=/tmp/tmux-501/ta-19bab105a233 err="query tmux on /tmp/tmux-501/ta-19bab105a233: exit status 1: no server running on /tmp/tmux-501/ta-19bab105a233"
time=2026-08-09T16:50:05.578+08:00 level=DEBUG msg="discovery: skipping unreachable socket" socket=/tmp/tmux-501/ta-2183ff26eaba err="query tmux on /tmp/tmux-501/ta-2183ff26eaba: exit status 1: no server running on /tmp/tmux-501/ta-2183ff26eaba"
time=2026-08-09T16:50:05.589+08:00 level=DEBUG msg="discovery: skipping unreachable socket" socket=/tmp/tmux-501/ta-27ae35442db0 err="query tmux on /tmp/tmux-501/ta-27ae35442db0: exit status 1: no server running on /tmp/tmux-501/ta-27ae35442db0"
time=2026-08-09T16:50:05.599+08:00 level=DEBUG msg="discovery: skipping unreachable socket" socket=/tmp/tmux-501/ta-29ad6c433fb0 err="query tmux on /tmp/tmux-501/ta-29ad6c433fb0: exit status 1: no server running on /tmp/tmux-501/ta-29ad6c433fb0"
time=2026-08-09T16:50:05.604+08:00 level=DEBUG msg="discovery: skipping unreachable socket" socket=/tmp/tmux-501/ta-2b2b0f6042c3 err="query tmux on /tmp/tmux-501/ta-2b2b0f6042c3: exit status 1: no server running on /tmp/tmux-501/ta-2b2b0f6042c3"
time=2026-08-09T16:50:05.610+08:00 level=DEBUG msg="discovery: skipping unreachable socket" socket=/tmp/tmux-501/ta-2d881fc24979 err="query tmux on /tmp/tmux-501/ta-2d881fc24979: exit status 1: no server running on /tmp/tmux-501/ta-2d881fc24979"
time=2026-08-09T16:50:05.616+08:00 level=DEBUG msg="discovery: skipping unreachable socket" socket=/tmp/tmux-501/ta-3511002e6186 err="query tmux on /tmp/tmux-501/ta-3511002e6186: exit status 1: no server running on /tmp/tmux-501/ta-3511002e6186"
time=2026-08-09T16:50:05.639+08:00 level=DEBUG msg="discovery: skipping unreachable socket" socket=/tmp/tmux-501/ta-670fcfc61db1 err="query tmux on /tmp/tmux-501/ta-670fcfc61db1: exit status 1: no server running on /tmp/tmux-501/ta-670fcfc61db1"
time=2026-08-09T16:50:05.645+08:00 level=DEBUG msg="discovery: skipping unreachable socket" socket=/tmp/tmux-501/ta-714648f68f78 err="query tmux on /tmp/tmux-501/ta-714648f68f78: exit status 1: no server running on /tmp/tmux-501/ta-714648f68f78"
time=2026-08-09T16:50:05.651+08:00 level=DEBUG msg="discovery: skipping unreachable socket" socket=/tmp/tmux-501/ta-76d99a0fb54d err="query tmux on /tmp/tmux-501/ta-76d99a0fb54d: exit status 1: no server running on /tmp/tmux-501/ta-76d99a0fb54d"
time=2026-08-09T16:50:05.656+08:00 level=DEBUG msg="discovery: skipping unreachable socket" socket=/tmp/tmux-501/ta-7cf3455fc7ef err="query tmux on /tmp/tmux-501/ta-7cf3455fc7ef: exit status 1: no server running on /tmp/tmux-501/ta-7cf3455fc7ef"
time=2026-08-09T16:50:05.662+08:00 level=DEBUG msg="discovery: skipping unreachable socket" socket=/tmp/tmux-501/ta-8f9301481b91 err="query tmux on /tmp/tmux-501/ta-8f9301481b91: exit status 1: no server running on /tmp/tmux-501/ta-8f9301481b91"
time=2026-08-09T16:50:05.667+08:00 level=DEBUG msg="discovery: skipping unreachable socket" socket=/tmp/tmux-501/ta-9f7ab2efc12e err="query tmux on /tmp/tmux-501/ta-9f7ab2efc12e: exit status 1: no server running on /tmp/tmux-501/ta-9f7ab2efc12e"
time=2026-08-09T16:50:05.673+08:00 level=DEBUG msg="discovery: skipping unreachable socket" socket=/tmp/tmux-501/ta-a389ed2be6d0 err="query tmux on /tmp/tmux-501/ta-a389ed2be6d0: exit status 1: no server running on /tmp/tmux-501/ta-a389ed2be6d0"
time=2026-08-09T16:50:05.701+08:00 level=DEBUG msg="discovery: skipping unreachable socket" socket=/tmp/tmux-501/ta-d596a9f9a2a6 err="query tmux on /tmp/tmux-501/ta-d596a9f9a2a6: exit status 1: no server running on /tmp/tmux-501/ta-d596a9f9a2a6"
time=2026-08-09T16:50:05.712+08:00 level=DEBUG msg="discovery: skipping unreachable socket" socket=/tmp/tmux-501/ta-d9dc8c25f425 err="query tmux on /tmp/tmux-501/ta-d9dc8c25f425: exit status 1: no server running on /tmp/tmux-501/ta-d9dc8c25f425"
time=2026-08-09T16:50:05.717+08:00 level=DEBUG msg="discovery: skipping unreachable socket" socket=/tmp/tmux-501/ta-e4fe872351d8 err="query tmux on /tmp/tmux-501/ta-e4fe872351d8: exit status 1: no server running on /tmp/tmux-501/ta-e4fe872351d8"
time=2026-08-09T16:50:05.722+08:00 level=DEBUG msg="discovery: skipping unreachable socket" socket=/tmp/tmux-501/ta-e94aa181e16c err="query tmux on /tmp/tmux-501/ta-e94aa181e16c: exit status 1: no server running on /tmp/tmux-501/ta-e94aa181e16c"
time=2026-08-09T16:50:05.727+08:00 level=DEBUG msg="discovery: skipping unreachable socket" socket=/tmp/tmux-501/ta-ebf95952bfe3 err="query tmux on /tmp/tmux-501/ta-ebf95952bfe3: exit status 1: no server running on /tmp/tmux-501/ta-ebf95952bfe3"
time=2026-08-09T16:50:05.732+08:00 level=DEBUG msg="discovery: skipping unreachable socket" socket=/tmp/tmux-501/ta-fa2252466833 err="query tmux on /tmp/tmux-501/ta-fa2252466833: exit status 1: no server running on /tmp/tmux-501/ta-fa2252466833"
time=2026-08-09T16:50:06.233+08:00 level=DEBUG msg="discovery: skipping socket directory" dir=/tmp/e2e-l2.KhUMRL/tmux/tmux-501 err="open /tmp/e2e-l2.KhUMRL/tmux/tmux-501: no such file or directory"
time=2026-08-09T16:50:06.251+08:00 level=DEBUG msg="discovery: skipping unreachable socket" socket=/tmp/tmux-501/ta-0da65bceb372 err="query tmux on /tmp/tmux-501/ta-0da65bceb372: exit status 1: no server running on /tmp/tmux-501/ta-0da65bceb372"
time=2026-08-09T16:50:06.257+08:00 level=DEBUG msg="discovery: skipping unreachable socket" socket=/tmp/tmux-501/ta-192b3d7a4b4d err="query tmux on /tmp/tmux-501/ta-192b3d7a4b4d: exit status 1: no server running on /tmp/tmux-501/ta-192b3d7a4b4d"
time=2026-08-09T16:50:06.263+08:00 level=DEBUG msg="discovery: skipping unreachable socket" socket=/tmp/tmux-501/ta-19bab105a233 err="query tmux on /tmp/tmux-501/ta-19bab105a233: exit status 1: no server running on /tmp/tmux-501/ta-19bab105a233"
time=2026-08-09T16:50:06.268+08:00 level=DEBUG msg="discovery: skipping unreachable socket" socket=/tmp/tmux-501/ta-2183ff26eaba err="query tmux on /tmp/tmux-501/ta-2183ff26eaba: exit status 1: no server running on /tmp/tmux-501/ta-2183ff26eaba"
time=2026-08-09T16:50:06.280+08:00 level=DEBUG msg="discovery: skipping unreachable socket" socket=/tmp/tmux-501/ta-27ae35442db0 err="query tmux on /tmp/tmux-501/ta-27ae35442db0: exit status 1: no server running on /tmp/tmux-501/ta-27ae35442db0"
time=2026-08-09T16:50:06.290+08:00 level=DEBUG msg="discovery: skipping unreachable socket" socket=/tmp/tmux-501/ta-29ad6c433fb0 err="query tmux on /tmp/tmux-501/ta-29ad6c433fb0: exit status 1: no server running on /tmp/tmux-501/ta-29ad6c433fb0"
time=2026-08-09T16:50:06.295+08:00 level=DEBUG msg="discovery: skipping unreachable socket" socket=/tmp/tmux-501/ta-2b2b0f6042c3 err="query tmux on /tmp/tmux-501/ta-2b2b0f6042c3: exit status 1: no server running on /tmp/tmux-501/ta-2b2b0f6042c3"
time=2026-08-09T16:50:06.300+08:00 level=DEBUG msg="discovery: skipping unreachable socket" socket=/tmp/tmux-501/ta-2d881fc24979 err="query tmux on /tmp/tmux-501/ta-2d881fc24979: exit status 1: no server running on /tmp/tmux-501/ta-2d881fc24979"
time=2026-08-09T16:50:06.305+08:00 level=DEBUG msg="discovery: skipping unreachable socket" socket=/tmp/tmux-501/ta-3511002e6186 err="query tmux on /tmp/tmux-501/ta-3511002e6186: exit status 1: no server running on /tmp/tmux-501/ta-3511002e6186"
time=2026-08-09T16:50:06.327+08:00 level=DEBUG msg="discovery: skipping unreachable socket" socket=/tmp/tmux-501/ta-670fcfc61db1 err="query tmux on /tmp/tmux-501/ta-670fcfc61db1: exit status 1: no server running on /tmp/tmux-501/ta-670fcfc61db1"
time=2026-08-09T16:50:06.332+08:00 level=DEBUG msg="discovery: skipping unreachable socket" socket=/tmp/tmux-501/ta-714648f68f78 err="query tmux on /tmp/tmux-501/ta-714648f68f78: exit status 1: no server running on /tmp/tmux-501/ta-714648f68f78"
time=2026-08-09T16:50:06.337+08:00 level=DEBUG msg="discovery: skipping unreachable socket" socket=/tmp/tmux-501/ta-76d99a0fb54d err="query tmux on /tmp/tmux-501/ta-76d99a0fb54d: exit status 1: no server running on /tmp/tmux-501/ta-76d99a0fb54d"
time=2026-08-09T16:50:06.343+08:00 level=DEBUG msg="discovery: skipping unreachable socket" socket=/tmp/tmux-501/ta-7cf3455fc7ef err="query tmux on /tmp/tmux-501/ta-7cf3455fc7ef: exit status 1: no server running on /tmp/tmux-501/ta-7cf3455fc7ef"
time=2026-08-09T16:50:06.348+08:00 level=DEBUG msg="discovery: skipping unreachable socket" socket=/tmp/tmux-501/ta-8f9301481b91 err="query tmux on /tmp/tmux-501/ta-8f9301481b91: exit status 1: no server running on /tmp/tmux-501/ta-8f9301481b91"
time=2026-08-09T16:50:06.353+08:00 level=DEBUG msg="discovery: skipping unreachable socket" socket=/tmp/tmux-501/ta-9f7ab2efc12e err="query tmux on /tmp/tmux-501/ta-9f7ab2efc12e: exit status 1: no server running on /tmp/tmux-501/ta-9f7ab2efc12e"
time=2026-08-09T16:50:06.359+08:00 level=DEBUG msg="discovery: skipping unreachable socket" socket=/tmp/tmux-501/ta-a389ed2be6d0 err="query tmux on /tmp/tmux-501/ta-a389ed2be6d0: exit status 1: no server running on /tmp/tmux-501/ta-a389ed2be6d0"
time=2026-08-09T16:50:06.386+08:00 level=DEBUG msg="discovery: skipping unreachable socket" socket=/tmp/tmux-501/ta-d596a9f9a2a6 err="query tmux on /tmp/tmux-501/ta-d596a9f9a2a6: exit status 1: no server running on /tmp/tmux-501/ta-d596a9f9a2a6"
time=2026-08-09T16:50:06.397+08:00 level=DEBUG msg="discovery: skipping unreachable socket" socket=/tmp/tmux-501/ta-d9dc8c25f425 err="query tmux on /tmp/tmux-501/ta-d9dc8c25f425: exit status 1: no server running on /tmp/tmux-501/ta-d9dc8c25f425"
time=2026-08-09T16:50:06.402+08:00 level=DEBUG msg="discovery: skipping unreachable socket" socket=/tmp/tmux-501/ta-e4fe872351d8 err="query tmux on /tmp/tmux-501/ta-e4fe872351d8: exit status 1: no server running on /tmp/tmux-501/ta-e4fe872351d8"
time=2026-08-09T16:50:06.408+08:00 level=DEBUG msg="discovery: skipping unreachable socket" socket=/tmp/tmux-501/ta-e94aa181e16c err="query tmux on /tmp/tmux-501/ta-e94aa181e16c: exit status 1: no server running on /tmp/tmux-501/ta-e94aa181e16c"
time=2026-08-09T16:50:06.414+08:00 level=DEBUG msg="discovery: skipping unreachable socket" socket=/tmp/tmux-501/ta-ebf95952bfe3 err="query tmux on /tmp/tmux-501/ta-ebf95952bfe3: exit status 1: no server running on /tmp/tmux-501/ta-ebf95952bfe3"
time=2026-08-09T16:50:06.419+08:00 level=DEBUG msg="discovery: skipping unreachable socket" socket=/tmp/tmux-501/ta-fa2252466833 err="query tmux on /tmp/tmux-501/ta-fa2252466833: exit status 1: no server running on /tmp/tmux-501/ta-fa2252466833"
time=2026-08-09T16:50:06.420+08:00 level=DEBUG msg="listing: no changes"
time=2026-08-09T16:50:06.921+08:00 level=DEBUG msg="discovery: skipping socket directory" dir=/tmp/e2e-l2.KhUMRL/tmux/tmux-501 err="open /tmp/e2e-l2.KhUMRL/tmux/tmux-501: no such file or directory"
time=2026-08-09T16:50:06.938+08:00 level=DEBUG msg="discovery: skipping unreachable socket" socket=/tmp/tmux-501/ta-0da65bceb372 err="query tmux on /tmp/tmux-501/ta-0da65bceb372: exit status 1: no server running on /tmp/tmux-501/ta-0da65bceb372"
time=2026-08-09T16:50:06.943+08:00 level=DEBUG msg="discovery: skipping unreachable socket" socket=/tmp/tmux-501/ta-192b3d7a4b4d err="query tmux on /tmp/tmux-501/ta-192b3d7a4b4d: exit status 1: no server running on /tmp/tmux-501/ta-192b3d7a4b4d"
time=2026-08-09T16:50:06.948+08:00 level=DEBUG msg="discovery: skipping unreachable socket" socket=/tmp/tmux-501/ta-19bab105a233 err="query tmux on /tmp/tmux-501/ta-19bab105a233: exit status 1: no server running on /tmp/tmux-501/ta-19bab105a233"
time=2026-08-09T16:50:06.953+08:00 level=DEBUG msg="discovery: skipping unreachable socket" socket=/tmp/tmux-501/ta-2183ff26eaba err="query tmux on /tmp/tmux-501/ta-2183ff26eaba: exit status 1: no server running on /tmp/tmux-501/ta-2183ff26eaba"
time=2026-08-09T16:50:06.964+08:00 level=DEBUG msg="discovery: skipping unreachable socket" socket=/tmp/tmux-501/ta-27ae35442db0 err="query tmux on /tmp/tmux-501/ta-27ae35442db0: exit status 1: no server running on /tmp/tmux-501/ta-27ae35442db0"
time=2026-08-09T16:50:06.975+08:00 level=DEBUG msg="discovery: skipping unreachable socket" socket=/tmp/tmux-501/ta-29ad6c433fb0 err="query tmux on /tmp/tmux-501/ta-29ad6c433fb0: exit status 1: no server running on /tmp/tmux-501/ta-29ad6c433fb0"
time=2026-08-09T16:50:06.980+08:00 level=DEBUG msg="discovery: skipping unreachable socket" socket=/tmp/tmux-501/ta-2b2b0f6042c3 err="query tmux on /tmp/tmux-501/ta-2b2b0f6042c3: exit status 1: no server running on /tmp/tmux-501/ta-2b2b0f6042c3"
time=2026-08-09T16:50:06.984+08:00 level=DEBUG msg="discovery: skipping unreachable socket" socket=/tmp/tmux-501/ta-2d881fc24979 err="query tmux on /tmp/tmux-501/ta-2d881fc24979: exit status 1: no server running on /tmp/tmux-501/ta-2d881fc24979"
time=2026-08-09T16:50:06.990+08:00 level=DEBUG msg="discovery: skipping unreachable socket" socket=/tmp/tmux-501/ta-3511002e6186 err="query tmux on /tmp/tmux-501/ta-3511002e6186: exit status 1: no server running on /tmp/tmux-501/ta-3511002e6186"
time=2026-08-09T16:50:07.012+08:00 level=DEBUG msg="discovery: skipping unreachable socket" socket=/tmp/tmux-501/ta-670fcfc61db1 err="query tmux on /tmp/tmux-501/ta-670fcfc61db1: exit status 1: no server running on /tmp/tmux-501/ta-670fcfc61db1"
time=2026-08-09T16:50:07.018+08:00 level=DEBUG msg="discovery: skipping unreachable socket" socket=/tmp/tmux-501/ta-714648f68f78 err="query tmux on /tmp/tmux-501/ta-714648f68f78: exit status 1: no server running on /tmp/tmux-501/ta-714648f68f78"
time=2026-08-09T16:50:07.023+08:00 level=DEBUG msg="discovery: skipping unreachable socket" socket=/tmp/tmux-501/ta-76d99a0fb54d err="query tmux on /tmp/tmux-501/ta-76d99a0fb54d: exit status 1: no server running on /tmp/tmux-501/ta-76d99a0fb54d"
time=2026-08-09T16:50:07.028+08:00 level=DEBUG msg="discovery: skipping unreachable socket" socket=/tmp/tmux-501/ta-7cf3455fc7ef err="query tmux on /tmp/tmux-501/ta-7cf3455fc7ef: exit status 1: no server running on /tmp/tmux-501/ta-7cf3455fc7ef"
time=2026-08-09T16:50:07.033+08:00 level=DEBUG msg="discovery: skipping unreachable socket" socket=/tmp/tmux-501/ta-8f9301481b91 err="query tmux on /tmp/tmux-501/ta-8f9301481b91: exit status 1: no server running on /tmp/tmux-501/ta-8f9301481b91"
time=2026-08-09T16:50:07.039+08:00 level=DEBUG msg="discovery: skipping unreachable socket" socket=/tmp/tmux-501/ta-9f7ab2efc12e err="query tmux on /tmp/tmux-501/ta-9f7ab2efc12e: exit status 1: no server running on /tmp/tmux-501/ta-9f7ab2efc12e"
time=2026-08-09T16:50:07.044+08:00 level=DEBUG msg="discovery: skipping unreachable socket" socket=/tmp/tmux-501/ta-a389ed2be6d0 err="query tmux on /tmp/tmux-501/ta-a389ed2be6d0: exit status 1: no server running on /tmp/tmux-501/ta-a389ed2be6d0"
time=2026-08-09T16:50:07.073+08:00 level=DEBUG msg="discovery: skipping unreachable socket" socket=/tmp/tmux-501/ta-d596a9f9a2a6 err="query tmux on /tmp/tmux-501/ta-d596a9f9a2a6: exit status 1: no server running on /tmp/tmux-501/ta-d596a9f9a2a6"
time=2026-08-09T16:50:07.084+08:00 level=DEBUG msg="discovery: skipping unreachable socket" socket=/tmp/tmux-501/ta-d9dc8c25f425 err="query tmux on /tmp/tmux-501/ta-d9dc8c25f425: exit status 1: no server running on /tmp/tmux-501/ta-d9dc8c25f425"
time=2026-08-09T16:50:07.089+08:00 level=DEBUG msg="discovery: skipping unreachable socket" socket=/tmp/tmux-501/ta-e4fe872351d8 err="query tmux on /tmp/tmux-501/ta-e4fe872351d8: exit status 1: no server running on /tmp/tmux-501/ta-e4fe872351d8"
time=2026-08-09T16:50:07.095+08:00 level=DEBUG msg="discovery: skipping unreachable socket" socket=/tmp/tmux-501/ta-e94aa181e16c err="query tmux on /tmp/tmux-501/ta-e94aa181e16c: exit status 1: no server running on /tmp/tmux-501/ta-e94aa181e16c"
time=2026-08-09T16:50:07.100+08:00 level=DEBUG msg="discovery: skipping unreachable socket" socket=/tmp/tmux-501/ta-ebf95952bfe3 err="query tmux on /tmp/tmux-501/ta-ebf95952bfe3: exit status 1: no server running on /tmp/tmux-501/ta-ebf95952bfe3"
time=2026-08-09T16:50:07.106+08:00 level=DEBUG msg="discovery: skipping unreachable socket" socket=/tmp/tmux-501/ta-fa2252466833 err="query tmux on /tmp/tmux-501/ta-fa2252466833: exit status 1: no server running on /tmp/tmux-501/ta-fa2252466833"
time=2026-08-09T16:50:07.107+08:00 level=DEBUG msg="listing: no changes"
time=2026-08-09T16:50:07.608+08:00 level=DEBUG msg="discovery: skipping socket directory" dir=/tmp/e2e-l2.KhUMRL/tmux/tmux-501 err="open /tmp/e2e-l2.KhUMRL/tmux/tmux-501: no such file or directory"
time=2026-08-09T16:50:07.626+08:00 level=DEBUG msg="discovery: skipping unreachable socket" socket=/tmp/tmux-501/ta-0da65bceb372 err="query tmux on /tmp/tmux-501/ta-0da65bceb372: exit status 1: no server running on /tmp/tmux-501/ta-0da65bceb372"
time=2026-08-09T16:50:07.632+08:00 level=DEBUG msg="discovery: skipping unreachable socket" socket=/tmp/tmux-501/ta-192b3d7a4b4d err="query tmux on /tmp/tmux-501/ta-192b3d7a4b4d: exit status 1: no server running on /tmp/tmux-501/ta-192b3d7a4b4d"
time=2026-08-09T16:50:07.638+08:00 level=DEBUG msg="discovery: skipping unreachable socket" socket=/tmp/tmux-501/ta-19bab105a233 err="query tmux on /tmp/tmux-501/ta-19bab105a233: exit status 1: no server running on /tmp/tmux-501/ta-19bab105a233"
time=2026-08-09T16:50:07.643+08:00 level=DEBUG msg="discovery: skipping unreachable socket" socket=/tmp/tmux-501/ta-2183ff26eaba err="query tmux on /tmp/tmux-501/ta-2183ff26eaba: exit status 1: no server running on /tmp/tmux-501/ta-2183ff26eaba"
time=2026-08-09T16:50:07.654+08:00 level=DEBUG msg="discovery: skipping unreachable socket" socket=/tmp/tmux-501/ta-27ae35442db0 err="query tmux on /tmp/tmux-501/ta-27ae35442db0: exit status 1: no server running on /tmp/tmux-501/ta-27ae35442db0"
time=2026-08-09T16:50:07.666+08:00 level=DEBUG msg="discovery: skipping unreachable socket" socket=/tmp/tmux-501/ta-29ad6c433fb0 err="query tmux on /tmp/tmux-501/ta-29ad6c433fb0: exit status 1: no server running on /tmp/tmux-501/ta-29ad6c433fb0"
time=2026-08-09T16:50:07.672+08:00 level=DEBUG msg="discovery: skipping unreachable socket" socket=/tmp/tmux-501/ta-2b2b0f6042c3 err="query tmux on /tmp/tmux-501/ta-2b2b0f6042c3: exit status 1: no server running on /tmp/tmux-501/ta-2b2b0f6042c3"
time=2026-08-09T16:50:07.678+08:00 level=DEBUG msg="discovery: skipping unreachable socket" socket=/tmp/tmux-501/ta-2d881fc24979 err="query tmux on /tmp/tmux-501/ta-2d881fc24979: exit status 1: no server running on /tmp/tmux-501/ta-2d881fc24979"
time=2026-08-09T16:50:07.684+08:00 level=DEBUG msg="discovery: skipping unreachable socket" socket=/tmp/tmux-501/ta-3511002e6186 err="query tmux on /tmp/tmux-501/ta-3511002e6186: exit status 1: no server running on /tmp/tmux-501/ta-3511002e6186"
time=2026-08-09T16:50:07.714+08:00 level=DEBUG msg="discovery: skipping unreachable socket" socket=/tmp/tmux-501/ta-670fcfc61db1 err="query tmux on /tmp/tmux-501/ta-670fcfc61db1: exit status 1: no server running on /tmp/tmux-501/ta-670fcfc61db1"
time=2026-08-09T16:50:07.721+08:00 level=DEBUG msg="discovery: skipping unreachable socket" socket=/tmp/tmux-501/ta-714648f68f78 err="query tmux on /tmp/tmux-501/ta-714648f68f78: exit status 1: no server running on /tmp/tmux-501/ta-714648f68f78"
time=2026-08-09T16:50:07.726+08:00 level=DEBUG msg="discovery: skipping unreachable socket" socket=/tmp/tmux-501/ta-76d99a0fb54d err="query tmux on /tmp/tmux-501/ta-76d99a0fb54d: exit status 1: no server running on /tmp/tmux-501/ta-76d99a0fb54d"
time=2026-08-09T16:50:07.731+08:00 level=DEBUG msg="discovery: skipping unreachable socket" socket=/tmp/tmux-501/ta-7cf3455fc7ef err="query tmux on /tmp/tmux-501/ta-7cf3455fc7ef: exit status 1: no server running on /tmp/tmux-501/ta-7cf3455fc7ef"
time=2026-08-09T16:50:07.736+08:00 level=DEBUG msg="discovery: skipping unreachable socket" socket=/tmp/tmux-501/ta-8f9301481b91 err="query tmux on /tmp/tmux-501/ta-8f9301481b91: exit status 1: no server running on /tmp/tmux-501/ta-8f9301481b91"
time=2026-08-09T16:50:07.741+08:00 level=DEBUG msg="discovery: skipping unreachable socket" socket=/tmp/tmux-501/ta-9f7ab2efc12e err="query tmux on /tmp/tmux-501/ta-9f7ab2efc12e: exit status 1: no server running on /tmp/tmux-501/ta-9f7ab2efc12e"
time=2026-08-09T16:50:07.747+08:00 level=DEBUG msg="discovery: skipping unreachable socket" socket=/tmp/tmux-501/ta-a389ed2be6d0 err="query tmux on /tmp/tmux-501/ta-a389ed2be6d0: exit status 1: no server running on /tmp/tmux-501/ta-a389ed2be6d0"
time=2026-08-09T16:50:07.776+08:00 level=DEBUG msg="discovery: skipping unreachable socket" socket=/tmp/tmux-501/ta-d596a9f9a2a6 err="query tmux on /tmp/tmux-501/ta-d596a9f9a2a6: exit status 1: no server running on /tmp/tmux-501/ta-d596a9f9a2a6"
time=2026-08-09T16:50:07.781+08:00 level=DEBUG msg="discovery: skipping unreachable socket" socket=/tmp/tmux-501/ta-d77cf4796c8c err="query tmux on /tmp/tmux-501/ta-d77cf4796c8c: exit status 1: no server running on /tmp/tmux-501/ta-d77cf4796c8c"
time=2026-08-09T16:50:07.787+08:00 level=DEBUG msg="discovery: skipping unreachable socket" socket=/tmp/tmux-501/ta-d9dc8c25f425 err="query tmux on /tmp/tmux-501/ta-d9dc8c25f425: exit status 1: no server running on /tmp/tmux-501/ta-d9dc8c25f425"
time=2026-08-09T16:50:07.792+08:00 level=DEBUG msg="discovery: skipping unreachable socket" socket=/tmp/tmux-501/ta-e4fe872351d8 err="query tmux on /tmp/tmux-501/ta-e4fe872351d8: exit status 1: no server running on /tmp/tmux-501/ta-e4fe872351d8"
time=2026-08-09T16:50:07.797+08:00 level=DEBUG msg="discovery: skipping unreachable socket" socket=/tmp/tmux-501/ta-e94aa181e16c err="query tmux on /tmp/tmux-501/ta-e94aa181e16c: exit status 1: no server running on /tmp/tmux-501/ta-e94aa181e16c"
time=2026-08-09T16:50:07.803+08:00 level=DEBUG msg="discovery: skipping unreachable socket" socket=/tmp/tmux-501/ta-ebf95952bfe3 err="query tmux on /tmp/tmux-501/ta-ebf95952bfe3: exit status 1: no server running on /tmp/tmux-501/ta-ebf95952bfe3"
time=2026-08-09T16:50:07.808+08:00 level=DEBUG msg="discovery: skipping unreachable socket" socket=/tmp/tmux-501/ta-fa2252466833 err="query tmux on /tmp/tmux-501/ta-fa2252466833: exit status 1: no server running on /tmp/tmux-501/ta-fa2252466833"
time=2026-08-09T16:50:08.309+08:00 level=DEBUG msg="discovery: skipping socket directory" dir=/tmp/e2e-l2.KhUMRL/tmux/tmux-501 err="open /tmp/e2e-l2.KhUMRL/tmux/tmux-501: no such file or directory"
time=2026-08-09T16:50:08.327+08:00 level=DEBUG msg="discovery: skipping unreachable socket" socket=/tmp/tmux-501/ta-0da65bceb372 err="query tmux on /tmp/tmux-501/ta-0da65bceb372: exit status 1: no server running on /tmp/tmux-501/ta-0da65bceb372"
time=2026-08-09T16:50:08.333+08:00 level=DEBUG msg="discovery: skipping unreachable socket" socket=/tmp/tmux-501/ta-192b3d7a4b4d err="query tmux on /tmp/tmux-501/ta-192b3d7a4b4d: exit status 1: no server running on /tmp/tmux-501/ta-192b3d7a4b4d"
time=2026-08-09T16:50:08.338+08:00 level=DEBUG msg="discovery: skipping unreachable socket" socket=/tmp/tmux-501/ta-19bab105a233 err="query tmux on /tmp/tmux-501/ta-19bab105a233: exit status 1: no server running on /tmp/tmux-501/ta-19bab105a233"
time=2026-08-09T16:50:08.344+08:00 level=DEBUG msg="discovery: skipping unreachable socket" socket=/tmp/tmux-501/ta-2183ff26eaba err="query tmux on /tmp/tmux-501/ta-2183ff26eaba: exit status 1: no server running on /tmp/tmux-501/ta-2183ff26eaba"
time=2026-08-09T16:50:08.355+08:00 level=DEBUG msg="discovery: skipping unreachable socket" socket=/tmp/tmux-501/ta-27ae35442db0 err="query tmux on /tmp/tmux-501/ta-27ae35442db0: exit status 1: no server running on /tmp/tmux-501/ta-27ae35442db0"
time=2026-08-09T16:50:08.366+08:00 level=DEBUG msg="discovery: skipping unreachable socket" socket=/tmp/tmux-501/ta-29ad6c433fb0 err="query tmux on /tmp/tmux-501/ta-29ad6c433fb0: exit status 1: no server running on /tmp/tmux-501/ta-29ad6c433fb0"
time=2026-08-09T16:50:08.372+08:00 level=DEBUG msg="discovery: skipping unreachable socket" socket=/tmp/tmux-501/ta-2b2b0f6042c3 err="query tmux on /tmp/tmux-501/ta-2b2b0f6042c3: exit status 1: no server running on /tmp/tmux-501/ta-2b2b0f6042c3"
time=2026-08-09T16:50:08.377+08:00 level=DEBUG msg="discovery: skipping unreachable socket" socket=/tmp/tmux-501/ta-2d881fc24979 err="query tmux on /tmp/tmux-501/ta-2d881fc24979: exit status 1: no server running on /tmp/tmux-501/ta-2d881fc24979"
time=2026-08-09T16:50:08.382+08:00 level=DEBUG msg="discovery: skipping unreachable socket" socket=/tmp/tmux-501/ta-3511002e6186 err="query tmux on /tmp/tmux-501/ta-3511002e6186: exit status 1: no server running on /tmp/tmux-501/ta-3511002e6186"
time=2026-08-09T16:50:08.405+08:00 level=DEBUG msg="discovery: skipping unreachable socket" socket=/tmp/tmux-501/ta-670fcfc61db1 err="query tmux on /tmp/tmux-501/ta-670fcfc61db1: exit status 1: no server running on /tmp/tmux-501/ta-670fcfc61db1"
time=2026-08-09T16:50:08.411+08:00 level=DEBUG msg="discovery: skipping unreachable socket" socket=/tmp/tmux-501/ta-714648f68f78 err="query tmux on /tmp/tmux-501/ta-714648f68f78: exit status 1: no server running on /tmp/tmux-501/ta-714648f68f78"
time=2026-08-09T16:50:08.416+08:00 level=DEBUG msg="discovery: skipping unreachable socket" socket=/tmp/tmux-501/ta-76d99a0fb54d err="query tmux on /tmp/tmux-501/ta-76d99a0fb54d: exit status 1: no server running on /tmp/tmux-501/ta-76d99a0fb54d"
time=2026-08-09T16:50:08.422+08:00 level=DEBUG msg="discovery: skipping unreachable socket" socket=/tmp/tmux-501/ta-7cf3455fc7ef err="query tmux on /tmp/tmux-501/ta-7cf3455fc7ef: exit status 1: no server running on /tmp/tmux-501/ta-7cf3455fc7ef"
time=2026-08-09T16:50:08.428+08:00 level=DEBUG msg="discovery: skipping unreachable socket" socket=/tmp/tmux-501/ta-8f9301481b91 err="query tmux on /tmp/tmux-501/ta-8f9301481b91: exit status 1: no server running on /tmp/tmux-501/ta-8f9301481b91"
time=2026-08-09T16:50:08.433+08:00 level=DEBUG msg="discovery: skipping unreachable socket" socket=/tmp/tmux-501/ta-9f7ab2efc12e err="query tmux on /tmp/tmux-501/ta-9f7ab2efc12e: exit status 1: no server running on /tmp/tmux-501/ta-9f7ab2efc12e"
time=2026-08-09T16:50:08.439+08:00 level=DEBUG msg="discovery: skipping unreachable socket" socket=/tmp/tmux-501/ta-a389ed2be6d0 err="query tmux on /tmp/tmux-501/ta-a389ed2be6d0: exit status 1: no server running on /tmp/tmux-501/ta-a389ed2be6d0"
time=2026-08-09T16:50:08.469+08:00 level=DEBUG msg="discovery: skipping unreachable socket" socket=/tmp/tmux-501/ta-d596a9f9a2a6 err="query tmux on /tmp/tmux-501/ta-d596a9f9a2a6: exit status 1: no server running on /tmp/tmux-501/ta-d596a9f9a2a6"
time=2026-08-09T16:50:08.474+08:00 level=DEBUG msg="discovery: skipping unreachable socket" socket=/tmp/tmux-501/ta-d77cf4796c8c err="query tmux on /tmp/tmux-501/ta-d77cf4796c8c: exit status 1: no server running on /tmp/tmux-501/ta-d77cf4796c8c"
time=2026-08-09T16:50:08.479+08:00 level=DEBUG msg="discovery: skipping unreachable socket" socket=/tmp/tmux-501/ta-d9dc8c25f425 err="query tmux on /tmp/tmux-501/ta-d9dc8c25f425: exit status 1: no server running on /tmp/tmux-501/ta-d9dc8c25f425"
time=2026-08-09T16:50:08.484+08:00 level=DEBUG msg="discovery: skipping unreachable socket" socket=/tmp/tmux-501/ta-e4fe872351d8 err="query tmux on /tmp/tmux-501/ta-e4fe872351d8: exit status 1: no server running on /tmp/tmux-501/ta-e4fe872351d8"
time=2026-08-09T16:50:08.489+08:00 level=DEBUG msg="discovery: skipping unreachable socket" socket=/tmp/tmux-501/ta-e94aa181e16c err="query tmux on /tmp/tmux-501/ta-e94aa181e16c: exit status 1: no server running on /tmp/tmux-501/ta-e94aa181e16c"
time=2026-08-09T16:50:08.495+08:00 level=DEBUG msg="discovery: skipping unreachable socket" socket=/tmp/tmux-501/ta-ebf95952bfe3 err="query tmux on /tmp/tmux-501/ta-ebf95952bfe3: exit status 1: no server running on /tmp/tmux-501/ta-ebf95952bfe3"
time=2026-08-09T16:50:08.500+08:00 level=DEBUG msg="discovery: skipping unreachable socket" socket=/tmp/tmux-501/ta-fa2252466833 err="query tmux on /tmp/tmux-501/ta-fa2252466833: exit status 1: no server running on /tmp/tmux-501/ta-fa2252466833"
time=2026-08-09T16:50:09.001+08:00 level=DEBUG msg="discovery: skipping socket directory" dir=/tmp/e2e-l2.KhUMRL/tmux/tmux-501 err="open /tmp/e2e-l2.KhUMRL/tmux/tmux-501: no such file or directory"
time=2026-08-09T16:50:09.018+08:00 level=DEBUG msg="discovery: skipping unreachable socket" socket=/tmp/tmux-501/ta-0da65bceb372 err="query tmux on /tmp/tmux-501/ta-0da65bceb372: exit status 1: no server running on /tmp/tmux-501/ta-0da65bceb372"
time=2026-08-09T16:50:09.024+08:00 level=DEBUG msg="discovery: skipping unreachable socket" socket=/tmp/tmux-501/ta-192b3d7a4b4d err="query tmux on /tmp/tmux-501/ta-192b3d7a4b4d: exit status 1: no server running on /tmp/tmux-501/ta-192b3d7a4b4d"
time=2026-08-09T16:50:09.029+08:00 level=DEBUG msg="discovery: skipping unreachable socket" socket=/tmp/tmux-501/ta-19bab105a233 err="query tmux on /tmp/tmux-501/ta-19bab105a233: exit status 1: no server running on /tmp/tmux-501/ta-19bab105a233"
time=2026-08-09T16:50:09.034+08:00 level=DEBUG msg="discovery: skipping unreachable socket" socket=/tmp/tmux-501/ta-2183ff26eaba err="query tmux on /tmp/tmux-501/ta-2183ff26eaba: exit status 1: no server running on /tmp/tmux-501/ta-2183ff26eaba"
time=2026-08-09T16:50:09.045+08:00 level=DEBUG msg="discovery: skipping unreachable socket" socket=/tmp/tmux-501/ta-27ae35442db0 err="query tmux on /tmp/tmux-501/ta-27ae35442db0: exit status 1: no server running on /tmp/tmux-501/ta-27ae35442db0"
time=2026-08-09T16:50:09.056+08:00 level=DEBUG msg="discovery: skipping unreachable socket" socket=/tmp/tmux-501/ta-29ad6c433fb0 err="query tmux on /tmp/tmux-501/ta-29ad6c433fb0: exit status 1: no server running on /tmp/tmux-501/ta-29ad6c433fb0"
time=2026-08-09T16:50:09.062+08:00 level=DEBUG msg="discovery: skipping unreachable socket" socket=/tmp/tmux-501/ta-2b2b0f6042c3 err="query tmux on /tmp/tmux-501/ta-2b2b0f6042c3: exit status 1: no server running on /tmp/tmux-501/ta-2b2b0f6042c3"
time=2026-08-09T16:50:09.067+08:00 level=DEBUG msg="discovery: skipping unreachable socket" socket=/tmp/tmux-501/ta-2d881fc24979 err="query tmux on /tmp/tmux-501/ta-2d881fc24979: exit status 1: no server running on /tmp/tmux-501/ta-2d881fc24979"
time=2026-08-09T16:50:09.072+08:00 level=DEBUG msg="discovery: skipping unreachable socket" socket=/tmp/tmux-501/ta-3511002e6186 err="query tmux on /tmp/tmux-501/ta-3511002e6186: exit status 1: no server running on /tmp/tmux-501/ta-3511002e6186"
time=2026-08-09T16:50:09.095+08:00 level=DEBUG msg="discovery: skipping unreachable socket" socket=/tmp/tmux-501/ta-670fcfc61db1 err="query tmux on /tmp/tmux-501/ta-670fcfc61db1: exit status 1: no server running on /tmp/tmux-501/ta-670fcfc61db1"
time=2026-08-09T16:50:09.101+08:00 level=DEBUG msg="discovery: skipping unreachable socket" socket=/tmp/tmux-501/ta-714648f68f78 err="query tmux on /tmp/tmux-501/ta-714648f68f78: exit status 1: no server running on /tmp/tmux-501/ta-714648f68f78"
time=2026-08-09T16:50:09.106+08:00 level=DEBUG msg="discovery: skipping unreachable socket" socket=/tmp/tmux-501/ta-76d99a0fb54d err="query tmux on /tmp/tmux-501/ta-76d99a0fb54d: exit status 1: no server running on /tmp/tmux-501/ta-76d99a0fb54d"
time=2026-08-09T16:50:09.111+08:00 level=DEBUG msg="discovery: skipping unreachable socket" socket=/tmp/tmux-501/ta-7cf3455fc7ef err="query tmux on /tmp/tmux-501/ta-7cf3455fc7ef: exit status 1: no server running on /tmp/tmux-501/ta-7cf3455fc7ef"
time=2026-08-09T16:50:09.117+08:00 level=DEBUG msg="discovery: skipping unreachable socket" socket=/tmp/tmux-501/ta-8f9301481b91 err="query tmux on /tmp/tmux-501/ta-8f9301481b91: exit status 1: no server running on /tmp/tmux-501/ta-8f9301481b91"
time=2026-08-09T16:50:09.122+08:00 level=DEBUG msg="discovery: skipping unreachable socket" socket=/tmp/tmux-501/ta-9f7ab2efc12e err="query tmux on /tmp/tmux-501/ta-9f7ab2efc12e: exit status 1: no server running on /tmp/tmux-501/ta-9f7ab2efc12e"
time=2026-08-09T16:50:09.127+08:00 level=DEBUG msg="discovery: skipping unreachable socket" socket=/tmp/tmux-501/ta-a389ed2be6d0 err="query tmux on /tmp/tmux-501/ta-a389ed2be6d0: exit status 1: no server running on /tmp/tmux-501/ta-a389ed2be6d0"
time=2026-08-09T16:50:09.155+08:00 level=DEBUG msg="discovery: skipping unreachable socket" socket=/tmp/tmux-501/ta-d596a9f9a2a6 err="query tmux on /tmp/tmux-501/ta-d596a9f9a2a6: exit status 1: no server running on /tmp/tmux-501/ta-d596a9f9a2a6"
time=2026-08-09T16:50:09.160+08:00 level=DEBUG msg="discovery: skipping unreachable socket" socket=/tmp/tmux-501/ta-d9dc8c25f425 err="query tmux on /tmp/tmux-501/ta-d9dc8c25f425: exit status 1: no server running on /tmp/tmux-501/ta-d9dc8c25f425"
time=2026-08-09T16:50:09.165+08:00 level=DEBUG msg="discovery: skipping unreachable socket" socket=/tmp/tmux-501/ta-e4fe872351d8 err="query tmux on /tmp/tmux-501/ta-e4fe872351d8: exit status 1: no server running on /tmp/tmux-501/ta-e4fe872351d8"
time=2026-08-09T16:50:09.170+08:00 level=DEBUG msg="discovery: skipping unreachable socket" socket=/tmp/tmux-501/ta-e94aa181e16c err="query tmux on /tmp/tmux-501/ta-e94aa181e16c: exit status 1: no server running on /tmp/tmux-501/ta-e94aa181e16c"
time=2026-08-09T16:50:09.175+08:00 level=DEBUG msg="discovery: skipping unreachable socket" socket=/tmp/tmux-501/ta-ebf95952bfe3 err="query tmux on /tmp/tmux-501/ta-ebf95952bfe3: exit status 1: no server running on /tmp/tmux-501/ta-ebf95952bfe3"
time=2026-08-09T16:50:09.181+08:00 level=DEBUG msg="discovery: skipping unreachable socket" socket=/tmp/tmux-501/ta-fa2252466833 err="query tmux on /tmp/tmux-501/ta-fa2252466833: exit status 1: no server running on /tmp/tmux-501/ta-fa2252466833"
time=2026-08-09T16:50:09.181+08:00 level=DEBUG msg="listing: no changes"
time=2026-08-09T16:50:09.682+08:00 level=DEBUG msg="discovery: skipping socket directory" dir=/tmp/e2e-l2.KhUMRL/tmux/tmux-501 err="open /tmp/e2e-l2.KhUMRL/tmux/tmux-501: no such file or directory"
time=2026-08-09T16:50:09.699+08:00 level=DEBUG msg="discovery: skipping unreachable socket" socket=/tmp/tmux-501/ta-0da65bceb372 err="query tmux on /tmp/tmux-501/ta-0da65bceb372: exit status 1: no server running on /tmp/tmux-501/ta-0da65bceb372"
time=2026-08-09T16:50:09.704+08:00 level=DEBUG msg="discovery: skipping unreachable socket" socket=/tmp/tmux-501/ta-192b3d7a4b4d err="query tmux on /tmp/tmux-501/ta-192b3d7a4b4d: exit status 1: no server running on /tmp/tmux-501/ta-192b3d7a4b4d"
time=2026-08-09T16:50:09.709+08:00 level=DEBUG msg="discovery: skipping unreachable socket" socket=/tmp/tmux-501/ta-19bab105a233 err="query tmux on /tmp/tmux-501/ta-19bab105a233: exit status 1: no server running on /tmp/tmux-501/ta-19bab105a233"
time=2026-08-09T16:50:09.714+08:00 level=DEBUG msg="discovery: skipping unreachable socket" socket=/tmp/tmux-501/ta-2183ff26eaba err="query tmux on /tmp/tmux-501/ta-2183ff26eaba: exit status 1: no server running on /tmp/tmux-501/ta-2183ff26eaba"
time=2026-08-09T16:50:09.724+08:00 level=DEBUG msg="discovery: skipping unreachable socket" socket=/tmp/tmux-501/ta-27ae35442db0 err="query tmux on /tmp/tmux-501/ta-27ae35442db0: exit status 1: no server running on /tmp/tmux-501/ta-27ae35442db0"
time=2026-08-09T16:50:09.734+08:00 level=DEBUG msg="discovery: skipping unreachable socket" socket=/tmp/tmux-501/ta-29ad6c433fb0 err="query tmux on /tmp/tmux-501/ta-29ad6c433fb0: exit status 1: no server running on /tmp/tmux-501/ta-29ad6c433fb0"
time=2026-08-09T16:50:09.739+08:00 level=DEBUG msg="discovery: skipping unreachable socket" socket=/tmp/tmux-501/ta-2b2b0f6042c3 err="query tmux on /tmp/tmux-501/ta-2b2b0f6042c3: exit status 1: no server running on /tmp/tmux-501/ta-2b2b0f6042c3"
time=2026-08-09T16:50:09.745+08:00 level=DEBUG msg="discovery: skipping unreachable socket" socket=/tmp/tmux-501/ta-2d881fc24979 err="query tmux on /tmp/tmux-501/ta-2d881fc24979: exit status 1: no server running on /tmp/tmux-501/ta-2d881fc24979"
time=2026-08-09T16:50:09.750+08:00 level=DEBUG msg="discovery: skipping unreachable socket" socket=/tmp/tmux-501/ta-3511002e6186 err="query tmux on /tmp/tmux-501/ta-3511002e6186: exit status 1: no server running on /tmp/tmux-501/ta-3511002e6186"
time=2026-08-09T16:50:09.755+08:00 level=DEBUG msg="discovery: skipping unreachable socket" socket=/tmp/tmux-501/ta-3aff746505e7 err="query tmux on /tmp/tmux-501/ta-3aff746505e7: exit status 1: no server running on /tmp/tmux-501/ta-3aff746505e7"
time=2026-08-09T16:50:09.779+08:00 level=DEBUG msg="discovery: skipping unreachable socket" socket=/tmp/tmux-501/ta-670fcfc61db1 err="query tmux on /tmp/tmux-501/ta-670fcfc61db1: exit status 1: no server running on /tmp/tmux-501/ta-670fcfc61db1"
time=2026-08-09T16:50:09.784+08:00 level=DEBUG msg="discovery: skipping unreachable socket" socket=/tmp/tmux-501/ta-714648f68f78 err="query tmux on /tmp/tmux-501/ta-714648f68f78: exit status 1: no server running on /tmp/tmux-501/ta-714648f68f78"
time=2026-08-09T16:50:09.790+08:00 level=DEBUG msg="discovery: skipping unreachable socket" socket=/tmp/tmux-501/ta-76d99a0fb54d err="query tmux on /tmp/tmux-501/ta-76d99a0fb54d: exit status 1: no server running on /tmp/tmux-501/ta-76d99a0fb54d"
time=2026-08-09T16:50:09.795+08:00 level=DEBUG msg="discovery: skipping unreachable socket" socket=/tmp/tmux-501/ta-7cf3455fc7ef err="query tmux on /tmp/tmux-501/ta-7cf3455fc7ef: exit status 1: no server running on /tmp/tmux-501/ta-7cf3455fc7ef"
time=2026-08-09T16:50:09.801+08:00 level=DEBUG msg="discovery: skipping unreachable socket" socket=/tmp/tmux-501/ta-8f9301481b91 err="query tmux on /tmp/tmux-501/ta-8f9301481b91: exit status 1: no server running on /tmp/tmux-501/ta-8f9301481b91"
time=2026-08-09T16:50:09.806+08:00 level=DEBUG msg="discovery: skipping unreachable socket" socket=/tmp/tmux-501/ta-9f7ab2efc12e err="query tmux on /tmp/tmux-501/ta-9f7ab2efc12e: exit status 1: no server running on /tmp/tmux-501/ta-9f7ab2efc12e"
time=2026-08-09T16:50:09.812+08:00 level=DEBUG msg="discovery: skipping unreachable socket" socket=/tmp/tmux-501/ta-a389ed2be6d0 err="query tmux on /tmp/tmux-501/ta-a389ed2be6d0: exit status 1: no server running on /tmp/tmux-501/ta-a389ed2be6d0"
time=2026-08-09T16:50:09.839+08:00 level=DEBUG msg="discovery: skipping unreachable socket" socket=/tmp/tmux-501/ta-d596a9f9a2a6 err="query tmux on /tmp/tmux-501/ta-d596a9f9a2a6: exit status 1: no server running on /tmp/tmux-501/ta-d596a9f9a2a6"
time=2026-08-09T16:50:09.845+08:00 level=DEBUG msg="discovery: skipping unreachable socket" socket=/tmp/tmux-501/ta-d9dc8c25f425 err="query tmux on /tmp/tmux-501/ta-d9dc8c25f425: exit status 1: no server running on /tmp/tmux-501/ta-d9dc8c25f425"
time=2026-08-09T16:50:09.851+08:00 level=DEBUG msg="discovery: skipping unreachable socket" socket=/tmp/tmux-501/ta-e4fe872351d8 err="query tmux on /tmp/tmux-501/ta-e4fe872351d8: exit status 1: no server running on /tmp/tmux-501/ta-e4fe872351d8"
time=2026-08-09T16:50:09.856+08:00 level=DEBUG msg="discovery: skipping unreachable socket" socket=/tmp/tmux-501/ta-e94aa181e16c err="query tmux on /tmp/tmux-501/ta-e94aa181e16c: exit status 1: no server running on /tmp/tmux-501/ta-e94aa181e16c"
time=2026-08-09T16:50:09.863+08:00 level=DEBUG msg="discovery: skipping unreachable socket" socket=/tmp/tmux-501/ta-ebf95952bfe3 err="query tmux on /tmp/tmux-501/ta-ebf95952bfe3: exit status 1: no server running on /tmp/tmux-501/ta-ebf95952bfe3"
time=2026-08-09T16:50:09.868+08:00 level=DEBUG msg="discovery: skipping unreachable socket" socket=/tmp/tmux-501/ta-fa2252466833 err="query tmux on /tmp/tmux-501/ta-fa2252466833: exit status 1: no server running on /tmp/tmux-501/ta-fa2252466833"
time=2026-08-09T16:50:10.370+08:00 level=DEBUG msg="discovery: skipping socket directory" dir=/tmp/e2e-l2.KhUMRL/tmux/tmux-501 err="open /tmp/e2e-l2.KhUMRL/tmux/tmux-501: no such file or directory"
time=2026-08-09T16:50:10.391+08:00 level=DEBUG msg="discovery: skipping unreachable socket" socket=/tmp/tmux-501/ta-0da65bceb372 err="query tmux on /tmp/tmux-501/ta-0da65bceb372: exit status 1: no server running on /tmp/tmux-501/ta-0da65bceb372"
time=2026-08-09T16:50:10.397+08:00 level=DEBUG msg="discovery: skipping unreachable socket" socket=/tmp/tmux-501/ta-192b3d7a4b4d err="query tmux on /tmp/tmux-501/ta-192b3d7a4b4d: exit status 1: no server running on /tmp/tmux-501/ta-192b3d7a4b4d"
time=2026-08-09T16:50:10.403+08:00 level=DEBUG msg="discovery: skipping unreachable socket" socket=/tmp/tmux-501/ta-19bab105a233 err="query tmux on /tmp/tmux-501/ta-19bab105a233: exit status 1: no server running on /tmp/tmux-501/ta-19bab105a233"
time=2026-08-09T16:50:10.409+08:00 level=DEBUG msg="discovery: skipping unreachable socket" socket=/tmp/tmux-501/ta-2183ff26eaba err="query tmux on /tmp/tmux-501/ta-2183ff26eaba: exit status 1: no server running on /tmp/tmux-501/ta-2183ff26eaba"
time=2026-08-09T16:50:10.420+08:00 level=DEBUG msg="discovery: skipping unreachable socket" socket=/tmp/tmux-501/ta-27ae35442db0 err="query tmux on /tmp/tmux-501/ta-27ae35442db0: exit status 1: no server running on /tmp/tmux-501/ta-27ae35442db0"
time=2026-08-09T16:50:10.431+08:00 level=DEBUG msg="discovery: skipping unreachable socket" socket=/tmp/tmux-501/ta-29ad6c433fb0 err="query tmux on /tmp/tmux-501/ta-29ad6c433fb0: exit status 1: no server running on /tmp/tmux-501/ta-29ad6c433fb0"
time=2026-08-09T16:50:10.437+08:00 level=DEBUG msg="discovery: skipping unreachable socket" socket=/tmp/tmux-501/ta-2b2b0f6042c3 err="query tmux on /tmp/tmux-501/ta-2b2b0f6042c3: exit status 1: no server running on /tmp/tmux-501/ta-2b2b0f6042c3"
time=2026-08-09T16:50:10.443+08:00 level=DEBUG msg="discovery: skipping unreachable socket" socket=/tmp/tmux-501/ta-2d881fc24979 err="query tmux on /tmp/tmux-501/ta-2d881fc24979: exit status 1: no server running on /tmp/tmux-501/ta-2d881fc24979"
time=2026-08-09T16:50:10.449+08:00 level=DEBUG msg="discovery: skipping unreachable socket" socket=/tmp/tmux-501/ta-3511002e6186 err="query tmux on /tmp/tmux-501/ta-3511002e6186: exit status 1: no server running on /tmp/tmux-501/ta-3511002e6186"
time=2026-08-09T16:50:10.454+08:00 level=DEBUG msg="discovery: skipping unreachable socket" socket=/tmp/tmux-501/ta-3aff746505e7 err="query tmux on /tmp/tmux-501/ta-3aff746505e7: exit status 1: no server running on /tmp/tmux-501/ta-3aff746505e7"
time=2026-08-09T16:50:10.480+08:00 level=DEBUG msg="discovery: skipping unreachable socket" socket=/tmp/tmux-501/ta-670fcfc61db1 err="query tmux on /tmp/tmux-501/ta-670fcfc61db1: exit status 1: no server running on /tmp/tmux-501/ta-670fcfc61db1"
time=2026-08-09T16:50:10.486+08:00 level=DEBUG msg="discovery: skipping unreachable socket" socket=/tmp/tmux-501/ta-714648f68f78 err="query tmux on /tmp/tmux-501/ta-714648f68f78: exit status 1: no server running on /tmp/tmux-501/ta-714648f68f78"
time=2026-08-09T16:50:10.492+08:00 level=DEBUG msg="discovery: skipping unreachable socket" socket=/tmp/tmux-501/ta-76d99a0fb54d err="query tmux on /tmp/tmux-501/ta-76d99a0fb54d: exit status 1: no server running on /tmp/tmux-501/ta-76d99a0fb54d"
time=2026-08-09T16:50:10.499+08:00 level=DEBUG msg="discovery: skipping unreachable socket" socket=/tmp/tmux-501/ta-7cf3455fc7ef err="query tmux on /tmp/tmux-501/ta-7cf3455fc7ef: exit status 1: no server running on /tmp/tmux-501/ta-7cf3455fc7ef"
time=2026-08-09T16:50:10.505+08:00 level=DEBUG msg="discovery: skipping unreachable socket" socket=/tmp/tmux-501/ta-8f9301481b91 err="query tmux on /tmp/tmux-501/ta-8f9301481b91: exit status 1: no server running on /tmp/tmux-501/ta-8f9301481b91"
time=2026-08-09T16:50:10.510+08:00 level=DEBUG msg="discovery: skipping unreachable socket" socket=/tmp/tmux-501/ta-9f7ab2efc12e err="query tmux on /tmp/tmux-501/ta-9f7ab2efc12e: exit status 1: no server running on /tmp/tmux-501/ta-9f7ab2efc12e"
time=2026-08-09T16:50:10.517+08:00 level=DEBUG msg="discovery: skipping unreachable socket" socket=/tmp/tmux-501/ta-a389ed2be6d0 err="query tmux on /tmp/tmux-501/ta-a389ed2be6d0: exit status 1: no server running on /tmp/tmux-501/ta-a389ed2be6d0"
time=2026-08-09T16:50:10.549+08:00 level=DEBUG msg="discovery: skipping unreachable socket" socket=/tmp/tmux-501/ta-d596a9f9a2a6 err="query tmux on /tmp/tmux-501/ta-d596a9f9a2a6: exit status 1: no server running on /tmp/tmux-501/ta-d596a9f9a2a6"
time=2026-08-09T16:50:10.555+08:00 level=DEBUG msg="discovery: skipping unreachable socket" socket=/tmp/tmux-501/ta-d9dc8c25f425 err="query tmux on /tmp/tmux-501/ta-d9dc8c25f425: exit status 1: no server running on /tmp/tmux-501/ta-d9dc8c25f425"
time=2026-08-09T16:50:10.561+08:00 level=DEBUG msg="discovery: skipping unreachable socket" socket=/tmp/tmux-501/ta-e4fe872351d8 err="query tmux on /tmp/tmux-501/ta-e4fe872351d8: exit status 1: no server running on /tmp/tmux-501/ta-e4fe872351d8"
time=2026-08-09T16:50:10.568+08:00 level=DEBUG msg="discovery: skipping unreachable socket" socket=/tmp/tmux-501/ta-e94aa181e16c err="query tmux on /tmp/tmux-501/ta-e94aa181e16c: exit status 1: no server running on /tmp/tmux-501/ta-e94aa181e16c"
time=2026-08-09T16:50:10.575+08:00 level=DEBUG msg="discovery: skipping unreachable socket" socket=/tmp/tmux-501/ta-ebf95952bfe3 err="query tmux on /tmp/tmux-501/ta-ebf95952bfe3: exit status 1: no server running on /tmp/tmux-501/ta-ebf95952bfe3"
time=2026-08-09T16:50:10.581+08:00 level=DEBUG msg="discovery: skipping unreachable socket" socket=/tmp/tmux-501/ta-fa2252466833 err="query tmux on /tmp/tmux-501/ta-fa2252466833: exit status 1: no server running on /tmp/tmux-501/ta-fa2252466833"
time=2026-08-09T16:50:11.082+08:00 level=DEBUG msg="discovery: skipping socket directory" dir=/tmp/e2e-l2.KhUMRL/tmux/tmux-501 err="open /tmp/e2e-l2.KhUMRL/tmux/tmux-501: no such file or directory"
time=2026-08-09T16:50:11.101+08:00 level=DEBUG msg="discovery: skipping unreachable socket" socket=/tmp/tmux-501/ta-0da65bceb372 err="query tmux on /tmp/tmux-501/ta-0da65bceb372: exit status 1: no server running on /tmp/tmux-501/ta-0da65bceb372"
time=2026-08-09T16:50:11.114+08:00 level=DEBUG msg="discovery: skipping unreachable socket" socket=/tmp/tmux-501/ta-192b3d7a4b4d err="query tmux on /tmp/tmux-501/ta-192b3d7a4b4d: exit status 1: no server running on /tmp/tmux-501/ta-192b3d7a4b4d"
time=2026-08-09T16:50:11.126+08:00 level=DEBUG msg="discovery: skipping unreachable socket" socket=/tmp/tmux-501/ta-19bab105a233 err="query tmux on /tmp/tmux-501/ta-19bab105a233: exit status 1: no server running on /tmp/tmux-501/ta-19bab105a233"
time=2026-08-09T16:50:11.138+08:00 level=DEBUG msg="discovery: skipping unreachable socket" socket=/tmp/tmux-501/ta-2183ff26eaba err="query tmux on /tmp/tmux-501/ta-2183ff26eaba: exit status 1: no server running on /tmp/tmux-501/ta-2183ff26eaba"
time=2026-08-09T16:50:11.153+08:00 level=DEBUG msg="discovery: skipping unreachable socket" socket=/tmp/tmux-501/ta-27ae35442db0 err="query tmux on /tmp/tmux-501/ta-27ae35442db0: exit status 1: no server running on /tmp/tmux-501/ta-27ae35442db0"
time=2026-08-09T16:50:11.168+08:00 level=DEBUG msg="discovery: skipping unreachable socket" socket=/tmp/tmux-501/ta-29ad6c433fb0 err="query tmux on /tmp/tmux-501/ta-29ad6c433fb0: exit status 1: no server running on /tmp/tmux-501/ta-29ad6c433fb0"
time=2026-08-09T16:50:11.173+08:00 level=DEBUG msg="discovery: skipping unreachable socket" socket=/tmp/tmux-501/ta-2b2b0f6042c3 err="query tmux on /tmp/tmux-501/ta-2b2b0f6042c3: exit status 1: no server running on /tmp/tmux-501/ta-2b2b0f6042c3"
time=2026-08-09T16:50:11.180+08:00 level=DEBUG msg="discovery: skipping unreachable socket" socket=/tmp/tmux-501/ta-2d881fc24979 err="query tmux on /tmp/tmux-501/ta-2d881fc24979: exit status 1: no server running on /tmp/tmux-501/ta-2d881fc24979"
time=2026-08-09T16:50:11.186+08:00 level=DEBUG msg="discovery: skipping unreachable socket" socket=/tmp/tmux-501/ta-3511002e6186 err="query tmux on /tmp/tmux-501/ta-3511002e6186: exit status 1: no server running on /tmp/tmux-501/ta-3511002e6186"
time=2026-08-09T16:50:11.211+08:00 level=DEBUG msg="discovery: skipping unreachable socket" socket=/tmp/tmux-501/ta-670fcfc61db1 err="query tmux on /tmp/tmux-501/ta-670fcfc61db1: exit status 1: no server running on /tmp/tmux-501/ta-670fcfc61db1"
time=2026-08-09T16:50:11.216+08:00 level=DEBUG msg="discovery: skipping unreachable socket" socket=/tmp/tmux-501/ta-714648f68f78 err="query tmux on /tmp/tmux-501/ta-714648f68f78: exit status 1: no server running on /tmp/tmux-501/ta-714648f68f78"
time=2026-08-09T16:50:11.221+08:00 level=DEBUG msg="discovery: skipping unreachable socket" socket=/tmp/tmux-501/ta-76d99a0fb54d err="query tmux on /tmp/tmux-501/ta-76d99a0fb54d: exit status 1: no server running on /tmp/tmux-501/ta-76d99a0fb54d"
time=2026-08-09T16:50:11.227+08:00 level=DEBUG msg="discovery: skipping unreachable socket" socket=/tmp/tmux-501/ta-7cf3455fc7ef err="query tmux on /tmp/tmux-501/ta-7cf3455fc7ef: exit status 1: no server running on /tmp/tmux-501/ta-7cf3455fc7ef"
time=2026-08-09T16:50:11.232+08:00 level=DEBUG msg="discovery: skipping unreachable socket" socket=/tmp/tmux-501/ta-8f9301481b91 err="query tmux on /tmp/tmux-501/ta-8f9301481b91: exit status 1: no server running on /tmp/tmux-501/ta-8f9301481b91"
time=2026-08-09T16:50:11.238+08:00 level=DEBUG msg="discovery: skipping unreachable socket" socket=/tmp/tmux-501/ta-9f7ab2efc12e err="query tmux on /tmp/tmux-501/ta-9f7ab2efc12e: exit status 1: no server running on /tmp/tmux-501/ta-9f7ab2efc12e"
time=2026-08-09T16:50:11.243+08:00 level=DEBUG msg="discovery: skipping unreachable socket" socket=/tmp/tmux-501/ta-a389ed2be6d0 err="query tmux on /tmp/tmux-501/ta-a389ed2be6d0: exit status 1: no server running on /tmp/tmux-501/ta-a389ed2be6d0"
time=2026-08-09T16:50:11.262+08:00 level=DEBUG msg="discovery: skipping unreachable socket" socket=/tmp/tmux-501/ta-b2dfd6581a40 err="query tmux on /tmp/tmux-501/ta-b2dfd6581a40: exit status 1: no server running on /tmp/tmux-501/ta-b2dfd6581a40"
time=2026-08-09T16:50:11.273+08:00 level=DEBUG msg="discovery: skipping unreachable socket" socket=/tmp/tmux-501/ta-d596a9f9a2a6 err="query tmux on /tmp/tmux-501/ta-d596a9f9a2a6: exit status 1: no server running on /tmp/tmux-501/ta-d596a9f9a2a6"
time=2026-08-09T16:50:11.279+08:00 level=DEBUG msg="discovery: skipping unreachable socket" socket=/tmp/tmux-501/ta-d9dc8c25f425 err="query tmux on /tmp/tmux-501/ta-d9dc8c25f425: exit status 1: no server running on /tmp/tmux-501/ta-d9dc8c25f425"
time=2026-08-09T16:50:11.284+08:00 level=DEBUG msg="discovery: skipping unreachable socket" socket=/tmp/tmux-501/ta-e4fe872351d8 err="query tmux on /tmp/tmux-501/ta-e4fe872351d8: exit status 1: no server running on /tmp/tmux-501/ta-e4fe872351d8"
time=2026-08-09T16:50:11.289+08:00 level=DEBUG msg="discovery: skipping unreachable socket" socket=/tmp/tmux-501/ta-e94aa181e16c err="query tmux on /tmp/tmux-501/ta-e94aa181e16c: exit status 1: no server running on /tmp/tmux-501/ta-e94aa181e16c"
time=2026-08-09T16:50:11.295+08:00 level=DEBUG msg="discovery: skipping unreachable socket" socket=/tmp/tmux-501/ta-ebf95952bfe3 err="query tmux on /tmp/tmux-501/ta-ebf95952bfe3: exit status 1: no server running on /tmp/tmux-501/ta-ebf95952bfe3"
time=2026-08-09T16:50:11.301+08:00 level=DEBUG msg="discovery: skipping unreachable socket" socket=/tmp/tmux-501/ta-fa2252466833 err="query tmux on /tmp/tmux-501/ta-fa2252466833: exit status 1: no server running on /tmp/tmux-501/ta-fa2252466833"
time=2026-08-09T16:50:11.802+08:00 level=DEBUG msg="discovery: skipping socket directory" dir=/tmp/e2e-l2.KhUMRL/tmux/tmux-501 err="open /tmp/e2e-l2.KhUMRL/tmux/tmux-501: no such file or directory"
time=2026-08-09T16:50:11.820+08:00 level=DEBUG msg="discovery: skipping unreachable socket" socket=/tmp/tmux-501/ta-0da65bceb372 err="query tmux on /tmp/tmux-501/ta-0da65bceb372: exit status 1: no server running on /tmp/tmux-501/ta-0da65bceb372"
time=2026-08-09T16:50:11.826+08:00 level=DEBUG msg="discovery: skipping unreachable socket" socket=/tmp/tmux-501/ta-192b3d7a4b4d err="query tmux on /tmp/tmux-501/ta-192b3d7a4b4d: exit status 1: no server running on /tmp/tmux-501/ta-192b3d7a4b4d"
time=2026-08-09T16:50:11.831+08:00 level=DEBUG msg="discovery: skipping unreachable socket" socket=/tmp/tmux-501/ta-19bab105a233 err="query tmux on /tmp/tmux-501/ta-19bab105a233: exit status 1: no server running on /tmp/tmux-501/ta-19bab105a233"
time=2026-08-09T16:50:11.836+08:00 level=DEBUG msg="discovery: skipping unreachable socket" socket=/tmp/tmux-501/ta-2183ff26eaba err="query tmux on /tmp/tmux-501/ta-2183ff26eaba: exit status 1: no server running on /tmp/tmux-501/ta-2183ff26eaba"
time=2026-08-09T16:50:11.848+08:00 level=DEBUG msg="discovery: skipping unreachable socket" socket=/tmp/tmux-501/ta-27ae35442db0 err="query tmux on /tmp/tmux-501/ta-27ae35442db0: exit status 1: no server running on /tmp/tmux-501/ta-27ae35442db0"
time=2026-08-09T16:50:11.859+08:00 level=DEBUG msg="discovery: skipping unreachable socket" socket=/tmp/tmux-501/ta-29ad6c433fb0 err="query tmux on /tmp/tmux-501/ta-29ad6c433fb0: exit status 1: no server running on /tmp/tmux-501/ta-29ad6c433fb0"
time=2026-08-09T16:50:11.864+08:00 level=DEBUG msg="discovery: skipping unreachable socket" socket=/tmp/tmux-501/ta-2b2b0f6042c3 err="query tmux on /tmp/tmux-501/ta-2b2b0f6042c3: exit status 1: no server running on /tmp/tmux-501/ta-2b2b0f6042c3"
time=2026-08-09T16:50:11.869+08:00 level=DEBUG msg="discovery: skipping unreachable socket" socket=/tmp/tmux-501/ta-2d881fc24979 err="query tmux on /tmp/tmux-501/ta-2d881fc24979: exit status 1: no server running on /tmp/tmux-501/ta-2d881fc24979"
time=2026-08-09T16:50:11.875+08:00 level=DEBUG msg="discovery: skipping unreachable socket" socket=/tmp/tmux-501/ta-3511002e6186 err="query tmux on /tmp/tmux-501/ta-3511002e6186: exit status 1: no server running on /tmp/tmux-501/ta-3511002e6186"
time=2026-08-09T16:50:11.897+08:00 level=DEBUG msg="discovery: skipping unreachable socket" socket=/tmp/tmux-501/ta-670fcfc61db1 err="query tmux on /tmp/tmux-501/ta-670fcfc61db1: exit status 1: no server running on /tmp/tmux-501/ta-670fcfc61db1"
time=2026-08-09T16:50:11.903+08:00 level=DEBUG msg="discovery: skipping unreachable socket" socket=/tmp/tmux-501/ta-714648f68f78 err="query tmux on /tmp/tmux-501/ta-714648f68f78: exit status 1: no server running on /tmp/tmux-501/ta-714648f68f78"
time=2026-08-09T16:50:11.908+08:00 level=DEBUG msg="discovery: skipping unreachable socket" socket=/tmp/tmux-501/ta-76d99a0fb54d err="query tmux on /tmp/tmux-501/ta-76d99a0fb54d: exit status 1: no server running on /tmp/tmux-501/ta-76d99a0fb54d"
time=2026-08-09T16:50:11.913+08:00 level=DEBUG msg="discovery: skipping unreachable socket" socket=/tmp/tmux-501/ta-7cf3455fc7ef err="query tmux on /tmp/tmux-501/ta-7cf3455fc7ef: exit status 1: no server running on /tmp/tmux-501/ta-7cf3455fc7ef"
time=2026-08-09T16:50:11.918+08:00 level=DEBUG msg="discovery: skipping unreachable socket" socket=/tmp/tmux-501/ta-8f9301481b91 err="query tmux on /tmp/tmux-501/ta-8f9301481b91: exit status 1: no server running on /tmp/tmux-501/ta-8f9301481b91"
time=2026-08-09T16:50:11.929+08:00 level=DEBUG msg="discovery: skipping unreachable socket" socket=/tmp/tmux-501/ta-9f7ab2efc12e err="query tmux on /tmp/tmux-501/ta-9f7ab2efc12e: exit status 1: no server running on /tmp/tmux-501/ta-9f7ab2efc12e"
time=2026-08-09T16:50:11.934+08:00 level=DEBUG msg="discovery: skipping unreachable socket" socket=/tmp/tmux-501/ta-a389ed2be6d0 err="query tmux on /tmp/tmux-501/ta-a389ed2be6d0: exit status 1: no server running on /tmp/tmux-501/ta-a389ed2be6d0"
time=2026-08-09T16:50:11.951+08:00 level=DEBUG msg="discovery: skipping unreachable socket" socket=/tmp/tmux-501/ta-b2dfd6581a40 err="query tmux on /tmp/tmux-501/ta-b2dfd6581a40: exit status 1: no server running on /tmp/tmux-501/ta-b2dfd6581a40"
time=2026-08-09T16:50:11.962+08:00 level=DEBUG msg="discovery: skipping unreachable socket" socket=/tmp/tmux-501/ta-d596a9f9a2a6 err="query tmux on /tmp/tmux-501/ta-d596a9f9a2a6: exit status 1: no server running on /tmp/tmux-501/ta-d596a9f9a2a6"
time=2026-08-09T16:50:11.972+08:00 level=DEBUG msg="discovery: skipping unreachable socket" socket=/tmp/tmux-501/ta-d9dc8c25f425 err="query tmux on /tmp/tmux-501/ta-d9dc8c25f425: exit status 1: no server running on /tmp/tmux-501/ta-d9dc8c25f425"
time=2026-08-09T16:50:11.977+08:00 level=DEBUG msg="discovery: skipping unreachable socket" socket=/tmp/tmux-501/ta-e4fe872351d8 err="query tmux on /tmp/tmux-501/ta-e4fe872351d8: exit status 1: no server running on /tmp/tmux-501/ta-e4fe872351d8"
time=2026-08-09T16:50:11.982+08:00 level=DEBUG msg="discovery: skipping unreachable socket" socket=/tmp/tmux-501/ta-e94aa181e16c err="query tmux on /tmp/tmux-501/ta-e94aa181e16c: exit status 1: no server running on /tmp/tmux-501/ta-e94aa181e16c"
time=2026-08-09T16:50:11.988+08:00 level=DEBUG msg="discovery: skipping unreachable socket" socket=/tmp/tmux-501/ta-ebf95952bfe3 err="query tmux on /tmp/tmux-501/ta-ebf95952bfe3: exit status 1: no server running on /tmp/tmux-501/ta-ebf95952bfe3"
time=2026-08-09T16:50:11.993+08:00 level=DEBUG msg="discovery: skipping unreachable socket" socket=/tmp/tmux-501/ta-fa2252466833 err="query tmux on /tmp/tmux-501/ta-fa2252466833: exit status 1: no server running on /tmp/tmux-501/ta-fa2252466833"
time=2026-08-09T16:50:12.494+08:00 level=DEBUG msg="discovery: skipping socket directory" dir=/tmp/e2e-l2.KhUMRL/tmux/tmux-501 err="open /tmp/e2e-l2.KhUMRL/tmux/tmux-501: no such file or directory"
time=2026-08-09T16:50:12.512+08:00 level=DEBUG msg="discovery: skipping unreachable socket" socket=/tmp/tmux-501/ta-0da65bceb372 err="query tmux on /tmp/tmux-501/ta-0da65bceb372: exit status 1: no server running on /tmp/tmux-501/ta-0da65bceb372"
time=2026-08-09T16:50:12.517+08:00 level=DEBUG msg="discovery: skipping unreachable socket" socket=/tmp/tmux-501/ta-192b3d7a4b4d err="query tmux on /tmp/tmux-501/ta-192b3d7a4b4d: exit status 1: no server running on /tmp/tmux-501/ta-192b3d7a4b4d"
time=2026-08-09T16:50:12.523+08:00 level=DEBUG msg="discovery: skipping unreachable socket" socket=/tmp/tmux-501/ta-19bab105a233 err="query tmux on /tmp/tmux-501/ta-19bab105a233: exit status 1: no server running on /tmp/tmux-501/ta-19bab105a233"
time=2026-08-09T16:50:12.529+08:00 level=DEBUG msg="discovery: skipping unreachable socket" socket=/tmp/tmux-501/ta-2183ff26eaba err="query tmux on /tmp/tmux-501/ta-2183ff26eaba: exit status 1: no server running on /tmp/tmux-501/ta-2183ff26eaba"
time=2026-08-09T16:50:12.540+08:00 level=DEBUG msg="discovery: skipping unreachable socket" socket=/tmp/tmux-501/ta-27ae35442db0 err="query tmux on /tmp/tmux-501/ta-27ae35442db0: exit status 1: no server running on /tmp/tmux-501/ta-27ae35442db0"
time=2026-08-09T16:50:12.552+08:00 level=DEBUG msg="discovery: skipping unreachable socket" socket=/tmp/tmux-501/ta-29ad6c433fb0 err="query tmux on /tmp/tmux-501/ta-29ad6c433fb0: exit status 1: no server running on /tmp/tmux-501/ta-29ad6c433fb0"
time=2026-08-09T16:50:12.557+08:00 level=DEBUG msg="discovery: skipping unreachable socket" socket=/tmp/tmux-501/ta-2b2b0f6042c3 err="query tmux on /tmp/tmux-501/ta-2b2b0f6042c3: exit status 1: no server running on /tmp/tmux-501/ta-2b2b0f6042c3"
time=2026-08-09T16:50:12.563+08:00 level=DEBUG msg="discovery: skipping unreachable socket" socket=/tmp/tmux-501/ta-2d881fc24979 err="query tmux on /tmp/tmux-501/ta-2d881fc24979: exit status 1: no server running on /tmp/tmux-501/ta-2d881fc24979"
time=2026-08-09T16:50:12.569+08:00 level=DEBUG msg="discovery: skipping unreachable socket" socket=/tmp/tmux-501/ta-3511002e6186 err="query tmux on /tmp/tmux-501/ta-3511002e6186: exit status 1: no server running on /tmp/tmux-501/ta-3511002e6186"
time=2026-08-09T16:50:12.593+08:00 level=DEBUG msg="discovery: skipping unreachable socket" socket=/tmp/tmux-501/ta-670fcfc61db1 err="query tmux on /tmp/tmux-501/ta-670fcfc61db1: exit status 1: no server running on /tmp/tmux-501/ta-670fcfc61db1"
time=2026-08-09T16:50:12.599+08:00 level=DEBUG msg="discovery: skipping unreachable socket" socket=/tmp/tmux-501/ta-714648f68f78 err="query tmux on /tmp/tmux-501/ta-714648f68f78: exit status 1: no server running on /tmp/tmux-501/ta-714648f68f78"
time=2026-08-09T16:50:12.604+08:00 level=DEBUG msg="discovery: skipping unreachable socket" socket=/tmp/tmux-501/ta-76d99a0fb54d err="query tmux on /tmp/tmux-501/ta-76d99a0fb54d: exit status 1: no server running on /tmp/tmux-501/ta-76d99a0fb54d"
time=2026-08-09T16:50:12.609+08:00 level=DEBUG msg="discovery: skipping unreachable socket" socket=/tmp/tmux-501/ta-7cf3455fc7ef err="query tmux on /tmp/tmux-501/ta-7cf3455fc7ef: exit status 1: no server running on /tmp/tmux-501/ta-7cf3455fc7ef"
time=2026-08-09T16:50:12.615+08:00 level=DEBUG msg="discovery: skipping unreachable socket" socket=/tmp/tmux-501/ta-8f9301481b91 err="query tmux on /tmp/tmux-501/ta-8f9301481b91: exit status 1: no server running on /tmp/tmux-501/ta-8f9301481b91"
time=2026-08-09T16:50:12.633+08:00 level=DEBUG msg="discovery: skipping unreachable socket" socket=/tmp/tmux-501/ta-9f7ab2efc12e err="query tmux on /tmp/tmux-501/ta-9f7ab2efc12e: exit status 1: no server running on /tmp/tmux-501/ta-9f7ab2efc12e"
time=2026-08-09T16:50:12.638+08:00 level=DEBUG msg="discovery: skipping unreachable socket" socket=/tmp/tmux-501/ta-a389ed2be6d0 err="query tmux on /tmp/tmux-501/ta-a389ed2be6d0: exit status 1: no server running on /tmp/tmux-501/ta-a389ed2be6d0"
time=2026-08-09T16:50:12.669+08:00 level=DEBUG msg="discovery: skipping unreachable socket" socket=/tmp/tmux-501/ta-d596a9f9a2a6 err="query tmux on /tmp/tmux-501/ta-d596a9f9a2a6: exit status 1: no server running on /tmp/tmux-501/ta-d596a9f9a2a6"
time=2026-08-09T16:50:12.680+08:00 level=DEBUG msg="discovery: skipping unreachable socket" socket=/tmp/tmux-501/ta-d9dc8c25f425 err="query tmux on /tmp/tmux-501/ta-d9dc8c25f425: exit status 1: no server running on /tmp/tmux-501/ta-d9dc8c25f425"
time=2026-08-09T16:50:12.685+08:00 level=DEBUG msg="discovery: skipping unreachable socket" socket=/tmp/tmux-501/ta-e4fe872351d8 err="query tmux on /tmp/tmux-501/ta-e4fe872351d8: exit status 1: no server running on /tmp/tmux-501/ta-e4fe872351d8"
time=2026-08-09T16:50:12.691+08:00 level=DEBUG msg="discovery: skipping unreachable socket" socket=/tmp/tmux-501/ta-e94aa181e16c err="query tmux on /tmp/tmux-501/ta-e94aa181e16c: exit status 1: no server running on /tmp/tmux-501/ta-e94aa181e16c"
time=2026-08-09T16:50:12.696+08:00 level=DEBUG msg="discovery: skipping unreachable socket" socket=/tmp/tmux-501/ta-ebf95952bfe3 err="query tmux on /tmp/tmux-501/ta-ebf95952bfe3: exit status 1: no server running on /tmp/tmux-501/ta-ebf95952bfe3"
time=2026-08-09T16:50:12.702+08:00 level=DEBUG msg="discovery: skipping unreachable socket" socket=/tmp/tmux-501/ta-fa2252466833 err="query tmux on /tmp/tmux-501/ta-fa2252466833: exit status 1: no server running on /tmp/tmux-501/ta-fa2252466833"
time=2026-08-09T16:50:13.202+08:00 level=DEBUG msg="discovery: skipping socket directory" dir=/tmp/e2e-l2.KhUMRL/tmux/tmux-501 err="open /tmp/e2e-l2.KhUMRL/tmux/tmux-501: no such file or directory"
time=2026-08-09T16:50:13.220+08:00 level=DEBUG msg="discovery: skipping unreachable socket" socket=/tmp/tmux-501/ta-0da65bceb372 err="query tmux on /tmp/tmux-501/ta-0da65bceb372: exit status 1: no server running on /tmp/tmux-501/ta-0da65bceb372"
time=2026-08-09T16:50:13.232+08:00 level=DEBUG msg="discovery: skipping unreachable socket" socket=/tmp/tmux-501/ta-192b3d7a4b4d err="query tmux on /tmp/tmux-501/ta-192b3d7a4b4d: exit status 1: no server running on /tmp/tmux-501/ta-192b3d7a4b4d"
time=2026-08-09T16:50:13.237+08:00 level=DEBUG msg="discovery: skipping unreachable socket" socket=/tmp/tmux-501/ta-19bab105a233 err="query tmux on /tmp/tmux-501/ta-19bab105a233: exit status 1: no server running on /tmp/tmux-501/ta-19bab105a233"
time=2026-08-09T16:50:13.242+08:00 level=DEBUG msg="discovery: skipping unreachable socket" socket=/tmp/tmux-501/ta-2183ff26eaba err="query tmux on /tmp/tmux-501/ta-2183ff26eaba: exit status 1: no server running on /tmp/tmux-501/ta-2183ff26eaba"
time=2026-08-09T16:50:13.253+08:00 level=DEBUG msg="discovery: skipping unreachable socket" socket=/tmp/tmux-501/ta-27ae35442db0 err="query tmux on /tmp/tmux-501/ta-27ae35442db0: exit status 1: no server running on /tmp/tmux-501/ta-27ae35442db0"
time=2026-08-09T16:50:13.264+08:00 level=DEBUG msg="discovery: skipping unreachable socket" socket=/tmp/tmux-501/ta-29ad6c433fb0 err="query tmux on /tmp/tmux-501/ta-29ad6c433fb0: exit status 1: no server running on /tmp/tmux-501/ta-29ad6c433fb0"
time=2026-08-09T16:50:13.270+08:00 level=DEBUG msg="discovery: skipping unreachable socket" socket=/tmp/tmux-501/ta-2b2b0f6042c3 err="query tmux on /tmp/tmux-501/ta-2b2b0f6042c3: exit status 1: no server running on /tmp/tmux-501/ta-2b2b0f6042c3"
time=2026-08-09T16:50:13.275+08:00 level=DEBUG msg="discovery: skipping unreachable socket" socket=/tmp/tmux-501/ta-2d881fc24979 err="query tmux on /tmp/tmux-501/ta-2d881fc24979: exit status 1: no server running on /tmp/tmux-501/ta-2d881fc24979"
time=2026-08-09T16:50:13.280+08:00 level=DEBUG msg="discovery: skipping unreachable socket" socket=/tmp/tmux-501/ta-3511002e6186 err="query tmux on /tmp/tmux-501/ta-3511002e6186: exit status 1: no server running on /tmp/tmux-501/ta-3511002e6186"
time=2026-08-09T16:50:13.303+08:00 level=DEBUG msg="discovery: skipping unreachable socket" socket=/tmp/tmux-501/ta-670fcfc61db1 err="query tmux on /tmp/tmux-501/ta-670fcfc61db1: exit status 1: no server running on /tmp/tmux-501/ta-670fcfc61db1"
time=2026-08-09T16:50:13.308+08:00 level=DEBUG msg="discovery: skipping unreachable socket" socket=/tmp/tmux-501/ta-714648f68f78 err="query tmux on /tmp/tmux-501/ta-714648f68f78: exit status 1: no server running on /tmp/tmux-501/ta-714648f68f78"
time=2026-08-09T16:50:13.314+08:00 level=DEBUG msg="discovery: skipping unreachable socket" socket=/tmp/tmux-501/ta-76d99a0fb54d err="query tmux on /tmp/tmux-501/ta-76d99a0fb54d: exit status 1: no server running on /tmp/tmux-501/ta-76d99a0fb54d"
time=2026-08-09T16:50:13.319+08:00 level=DEBUG msg="discovery: skipping unreachable socket" socket=/tmp/tmux-501/ta-7cf3455fc7ef err="query tmux on /tmp/tmux-501/ta-7cf3455fc7ef: exit status 1: no server running on /tmp/tmux-501/ta-7cf3455fc7ef"
time=2026-08-09T16:50:13.325+08:00 level=DEBUG msg="discovery: skipping unreachable socket" socket=/tmp/tmux-501/ta-8f9301481b91 err="query tmux on /tmp/tmux-501/ta-8f9301481b91: exit status 1: no server running on /tmp/tmux-501/ta-8f9301481b91"
time=2026-08-09T16:50:13.344+08:00 level=DEBUG msg="discovery: skipping unreachable socket" socket=/tmp/tmux-501/ta-9f7ab2efc12e err="query tmux on /tmp/tmux-501/ta-9f7ab2efc12e: exit status 1: no server running on /tmp/tmux-501/ta-9f7ab2efc12e"
time=2026-08-09T16:50:13.349+08:00 level=DEBUG msg="discovery: skipping unreachable socket" socket=/tmp/tmux-501/ta-a389ed2be6d0 err="query tmux on /tmp/tmux-501/ta-a389ed2be6d0: exit status 1: no server running on /tmp/tmux-501/ta-a389ed2be6d0"
time=2026-08-09T16:50:13.379+08:00 level=DEBUG msg="discovery: skipping unreachable socket" socket=/tmp/tmux-501/ta-bfedadd98395 err="query tmux on /tmp/tmux-501/ta-bfedadd98395: exit status 1: no server running on /tmp/tmux-501/ta-bfedadd98395"
time=2026-08-09T16:50:13.385+08:00 level=DEBUG msg="discovery: skipping unreachable socket" socket=/tmp/tmux-501/ta-d596a9f9a2a6 err="query tmux on /tmp/tmux-501/ta-d596a9f9a2a6: exit status 1: no server running on /tmp/tmux-501/ta-d596a9f9a2a6"
time=2026-08-09T16:50:13.397+08:00 level=DEBUG msg="discovery: skipping unreachable socket" socket=/tmp/tmux-501/ta-d9dc8c25f425 err="query tmux on /tmp/tmux-501/ta-d9dc8c25f425: exit status 1: no server running on /tmp/tmux-501/ta-d9dc8c25f425"
time=2026-08-09T16:50:13.402+08:00 level=DEBUG msg="discovery: skipping unreachable socket" socket=/tmp/tmux-501/ta-e4fe872351d8 err="query tmux on /tmp/tmux-501/ta-e4fe872351d8: exit status 1: no server running on /tmp/tmux-501/ta-e4fe872351d8"
time=2026-08-09T16:50:13.410+08:00 level=DEBUG msg="discovery: skipping unreachable socket" socket=/tmp/tmux-501/ta-e94aa181e16c err="query tmux on /tmp/tmux-501/ta-e94aa181e16c: exit status 1: no server running on /tmp/tmux-501/ta-e94aa181e16c"
time=2026-08-09T16:50:13.419+08:00 level=DEBUG msg="discovery: skipping unreachable socket" socket=/tmp/tmux-501/ta-ebf95952bfe3 err="query tmux on /tmp/tmux-501/ta-ebf95952bfe3: exit status 1: no server running on /tmp/tmux-501/ta-ebf95952bfe3"
time=2026-08-09T16:50:13.427+08:00 level=DEBUG msg="discovery: skipping unreachable socket" socket=/tmp/tmux-501/ta-fa2252466833 err="query tmux on /tmp/tmux-501/ta-fa2252466833: exit status 1: no server running on /tmp/tmux-501/ta-fa2252466833"
time=2026-08-09T16:50:13.543+08:00 level=DEBUG msg="state: sample failed" ref="/tmp/tmux-501/ta-17b16b28f918\x1f%0" err="capture pane %0 on /tmp/tmux-501/ta-17b16b28f918: exit status 1"
time=2026-08-09T16:50:13.929+08:00 level=DEBUG msg="discovery: skipping socket directory" dir=/tmp/e2e-l2.KhUMRL/tmux/tmux-501 err="open /tmp/e2e-l2.KhUMRL/tmux/tmux-501: no such file or directory"
time=2026-08-09T16:50:13.964+08:00 level=DEBUG msg="discovery: skipping unreachable socket" socket=/tmp/tmux-501/ta-0da65bceb372 err="query tmux on /tmp/tmux-501/ta-0da65bceb372: exit status 1: no server running on /tmp/tmux-501/ta-0da65bceb372"
time=2026-08-09T16:50:13.973+08:00 level=DEBUG msg="discovery: skipping unreachable socket" socket=/tmp/tmux-501/ta-17b16b28f918 err="query tmux on /tmp/tmux-501/ta-17b16b28f918: exit status 1: no server running on /tmp/tmux-501/ta-17b16b28f918"
time=2026-08-09T16:50:13.983+08:00 level=DEBUG msg="discovery: skipping unreachable socket" socket=/tmp/tmux-501/ta-192b3d7a4b4d err="query tmux on /tmp/tmux-501/ta-192b3d7a4b4d: exit status 1: no server running on /tmp/tmux-501/ta-192b3d7a4b4d"
time=2026-08-09T16:50:13.994+08:00 level=DEBUG msg="discovery: skipping unreachable socket" socket=/tmp/tmux-501/ta-19bab105a233 err="query tmux on /tmp/tmux-501/ta-19bab105a233: exit status 1: no server running on /tmp/tmux-501/ta-19bab105a233"
time=2026-08-09T16:50:14.004+08:00 level=DEBUG msg="discovery: skipping unreachable socket" socket=/tmp/tmux-501/ta-2183ff26eaba err="query tmux on /tmp/tmux-501/ta-2183ff26eaba: exit status 1: no server running on /tmp/tmux-501/ta-2183ff26eaba"
time=2026-08-09T16:50:14.020+08:00 level=DEBUG msg="discovery: skipping unreachable socket" socket=/tmp/tmux-501/ta-27ae35442db0 err="query tmux on /tmp/tmux-501/ta-27ae35442db0: exit status 1: no server running on /tmp/tmux-501/ta-27ae35442db0"
time=2026-08-09T16:50:14.037+08:00 level=DEBUG msg="discovery: skipping unreachable socket" socket=/tmp/tmux-501/ta-29ad6c433fb0 err="query tmux on /tmp/tmux-501/ta-29ad6c433fb0: exit status 1: no server running on /tmp/tmux-501/ta-29ad6c433fb0"
time=2026-08-09T16:50:14.045+08:00 level=DEBUG msg="discovery: skipping unreachable socket" socket=/tmp/tmux-501/ta-2b2b0f6042c3 err="query tmux on /tmp/tmux-501/ta-2b2b0f6042c3: exit status 1: no server running on /tmp/tmux-501/ta-2b2b0f6042c3"
time=2026-08-09T16:50:14.053+08:00 level=DEBUG msg="discovery: skipping unreachable socket" socket=/tmp/tmux-501/ta-2d881fc24979 err="query tmux on /tmp/tmux-501/ta-2d881fc24979: exit status 1: no server running on /tmp/tmux-501/ta-2d881fc24979"
time=2026-08-09T16:50:14.060+08:00 level=DEBUG msg="discovery: skipping unreachable socket" socket=/tmp/tmux-501/ta-3511002e6186 err="query tmux on /tmp/tmux-501/ta-3511002e6186: exit status 1: no server running on /tmp/tmux-501/ta-3511002e6186"
time=2026-08-09T16:50:14.092+08:00 level=DEBUG msg="discovery: skipping unreachable socket" socket=/tmp/tmux-501/ta-670fcfc61db1 err="query tmux on /tmp/tmux-501/ta-670fcfc61db1: exit status 1: no server running on /tmp/tmux-501/ta-670fcfc61db1"
time=2026-08-09T16:50:14.099+08:00 level=DEBUG msg="discovery: skipping unreachable socket" socket=/tmp/tmux-501/ta-714648f68f78 err="query tmux on /tmp/tmux-501/ta-714648f68f78: exit status 1: no server running on /tmp/tmux-501/ta-714648f68f78"
time=2026-08-09T16:50:14.105+08:00 level=DEBUG msg="discovery: skipping unreachable socket" socket=/tmp/tmux-501/ta-76d99a0fb54d err="query tmux on /tmp/tmux-501/ta-76d99a0fb54d: exit status 1: no server running on /tmp/tmux-501/ta-76d99a0fb54d"
time=2026-08-09T16:50:14.111+08:00 level=DEBUG msg="discovery: skipping unreachable socket" socket=/tmp/tmux-501/ta-7cf3455fc7ef err="query tmux on /tmp/tmux-501/ta-7cf3455fc7ef: exit status 1: no server running on /tmp/tmux-501/ta-7cf3455fc7ef"
time=2026-08-09T16:50:14.120+08:00 level=DEBUG msg="discovery: skipping unreachable socket" socket=/tmp/tmux-501/ta-8f9301481b91 err="query tmux on /tmp/tmux-501/ta-8f9301481b91: exit status 1: no server running on /tmp/tmux-501/ta-8f9301481b91"
time=2026-08-09T16:50:14.147+08:00 level=DEBUG msg="discovery: skipping unreachable socket" socket=/tmp/tmux-501/ta-9f7ab2efc12e err="query tmux on /tmp/tmux-501/ta-9f7ab2efc12e: exit status 1: no server running on /tmp/tmux-501/ta-9f7ab2efc12e"
time=2026-08-09T16:50:14.154+08:00 level=DEBUG msg="discovery: skipping unreachable socket" socket=/tmp/tmux-501/ta-a389ed2be6d0 err="query tmux on /tmp/tmux-501/ta-a389ed2be6d0: exit status 1: no server running on /tmp/tmux-501/ta-a389ed2be6d0"
time=2026-08-09T16:50:14.198+08:00 level=DEBUG msg="discovery: skipping unreachable socket" socket=/tmp/tmux-501/ta-bfedadd98395 err="query tmux on /tmp/tmux-501/ta-bfedadd98395: exit status 1: no server running on /tmp/tmux-501/ta-bfedadd98395"
time=2026-08-09T16:50:14.207+08:00 level=DEBUG msg="discovery: skipping unreachable socket" socket=/tmp/tmux-501/ta-d596a9f9a2a6 err="query tmux on /tmp/tmux-501/ta-d596a9f9a2a6: exit status 1: no server running on /tmp/tmux-501/ta-d596a9f9a2a6"
time=2026-08-09T16:50:14.218+08:00 level=DEBUG msg="discovery: skipping unreachable socket" socket=/tmp/tmux-501/ta-d9dc8c25f425 err="query tmux on /tmp/tmux-501/ta-d9dc8c25f425: exit status 1: no server running on /tmp/tmux-501/ta-d9dc8c25f425"
time=2026-08-09T16:50:14.224+08:00 level=DEBUG msg="discovery: skipping unreachable socket" socket=/tmp/tmux-501/ta-e4fe872351d8 err="query tmux on /tmp/tmux-501/ta-e4fe872351d8: exit status 1: no server running on /tmp/tmux-501/ta-e4fe872351d8"
time=2026-08-09T16:50:14.230+08:00 level=DEBUG msg="discovery: skipping unreachable socket" socket=/tmp/tmux-501/ta-e94aa181e16c err="query tmux on /tmp/tmux-501/ta-e94aa181e16c: exit status 1: no server running on /tmp/tmux-501/ta-e94aa181e16c"
time=2026-08-09T16:50:14.235+08:00 level=DEBUG msg="discovery: skipping unreachable socket" socket=/tmp/tmux-501/ta-ebf95952bfe3 err="query tmux on /tmp/tmux-501/ta-ebf95952bfe3: exit status 1: no server running on /tmp/tmux-501/ta-ebf95952bfe3"
time=2026-08-09T16:50:14.241+08:00 level=DEBUG msg="discovery: skipping unreachable socket" socket=/tmp/tmux-501/ta-fa2252466833 err="query tmux on /tmp/tmux-501/ta-fa2252466833: exit status 1: no server running on /tmp/tmux-501/ta-fa2252466833"
time=2026-08-09T16:50:14.742+08:00 level=DEBUG msg="discovery: skipping socket directory" dir=/tmp/e2e-l2.KhUMRL/tmux/tmux-501 err="open /tmp/e2e-l2.KhUMRL/tmux/tmux-501: no such file or directory"
time=2026-08-09T16:50:14.759+08:00 level=DEBUG msg="discovery: skipping unreachable socket" socket=/tmp/tmux-501/ta-0da65bceb372 err="query tmux on /tmp/tmux-501/ta-0da65bceb372: exit status 1: no server running on /tmp/tmux-501/ta-0da65bceb372"
time=2026-08-09T16:50:14.764+08:00 level=DEBUG msg="discovery: skipping unreachable socket" socket=/tmp/tmux-501/ta-17b16b28f918 err="query tmux on /tmp/tmux-501/ta-17b16b28f918: exit status 1: no server running on /tmp/tmux-501/ta-17b16b28f918"
time=2026-08-09T16:50:14.769+08:00 level=DEBUG msg="discovery: skipping unreachable socket" socket=/tmp/tmux-501/ta-192b3d7a4b4d err="query tmux on /tmp/tmux-501/ta-192b3d7a4b4d: exit status 1: no server running on /tmp/tmux-501/ta-192b3d7a4b4d"
time=2026-08-09T16:50:14.775+08:00 level=DEBUG msg="discovery: skipping unreachable socket" socket=/tmp/tmux-501/ta-19bab105a233 err="query tmux on /tmp/tmux-501/ta-19bab105a233: exit status 1: no server running on /tmp/tmux-501/ta-19bab105a233"
time=2026-08-09T16:50:14.780+08:00 level=DEBUG msg="discovery: skipping unreachable socket" socket=/tmp/tmux-501/ta-2183ff26eaba err="query tmux on /tmp/tmux-501/ta-2183ff26eaba: exit status 1: no server running on /tmp/tmux-501/ta-2183ff26eaba"
time=2026-08-09T16:50:14.792+08:00 level=DEBUG msg="discovery: skipping unreachable socket" socket=/tmp/tmux-501/ta-27ae35442db0 err="query tmux on /tmp/tmux-501/ta-27ae35442db0: exit status 1: no server running on /tmp/tmux-501/ta-27ae35442db0"
time=2026-08-09T16:50:14.804+08:00 level=DEBUG msg="discovery: skipping unreachable socket" socket=/tmp/tmux-501/ta-29ad6c433fb0 err="query tmux on /tmp/tmux-501/ta-29ad6c433fb0: exit status 1: no server running on /tmp/tmux-501/ta-29ad6c433fb0"
time=2026-08-09T16:50:14.810+08:00 level=DEBUG msg="discovery: skipping unreachable socket" socket=/tmp/tmux-501/ta-2b2b0f6042c3 err="query tmux on /tmp/tmux-501/ta-2b2b0f6042c3: exit status 1: no server running on /tmp/tmux-501/ta-2b2b0f6042c3"
time=2026-08-09T16:50:14.816+08:00 level=DEBUG msg="discovery: skipping unreachable socket" socket=/tmp/tmux-501/ta-2d881fc24979 err="query tmux on /tmp/tmux-501/ta-2d881fc24979: exit status 1: no server running on /tmp/tmux-501/ta-2d881fc24979"
time=2026-08-09T16:50:14.821+08:00 level=DEBUG msg="discovery: skipping unreachable socket" socket=/tmp/tmux-501/ta-3511002e6186 err="query tmux on /tmp/tmux-501/ta-3511002e6186: exit status 1: no server running on /tmp/tmux-501/ta-3511002e6186"
time=2026-08-09T16:50:14.844+08:00 level=DEBUG msg="discovery: skipping unreachable socket" socket=/tmp/tmux-501/ta-670fcfc61db1 err="query tmux on /tmp/tmux-501/ta-670fcfc61db1: exit status 1: no server running on /tmp/tmux-501/ta-670fcfc61db1"
time=2026-08-09T16:50:14.850+08:00 level=DEBUG msg="discovery: skipping unreachable socket" socket=/tmp/tmux-501/ta-714648f68f78 err="query tmux on /tmp/tmux-501/ta-714648f68f78: exit status 1: no server running on /tmp/tmux-501/ta-714648f68f78"
time=2026-08-09T16:50:14.855+08:00 level=DEBUG msg="discovery: skipping unreachable socket" socket=/tmp/tmux-501/ta-76d99a0fb54d err="query tmux on /tmp/tmux-501/ta-76d99a0fb54d: exit status 1: no server running on /tmp/tmux-501/ta-76d99a0fb54d"
time=2026-08-09T16:50:14.860+08:00 level=DEBUG msg="discovery: skipping unreachable socket" socket=/tmp/tmux-501/ta-7cf3455fc7ef err="query tmux on /tmp/tmux-501/ta-7cf3455fc7ef: exit status 1: no server running on /tmp/tmux-501/ta-7cf3455fc7ef"
time=2026-08-09T16:50:14.866+08:00 level=DEBUG msg="discovery: skipping unreachable socket" socket=/tmp/tmux-501/ta-8f9301481b91 err="query tmux on /tmp/tmux-501/ta-8f9301481b91: exit status 1: no server running on /tmp/tmux-501/ta-8f9301481b91"
time=2026-08-09T16:50:14.882+08:00 level=DEBUG msg="discovery: skipping unreachable socket" socket=/tmp/tmux-501/ta-9f7ab2efc12e err="query tmux on /tmp/tmux-501/ta-9f7ab2efc12e: exit status 1: no server running on /tmp/tmux-501/ta-9f7ab2efc12e"
time=2026-08-09T16:50:14.888+08:00 level=DEBUG msg="discovery: skipping unreachable socket" socket=/tmp/tmux-501/ta-a389ed2be6d0 err="query tmux on /tmp/tmux-501/ta-a389ed2be6d0: exit status 1: no server running on /tmp/tmux-501/ta-a389ed2be6d0"
time=2026-08-09T16:50:14.917+08:00 level=DEBUG msg="discovery: skipping unreachable socket" socket=/tmp/tmux-501/ta-d596a9f9a2a6 err="query tmux on /tmp/tmux-501/ta-d596a9f9a2a6: exit status 1: no server running on /tmp/tmux-501/ta-d596a9f9a2a6"
time=2026-08-09T16:50:14.928+08:00 level=DEBUG msg="discovery: skipping unreachable socket" socket=/tmp/tmux-501/ta-d9dc8c25f425 err="query tmux on /tmp/tmux-501/ta-d9dc8c25f425: exit status 1: no server running on /tmp/tmux-501/ta-d9dc8c25f425"
time=2026-08-09T16:50:14.933+08:00 level=DEBUG msg="discovery: skipping unreachable socket" socket=/tmp/tmux-501/ta-e4fe872351d8 err="query tmux on /tmp/tmux-501/ta-e4fe872351d8: exit status 1: no server running on /tmp/tmux-501/ta-e4fe872351d8"
time=2026-08-09T16:50:14.939+08:00 level=DEBUG msg="discovery: skipping unreachable socket" socket=/tmp/tmux-501/ta-e94aa181e16c err="query tmux on /tmp/tmux-501/ta-e94aa181e16c: exit status 1: no server running on /tmp/tmux-501/ta-e94aa181e16c"
time=2026-08-09T16:50:14.945+08:00 level=DEBUG msg="discovery: skipping unreachable socket" socket=/tmp/tmux-501/ta-ebf95952bfe3 err="query tmux on /tmp/tmux-501/ta-ebf95952bfe3: exit status 1: no server running on /tmp/tmux-501/ta-ebf95952bfe3"
time=2026-08-09T16:50:14.950+08:00 level=DEBUG msg="discovery: skipping unreachable socket" socket=/tmp/tmux-501/ta-fa2252466833 err="query tmux on /tmp/tmux-501/ta-fa2252466833: exit status 1: no server running on /tmp/tmux-501/ta-fa2252466833"
time=2026-08-09T16:50:14.950+08:00 level=DEBUG msg="listing: no changes"
time=2026-08-09T16:50:15.451+08:00 level=DEBUG msg="discovery: skipping socket directory" dir=/tmp/e2e-l2.KhUMRL/tmux/tmux-501 err="open /tmp/e2e-l2.KhUMRL/tmux/tmux-501: no such file or directory"
time=2026-08-09T16:50:15.468+08:00 level=DEBUG msg="discovery: skipping unreachable socket" socket=/tmp/tmux-501/ta-0da65bceb372 err="query tmux on /tmp/tmux-501/ta-0da65bceb372: exit status 1: no server running on /tmp/tmux-501/ta-0da65bceb372"
time=2026-08-09T16:50:15.473+08:00 level=DEBUG msg="discovery: skipping unreachable socket" socket=/tmp/tmux-501/ta-192b3d7a4b4d err="query tmux on /tmp/tmux-501/ta-192b3d7a4b4d: exit status 1: no server running on /tmp/tmux-501/ta-192b3d7a4b4d"
time=2026-08-09T16:50:15.479+08:00 level=DEBUG msg="discovery: skipping unreachable socket" socket=/tmp/tmux-501/ta-19bab105a233 err="query tmux on /tmp/tmux-501/ta-19bab105a233: exit status 1: no server running on /tmp/tmux-501/ta-19bab105a233"
time=2026-08-09T16:50:15.484+08:00 level=DEBUG msg="discovery: skipping unreachable socket" socket=/tmp/tmux-501/ta-2183ff26eaba err="query tmux on /tmp/tmux-501/ta-2183ff26eaba: exit status 1: no server running on /tmp/tmux-501/ta-2183ff26eaba"
time=2026-08-09T16:50:15.495+08:00 level=DEBUG msg="discovery: skipping unreachable socket" socket=/tmp/tmux-501/ta-27ae35442db0 err="query tmux on /tmp/tmux-501/ta-27ae35442db0: exit status 1: no server running on /tmp/tmux-501/ta-27ae35442db0"
time=2026-08-09T16:50:15.506+08:00 level=DEBUG msg="discovery: skipping unreachable socket" socket=/tmp/tmux-501/ta-29ad6c433fb0 err="query tmux on /tmp/tmux-501/ta-29ad6c433fb0: exit status 1: no server running on /tmp/tmux-501/ta-29ad6c433fb0"
time=2026-08-09T16:50:15.512+08:00 level=DEBUG msg="discovery: skipping unreachable socket" socket=/tmp/tmux-501/ta-2b2b0f6042c3 err="query tmux on /tmp/tmux-501/ta-2b2b0f6042c3: exit status 1: no server running on /tmp/tmux-501/ta-2b2b0f6042c3"
time=2026-08-09T16:50:15.517+08:00 level=DEBUG msg="discovery: skipping unreachable socket" socket=/tmp/tmux-501/ta-2d881fc24979 err="query tmux on /tmp/tmux-501/ta-2d881fc24979: exit status 1: no server running on /tmp/tmux-501/ta-2d881fc24979"
time=2026-08-09T16:50:15.522+08:00 level=DEBUG msg="discovery: skipping unreachable socket" socket=/tmp/tmux-501/ta-3511002e6186 err="query tmux on /tmp/tmux-501/ta-3511002e6186: exit status 1: no server running on /tmp/tmux-501/ta-3511002e6186"
time=2026-08-09T16:50:15.544+08:00 level=DEBUG msg="discovery: skipping unreachable socket" socket=/tmp/tmux-501/ta-670fcfc61db1 err="query tmux on /tmp/tmux-501/ta-670fcfc61db1: exit status 1: no server running on /tmp/tmux-501/ta-670fcfc61db1"
time=2026-08-09T16:50:15.549+08:00 level=DEBUG msg="discovery: skipping unreachable socket" socket=/tmp/tmux-501/ta-714648f68f78 err="query tmux on /tmp/tmux-501/ta-714648f68f78: exit status 1: no server running on /tmp/tmux-501/ta-714648f68f78"
time=2026-08-09T16:50:15.554+08:00 level=DEBUG msg="discovery: skipping unreachable socket" socket=/tmp/tmux-501/ta-76d99a0fb54d err="query tmux on /tmp/tmux-501/ta-76d99a0fb54d: exit status 1: no server running on /tmp/tmux-501/ta-76d99a0fb54d"
time=2026-08-09T16:50:15.559+08:00 level=DEBUG msg="discovery: skipping unreachable socket" socket=/tmp/tmux-501/ta-7cf3455fc7ef err="query tmux on /tmp/tmux-501/ta-7cf3455fc7ef: exit status 1: no server running on /tmp/tmux-501/ta-7cf3455fc7ef"
time=2026-08-09T16:50:15.564+08:00 level=DEBUG msg="discovery: skipping unreachable socket" socket=/tmp/tmux-501/ta-8f9301481b91 err="query tmux on /tmp/tmux-501/ta-8f9301481b91: exit status 1: no server running on /tmp/tmux-501/ta-8f9301481b91"
time=2026-08-09T16:50:15.575+08:00 level=DEBUG msg="discovery: skipping unreachable socket" socket=/tmp/tmux-501/ta-981ede8e61fe err="query tmux on /tmp/tmux-501/ta-981ede8e61fe: exit status 1: no server running on /tmp/tmux-501/ta-981ede8e61fe"
time=2026-08-09T16:50:15.585+08:00 level=DEBUG msg="discovery: skipping unreachable socket" socket=/tmp/tmux-501/ta-9c02849b93b6 err="query tmux on /tmp/tmux-501/ta-9c02849b93b6: exit status 1: no server running on /tmp/tmux-501/ta-9c02849b93b6"
time=2026-08-09T16:50:15.590+08:00 level=DEBUG msg="discovery: skipping unreachable socket" socket=/tmp/tmux-501/ta-9f7ab2efc12e err="query tmux on /tmp/tmux-501/ta-9f7ab2efc12e: exit status 1: no server running on /tmp/tmux-501/ta-9f7ab2efc12e"
time=2026-08-09T16:50:15.595+08:00 level=DEBUG msg="discovery: skipping unreachable socket" socket=/tmp/tmux-501/ta-a389ed2be6d0 err="query tmux on /tmp/tmux-501/ta-a389ed2be6d0: exit status 1: no server running on /tmp/tmux-501/ta-a389ed2be6d0"
time=2026-08-09T16:50:15.626+08:00 level=DEBUG msg="discovery: skipping unreachable socket" socket=/tmp/tmux-501/ta-d596a9f9a2a6 err="query tmux on /tmp/tmux-501/ta-d596a9f9a2a6: exit status 1: no server running on /tmp/tmux-501/ta-d596a9f9a2a6"
time=2026-08-09T16:50:15.637+08:00 level=DEBUG msg="discovery: skipping unreachable socket" socket=/tmp/tmux-501/ta-d9dc8c25f425 err="query tmux on /tmp/tmux-501/ta-d9dc8c25f425: exit status 1: no server running on /tmp/tmux-501/ta-d9dc8c25f425"
time=2026-08-09T16:50:15.642+08:00 level=DEBUG msg="discovery: skipping unreachable socket" socket=/tmp/tmux-501/ta-e4fe872351d8 err="query tmux on /tmp/tmux-501/ta-e4fe872351d8: exit status 1: no server running on /tmp/tmux-501/ta-e4fe872351d8"
time=2026-08-09T16:50:15.648+08:00 level=DEBUG msg="discovery: skipping unreachable socket" socket=/tmp/tmux-501/ta-e94aa181e16c err="query tmux on /tmp/tmux-501/ta-e94aa181e16c: exit status 1: no server running on /tmp/tmux-501/ta-e94aa181e16c"
time=2026-08-09T16:50:15.652+08:00 level=DEBUG msg="discovery: skipping unreachable socket" socket=/tmp/tmux-501/ta-ebf95952bfe3 err="query tmux on /tmp/tmux-501/ta-ebf95952bfe3: exit status 1: no server running on /tmp/tmux-501/ta-ebf95952bfe3"
time=2026-08-09T16:50:15.657+08:00 level=DEBUG msg="discovery: skipping unreachable socket" socket=/tmp/tmux-501/ta-fa2252466833 err="query tmux on /tmp/tmux-501/ta-fa2252466833: exit status 1: no server running on /tmp/tmux-501/ta-fa2252466833"
time=2026-08-09T16:50:15.658+08:00 level=DEBUG msg="listing: no changes"
time=2026-08-09T16:50:16.159+08:00 level=DEBUG msg="discovery: skipping socket directory" dir=/tmp/e2e-l2.KhUMRL/tmux/tmux-501 err="open /tmp/e2e-l2.KhUMRL/tmux/tmux-501: no such file or directory"
time=2026-08-09T16:50:16.177+08:00 level=DEBUG msg="discovery: skipping unreachable socket" socket=/tmp/tmux-501/ta-0da65bceb372 err="query tmux on /tmp/tmux-501/ta-0da65bceb372: exit status 1: no server running on /tmp/tmux-501/ta-0da65bceb372"
time=2026-08-09T16:50:16.183+08:00 level=DEBUG msg="discovery: skipping unreachable socket" socket=/tmp/tmux-501/ta-192b3d7a4b4d err="query tmux on /tmp/tmux-501/ta-192b3d7a4b4d: exit status 1: no server running on /tmp/tmux-501/ta-192b3d7a4b4d"
time=2026-08-09T16:50:16.188+08:00 level=DEBUG msg="discovery: skipping unreachable socket" socket=/tmp/tmux-501/ta-19bab105a233 err="query tmux on /tmp/tmux-501/ta-19bab105a233: exit status 1: no server running on /tmp/tmux-501/ta-19bab105a233"
time=2026-08-09T16:50:16.194+08:00 level=DEBUG msg="discovery: skipping unreachable socket" socket=/tmp/tmux-501/ta-2183ff26eaba err="query tmux on /tmp/tmux-501/ta-2183ff26eaba: exit status 1: no server running on /tmp/tmux-501/ta-2183ff26eaba"
time=2026-08-09T16:50:16.205+08:00 level=DEBUG msg="discovery: skipping unreachable socket" socket=/tmp/tmux-501/ta-27ae35442db0 err="query tmux on /tmp/tmux-501/ta-27ae35442db0: exit status 1: no server running on /tmp/tmux-501/ta-27ae35442db0"
time=2026-08-09T16:50:16.217+08:00 level=DEBUG msg="discovery: skipping unreachable socket" socket=/tmp/tmux-501/ta-29ad6c433fb0 err="query tmux on /tmp/tmux-501/ta-29ad6c433fb0: exit status 1: no server running on /tmp/tmux-501/ta-29ad6c433fb0"
time=2026-08-09T16:50:16.222+08:00 level=DEBUG msg="discovery: skipping unreachable socket" socket=/tmp/tmux-501/ta-2b2b0f6042c3 err="query tmux on /tmp/tmux-501/ta-2b2b0f6042c3: exit status 1: no server running on /tmp/tmux-501/ta-2b2b0f6042c3"
time=2026-08-09T16:50:16.227+08:00 level=DEBUG msg="discovery: skipping unreachable socket" socket=/tmp/tmux-501/ta-2d881fc24979 err="query tmux on /tmp/tmux-501/ta-2d881fc24979: exit status 1: no server running on /tmp/tmux-501/ta-2d881fc24979"
time=2026-08-09T16:50:16.232+08:00 level=DEBUG msg="discovery: skipping unreachable socket" socket=/tmp/tmux-501/ta-3511002e6186 err="query tmux on /tmp/tmux-501/ta-3511002e6186: exit status 1: no server running on /tmp/tmux-501/ta-3511002e6186"
time=2026-08-09T16:50:16.254+08:00 level=DEBUG msg="discovery: skipping unreachable socket" socket=/tmp/tmux-501/ta-670fcfc61db1 err="query tmux on /tmp/tmux-501/ta-670fcfc61db1: exit status 1: no server running on /tmp/tmux-501/ta-670fcfc61db1"
time=2026-08-09T16:50:16.259+08:00 level=DEBUG msg="discovery: skipping unreachable socket" socket=/tmp/tmux-501/ta-714648f68f78 err="query tmux on /tmp/tmux-501/ta-714648f68f78: exit status 1: no server running on /tmp/tmux-501/ta-714648f68f78"
time=2026-08-09T16:50:16.264+08:00 level=DEBUG msg="discovery: skipping unreachable socket" socket=/tmp/tmux-501/ta-76d99a0fb54d err="query tmux on /tmp/tmux-501/ta-76d99a0fb54d: exit status 1: no server running on /tmp/tmux-501/ta-76d99a0fb54d"
time=2026-08-09T16:50:16.269+08:00 level=DEBUG msg="discovery: skipping unreachable socket" socket=/tmp/tmux-501/ta-7cf3455fc7ef err="query tmux on /tmp/tmux-501/ta-7cf3455fc7ef: exit status 1: no server running on /tmp/tmux-501/ta-7cf3455fc7ef"
time=2026-08-09T16:50:16.275+08:00 level=DEBUG msg="discovery: skipping unreachable socket" socket=/tmp/tmux-501/ta-8f9301481b91 err="query tmux on /tmp/tmux-501/ta-8f9301481b91: exit status 1: no server running on /tmp/tmux-501/ta-8f9301481b91"
time=2026-08-09T16:50:16.285+08:00 level=DEBUG msg="discovery: skipping unreachable socket" socket=/tmp/tmux-501/ta-981ede8e61fe err="query tmux on /tmp/tmux-501/ta-981ede8e61fe: exit status 1: no server running on /tmp/tmux-501/ta-981ede8e61fe"
time=2026-08-09T16:50:16.296+08:00 level=DEBUG msg="discovery: skipping unreachable socket" socket=/tmp/tmux-501/ta-9c02849b93b6 err="query tmux on /tmp/tmux-501/ta-9c02849b93b6: exit status 1: no server running on /tmp/tmux-501/ta-9c02849b93b6"
time=2026-08-09T16:50:16.301+08:00 level=DEBUG msg="discovery: skipping unreachable socket" socket=/tmp/tmux-501/ta-9f7ab2efc12e err="query tmux on /tmp/tmux-501/ta-9f7ab2efc12e: exit status 1: no server running on /tmp/tmux-501/ta-9f7ab2efc12e"
time=2026-08-09T16:50:16.306+08:00 level=DEBUG msg="discovery: skipping unreachable socket" socket=/tmp/tmux-501/ta-a389ed2be6d0 err="query tmux on /tmp/tmux-501/ta-a389ed2be6d0: exit status 1: no server running on /tmp/tmux-501/ta-a389ed2be6d0"
time=2026-08-09T16:50:16.333+08:00 level=DEBUG msg="discovery: skipping unreachable socket" socket=/tmp/tmux-501/ta-d596a9f9a2a6 err="query tmux on /tmp/tmux-501/ta-d596a9f9a2a6: exit status 1: no server running on /tmp/tmux-501/ta-d596a9f9a2a6"
time=2026-08-09T16:50:16.343+08:00 level=DEBUG msg="discovery: skipping unreachable socket" socket=/tmp/tmux-501/ta-d9dc8c25f425 err="query tmux on /tmp/tmux-501/ta-d9dc8c25f425: exit status 1: no server running on /tmp/tmux-501/ta-d9dc8c25f425"
time=2026-08-09T16:50:16.348+08:00 level=DEBUG msg="discovery: skipping unreachable socket" socket=/tmp/tmux-501/ta-e4fe872351d8 err="query tmux on /tmp/tmux-501/ta-e4fe872351d8: exit status 1: no server running on /tmp/tmux-501/ta-e4fe872351d8"
time=2026-08-09T16:50:16.353+08:00 level=DEBUG msg="discovery: skipping unreachable socket" socket=/tmp/tmux-501/ta-e94aa181e16c err="query tmux on /tmp/tmux-501/ta-e94aa181e16c: exit status 1: no server running on /tmp/tmux-501/ta-e94aa181e16c"
time=2026-08-09T16:50:16.359+08:00 level=DEBUG msg="discovery: skipping unreachable socket" socket=/tmp/tmux-501/ta-ebf95952bfe3 err="query tmux on /tmp/tmux-501/ta-ebf95952bfe3: exit status 1: no server running on /tmp/tmux-501/ta-ebf95952bfe3"
time=2026-08-09T16:50:16.364+08:00 level=DEBUG msg="discovery: skipping unreachable socket" socket=/tmp/tmux-501/ta-fa2252466833 err="query tmux on /tmp/tmux-501/ta-fa2252466833: exit status 1: no server running on /tmp/tmux-501/ta-fa2252466833"
time=2026-08-09T16:50:16.364+08:00 level=DEBUG msg="listing: no changes"
time=2026-08-09T16:50:16.865+08:00 level=DEBUG msg="discovery: skipping socket directory" dir=/tmp/e2e-l2.KhUMRL/tmux/tmux-501 err="open /tmp/e2e-l2.KhUMRL/tmux/tmux-501: no such file or directory"
time=2026-08-09T16:50:16.883+08:00 level=DEBUG msg="discovery: skipping unreachable socket" socket=/tmp/tmux-501/ta-0da65bceb372 err="query tmux on /tmp/tmux-501/ta-0da65bceb372: exit status 1: no server running on /tmp/tmux-501/ta-0da65bceb372"
time=2026-08-09T16:50:16.888+08:00 level=DEBUG msg="discovery: skipping unreachable socket" socket=/tmp/tmux-501/ta-192b3d7a4b4d err="query tmux on /tmp/tmux-501/ta-192b3d7a4b4d: exit status 1: no server running on /tmp/tmux-501/ta-192b3d7a4b4d"
time=2026-08-09T16:50:16.893+08:00 level=DEBUG msg="discovery: skipping unreachable socket" socket=/tmp/tmux-501/ta-19bab105a233 err="query tmux on /tmp/tmux-501/ta-19bab105a233: exit status 1: no server running on /tmp/tmux-501/ta-19bab105a233"
time=2026-08-09T16:50:16.899+08:00 level=DEBUG msg="discovery: skipping unreachable socket" socket=/tmp/tmux-501/ta-2183ff26eaba err="query tmux on /tmp/tmux-501/ta-2183ff26eaba: exit status 1: no server running on /tmp/tmux-501/ta-2183ff26eaba"
time=2026-08-09T16:50:16.910+08:00 level=DEBUG msg="discovery: skipping unreachable socket" socket=/tmp/tmux-501/ta-27ae35442db0 err="query tmux on /tmp/tmux-501/ta-27ae35442db0: exit status 1: no server running on /tmp/tmux-501/ta-27ae35442db0"
time=2026-08-09T16:50:16.921+08:00 level=DEBUG msg="discovery: skipping unreachable socket" socket=/tmp/tmux-501/ta-29ad6c433fb0 err="query tmux on /tmp/tmux-501/ta-29ad6c433fb0: exit status 1: no server running on /tmp/tmux-501/ta-29ad6c433fb0"
time=2026-08-09T16:50:16.926+08:00 level=DEBUG msg="discovery: skipping unreachable socket" socket=/tmp/tmux-501/ta-2b2b0f6042c3 err="query tmux on /tmp/tmux-501/ta-2b2b0f6042c3: exit status 1: no server running on /tmp/tmux-501/ta-2b2b0f6042c3"
time=2026-08-09T16:50:16.931+08:00 level=DEBUG msg="discovery: skipping unreachable socket" socket=/tmp/tmux-501/ta-2d881fc24979 err="query tmux on /tmp/tmux-501/ta-2d881fc24979: exit status 1: no server running on /tmp/tmux-501/ta-2d881fc24979"
time=2026-08-09T16:50:16.936+08:00 level=DEBUG msg="discovery: skipping unreachable socket" socket=/tmp/tmux-501/ta-3511002e6186 err="query tmux on /tmp/tmux-501/ta-3511002e6186: exit status 1: no server running on /tmp/tmux-501/ta-3511002e6186"
time=2026-08-09T16:50:16.958+08:00 level=DEBUG msg="discovery: skipping unreachable socket" socket=/tmp/tmux-501/ta-670fcfc61db1 err="query tmux on /tmp/tmux-501/ta-670fcfc61db1: exit status 1: no server running on /tmp/tmux-501/ta-670fcfc61db1"
time=2026-08-09T16:50:16.963+08:00 level=DEBUG msg="discovery: skipping unreachable socket" socket=/tmp/tmux-501/ta-714648f68f78 err="query tmux on /tmp/tmux-501/ta-714648f68f78: exit status 1: no server running on /tmp/tmux-501/ta-714648f68f78"
time=2026-08-09T16:50:16.971+08:00 level=DEBUG msg="discovery: skipping unreachable socket" socket=/tmp/tmux-501/ta-76d99a0fb54d err="query tmux on /tmp/tmux-501/ta-76d99a0fb54d: exit status 1: no server running on /tmp/tmux-501/ta-76d99a0fb54d"
time=2026-08-09T16:50:16.977+08:00 level=DEBUG msg="discovery: skipping unreachable socket" socket=/tmp/tmux-501/ta-7cf3455fc7ef err="query tmux on /tmp/tmux-501/ta-7cf3455fc7ef: exit status 1: no server running on /tmp/tmux-501/ta-7cf3455fc7ef"
time=2026-08-09T16:50:16.983+08:00 level=DEBUG msg="discovery: skipping unreachable socket" socket=/tmp/tmux-501/ta-8f9301481b91 err="query tmux on /tmp/tmux-501/ta-8f9301481b91: exit status 1: no server running on /tmp/tmux-501/ta-8f9301481b91"
time=2026-08-09T16:50:16.999+08:00 level=DEBUG msg="discovery: skipping unreachable socket" socket=/tmp/tmux-501/ta-9f7ab2efc12e err="query tmux on /tmp/tmux-501/ta-9f7ab2efc12e: exit status 1: no server running on /tmp/tmux-501/ta-9f7ab2efc12e"
time=2026-08-09T16:50:17.005+08:00 level=DEBUG msg="discovery: skipping unreachable socket" socket=/tmp/tmux-501/ta-a389ed2be6d0 err="query tmux on /tmp/tmux-501/ta-a389ed2be6d0: exit status 1: no server running on /tmp/tmux-501/ta-a389ed2be6d0"
time=2026-08-09T16:50:17.035+08:00 level=DEBUG msg="discovery: skipping unreachable socket" socket=/tmp/tmux-501/ta-d596a9f9a2a6 err="query tmux on /tmp/tmux-501/ta-d596a9f9a2a6: exit status 1: no server running on /tmp/tmux-501/ta-d596a9f9a2a6"
time=2026-08-09T16:50:17.048+08:00 level=DEBUG msg="discovery: skipping unreachable socket" socket=/tmp/tmux-501/ta-d9dc8c25f425 err="query tmux on /tmp/tmux-501/ta-d9dc8c25f425: exit status 1: no server running on /tmp/tmux-501/ta-d9dc8c25f425"
time=2026-08-09T16:50:17.054+08:00 level=DEBUG msg="discovery: skipping unreachable socket" socket=/tmp/tmux-501/ta-e4fe872351d8 err="query tmux on /tmp/tmux-501/ta-e4fe872351d8: exit status 1: no server running on /tmp/tmux-501/ta-e4fe872351d8"
time=2026-08-09T16:50:17.059+08:00 level=DEBUG msg="discovery: skipping unreachable socket" socket=/tmp/tmux-501/ta-e94aa181e16c err="query tmux on /tmp/tmux-501/ta-e94aa181e16c: exit status 1: no server running on /tmp/tmux-501/ta-e94aa181e16c"
time=2026-08-09T16:50:17.065+08:00 level=DEBUG msg="discovery: skipping unreachable socket" socket=/tmp/tmux-501/ta-ebf95952bfe3 err="query tmux on /tmp/tmux-501/ta-ebf95952bfe3: exit status 1: no server running on /tmp/tmux-501/ta-ebf95952bfe3"
time=2026-08-09T16:50:17.071+08:00 level=DEBUG msg="discovery: skipping unreachable socket" socket=/tmp/tmux-501/ta-fa2252466833 err="query tmux on /tmp/tmux-501/ta-fa2252466833: exit status 1: no server running on /tmp/tmux-501/ta-fa2252466833"
time=2026-08-09T16:50:17.573+08:00 level=DEBUG msg="discovery: skipping socket directory" dir=/tmp/e2e-l2.KhUMRL/tmux/tmux-501 err="open /tmp/e2e-l2.KhUMRL/tmux/tmux-501: no such file or directory"
time=2026-08-09T16:50:17.591+08:00 level=DEBUG msg="discovery: skipping unreachable socket" socket=/tmp/tmux-501/ta-0da65bceb372 err="query tmux on /tmp/tmux-501/ta-0da65bceb372: exit status 1: no server running on /tmp/tmux-501/ta-0da65bceb372"
time=2026-08-09T16:50:17.597+08:00 level=DEBUG msg="discovery: skipping unreachable socket" socket=/tmp/tmux-501/ta-192b3d7a4b4d err="query tmux on /tmp/tmux-501/ta-192b3d7a4b4d: exit status 1: no server running on /tmp/tmux-501/ta-192b3d7a4b4d"
time=2026-08-09T16:50:17.604+08:00 level=DEBUG msg="discovery: skipping unreachable socket" socket=/tmp/tmux-501/ta-19bab105a233 err="query tmux on /tmp/tmux-501/ta-19bab105a233: exit status 1: no server running on /tmp/tmux-501/ta-19bab105a233"
time=2026-08-09T16:50:17.613+08:00 level=DEBUG msg="discovery: skipping unreachable socket" socket=/tmp/tmux-501/ta-2183ff26eaba err="query tmux on /tmp/tmux-501/ta-2183ff26eaba: exit status 1: no server running on /tmp/tmux-501/ta-2183ff26eaba"
time=2026-08-09T16:50:17.625+08:00 level=DEBUG msg="discovery: skipping unreachable socket" socket=/tmp/tmux-501/ta-27ae35442db0 err="query tmux on /tmp/tmux-501/ta-27ae35442db0: exit status 1: no server running on /tmp/tmux-501/ta-27ae35442db0"
time=2026-08-09T16:50:17.637+08:00 level=DEBUG msg="discovery: skipping unreachable socket" socket=/tmp/tmux-501/ta-29ad6c433fb0 err="query tmux on /tmp/tmux-501/ta-29ad6c433fb0: exit status 1: no server running on /tmp/tmux-501/ta-29ad6c433fb0"
time=2026-08-09T16:50:17.643+08:00 level=DEBUG msg="discovery: skipping unreachable socket" socket=/tmp/tmux-501/ta-2b2b0f6042c3 err="query tmux on /tmp/tmux-501/ta-2b2b0f6042c3: exit status 1: no server running on /tmp/tmux-501/ta-2b2b0f6042c3"
time=2026-08-09T16:50:17.650+08:00 level=DEBUG msg="discovery: skipping unreachable socket" socket=/tmp/tmux-501/ta-2d881fc24979 err="query tmux on /tmp/tmux-501/ta-2d881fc24979: exit status 1: no server running on /tmp/tmux-501/ta-2d881fc24979"
time=2026-08-09T16:50:17.656+08:00 level=DEBUG msg="discovery: skipping unreachable socket" socket=/tmp/tmux-501/ta-3511002e6186 err="query tmux on /tmp/tmux-501/ta-3511002e6186: exit status 1: no server running on /tmp/tmux-501/ta-3511002e6186"
time=2026-08-09T16:50:17.689+08:00 level=DEBUG msg="discovery: skipping unreachable socket" socket=/tmp/tmux-501/ta-670fcfc61db1 err="query tmux on /tmp/tmux-501/ta-670fcfc61db1: exit status 1: no server running on /tmp/tmux-501/ta-670fcfc61db1"
time=2026-08-09T16:50:17.696+08:00 level=DEBUG msg="discovery: skipping unreachable socket" socket=/tmp/tmux-501/ta-714648f68f78 err="query tmux on /tmp/tmux-501/ta-714648f68f78: exit status 1: no server running on /tmp/tmux-501/ta-714648f68f78"
time=2026-08-09T16:50:17.702+08:00 level=DEBUG msg="discovery: skipping unreachable socket" socket=/tmp/tmux-501/ta-76d99a0fb54d err="query tmux on /tmp/tmux-501/ta-76d99a0fb54d: exit status 1: no server running on /tmp/tmux-501/ta-76d99a0fb54d"
time=2026-08-09T16:50:17.708+08:00 level=DEBUG msg="discovery: skipping unreachable socket" socket=/tmp/tmux-501/ta-7cf3455fc7ef err="query tmux on /tmp/tmux-501/ta-7cf3455fc7ef: exit status 1: no server running on /tmp/tmux-501/ta-7cf3455fc7ef"
time=2026-08-09T16:50:17.713+08:00 level=DEBUG msg="discovery: skipping unreachable socket" socket=/tmp/tmux-501/ta-8f9301481b91 err="query tmux on /tmp/tmux-501/ta-8f9301481b91: exit status 1: no server running on /tmp/tmux-501/ta-8f9301481b91"
time=2026-08-09T16:50:17.731+08:00 level=DEBUG msg="discovery: skipping unreachable socket" socket=/tmp/tmux-501/ta-9f7ab2efc12e err="query tmux on /tmp/tmux-501/ta-9f7ab2efc12e: exit status 1: no server running on /tmp/tmux-501/ta-9f7ab2efc12e"
time=2026-08-09T16:50:17.737+08:00 level=DEBUG msg="discovery: skipping unreachable socket" socket=/tmp/tmux-501/ta-a389ed2be6d0 err="query tmux on /tmp/tmux-501/ta-a389ed2be6d0: exit status 1: no server running on /tmp/tmux-501/ta-a389ed2be6d0"
time=2026-08-09T16:50:17.767+08:00 level=DEBUG msg="discovery: skipping unreachable socket" socket=/tmp/tmux-501/ta-cca95464f764 err="query tmux on /tmp/tmux-501/ta-cca95464f764: exit status 1: no server running on /tmp/tmux-501/ta-cca95464f764"
time=2026-08-09T16:50:17.772+08:00 level=DEBUG msg="discovery: skipping unreachable socket" socket=/tmp/tmux-501/ta-d596a9f9a2a6 err="query tmux on /tmp/tmux-501/ta-d596a9f9a2a6: exit status 1: no server running on /tmp/tmux-501/ta-d596a9f9a2a6"
time=2026-08-09T16:50:17.784+08:00 level=DEBUG msg="discovery: skipping unreachable socket" socket=/tmp/tmux-501/ta-d9dc8c25f425 err="query tmux on /tmp/tmux-501/ta-d9dc8c25f425: exit status 1: no server running on /tmp/tmux-501/ta-d9dc8c25f425"
time=2026-08-09T16:50:17.790+08:00 level=DEBUG msg="discovery: skipping unreachable socket" socket=/tmp/tmux-501/ta-e4fe872351d8 err="query tmux on /tmp/tmux-501/ta-e4fe872351d8: exit status 1: no server running on /tmp/tmux-501/ta-e4fe872351d8"
time=2026-08-09T16:50:17.796+08:00 level=DEBUG msg="discovery: skipping unreachable socket" socket=/tmp/tmux-501/ta-e94aa181e16c err="query tmux on /tmp/tmux-501/ta-e94aa181e16c: exit status 1: no server running on /tmp/tmux-501/ta-e94aa181e16c"
time=2026-08-09T16:50:17.802+08:00 level=DEBUG msg="discovery: skipping unreachable socket" socket=/tmp/tmux-501/ta-ebf95952bfe3 err="query tmux on /tmp/tmux-501/ta-ebf95952bfe3: exit status 1: no server running on /tmp/tmux-501/ta-ebf95952bfe3"
time=2026-08-09T16:50:17.808+08:00 level=DEBUG msg="discovery: skipping unreachable socket" socket=/tmp/tmux-501/ta-fa2252466833 err="query tmux on /tmp/tmux-501/ta-fa2252466833: exit status 1: no server running on /tmp/tmux-501/ta-fa2252466833"
time=2026-08-09T16:50:18.308+08:00 level=DEBUG msg="discovery: skipping socket directory" dir=/tmp/e2e-l2.KhUMRL/tmux/tmux-501 err="open /tmp/e2e-l2.KhUMRL/tmux/tmux-501: no such file or directory"
time=2026-08-09T16:50:18.325+08:00 level=DEBUG msg="discovery: skipping unreachable socket" socket=/tmp/tmux-501/ta-0da65bceb372 err="query tmux on /tmp/tmux-501/ta-0da65bceb372: exit status 1: no server running on /tmp/tmux-501/ta-0da65bceb372"
time=2026-08-09T16:50:18.331+08:00 level=DEBUG msg="discovery: skipping unreachable socket" socket=/tmp/tmux-501/ta-192b3d7a4b4d err="query tmux on /tmp/tmux-501/ta-192b3d7a4b4d: exit status 1: no server running on /tmp/tmux-501/ta-192b3d7a4b4d"
time=2026-08-09T16:50:18.336+08:00 level=DEBUG msg="discovery: skipping unreachable socket" socket=/tmp/tmux-501/ta-19bab105a233 err="query tmux on /tmp/tmux-501/ta-19bab105a233: exit status 1: no server running on /tmp/tmux-501/ta-19bab105a233"
time=2026-08-09T16:50:18.342+08:00 level=DEBUG msg="discovery: skipping unreachable socket" socket=/tmp/tmux-501/ta-2183ff26eaba err="query tmux on /tmp/tmux-501/ta-2183ff26eaba: exit status 1: no server running on /tmp/tmux-501/ta-2183ff26eaba"
time=2026-08-09T16:50:18.352+08:00 level=DEBUG msg="discovery: skipping unreachable socket" socket=/tmp/tmux-501/ta-27ae35442db0 err="query tmux on /tmp/tmux-501/ta-27ae35442db0: exit status 1: no server running on /tmp/tmux-501/ta-27ae35442db0"
time=2026-08-09T16:50:18.363+08:00 level=DEBUG msg="discovery: skipping unreachable socket" socket=/tmp/tmux-501/ta-29ad6c433fb0 err="query tmux on /tmp/tmux-501/ta-29ad6c433fb0: exit status 1: no server running on /tmp/tmux-501/ta-29ad6c433fb0"
time=2026-08-09T16:50:18.368+08:00 level=DEBUG msg="discovery: skipping unreachable socket" socket=/tmp/tmux-501/ta-2b2b0f6042c3 err="query tmux on /tmp/tmux-501/ta-2b2b0f6042c3: exit status 1: no server running on /tmp/tmux-501/ta-2b2b0f6042c3"
time=2026-08-09T16:50:18.374+08:00 level=DEBUG msg="discovery: skipping unreachable socket" socket=/tmp/tmux-501/ta-2d881fc24979 err="query tmux on /tmp/tmux-501/ta-2d881fc24979: exit status 1: no server running on /tmp/tmux-501/ta-2d881fc24979"
time=2026-08-09T16:50:18.380+08:00 level=DEBUG msg="discovery: skipping unreachable socket" socket=/tmp/tmux-501/ta-3511002e6186 err="query tmux on /tmp/tmux-501/ta-3511002e6186: exit status 1: no server running on /tmp/tmux-501/ta-3511002e6186"
time=2026-08-09T16:50:18.410+08:00 level=DEBUG msg="discovery: skipping unreachable socket" socket=/tmp/tmux-501/ta-670fcfc61db1 err="query tmux on /tmp/tmux-501/ta-670fcfc61db1: exit status 1: no server running on /tmp/tmux-501/ta-670fcfc61db1"
time=2026-08-09T16:50:18.416+08:00 level=DEBUG msg="discovery: skipping unreachable socket" socket=/tmp/tmux-501/ta-714648f68f78 err="query tmux on /tmp/tmux-501/ta-714648f68f78: exit status 1: no server running on /tmp/tmux-501/ta-714648f68f78"
time=2026-08-09T16:50:18.421+08:00 level=DEBUG msg="discovery: skipping unreachable socket" socket=/tmp/tmux-501/ta-76d99a0fb54d err="query tmux on /tmp/tmux-501/ta-76d99a0fb54d: exit status 1: no server running on /tmp/tmux-501/ta-76d99a0fb54d"
time=2026-08-09T16:50:18.426+08:00 level=DEBUG msg="discovery: skipping unreachable socket" socket=/tmp/tmux-501/ta-7cf3455fc7ef err="query tmux on /tmp/tmux-501/ta-7cf3455fc7ef: exit status 1: no server running on /tmp/tmux-501/ta-7cf3455fc7ef"
time=2026-08-09T16:50:18.431+08:00 level=DEBUG msg="discovery: skipping unreachable socket" socket=/tmp/tmux-501/ta-8f9301481b91 err="query tmux on /tmp/tmux-501/ta-8f9301481b91: exit status 1: no server running on /tmp/tmux-501/ta-8f9301481b91"
time=2026-08-09T16:50:18.447+08:00 level=DEBUG msg="discovery: skipping unreachable socket" socket=/tmp/tmux-501/ta-9f7ab2efc12e err="query tmux on /tmp/tmux-501/ta-9f7ab2efc12e: exit status 1: no server running on /tmp/tmux-501/ta-9f7ab2efc12e"
time=2026-08-09T16:50:18.452+08:00 level=DEBUG msg="discovery: skipping unreachable socket" socket=/tmp/tmux-501/ta-a389ed2be6d0 err="query tmux on /tmp/tmux-501/ta-a389ed2be6d0: exit status 1: no server running on /tmp/tmux-501/ta-a389ed2be6d0"
time=2026-08-09T16:50:18.480+08:00 level=DEBUG msg="discovery: skipping unreachable socket" socket=/tmp/tmux-501/ta-cca95464f764 err="query tmux on /tmp/tmux-501/ta-cca95464f764: exit status 1: no server running on /tmp/tmux-501/ta-cca95464f764"
time=2026-08-09T16:50:18.486+08:00 level=DEBUG msg="discovery: skipping unreachable socket" socket=/tmp/tmux-501/ta-d596a9f9a2a6 err="query tmux on /tmp/tmux-501/ta-d596a9f9a2a6: exit status 1: no server running on /tmp/tmux-501/ta-d596a9f9a2a6"
time=2026-08-09T16:50:18.497+08:00 level=DEBUG msg="discovery: skipping unreachable socket" socket=/tmp/tmux-501/ta-d9dc8c25f425 err="query tmux on /tmp/tmux-501/ta-d9dc8c25f425: exit status 1: no server running on /tmp/tmux-501/ta-d9dc8c25f425"
time=2026-08-09T16:50:18.503+08:00 level=DEBUG msg="discovery: skipping unreachable socket" socket=/tmp/tmux-501/ta-e4fe872351d8 err="query tmux on /tmp/tmux-501/ta-e4fe872351d8: exit status 1: no server running on /tmp/tmux-501/ta-e4fe872351d8"
time=2026-08-09T16:50:18.508+08:00 level=DEBUG msg="discovery: skipping unreachable socket" socket=/tmp/tmux-501/ta-e94aa181e16c err="query tmux on /tmp/tmux-501/ta-e94aa181e16c: exit status 1: no server running on /tmp/tmux-501/ta-e94aa181e16c"
time=2026-08-09T16:50:18.514+08:00 level=DEBUG msg="discovery: skipping unreachable socket" socket=/tmp/tmux-501/ta-ebf95952bfe3 err="query tmux on /tmp/tmux-501/ta-ebf95952bfe3: exit status 1: no server running on /tmp/tmux-501/ta-ebf95952bfe3"
time=2026-08-09T16:50:18.519+08:00 level=DEBUG msg="discovery: skipping unreachable socket" socket=/tmp/tmux-501/ta-fa2252466833 err="query tmux on /tmp/tmux-501/ta-fa2252466833: exit status 1: no server running on /tmp/tmux-501/ta-fa2252466833"
time=2026-08-09T16:50:19.020+08:00 level=DEBUG msg="discovery: skipping socket directory" dir=/tmp/e2e-l2.KhUMRL/tmux/tmux-501 err="open /tmp/e2e-l2.KhUMRL/tmux/tmux-501: no such file or directory"
time=2026-08-09T16:50:19.037+08:00 level=DEBUG msg="discovery: skipping unreachable socket" socket=/tmp/tmux-501/ta-0da65bceb372 err="query tmux on /tmp/tmux-501/ta-0da65bceb372: exit status 1: no server running on /tmp/tmux-501/ta-0da65bceb372"
time=2026-08-09T16:50:19.043+08:00 level=DEBUG msg="discovery: skipping unreachable socket" socket=/tmp/tmux-501/ta-192b3d7a4b4d err="query tmux on /tmp/tmux-501/ta-192b3d7a4b4d: exit status 1: no server running on /tmp/tmux-501/ta-192b3d7a4b4d"
time=2026-08-09T16:50:19.048+08:00 level=DEBUG msg="discovery: skipping unreachable socket" socket=/tmp/tmux-501/ta-19bab105a233 err="query tmux on /tmp/tmux-501/ta-19bab105a233: exit status 1: no server running on /tmp/tmux-501/ta-19bab105a233"
time=2026-08-09T16:50:19.054+08:00 level=DEBUG msg="discovery: skipping unreachable socket" socket=/tmp/tmux-501/ta-2183ff26eaba err="query tmux on /tmp/tmux-501/ta-2183ff26eaba: exit status 1: no server running on /tmp/tmux-501/ta-2183ff26eaba"
time=2026-08-09T16:50:19.065+08:00 level=DEBUG msg="discovery: skipping unreachable socket" socket=/tmp/tmux-501/ta-27ae35442db0 err="query tmux on /tmp/tmux-501/ta-27ae35442db0: exit status 1: no server running on /tmp/tmux-501/ta-27ae35442db0"
time=2026-08-09T16:50:19.077+08:00 level=DEBUG msg="discovery: skipping unreachable socket" socket=/tmp/tmux-501/ta-29ad6c433fb0 err="query tmux on /tmp/tmux-501/ta-29ad6c433fb0: exit status 1: no server running on /tmp/tmux-501/ta-29ad6c433fb0"
time=2026-08-09T16:50:19.083+08:00 level=DEBUG msg="discovery: skipping unreachable socket" socket=/tmp/tmux-501/ta-2b2b0f6042c3 err="query tmux on /tmp/tmux-501/ta-2b2b0f6042c3: exit status 1: no server running on /tmp/tmux-501/ta-2b2b0f6042c3"
time=2026-08-09T16:50:19.088+08:00 level=DEBUG msg="discovery: skipping unreachable socket" socket=/tmp/tmux-501/ta-2d881fc24979 err="query tmux on /tmp/tmux-501/ta-2d881fc24979: exit status 1: no server running on /tmp/tmux-501/ta-2d881fc24979"
time=2026-08-09T16:50:19.093+08:00 level=DEBUG msg="discovery: skipping unreachable socket" socket=/tmp/tmux-501/ta-3511002e6186 err="query tmux on /tmp/tmux-501/ta-3511002e6186: exit status 1: no server running on /tmp/tmux-501/ta-3511002e6186"
time=2026-08-09T16:50:19.115+08:00 level=DEBUG msg="discovery: skipping unreachable socket" socket=/tmp/tmux-501/ta-6342c0c3daec err="query tmux on /tmp/tmux-501/ta-6342c0c3daec: exit status 1: no server running on /tmp/tmux-501/ta-6342c0c3daec"
time=2026-08-09T16:50:19.120+08:00 level=DEBUG msg="discovery: skipping unreachable socket" socket=/tmp/tmux-501/ta-670fcfc61db1 err="query tmux on /tmp/tmux-501/ta-670fcfc61db1: exit status 1: no server running on /tmp/tmux-501/ta-670fcfc61db1"
time=2026-08-09T16:50:19.125+08:00 level=DEBUG msg="discovery: skipping unreachable socket" socket=/tmp/tmux-501/ta-714648f68f78 err="query tmux on /tmp/tmux-501/ta-714648f68f78: exit status 1: no server running on /tmp/tmux-501/ta-714648f68f78"
time=2026-08-09T16:50:19.130+08:00 level=DEBUG msg="discovery: skipping unreachable socket" socket=/tmp/tmux-501/ta-76d99a0fb54d err="query tmux on /tmp/tmux-501/ta-76d99a0fb54d: exit status 1: no server running on /tmp/tmux-501/ta-76d99a0fb54d"
time=2026-08-09T16:50:19.135+08:00 level=DEBUG msg="discovery: skipping unreachable socket" socket=/tmp/tmux-501/ta-7cf3455fc7ef err="query tmux on /tmp/tmux-501/ta-7cf3455fc7ef: exit status 1: no server running on /tmp/tmux-501/ta-7cf3455fc7ef"
time=2026-08-09T16:50:19.140+08:00 level=DEBUG msg="discovery: skipping unreachable socket" socket=/tmp/tmux-501/ta-8f9301481b91 err="query tmux on /tmp/tmux-501/ta-8f9301481b91: exit status 1: no server running on /tmp/tmux-501/ta-8f9301481b91"
time=2026-08-09T16:50:19.160+08:00 level=DEBUG msg="discovery: skipping unreachable socket" socket=/tmp/tmux-501/ta-9f7ab2efc12e err="query tmux on /tmp/tmux-501/ta-9f7ab2efc12e: exit status 1: no server running on /tmp/tmux-501/ta-9f7ab2efc12e"
time=2026-08-09T16:50:19.165+08:00 level=DEBUG msg="discovery: skipping unreachable socket" socket=/tmp/tmux-501/ta-a389ed2be6d0 err="query tmux on /tmp/tmux-501/ta-a389ed2be6d0: exit status 1: no server running on /tmp/tmux-501/ta-a389ed2be6d0"
time=2026-08-09T16:50:19.193+08:00 level=DEBUG msg="discovery: skipping unreachable socket" socket=/tmp/tmux-501/ta-d596a9f9a2a6 err="query tmux on /tmp/tmux-501/ta-d596a9f9a2a6: exit status 1: no server running on /tmp/tmux-501/ta-d596a9f9a2a6"
time=2026-08-09T16:50:19.204+08:00 level=DEBUG msg="discovery: skipping unreachable socket" socket=/tmp/tmux-501/ta-d9dc8c25f425 err="query tmux on /tmp/tmux-501/ta-d9dc8c25f425: exit status 1: no server running on /tmp/tmux-501/ta-d9dc8c25f425"
time=2026-08-09T16:50:19.210+08:00 level=DEBUG msg="discovery: skipping unreachable socket" socket=/tmp/tmux-501/ta-e4fe872351d8 err="query tmux on /tmp/tmux-501/ta-e4fe872351d8: exit status 1: no server running on /tmp/tmux-501/ta-e4fe872351d8"
time=2026-08-09T16:50:19.215+08:00 level=DEBUG msg="discovery: skipping unreachable socket" socket=/tmp/tmux-501/ta-e94aa181e16c err="query tmux on /tmp/tmux-501/ta-e94aa181e16c: exit status 1: no server running on /tmp/tmux-501/ta-e94aa181e16c"
time=2026-08-09T16:50:19.220+08:00 level=DEBUG msg="discovery: skipping unreachable socket" socket=/tmp/tmux-501/ta-ebf95952bfe3 err="query tmux on /tmp/tmux-501/ta-ebf95952bfe3: exit status 1: no server running on /tmp/tmux-501/ta-ebf95952bfe3"
time=2026-08-09T16:50:19.227+08:00 level=DEBUG msg="discovery: skipping unreachable socket" socket=/tmp/tmux-501/ta-fa2252466833 err="query tmux on /tmp/tmux-501/ta-fa2252466833: exit status 1: no server running on /tmp/tmux-501/ta-fa2252466833"
time=2026-08-09T16:50:19.548+08:00 level=DEBUG msg="state: sample failed" ref="/tmp/tmux-501/ta-917227d70422\x1f%0" err="capture pane %0 on /tmp/tmux-501/ta-917227d70422: exit status 1"
time=2026-08-09T16:50:19.729+08:00 level=DEBUG msg="discovery: skipping socket directory" dir=/tmp/e2e-l2.KhUMRL/tmux/tmux-501 err="open /tmp/e2e-l2.KhUMRL/tmux/tmux-501: no such file or directory"
time=2026-08-09T16:50:19.748+08:00 level=DEBUG msg="discovery: skipping unreachable socket" socket=/tmp/tmux-501/ta-0da65bceb372 err="query tmux on /tmp/tmux-501/ta-0da65bceb372: exit status 1: no server running on /tmp/tmux-501/ta-0da65bceb372"
time=2026-08-09T16:50:19.754+08:00 level=DEBUG msg="discovery: skipping unreachable socket" socket=/tmp/tmux-501/ta-192b3d7a4b4d err="query tmux on /tmp/tmux-501/ta-192b3d7a4b4d: exit status 1: no server running on /tmp/tmux-501/ta-192b3d7a4b4d"
time=2026-08-09T16:50:19.760+08:00 level=DEBUG msg="discovery: skipping unreachable socket" socket=/tmp/tmux-501/ta-19bab105a233 err="query tmux on /tmp/tmux-501/ta-19bab105a233: exit status 1: no server running on /tmp/tmux-501/ta-19bab105a233"
time=2026-08-09T16:50:19.765+08:00 level=DEBUG msg="discovery: skipping unreachable socket" socket=/tmp/tmux-501/ta-2183ff26eaba err="query tmux on /tmp/tmux-501/ta-2183ff26eaba: exit status 1: no server running on /tmp/tmux-501/ta-2183ff26eaba"
time=2026-08-09T16:50:19.776+08:00 level=DEBUG msg="discovery: skipping unreachable socket" socket=/tmp/tmux-501/ta-27ae35442db0 err="query tmux on /tmp/tmux-501/ta-27ae35442db0: exit status 1: no server running on /tmp/tmux-501/ta-27ae35442db0"
time=2026-08-09T16:50:19.787+08:00 level=DEBUG msg="discovery: skipping unreachable socket" socket=/tmp/tmux-501/ta-29ad6c433fb0 err="query tmux on /tmp/tmux-501/ta-29ad6c433fb0: exit status 1: no server running on /tmp/tmux-501/ta-29ad6c433fb0"
time=2026-08-09T16:50:19.793+08:00 level=DEBUG msg="discovery: skipping unreachable socket" socket=/tmp/tmux-501/ta-2b2b0f6042c3 err="query tmux on /tmp/tmux-501/ta-2b2b0f6042c3: exit status 1: no server running on /tmp/tmux-501/ta-2b2b0f6042c3"
time=2026-08-09T16:50:19.798+08:00 level=DEBUG msg="discovery: skipping unreachable socket" socket=/tmp/tmux-501/ta-2d881fc24979 err="query tmux on /tmp/tmux-501/ta-2d881fc24979: exit status 1: no server running on /tmp/tmux-501/ta-2d881fc24979"
time=2026-08-09T16:50:19.803+08:00 level=DEBUG msg="discovery: skipping unreachable socket" socket=/tmp/tmux-501/ta-3511002e6186 err="query tmux on /tmp/tmux-501/ta-3511002e6186: exit status 1: no server running on /tmp/tmux-501/ta-3511002e6186"
time=2026-08-09T16:50:19.826+08:00 level=DEBUG msg="discovery: skipping unreachable socket" socket=/tmp/tmux-501/ta-6342c0c3daec err="query tmux on /tmp/tmux-501/ta-6342c0c3daec: exit status 1: no server running on /tmp/tmux-501/ta-6342c0c3daec"
time=2026-08-09T16:50:19.832+08:00 level=DEBUG msg="discovery: skipping unreachable socket" socket=/tmp/tmux-501/ta-670fcfc61db1 err="query tmux on /tmp/tmux-501/ta-670fcfc61db1: exit status 1: no server running on /tmp/tmux-501/ta-670fcfc61db1"
time=2026-08-09T16:50:19.838+08:00 level=DEBUG msg="discovery: skipping unreachable socket" socket=/tmp/tmux-501/ta-714648f68f78 err="query tmux on /tmp/tmux-501/ta-714648f68f78: exit status 1: no server running on /tmp/tmux-501/ta-714648f68f78"
time=2026-08-09T16:50:19.844+08:00 level=DEBUG msg="discovery: skipping unreachable socket" socket=/tmp/tmux-501/ta-76d99a0fb54d err="query tmux on /tmp/tmux-501/ta-76d99a0fb54d: exit status 1: no server running on /tmp/tmux-501/ta-76d99a0fb54d"
time=2026-08-09T16:50:19.849+08:00 level=DEBUG msg="discovery: skipping unreachable socket" socket=/tmp/tmux-501/ta-7cf3455fc7ef err="query tmux on /tmp/tmux-501/ta-7cf3455fc7ef: exit status 1: no server running on /tmp/tmux-501/ta-7cf3455fc7ef"
time=2026-08-09T16:50:19.855+08:00 level=DEBUG msg="discovery: skipping unreachable socket" socket=/tmp/tmux-501/ta-8f9301481b91 err="query tmux on /tmp/tmux-501/ta-8f9301481b91: exit status 1: no server running on /tmp/tmux-501/ta-8f9301481b91"
time=2026-08-09T16:50:19.860+08:00 level=DEBUG msg="discovery: skipping unreachable socket" socket=/tmp/tmux-501/ta-917227d70422 err="query tmux on /tmp/tmux-501/ta-917227d70422: exit status 1: no server running on /tmp/tmux-501/ta-917227d70422"
time=2026-08-09T16:50:19.878+08:00 level=DEBUG msg="discovery: skipping unreachable socket" socket=/tmp/tmux-501/ta-9f7ab2efc12e err="query tmux on /tmp/tmux-501/ta-9f7ab2efc12e: exit status 1: no server running on /tmp/tmux-501/ta-9f7ab2efc12e"
time=2026-08-09T16:50:19.883+08:00 level=DEBUG msg="discovery: skipping unreachable socket" socket=/tmp/tmux-501/ta-a389ed2be6d0 err="query tmux on /tmp/tmux-501/ta-a389ed2be6d0: exit status 1: no server running on /tmp/tmux-501/ta-a389ed2be6d0"
time=2026-08-09T16:50:19.913+08:00 level=DEBUG msg="discovery: skipping unreachable socket" socket=/tmp/tmux-501/ta-d596a9f9a2a6 err="query tmux on /tmp/tmux-501/ta-d596a9f9a2a6: exit status 1: no server running on /tmp/tmux-501/ta-d596a9f9a2a6"
time=2026-08-09T16:50:19.924+08:00 level=DEBUG msg="discovery: skipping unreachable socket" socket=/tmp/tmux-501/ta-d9dc8c25f425 err="query tmux on /tmp/tmux-501/ta-d9dc8c25f425: exit status 1: no server running on /tmp/tmux-501/ta-d9dc8c25f425"
time=2026-08-09T16:50:19.930+08:00 level=DEBUG msg="discovery: skipping unreachable socket" socket=/tmp/tmux-501/ta-e4fe872351d8 err="query tmux on /tmp/tmux-501/ta-e4fe872351d8: exit status 1: no server running on /tmp/tmux-501/ta-e4fe872351d8"
time=2026-08-09T16:50:19.935+08:00 level=DEBUG msg="discovery: skipping unreachable socket" socket=/tmp/tmux-501/ta-e94aa181e16c err="query tmux on /tmp/tmux-501/ta-e94aa181e16c: exit status 1: no server running on /tmp/tmux-501/ta-e94aa181e16c"
time=2026-08-09T16:50:19.940+08:00 level=DEBUG msg="discovery: skipping unreachable socket" socket=/tmp/tmux-501/ta-ebf95952bfe3 err="query tmux on /tmp/tmux-501/ta-ebf95952bfe3: exit status 1: no server running on /tmp/tmux-501/ta-ebf95952bfe3"
time=2026-08-09T16:50:19.946+08:00 level=DEBUG msg="discovery: skipping unreachable socket" socket=/tmp/tmux-501/ta-fa2252466833 err="query tmux on /tmp/tmux-501/ta-fa2252466833: exit status 1: no server running on /tmp/tmux-501/ta-fa2252466833"
time=2026-08-09T16:50:20.446+08:00 level=DEBUG msg="discovery: skipping socket directory" dir=/tmp/e2e-l2.KhUMRL/tmux/tmux-501 err="open /tmp/e2e-l2.KhUMRL/tmux/tmux-501: no such file or directory"
time=2026-08-09T16:50:20.464+08:00 level=DEBUG msg="discovery: skipping unreachable socket" socket=/tmp/tmux-501/ta-0da65bceb372 err="query tmux on /tmp/tmux-501/ta-0da65bceb372: exit status 1: no server running on /tmp/tmux-501/ta-0da65bceb372"
time=2026-08-09T16:50:20.471+08:00 level=DEBUG msg="discovery: skipping unreachable socket" socket=/tmp/tmux-501/ta-192b3d7a4b4d err="query tmux on /tmp/tmux-501/ta-192b3d7a4b4d: exit status 1: no server running on /tmp/tmux-501/ta-192b3d7a4b4d"
time=2026-08-09T16:50:20.477+08:00 level=DEBUG msg="discovery: skipping unreachable socket" socket=/tmp/tmux-501/ta-19bab105a233 err="query tmux on /tmp/tmux-501/ta-19bab105a233: exit status 1: no server running on /tmp/tmux-501/ta-19bab105a233"
time=2026-08-09T16:50:20.484+08:00 level=DEBUG msg="discovery: skipping unreachable socket" socket=/tmp/tmux-501/ta-2183ff26eaba err="query tmux on /tmp/tmux-501/ta-2183ff26eaba: exit status 1: no server running on /tmp/tmux-501/ta-2183ff26eaba"
time=2026-08-09T16:50:20.501+08:00 level=DEBUG msg="discovery: skipping unreachable socket" socket=/tmp/tmux-501/ta-27ae35442db0 err="query tmux on /tmp/tmux-501/ta-27ae35442db0: exit status 1: no server running on /tmp/tmux-501/ta-27ae35442db0"
time=2026-08-09T16:50:20.513+08:00 level=DEBUG msg="discovery: skipping unreachable socket" socket=/tmp/tmux-501/ta-29ad6c433fb0 err="query tmux on /tmp/tmux-501/ta-29ad6c433fb0: exit status 1: no server running on /tmp/tmux-501/ta-29ad6c433fb0"
time=2026-08-09T16:50:20.518+08:00 level=DEBUG msg="discovery: skipping unreachable socket" socket=/tmp/tmux-501/ta-2b2b0f6042c3 err="query tmux on /tmp/tmux-501/ta-2b2b0f6042c3: exit status 1: no server running on /tmp/tmux-501/ta-2b2b0f6042c3"
time=2026-08-09T16:50:20.524+08:00 level=DEBUG msg="discovery: skipping unreachable socket" socket=/tmp/tmux-501/ta-2d881fc24979 err="query tmux on /tmp/tmux-501/ta-2d881fc24979: exit status 1: no server running on /tmp/tmux-501/ta-2d881fc24979"
time=2026-08-09T16:50:20.530+08:00 level=DEBUG msg="discovery: skipping unreachable socket" socket=/tmp/tmux-501/ta-3511002e6186 err="query tmux on /tmp/tmux-501/ta-3511002e6186: exit status 1: no server running on /tmp/tmux-501/ta-3511002e6186"
time=2026-08-09T16:50:20.552+08:00 level=DEBUG msg="discovery: skipping unreachable socket" socket=/tmp/tmux-501/ta-670fcfc61db1 err="query tmux on /tmp/tmux-501/ta-670fcfc61db1: exit status 1: no server running on /tmp/tmux-501/ta-670fcfc61db1"
time=2026-08-09T16:50:20.558+08:00 level=DEBUG msg="discovery: skipping unreachable socket" socket=/tmp/tmux-501/ta-714648f68f78 err="query tmux on /tmp/tmux-501/ta-714648f68f78: exit status 1: no server running on /tmp/tmux-501/ta-714648f68f78"
time=2026-08-09T16:50:20.564+08:00 level=DEBUG msg="discovery: skipping unreachable socket" socket=/tmp/tmux-501/ta-76d99a0fb54d err="query tmux on /tmp/tmux-501/ta-76d99a0fb54d: exit status 1: no server running on /tmp/tmux-501/ta-76d99a0fb54d"
time=2026-08-09T16:50:20.570+08:00 level=DEBUG msg="discovery: skipping unreachable socket" socket=/tmp/tmux-501/ta-7cf3455fc7ef err="query tmux on /tmp/tmux-501/ta-7cf3455fc7ef: exit status 1: no server running on /tmp/tmux-501/ta-7cf3455fc7ef"
time=2026-08-09T16:50:20.575+08:00 level=DEBUG msg="discovery: skipping unreachable socket" socket=/tmp/tmux-501/ta-887a7217e9f0 err="query tmux on /tmp/tmux-501/ta-887a7217e9f0: exit status 1: no server running on /tmp/tmux-501/ta-887a7217e9f0"
time=2026-08-09T16:50:20.580+08:00 level=DEBUG msg="discovery: skipping unreachable socket" socket=/tmp/tmux-501/ta-8f9301481b91 err="query tmux on /tmp/tmux-501/ta-8f9301481b91: exit status 1: no server running on /tmp/tmux-501/ta-8f9301481b91"
time=2026-08-09T16:50:20.586+08:00 level=DEBUG msg="discovery: skipping unreachable socket" socket=/tmp/tmux-501/ta-917227d70422 err="query tmux on /tmp/tmux-501/ta-917227d70422: exit status 1: error connecting to /tmp/tmux-501/ta-917227d70422 (No such file or directory)"
time=2026-08-09T16:50:20.603+08:00 level=DEBUG msg="discovery: skipping unreachable socket" socket=/tmp/tmux-501/ta-9f7ab2efc12e err="query tmux on /tmp/tmux-501/ta-9f7ab2efc12e: exit status 1: no server running on /tmp/tmux-501/ta-9f7ab2efc12e"
time=2026-08-09T16:50:20.608+08:00 level=DEBUG msg="discovery: skipping unreachable socket" socket=/tmp/tmux-501/ta-a389ed2be6d0 err="query tmux on /tmp/tmux-501/ta-a389ed2be6d0: exit status 1: no server running on /tmp/tmux-501/ta-a389ed2be6d0"
time=2026-08-09T16:50:20.636+08:00 level=DEBUG msg="discovery: skipping unreachable socket" socket=/tmp/tmux-501/ta-d596a9f9a2a6 err="query tmux on /tmp/tmux-501/ta-d596a9f9a2a6: exit status 1: no server running on /tmp/tmux-501/ta-d596a9f9a2a6"
time=2026-08-09T16:50:20.647+08:00 level=DEBUG msg="discovery: skipping unreachable socket" socket=/tmp/tmux-501/ta-d9dc8c25f425 err="query tmux on /tmp/tmux-501/ta-d9dc8c25f425: exit status 1: no server running on /tmp/tmux-501/ta-d9dc8c25f425"
time=2026-08-09T16:50:20.653+08:00 level=DEBUG msg="discovery: skipping unreachable socket" socket=/tmp/tmux-501/ta-e4fe872351d8 err="query tmux on /tmp/tmux-501/ta-e4fe872351d8: exit status 1: no server running on /tmp/tmux-501/ta-e4fe872351d8"
time=2026-08-09T16:50:20.658+08:00 level=DEBUG msg="discovery: skipping unreachable socket" socket=/tmp/tmux-501/ta-e94aa181e16c err="query tmux on /tmp/tmux-501/ta-e94aa181e16c: exit status 1: no server running on /tmp/tmux-501/ta-e94aa181e16c"
time=2026-08-09T16:50:20.664+08:00 level=DEBUG msg="discovery: skipping unreachable socket" socket=/tmp/tmux-501/ta-ebf95952bfe3 err="query tmux on /tmp/tmux-501/ta-ebf95952bfe3: exit status 1: no server running on /tmp/tmux-501/ta-ebf95952bfe3"
time=2026-08-09T16:50:20.669+08:00 level=DEBUG msg="discovery: skipping unreachable socket" socket=/tmp/tmux-501/ta-fa2252466833 err="query tmux on /tmp/tmux-501/ta-fa2252466833: exit status 1: no server running on /tmp/tmux-501/ta-fa2252466833"
time=2026-08-09T16:50:20.670+08:00 level=DEBUG msg="listing: no changes"
time=2026-08-09T16:50:21.171+08:00 level=DEBUG msg="discovery: skipping socket directory" dir=/tmp/e2e-l2.KhUMRL/tmux/tmux-501 err="open /tmp/e2e-l2.KhUMRL/tmux/tmux-501: no such file or directory"
time=2026-08-09T16:50:21.187+08:00 level=DEBUG msg="discovery: skipping unreachable socket" socket=/tmp/tmux-501/ta-0da65bceb372 err="query tmux on /tmp/tmux-501/ta-0da65bceb372: exit status 1: no server running on /tmp/tmux-501/ta-0da65bceb372"
time=2026-08-09T16:50:21.193+08:00 level=DEBUG msg="discovery: skipping unreachable socket" socket=/tmp/tmux-501/ta-192b3d7a4b4d err="query tmux on /tmp/tmux-501/ta-192b3d7a4b4d: exit status 1: no server running on /tmp/tmux-501/ta-192b3d7a4b4d"
time=2026-08-09T16:50:21.198+08:00 level=DEBUG msg="discovery: skipping unreachable socket" socket=/tmp/tmux-501/ta-19bab105a233 err="query tmux on /tmp/tmux-501/ta-19bab105a233: exit status 1: no server running on /tmp/tmux-501/ta-19bab105a233"
time=2026-08-09T16:50:21.204+08:00 level=DEBUG msg="discovery: skipping unreachable socket" socket=/tmp/tmux-501/ta-2183ff26eaba err="query tmux on /tmp/tmux-501/ta-2183ff26eaba: exit status 1: no server running on /tmp/tmux-501/ta-2183ff26eaba"
time=2026-08-09T16:50:21.215+08:00 level=DEBUG msg="discovery: skipping unreachable socket" socket=/tmp/tmux-501/ta-27ae35442db0 err="query tmux on /tmp/tmux-501/ta-27ae35442db0: exit status 1: no server running on /tmp/tmux-501/ta-27ae35442db0"
time=2026-08-09T16:50:21.226+08:00 level=DEBUG msg="discovery: skipping unreachable socket" socket=/tmp/tmux-501/ta-29ad6c433fb0 err="query tmux on /tmp/tmux-501/ta-29ad6c433fb0: exit status 1: no server running on /tmp/tmux-501/ta-29ad6c433fb0"
time=2026-08-09T16:50:21.231+08:00 level=DEBUG msg="discovery: skipping unreachable socket" socket=/tmp/tmux-501/ta-2b2b0f6042c3 err="query tmux on /tmp/tmux-501/ta-2b2b0f6042c3: exit status 1: no server running on /tmp/tmux-501/ta-2b2b0f6042c3"
time=2026-08-09T16:50:21.236+08:00 level=DEBUG msg="discovery: skipping unreachable socket" socket=/tmp/tmux-501/ta-2d881fc24979 err="query tmux on /tmp/tmux-501/ta-2d881fc24979: exit status 1: no server running on /tmp/tmux-501/ta-2d881fc24979"
time=2026-08-09T16:50:21.242+08:00 level=DEBUG msg="discovery: skipping unreachable socket" socket=/tmp/tmux-501/ta-3511002e6186 err="query tmux on /tmp/tmux-501/ta-3511002e6186: exit status 1: no server running on /tmp/tmux-501/ta-3511002e6186"
time=2026-08-09T16:50:21.247+08:00 level=DEBUG msg="discovery: skipping unreachable socket" socket=/tmp/tmux-501/ta-3b9b933ccab9 err="query tmux on /tmp/tmux-501/ta-3b9b933ccab9: exit status 1: no server running on /tmp/tmux-501/ta-3b9b933ccab9"
time=2026-08-09T16:50:21.268+08:00 level=DEBUG msg="discovery: skipping unreachable socket" socket=/tmp/tmux-501/ta-670fcfc61db1 err="query tmux on /tmp/tmux-501/ta-670fcfc61db1: exit status 1: no server running on /tmp/tmux-501/ta-670fcfc61db1"
time=2026-08-09T16:50:21.273+08:00 level=DEBUG msg="discovery: skipping unreachable socket" socket=/tmp/tmux-501/ta-714648f68f78 err="query tmux on /tmp/tmux-501/ta-714648f68f78: exit status 1: no server running on /tmp/tmux-501/ta-714648f68f78"
time=2026-08-09T16:50:21.279+08:00 level=DEBUG msg="discovery: skipping unreachable socket" socket=/tmp/tmux-501/ta-76d99a0fb54d err="query tmux on /tmp/tmux-501/ta-76d99a0fb54d: exit status 1: no server running on /tmp/tmux-501/ta-76d99a0fb54d"
time=2026-08-09T16:50:21.284+08:00 level=DEBUG msg="discovery: skipping unreachable socket" socket=/tmp/tmux-501/ta-7cf3455fc7ef err="query tmux on /tmp/tmux-501/ta-7cf3455fc7ef: exit status 1: no server running on /tmp/tmux-501/ta-7cf3455fc7ef"
time=2026-08-09T16:50:21.290+08:00 level=DEBUG msg="discovery: skipping unreachable socket" socket=/tmp/tmux-501/ta-887a7217e9f0 err="query tmux on /tmp/tmux-501/ta-887a7217e9f0: exit status 1: no server running on /tmp/tmux-501/ta-887a7217e9f0"
time=2026-08-09T16:50:21.295+08:00 level=DEBUG msg="discovery: skipping unreachable socket" socket=/tmp/tmux-501/ta-8f9301481b91 err="query tmux on /tmp/tmux-501/ta-8f9301481b91: exit status 1: no server running on /tmp/tmux-501/ta-8f9301481b91"
time=2026-08-09T16:50:21.312+08:00 level=DEBUG msg="discovery: skipping unreachable socket" socket=/tmp/tmux-501/ta-9f7ab2efc12e err="query tmux on /tmp/tmux-501/ta-9f7ab2efc12e: exit status 1: no server running on /tmp/tmux-501/ta-9f7ab2efc12e"
time=2026-08-09T16:50:21.317+08:00 level=DEBUG msg="discovery: skipping unreachable socket" socket=/tmp/tmux-501/ta-a389ed2be6d0 err="query tmux on /tmp/tmux-501/ta-a389ed2be6d0: exit status 1: no server running on /tmp/tmux-501/ta-a389ed2be6d0"
time=2026-08-09T16:50:21.343+08:00 level=DEBUG msg="discovery: skipping unreachable socket" socket=/tmp/tmux-501/ta-d596a9f9a2a6 err="query tmux on /tmp/tmux-501/ta-d596a9f9a2a6: exit status 1: no server running on /tmp/tmux-501/ta-d596a9f9a2a6"
time=2026-08-09T16:50:21.354+08:00 level=DEBUG msg="discovery: skipping unreachable socket" socket=/tmp/tmux-501/ta-d9dc8c25f425 err="query tmux on /tmp/tmux-501/ta-d9dc8c25f425: exit status 1: no server running on /tmp/tmux-501/ta-d9dc8c25f425"
time=2026-08-09T16:50:21.359+08:00 level=DEBUG msg="discovery: skipping unreachable socket" socket=/tmp/tmux-501/ta-e4fe872351d8 err="query tmux on /tmp/tmux-501/ta-e4fe872351d8: exit status 1: no server running on /tmp/tmux-501/ta-e4fe872351d8"
time=2026-08-09T16:50:21.363+08:00 level=DEBUG msg="discovery: skipping unreachable socket" socket=/tmp/tmux-501/ta-e94aa181e16c err="query tmux on /tmp/tmux-501/ta-e94aa181e16c: exit status 1: no server running on /tmp/tmux-501/ta-e94aa181e16c"
time=2026-08-09T16:50:21.368+08:00 level=DEBUG msg="discovery: skipping unreachable socket" socket=/tmp/tmux-501/ta-ebf95952bfe3 err="query tmux on /tmp/tmux-501/ta-ebf95952bfe3: exit status 1: no server running on /tmp/tmux-501/ta-ebf95952bfe3"
time=2026-08-09T16:50:21.373+08:00 level=DEBUG msg="discovery: skipping unreachable socket" socket=/tmp/tmux-501/ta-fa2252466833 err="query tmux on /tmp/tmux-501/ta-fa2252466833: exit status 1: no server running on /tmp/tmux-501/ta-fa2252466833"
time=2026-08-09T16:50:21.373+08:00 level=DEBUG msg="listing: no changes"
time=2026-08-09T16:50:21.873+08:00 level=DEBUG msg="discovery: skipping socket directory" dir=/tmp/e2e-l2.KhUMRL/tmux/tmux-501 err="open /tmp/e2e-l2.KhUMRL/tmux/tmux-501: no such file or directory"
time=2026-08-09T16:50:21.889+08:00 level=DEBUG msg="discovery: skipping unreachable socket" socket=/tmp/tmux-501/ta-0da65bceb372 err="query tmux on /tmp/tmux-501/ta-0da65bceb372: exit status 1: no server running on /tmp/tmux-501/ta-0da65bceb372"
time=2026-08-09T16:50:21.894+08:00 level=DEBUG msg="discovery: skipping unreachable socket" socket=/tmp/tmux-501/ta-192b3d7a4b4d err="query tmux on /tmp/tmux-501/ta-192b3d7a4b4d: exit status 1: no server running on /tmp/tmux-501/ta-192b3d7a4b4d"
time=2026-08-09T16:50:21.899+08:00 level=DEBUG msg="discovery: skipping unreachable socket" socket=/tmp/tmux-501/ta-19bab105a233 err="query tmux on /tmp/tmux-501/ta-19bab105a233: exit status 1: no server running on /tmp/tmux-501/ta-19bab105a233"
time=2026-08-09T16:50:21.905+08:00 level=DEBUG msg="discovery: skipping unreachable socket" socket=/tmp/tmux-501/ta-2183ff26eaba err="query tmux on /tmp/tmux-501/ta-2183ff26eaba: exit status 1: no server running on /tmp/tmux-501/ta-2183ff26eaba"
time=2026-08-09T16:50:21.916+08:00 level=DEBUG msg="discovery: skipping unreachable socket" socket=/tmp/tmux-501/ta-27ae35442db0 err="query tmux on /tmp/tmux-501/ta-27ae35442db0: exit status 1: no server running on /tmp/tmux-501/ta-27ae35442db0"
time=2026-08-09T16:50:21.926+08:00 level=DEBUG msg="discovery: skipping unreachable socket" socket=/tmp/tmux-501/ta-29ad6c433fb0 err="query tmux on /tmp/tmux-501/ta-29ad6c433fb0: exit status 1: no server running on /tmp/tmux-501/ta-29ad6c433fb0"
time=2026-08-09T16:50:21.932+08:00 level=DEBUG msg="discovery: skipping unreachable socket" socket=/tmp/tmux-501/ta-2b2b0f6042c3 err="query tmux on /tmp/tmux-501/ta-2b2b0f6042c3: exit status 1: no server running on /tmp/tmux-501/ta-2b2b0f6042c3"
time=2026-08-09T16:50:21.936+08:00 level=DEBUG msg="discovery: skipping unreachable socket" socket=/tmp/tmux-501/ta-2d881fc24979 err="query tmux on /tmp/tmux-501/ta-2d881fc24979: exit status 1: no server running on /tmp/tmux-501/ta-2d881fc24979"
time=2026-08-09T16:50:21.941+08:00 level=DEBUG msg="discovery: skipping unreachable socket" socket=/tmp/tmux-501/ta-3511002e6186 err="query tmux on /tmp/tmux-501/ta-3511002e6186: exit status 1: no server running on /tmp/tmux-501/ta-3511002e6186"
time=2026-08-09T16:50:21.946+08:00 level=DEBUG msg="discovery: skipping unreachable socket" socket=/tmp/tmux-501/ta-3b9b933ccab9 err="query tmux on /tmp/tmux-501/ta-3b9b933ccab9: exit status 1: no server running on /tmp/tmux-501/ta-3b9b933ccab9"
time=2026-08-09T16:50:21.968+08:00 level=DEBUG msg="discovery: skipping unreachable socket" socket=/tmp/tmux-501/ta-670fcfc61db1 err="query tmux on /tmp/tmux-501/ta-670fcfc61db1: exit status 1: no server running on /tmp/tmux-501/ta-670fcfc61db1"
time=2026-08-09T16:50:21.973+08:00 level=DEBUG msg="discovery: skipping unreachable socket" socket=/tmp/tmux-501/ta-714648f68f78 err="query tmux on /tmp/tmux-501/ta-714648f68f78: exit status 1: no server running on /tmp/tmux-501/ta-714648f68f78"
time=2026-08-09T16:50:21.978+08:00 level=DEBUG msg="discovery: skipping unreachable socket" socket=/tmp/tmux-501/ta-76d99a0fb54d err="query tmux on /tmp/tmux-501/ta-76d99a0fb54d: exit status 1: no server running on /tmp/tmux-501/ta-76d99a0fb54d"
time=2026-08-09T16:50:21.984+08:00 level=DEBUG msg="discovery: skipping unreachable socket" socket=/tmp/tmux-501/ta-7cf3455fc7ef err="query tmux on /tmp/tmux-501/ta-7cf3455fc7ef: exit status 1: no server running on /tmp/tmux-501/ta-7cf3455fc7ef"
time=2026-08-09T16:50:21.988+08:00 level=DEBUG msg="discovery: skipping unreachable socket" socket=/tmp/tmux-501/ta-8f9301481b91 err="query tmux on /tmp/tmux-501/ta-8f9301481b91: exit status 1: no server running on /tmp/tmux-501/ta-8f9301481b91"
time=2026-08-09T16:50:22.004+08:00 level=DEBUG msg="discovery: skipping unreachable socket" socket=/tmp/tmux-501/ta-9f7ab2efc12e err="query tmux on /tmp/tmux-501/ta-9f7ab2efc12e: exit status 1: no server running on /tmp/tmux-501/ta-9f7ab2efc12e"
time=2026-08-09T16:50:22.009+08:00 level=DEBUG msg="discovery: skipping unreachable socket" socket=/tmp/tmux-501/ta-a389ed2be6d0 err="query tmux on /tmp/tmux-501/ta-a389ed2be6d0: exit status 1: no server running on /tmp/tmux-501/ta-a389ed2be6d0"
time=2026-08-09T16:50:22.040+08:00 level=DEBUG msg="discovery: skipping unreachable socket" socket=/tmp/tmux-501/ta-d596a9f9a2a6 err="query tmux on /tmp/tmux-501/ta-d596a9f9a2a6: exit status 1: no server running on /tmp/tmux-501/ta-d596a9f9a2a6"
time=2026-08-09T16:50:22.051+08:00 level=DEBUG msg="discovery: skipping unreachable socket" socket=/tmp/tmux-501/ta-d9dc8c25f425 err="query tmux on /tmp/tmux-501/ta-d9dc8c25f425: exit status 1: no server running on /tmp/tmux-501/ta-d9dc8c25f425"
time=2026-08-09T16:50:22.056+08:00 level=DEBUG msg="discovery: skipping unreachable socket" socket=/tmp/tmux-501/ta-e4fe872351d8 err="query tmux on /tmp/tmux-501/ta-e4fe872351d8: exit status 1: no server running on /tmp/tmux-501/ta-e4fe872351d8"
time=2026-08-09T16:50:22.062+08:00 level=DEBUG msg="discovery: skipping unreachable socket" socket=/tmp/tmux-501/ta-e94aa181e16c err="query tmux on /tmp/tmux-501/ta-e94aa181e16c: exit status 1: no server running on /tmp/tmux-501/ta-e94aa181e16c"
time=2026-08-09T16:50:22.067+08:00 level=DEBUG msg="discovery: skipping unreachable socket" socket=/tmp/tmux-501/ta-ebf95952bfe3 err="query tmux on /tmp/tmux-501/ta-ebf95952bfe3: exit status 1: no server running on /tmp/tmux-501/ta-ebf95952bfe3"
time=2026-08-09T16:50:22.073+08:00 level=DEBUG msg="discovery: skipping unreachable socket" socket=/tmp/tmux-501/ta-fa2252466833 err="query tmux on /tmp/tmux-501/ta-fa2252466833: exit status 1: no server running on /tmp/tmux-501/ta-fa2252466833"
time=2026-08-09T16:50:22.073+08:00 level=DEBUG msg="listing: no changes"
time=2026-08-09T16:50:22.574+08:00 level=DEBUG msg="discovery: skipping socket directory" dir=/tmp/e2e-l2.KhUMRL/tmux/tmux-501 err="open /tmp/e2e-l2.KhUMRL/tmux/tmux-501: no such file or directory"
time=2026-08-09T16:50:22.593+08:00 level=DEBUG msg="discovery: skipping unreachable socket" socket=/tmp/tmux-501/ta-0da65bceb372 err="query tmux on /tmp/tmux-501/ta-0da65bceb372: exit status 1: no server running on /tmp/tmux-501/ta-0da65bceb372"
time=2026-08-09T16:50:22.600+08:00 level=DEBUG msg="discovery: skipping unreachable socket" socket=/tmp/tmux-501/ta-192b3d7a4b4d err="query tmux on /tmp/tmux-501/ta-192b3d7a4b4d: exit status 1: no server running on /tmp/tmux-501/ta-192b3d7a4b4d"
time=2026-08-09T16:50:22.606+08:00 level=DEBUG msg="discovery: skipping unreachable socket" socket=/tmp/tmux-501/ta-19bab105a233 err="query tmux on /tmp/tmux-501/ta-19bab105a233: exit status 1: no server running on /tmp/tmux-501/ta-19bab105a233"
time=2026-08-09T16:50:22.613+08:00 level=DEBUG msg="discovery: skipping unreachable socket" socket=/tmp/tmux-501/ta-2183ff26eaba err="query tmux on /tmp/tmux-501/ta-2183ff26eaba: exit status 1: no server running on /tmp/tmux-501/ta-2183ff26eaba"
time=2026-08-09T16:50:22.625+08:00 level=DEBUG msg="discovery: skipping unreachable socket" socket=/tmp/tmux-501/ta-27ae35442db0 err="query tmux on /tmp/tmux-501/ta-27ae35442db0: exit status 1: no server running on /tmp/tmux-501/ta-27ae35442db0"
time=2026-08-09T16:50:22.637+08:00 level=DEBUG msg="discovery: skipping unreachable socket" socket=/tmp/tmux-501/ta-29ad6c433fb0 err="query tmux on /tmp/tmux-501/ta-29ad6c433fb0: exit status 1: no server running on /tmp/tmux-501/ta-29ad6c433fb0"
time=2026-08-09T16:50:22.643+08:00 level=DEBUG msg="discovery: skipping unreachable socket" socket=/tmp/tmux-501/ta-2b2b0f6042c3 err="query tmux on /tmp/tmux-501/ta-2b2b0f6042c3: exit status 1: no server running on /tmp/tmux-501/ta-2b2b0f6042c3"
time=2026-08-09T16:50:22.649+08:00 level=DEBUG msg="discovery: skipping unreachable socket" socket=/tmp/tmux-501/ta-2d881fc24979 err="query tmux on /tmp/tmux-501/ta-2d881fc24979: exit status 1: no server running on /tmp/tmux-501/ta-2d881fc24979"
time=2026-08-09T16:50:22.655+08:00 level=DEBUG msg="discovery: skipping unreachable socket" socket=/tmp/tmux-501/ta-3511002e6186 err="query tmux on /tmp/tmux-501/ta-3511002e6186: exit status 1: no server running on /tmp/tmux-501/ta-3511002e6186"
time=2026-08-09T16:50:22.669+08:00 level=DEBUG msg="discovery: skipping unreachable socket" socket=/tmp/tmux-501/ta-3b9b933ccab9 err="query tmux on /tmp/tmux-501/ta-3b9b933ccab9: exit status 1: error connecting to /tmp/tmux-501/ta-3b9b933ccab9 (No such file or directory)"
time=2026-08-09T16:50:22.699+08:00 level=DEBUG msg="discovery: skipping unreachable socket" socket=/tmp/tmux-501/ta-670fcfc61db1 err="query tmux on /tmp/tmux-501/ta-670fcfc61db1: exit status 1: no server running on /tmp/tmux-501/ta-670fcfc61db1"
time=2026-08-09T16:50:22.704+08:00 level=DEBUG msg="discovery: skipping unreachable socket" socket=/tmp/tmux-501/ta-714648f68f78 err="query tmux on /tmp/tmux-501/ta-714648f68f78: exit status 1: no server running on /tmp/tmux-501/ta-714648f68f78"
time=2026-08-09T16:50:22.710+08:00 level=DEBUG msg="discovery: skipping unreachable socket" socket=/tmp/tmux-501/ta-76d99a0fb54d err="query tmux on /tmp/tmux-501/ta-76d99a0fb54d: exit status 1: no server running on /tmp/tmux-501/ta-76d99a0fb54d"
time=2026-08-09T16:50:22.716+08:00 level=DEBUG msg="discovery: skipping unreachable socket" socket=/tmp/tmux-501/ta-7cf3455fc7ef err="query tmux on /tmp/tmux-501/ta-7cf3455fc7ef: exit status 1: no server running on /tmp/tmux-501/ta-7cf3455fc7ef"
time=2026-08-09T16:50:22.727+08:00 level=DEBUG msg="discovery: skipping unreachable socket" socket=/tmp/tmux-501/ta-8f9301481b91 err="query tmux on /tmp/tmux-501/ta-8f9301481b91: exit status 1: no server running on /tmp/tmux-501/ta-8f9301481b91"
time=2026-08-09T16:50:22.744+08:00 level=DEBUG msg="discovery: skipping unreachable socket" socket=/tmp/tmux-501/ta-9f7ab2efc12e err="query tmux on /tmp/tmux-501/ta-9f7ab2efc12e: exit status 1: no server running on /tmp/tmux-501/ta-9f7ab2efc12e"
time=2026-08-09T16:50:22.750+08:00 level=DEBUG msg="discovery: skipping unreachable socket" socket=/tmp/tmux-501/ta-a389ed2be6d0 err="query tmux on /tmp/tmux-501/ta-a389ed2be6d0: exit status 1: no server running on /tmp/tmux-501/ta-a389ed2be6d0"
time=2026-08-09T16:50:22.772+08:00 level=DEBUG msg="discovery: skipping unreachable socket" socket=/tmp/tmux-501/ta-be5d05beed77 err="query tmux on /tmp/tmux-501/ta-be5d05beed77: exit status 1: no server running on /tmp/tmux-501/ta-be5d05beed77"
time=2026-08-09T16:50:22.784+08:00 level=DEBUG msg="discovery: skipping unreachable socket" socket=/tmp/tmux-501/ta-d596a9f9a2a6 err="query tmux on /tmp/tmux-501/ta-d596a9f9a2a6: exit status 1: no server running on /tmp/tmux-501/ta-d596a9f9a2a6"
time=2026-08-09T16:50:22.795+08:00 level=DEBUG msg="discovery: skipping unreachable socket" socket=/tmp/tmux-501/ta-d9dc8c25f425 err="query tmux on /tmp/tmux-501/ta-d9dc8c25f425: exit status 1: no server running on /tmp/tmux-501/ta-d9dc8c25f425"
time=2026-08-09T16:50:22.801+08:00 level=DEBUG msg="discovery: skipping unreachable socket" socket=/tmp/tmux-501/ta-e4fe872351d8 err="query tmux on /tmp/tmux-501/ta-e4fe872351d8: exit status 1: no server running on /tmp/tmux-501/ta-e4fe872351d8"
time=2026-08-09T16:50:22.807+08:00 level=DEBUG msg="discovery: skipping unreachable socket" socket=/tmp/tmux-501/ta-e94aa181e16c err="query tmux on /tmp/tmux-501/ta-e94aa181e16c: exit status 1: no server running on /tmp/tmux-501/ta-e94aa181e16c"
time=2026-08-09T16:50:22.812+08:00 level=DEBUG msg="discovery: skipping unreachable socket" socket=/tmp/tmux-501/ta-ebf95952bfe3 err="query tmux on /tmp/tmux-501/ta-ebf95952bfe3: exit status 1: no server running on /tmp/tmux-501/ta-ebf95952bfe3"
time=2026-08-09T16:50:22.817+08:00 level=DEBUG msg="discovery: skipping unreachable socket" socket=/tmp/tmux-501/ta-fa2252466833 err="query tmux on /tmp/tmux-501/ta-fa2252466833: exit status 1: no server running on /tmp/tmux-501/ta-fa2252466833"
time=2026-08-09T16:50:23.318+08:00 level=DEBUG msg="discovery: skipping socket directory" dir=/tmp/e2e-l2.KhUMRL/tmux/tmux-501 err="open /tmp/e2e-l2.KhUMRL/tmux/tmux-501: no such file or directory"
time=2026-08-09T16:50:23.336+08:00 level=DEBUG msg="discovery: skipping unreachable socket" socket=/tmp/tmux-501/ta-0da65bceb372 err="query tmux on /tmp/tmux-501/ta-0da65bceb372: exit status 1: no server running on /tmp/tmux-501/ta-0da65bceb372"
time=2026-08-09T16:50:23.342+08:00 level=DEBUG msg="discovery: skipping unreachable socket" socket=/tmp/tmux-501/ta-192b3d7a4b4d err="query tmux on /tmp/tmux-501/ta-192b3d7a4b4d: exit status 1: no server running on /tmp/tmux-501/ta-192b3d7a4b4d"
time=2026-08-09T16:50:23.348+08:00 level=DEBUG msg="discovery: skipping unreachable socket" socket=/tmp/tmux-501/ta-19bab105a233 err="query tmux on /tmp/tmux-501/ta-19bab105a233: exit status 1: no server running on /tmp/tmux-501/ta-19bab105a233"
time=2026-08-09T16:50:23.354+08:00 level=DEBUG msg="discovery: skipping unreachable socket" socket=/tmp/tmux-501/ta-2183ff26eaba err="query tmux on /tmp/tmux-501/ta-2183ff26eaba: exit status 1: no server running on /tmp/tmux-501/ta-2183ff26eaba"
time=2026-08-09T16:50:23.365+08:00 level=DEBUG msg="discovery: skipping unreachable socket" socket=/tmp/tmux-501/ta-27ae35442db0 err="query tmux on /tmp/tmux-501/ta-27ae35442db0: exit status 1: no server running on /tmp/tmux-501/ta-27ae35442db0"
time=2026-08-09T16:50:23.377+08:00 level=DEBUG msg="discovery: skipping unreachable socket" socket=/tmp/tmux-501/ta-29ad6c433fb0 err="query tmux on /tmp/tmux-501/ta-29ad6c433fb0: exit status 1: no server running on /tmp/tmux-501/ta-29ad6c433fb0"
time=2026-08-09T16:50:23.382+08:00 level=DEBUG msg="discovery: skipping unreachable socket" socket=/tmp/tmux-501/ta-2b2b0f6042c3 err="query tmux on /tmp/tmux-501/ta-2b2b0f6042c3: exit status 1: no server running on /tmp/tmux-501/ta-2b2b0f6042c3"
time=2026-08-09T16:50:23.388+08:00 level=DEBUG msg="discovery: skipping unreachable socket" socket=/tmp/tmux-501/ta-2d881fc24979 err="query tmux on /tmp/tmux-501/ta-2d881fc24979: exit status 1: no server running on /tmp/tmux-501/ta-2d881fc24979"
time=2026-08-09T16:50:23.394+08:00 level=DEBUG msg="discovery: skipping unreachable socket" socket=/tmp/tmux-501/ta-3511002e6186 err="query tmux on /tmp/tmux-501/ta-3511002e6186: exit status 1: no server running on /tmp/tmux-501/ta-3511002e6186"
time=2026-08-09T16:50:23.424+08:00 level=DEBUG msg="discovery: skipping unreachable socket" socket=/tmp/tmux-501/ta-670fcfc61db1 err="query tmux on /tmp/tmux-501/ta-670fcfc61db1: exit status 1: no server running on /tmp/tmux-501/ta-670fcfc61db1"
time=2026-08-09T16:50:23.429+08:00 level=DEBUG msg="discovery: skipping unreachable socket" socket=/tmp/tmux-501/ta-714648f68f78 err="query tmux on /tmp/tmux-501/ta-714648f68f78: exit status 1: no server running on /tmp/tmux-501/ta-714648f68f78"
time=2026-08-09T16:50:23.434+08:00 level=DEBUG msg="discovery: skipping unreachable socket" socket=/tmp/tmux-501/ta-76d99a0fb54d err="query tmux on /tmp/tmux-501/ta-76d99a0fb54d: exit status 1: no server running on /tmp/tmux-501/ta-76d99a0fb54d"
time=2026-08-09T16:50:23.445+08:00 level=DEBUG msg="discovery: skipping unreachable socket" socket=/tmp/tmux-501/ta-7cf3455fc7ef err="query tmux on /tmp/tmux-501/ta-7cf3455fc7ef: exit status 1: no server running on /tmp/tmux-501/ta-7cf3455fc7ef"
time=2026-08-09T16:50:23.456+08:00 level=DEBUG msg="discovery: skipping unreachable socket" socket=/tmp/tmux-501/ta-8f9301481b91 err="query tmux on /tmp/tmux-501/ta-8f9301481b91: exit status 1: no server running on /tmp/tmux-501/ta-8f9301481b91"
time=2026-08-09T16:50:23.473+08:00 level=DEBUG msg="discovery: skipping unreachable socket" socket=/tmp/tmux-501/ta-9f7ab2efc12e err="query tmux on /tmp/tmux-501/ta-9f7ab2efc12e: exit status 1: no server running on /tmp/tmux-501/ta-9f7ab2efc12e"
time=2026-08-09T16:50:23.478+08:00 level=DEBUG msg="discovery: skipping unreachable socket" socket=/tmp/tmux-501/ta-a389ed2be6d0 err="query tmux on /tmp/tmux-501/ta-a389ed2be6d0: exit status 1: no server running on /tmp/tmux-501/ta-a389ed2be6d0"
time=2026-08-09T16:50:23.500+08:00 level=DEBUG msg="discovery: skipping unreachable socket" socket=/tmp/tmux-501/ta-be5d05beed77 err="query tmux on /tmp/tmux-501/ta-be5d05beed77: exit status 1: no server running on /tmp/tmux-501/ta-be5d05beed77"
time=2026-08-09T16:50:23.512+08:00 level=DEBUG msg="discovery: skipping unreachable socket" socket=/tmp/tmux-501/ta-d596a9f9a2a6 err="query tmux on /tmp/tmux-501/ta-d596a9f9a2a6: exit status 1: no server running on /tmp/tmux-501/ta-d596a9f9a2a6"
time=2026-08-09T16:50:23.523+08:00 level=DEBUG msg="discovery: skipping unreachable socket" socket=/tmp/tmux-501/ta-d9dc8c25f425 err="query tmux on /tmp/tmux-501/ta-d9dc8c25f425: exit status 1: no server running on /tmp/tmux-501/ta-d9dc8c25f425"
time=2026-08-09T16:50:23.528+08:00 level=DEBUG msg="discovery: skipping unreachable socket" socket=/tmp/tmux-501/ta-e4fe872351d8 err="query tmux on /tmp/tmux-501/ta-e4fe872351d8: exit status 1: no server running on /tmp/tmux-501/ta-e4fe872351d8"
time=2026-08-09T16:50:23.534+08:00 level=DEBUG msg="discovery: skipping unreachable socket" socket=/tmp/tmux-501/ta-e94aa181e16c err="query tmux on /tmp/tmux-501/ta-e94aa181e16c: exit status 1: no server running on /tmp/tmux-501/ta-e94aa181e16c"
time=2026-08-09T16:50:23.539+08:00 level=DEBUG msg="discovery: skipping unreachable socket" socket=/tmp/tmux-501/ta-ebf95952bfe3 err="query tmux on /tmp/tmux-501/ta-ebf95952bfe3: exit status 1: no server running on /tmp/tmux-501/ta-ebf95952bfe3"
time=2026-08-09T16:50:23.544+08:00 level=DEBUG msg="discovery: skipping unreachable socket" socket=/tmp/tmux-501/ta-fa2252466833 err="query tmux on /tmp/tmux-501/ta-fa2252466833: exit status 1: no server running on /tmp/tmux-501/ta-fa2252466833"
time=2026-08-09T16:50:23.680+08:00 level=DEBUG msg="state: sample failed" ref="/tmp/tmux-501/ta-4084e65390fc\x1f%195" err="capture pane %195 on /tmp/tmux-501/ta-4084e65390fc: exit status 1"
time=2026-08-09T16:50:23.753+08:00 level=DEBUG msg="state: sample failed" ref="/tmp/tmux-501/ta-79f7adc0e7d5\x1f%0" err="capture pane %0 on /tmp/tmux-501/ta-79f7adc0e7d5: exit status 1"
time=2026-08-09T16:50:24.045+08:00 level=DEBUG msg="discovery: skipping socket directory" dir=/tmp/e2e-l2.KhUMRL/tmux/tmux-501 err="open /tmp/e2e-l2.KhUMRL/tmux/tmux-501: no such file or directory"
time=2026-08-09T16:50:24.063+08:00 level=DEBUG msg="discovery: skipping unreachable socket" socket=/tmp/tmux-501/ta-0da65bceb372 err="query tmux on /tmp/tmux-501/ta-0da65bceb372: exit status 1: no server running on /tmp/tmux-501/ta-0da65bceb372"
time=2026-08-09T16:50:24.068+08:00 level=DEBUG msg="discovery: skipping unreachable socket" socket=/tmp/tmux-501/ta-192b3d7a4b4d err="query tmux on /tmp/tmux-501/ta-192b3d7a4b4d: exit status 1: no server running on /tmp/tmux-501/ta-192b3d7a4b4d"
time=2026-08-09T16:50:24.074+08:00 level=DEBUG msg="discovery: skipping unreachable socket" socket=/tmp/tmux-501/ta-19bab105a233 err="query tmux on /tmp/tmux-501/ta-19bab105a233: exit status 1: no server running on /tmp/tmux-501/ta-19bab105a233"
time=2026-08-09T16:50:24.079+08:00 level=DEBUG msg="discovery: skipping unreachable socket" socket=/tmp/tmux-501/ta-2183ff26eaba err="query tmux on /tmp/tmux-501/ta-2183ff26eaba: exit status 1: no server running on /tmp/tmux-501/ta-2183ff26eaba"
time=2026-08-09T16:50:24.090+08:00 level=DEBUG msg="discovery: skipping unreachable socket" socket=/tmp/tmux-501/ta-27ae35442db0 err="query tmux on /tmp/tmux-501/ta-27ae35442db0: exit status 1: no server running on /tmp/tmux-501/ta-27ae35442db0"
time=2026-08-09T16:50:24.101+08:00 level=DEBUG msg="discovery: skipping unreachable socket" socket=/tmp/tmux-501/ta-29ad6c433fb0 err="query tmux on /tmp/tmux-501/ta-29ad6c433fb0: exit status 1: no server running on /tmp/tmux-501/ta-29ad6c433fb0"
time=2026-08-09T16:50:24.107+08:00 level=DEBUG msg="discovery: skipping unreachable socket" socket=/tmp/tmux-501/ta-2b2b0f6042c3 err="query tmux on /tmp/tmux-501/ta-2b2b0f6042c3: exit status 1: no server running on /tmp/tmux-501/ta-2b2b0f6042c3"
time=2026-08-09T16:50:24.112+08:00 level=DEBUG msg="discovery: skipping unreachable socket" socket=/tmp/tmux-501/ta-2d881fc24979 err="query tmux on /tmp/tmux-501/ta-2d881fc24979: exit status 1: no server running on /tmp/tmux-501/ta-2d881fc24979"
time=2026-08-09T16:50:24.118+08:00 level=DEBUG msg="discovery: skipping unreachable socket" socket=/tmp/tmux-501/ta-3511002e6186 err="query tmux on /tmp/tmux-501/ta-3511002e6186: exit status 1: no server running on /tmp/tmux-501/ta-3511002e6186"
time=2026-08-09T16:50:24.147+08:00 level=DEBUG msg="discovery: skipping unreachable socket" socket=/tmp/tmux-501/ta-670fcfc61db1 err="query tmux on /tmp/tmux-501/ta-670fcfc61db1: exit status 1: no server running on /tmp/tmux-501/ta-670fcfc61db1"
time=2026-08-09T16:50:24.153+08:00 level=DEBUG msg="discovery: skipping unreachable socket" socket=/tmp/tmux-501/ta-714648f68f78 err="query tmux on /tmp/tmux-501/ta-714648f68f78: exit status 1: no server running on /tmp/tmux-501/ta-714648f68f78"
time=2026-08-09T16:50:24.159+08:00 level=DEBUG msg="discovery: skipping unreachable socket" socket=/tmp/tmux-501/ta-76d99a0fb54d err="query tmux on /tmp/tmux-501/ta-76d99a0fb54d: exit status 1: no server running on /tmp/tmux-501/ta-76d99a0fb54d"
time=2026-08-09T16:50:24.165+08:00 level=DEBUG msg="discovery: skipping unreachable socket" socket=/tmp/tmux-501/ta-79f7adc0e7d5 err="query tmux on /tmp/tmux-501/ta-79f7adc0e7d5: exit status 1: no server running on /tmp/tmux-501/ta-79f7adc0e7d5"
time=2026-08-09T16:50:24.171+08:00 level=DEBUG msg="discovery: skipping unreachable socket" socket=/tmp/tmux-501/ta-7cf3455fc7ef err="query tmux on /tmp/tmux-501/ta-7cf3455fc7ef: exit status 1: no server running on /tmp/tmux-501/ta-7cf3455fc7ef"
time=2026-08-09T16:50:24.184+08:00 level=DEBUG msg="discovery: skipping unreachable socket" socket=/tmp/tmux-501/ta-8f9301481b91 err="query tmux on /tmp/tmux-501/ta-8f9301481b91: exit status 1: no server running on /tmp/tmux-501/ta-8f9301481b91"
time=2026-08-09T16:50:24.204+08:00 level=DEBUG msg="discovery: skipping unreachable socket" socket=/tmp/tmux-501/ta-9f7ab2efc12e err="query tmux on /tmp/tmux-501/ta-9f7ab2efc12e: exit status 1: no server running on /tmp/tmux-501/ta-9f7ab2efc12e"
time=2026-08-09T16:50:24.210+08:00 level=DEBUG msg="discovery: skipping unreachable socket" socket=/tmp/tmux-501/ta-a389ed2be6d0 err="query tmux on /tmp/tmux-501/ta-a389ed2be6d0: exit status 1: no server running on /tmp/tmux-501/ta-a389ed2be6d0"
time=2026-08-09T16:50:24.233+08:00 level=DEBUG msg="discovery: skipping unreachable socket" socket=/tmp/tmux-501/ta-be5d05beed77 err="query tmux on /tmp/tmux-501/ta-be5d05beed77: exit status 1: error connecting to /tmp/tmux-501/ta-be5d05beed77 (No such file or directory)"
time=2026-08-09T16:50:24.245+08:00 level=DEBUG msg="discovery: skipping unreachable socket" socket=/tmp/tmux-501/ta-d596a9f9a2a6 err="query tmux on /tmp/tmux-501/ta-d596a9f9a2a6: exit status 1: no server running on /tmp/tmux-501/ta-d596a9f9a2a6"
time=2026-08-09T16:50:24.264+08:00 level=DEBUG msg="discovery: skipping unreachable socket" socket=/tmp/tmux-501/ta-d9dc8c25f425 err="query tmux on /tmp/tmux-501/ta-d9dc8c25f425: exit status 1: no server running on /tmp/tmux-501/ta-d9dc8c25f425"
time=2026-08-09T16:50:24.270+08:00 level=DEBUG msg="discovery: skipping unreachable socket" socket=/tmp/tmux-501/ta-e4fe872351d8 err="query tmux on /tmp/tmux-501/ta-e4fe872351d8: exit status 1: no server running on /tmp/tmux-501/ta-e4fe872351d8"
time=2026-08-09T16:50:24.276+08:00 level=DEBUG msg="discovery: skipping unreachable socket" socket=/tmp/tmux-501/ta-e94aa181e16c err="query tmux on /tmp/tmux-501/ta-e94aa181e16c: exit status 1: no server running on /tmp/tmux-501/ta-e94aa181e16c"
time=2026-08-09T16:50:24.281+08:00 level=DEBUG msg="discovery: skipping unreachable socket" socket=/tmp/tmux-501/ta-ebf95952bfe3 err="query tmux on /tmp/tmux-501/ta-ebf95952bfe3: exit status 1: no server running on /tmp/tmux-501/ta-ebf95952bfe3"
time=2026-08-09T16:50:24.287+08:00 level=DEBUG msg="discovery: skipping unreachable socket" socket=/tmp/tmux-501/ta-fa2252466833 err="query tmux on /tmp/tmux-501/ta-fa2252466833: exit status 1: no server running on /tmp/tmux-501/ta-fa2252466833"
time=2026-08-09T16:50:24.788+08:00 level=DEBUG msg="discovery: skipping socket directory" dir=/tmp/e2e-l2.KhUMRL/tmux/tmux-501 err="open /tmp/e2e-l2.KhUMRL/tmux/tmux-501: no such file or directory"
time=2026-08-09T16:50:24.806+08:00 level=DEBUG msg="discovery: skipping unreachable socket" socket=/tmp/tmux-501/ta-0da65bceb372 err="query tmux on /tmp/tmux-501/ta-0da65bceb372: exit status 1: no server running on /tmp/tmux-501/ta-0da65bceb372"
time=2026-08-09T16:50:24.811+08:00 level=DEBUG msg="discovery: skipping unreachable socket" socket=/tmp/tmux-501/ta-192b3d7a4b4d err="query tmux on /tmp/tmux-501/ta-192b3d7a4b4d: exit status 1: no server running on /tmp/tmux-501/ta-192b3d7a4b4d"
time=2026-08-09T16:50:24.817+08:00 level=DEBUG msg="discovery: skipping unreachable socket" socket=/tmp/tmux-501/ta-19bab105a233 err="query tmux on /tmp/tmux-501/ta-19bab105a233: exit status 1: no server running on /tmp/tmux-501/ta-19bab105a233"
time=2026-08-09T16:50:24.823+08:00 level=DEBUG msg="discovery: skipping unreachable socket" socket=/tmp/tmux-501/ta-2183ff26eaba err="query tmux on /tmp/tmux-501/ta-2183ff26eaba: exit status 1: no server running on /tmp/tmux-501/ta-2183ff26eaba"
time=2026-08-09T16:50:24.834+08:00 level=DEBUG msg="discovery: skipping unreachable socket" socket=/tmp/tmux-501/ta-27ae35442db0 err="query tmux on /tmp/tmux-501/ta-27ae35442db0: exit status 1: no server running on /tmp/tmux-501/ta-27ae35442db0"
time=2026-08-09T16:50:24.845+08:00 level=DEBUG msg="discovery: skipping unreachable socket" socket=/tmp/tmux-501/ta-29ad6c433fb0 err="query tmux on /tmp/tmux-501/ta-29ad6c433fb0: exit status 1: no server running on /tmp/tmux-501/ta-29ad6c433fb0"
time=2026-08-09T16:50:24.851+08:00 level=DEBUG msg="discovery: skipping unreachable socket" socket=/tmp/tmux-501/ta-2b2b0f6042c3 err="query tmux on /tmp/tmux-501/ta-2b2b0f6042c3: exit status 1: no server running on /tmp/tmux-501/ta-2b2b0f6042c3"
time=2026-08-09T16:50:24.857+08:00 level=DEBUG msg="discovery: skipping unreachable socket" socket=/tmp/tmux-501/ta-2d881fc24979 err="query tmux on /tmp/tmux-501/ta-2d881fc24979: exit status 1: no server running on /tmp/tmux-501/ta-2d881fc24979"
time=2026-08-09T16:50:24.863+08:00 level=DEBUG msg="discovery: skipping unreachable socket" socket=/tmp/tmux-501/ta-3511002e6186 err="query tmux on /tmp/tmux-501/ta-3511002e6186: exit status 1: no server running on /tmp/tmux-501/ta-3511002e6186"
time=2026-08-09T16:50:24.895+08:00 level=DEBUG msg="discovery: skipping unreachable socket" socket=/tmp/tmux-501/ta-670fcfc61db1 err="query tmux on /tmp/tmux-501/ta-670fcfc61db1: exit status 1: no server running on /tmp/tmux-501/ta-670fcfc61db1"
time=2026-08-09T16:50:24.901+08:00 level=DEBUG msg="discovery: skipping unreachable socket" socket=/tmp/tmux-501/ta-714648f68f78 err="query tmux on /tmp/tmux-501/ta-714648f68f78: exit status 1: no server running on /tmp/tmux-501/ta-714648f68f78"
time=2026-08-09T16:50:24.907+08:00 level=DEBUG msg="discovery: skipping unreachable socket" socket=/tmp/tmux-501/ta-76d99a0fb54d err="query tmux on /tmp/tmux-501/ta-76d99a0fb54d: exit status 1: no server running on /tmp/tmux-501/ta-76d99a0fb54d"
time=2026-08-09T16:50:24.913+08:00 level=DEBUG msg="discovery: skipping unreachable socket" socket=/tmp/tmux-501/ta-79f7adc0e7d5 err="query tmux on /tmp/tmux-501/ta-79f7adc0e7d5: exit status 1: no server running on /tmp/tmux-501/ta-79f7adc0e7d5"
time=2026-08-09T16:50:24.918+08:00 level=DEBUG msg="discovery: skipping unreachable socket" socket=/tmp/tmux-501/ta-7cf3455fc7ef err="query tmux on /tmp/tmux-501/ta-7cf3455fc7ef: exit status 1: no server running on /tmp/tmux-501/ta-7cf3455fc7ef"
time=2026-08-09T16:50:24.930+08:00 level=DEBUG msg="discovery: skipping unreachable socket" socket=/tmp/tmux-501/ta-8f9301481b91 err="query tmux on /tmp/tmux-501/ta-8f9301481b91: exit status 1: no server running on /tmp/tmux-501/ta-8f9301481b91"
time=2026-08-09T16:50:24.945+08:00 level=DEBUG msg="discovery: skipping unreachable socket" socket=/tmp/tmux-501/ta-9f7ab2efc12e err="query tmux on /tmp/tmux-501/ta-9f7ab2efc12e: exit status 1: no server running on /tmp/tmux-501/ta-9f7ab2efc12e"
time=2026-08-09T16:50:24.950+08:00 level=DEBUG msg="discovery: skipping unreachable socket" socket=/tmp/tmux-501/ta-a389ed2be6d0 err="query tmux on /tmp/tmux-501/ta-a389ed2be6d0: exit status 1: no server running on /tmp/tmux-501/ta-a389ed2be6d0"
time=2026-08-09T16:50:24.982+08:00 level=DEBUG msg="discovery: skipping unreachable socket" socket=/tmp/tmux-501/ta-d596a9f9a2a6 err="query tmux on /tmp/tmux-501/ta-d596a9f9a2a6: exit status 1: no server running on /tmp/tmux-501/ta-d596a9f9a2a6"
time=2026-08-09T16:50:24.993+08:00 level=DEBUG msg="discovery: skipping unreachable socket" socket=/tmp/tmux-501/ta-d9dc8c25f425 err="query tmux on /tmp/tmux-501/ta-d9dc8c25f425: exit status 1: no server running on /tmp/tmux-501/ta-d9dc8c25f425"
time=2026-08-09T16:50:24.999+08:00 level=DEBUG msg="discovery: skipping unreachable socket" socket=/tmp/tmux-501/ta-e4fe872351d8 err="query tmux on /tmp/tmux-501/ta-e4fe872351d8: exit status 1: no server running on /tmp/tmux-501/ta-e4fe872351d8"
time=2026-08-09T16:50:25.004+08:00 level=DEBUG msg="discovery: skipping unreachable socket" socket=/tmp/tmux-501/ta-e94aa181e16c err="query tmux on /tmp/tmux-501/ta-e94aa181e16c: exit status 1: no server running on /tmp/tmux-501/ta-e94aa181e16c"
time=2026-08-09T16:50:25.009+08:00 level=DEBUG msg="discovery: skipping unreachable socket" socket=/tmp/tmux-501/ta-ebf95952bfe3 err="query tmux on /tmp/tmux-501/ta-ebf95952bfe3: exit status 1: no server running on /tmp/tmux-501/ta-ebf95952bfe3"
time=2026-08-09T16:50:25.015+08:00 level=DEBUG msg="discovery: skipping unreachable socket" socket=/tmp/tmux-501/ta-fa2252466833 err="query tmux on /tmp/tmux-501/ta-fa2252466833: exit status 1: no server running on /tmp/tmux-501/ta-fa2252466833"
time=2026-08-09T16:50:25.516+08:00 level=DEBUG msg="discovery: skipping socket directory" dir=/tmp/e2e-l2.KhUMRL/tmux/tmux-501 err="open /tmp/e2e-l2.KhUMRL/tmux/tmux-501: no such file or directory"
time=2026-08-09T16:50:25.534+08:00 level=DEBUG msg="discovery: skipping unreachable socket" socket=/tmp/tmux-501/ta-0da65bceb372 err="query tmux on /tmp/tmux-501/ta-0da65bceb372: exit status 1: no server running on /tmp/tmux-501/ta-0da65bceb372"
time=2026-08-09T16:50:25.539+08:00 level=DEBUG msg="discovery: skipping unreachable socket" socket=/tmp/tmux-501/ta-192b3d7a4b4d err="query tmux on /tmp/tmux-501/ta-192b3d7a4b4d: exit status 1: no server running on /tmp/tmux-501/ta-192b3d7a4b4d"
time=2026-08-09T16:50:25.545+08:00 level=DEBUG msg="discovery: skipping unreachable socket" socket=/tmp/tmux-501/ta-19bab105a233 err="query tmux on /tmp/tmux-501/ta-19bab105a233: exit status 1: no server running on /tmp/tmux-501/ta-19bab105a233"
time=2026-08-09T16:50:25.549+08:00 level=DEBUG msg="discovery: skipping unreachable socket" socket=/tmp/tmux-501/ta-2183ff26eaba err="query tmux on /tmp/tmux-501/ta-2183ff26eaba: exit status 1: no server running on /tmp/tmux-501/ta-2183ff26eaba"
time=2026-08-09T16:50:25.559+08:00 level=DEBUG msg="discovery: skipping unreachable socket" socket=/tmp/tmux-501/ta-27ae35442db0 err="query tmux on /tmp/tmux-501/ta-27ae35442db0: exit status 1: no server running on /tmp/tmux-501/ta-27ae35442db0"
time=2026-08-09T16:50:25.570+08:00 level=DEBUG msg="discovery: skipping unreachable socket" socket=/tmp/tmux-501/ta-29ad6c433fb0 err="query tmux on /tmp/tmux-501/ta-29ad6c433fb0: exit status 1: no server running on /tmp/tmux-501/ta-29ad6c433fb0"
time=2026-08-09T16:50:25.575+08:00 level=DEBUG msg="discovery: skipping unreachable socket" socket=/tmp/tmux-501/ta-2b2b0f6042c3 err="query tmux on /tmp/tmux-501/ta-2b2b0f6042c3: exit status 1: no server running on /tmp/tmux-501/ta-2b2b0f6042c3"
time=2026-08-09T16:50:25.580+08:00 level=DEBUG msg="discovery: skipping unreachable socket" socket=/tmp/tmux-501/ta-2d881fc24979 err="query tmux on /tmp/tmux-501/ta-2d881fc24979: exit status 1: no server running on /tmp/tmux-501/ta-2d881fc24979"
time=2026-08-09T16:50:25.585+08:00 level=DEBUG msg="discovery: skipping unreachable socket" socket=/tmp/tmux-501/ta-3511002e6186 err="query tmux on /tmp/tmux-501/ta-3511002e6186: exit status 1: no server running on /tmp/tmux-501/ta-3511002e6186"
time=2026-08-09T16:50:25.615+08:00 level=DEBUG msg="discovery: skipping unreachable socket" socket=/tmp/tmux-501/ta-670fcfc61db1 err="query tmux on /tmp/tmux-501/ta-670fcfc61db1: exit status 1: no server running on /tmp/tmux-501/ta-670fcfc61db1"
time=2026-08-09T16:50:25.626+08:00 level=DEBUG msg="discovery: skipping unreachable socket" socket=/tmp/tmux-501/ta-714648f68f78 err="query tmux on /tmp/tmux-501/ta-714648f68f78: exit status 1: no server running on /tmp/tmux-501/ta-714648f68f78"
time=2026-08-09T16:50:25.632+08:00 level=DEBUG msg="discovery: skipping unreachable socket" socket=/tmp/tmux-501/ta-76d99a0fb54d err="query tmux on /tmp/tmux-501/ta-76d99a0fb54d: exit status 1: no server running on /tmp/tmux-501/ta-76d99a0fb54d"
time=2026-08-09T16:50:25.637+08:00 level=DEBUG msg="discovery: skipping unreachable socket" socket=/tmp/tmux-501/ta-79f7adc0e7d5 err="query tmux on /tmp/tmux-501/ta-79f7adc0e7d5: exit status 1: no server running on /tmp/tmux-501/ta-79f7adc0e7d5"
time=2026-08-09T16:50:25.642+08:00 level=DEBUG msg="discovery: skipping unreachable socket" socket=/tmp/tmux-501/ta-7cf3455fc7ef err="query tmux on /tmp/tmux-501/ta-7cf3455fc7ef: exit status 1: no server running on /tmp/tmux-501/ta-7cf3455fc7ef"
time=2026-08-09T16:50:25.653+08:00 level=DEBUG msg="discovery: skipping unreachable socket" socket=/tmp/tmux-501/ta-8f9301481b91 err="query tmux on /tmp/tmux-501/ta-8f9301481b91: exit status 1: no server running on /tmp/tmux-501/ta-8f9301481b91"
time=2026-08-09T16:50:25.668+08:00 level=DEBUG msg="discovery: skipping unreachable socket" socket=/tmp/tmux-501/ta-9f7ab2efc12e err="query tmux on /tmp/tmux-501/ta-9f7ab2efc12e: exit status 1: no server running on /tmp/tmux-501/ta-9f7ab2efc12e"
time=2026-08-09T16:50:25.673+08:00 level=DEBUG msg="discovery: skipping unreachable socket" socket=/tmp/tmux-501/ta-a389ed2be6d0 err="query tmux on /tmp/tmux-501/ta-a389ed2be6d0: exit status 1: no server running on /tmp/tmux-501/ta-a389ed2be6d0"
time=2026-08-09T16:50:25.707+08:00 level=DEBUG msg="discovery: skipping unreachable socket" socket=/tmp/tmux-501/ta-d596a9f9a2a6 err="query tmux on /tmp/tmux-501/ta-d596a9f9a2a6: exit status 1: no server running on /tmp/tmux-501/ta-d596a9f9a2a6"
time=2026-08-09T16:50:25.719+08:00 level=DEBUG msg="discovery: skipping unreachable socket" socket=/tmp/tmux-501/ta-d9dc8c25f425 err="query tmux on /tmp/tmux-501/ta-d9dc8c25f425: exit status 1: no server running on /tmp/tmux-501/ta-d9dc8c25f425"
time=2026-08-09T16:50:25.725+08:00 level=DEBUG msg="discovery: skipping unreachable socket" socket=/tmp/tmux-501/ta-e4fe872351d8 err="query tmux on /tmp/tmux-501/ta-e4fe872351d8: exit status 1: no server running on /tmp/tmux-501/ta-e4fe872351d8"
time=2026-08-09T16:50:25.731+08:00 level=DEBUG msg="discovery: skipping unreachable socket" socket=/tmp/tmux-501/ta-e94aa181e16c err="query tmux on /tmp/tmux-501/ta-e94aa181e16c: exit status 1: no server running on /tmp/tmux-501/ta-e94aa181e16c"
time=2026-08-09T16:50:25.736+08:00 level=DEBUG msg="discovery: skipping unreachable socket" socket=/tmp/tmux-501/ta-ebf95952bfe3 err="query tmux on /tmp/tmux-501/ta-ebf95952bfe3: exit status 1: no server running on /tmp/tmux-501/ta-ebf95952bfe3"
time=2026-08-09T16:50:25.742+08:00 level=DEBUG msg="discovery: skipping unreachable socket" socket=/tmp/tmux-501/ta-fa2252466833 err="query tmux on /tmp/tmux-501/ta-fa2252466833: exit status 1: no server running on /tmp/tmux-501/ta-fa2252466833"
time=2026-08-09T16:50:26.244+08:00 level=DEBUG msg="discovery: skipping socket directory" dir=/tmp/e2e-l2.KhUMRL/tmux/tmux-501 err="open /tmp/e2e-l2.KhUMRL/tmux/tmux-501: no such file or directory"
time=2026-08-09T16:50:26.260+08:00 level=DEBUG msg="discovery: skipping unreachable socket" socket=/tmp/tmux-501/ta-0da65bceb372 err="query tmux on /tmp/tmux-501/ta-0da65bceb372: exit status 1: no server running on /tmp/tmux-501/ta-0da65bceb372"
time=2026-08-09T16:50:26.266+08:00 level=DEBUG msg="discovery: skipping unreachable socket" socket=/tmp/tmux-501/ta-192b3d7a4b4d err="query tmux on /tmp/tmux-501/ta-192b3d7a4b4d: exit status 1: no server running on /tmp/tmux-501/ta-192b3d7a4b4d"
time=2026-08-09T16:50:26.271+08:00 level=DEBUG msg="discovery: skipping unreachable socket" socket=/tmp/tmux-501/ta-19bab105a233 err="query tmux on /tmp/tmux-501/ta-19bab105a233: exit status 1: no server running on /tmp/tmux-501/ta-19bab105a233"
time=2026-08-09T16:50:26.276+08:00 level=DEBUG msg="discovery: skipping unreachable socket" socket=/tmp/tmux-501/ta-2183ff26eaba err="query tmux on /tmp/tmux-501/ta-2183ff26eaba: exit status 1: no server running on /tmp/tmux-501/ta-2183ff26eaba"
time=2026-08-09T16:50:26.287+08:00 level=DEBUG msg="discovery: skipping unreachable socket" socket=/tmp/tmux-501/ta-27ae35442db0 err="query tmux on /tmp/tmux-501/ta-27ae35442db0: exit status 1: no server running on /tmp/tmux-501/ta-27ae35442db0"
time=2026-08-09T16:50:26.297+08:00 level=DEBUG msg="discovery: skipping unreachable socket" socket=/tmp/tmux-501/ta-29ad6c433fb0 err="query tmux on /tmp/tmux-501/ta-29ad6c433fb0: exit status 1: no server running on /tmp/tmux-501/ta-29ad6c433fb0"
time=2026-08-09T16:50:26.303+08:00 level=DEBUG msg="discovery: skipping unreachable socket" socket=/tmp/tmux-501/ta-2b2b0f6042c3 err="query tmux on /tmp/tmux-501/ta-2b2b0f6042c3: exit status 1: no server running on /tmp/tmux-501/ta-2b2b0f6042c3"
time=2026-08-09T16:50:26.308+08:00 level=DEBUG msg="discovery: skipping unreachable socket" socket=/tmp/tmux-501/ta-2d881fc24979 err="query tmux on /tmp/tmux-501/ta-2d881fc24979: exit status 1: no server running on /tmp/tmux-501/ta-2d881fc24979"
time=2026-08-09T16:50:26.314+08:00 level=DEBUG msg="discovery: skipping unreachable socket" socket=/tmp/tmux-501/ta-3511002e6186 err="query tmux on /tmp/tmux-501/ta-3511002e6186: exit status 1: no server running on /tmp/tmux-501/ta-3511002e6186"
time=2026-08-09T16:50:26.342+08:00 level=DEBUG msg="discovery: skipping unreachable socket" socket=/tmp/tmux-501/ta-670fcfc61db1 err="query tmux on /tmp/tmux-501/ta-670fcfc61db1: exit status 1: no server running on /tmp/tmux-501/ta-670fcfc61db1"
time=2026-08-09T16:50:26.347+08:00 level=DEBUG msg="discovery: skipping unreachable socket" socket=/tmp/tmux-501/ta-6ea3865a3b97 err="query tmux on /tmp/tmux-501/ta-6ea3865a3b97: exit status 1: no server running on /tmp/tmux-501/ta-6ea3865a3b97"
time=2026-08-09T16:50:26.351+08:00 level=DEBUG msg="discovery: skipping unreachable socket" socket=/tmp/tmux-501/ta-714648f68f78 err="query tmux on /tmp/tmux-501/ta-714648f68f78: exit status 1: no server running on /tmp/tmux-501/ta-714648f68f78"
time=2026-08-09T16:50:26.356+08:00 level=DEBUG msg="discovery: skipping unreachable socket" socket=/tmp/tmux-501/ta-76d99a0fb54d err="query tmux on /tmp/tmux-501/ta-76d99a0fb54d: exit status 1: no server running on /tmp/tmux-501/ta-76d99a0fb54d"
time=2026-08-09T16:50:26.361+08:00 level=DEBUG msg="discovery: skipping unreachable socket" socket=/tmp/tmux-501/ta-79f7adc0e7d5 err="query tmux on /tmp/tmux-501/ta-79f7adc0e7d5: exit status 1: no server running on /tmp/tmux-501/ta-79f7adc0e7d5"
time=2026-08-09T16:50:26.367+08:00 level=DEBUG msg="discovery: skipping unreachable socket" socket=/tmp/tmux-501/ta-7cf3455fc7ef err="query tmux on /tmp/tmux-501/ta-7cf3455fc7ef: exit status 1: no server running on /tmp/tmux-501/ta-7cf3455fc7ef"
time=2026-08-09T16:50:26.376+08:00 level=DEBUG msg="discovery: skipping unreachable socket" socket=/tmp/tmux-501/ta-8f9301481b91 err="query tmux on /tmp/tmux-501/ta-8f9301481b91: exit status 1: no server running on /tmp/tmux-501/ta-8f9301481b91"
time=2026-08-09T16:50:26.393+08:00 level=DEBUG msg="discovery: skipping unreachable socket" socket=/tmp/tmux-501/ta-9f7ab2efc12e err="query tmux on /tmp/tmux-501/ta-9f7ab2efc12e: exit status 1: no server running on /tmp/tmux-501/ta-9f7ab2efc12e"
time=2026-08-09T16:50:26.398+08:00 level=DEBUG msg="discovery: skipping unreachable socket" socket=/tmp/tmux-501/ta-a389ed2be6d0 err="query tmux on /tmp/tmux-501/ta-a389ed2be6d0: exit status 1: no server running on /tmp/tmux-501/ta-a389ed2be6d0"
time=2026-08-09T16:50:26.432+08:00 level=DEBUG msg="discovery: skipping unreachable socket" socket=/tmp/tmux-501/ta-d596a9f9a2a6 err="query tmux on /tmp/tmux-501/ta-d596a9f9a2a6: exit status 1: no server running on /tmp/tmux-501/ta-d596a9f9a2a6"
time=2026-08-09T16:50:26.443+08:00 level=DEBUG msg="discovery: skipping unreachable socket" socket=/tmp/tmux-501/ta-d9dc8c25f425 err="query tmux on /tmp/tmux-501/ta-d9dc8c25f425: exit status 1: no server running on /tmp/tmux-501/ta-d9dc8c25f425"
time=2026-08-09T16:50:26.448+08:00 level=DEBUG msg="discovery: skipping unreachable socket" socket=/tmp/tmux-501/ta-e4fe872351d8 err="query tmux on /tmp/tmux-501/ta-e4fe872351d8: exit status 1: no server running on /tmp/tmux-501/ta-e4fe872351d8"
time=2026-08-09T16:50:26.453+08:00 level=DEBUG msg="discovery: skipping unreachable socket" socket=/tmp/tmux-501/ta-e94aa181e16c err="query tmux on /tmp/tmux-501/ta-e94aa181e16c: exit status 1: no server running on /tmp/tmux-501/ta-e94aa181e16c"
time=2026-08-09T16:50:26.458+08:00 level=DEBUG msg="discovery: skipping unreachable socket" socket=/tmp/tmux-501/ta-ebf95952bfe3 err="query tmux on /tmp/tmux-501/ta-ebf95952bfe3: exit status 1: no server running on /tmp/tmux-501/ta-ebf95952bfe3"
time=2026-08-09T16:50:26.464+08:00 level=DEBUG msg="discovery: skipping unreachable socket" socket=/tmp/tmux-501/ta-fa2252466833 err="query tmux on /tmp/tmux-501/ta-fa2252466833: exit status 1: no server running on /tmp/tmux-501/ta-fa2252466833"
time=2026-08-09T16:50:26.965+08:00 level=DEBUG msg="discovery: skipping socket directory" dir=/tmp/e2e-l2.KhUMRL/tmux/tmux-501 err="open /tmp/e2e-l2.KhUMRL/tmux/tmux-501: no such file or directory"
time=2026-08-09T16:50:26.983+08:00 level=DEBUG msg="discovery: skipping unreachable socket" socket=/tmp/tmux-501/ta-0da65bceb372 err="query tmux on /tmp/tmux-501/ta-0da65bceb372: exit status 1: no server running on /tmp/tmux-501/ta-0da65bceb372"
time=2026-08-09T16:50:26.989+08:00 level=DEBUG msg="discovery: skipping unreachable socket" socket=/tmp/tmux-501/ta-192b3d7a4b4d err="query tmux on /tmp/tmux-501/ta-192b3d7a4b4d: exit status 1: no server running on /tmp/tmux-501/ta-192b3d7a4b4d"
time=2026-08-09T16:50:26.995+08:00 level=DEBUG msg="discovery: skipping unreachable socket" socket=/tmp/tmux-501/ta-19bab105a233 err="query tmux on /tmp/tmux-501/ta-19bab105a233: exit status 1: no server running on /tmp/tmux-501/ta-19bab105a233"
time=2026-08-09T16:50:27.001+08:00 level=DEBUG msg="discovery: skipping unreachable socket" socket=/tmp/tmux-501/ta-2183ff26eaba err="query tmux on /tmp/tmux-501/ta-2183ff26eaba: exit status 1: no server running on /tmp/tmux-501/ta-2183ff26eaba"
time=2026-08-09T16:50:27.012+08:00 level=DEBUG msg="discovery: skipping unreachable socket" socket=/tmp/tmux-501/ta-27ae35442db0 err="query tmux on /tmp/tmux-501/ta-27ae35442db0: exit status 1: no server running on /tmp/tmux-501/ta-27ae35442db0"
time=2026-08-09T16:50:27.023+08:00 level=DEBUG msg="discovery: skipping unreachable socket" socket=/tmp/tmux-501/ta-29ad6c433fb0 err="query tmux on /tmp/tmux-501/ta-29ad6c433fb0: exit status 1: no server running on /tmp/tmux-501/ta-29ad6c433fb0"
time=2026-08-09T16:50:27.028+08:00 level=DEBUG msg="discovery: skipping unreachable socket" socket=/tmp/tmux-501/ta-2b2b0f6042c3 err="query tmux on /tmp/tmux-501/ta-2b2b0f6042c3: exit status 1: no server running on /tmp/tmux-501/ta-2b2b0f6042c3"
time=2026-08-09T16:50:27.034+08:00 level=DEBUG msg="discovery: skipping unreachable socket" socket=/tmp/tmux-501/ta-2d881fc24979 err="query tmux on /tmp/tmux-501/ta-2d881fc24979: exit status 1: no server running on /tmp/tmux-501/ta-2d881fc24979"
time=2026-08-09T16:50:27.039+08:00 level=DEBUG msg="discovery: skipping unreachable socket" socket=/tmp/tmux-501/ta-3511002e6186 err="query tmux on /tmp/tmux-501/ta-3511002e6186: exit status 1: no server running on /tmp/tmux-501/ta-3511002e6186"
time=2026-08-09T16:50:27.066+08:00 level=DEBUG msg="discovery: skipping unreachable socket" socket=/tmp/tmux-501/ta-670fcfc61db1 err="query tmux on /tmp/tmux-501/ta-670fcfc61db1: exit status 1: no server running on /tmp/tmux-501/ta-670fcfc61db1"
time=2026-08-09T16:50:27.072+08:00 level=DEBUG msg="discovery: skipping unreachable socket" socket=/tmp/tmux-501/ta-714648f68f78 err="query tmux on /tmp/tmux-501/ta-714648f68f78: exit status 1: no server running on /tmp/tmux-501/ta-714648f68f78"
time=2026-08-09T16:50:27.077+08:00 level=DEBUG msg="discovery: skipping unreachable socket" socket=/tmp/tmux-501/ta-76d99a0fb54d err="query tmux on /tmp/tmux-501/ta-76d99a0fb54d: exit status 1: no server running on /tmp/tmux-501/ta-76d99a0fb54d"
time=2026-08-09T16:50:27.083+08:00 level=DEBUG msg="discovery: skipping unreachable socket" socket=/tmp/tmux-501/ta-7cf3455fc7ef err="query tmux on /tmp/tmux-501/ta-7cf3455fc7ef: exit status 1: no server running on /tmp/tmux-501/ta-7cf3455fc7ef"
time=2026-08-09T16:50:27.093+08:00 level=DEBUG msg="discovery: skipping unreachable socket" socket=/tmp/tmux-501/ta-8f9301481b91 err="query tmux on /tmp/tmux-501/ta-8f9301481b91: exit status 1: no server running on /tmp/tmux-501/ta-8f9301481b91"
time=2026-08-09T16:50:27.110+08:00 level=DEBUG msg="discovery: skipping unreachable socket" socket=/tmp/tmux-501/ta-9f7ab2efc12e err="query tmux on /tmp/tmux-501/ta-9f7ab2efc12e: exit status 1: no server running on /tmp/tmux-501/ta-9f7ab2efc12e"
time=2026-08-09T16:50:27.115+08:00 level=DEBUG msg="discovery: skipping unreachable socket" socket=/tmp/tmux-501/ta-a389ed2be6d0 err="query tmux on /tmp/tmux-501/ta-a389ed2be6d0: exit status 1: no server running on /tmp/tmux-501/ta-a389ed2be6d0"
time=2026-08-09T16:50:27.149+08:00 level=DEBUG msg="discovery: skipping unreachable socket" socket=/tmp/tmux-501/ta-d596a9f9a2a6 err="query tmux on /tmp/tmux-501/ta-d596a9f9a2a6: exit status 1: no server running on /tmp/tmux-501/ta-d596a9f9a2a6"
time=2026-08-09T16:50:27.161+08:00 level=DEBUG msg="discovery: skipping unreachable socket" socket=/tmp/tmux-501/ta-d9dc8c25f425 err="query tmux on /tmp/tmux-501/ta-d9dc8c25f425: exit status 1: no server running on /tmp/tmux-501/ta-d9dc8c25f425"
time=2026-08-09T16:50:27.166+08:00 level=DEBUG msg="discovery: skipping unreachable socket" socket=/tmp/tmux-501/ta-e4fe872351d8 err="query tmux on /tmp/tmux-501/ta-e4fe872351d8: exit status 1: no server running on /tmp/tmux-501/ta-e4fe872351d8"
time=2026-08-09T16:50:27.172+08:00 level=DEBUG msg="discovery: skipping unreachable socket" socket=/tmp/tmux-501/ta-e94aa181e16c err="query tmux on /tmp/tmux-501/ta-e94aa181e16c: exit status 1: no server running on /tmp/tmux-501/ta-e94aa181e16c"
time=2026-08-09T16:50:27.177+08:00 level=DEBUG msg="discovery: skipping unreachable socket" socket=/tmp/tmux-501/ta-ebf95952bfe3 err="query tmux on /tmp/tmux-501/ta-ebf95952bfe3: exit status 1: no server running on /tmp/tmux-501/ta-ebf95952bfe3"
time=2026-08-09T16:50:27.182+08:00 level=DEBUG msg="discovery: skipping unreachable socket" socket=/tmp/tmux-501/ta-fa2252466833 err="query tmux on /tmp/tmux-501/ta-fa2252466833: exit status 1: no server running on /tmp/tmux-501/ta-fa2252466833"
time=2026-08-09T16:50:27.183+08:00 level=DEBUG msg="listing: no changes"
time=2026-08-09T16:50:27.684+08:00 level=DEBUG msg="discovery: skipping socket directory" dir=/tmp/e2e-l2.KhUMRL/tmux/tmux-501 err="open /tmp/e2e-l2.KhUMRL/tmux/tmux-501: no such file or directory"
time=2026-08-09T16:50:27.715+08:00 level=DEBUG msg="discovery: skipping unreachable socket" socket=/tmp/tmux-501/ta-0da65bceb372 err="query tmux on /tmp/tmux-501/ta-0da65bceb372: exit status 1: no server running on /tmp/tmux-501/ta-0da65bceb372"
time=2026-08-09T16:50:27.723+08:00 level=DEBUG msg="discovery: skipping unreachable socket" socket=/tmp/tmux-501/ta-192b3d7a4b4d err="query tmux on /tmp/tmux-501/ta-192b3d7a4b4d: exit status 1: no server running on /tmp/tmux-501/ta-192b3d7a4b4d"
time=2026-08-09T16:50:27.728+08:00 level=DEBUG msg="discovery: skipping unreachable socket" socket=/tmp/tmux-501/ta-19bab105a233 err="query tmux on /tmp/tmux-501/ta-19bab105a233: exit status 1: no server running on /tmp/tmux-501/ta-19bab105a233"
time=2026-08-09T16:50:27.734+08:00 level=DEBUG msg="discovery: skipping unreachable socket" socket=/tmp/tmux-501/ta-2183ff26eaba err="query tmux on /tmp/tmux-501/ta-2183ff26eaba: exit status 1: no server running on /tmp/tmux-501/ta-2183ff26eaba"
time=2026-08-09T16:50:27.746+08:00 level=DEBUG msg="discovery: skipping unreachable socket" socket=/tmp/tmux-501/ta-27ae35442db0 err="query tmux on /tmp/tmux-501/ta-27ae35442db0: exit status 1: no server running on /tmp/tmux-501/ta-27ae35442db0"
time=2026-08-09T16:50:27.758+08:00 level=DEBUG msg="discovery: skipping unreachable socket" socket=/tmp/tmux-501/ta-29ad6c433fb0 err="query tmux on /tmp/tmux-501/ta-29ad6c433fb0: exit status 1: no server running on /tmp/tmux-501/ta-29ad6c433fb0"
time=2026-08-09T16:50:27.763+08:00 level=DEBUG msg="discovery: skipping unreachable socket" socket=/tmp/tmux-501/ta-2b2b0f6042c3 err="query tmux on /tmp/tmux-501/ta-2b2b0f6042c3: exit status 1: no server running on /tmp/tmux-501/ta-2b2b0f6042c3"
time=2026-08-09T16:50:27.768+08:00 level=DEBUG msg="discovery: skipping unreachable socket" socket=/tmp/tmux-501/ta-2d881fc24979 err="query tmux on /tmp/tmux-501/ta-2d881fc24979: exit status 1: no server running on /tmp/tmux-501/ta-2d881fc24979"
time=2026-08-09T16:50:27.774+08:00 level=DEBUG msg="discovery: skipping unreachable socket" socket=/tmp/tmux-501/ta-3511002e6186 err="query tmux on /tmp/tmux-501/ta-3511002e6186: exit status 1: no server running on /tmp/tmux-501/ta-3511002e6186"
time=2026-08-09T16:50:27.804+08:00 level=DEBUG msg="discovery: skipping unreachable socket" socket=/tmp/tmux-501/ta-670fcfc61db1 err="query tmux on /tmp/tmux-501/ta-670fcfc61db1: exit status 1: no server running on /tmp/tmux-501/ta-670fcfc61db1"
time=2026-08-09T16:50:27.810+08:00 level=DEBUG msg="discovery: skipping unreachable socket" socket=/tmp/tmux-501/ta-6ea3865a3b97 err="query tmux on /tmp/tmux-501/ta-6ea3865a3b97: exit status 1: no server running on /tmp/tmux-501/ta-6ea3865a3b97"
time=2026-08-09T16:50:27.816+08:00 level=DEBUG msg="discovery: skipping unreachable socket" socket=/tmp/tmux-501/ta-714648f68f78 err="query tmux on /tmp/tmux-501/ta-714648f68f78: exit status 1: no server running on /tmp/tmux-501/ta-714648f68f78"
time=2026-08-09T16:50:27.822+08:00 level=DEBUG msg="discovery: skipping unreachable socket" socket=/tmp/tmux-501/ta-76d99a0fb54d err="query tmux on /tmp/tmux-501/ta-76d99a0fb54d: exit status 1: no server running on /tmp/tmux-501/ta-76d99a0fb54d"
time=2026-08-09T16:50:27.827+08:00 level=DEBUG msg="discovery: skipping unreachable socket" socket=/tmp/tmux-501/ta-7cf3455fc7ef err="query tmux on /tmp/tmux-501/ta-7cf3455fc7ef: exit status 1: no server running on /tmp/tmux-501/ta-7cf3455fc7ef"
time=2026-08-09T16:50:27.839+08:00 level=DEBUG msg="discovery: skipping unreachable socket" socket=/tmp/tmux-501/ta-8f9301481b91 err="query tmux on /tmp/tmux-501/ta-8f9301481b91: exit status 1: no server running on /tmp/tmux-501/ta-8f9301481b91"
time=2026-08-09T16:50:27.863+08:00 level=DEBUG msg="discovery: skipping unreachable socket" socket=/tmp/tmux-501/ta-9f7ab2efc12e err="query tmux on /tmp/tmux-501/ta-9f7ab2efc12e: exit status 1: no server running on /tmp/tmux-501/ta-9f7ab2efc12e"
time=2026-08-09T16:50:27.869+08:00 level=DEBUG msg="discovery: skipping unreachable socket" socket=/tmp/tmux-501/ta-a389ed2be6d0 err="query tmux on /tmp/tmux-501/ta-a389ed2be6d0: exit status 1: no server running on /tmp/tmux-501/ta-a389ed2be6d0"
time=2026-08-09T16:50:27.907+08:00 level=DEBUG msg="discovery: skipping unreachable socket" socket=/tmp/tmux-501/ta-d596a9f9a2a6 err="query tmux on /tmp/tmux-501/ta-d596a9f9a2a6: exit status 1: no server running on /tmp/tmux-501/ta-d596a9f9a2a6"
time=2026-08-09T16:50:27.918+08:00 level=DEBUG msg="discovery: skipping unreachable socket" socket=/tmp/tmux-501/ta-d9dc8c25f425 err="query tmux on /tmp/tmux-501/ta-d9dc8c25f425: exit status 1: no server running on /tmp/tmux-501/ta-d9dc8c25f425"
time=2026-08-09T16:50:27.924+08:00 level=DEBUG msg="discovery: skipping unreachable socket" socket=/tmp/tmux-501/ta-e4fe872351d8 err="query tmux on /tmp/tmux-501/ta-e4fe872351d8: exit status 1: no server running on /tmp/tmux-501/ta-e4fe872351d8"
time=2026-08-09T16:50:27.929+08:00 level=DEBUG msg="discovery: skipping unreachable socket" socket=/tmp/tmux-501/ta-e94aa181e16c err="query tmux on /tmp/tmux-501/ta-e94aa181e16c: exit status 1: no server running on /tmp/tmux-501/ta-e94aa181e16c"
time=2026-08-09T16:50:27.935+08:00 level=DEBUG msg="discovery: skipping unreachable socket" socket=/tmp/tmux-501/ta-ebf95952bfe3 err="query tmux on /tmp/tmux-501/ta-ebf95952bfe3: exit status 1: no server running on /tmp/tmux-501/ta-ebf95952bfe3"
time=2026-08-09T16:50:27.940+08:00 level=DEBUG msg="discovery: skipping unreachable socket" socket=/tmp/tmux-501/ta-fa2252466833 err="query tmux on /tmp/tmux-501/ta-fa2252466833: exit status 1: no server running on /tmp/tmux-501/ta-fa2252466833"
time=2026-08-09T16:50:28.442+08:00 level=DEBUG msg="discovery: skipping socket directory" dir=/tmp/e2e-l2.KhUMRL/tmux/tmux-501 err="open /tmp/e2e-l2.KhUMRL/tmux/tmux-501: no such file or directory"
time=2026-08-09T16:50:28.459+08:00 level=DEBUG msg="discovery: skipping unreachable socket" socket=/tmp/tmux-501/ta-0da65bceb372 err="query tmux on /tmp/tmux-501/ta-0da65bceb372: exit status 1: no server running on /tmp/tmux-501/ta-0da65bceb372"
time=2026-08-09T16:50:28.465+08:00 level=DEBUG msg="discovery: skipping unreachable socket" socket=/tmp/tmux-501/ta-192b3d7a4b4d err="query tmux on /tmp/tmux-501/ta-192b3d7a4b4d: exit status 1: no server running on /tmp/tmux-501/ta-192b3d7a4b4d"
time=2026-08-09T16:50:28.471+08:00 level=DEBUG msg="discovery: skipping unreachable socket" socket=/tmp/tmux-501/ta-19bab105a233 err="query tmux on /tmp/tmux-501/ta-19bab105a233: exit status 1: no server running on /tmp/tmux-501/ta-19bab105a233"
time=2026-08-09T16:50:28.476+08:00 level=DEBUG msg="discovery: skipping unreachable socket" socket=/tmp/tmux-501/ta-2183ff26eaba err="query tmux on /tmp/tmux-501/ta-2183ff26eaba: exit status 1: no server running on /tmp/tmux-501/ta-2183ff26eaba"
time=2026-08-09T16:50:28.487+08:00 level=DEBUG msg="discovery: skipping unreachable socket" socket=/tmp/tmux-501/ta-27ae35442db0 err="query tmux on /tmp/tmux-501/ta-27ae35442db0: exit status 1: no server running on /tmp/tmux-501/ta-27ae35442db0"
time=2026-08-09T16:50:28.499+08:00 level=DEBUG msg="discovery: skipping unreachable socket" socket=/tmp/tmux-501/ta-29ad6c433fb0 err="query tmux on /tmp/tmux-501/ta-29ad6c433fb0: exit status 1: no server running on /tmp/tmux-501/ta-29ad6c433fb0"
time=2026-08-09T16:50:28.504+08:00 level=DEBUG msg="discovery: skipping unreachable socket" socket=/tmp/tmux-501/ta-2b2b0f6042c3 err="query tmux on /tmp/tmux-501/ta-2b2b0f6042c3: exit status 1: no server running on /tmp/tmux-501/ta-2b2b0f6042c3"
time=2026-08-09T16:50:28.509+08:00 level=DEBUG msg="discovery: skipping unreachable socket" socket=/tmp/tmux-501/ta-2d881fc24979 err="query tmux on /tmp/tmux-501/ta-2d881fc24979: exit status 1: no server running on /tmp/tmux-501/ta-2d881fc24979"
time=2026-08-09T16:50:28.515+08:00 level=DEBUG msg="discovery: skipping unreachable socket" socket=/tmp/tmux-501/ta-3511002e6186 err="query tmux on /tmp/tmux-501/ta-3511002e6186: exit status 1: no server running on /tmp/tmux-501/ta-3511002e6186"
time=2026-08-09T16:50:28.544+08:00 level=DEBUG msg="discovery: skipping unreachable socket" socket=/tmp/tmux-501/ta-670fcfc61db1 err="query tmux on /tmp/tmux-501/ta-670fcfc61db1: exit status 1: no server running on /tmp/tmux-501/ta-670fcfc61db1"
time=2026-08-09T16:50:28.550+08:00 level=DEBUG msg="discovery: skipping unreachable socket" socket=/tmp/tmux-501/ta-714648f68f78 err="query tmux on /tmp/tmux-501/ta-714648f68f78: exit status 1: no server running on /tmp/tmux-501/ta-714648f68f78"
time=2026-08-09T16:50:28.555+08:00 level=DEBUG msg="discovery: skipping unreachable socket" socket=/tmp/tmux-501/ta-76d99a0fb54d err="query tmux on /tmp/tmux-501/ta-76d99a0fb54d: exit status 1: no server running on /tmp/tmux-501/ta-76d99a0fb54d"
time=2026-08-09T16:50:28.561+08:00 level=DEBUG msg="discovery: skipping unreachable socket" socket=/tmp/tmux-501/ta-7cf3455fc7ef err="query tmux on /tmp/tmux-501/ta-7cf3455fc7ef: exit status 1: no server running on /tmp/tmux-501/ta-7cf3455fc7ef"
time=2026-08-09T16:50:28.572+08:00 level=DEBUG msg="discovery: skipping unreachable socket" socket=/tmp/tmux-501/ta-8f9301481b91 err="query tmux on /tmp/tmux-501/ta-8f9301481b91: exit status 1: no server running on /tmp/tmux-501/ta-8f9301481b91"
time=2026-08-09T16:50:28.578+08:00 level=DEBUG msg="discovery: skipping unreachable socket" socket=/tmp/tmux-501/ta-93b04f34a45d err="query tmux on /tmp/tmux-501/ta-93b04f34a45d: exit status 1: no server running on /tmp/tmux-501/ta-93b04f34a45d"
time=2026-08-09T16:50:28.595+08:00 level=DEBUG msg="discovery: skipping unreachable socket" socket=/tmp/tmux-501/ta-9f7ab2efc12e err="query tmux on /tmp/tmux-501/ta-9f7ab2efc12e: exit status 1: no server running on /tmp/tmux-501/ta-9f7ab2efc12e"
time=2026-08-09T16:50:28.600+08:00 level=DEBUG msg="discovery: skipping unreachable socket" socket=/tmp/tmux-501/ta-a389ed2be6d0 err="query tmux on /tmp/tmux-501/ta-a389ed2be6d0: exit status 1: no server running on /tmp/tmux-501/ta-a389ed2be6d0"
time=2026-08-09T16:50:28.635+08:00 level=DEBUG msg="discovery: skipping unreachable socket" socket=/tmp/tmux-501/ta-d596a9f9a2a6 err="query tmux on /tmp/tmux-501/ta-d596a9f9a2a6: exit status 1: no server running on /tmp/tmux-501/ta-d596a9f9a2a6"
time=2026-08-09T16:50:28.646+08:00 level=DEBUG msg="discovery: skipping unreachable socket" socket=/tmp/tmux-501/ta-d9dc8c25f425 err="query tmux on /tmp/tmux-501/ta-d9dc8c25f425: exit status 1: no server running on /tmp/tmux-501/ta-d9dc8c25f425"
time=2026-08-09T16:50:28.651+08:00 level=DEBUG msg="discovery: skipping unreachable socket" socket=/tmp/tmux-501/ta-e4fe872351d8 err="query tmux on /tmp/tmux-501/ta-e4fe872351d8: exit status 1: no server running on /tmp/tmux-501/ta-e4fe872351d8"
time=2026-08-09T16:50:28.656+08:00 level=DEBUG msg="discovery: skipping unreachable socket" socket=/tmp/tmux-501/ta-e94aa181e16c err="query tmux on /tmp/tmux-501/ta-e94aa181e16c: exit status 1: no server running on /tmp/tmux-501/ta-e94aa181e16c"
time=2026-08-09T16:50:28.662+08:00 level=DEBUG msg="discovery: skipping unreachable socket" socket=/tmp/tmux-501/ta-ebf95952bfe3 err="query tmux on /tmp/tmux-501/ta-ebf95952bfe3: exit status 1: no server running on /tmp/tmux-501/ta-ebf95952bfe3"
time=2026-08-09T16:50:28.668+08:00 level=DEBUG msg="discovery: skipping unreachable socket" socket=/tmp/tmux-501/ta-fa2252466833 err="query tmux on /tmp/tmux-501/ta-fa2252466833: exit status 1: no server running on /tmp/tmux-501/ta-fa2252466833"
time=2026-08-09T16:50:29.169+08:00 level=DEBUG msg="discovery: skipping socket directory" dir=/tmp/e2e-l2.KhUMRL/tmux/tmux-501 err="open /tmp/e2e-l2.KhUMRL/tmux/tmux-501: no such file or directory"
time=2026-08-09T16:50:29.187+08:00 level=DEBUG msg="discovery: skipping unreachable socket" socket=/tmp/tmux-501/ta-0da65bceb372 err="query tmux on /tmp/tmux-501/ta-0da65bceb372: exit status 1: no server running on /tmp/tmux-501/ta-0da65bceb372"
time=2026-08-09T16:50:29.192+08:00 level=DEBUG msg="discovery: skipping unreachable socket" socket=/tmp/tmux-501/ta-192b3d7a4b4d err="query tmux on /tmp/tmux-501/ta-192b3d7a4b4d: exit status 1: no server running on /tmp/tmux-501/ta-192b3d7a4b4d"
time=2026-08-09T16:50:29.197+08:00 level=DEBUG msg="discovery: skipping unreachable socket" socket=/tmp/tmux-501/ta-19bab105a233 err="query tmux on /tmp/tmux-501/ta-19bab105a233: exit status 1: no server running on /tmp/tmux-501/ta-19bab105a233"
time=2026-08-09T16:50:29.202+08:00 level=DEBUG msg="discovery: skipping unreachable socket" socket=/tmp/tmux-501/ta-2183ff26eaba err="query tmux on /tmp/tmux-501/ta-2183ff26eaba: exit status 1: no server running on /tmp/tmux-501/ta-2183ff26eaba"
time=2026-08-09T16:50:29.213+08:00 level=DEBUG msg="discovery: skipping unreachable socket" socket=/tmp/tmux-501/ta-27ae35442db0 err="query tmux on /tmp/tmux-501/ta-27ae35442db0: exit status 1: no server running on /tmp/tmux-501/ta-27ae35442db0"
time=2026-08-09T16:50:29.224+08:00 level=DEBUG msg="discovery: skipping unreachable socket" socket=/tmp/tmux-501/ta-29ad6c433fb0 err="query tmux on /tmp/tmux-501/ta-29ad6c433fb0: exit status 1: no server running on /tmp/tmux-501/ta-29ad6c433fb0"
time=2026-08-09T16:50:29.229+08:00 level=DEBUG msg="discovery: skipping unreachable socket" socket=/tmp/tmux-501/ta-2b2b0f6042c3 err="query tmux on /tmp/tmux-501/ta-2b2b0f6042c3: exit status 1: no server running on /tmp/tmux-501/ta-2b2b0f6042c3"
time=2026-08-09T16:50:29.235+08:00 level=DEBUG msg="discovery: skipping unreachable socket" socket=/tmp/tmux-501/ta-2d881fc24979 err="query tmux on /tmp/tmux-501/ta-2d881fc24979: exit status 1: no server running on /tmp/tmux-501/ta-2d881fc24979"
time=2026-08-09T16:50:29.240+08:00 level=DEBUG msg="discovery: skipping unreachable socket" socket=/tmp/tmux-501/ta-3511002e6186 err="query tmux on /tmp/tmux-501/ta-3511002e6186: exit status 1: no server running on /tmp/tmux-501/ta-3511002e6186"
time=2026-08-09T16:50:29.269+08:00 level=DEBUG msg="discovery: skipping unreachable socket" socket=/tmp/tmux-501/ta-670fcfc61db1 err="query tmux on /tmp/tmux-501/ta-670fcfc61db1: exit status 1: no server running on /tmp/tmux-501/ta-670fcfc61db1"
time=2026-08-09T16:50:29.274+08:00 level=DEBUG msg="discovery: skipping unreachable socket" socket=/tmp/tmux-501/ta-714648f68f78 err="query tmux on /tmp/tmux-501/ta-714648f68f78: exit status 1: no server running on /tmp/tmux-501/ta-714648f68f78"
time=2026-08-09T16:50:29.280+08:00 level=DEBUG msg="discovery: skipping unreachable socket" socket=/tmp/tmux-501/ta-76d99a0fb54d err="query tmux on /tmp/tmux-501/ta-76d99a0fb54d: exit status 1: no server running on /tmp/tmux-501/ta-76d99a0fb54d"
time=2026-08-09T16:50:29.285+08:00 level=DEBUG msg="discovery: skipping unreachable socket" socket=/tmp/tmux-501/ta-7cf3455fc7ef err="query tmux on /tmp/tmux-501/ta-7cf3455fc7ef: exit status 1: no server running on /tmp/tmux-501/ta-7cf3455fc7ef"
time=2026-08-09T16:50:29.296+08:00 level=DEBUG msg="discovery: skipping unreachable socket" socket=/tmp/tmux-501/ta-8f9301481b91 err="query tmux on /tmp/tmux-501/ta-8f9301481b91: exit status 1: no server running on /tmp/tmux-501/ta-8f9301481b91"
time=2026-08-09T16:50:29.302+08:00 level=DEBUG msg="discovery: skipping unreachable socket" socket=/tmp/tmux-501/ta-93b04f34a45d err="query tmux on /tmp/tmux-501/ta-93b04f34a45d: exit status 1: no server running on /tmp/tmux-501/ta-93b04f34a45d"
time=2026-08-09T16:50:29.317+08:00 level=DEBUG msg="discovery: skipping unreachable socket" socket=/tmp/tmux-501/ta-9f7ab2efc12e err="query tmux on /tmp/tmux-501/ta-9f7ab2efc12e: exit status 1: no server running on /tmp/tmux-501/ta-9f7ab2efc12e"
time=2026-08-09T16:50:29.323+08:00 level=DEBUG msg="discovery: skipping unreachable socket" socket=/tmp/tmux-501/ta-a389ed2be6d0 err="query tmux on /tmp/tmux-501/ta-a389ed2be6d0: exit status 1: no server running on /tmp/tmux-501/ta-a389ed2be6d0"
time=2026-08-09T16:50:29.360+08:00 level=DEBUG msg="discovery: skipping unreachable socket" socket=/tmp/tmux-501/ta-c16b1abaa054 err="query tmux on /tmp/tmux-501/ta-c16b1abaa054: exit status 1: no server running on /tmp/tmux-501/ta-c16b1abaa054"
time=2026-08-09T16:50:29.365+08:00 level=DEBUG msg="discovery: skipping unreachable socket" socket=/tmp/tmux-501/ta-d596a9f9a2a6 err="query tmux on /tmp/tmux-501/ta-d596a9f9a2a6: exit status 1: no server running on /tmp/tmux-501/ta-d596a9f9a2a6"
time=2026-08-09T16:50:29.376+08:00 level=DEBUG msg="discovery: skipping unreachable socket" socket=/tmp/tmux-501/ta-d9dc8c25f425 err="query tmux on /tmp/tmux-501/ta-d9dc8c25f425: exit status 1: no server running on /tmp/tmux-501/ta-d9dc8c25f425"
time=2026-08-09T16:50:29.381+08:00 level=DEBUG msg="discovery: skipping unreachable socket" socket=/tmp/tmux-501/ta-e4fe872351d8 err="query tmux on /tmp/tmux-501/ta-e4fe872351d8: exit status 1: no server running on /tmp/tmux-501/ta-e4fe872351d8"
time=2026-08-09T16:50:29.387+08:00 level=DEBUG msg="discovery: skipping unreachable socket" socket=/tmp/tmux-501/ta-e94aa181e16c err="query tmux on /tmp/tmux-501/ta-e94aa181e16c: exit status 1: no server running on /tmp/tmux-501/ta-e94aa181e16c"
time=2026-08-09T16:50:29.392+08:00 level=DEBUG msg="discovery: skipping unreachable socket" socket=/tmp/tmux-501/ta-ebf95952bfe3 err="query tmux on /tmp/tmux-501/ta-ebf95952bfe3: exit status 1: no server running on /tmp/tmux-501/ta-ebf95952bfe3"
time=2026-08-09T16:50:29.398+08:00 level=DEBUG msg="discovery: skipping unreachable socket" socket=/tmp/tmux-501/ta-fa2252466833 err="query tmux on /tmp/tmux-501/ta-fa2252466833: exit status 1: no server running on /tmp/tmux-501/ta-fa2252466833"
time=2026-08-09T16:50:29.398+08:00 level=DEBUG msg="listing: no changes"
time=2026-08-09T16:50:29.899+08:00 level=DEBUG msg="discovery: skipping socket directory" dir=/tmp/e2e-l2.KhUMRL/tmux/tmux-501 err="open /tmp/e2e-l2.KhUMRL/tmux/tmux-501: no such file or directory"
time=2026-08-09T16:50:29.919+08:00 level=DEBUG msg="discovery: skipping unreachable socket" socket=/tmp/tmux-501/ta-0da65bceb372 err="query tmux on /tmp/tmux-501/ta-0da65bceb372: exit status 1: no server running on /tmp/tmux-501/ta-0da65bceb372"
time=2026-08-09T16:50:29.924+08:00 level=DEBUG msg="discovery: skipping unreachable socket" socket=/tmp/tmux-501/ta-192b3d7a4b4d err="query tmux on /tmp/tmux-501/ta-192b3d7a4b4d: exit status 1: no server running on /tmp/tmux-501/ta-192b3d7a4b4d"
time=2026-08-09T16:50:29.930+08:00 level=DEBUG msg="discovery: skipping unreachable socket" socket=/tmp/tmux-501/ta-19bab105a233 err="query tmux on /tmp/tmux-501/ta-19bab105a233: exit status 1: no server running on /tmp/tmux-501/ta-19bab105a233"
time=2026-08-09T16:50:29.935+08:00 level=DEBUG msg="discovery: skipping unreachable socket" socket=/tmp/tmux-501/ta-2183ff26eaba err="query tmux on /tmp/tmux-501/ta-2183ff26eaba: exit status 1: no server running on /tmp/tmux-501/ta-2183ff26eaba"
time=2026-08-09T16:50:29.945+08:00 level=DEBUG msg="discovery: skipping unreachable socket" socket=/tmp/tmux-501/ta-27ae35442db0 err="query tmux on /tmp/tmux-501/ta-27ae35442db0: exit status 1: no server running on /tmp/tmux-501/ta-27ae35442db0"
time=2026-08-09T16:50:29.955+08:00 level=DEBUG msg="discovery: skipping unreachable socket" socket=/tmp/tmux-501/ta-29ad6c433fb0 err="query tmux on /tmp/tmux-501/ta-29ad6c433fb0: exit status 1: no server running on /tmp/tmux-501/ta-29ad6c433fb0"
time=2026-08-09T16:50:29.961+08:00 level=DEBUG msg="discovery: skipping unreachable socket" socket=/tmp/tmux-501/ta-2b2b0f6042c3 err="query tmux on /tmp/tmux-501/ta-2b2b0f6042c3: exit status 1: no server running on /tmp/tmux-501/ta-2b2b0f6042c3"
time=2026-08-09T16:50:29.967+08:00 level=DEBUG msg="discovery: skipping unreachable socket" socket=/tmp/tmux-501/ta-2d881fc24979 err="query tmux on /tmp/tmux-501/ta-2d881fc24979: exit status 1: no server running on /tmp/tmux-501/ta-2d881fc24979"
time=2026-08-09T16:50:29.971+08:00 level=DEBUG msg="discovery: skipping unreachable socket" socket=/tmp/tmux-501/ta-3511002e6186 err="query tmux on /tmp/tmux-501/ta-3511002e6186: exit status 1: no server running on /tmp/tmux-501/ta-3511002e6186"
time=2026-08-09T16:50:29.999+08:00 level=DEBUG msg="discovery: skipping unreachable socket" socket=/tmp/tmux-501/ta-670fcfc61db1 err="query tmux on /tmp/tmux-501/ta-670fcfc61db1: exit status 1: no server running on /tmp/tmux-501/ta-670fcfc61db1"
time=2026-08-09T16:50:30.004+08:00 level=DEBUG msg="discovery: skipping unreachable socket" socket=/tmp/tmux-501/ta-714648f68f78 err="query tmux on /tmp/tmux-501/ta-714648f68f78: exit status 1: no server running on /tmp/tmux-501/ta-714648f68f78"
time=2026-08-09T16:50:30.009+08:00 level=DEBUG msg="discovery: skipping unreachable socket" socket=/tmp/tmux-501/ta-76d99a0fb54d err="query tmux on /tmp/tmux-501/ta-76d99a0fb54d: exit status 1: no server running on /tmp/tmux-501/ta-76d99a0fb54d"
time=2026-08-09T16:50:30.015+08:00 level=DEBUG msg="discovery: skipping unreachable socket" socket=/tmp/tmux-501/ta-7cf3455fc7ef err="query tmux on /tmp/tmux-501/ta-7cf3455fc7ef: exit status 1: no server running on /tmp/tmux-501/ta-7cf3455fc7ef"
time=2026-08-09T16:50:30.027+08:00 level=DEBUG msg="discovery: skipping unreachable socket" socket=/tmp/tmux-501/ta-8f9301481b91 err="query tmux on /tmp/tmux-501/ta-8f9301481b91: exit status 1: no server running on /tmp/tmux-501/ta-8f9301481b91"
time=2026-08-09T16:50:30.032+08:00 level=DEBUG msg="discovery: skipping unreachable socket" socket=/tmp/tmux-501/ta-93b04f34a45d err="query tmux on /tmp/tmux-501/ta-93b04f34a45d: exit status 1: no server running on /tmp/tmux-501/ta-93b04f34a45d"
time=2026-08-09T16:50:30.048+08:00 level=DEBUG msg="discovery: skipping unreachable socket" socket=/tmp/tmux-501/ta-9f7ab2efc12e err="query tmux on /tmp/tmux-501/ta-9f7ab2efc12e: exit status 1: no server running on /tmp/tmux-501/ta-9f7ab2efc12e"
time=2026-08-09T16:50:30.054+08:00 level=DEBUG msg="discovery: skipping unreachable socket" socket=/tmp/tmux-501/ta-a389ed2be6d0 err="query tmux on /tmp/tmux-501/ta-a389ed2be6d0: exit status 1: no server running on /tmp/tmux-501/ta-a389ed2be6d0"
time=2026-08-09T16:50:30.088+08:00 level=DEBUG msg="discovery: skipping unreachable socket" socket=/tmp/tmux-501/ta-c16b1abaa054 err="query tmux on /tmp/tmux-501/ta-c16b1abaa054: exit status 1: no server running on /tmp/tmux-501/ta-c16b1abaa054"
time=2026-08-09T16:50:30.094+08:00 level=DEBUG msg="discovery: skipping unreachable socket" socket=/tmp/tmux-501/ta-d596a9f9a2a6 err="query tmux on /tmp/tmux-501/ta-d596a9f9a2a6: exit status 1: no server running on /tmp/tmux-501/ta-d596a9f9a2a6"
time=2026-08-09T16:50:30.105+08:00 level=DEBUG msg="discovery: skipping unreachable socket" socket=/tmp/tmux-501/ta-d9dc8c25f425 err="query tmux on /tmp/tmux-501/ta-d9dc8c25f425: exit status 1: no server running on /tmp/tmux-501/ta-d9dc8c25f425"
time=2026-08-09T16:50:30.109+08:00 level=DEBUG msg="discovery: skipping unreachable socket" socket=/tmp/tmux-501/ta-e4fe872351d8 err="query tmux on /tmp/tmux-501/ta-e4fe872351d8: exit status 1: no server running on /tmp/tmux-501/ta-e4fe872351d8"
time=2026-08-09T16:50:30.115+08:00 level=DEBUG msg="discovery: skipping unreachable socket" socket=/tmp/tmux-501/ta-e94aa181e16c err="query tmux on /tmp/tmux-501/ta-e94aa181e16c: exit status 1: no server running on /tmp/tmux-501/ta-e94aa181e16c"
time=2026-08-09T16:50:30.121+08:00 level=DEBUG msg="discovery: skipping unreachable socket" socket=/tmp/tmux-501/ta-ebf95952bfe3 err="query tmux on /tmp/tmux-501/ta-ebf95952bfe3: exit status 1: no server running on /tmp/tmux-501/ta-ebf95952bfe3"
time=2026-08-09T16:50:30.126+08:00 level=DEBUG msg="discovery: skipping unreachable socket" socket=/tmp/tmux-501/ta-f4349a2a2c72 err="query tmux on /tmp/tmux-501/ta-f4349a2a2c72: exit status 1: no server running on /tmp/tmux-501/ta-f4349a2a2c72"
time=2026-08-09T16:50:30.131+08:00 level=DEBUG msg="discovery: skipping unreachable socket" socket=/tmp/tmux-501/ta-fa2252466833 err="query tmux on /tmp/tmux-501/ta-fa2252466833: exit status 1: no server running on /tmp/tmux-501/ta-fa2252466833"
time=2026-08-09T16:50:30.131+08:00 level=DEBUG msg="listing: no changes"
time=2026-08-09T16:50:30.631+08:00 level=DEBUG msg="discovery: skipping socket directory" dir=/tmp/e2e-l2.KhUMRL/tmux/tmux-501 err="open /tmp/e2e-l2.KhUMRL/tmux/tmux-501: no such file or directory"
time=2026-08-09T16:50:30.668+08:00 level=DEBUG msg="discovery: skipping unreachable socket" socket=/tmp/tmux-501/ta-0da65bceb372 err="query tmux on /tmp/tmux-501/ta-0da65bceb372: exit status 1: no server running on /tmp/tmux-501/ta-0da65bceb372"
time=2026-08-09T16:50:30.675+08:00 level=DEBUG msg="discovery: skipping unreachable socket" socket=/tmp/tmux-501/ta-192b3d7a4b4d err="query tmux on /tmp/tmux-501/ta-192b3d7a4b4d: exit status 1: no server running on /tmp/tmux-501/ta-192b3d7a4b4d"
time=2026-08-09T16:50:30.681+08:00 level=DEBUG msg="discovery: skipping unreachable socket" socket=/tmp/tmux-501/ta-19bab105a233 err="query tmux on /tmp/tmux-501/ta-19bab105a233: exit status 1: no server running on /tmp/tmux-501/ta-19bab105a233"
time=2026-08-09T16:50:30.687+08:00 level=DEBUG msg="discovery: skipping unreachable socket" socket=/tmp/tmux-501/ta-2183ff26eaba err="query tmux on /tmp/tmux-501/ta-2183ff26eaba: exit status 1: no server running on /tmp/tmux-501/ta-2183ff26eaba"
time=2026-08-09T16:50:30.700+08:00 level=DEBUG msg="discovery: skipping unreachable socket" socket=/tmp/tmux-501/ta-27ae35442db0 err="query tmux on /tmp/tmux-501/ta-27ae35442db0: exit status 1: no server running on /tmp/tmux-501/ta-27ae35442db0"
time=2026-08-09T16:50:30.713+08:00 level=DEBUG msg="discovery: skipping unreachable socket" socket=/tmp/tmux-501/ta-29ad6c433fb0 err="query tmux on /tmp/tmux-501/ta-29ad6c433fb0: exit status 1: no server running on /tmp/tmux-501/ta-29ad6c433fb0"
time=2026-08-09T16:50:30.720+08:00 level=DEBUG msg="discovery: skipping unreachable socket" socket=/tmp/tmux-501/ta-2b2b0f6042c3 err="query tmux on /tmp/tmux-501/ta-2b2b0f6042c3: exit status 1: no server running on /tmp/tmux-501/ta-2b2b0f6042c3"
time=2026-08-09T16:50:30.726+08:00 level=DEBUG msg="discovery: skipping unreachable socket" socket=/tmp/tmux-501/ta-2d881fc24979 err="query tmux on /tmp/tmux-501/ta-2d881fc24979: exit status 1: no server running on /tmp/tmux-501/ta-2d881fc24979"
time=2026-08-09T16:50:30.732+08:00 level=DEBUG msg="discovery: skipping unreachable socket" socket=/tmp/tmux-501/ta-3511002e6186 err="query tmux on /tmp/tmux-501/ta-3511002e6186: exit status 1: no server running on /tmp/tmux-501/ta-3511002e6186"
time=2026-08-09T16:50:30.761+08:00 level=DEBUG msg="discovery: skipping unreachable socket" socket=/tmp/tmux-501/ta-670fcfc61db1 err="query tmux on /tmp/tmux-501/ta-670fcfc61db1: exit status 1: no server running on /tmp/tmux-501/ta-670fcfc61db1"
time=2026-08-09T16:50:30.767+08:00 level=DEBUG msg="discovery: skipping unreachable socket" socket=/tmp/tmux-501/ta-714648f68f78 err="query tmux on /tmp/tmux-501/ta-714648f68f78: exit status 1: no server running on /tmp/tmux-501/ta-714648f68f78"
time=2026-08-09T16:50:30.772+08:00 level=DEBUG msg="discovery: skipping unreachable socket" socket=/tmp/tmux-501/ta-76d99a0fb54d err="query tmux on /tmp/tmux-501/ta-76d99a0fb54d: exit status 1: no server running on /tmp/tmux-501/ta-76d99a0fb54d"
time=2026-08-09T16:50:30.778+08:00 level=DEBUG msg="discovery: skipping unreachable socket" socket=/tmp/tmux-501/ta-7cf3455fc7ef err="query tmux on /tmp/tmux-501/ta-7cf3455fc7ef: exit status 1: no server running on /tmp/tmux-501/ta-7cf3455fc7ef"
time=2026-08-09T16:50:30.789+08:00 level=DEBUG msg="discovery: skipping unreachable socket" socket=/tmp/tmux-501/ta-8f9301481b91 err="query tmux on /tmp/tmux-501/ta-8f9301481b91: exit status 1: no server running on /tmp/tmux-501/ta-8f9301481b91"
time=2026-08-09T16:50:30.794+08:00 level=DEBUG msg="discovery: skipping unreachable socket" socket=/tmp/tmux-501/ta-93b04f34a45d err="query tmux on /tmp/tmux-501/ta-93b04f34a45d: exit status 1: no server running on /tmp/tmux-501/ta-93b04f34a45d"
time=2026-08-09T16:50:30.812+08:00 level=DEBUG msg="discovery: skipping unreachable socket" socket=/tmp/tmux-501/ta-9f7ab2efc12e err="query tmux on /tmp/tmux-501/ta-9f7ab2efc12e: exit status 1: no server running on /tmp/tmux-501/ta-9f7ab2efc12e"
time=2026-08-09T16:50:30.818+08:00 level=DEBUG msg="discovery: skipping unreachable socket" socket=/tmp/tmux-501/ta-a389ed2be6d0 err="query tmux on /tmp/tmux-501/ta-a389ed2be6d0: exit status 1: no server running on /tmp/tmux-501/ta-a389ed2be6d0"
time=2026-08-09T16:50:30.855+08:00 level=DEBUG msg="discovery: skipping unreachable socket" socket=/tmp/tmux-501/ta-d596a9f9a2a6 err="query tmux on /tmp/tmux-501/ta-d596a9f9a2a6: exit status 1: no server running on /tmp/tmux-501/ta-d596a9f9a2a6"
time=2026-08-09T16:50:30.866+08:00 level=DEBUG msg="discovery: skipping unreachable socket" socket=/tmp/tmux-501/ta-d9dc8c25f425 err="query tmux on /tmp/tmux-501/ta-d9dc8c25f425: exit status 1: no server running on /tmp/tmux-501/ta-d9dc8c25f425"
time=2026-08-09T16:50:30.872+08:00 level=DEBUG msg="discovery: skipping unreachable socket" socket=/tmp/tmux-501/ta-e4fe872351d8 err="query tmux on /tmp/tmux-501/ta-e4fe872351d8: exit status 1: no server running on /tmp/tmux-501/ta-e4fe872351d8"
time=2026-08-09T16:50:30.877+08:00 level=DEBUG msg="discovery: skipping unreachable socket" socket=/tmp/tmux-501/ta-e94aa181e16c err="query tmux on /tmp/tmux-501/ta-e94aa181e16c: exit status 1: no server running on /tmp/tmux-501/ta-e94aa181e16c"
time=2026-08-09T16:50:30.883+08:00 level=DEBUG msg="discovery: skipping unreachable socket" socket=/tmp/tmux-501/ta-ebf95952bfe3 err="query tmux on /tmp/tmux-501/ta-ebf95952bfe3: exit status 1: no server running on /tmp/tmux-501/ta-ebf95952bfe3"
time=2026-08-09T16:50:30.889+08:00 level=DEBUG msg="discovery: skipping unreachable socket" socket=/tmp/tmux-501/ta-f4349a2a2c72 err="query tmux on /tmp/tmux-501/ta-f4349a2a2c72: exit status 1: no server running on /tmp/tmux-501/ta-f4349a2a2c72"
time=2026-08-09T16:50:30.895+08:00 level=DEBUG msg="discovery: skipping unreachable socket" socket=/tmp/tmux-501/ta-fa2252466833 err="query tmux on /tmp/tmux-501/ta-fa2252466833: exit status 1: no server running on /tmp/tmux-501/ta-fa2252466833"
time=2026-08-09T16:50:31.397+08:00 level=DEBUG msg="discovery: skipping socket directory" dir=/tmp/e2e-l2.KhUMRL/tmux/tmux-501 err="open /tmp/e2e-l2.KhUMRL/tmux/tmux-501: no such file or directory"
time=2026-08-09T16:50:31.416+08:00 level=DEBUG msg="discovery: skipping unreachable socket" socket=/tmp/tmux-501/ta-0da65bceb372 err="query tmux on /tmp/tmux-501/ta-0da65bceb372: exit status 1: no server running on /tmp/tmux-501/ta-0da65bceb372"
time=2026-08-09T16:50:31.422+08:00 level=DEBUG msg="discovery: skipping unreachable socket" socket=/tmp/tmux-501/ta-15c65b37a04a err="query tmux on /tmp/tmux-501/ta-15c65b37a04a: exit status 1: no server running on /tmp/tmux-501/ta-15c65b37a04a"
time=2026-08-09T16:50:31.428+08:00 level=DEBUG msg="discovery: skipping unreachable socket" socket=/tmp/tmux-501/ta-192b3d7a4b4d err="query tmux on /tmp/tmux-501/ta-192b3d7a4b4d: exit status 1: no server running on /tmp/tmux-501/ta-192b3d7a4b4d"
time=2026-08-09T16:50:31.434+08:00 level=DEBUG msg="discovery: skipping unreachable socket" socket=/tmp/tmux-501/ta-19bab105a233 err="query tmux on /tmp/tmux-501/ta-19bab105a233: exit status 1: no server running on /tmp/tmux-501/ta-19bab105a233"
time=2026-08-09T16:50:31.440+08:00 level=DEBUG msg="discovery: skipping unreachable socket" socket=/tmp/tmux-501/ta-2183ff26eaba err="query tmux on /tmp/tmux-501/ta-2183ff26eaba: exit status 1: no server running on /tmp/tmux-501/ta-2183ff26eaba"
time=2026-08-09T16:50:31.452+08:00 level=DEBUG msg="discovery: skipping unreachable socket" socket=/tmp/tmux-501/ta-27ae35442db0 err="query tmux on /tmp/tmux-501/ta-27ae35442db0: exit status 1: no server running on /tmp/tmux-501/ta-27ae35442db0"
time=2026-08-09T16:50:31.466+08:00 level=DEBUG msg="discovery: skipping unreachable socket" socket=/tmp/tmux-501/ta-29ad6c433fb0 err="query tmux on /tmp/tmux-501/ta-29ad6c433fb0: exit status 1: no server running on /tmp/tmux-501/ta-29ad6c433fb0"
time=2026-08-09T16:50:31.472+08:00 level=DEBUG msg="discovery: skipping unreachable socket" socket=/tmp/tmux-501/ta-2b2b0f6042c3 err="query tmux on /tmp/tmux-501/ta-2b2b0f6042c3: exit status 1: no server running on /tmp/tmux-501/ta-2b2b0f6042c3"
time=2026-08-09T16:50:31.478+08:00 level=DEBUG msg="discovery: skipping unreachable socket" socket=/tmp/tmux-501/ta-2d881fc24979 err="query tmux on /tmp/tmux-501/ta-2d881fc24979: exit status 1: no server running on /tmp/tmux-501/ta-2d881fc24979"
time=2026-08-09T16:50:31.484+08:00 level=DEBUG msg="discovery: skipping unreachable socket" socket=/tmp/tmux-501/ta-3511002e6186 err="query tmux on /tmp/tmux-501/ta-3511002e6186: exit status 1: no server running on /tmp/tmux-501/ta-3511002e6186"
time=2026-08-09T16:50:31.514+08:00 level=DEBUG msg="discovery: skipping unreachable socket" socket=/tmp/tmux-501/ta-670fcfc61db1 err="query tmux on /tmp/tmux-501/ta-670fcfc61db1: exit status 1: no server running on /tmp/tmux-501/ta-670fcfc61db1"
time=2026-08-09T16:50:31.519+08:00 level=DEBUG msg="discovery: skipping unreachable socket" socket=/tmp/tmux-501/ta-714648f68f78 err="query tmux on /tmp/tmux-501/ta-714648f68f78: exit status 1: no server running on /tmp/tmux-501/ta-714648f68f78"
time=2026-08-09T16:50:31.524+08:00 level=DEBUG msg="discovery: skipping unreachable socket" socket=/tmp/tmux-501/ta-76d99a0fb54d err="query tmux on /tmp/tmux-501/ta-76d99a0fb54d: exit status 1: no server running on /tmp/tmux-501/ta-76d99a0fb54d"
time=2026-08-09T16:50:31.529+08:00 level=DEBUG msg="discovery: skipping unreachable socket" socket=/tmp/tmux-501/ta-7cf3455fc7ef err="query tmux on /tmp/tmux-501/ta-7cf3455fc7ef: exit status 1: no server running on /tmp/tmux-501/ta-7cf3455fc7ef"
time=2026-08-09T16:50:31.541+08:00 level=DEBUG msg="discovery: skipping unreachable socket" socket=/tmp/tmux-501/ta-8f9301481b91 err="query tmux on /tmp/tmux-501/ta-8f9301481b91: exit status 1: no server running on /tmp/tmux-501/ta-8f9301481b91"
time=2026-08-09T16:50:31.546+08:00 level=DEBUG msg="discovery: skipping unreachable socket" socket=/tmp/tmux-501/ta-93b04f34a45d err="query tmux on /tmp/tmux-501/ta-93b04f34a45d: exit status 1: no server running on /tmp/tmux-501/ta-93b04f34a45d"
time=2026-08-09T16:50:31.562+08:00 level=DEBUG msg="discovery: skipping unreachable socket" socket=/tmp/tmux-501/ta-9f7ab2efc12e err="query tmux on /tmp/tmux-501/ta-9f7ab2efc12e: exit status 1: no server running on /tmp/tmux-501/ta-9f7ab2efc12e"
time=2026-08-09T16:50:31.568+08:00 level=DEBUG msg="discovery: skipping unreachable socket" socket=/tmp/tmux-501/ta-a389ed2be6d0 err="query tmux on /tmp/tmux-501/ta-a389ed2be6d0: exit status 1: no server running on /tmp/tmux-501/ta-a389ed2be6d0"
time=2026-08-09T16:50:31.602+08:00 level=DEBUG msg="discovery: skipping unreachable socket" socket=/tmp/tmux-501/ta-c16b1abaa054 err="query tmux on /tmp/tmux-501/ta-c16b1abaa054: exit status 1: no server running on /tmp/tmux-501/ta-c16b1abaa054"
time=2026-08-09T16:50:31.607+08:00 level=DEBUG msg="discovery: skipping unreachable socket" socket=/tmp/tmux-501/ta-d596a9f9a2a6 err="query tmux on /tmp/tmux-501/ta-d596a9f9a2a6: exit status 1: no server running on /tmp/tmux-501/ta-d596a9f9a2a6"
time=2026-08-09T16:50:31.618+08:00 level=DEBUG msg="discovery: skipping unreachable socket" socket=/tmp/tmux-501/ta-d9dc8c25f425 err="query tmux on /tmp/tmux-501/ta-d9dc8c25f425: exit status 1: no server running on /tmp/tmux-501/ta-d9dc8c25f425"
time=2026-08-09T16:50:31.624+08:00 level=DEBUG msg="discovery: skipping unreachable socket" socket=/tmp/tmux-501/ta-e4fe872351d8 err="query tmux on /tmp/tmux-501/ta-e4fe872351d8: exit status 1: no server running on /tmp/tmux-501/ta-e4fe872351d8"
time=2026-08-09T16:50:31.629+08:00 level=DEBUG msg="discovery: skipping unreachable socket" socket=/tmp/tmux-501/ta-e94aa181e16c err="query tmux on /tmp/tmux-501/ta-e94aa181e16c: exit status 1: no server running on /tmp/tmux-501/ta-e94aa181e16c"
time=2026-08-09T16:50:31.634+08:00 level=DEBUG msg="discovery: skipping unreachable socket" socket=/tmp/tmux-501/ta-ebf95952bfe3 err="query tmux on /tmp/tmux-501/ta-ebf95952bfe3: exit status 1: no server running on /tmp/tmux-501/ta-ebf95952bfe3"
time=2026-08-09T16:50:31.640+08:00 level=DEBUG msg="discovery: skipping unreachable socket" socket=/tmp/tmux-501/ta-fa2252466833 err="query tmux on /tmp/tmux-501/ta-fa2252466833: exit status 1: no server running on /tmp/tmux-501/ta-fa2252466833"
time=2026-08-09T16:50:31.640+08:00 level=DEBUG msg="listing: no changes"
time=2026-08-09T16:50:32.140+08:00 level=DEBUG msg="discovery: skipping socket directory" dir=/tmp/e2e-l2.KhUMRL/tmux/tmux-501 err="open /tmp/e2e-l2.KhUMRL/tmux/tmux-501: no such file or directory"
time=2026-08-09T16:50:32.153+08:00 level=DEBUG msg="discovery: skipping unreachable socket" socket=/tmp/tmux-501/ta-0204b658e5c8 err="query tmux on /tmp/tmux-501/ta-0204b658e5c8: exit status 1: no server running on /tmp/tmux-501/ta-0204b658e5c8"
time=2026-08-09T16:50:32.164+08:00 level=DEBUG msg="discovery: skipping unreachable socket" socket=/tmp/tmux-501/ta-0da65bceb372 err="query tmux on /tmp/tmux-501/ta-0da65bceb372: exit status 1: no server running on /tmp/tmux-501/ta-0da65bceb372"
time=2026-08-09T16:50:32.170+08:00 level=DEBUG msg="discovery: skipping unreachable socket" socket=/tmp/tmux-501/ta-15c65b37a04a err="query tmux on /tmp/tmux-501/ta-15c65b37a04a: exit status 1: no server running on /tmp/tmux-501/ta-15c65b37a04a"
time=2026-08-09T16:50:32.176+08:00 level=DEBUG msg="discovery: skipping unreachable socket" socket=/tmp/tmux-501/ta-192b3d7a4b4d err="query tmux on /tmp/tmux-501/ta-192b3d7a4b4d: exit status 1: no server running on /tmp/tmux-501/ta-192b3d7a4b4d"
time=2026-08-09T16:50:32.181+08:00 level=DEBUG msg="discovery: skipping unreachable socket" socket=/tmp/tmux-501/ta-19bab105a233 err="query tmux on /tmp/tmux-501/ta-19bab105a233: exit status 1: no server running on /tmp/tmux-501/ta-19bab105a233"
time=2026-08-09T16:50:32.187+08:00 level=DEBUG msg="discovery: skipping unreachable socket" socket=/tmp/tmux-501/ta-2183ff26eaba err="query tmux on /tmp/tmux-501/ta-2183ff26eaba: exit status 1: no server running on /tmp/tmux-501/ta-2183ff26eaba"
time=2026-08-09T16:50:32.198+08:00 level=DEBUG msg="discovery: skipping unreachable socket" socket=/tmp/tmux-501/ta-27ae35442db0 err="query tmux on /tmp/tmux-501/ta-27ae35442db0: exit status 1: no server running on /tmp/tmux-501/ta-27ae35442db0"
time=2026-08-09T16:50:32.209+08:00 level=DEBUG msg="discovery: skipping unreachable socket" socket=/tmp/tmux-501/ta-29ad6c433fb0 err="query tmux on /tmp/tmux-501/ta-29ad6c433fb0: exit status 1: no server running on /tmp/tmux-501/ta-29ad6c433fb0"
time=2026-08-09T16:50:32.215+08:00 level=DEBUG msg="discovery: skipping unreachable socket" socket=/tmp/tmux-501/ta-2b2b0f6042c3 err="query tmux on /tmp/tmux-501/ta-2b2b0f6042c3: exit status 1: no server running on /tmp/tmux-501/ta-2b2b0f6042c3"
time=2026-08-09T16:50:32.221+08:00 level=DEBUG msg="discovery: skipping unreachable socket" socket=/tmp/tmux-501/ta-2d881fc24979 err="query tmux on /tmp/tmux-501/ta-2d881fc24979: exit status 1: no server running on /tmp/tmux-501/ta-2d881fc24979"
time=2026-08-09T16:50:32.227+08:00 level=DEBUG msg="discovery: skipping unreachable socket" socket=/tmp/tmux-501/ta-3511002e6186 err="query tmux on /tmp/tmux-501/ta-3511002e6186: exit status 1: no server running on /tmp/tmux-501/ta-3511002e6186"
time=2026-08-09T16:50:32.255+08:00 level=DEBUG msg="discovery: skipping unreachable socket" socket=/tmp/tmux-501/ta-670fcfc61db1 err="query tmux on /tmp/tmux-501/ta-670fcfc61db1: exit status 1: no server running on /tmp/tmux-501/ta-670fcfc61db1"
time=2026-08-09T16:50:32.267+08:00 level=DEBUG msg="discovery: skipping unreachable socket" socket=/tmp/tmux-501/ta-714648f68f78 err="query tmux on /tmp/tmux-501/ta-714648f68f78: exit status 1: no server running on /tmp/tmux-501/ta-714648f68f78"
time=2026-08-09T16:50:32.272+08:00 level=DEBUG msg="discovery: skipping unreachable socket" socket=/tmp/tmux-501/ta-76d99a0fb54d err="query tmux on /tmp/tmux-501/ta-76d99a0fb54d: exit status 1: no server running on /tmp/tmux-501/ta-76d99a0fb54d"
time=2026-08-09T16:50:32.277+08:00 level=DEBUG msg="discovery: skipping unreachable socket" socket=/tmp/tmux-501/ta-7cf3455fc7ef err="query tmux on /tmp/tmux-501/ta-7cf3455fc7ef: exit status 1: no server running on /tmp/tmux-501/ta-7cf3455fc7ef"
time=2026-08-09T16:50:32.283+08:00 level=DEBUG msg="discovery: skipping unreachable socket" socket=/tmp/tmux-501/ta-8871c1b9bea8 err="query tmux on /tmp/tmux-501/ta-8871c1b9bea8: exit status 1: no server running on /tmp/tmux-501/ta-8871c1b9bea8"
time=2026-08-09T16:50:32.294+08:00 level=DEBUG msg="discovery: skipping unreachable socket" socket=/tmp/tmux-501/ta-8f9301481b91 err="query tmux on /tmp/tmux-501/ta-8f9301481b91: exit status 1: no server running on /tmp/tmux-501/ta-8f9301481b91"
time=2026-08-09T16:50:32.299+08:00 level=DEBUG msg="discovery: skipping unreachable socket" socket=/tmp/tmux-501/ta-93b04f34a45d err="query tmux on /tmp/tmux-501/ta-93b04f34a45d: exit status 1: no server running on /tmp/tmux-501/ta-93b04f34a45d"
time=2026-08-09T16:50:32.315+08:00 level=DEBUG msg="discovery: skipping unreachable socket" socket=/tmp/tmux-501/ta-9f7ab2efc12e err="query tmux on /tmp/tmux-501/ta-9f7ab2efc12e: exit status 1: no server running on /tmp/tmux-501/ta-9f7ab2efc12e"
time=2026-08-09T16:50:32.320+08:00 level=DEBUG msg="discovery: skipping unreachable socket" socket=/tmp/tmux-501/ta-a389ed2be6d0 err="query tmux on /tmp/tmux-501/ta-a389ed2be6d0: exit status 1: no server running on /tmp/tmux-501/ta-a389ed2be6d0"
time=2026-08-09T16:50:32.357+08:00 level=DEBUG msg="discovery: skipping unreachable socket" socket=/tmp/tmux-501/ta-c16b1abaa054 err="query tmux on /tmp/tmux-501/ta-c16b1abaa054: exit status 1: no server running on /tmp/tmux-501/ta-c16b1abaa054"
time=2026-08-09T16:50:32.363+08:00 level=DEBUG msg="discovery: skipping unreachable socket" socket=/tmp/tmux-501/ta-d596a9f9a2a6 err="query tmux on /tmp/tmux-501/ta-d596a9f9a2a6: exit status 1: no server running on /tmp/tmux-501/ta-d596a9f9a2a6"
time=2026-08-09T16:50:32.377+08:00 level=DEBUG msg="discovery: skipping unreachable socket" socket=/tmp/tmux-501/ta-d9dc8c25f425 err="query tmux on /tmp/tmux-501/ta-d9dc8c25f425: exit status 1: no server running on /tmp/tmux-501/ta-d9dc8c25f425"
time=2026-08-09T16:50:32.383+08:00 level=DEBUG msg="discovery: skipping unreachable socket" socket=/tmp/tmux-501/ta-e4fe872351d8 err="query tmux on /tmp/tmux-501/ta-e4fe872351d8: exit status 1: no server running on /tmp/tmux-501/ta-e4fe872351d8"
time=2026-08-09T16:50:32.389+08:00 level=DEBUG msg="discovery: skipping unreachable socket" socket=/tmp/tmux-501/ta-e94aa181e16c err="query tmux on /tmp/tmux-501/ta-e94aa181e16c: exit status 1: no server running on /tmp/tmux-501/ta-e94aa181e16c"
time=2026-08-09T16:50:32.395+08:00 level=DEBUG msg="discovery: skipping unreachable socket" socket=/tmp/tmux-501/ta-ebf95952bfe3 err="query tmux on /tmp/tmux-501/ta-ebf95952bfe3: exit status 1: no server running on /tmp/tmux-501/ta-ebf95952bfe3"
time=2026-08-09T16:50:32.401+08:00 level=DEBUG msg="discovery: skipping unreachable socket" socket=/tmp/tmux-501/ta-fa2252466833 err="query tmux on /tmp/tmux-501/ta-fa2252466833: exit status 1: no server running on /tmp/tmux-501/ta-fa2252466833"
time=2026-08-09T16:50:32.901+08:00 level=DEBUG msg="discovery: skipping socket directory" dir=/tmp/e2e-l2.KhUMRL/tmux/tmux-501 err="open /tmp/e2e-l2.KhUMRL/tmux/tmux-501: no such file or directory"
time=2026-08-09T16:50:32.914+08:00 level=DEBUG msg="discovery: skipping unreachable socket" socket=/tmp/tmux-501/ta-0204b658e5c8 err="query tmux on /tmp/tmux-501/ta-0204b658e5c8: exit status 1: no server running on /tmp/tmux-501/ta-0204b658e5c8"
time=2026-08-09T16:50:32.925+08:00 level=DEBUG msg="discovery: skipping unreachable socket" socket=/tmp/tmux-501/ta-0da65bceb372 err="query tmux on /tmp/tmux-501/ta-0da65bceb372: exit status 1: no server running on /tmp/tmux-501/ta-0da65bceb372"
time=2026-08-09T16:50:32.931+08:00 level=DEBUG msg="discovery: skipping unreachable socket" socket=/tmp/tmux-501/ta-15c65b37a04a err="query tmux on /tmp/tmux-501/ta-15c65b37a04a: exit status 1: no server running on /tmp/tmux-501/ta-15c65b37a04a"
time=2026-08-09T16:50:32.937+08:00 level=DEBUG msg="discovery: skipping unreachable socket" socket=/tmp/tmux-501/ta-192b3d7a4b4d err="query tmux on /tmp/tmux-501/ta-192b3d7a4b4d: exit status 1: no server running on /tmp/tmux-501/ta-192b3d7a4b4d"
time=2026-08-09T16:50:32.942+08:00 level=DEBUG msg="discovery: skipping unreachable socket" socket=/tmp/tmux-501/ta-19bab105a233 err="query tmux on /tmp/tmux-501/ta-19bab105a233: exit status 1: no server running on /tmp/tmux-501/ta-19bab105a233"
time=2026-08-09T16:50:32.948+08:00 level=DEBUG msg="discovery: skipping unreachable socket" socket=/tmp/tmux-501/ta-2183ff26eaba err="query tmux on /tmp/tmux-501/ta-2183ff26eaba: exit status 1: no server running on /tmp/tmux-501/ta-2183ff26eaba"
time=2026-08-09T16:50:32.960+08:00 level=DEBUG msg="discovery: skipping unreachable socket" socket=/tmp/tmux-501/ta-27ae35442db0 err="query tmux on /tmp/tmux-501/ta-27ae35442db0: exit status 1: no server running on /tmp/tmux-501/ta-27ae35442db0"
time=2026-08-09T16:50:32.971+08:00 level=DEBUG msg="discovery: skipping unreachable socket" socket=/tmp/tmux-501/ta-29ad6c433fb0 err="query tmux on /tmp/tmux-501/ta-29ad6c433fb0: exit status 1: no server running on /tmp/tmux-501/ta-29ad6c433fb0"
time=2026-08-09T16:50:32.977+08:00 level=DEBUG msg="discovery: skipping unreachable socket" socket=/tmp/tmux-501/ta-2b2b0f6042c3 err="query tmux on /tmp/tmux-501/ta-2b2b0f6042c3: exit status 1: no server running on /tmp/tmux-501/ta-2b2b0f6042c3"
time=2026-08-09T16:50:32.982+08:00 level=DEBUG msg="discovery: skipping unreachable socket" socket=/tmp/tmux-501/ta-2d881fc24979 err="query tmux on /tmp/tmux-501/ta-2d881fc24979: exit status 1: no server running on /tmp/tmux-501/ta-2d881fc24979"
time=2026-08-09T16:50:32.988+08:00 level=DEBUG msg="discovery: skipping unreachable socket" socket=/tmp/tmux-501/ta-3511002e6186 err="query tmux on /tmp/tmux-501/ta-3511002e6186: exit status 1: no server running on /tmp/tmux-501/ta-3511002e6186"
time=2026-08-09T16:50:33.018+08:00 level=DEBUG msg="discovery: skipping unreachable socket" socket=/tmp/tmux-501/ta-670fcfc61db1 err="query tmux on /tmp/tmux-501/ta-670fcfc61db1: exit status 1: no server running on /tmp/tmux-501/ta-670fcfc61db1"
time=2026-08-09T16:50:33.029+08:00 level=DEBUG msg="discovery: skipping unreachable socket" socket=/tmp/tmux-501/ta-714648f68f78 err="query tmux on /tmp/tmux-501/ta-714648f68f78: exit status 1: no server running on /tmp/tmux-501/ta-714648f68f78"
time=2026-08-09T16:50:33.035+08:00 level=DEBUG msg="discovery: skipping unreachable socket" socket=/tmp/tmux-501/ta-76d99a0fb54d err="query tmux on /tmp/tmux-501/ta-76d99a0fb54d: exit status 1: no server running on /tmp/tmux-501/ta-76d99a0fb54d"
time=2026-08-09T16:50:33.040+08:00 level=DEBUG msg="discovery: skipping unreachable socket" socket=/tmp/tmux-501/ta-7cf3455fc7ef err="query tmux on /tmp/tmux-501/ta-7cf3455fc7ef: exit status 1: no server running on /tmp/tmux-501/ta-7cf3455fc7ef"
time=2026-08-09T16:50:33.046+08:00 level=DEBUG msg="discovery: skipping unreachable socket" socket=/tmp/tmux-501/ta-8871c1b9bea8 err="query tmux on /tmp/tmux-501/ta-8871c1b9bea8: exit status 1: no server running on /tmp/tmux-501/ta-8871c1b9bea8"
time=2026-08-09T16:50:33.058+08:00 level=DEBUG msg="discovery: skipping unreachable socket" socket=/tmp/tmux-501/ta-8f9301481b91 err="query tmux on /tmp/tmux-501/ta-8f9301481b91: exit status 1: no server running on /tmp/tmux-501/ta-8f9301481b91"
time=2026-08-09T16:50:33.063+08:00 level=DEBUG msg="discovery: skipping unreachable socket" socket=/tmp/tmux-501/ta-93b04f34a45d err="query tmux on /tmp/tmux-501/ta-93b04f34a45d: exit status 1: no server running on /tmp/tmux-501/ta-93b04f34a45d"
time=2026-08-09T16:50:33.081+08:00 level=DEBUG msg="discovery: skipping unreachable socket" socket=/tmp/tmux-501/ta-9f7ab2efc12e err="query tmux on /tmp/tmux-501/ta-9f7ab2efc12e: exit status 1: no server running on /tmp/tmux-501/ta-9f7ab2efc12e"
time=2026-08-09T16:50:33.086+08:00 level=DEBUG msg="discovery: skipping unreachable socket" socket=/tmp/tmux-501/ta-a389ed2be6d0 err="query tmux on /tmp/tmux-501/ta-a389ed2be6d0: exit status 1: no server running on /tmp/tmux-501/ta-a389ed2be6d0"
time=2026-08-09T16:50:33.121+08:00 level=DEBUG msg="discovery: skipping unreachable socket" socket=/tmp/tmux-501/ta-c16b1abaa054 err="query tmux on /tmp/tmux-501/ta-c16b1abaa054: exit status 1: no server running on /tmp/tmux-501/ta-c16b1abaa054"
time=2026-08-09T16:50:33.126+08:00 level=DEBUG msg="discovery: skipping unreachable socket" socket=/tmp/tmux-501/ta-d596a9f9a2a6 err="query tmux on /tmp/tmux-501/ta-d596a9f9a2a6: exit status 1: no server running on /tmp/tmux-501/ta-d596a9f9a2a6"
time=2026-08-09T16:50:33.138+08:00 level=DEBUG msg="discovery: skipping unreachable socket" socket=/tmp/tmux-501/ta-d9dc8c25f425 err="query tmux on /tmp/tmux-501/ta-d9dc8c25f425: exit status 1: no server running on /tmp/tmux-501/ta-d9dc8c25f425"
time=2026-08-09T16:50:33.143+08:00 level=DEBUG msg="discovery: skipping unreachable socket" socket=/tmp/tmux-501/ta-e4fe872351d8 err="query tmux on /tmp/tmux-501/ta-e4fe872351d8: exit status 1: no server running on /tmp/tmux-501/ta-e4fe872351d8"
time=2026-08-09T16:50:33.149+08:00 level=DEBUG msg="discovery: skipping unreachable socket" socket=/tmp/tmux-501/ta-e94aa181e16c err="query tmux on /tmp/tmux-501/ta-e94aa181e16c: exit status 1: no server running on /tmp/tmux-501/ta-e94aa181e16c"
time=2026-08-09T16:50:33.155+08:00 level=DEBUG msg="discovery: skipping unreachable socket" socket=/tmp/tmux-501/ta-ebf95952bfe3 err="query tmux on /tmp/tmux-501/ta-ebf95952bfe3: exit status 1: no server running on /tmp/tmux-501/ta-ebf95952bfe3"
time=2026-08-09T16:50:33.161+08:00 level=DEBUG msg="discovery: skipping unreachable socket" socket=/tmp/tmux-501/ta-fa2252466833 err="query tmux on /tmp/tmux-501/ta-fa2252466833: exit status 1: no server running on /tmp/tmux-501/ta-fa2252466833"
time=2026-08-09T16:50:33.662+08:00 level=DEBUG msg="discovery: skipping socket directory" dir=/tmp/e2e-l2.KhUMRL/tmux/tmux-501 err="open /tmp/e2e-l2.KhUMRL/tmux/tmux-501: no such file or directory"
time=2026-08-09T16:50:33.679+08:00 level=DEBUG msg="discovery: skipping unreachable socket" socket=/tmp/tmux-501/ta-0da65bceb372 err="query tmux on /tmp/tmux-501/ta-0da65bceb372: exit status 1: no server running on /tmp/tmux-501/ta-0da65bceb372"
time=2026-08-09T16:50:33.684+08:00 level=DEBUG msg="discovery: skipping unreachable socket" socket=/tmp/tmux-501/ta-15c65b37a04a err="query tmux on /tmp/tmux-501/ta-15c65b37a04a: exit status 1: no server running on /tmp/tmux-501/ta-15c65b37a04a"
time=2026-08-09T16:50:33.690+08:00 level=DEBUG msg="discovery: skipping unreachable socket" socket=/tmp/tmux-501/ta-192b3d7a4b4d err="query tmux on /tmp/tmux-501/ta-192b3d7a4b4d: exit status 1: no server running on /tmp/tmux-501/ta-192b3d7a4b4d"
time=2026-08-09T16:50:33.695+08:00 level=DEBUG msg="discovery: skipping unreachable socket" socket=/tmp/tmux-501/ta-19bab105a233 err="query tmux on /tmp/tmux-501/ta-19bab105a233: exit status 1: no server running on /tmp/tmux-501/ta-19bab105a233"
time=2026-08-09T16:50:33.701+08:00 level=DEBUG msg="discovery: skipping unreachable socket" socket=/tmp/tmux-501/ta-2183ff26eaba err="query tmux on /tmp/tmux-501/ta-2183ff26eaba: exit status 1: no server running on /tmp/tmux-501/ta-2183ff26eaba"
time=2026-08-09T16:50:33.712+08:00 level=DEBUG msg="discovery: skipping unreachable socket" socket=/tmp/tmux-501/ta-27ae35442db0 err="query tmux on /tmp/tmux-501/ta-27ae35442db0: exit status 1: no server running on /tmp/tmux-501/ta-27ae35442db0"
time=2026-08-09T16:50:33.722+08:00 level=DEBUG msg="discovery: skipping unreachable socket" socket=/tmp/tmux-501/ta-29ad6c433fb0 err="query tmux on /tmp/tmux-501/ta-29ad6c433fb0: exit status 1: no server running on /tmp/tmux-501/ta-29ad6c433fb0"
time=2026-08-09T16:50:33.727+08:00 level=DEBUG msg="discovery: skipping unreachable socket" socket=/tmp/tmux-501/ta-2b2b0f6042c3 err="query tmux on /tmp/tmux-501/ta-2b2b0f6042c3: exit status 1: no server running on /tmp/tmux-501/ta-2b2b0f6042c3"
time=2026-08-09T16:50:33.732+08:00 level=DEBUG msg="discovery: skipping unreachable socket" socket=/tmp/tmux-501/ta-2d881fc24979 err="query tmux on /tmp/tmux-501/ta-2d881fc24979: exit status 1: no server running on /tmp/tmux-501/ta-2d881fc24979"
time=2026-08-09T16:50:33.738+08:00 level=DEBUG msg="discovery: skipping unreachable socket" socket=/tmp/tmux-501/ta-2e484daee6fa err="query tmux on /tmp/tmux-501/ta-2e484daee6fa: exit status 1: server exited unexpectedly"
time=2026-08-09T16:50:33.744+08:00 level=DEBUG msg="discovery: skipping unreachable socket" socket=/tmp/tmux-501/ta-3511002e6186 err="query tmux on /tmp/tmux-501/ta-3511002e6186: exit status 1: no server running on /tmp/tmux-501/ta-3511002e6186"
time=2026-08-09T16:50:33.772+08:00 level=DEBUG msg="discovery: skipping unreachable socket" socket=/tmp/tmux-501/ta-670fcfc61db1 err="query tmux on /tmp/tmux-501/ta-670fcfc61db1: exit status 1: no server running on /tmp/tmux-501/ta-670fcfc61db1"
time=2026-08-09T16:50:33.778+08:00 level=DEBUG msg="discovery: skipping unreachable socket" socket=/tmp/tmux-501/ta-70c4b0b3f1e4 err="query tmux on /tmp/tmux-501/ta-70c4b0b3f1e4: exit status 1: no server running on /tmp/tmux-501/ta-70c4b0b3f1e4"
time=2026-08-09T16:50:33.783+08:00 level=DEBUG msg="discovery: skipping unreachable socket" socket=/tmp/tmux-501/ta-714648f68f78 err="query tmux on /tmp/tmux-501/ta-714648f68f78: exit status 1: no server running on /tmp/tmux-501/ta-714648f68f78"
time=2026-08-09T16:50:33.789+08:00 level=DEBUG msg="discovery: skipping unreachable socket" socket=/tmp/tmux-501/ta-76d99a0fb54d err="query tmux on /tmp/tmux-501/ta-76d99a0fb54d: exit status 1: no server running on /tmp/tmux-501/ta-76d99a0fb54d"
time=2026-08-09T16:50:33.795+08:00 level=DEBUG msg="discovery: skipping unreachable socket" socket=/tmp/tmux-501/ta-7ac14129e93d err="query tmux on /tmp/tmux-501/ta-7ac14129e93d: exit status 1: no server running on /tmp/tmux-501/ta-7ac14129e93d"
time=2026-08-09T16:50:33.801+08:00 level=DEBUG msg="discovery: skipping unreachable socket" socket=/tmp/tmux-501/ta-7cf3455fc7ef err="query tmux on /tmp/tmux-501/ta-7cf3455fc7ef: exit status 1: no server running on /tmp/tmux-501/ta-7cf3455fc7ef"
time=2026-08-09T16:50:33.806+08:00 level=DEBUG msg="discovery: skipping unreachable socket" socket=/tmp/tmux-501/ta-8871c1b9bea8 err="query tmux on /tmp/tmux-501/ta-8871c1b9bea8: exit status 1: no server running on /tmp/tmux-501/ta-8871c1b9bea8"
time=2026-08-09T16:50:33.817+08:00 level=DEBUG msg="discovery: skipping unreachable socket" socket=/tmp/tmux-501/ta-8f9301481b91 err="query tmux on /tmp/tmux-501/ta-8f9301481b91: exit status 1: no server running on /tmp/tmux-501/ta-8f9301481b91"
time=2026-08-09T16:50:33.822+08:00 level=DEBUG msg="discovery: skipping unreachable socket" socket=/tmp/tmux-501/ta-93b04f34a45d err="query tmux on /tmp/tmux-501/ta-93b04f34a45d: exit status 1: no server running on /tmp/tmux-501/ta-93b04f34a45d"
time=2026-08-09T16:50:33.839+08:00 level=DEBUG msg="discovery: skipping unreachable socket" socket=/tmp/tmux-501/ta-9f7ab2efc12e err="query tmux on /tmp/tmux-501/ta-9f7ab2efc12e: exit status 1: no server running on /tmp/tmux-501/ta-9f7ab2efc12e"
time=2026-08-09T16:50:33.845+08:00 level=DEBUG msg="discovery: skipping unreachable socket" socket=/tmp/tmux-501/ta-a389ed2be6d0 err="query tmux on /tmp/tmux-501/ta-a389ed2be6d0: exit status 1: no server running on /tmp/tmux-501/ta-a389ed2be6d0"
time=2026-08-09T16:50:33.876+08:00 level=DEBUG msg="discovery: skipping unreachable socket" socket=/tmp/tmux-501/ta-c16b1abaa054 err="query tmux on /tmp/tmux-501/ta-c16b1abaa054: exit status 1: no server running on /tmp/tmux-501/ta-c16b1abaa054"
time=2026-08-09T16:50:33.882+08:00 level=DEBUG msg="discovery: skipping unreachable socket" socket=/tmp/tmux-501/ta-d596a9f9a2a6 err="query tmux on /tmp/tmux-501/ta-d596a9f9a2a6: exit status 1: no server running on /tmp/tmux-501/ta-d596a9f9a2a6"
time=2026-08-09T16:50:33.892+08:00 level=DEBUG msg="discovery: skipping unreachable socket" socket=/tmp/tmux-501/ta-d9dc8c25f425 err="query tmux on /tmp/tmux-501/ta-d9dc8c25f425: exit status 1: no server running on /tmp/tmux-501/ta-d9dc8c25f425"
time=2026-08-09T16:50:33.897+08:00 level=DEBUG msg="discovery: skipping unreachable socket" socket=/tmp/tmux-501/ta-e4fe872351d8 err="query tmux on /tmp/tmux-501/ta-e4fe872351d8: exit status 1: no server running on /tmp/tmux-501/ta-e4fe872351d8"
time=2026-08-09T16:50:33.902+08:00 level=DEBUG msg="discovery: skipping unreachable socket" socket=/tmp/tmux-501/ta-e94aa181e16c err="query tmux on /tmp/tmux-501/ta-e94aa181e16c: exit status 1: no server running on /tmp/tmux-501/ta-e94aa181e16c"
time=2026-08-09T16:50:33.907+08:00 level=DEBUG msg="discovery: skipping unreachable socket" socket=/tmp/tmux-501/ta-ebf95952bfe3 err="query tmux on /tmp/tmux-501/ta-ebf95952bfe3: exit status 1: no server running on /tmp/tmux-501/ta-ebf95952bfe3"
time=2026-08-09T16:50:33.912+08:00 level=DEBUG msg="discovery: skipping unreachable socket" socket=/tmp/tmux-501/ta-fa2252466833 err="query tmux on /tmp/tmux-501/ta-fa2252466833: exit status 1: no server running on /tmp/tmux-501/ta-fa2252466833"
time=2026-08-09T16:50:34.413+08:00 level=DEBUG msg="discovery: skipping socket directory" dir=/tmp/e2e-l2.KhUMRL/tmux/tmux-501 err="open /tmp/e2e-l2.KhUMRL/tmux/tmux-501: no such file or directory"
time=2026-08-09T16:50:34.430+08:00 level=DEBUG msg="discovery: skipping unreachable socket" socket=/tmp/tmux-501/ta-0da65bceb372 err="query tmux on /tmp/tmux-501/ta-0da65bceb372: exit status 1: no server running on /tmp/tmux-501/ta-0da65bceb372"
time=2026-08-09T16:50:34.435+08:00 level=DEBUG msg="discovery: skipping unreachable socket" socket=/tmp/tmux-501/ta-15c65b37a04a err="query tmux on /tmp/tmux-501/ta-15c65b37a04a: exit status 1: no server running on /tmp/tmux-501/ta-15c65b37a04a"
time=2026-08-09T16:50:34.440+08:00 level=DEBUG msg="discovery: skipping unreachable socket" socket=/tmp/tmux-501/ta-192b3d7a4b4d err="query tmux on /tmp/tmux-501/ta-192b3d7a4b4d: exit status 1: no server running on /tmp/tmux-501/ta-192b3d7a4b4d"
time=2026-08-09T16:50:34.446+08:00 level=DEBUG msg="discovery: skipping unreachable socket" socket=/tmp/tmux-501/ta-19bab105a233 err="query tmux on /tmp/tmux-501/ta-19bab105a233: exit status 1: no server running on /tmp/tmux-501/ta-19bab105a233"
time=2026-08-09T16:50:34.451+08:00 level=DEBUG msg="discovery: skipping unreachable socket" socket=/tmp/tmux-501/ta-2183ff26eaba err="query tmux on /tmp/tmux-501/ta-2183ff26eaba: exit status 1: no server running on /tmp/tmux-501/ta-2183ff26eaba"
time=2026-08-09T16:50:34.462+08:00 level=DEBUG msg="discovery: skipping unreachable socket" socket=/tmp/tmux-501/ta-27ae35442db0 err="query tmux on /tmp/tmux-501/ta-27ae35442db0: exit status 1: no server running on /tmp/tmux-501/ta-27ae35442db0"
time=2026-08-09T16:50:34.473+08:00 level=DEBUG msg="discovery: skipping unreachable socket" socket=/tmp/tmux-501/ta-29ad6c433fb0 err="query tmux on /tmp/tmux-501/ta-29ad6c433fb0: exit status 1: no server running on /tmp/tmux-501/ta-29ad6c433fb0"
time=2026-08-09T16:50:34.478+08:00 level=DEBUG msg="discovery: skipping unreachable socket" socket=/tmp/tmux-501/ta-2b2b0f6042c3 err="query tmux on /tmp/tmux-501/ta-2b2b0f6042c3: exit status 1: no server running on /tmp/tmux-501/ta-2b2b0f6042c3"
time=2026-08-09T16:50:34.484+08:00 level=DEBUG msg="discovery: skipping unreachable socket" socket=/tmp/tmux-501/ta-2d881fc24979 err="query tmux on /tmp/tmux-501/ta-2d881fc24979: exit status 1: no server running on /tmp/tmux-501/ta-2d881fc24979"
time=2026-08-09T16:50:34.489+08:00 level=DEBUG msg="discovery: skipping unreachable socket" socket=/tmp/tmux-501/ta-2e484daee6fa err="query tmux on /tmp/tmux-501/ta-2e484daee6fa: exit status 1: no server running on /tmp/tmux-501/ta-2e484daee6fa"
time=2026-08-09T16:50:34.494+08:00 level=DEBUG msg="discovery: skipping unreachable socket" socket=/tmp/tmux-501/ta-3511002e6186 err="query tmux on /tmp/tmux-501/ta-3511002e6186: exit status 1: no server running on /tmp/tmux-501/ta-3511002e6186"
time=2026-08-09T16:50:34.525+08:00 level=DEBUG msg="discovery: skipping unreachable socket" socket=/tmp/tmux-501/ta-670fcfc61db1 err="query tmux on /tmp/tmux-501/ta-670fcfc61db1: exit status 1: no server running on /tmp/tmux-501/ta-670fcfc61db1"
time=2026-08-09T16:50:34.530+08:00 level=DEBUG msg="discovery: skipping unreachable socket" socket=/tmp/tmux-501/ta-70c4b0b3f1e4 err="query tmux on /tmp/tmux-501/ta-70c4b0b3f1e4: exit status 1: no server running on /tmp/tmux-501/ta-70c4b0b3f1e4"
time=2026-08-09T16:50:34.536+08:00 level=DEBUG msg="discovery: skipping unreachable socket" socket=/tmp/tmux-501/ta-714648f68f78 err="query tmux on /tmp/tmux-501/ta-714648f68f78: exit status 1: no server running on /tmp/tmux-501/ta-714648f68f78"
time=2026-08-09T16:50:34.542+08:00 level=DEBUG msg="discovery: skipping unreachable socket" socket=/tmp/tmux-501/ta-76d99a0fb54d err="query tmux on /tmp/tmux-501/ta-76d99a0fb54d: exit status 1: no server running on /tmp/tmux-501/ta-76d99a0fb54d"
time=2026-08-09T16:50:34.547+08:00 level=DEBUG msg="discovery: skipping unreachable socket" socket=/tmp/tmux-501/ta-7ac14129e93d err="query tmux on /tmp/tmux-501/ta-7ac14129e93d: exit status 1: no server running on /tmp/tmux-501/ta-7ac14129e93d"
time=2026-08-09T16:50:34.555+08:00 level=DEBUG msg="discovery: skipping unreachable socket" socket=/tmp/tmux-501/ta-7cf3455fc7ef err="query tmux on /tmp/tmux-501/ta-7cf3455fc7ef: exit status 1: no server running on /tmp/tmux-501/ta-7cf3455fc7ef"
time=2026-08-09T16:50:34.561+08:00 level=DEBUG msg="discovery: skipping unreachable socket" socket=/tmp/tmux-501/ta-8871c1b9bea8 err="query tmux on /tmp/tmux-501/ta-8871c1b9bea8: exit status 1: no server running on /tmp/tmux-501/ta-8871c1b9bea8"
time=2026-08-09T16:50:34.574+08:00 level=DEBUG msg="discovery: skipping unreachable socket" socket=/tmp/tmux-501/ta-8f9301481b91 err="query tmux on /tmp/tmux-501/ta-8f9301481b91: exit status 1: no server running on /tmp/tmux-501/ta-8f9301481b91"
time=2026-08-09T16:50:34.579+08:00 level=DEBUG msg="discovery: skipping unreachable socket" socket=/tmp/tmux-501/ta-93b04f34a45d err="query tmux on /tmp/tmux-501/ta-93b04f34a45d: exit status 1: no server running on /tmp/tmux-501/ta-93b04f34a45d"
time=2026-08-09T16:50:34.603+08:00 level=DEBUG msg="discovery: skipping unreachable socket" socket=/tmp/tmux-501/ta-9f7ab2efc12e err="query tmux on /tmp/tmux-501/ta-9f7ab2efc12e: exit status 1: no server running on /tmp/tmux-501/ta-9f7ab2efc12e"
time=2026-08-09T16:50:34.608+08:00 level=DEBUG msg="discovery: skipping unreachable socket" socket=/tmp/tmux-501/ta-a389ed2be6d0 err="query tmux on /tmp/tmux-501/ta-a389ed2be6d0: exit status 1: no server running on /tmp/tmux-501/ta-a389ed2be6d0"
time=2026-08-09T16:50:34.645+08:00 level=DEBUG msg="discovery: skipping unreachable socket" socket=/tmp/tmux-501/ta-c16b1abaa054 err="query tmux on /tmp/tmux-501/ta-c16b1abaa054: exit status 1: no server running on /tmp/tmux-501/ta-c16b1abaa054"
time=2026-08-09T16:50:34.650+08:00 level=DEBUG msg="discovery: skipping unreachable socket" socket=/tmp/tmux-501/ta-d596a9f9a2a6 err="query tmux on /tmp/tmux-501/ta-d596a9f9a2a6: exit status 1: no server running on /tmp/tmux-501/ta-d596a9f9a2a6"
time=2026-08-09T16:50:34.666+08:00 level=DEBUG msg="discovery: skipping unreachable socket" socket=/tmp/tmux-501/ta-d9dc8c25f425 err="query tmux on /tmp/tmux-501/ta-d9dc8c25f425: exit status 1: no server running on /tmp/tmux-501/ta-d9dc8c25f425"
time=2026-08-09T16:50:34.672+08:00 level=DEBUG msg="discovery: skipping unreachable socket" socket=/tmp/tmux-501/ta-e4fe872351d8 err="query tmux on /tmp/tmux-501/ta-e4fe872351d8: exit status 1: no server running on /tmp/tmux-501/ta-e4fe872351d8"
time=2026-08-09T16:50:34.681+08:00 level=DEBUG msg="discovery: skipping unreachable socket" socket=/tmp/tmux-501/ta-e94aa181e16c err="query tmux on /tmp/tmux-501/ta-e94aa181e16c: exit status 1: no server running on /tmp/tmux-501/ta-e94aa181e16c"
time=2026-08-09T16:50:34.687+08:00 level=DEBUG msg="discovery: skipping unreachable socket" socket=/tmp/tmux-501/ta-ebf95952bfe3 err="query tmux on /tmp/tmux-501/ta-ebf95952bfe3: exit status 1: no server running on /tmp/tmux-501/ta-ebf95952bfe3"
time=2026-08-09T16:50:34.693+08:00 level=DEBUG msg="discovery: skipping unreachable socket" socket=/tmp/tmux-501/ta-fa2252466833 err="query tmux on /tmp/tmux-501/ta-fa2252466833: exit status 1: no server running on /tmp/tmux-501/ta-fa2252466833"
time=2026-08-09T16:50:35.194+08:00 level=DEBUG msg="discovery: skipping socket directory" dir=/tmp/e2e-l2.KhUMRL/tmux/tmux-501 err="open /tmp/e2e-l2.KhUMRL/tmux/tmux-501: no such file or directory"
time=2026-08-09T16:50:35.211+08:00 level=DEBUG msg="discovery: skipping unreachable socket" socket=/tmp/tmux-501/ta-0da65bceb372 err="query tmux on /tmp/tmux-501/ta-0da65bceb372: exit status 1: no server running on /tmp/tmux-501/ta-0da65bceb372"
time=2026-08-09T16:50:35.216+08:00 level=DEBUG msg="discovery: skipping unreachable socket" socket=/tmp/tmux-501/ta-15c65b37a04a err="query tmux on /tmp/tmux-501/ta-15c65b37a04a: exit status 1: no server running on /tmp/tmux-501/ta-15c65b37a04a"
time=2026-08-09T16:50:35.221+08:00 level=DEBUG msg="discovery: skipping unreachable socket" socket=/tmp/tmux-501/ta-192b3d7a4b4d err="query tmux on /tmp/tmux-501/ta-192b3d7a4b4d: exit status 1: no server running on /tmp/tmux-501/ta-192b3d7a4b4d"
time=2026-08-09T16:50:35.227+08:00 level=DEBUG msg="discovery: skipping unreachable socket" socket=/tmp/tmux-501/ta-19bab105a233 err="query tmux on /tmp/tmux-501/ta-19bab105a233: exit status 1: no server running on /tmp/tmux-501/ta-19bab105a233"
time=2026-08-09T16:50:35.232+08:00 level=DEBUG msg="discovery: skipping unreachable socket" socket=/tmp/tmux-501/ta-2183ff26eaba err="query tmux on /tmp/tmux-501/ta-2183ff26eaba: exit status 1: no server running on /tmp/tmux-501/ta-2183ff26eaba"
time=2026-08-09T16:50:35.243+08:00 level=DEBUG msg="discovery: skipping unreachable socket" socket=/tmp/tmux-501/ta-27ae35442db0 err="query tmux on /tmp/tmux-501/ta-27ae35442db0: exit status 1: no server running on /tmp/tmux-501/ta-27ae35442db0"
time=2026-08-09T16:50:35.253+08:00 level=DEBUG msg="discovery: skipping unreachable socket" socket=/tmp/tmux-501/ta-29ad6c433fb0 err="query tmux on /tmp/tmux-501/ta-29ad6c433fb0: exit status 1: no server running on /tmp/tmux-501/ta-29ad6c433fb0"
time=2026-08-09T16:50:35.258+08:00 level=DEBUG msg="discovery: skipping unreachable socket" socket=/tmp/tmux-501/ta-2b2b0f6042c3 err="query tmux on /tmp/tmux-501/ta-2b2b0f6042c3: exit status 1: no server running on /tmp/tmux-501/ta-2b2b0f6042c3"
time=2026-08-09T16:50:35.263+08:00 level=DEBUG msg="discovery: skipping unreachable socket" socket=/tmp/tmux-501/ta-2d881fc24979 err="query tmux on /tmp/tmux-501/ta-2d881fc24979: exit status 1: no server running on /tmp/tmux-501/ta-2d881fc24979"
time=2026-08-09T16:50:35.268+08:00 level=DEBUG msg="discovery: skipping unreachable socket" socket=/tmp/tmux-501/ta-3511002e6186 err="query tmux on /tmp/tmux-501/ta-3511002e6186: exit status 1: no server running on /tmp/tmux-501/ta-3511002e6186"
time=2026-08-09T16:50:35.296+08:00 level=DEBUG msg="discovery: skipping unreachable socket" socket=/tmp/tmux-501/ta-670fcfc61db1 err="query tmux on /tmp/tmux-501/ta-670fcfc61db1: exit status 1: no server running on /tmp/tmux-501/ta-670fcfc61db1"
time=2026-08-09T16:50:35.301+08:00 level=DEBUG msg="discovery: skipping unreachable socket" socket=/tmp/tmux-501/ta-70c4b0b3f1e4 err="query tmux on /tmp/tmux-501/ta-70c4b0b3f1e4: exit status 1: no server running on /tmp/tmux-501/ta-70c4b0b3f1e4"
time=2026-08-09T16:50:35.306+08:00 level=DEBUG msg="discovery: skipping unreachable socket" socket=/tmp/tmux-501/ta-714648f68f78 err="query tmux on /tmp/tmux-501/ta-714648f68f78: exit status 1: no server running on /tmp/tmux-501/ta-714648f68f78"
time=2026-08-09T16:50:35.311+08:00 level=DEBUG msg="discovery: skipping unreachable socket" socket=/tmp/tmux-501/ta-76d99a0fb54d err="query tmux on /tmp/tmux-501/ta-76d99a0fb54d: exit status 1: no server running on /tmp/tmux-501/ta-76d99a0fb54d"
time=2026-08-09T16:50:35.317+08:00 level=DEBUG msg="discovery: skipping unreachable socket" socket=/tmp/tmux-501/ta-7ac14129e93d err="query tmux on /tmp/tmux-501/ta-7ac14129e93d: exit status 1: no server running on /tmp/tmux-501/ta-7ac14129e93d"
time=2026-08-09T16:50:35.323+08:00 level=DEBUG msg="discovery: skipping unreachable socket" socket=/tmp/tmux-501/ta-7cf3455fc7ef err="query tmux on /tmp/tmux-501/ta-7cf3455fc7ef: exit status 1: no server running on /tmp/tmux-501/ta-7cf3455fc7ef"
time=2026-08-09T16:50:35.328+08:00 level=DEBUG msg="discovery: skipping unreachable socket" socket=/tmp/tmux-501/ta-8871c1b9bea8 err="query tmux on /tmp/tmux-501/ta-8871c1b9bea8: exit status 1: no server running on /tmp/tmux-501/ta-8871c1b9bea8"
time=2026-08-09T16:50:35.339+08:00 level=DEBUG msg="discovery: skipping unreachable socket" socket=/tmp/tmux-501/ta-8f9301481b91 err="query tmux on /tmp/tmux-501/ta-8f9301481b91: exit status 1: no server running on /tmp/tmux-501/ta-8f9301481b91"
time=2026-08-09T16:50:35.346+08:00 level=DEBUG msg="discovery: skipping unreachable socket" socket=/tmp/tmux-501/ta-93b04f34a45d err="query tmux on /tmp/tmux-501/ta-93b04f34a45d: exit status 1: no server running on /tmp/tmux-501/ta-93b04f34a45d"
time=2026-08-09T16:50:35.369+08:00 level=DEBUG msg="discovery: skipping unreachable socket" socket=/tmp/tmux-501/ta-9f7ab2efc12e err="query tmux on /tmp/tmux-501/ta-9f7ab2efc12e: exit status 1: no server running on /tmp/tmux-501/ta-9f7ab2efc12e"
time=2026-08-09T16:50:35.374+08:00 level=DEBUG msg="discovery: skipping unreachable socket" socket=/tmp/tmux-501/ta-a389ed2be6d0 err="query tmux on /tmp/tmux-501/ta-a389ed2be6d0: exit status 1: no server running on /tmp/tmux-501/ta-a389ed2be6d0"
time=2026-08-09T16:50:35.408+08:00 level=DEBUG msg="discovery: skipping unreachable socket" socket=/tmp/tmux-501/ta-c16b1abaa054 err="query tmux on /tmp/tmux-501/ta-c16b1abaa054: exit status 1: no server running on /tmp/tmux-501/ta-c16b1abaa054"
time=2026-08-09T16:50:35.413+08:00 level=DEBUG msg="discovery: skipping unreachable socket" socket=/tmp/tmux-501/ta-d596a9f9a2a6 err="query tmux on /tmp/tmux-501/ta-d596a9f9a2a6: exit status 1: no server running on /tmp/tmux-501/ta-d596a9f9a2a6"
time=2026-08-09T16:50:35.424+08:00 level=DEBUG msg="discovery: skipping unreachable socket" socket=/tmp/tmux-501/ta-d9dc8c25f425 err="query tmux on /tmp/tmux-501/ta-d9dc8c25f425: exit status 1: no server running on /tmp/tmux-501/ta-d9dc8c25f425"
time=2026-08-09T16:50:35.429+08:00 level=DEBUG msg="discovery: skipping unreachable socket" socket=/tmp/tmux-501/ta-e4fe872351d8 err="query tmux on /tmp/tmux-501/ta-e4fe872351d8: exit status 1: no server running on /tmp/tmux-501/ta-e4fe872351d8"
time=2026-08-09T16:50:35.435+08:00 level=DEBUG msg="discovery: skipping unreachable socket" socket=/tmp/tmux-501/ta-e94aa181e16c err="query tmux on /tmp/tmux-501/ta-e94aa181e16c: exit status 1: no server running on /tmp/tmux-501/ta-e94aa181e16c"
time=2026-08-09T16:50:35.440+08:00 level=DEBUG msg="discovery: skipping unreachable socket" socket=/tmp/tmux-501/ta-ebf95952bfe3 err="query tmux on /tmp/tmux-501/ta-ebf95952bfe3: exit status 1: no server running on /tmp/tmux-501/ta-ebf95952bfe3"
time=2026-08-09T16:50:35.446+08:00 level=DEBUG msg="discovery: skipping unreachable socket" socket=/tmp/tmux-501/ta-fa2252466833 err="query tmux on /tmp/tmux-501/ta-fa2252466833: exit status 1: no server running on /tmp/tmux-501/ta-fa2252466833"
time=2026-08-09T16:50:35.446+08:00 level=DEBUG msg="listing: no changes"
time=2026-08-09T16:50:35.947+08:00 level=DEBUG msg="discovery: skipping socket directory" dir=/tmp/e2e-l2.KhUMRL/tmux/tmux-501 err="open /tmp/e2e-l2.KhUMRL/tmux/tmux-501: no such file or directory"
time=2026-08-09T16:50:35.964+08:00 level=DEBUG msg="discovery: skipping unreachable socket" socket=/tmp/tmux-501/ta-0da65bceb372 err="query tmux on /tmp/tmux-501/ta-0da65bceb372: exit status 1: no server running on /tmp/tmux-501/ta-0da65bceb372"
time=2026-08-09T16:50:35.968+08:00 level=DEBUG msg="discovery: skipping unreachable socket" socket=/tmp/tmux-501/ta-15c65b37a04a err="query tmux on /tmp/tmux-501/ta-15c65b37a04a: exit status 1: no server running on /tmp/tmux-501/ta-15c65b37a04a"
time=2026-08-09T16:50:35.973+08:00 level=DEBUG msg="discovery: skipping unreachable socket" socket=/tmp/tmux-501/ta-192b3d7a4b4d err="query tmux on /tmp/tmux-501/ta-192b3d7a4b4d: exit status 1: no server running on /tmp/tmux-501/ta-192b3d7a4b4d"
time=2026-08-09T16:50:35.978+08:00 level=DEBUG msg="discovery: skipping unreachable socket" socket=/tmp/tmux-501/ta-19bab105a233 err="query tmux on /tmp/tmux-501/ta-19bab105a233: exit status 1: no server running on /tmp/tmux-501/ta-19bab105a233"
time=2026-08-09T16:50:35.983+08:00 level=DEBUG msg="discovery: skipping unreachable socket" socket=/tmp/tmux-501/ta-2183ff26eaba err="query tmux on /tmp/tmux-501/ta-2183ff26eaba: exit status 1: no server running on /tmp/tmux-501/ta-2183ff26eaba"
time=2026-08-09T16:50:35.994+08:00 level=DEBUG msg="discovery: skipping unreachable socket" socket=/tmp/tmux-501/ta-27ae35442db0 err="query tmux on /tmp/tmux-501/ta-27ae35442db0: exit status 1: no server running on /tmp/tmux-501/ta-27ae35442db0"
time=2026-08-09T16:50:36.004+08:00 level=DEBUG msg="discovery: skipping unreachable socket" socket=/tmp/tmux-501/ta-29ad6c433fb0 err="query tmux on /tmp/tmux-501/ta-29ad6c433fb0: exit status 1: no server running on /tmp/tmux-501/ta-29ad6c433fb0"
time=2026-08-09T16:50:36.009+08:00 level=DEBUG msg="discovery: skipping unreachable socket" socket=/tmp/tmux-501/ta-2b2b0f6042c3 err="query tmux on /tmp/tmux-501/ta-2b2b0f6042c3: exit status 1: no server running on /tmp/tmux-501/ta-2b2b0f6042c3"
time=2026-08-09T16:50:36.014+08:00 level=DEBUG msg="discovery: skipping unreachable socket" socket=/tmp/tmux-501/ta-2d881fc24979 err="query tmux on /tmp/tmux-501/ta-2d881fc24979: exit status 1: no server running on /tmp/tmux-501/ta-2d881fc24979"
time=2026-08-09T16:50:36.020+08:00 level=DEBUG msg="discovery: skipping unreachable socket" socket=/tmp/tmux-501/ta-3511002e6186 err="query tmux on /tmp/tmux-501/ta-3511002e6186: exit status 1: no server running on /tmp/tmux-501/ta-3511002e6186"
time=2026-08-09T16:50:36.047+08:00 level=DEBUG msg="discovery: skipping unreachable socket" socket=/tmp/tmux-501/ta-670fcfc61db1 err="query tmux on /tmp/tmux-501/ta-670fcfc61db1: exit status 1: no server running on /tmp/tmux-501/ta-670fcfc61db1"
time=2026-08-09T16:50:36.052+08:00 level=DEBUG msg="discovery: skipping unreachable socket" socket=/tmp/tmux-501/ta-70c4b0b3f1e4 err="query tmux on /tmp/tmux-501/ta-70c4b0b3f1e4: exit status 1: no server running on /tmp/tmux-501/ta-70c4b0b3f1e4"
time=2026-08-09T16:50:36.058+08:00 level=DEBUG msg="discovery: skipping unreachable socket" socket=/tmp/tmux-501/ta-714648f68f78 err="query tmux on /tmp/tmux-501/ta-714648f68f78: exit status 1: no server running on /tmp/tmux-501/ta-714648f68f78"
time=2026-08-09T16:50:36.063+08:00 level=DEBUG msg="discovery: skipping unreachable socket" socket=/tmp/tmux-501/ta-76d99a0fb54d err="query tmux on /tmp/tmux-501/ta-76d99a0fb54d: exit status 1: no server running on /tmp/tmux-501/ta-76d99a0fb54d"
time=2026-08-09T16:50:36.069+08:00 level=DEBUG msg="discovery: skipping unreachable socket" socket=/tmp/tmux-501/ta-7ac14129e93d err="query tmux on /tmp/tmux-501/ta-7ac14129e93d: exit status 1: no server running on /tmp/tmux-501/ta-7ac14129e93d"
time=2026-08-09T16:50:36.074+08:00 level=DEBUG msg="discovery: skipping unreachable socket" socket=/tmp/tmux-501/ta-7cf3455fc7ef err="query tmux on /tmp/tmux-501/ta-7cf3455fc7ef: exit status 1: no server running on /tmp/tmux-501/ta-7cf3455fc7ef"
time=2026-08-09T16:50:36.080+08:00 level=DEBUG msg="discovery: skipping unreachable socket" socket=/tmp/tmux-501/ta-8871c1b9bea8 err="query tmux on /tmp/tmux-501/ta-8871c1b9bea8: exit status 1: no server running on /tmp/tmux-501/ta-8871c1b9bea8"
time=2026-08-09T16:50:36.092+08:00 level=DEBUG msg="discovery: skipping unreachable socket" socket=/tmp/tmux-501/ta-8f9301481b91 err="query tmux on /tmp/tmux-501/ta-8f9301481b91: exit status 1: no server running on /tmp/tmux-501/ta-8f9301481b91"
time=2026-08-09T16:50:36.097+08:00 level=DEBUG msg="discovery: skipping unreachable socket" socket=/tmp/tmux-501/ta-93b04f34a45d err="query tmux on /tmp/tmux-501/ta-93b04f34a45d: exit status 1: no server running on /tmp/tmux-501/ta-93b04f34a45d"
time=2026-08-09T16:50:36.122+08:00 level=DEBUG msg="discovery: skipping unreachable socket" socket=/tmp/tmux-501/ta-9f7ab2efc12e err="query tmux on /tmp/tmux-501/ta-9f7ab2efc12e: exit status 1: no server running on /tmp/tmux-501/ta-9f7ab2efc12e"
time=2026-08-09T16:50:36.128+08:00 level=DEBUG msg="discovery: skipping unreachable socket" socket=/tmp/tmux-501/ta-a389ed2be6d0 err="query tmux on /tmp/tmux-501/ta-a389ed2be6d0: exit status 1: no server running on /tmp/tmux-501/ta-a389ed2be6d0"
time=2026-08-09T16:50:36.162+08:00 level=DEBUG msg="discovery: skipping unreachable socket" socket=/tmp/tmux-501/ta-c16b1abaa054 err="query tmux on /tmp/tmux-501/ta-c16b1abaa054: exit status 1: no server running on /tmp/tmux-501/ta-c16b1abaa054"
time=2026-08-09T16:50:36.168+08:00 level=DEBUG msg="discovery: skipping unreachable socket" socket=/tmp/tmux-501/ta-d596a9f9a2a6 err="query tmux on /tmp/tmux-501/ta-d596a9f9a2a6: exit status 1: no server running on /tmp/tmux-501/ta-d596a9f9a2a6"
time=2026-08-09T16:50:36.179+08:00 level=DEBUG msg="discovery: skipping unreachable socket" socket=/tmp/tmux-501/ta-d9dc8c25f425 err="query tmux on /tmp/tmux-501/ta-d9dc8c25f425: exit status 1: no server running on /tmp/tmux-501/ta-d9dc8c25f425"
time=2026-08-09T16:50:36.185+08:00 level=DEBUG msg="discovery: skipping unreachable socket" socket=/tmp/tmux-501/ta-deeed92530c8 err="query tmux on /tmp/tmux-501/ta-deeed92530c8: exit status 1: no server running on /tmp/tmux-501/ta-deeed92530c8"
time=2026-08-09T16:50:36.190+08:00 level=DEBUG msg="discovery: skipping unreachable socket" socket=/tmp/tmux-501/ta-e4fe872351d8 err="query tmux on /tmp/tmux-501/ta-e4fe872351d8: exit status 1: no server running on /tmp/tmux-501/ta-e4fe872351d8"
time=2026-08-09T16:50:36.195+08:00 level=DEBUG msg="discovery: skipping unreachable socket" socket=/tmp/tmux-501/ta-e94aa181e16c err="query tmux on /tmp/tmux-501/ta-e94aa181e16c: exit status 1: no server running on /tmp/tmux-501/ta-e94aa181e16c"
time=2026-08-09T16:50:36.200+08:00 level=DEBUG msg="discovery: skipping unreachable socket" socket=/tmp/tmux-501/ta-ebf95952bfe3 err="query tmux on /tmp/tmux-501/ta-ebf95952bfe3: exit status 1: no server running on /tmp/tmux-501/ta-ebf95952bfe3"
time=2026-08-09T16:50:36.205+08:00 level=DEBUG msg="discovery: skipping unreachable socket" socket=/tmp/tmux-501/ta-fa2252466833 err="query tmux on /tmp/tmux-501/ta-fa2252466833: exit status 1: no server running on /tmp/tmux-501/ta-fa2252466833"
time=2026-08-09T16:50:36.205+08:00 level=DEBUG msg="listing: no changes"
time=2026-08-09T16:50:36.706+08:00 level=DEBUG msg="discovery: skipping socket directory" dir=/tmp/e2e-l2.KhUMRL/tmux/tmux-501 err="open /tmp/e2e-l2.KhUMRL/tmux/tmux-501: no such file or directory"
time=2026-08-09T16:50:36.723+08:00 level=DEBUG msg="discovery: skipping unreachable socket" socket=/tmp/tmux-501/ta-0da65bceb372 err="query tmux on /tmp/tmux-501/ta-0da65bceb372: exit status 1: no server running on /tmp/tmux-501/ta-0da65bceb372"
time=2026-08-09T16:50:36.728+08:00 level=DEBUG msg="discovery: skipping unreachable socket" socket=/tmp/tmux-501/ta-15c65b37a04a err="query tmux on /tmp/tmux-501/ta-15c65b37a04a: exit status 1: no server running on /tmp/tmux-501/ta-15c65b37a04a"
time=2026-08-09T16:50:36.733+08:00 level=DEBUG msg="discovery: skipping unreachable socket" socket=/tmp/tmux-501/ta-192b3d7a4b4d err="query tmux on /tmp/tmux-501/ta-192b3d7a4b4d: exit status 1: no server running on /tmp/tmux-501/ta-192b3d7a4b4d"
time=2026-08-09T16:50:36.739+08:00 level=DEBUG msg="discovery: skipping unreachable socket" socket=/tmp/tmux-501/ta-19bab105a233 err="query tmux on /tmp/tmux-501/ta-19bab105a233: exit status 1: no server running on /tmp/tmux-501/ta-19bab105a233"
time=2026-08-09T16:50:36.744+08:00 level=DEBUG msg="discovery: skipping unreachable socket" socket=/tmp/tmux-501/ta-2183ff26eaba err="query tmux on /tmp/tmux-501/ta-2183ff26eaba: exit status 1: no server running on /tmp/tmux-501/ta-2183ff26eaba"
time=2026-08-09T16:50:36.755+08:00 level=DEBUG msg="discovery: skipping unreachable socket" socket=/tmp/tmux-501/ta-27ae35442db0 err="query tmux on /tmp/tmux-501/ta-27ae35442db0: exit status 1: no server running on /tmp/tmux-501/ta-27ae35442db0"
time=2026-08-09T16:50:36.766+08:00 level=DEBUG msg="discovery: skipping unreachable socket" socket=/tmp/tmux-501/ta-29ad6c433fb0 err="query tmux on /tmp/tmux-501/ta-29ad6c433fb0: exit status 1: no server running on /tmp/tmux-501/ta-29ad6c433fb0"
time=2026-08-09T16:50:36.772+08:00 level=DEBUG msg="discovery: skipping unreachable socket" socket=/tmp/tmux-501/ta-2b2b0f6042c3 err="query tmux on /tmp/tmux-501/ta-2b2b0f6042c3: exit status 1: no server running on /tmp/tmux-501/ta-2b2b0f6042c3"
time=2026-08-09T16:50:36.777+08:00 level=DEBUG msg="discovery: skipping unreachable socket" socket=/tmp/tmux-501/ta-2d881fc24979 err="query tmux on /tmp/tmux-501/ta-2d881fc24979: exit status 1: no server running on /tmp/tmux-501/ta-2d881fc24979"
time=2026-08-09T16:50:36.782+08:00 level=DEBUG msg="discovery: skipping unreachable socket" socket=/tmp/tmux-501/ta-3511002e6186 err="query tmux on /tmp/tmux-501/ta-3511002e6186: exit status 1: no server running on /tmp/tmux-501/ta-3511002e6186"
time=2026-08-09T16:50:36.812+08:00 level=DEBUG msg="discovery: skipping unreachable socket" socket=/tmp/tmux-501/ta-670fcfc61db1 err="query tmux on /tmp/tmux-501/ta-670fcfc61db1: exit status 1: no server running on /tmp/tmux-501/ta-670fcfc61db1"
time=2026-08-09T16:50:36.817+08:00 level=DEBUG msg="discovery: skipping unreachable socket" socket=/tmp/tmux-501/ta-70c4b0b3f1e4 err="query tmux on /tmp/tmux-501/ta-70c4b0b3f1e4: exit status 1: no server running on /tmp/tmux-501/ta-70c4b0b3f1e4"
time=2026-08-09T16:50:36.822+08:00 level=DEBUG msg="discovery: skipping unreachable socket" socket=/tmp/tmux-501/ta-714648f68f78 err="query tmux on /tmp/tmux-501/ta-714648f68f78: exit status 1: no server running on /tmp/tmux-501/ta-714648f68f78"
time=2026-08-09T16:50:36.828+08:00 level=DEBUG msg="discovery: skipping unreachable socket" socket=/tmp/tmux-501/ta-76d99a0fb54d err="query tmux on /tmp/tmux-501/ta-76d99a0fb54d: exit status 1: no server running on /tmp/tmux-501/ta-76d99a0fb54d"
time=2026-08-09T16:50:36.833+08:00 level=DEBUG msg="discovery: skipping unreachable socket" socket=/tmp/tmux-501/ta-7ac14129e93d err="query tmux on /tmp/tmux-501/ta-7ac14129e93d: exit status 1: no server running on /tmp/tmux-501/ta-7ac14129e93d"
time=2026-08-09T16:50:36.839+08:00 level=DEBUG msg="discovery: skipping unreachable socket" socket=/tmp/tmux-501/ta-7cf3455fc7ef err="query tmux on /tmp/tmux-501/ta-7cf3455fc7ef: exit status 1: no server running on /tmp/tmux-501/ta-7cf3455fc7ef"
time=2026-08-09T16:50:36.845+08:00 level=DEBUG msg="discovery: skipping unreachable socket" socket=/tmp/tmux-501/ta-8871c1b9bea8 err="query tmux on /tmp/tmux-501/ta-8871c1b9bea8: exit status 1: no server running on /tmp/tmux-501/ta-8871c1b9bea8"
time=2026-08-09T16:50:36.857+08:00 level=DEBUG msg="discovery: skipping unreachable socket" socket=/tmp/tmux-501/ta-8f9301481b91 err="query tmux on /tmp/tmux-501/ta-8f9301481b91: exit status 1: no server running on /tmp/tmux-501/ta-8f9301481b91"
time=2026-08-09T16:50:36.863+08:00 level=DEBUG msg="discovery: skipping unreachable socket" socket=/tmp/tmux-501/ta-93b04f34a45d err="query tmux on /tmp/tmux-501/ta-93b04f34a45d: exit status 1: no server running on /tmp/tmux-501/ta-93b04f34a45d"
time=2026-08-09T16:50:36.889+08:00 level=DEBUG msg="discovery: skipping unreachable socket" socket=/tmp/tmux-501/ta-9f7ab2efc12e err="query tmux on /tmp/tmux-501/ta-9f7ab2efc12e: exit status 1: no server running on /tmp/tmux-501/ta-9f7ab2efc12e"
time=2026-08-09T16:50:36.894+08:00 level=DEBUG msg="discovery: skipping unreachable socket" socket=/tmp/tmux-501/ta-a389ed2be6d0 err="query tmux on /tmp/tmux-501/ta-a389ed2be6d0: exit status 1: no server running on /tmp/tmux-501/ta-a389ed2be6d0"
time=2026-08-09T16:50:36.928+08:00 level=DEBUG msg="discovery: skipping unreachable socket" socket=/tmp/tmux-501/ta-c16b1abaa054 err="query tmux on /tmp/tmux-501/ta-c16b1abaa054: exit status 1: no server running on /tmp/tmux-501/ta-c16b1abaa054"
time=2026-08-09T16:50:36.934+08:00 level=DEBUG msg="discovery: skipping unreachable socket" socket=/tmp/tmux-501/ta-d596a9f9a2a6 err="query tmux on /tmp/tmux-501/ta-d596a9f9a2a6: exit status 1: no server running on /tmp/tmux-501/ta-d596a9f9a2a6"
time=2026-08-09T16:50:36.944+08:00 level=DEBUG msg="discovery: skipping unreachable socket" socket=/tmp/tmux-501/ta-d9dc8c25f425 err="query tmux on /tmp/tmux-501/ta-d9dc8c25f425: exit status 1: no server running on /tmp/tmux-501/ta-d9dc8c25f425"
time=2026-08-09T16:50:36.949+08:00 level=DEBUG msg="discovery: skipping unreachable socket" socket=/tmp/tmux-501/ta-deeed92530c8 err="query tmux on /tmp/tmux-501/ta-deeed92530c8: exit status 1: no server running on /tmp/tmux-501/ta-deeed92530c8"
time=2026-08-09T16:50:36.954+08:00 level=DEBUG msg="discovery: skipping unreachable socket" socket=/tmp/tmux-501/ta-e4fe872351d8 err="query tmux on /tmp/tmux-501/ta-e4fe872351d8: exit status 1: no server running on /tmp/tmux-501/ta-e4fe872351d8"
time=2026-08-09T16:50:36.960+08:00 level=DEBUG msg="discovery: skipping unreachable socket" socket=/tmp/tmux-501/ta-e94aa181e16c err="query tmux on /tmp/tmux-501/ta-e94aa181e16c: exit status 1: no server running on /tmp/tmux-501/ta-e94aa181e16c"
time=2026-08-09T16:50:36.965+08:00 level=DEBUG msg="discovery: skipping unreachable socket" socket=/tmp/tmux-501/ta-ebf95952bfe3 err="query tmux on /tmp/tmux-501/ta-ebf95952bfe3: exit status 1: no server running on /tmp/tmux-501/ta-ebf95952bfe3"
time=2026-08-09T16:50:36.971+08:00 level=DEBUG msg="discovery: skipping unreachable socket" socket=/tmp/tmux-501/ta-fa2252466833 err="query tmux on /tmp/tmux-501/ta-fa2252466833: exit status 1: no server running on /tmp/tmux-501/ta-fa2252466833"
time=2026-08-09T16:50:36.971+08:00 level=DEBUG msg="listing: no changes"
time=2026-08-09T16:50:37.472+08:00 level=DEBUG msg="discovery: skipping socket directory" dir=/tmp/e2e-l2.KhUMRL/tmux/tmux-501 err="open /tmp/e2e-l2.KhUMRL/tmux/tmux-501: no such file or directory"
time=2026-08-09T16:50:37.490+08:00 level=DEBUG msg="discovery: skipping unreachable socket" socket=/tmp/tmux-501/ta-0da65bceb372 err="query tmux on /tmp/tmux-501/ta-0da65bceb372: exit status 1: no server running on /tmp/tmux-501/ta-0da65bceb372"
time=2026-08-09T16:50:37.496+08:00 level=DEBUG msg="discovery: skipping unreachable socket" socket=/tmp/tmux-501/ta-15c65b37a04a err="query tmux on /tmp/tmux-501/ta-15c65b37a04a: exit status 1: no server running on /tmp/tmux-501/ta-15c65b37a04a"
time=2026-08-09T16:50:37.502+08:00 level=DEBUG msg="discovery: skipping unreachable socket" socket=/tmp/tmux-501/ta-192b3d7a4b4d err="query tmux on /tmp/tmux-501/ta-192b3d7a4b4d: exit status 1: no server running on /tmp/tmux-501/ta-192b3d7a4b4d"
time=2026-08-09T16:50:37.508+08:00 level=DEBUG msg="discovery: skipping unreachable socket" socket=/tmp/tmux-501/ta-19bab105a233 err="query tmux on /tmp/tmux-501/ta-19bab105a233: exit status 1: no server running on /tmp/tmux-501/ta-19bab105a233"
time=2026-08-09T16:50:37.514+08:00 level=DEBUG msg="discovery: skipping unreachable socket" socket=/tmp/tmux-501/ta-2183ff26eaba err="query tmux on /tmp/tmux-501/ta-2183ff26eaba: exit status 1: no server running on /tmp/tmux-501/ta-2183ff26eaba"
time=2026-08-09T16:50:37.525+08:00 level=DEBUG msg="discovery: skipping unreachable socket" socket=/tmp/tmux-501/ta-27ae35442db0 err="query tmux on /tmp/tmux-501/ta-27ae35442db0: exit status 1: no server running on /tmp/tmux-501/ta-27ae35442db0"
time=2026-08-09T16:50:37.537+08:00 level=DEBUG msg="discovery: skipping unreachable socket" socket=/tmp/tmux-501/ta-29ad6c433fb0 err="query tmux on /tmp/tmux-501/ta-29ad6c433fb0: exit status 1: no server running on /tmp/tmux-501/ta-29ad6c433fb0"
time=2026-08-09T16:50:37.542+08:00 level=DEBUG msg="discovery: skipping unreachable socket" socket=/tmp/tmux-501/ta-2b2b0f6042c3 err="query tmux on /tmp/tmux-501/ta-2b2b0f6042c3: exit status 1: no server running on /tmp/tmux-501/ta-2b2b0f6042c3"
time=2026-08-09T16:50:37.548+08:00 level=DEBUG msg="discovery: skipping unreachable socket" socket=/tmp/tmux-501/ta-2d881fc24979 err="query tmux on /tmp/tmux-501/ta-2d881fc24979: exit status 1: no server running on /tmp/tmux-501/ta-2d881fc24979"
time=2026-08-09T16:50:37.553+08:00 level=DEBUG msg="discovery: skipping unreachable socket" socket=/tmp/tmux-501/ta-3511002e6186 err="query tmux on /tmp/tmux-501/ta-3511002e6186: exit status 1: no server running on /tmp/tmux-501/ta-3511002e6186"
time=2026-08-09T16:50:37.582+08:00 level=DEBUG msg="discovery: skipping unreachable socket" socket=/tmp/tmux-501/ta-670fcfc61db1 err="query tmux on /tmp/tmux-501/ta-670fcfc61db1: exit status 1: no server running on /tmp/tmux-501/ta-670fcfc61db1"
time=2026-08-09T16:50:37.588+08:00 level=DEBUG msg="discovery: skipping unreachable socket" socket=/tmp/tmux-501/ta-70c4b0b3f1e4 err="query tmux on /tmp/tmux-501/ta-70c4b0b3f1e4: exit status 1: no server running on /tmp/tmux-501/ta-70c4b0b3f1e4"
time=2026-08-09T16:50:37.593+08:00 level=DEBUG msg="discovery: skipping unreachable socket" socket=/tmp/tmux-501/ta-714648f68f78 err="query tmux on /tmp/tmux-501/ta-714648f68f78: exit status 1: no server running on /tmp/tmux-501/ta-714648f68f78"
time=2026-08-09T16:50:37.598+08:00 level=DEBUG msg="discovery: skipping unreachable socket" socket=/tmp/tmux-501/ta-76d99a0fb54d err="query tmux on /tmp/tmux-501/ta-76d99a0fb54d: exit status 1: no server running on /tmp/tmux-501/ta-76d99a0fb54d"
time=2026-08-09T16:50:37.604+08:00 level=DEBUG msg="discovery: skipping unreachable socket" socket=/tmp/tmux-501/ta-7ac14129e93d err="query tmux on /tmp/tmux-501/ta-7ac14129e93d: exit status 1: no server running on /tmp/tmux-501/ta-7ac14129e93d"
time=2026-08-09T16:50:37.609+08:00 level=DEBUG msg="discovery: skipping unreachable socket" socket=/tmp/tmux-501/ta-7cf3455fc7ef err="query tmux on /tmp/tmux-501/ta-7cf3455fc7ef: exit status 1: no server running on /tmp/tmux-501/ta-7cf3455fc7ef"
time=2026-08-09T16:50:37.615+08:00 level=DEBUG msg="discovery: skipping unreachable socket" socket=/tmp/tmux-501/ta-8871c1b9bea8 err="query tmux on /tmp/tmux-501/ta-8871c1b9bea8: exit status 1: no server running on /tmp/tmux-501/ta-8871c1b9bea8"
time=2026-08-09T16:50:37.626+08:00 level=DEBUG msg="discovery: skipping unreachable socket" socket=/tmp/tmux-501/ta-8f9301481b91 err="query tmux on /tmp/tmux-501/ta-8f9301481b91: exit status 1: no server running on /tmp/tmux-501/ta-8f9301481b91"
time=2026-08-09T16:50:37.631+08:00 level=DEBUG msg="discovery: skipping unreachable socket" socket=/tmp/tmux-501/ta-93b04f34a45d err="query tmux on /tmp/tmux-501/ta-93b04f34a45d: exit status 1: no server running on /tmp/tmux-501/ta-93b04f34a45d"
time=2026-08-09T16:50:37.655+08:00 level=DEBUG msg="discovery: skipping unreachable socket" socket=/tmp/tmux-501/ta-9f7ab2efc12e err="query tmux on /tmp/tmux-501/ta-9f7ab2efc12e: exit status 1: no server running on /tmp/tmux-501/ta-9f7ab2efc12e"
time=2026-08-09T16:50:37.661+08:00 level=DEBUG msg="discovery: skipping unreachable socket" socket=/tmp/tmux-501/ta-a389ed2be6d0 err="query tmux on /tmp/tmux-501/ta-a389ed2be6d0: exit status 1: no server running on /tmp/tmux-501/ta-a389ed2be6d0"
time=2026-08-09T16:50:37.693+08:00 level=DEBUG msg="discovery: skipping unreachable socket" socket=/tmp/tmux-501/ta-c16b1abaa054 err="query tmux on /tmp/tmux-501/ta-c16b1abaa054: exit status 1: no server running on /tmp/tmux-501/ta-c16b1abaa054"
time=2026-08-09T16:50:37.699+08:00 level=DEBUG msg="discovery: skipping unreachable socket" socket=/tmp/tmux-501/ta-d596a9f9a2a6 err="query tmux on /tmp/tmux-501/ta-d596a9f9a2a6: exit status 1: no server running on /tmp/tmux-501/ta-d596a9f9a2a6"
time=2026-08-09T16:50:37.711+08:00 level=DEBUG msg="discovery: skipping unreachable socket" socket=/tmp/tmux-501/ta-d9dc8c25f425 err="query tmux on /tmp/tmux-501/ta-d9dc8c25f425: exit status 1: no server running on /tmp/tmux-501/ta-d9dc8c25f425"
time=2026-08-09T16:50:37.716+08:00 level=DEBUG msg="discovery: skipping unreachable socket" socket=/tmp/tmux-501/ta-deeed92530c8 err="query tmux on /tmp/tmux-501/ta-deeed92530c8: exit status 1: no server running on /tmp/tmux-501/ta-deeed92530c8"
time=2026-08-09T16:50:37.723+08:00 level=DEBUG msg="discovery: skipping unreachable socket" socket=/tmp/tmux-501/ta-e4fe872351d8 err="query tmux on /tmp/tmux-501/ta-e4fe872351d8: exit status 1: no server running on /tmp/tmux-501/ta-e4fe872351d8"
time=2026-08-09T16:50:37.728+08:00 level=DEBUG msg="discovery: skipping unreachable socket" socket=/tmp/tmux-501/ta-e94aa181e16c err="query tmux on /tmp/tmux-501/ta-e94aa181e16c: exit status 1: no server running on /tmp/tmux-501/ta-e94aa181e16c"
time=2026-08-09T16:50:37.734+08:00 level=DEBUG msg="discovery: skipping unreachable socket" socket=/tmp/tmux-501/ta-ebf95952bfe3 err="query tmux on /tmp/tmux-501/ta-ebf95952bfe3: exit status 1: no server running on /tmp/tmux-501/ta-ebf95952bfe3"
time=2026-08-09T16:50:37.740+08:00 level=DEBUG msg="discovery: skipping unreachable socket" socket=/tmp/tmux-501/ta-fa2252466833 err="query tmux on /tmp/tmux-501/ta-fa2252466833: exit status 1: no server running on /tmp/tmux-501/ta-fa2252466833"
time=2026-08-09T16:50:38.242+08:00 level=DEBUG msg="discovery: skipping socket directory" dir=/tmp/e2e-l2.KhUMRL/tmux/tmux-501 err="open /tmp/e2e-l2.KhUMRL/tmux/tmux-501: no such file or directory"
time=2026-08-09T16:50:38.259+08:00 level=DEBUG msg="discovery: skipping unreachable socket" socket=/tmp/tmux-501/ta-0da65bceb372 err="query tmux on /tmp/tmux-501/ta-0da65bceb372: exit status 1: no server running on /tmp/tmux-501/ta-0da65bceb372"
time=2026-08-09T16:50:38.265+08:00 level=DEBUG msg="discovery: skipping unreachable socket" socket=/tmp/tmux-501/ta-15c65b37a04a err="query tmux on /tmp/tmux-501/ta-15c65b37a04a: exit status 1: no server running on /tmp/tmux-501/ta-15c65b37a04a"
time=2026-08-09T16:50:38.270+08:00 level=DEBUG msg="discovery: skipping unreachable socket" socket=/tmp/tmux-501/ta-192b3d7a4b4d err="query tmux on /tmp/tmux-501/ta-192b3d7a4b4d: exit status 1: no server running on /tmp/tmux-501/ta-192b3d7a4b4d"
time=2026-08-09T16:50:38.275+08:00 level=DEBUG msg="discovery: skipping unreachable socket" socket=/tmp/tmux-501/ta-19bab105a233 err="query tmux on /tmp/tmux-501/ta-19bab105a233: exit status 1: no server running on /tmp/tmux-501/ta-19bab105a233"
time=2026-08-09T16:50:38.281+08:00 level=DEBUG msg="discovery: skipping unreachable socket" socket=/tmp/tmux-501/ta-2183ff26eaba err="query tmux on /tmp/tmux-501/ta-2183ff26eaba: exit status 1: no server running on /tmp/tmux-501/ta-2183ff26eaba"
time=2026-08-09T16:50:38.292+08:00 level=DEBUG msg="discovery: skipping unreachable socket" socket=/tmp/tmux-501/ta-27ae35442db0 err="query tmux on /tmp/tmux-501/ta-27ae35442db0: exit status 1: no server running on /tmp/tmux-501/ta-27ae35442db0"
time=2026-08-09T16:50:38.303+08:00 level=DEBUG msg="discovery: skipping unreachable socket" socket=/tmp/tmux-501/ta-29ad6c433fb0 err="query tmux on /tmp/tmux-501/ta-29ad6c433fb0: exit status 1: no server running on /tmp/tmux-501/ta-29ad6c433fb0"
time=2026-08-09T16:50:38.309+08:00 level=DEBUG msg="discovery: skipping unreachable socket" socket=/tmp/tmux-501/ta-2b2b0f6042c3 err="query tmux on /tmp/tmux-501/ta-2b2b0f6042c3: exit status 1: no server running on /tmp/tmux-501/ta-2b2b0f6042c3"
time=2026-08-09T16:50:38.315+08:00 level=DEBUG msg="discovery: skipping unreachable socket" socket=/tmp/tmux-501/ta-2d881fc24979 err="query tmux on /tmp/tmux-501/ta-2d881fc24979: exit status 1: no server running on /tmp/tmux-501/ta-2d881fc24979"
time=2026-08-09T16:50:38.320+08:00 level=DEBUG msg="discovery: skipping unreachable socket" socket=/tmp/tmux-501/ta-3511002e6186 err="query tmux on /tmp/tmux-501/ta-3511002e6186: exit status 1: no server running on /tmp/tmux-501/ta-3511002e6186"
time=2026-08-09T16:50:38.348+08:00 level=DEBUG msg="discovery: skipping unreachable socket" socket=/tmp/tmux-501/ta-670fcfc61db1 err="query tmux on /tmp/tmux-501/ta-670fcfc61db1: exit status 1: no server running on /tmp/tmux-501/ta-670fcfc61db1"
time=2026-08-09T16:50:38.353+08:00 level=DEBUG msg="discovery: skipping unreachable socket" socket=/tmp/tmux-501/ta-70c4b0b3f1e4 err="query tmux on /tmp/tmux-501/ta-70c4b0b3f1e4: exit status 1: no server running on /tmp/tmux-501/ta-70c4b0b3f1e4"
time=2026-08-09T16:50:38.359+08:00 level=DEBUG msg="discovery: skipping unreachable socket" socket=/tmp/tmux-501/ta-714648f68f78 err="query tmux on /tmp/tmux-501/ta-714648f68f78: exit status 1: no server running on /tmp/tmux-501/ta-714648f68f78"
time=2026-08-09T16:50:38.364+08:00 level=DEBUG msg="discovery: skipping unreachable socket" socket=/tmp/tmux-501/ta-76d99a0fb54d err="query tmux on /tmp/tmux-501/ta-76d99a0fb54d: exit status 1: no server running on /tmp/tmux-501/ta-76d99a0fb54d"
time=2026-08-09T16:50:38.370+08:00 level=DEBUG msg="discovery: skipping unreachable socket" socket=/tmp/tmux-501/ta-7ac14129e93d err="query tmux on /tmp/tmux-501/ta-7ac14129e93d: exit status 1: no server running on /tmp/tmux-501/ta-7ac14129e93d"
time=2026-08-09T16:50:38.376+08:00 level=DEBUG msg="discovery: skipping unreachable socket" socket=/tmp/tmux-501/ta-7cf3455fc7ef err="query tmux on /tmp/tmux-501/ta-7cf3455fc7ef: exit status 1: no server running on /tmp/tmux-501/ta-7cf3455fc7ef"
time=2026-08-09T16:50:38.381+08:00 level=DEBUG msg="discovery: skipping unreachable socket" socket=/tmp/tmux-501/ta-8871c1b9bea8 err="query tmux on /tmp/tmux-501/ta-8871c1b9bea8: exit status 1: no server running on /tmp/tmux-501/ta-8871c1b9bea8"
time=2026-08-09T16:50:38.391+08:00 level=DEBUG msg="discovery: skipping unreachable socket" socket=/tmp/tmux-501/ta-8f9301481b91 err="query tmux on /tmp/tmux-501/ta-8f9301481b91: exit status 1: no server running on /tmp/tmux-501/ta-8f9301481b91"
time=2026-08-09T16:50:38.397+08:00 level=DEBUG msg="discovery: skipping unreachable socket" socket=/tmp/tmux-501/ta-93b04f34a45d err="query tmux on /tmp/tmux-501/ta-93b04f34a45d: exit status 1: no server running on /tmp/tmux-501/ta-93b04f34a45d"
time=2026-08-09T16:50:38.418+08:00 level=DEBUG msg="discovery: skipping unreachable socket" socket=/tmp/tmux-501/ta-9f7ab2efc12e err="query tmux on /tmp/tmux-501/ta-9f7ab2efc12e: exit status 1: no server running on /tmp/tmux-501/ta-9f7ab2efc12e"
time=2026-08-09T16:50:38.423+08:00 level=DEBUG msg="discovery: skipping unreachable socket" socket=/tmp/tmux-501/ta-a389ed2be6d0 err="query tmux on /tmp/tmux-501/ta-a389ed2be6d0: exit status 1: no server running on /tmp/tmux-501/ta-a389ed2be6d0"
time=2026-08-09T16:50:38.458+08:00 level=DEBUG msg="discovery: skipping unreachable socket" socket=/tmp/tmux-501/ta-c16b1abaa054 err="query tmux on /tmp/tmux-501/ta-c16b1abaa054: exit status 1: no server running on /tmp/tmux-501/ta-c16b1abaa054"
time=2026-08-09T16:50:38.464+08:00 level=DEBUG msg="discovery: skipping unreachable socket" socket=/tmp/tmux-501/ta-d596a9f9a2a6 err="query tmux on /tmp/tmux-501/ta-d596a9f9a2a6: exit status 1: no server running on /tmp/tmux-501/ta-d596a9f9a2a6"
time=2026-08-09T16:50:38.475+08:00 level=DEBUG msg="discovery: skipping unreachable socket" socket=/tmp/tmux-501/ta-d9dc8c25f425 err="query tmux on /tmp/tmux-501/ta-d9dc8c25f425: exit status 1: no server running on /tmp/tmux-501/ta-d9dc8c25f425"
time=2026-08-09T16:50:38.480+08:00 level=DEBUG msg="discovery: skipping unreachable socket" socket=/tmp/tmux-501/ta-deeed92530c8 err="query tmux on /tmp/tmux-501/ta-deeed92530c8: exit status 1: no server running on /tmp/tmux-501/ta-deeed92530c8"
time=2026-08-09T16:50:38.485+08:00 level=DEBUG msg="discovery: skipping unreachable socket" socket=/tmp/tmux-501/ta-e4fe872351d8 err="query tmux on /tmp/tmux-501/ta-e4fe872351d8: exit status 1: no server running on /tmp/tmux-501/ta-e4fe872351d8"
time=2026-08-09T16:50:38.490+08:00 level=DEBUG msg="discovery: skipping unreachable socket" socket=/tmp/tmux-501/ta-e94aa181e16c err="query tmux on /tmp/tmux-501/ta-e94aa181e16c: exit status 1: no server running on /tmp/tmux-501/ta-e94aa181e16c"
time=2026-08-09T16:50:38.496+08:00 level=DEBUG msg="discovery: skipping unreachable socket" socket=/tmp/tmux-501/ta-ebf95952bfe3 err="query tmux on /tmp/tmux-501/ta-ebf95952bfe3: exit status 1: no server running on /tmp/tmux-501/ta-ebf95952bfe3"
time=2026-08-09T16:50:38.501+08:00 level=DEBUG msg="discovery: skipping unreachable socket" socket=/tmp/tmux-501/ta-fa2252466833 err="query tmux on /tmp/tmux-501/ta-fa2252466833: exit status 1: no server running on /tmp/tmux-501/ta-fa2252466833"
time=2026-08-09T16:50:38.502+08:00 level=DEBUG msg="listing: no changes"
time=2026-08-09T16:50:39.003+08:00 level=DEBUG msg="discovery: skipping socket directory" dir=/tmp/e2e-l2.KhUMRL/tmux/tmux-501 err="open /tmp/e2e-l2.KhUMRL/tmux/tmux-501: no such file or directory"
time=2026-08-09T16:50:39.020+08:00 level=DEBUG msg="discovery: skipping unreachable socket" socket=/tmp/tmux-501/ta-0da65bceb372 err="query tmux on /tmp/tmux-501/ta-0da65bceb372: exit status 1: no server running on /tmp/tmux-501/ta-0da65bceb372"
time=2026-08-09T16:50:39.025+08:00 level=DEBUG msg="discovery: skipping unreachable socket" socket=/tmp/tmux-501/ta-15c65b37a04a err="query tmux on /tmp/tmux-501/ta-15c65b37a04a: exit status 1: no server running on /tmp/tmux-501/ta-15c65b37a04a"
time=2026-08-09T16:50:39.030+08:00 level=DEBUG msg="discovery: skipping unreachable socket" socket=/tmp/tmux-501/ta-192b3d7a4b4d err="query tmux on /tmp/tmux-501/ta-192b3d7a4b4d: exit status 1: no server running on /tmp/tmux-501/ta-192b3d7a4b4d"
time=2026-08-09T16:50:39.037+08:00 level=DEBUG msg="discovery: skipping unreachable socket" socket=/tmp/tmux-501/ta-19bab105a233 err="query tmux on /tmp/tmux-501/ta-19bab105a233: exit status 1: no server running on /tmp/tmux-501/ta-19bab105a233"
time=2026-08-09T16:50:39.042+08:00 level=DEBUG msg="discovery: skipping unreachable socket" socket=/tmp/tmux-501/ta-2183ff26eaba err="query tmux on /tmp/tmux-501/ta-2183ff26eaba: exit status 1: no server running on /tmp/tmux-501/ta-2183ff26eaba"
time=2026-08-09T16:50:39.054+08:00 level=DEBUG msg="discovery: skipping unreachable socket" socket=/tmp/tmux-501/ta-27ae35442db0 err="query tmux on /tmp/tmux-501/ta-27ae35442db0: exit status 1: no server running on /tmp/tmux-501/ta-27ae35442db0"
time=2026-08-09T16:50:39.065+08:00 level=DEBUG msg="discovery: skipping unreachable socket" socket=/tmp/tmux-501/ta-29ad6c433fb0 err="query tmux on /tmp/tmux-501/ta-29ad6c433fb0: exit status 1: no server running on /tmp/tmux-501/ta-29ad6c433fb0"
time=2026-08-09T16:50:39.070+08:00 level=DEBUG msg="discovery: skipping unreachable socket" socket=/tmp/tmux-501/ta-2b2b0f6042c3 err="query tmux on /tmp/tmux-501/ta-2b2b0f6042c3: exit status 1: no server running on /tmp/tmux-501/ta-2b2b0f6042c3"
time=2026-08-09T16:50:39.076+08:00 level=DEBUG msg="discovery: skipping unreachable socket" socket=/tmp/tmux-501/ta-2d881fc24979 err="query tmux on /tmp/tmux-501/ta-2d881fc24979: exit status 1: no server running on /tmp/tmux-501/ta-2d881fc24979"
time=2026-08-09T16:50:39.081+08:00 level=DEBUG msg="discovery: skipping unreachable socket" socket=/tmp/tmux-501/ta-3511002e6186 err="query tmux on /tmp/tmux-501/ta-3511002e6186: exit status 1: no server running on /tmp/tmux-501/ta-3511002e6186"
time=2026-08-09T16:50:39.110+08:00 level=DEBUG msg="discovery: skipping unreachable socket" socket=/tmp/tmux-501/ta-670fcfc61db1 err="query tmux on /tmp/tmux-501/ta-670fcfc61db1: exit status 1: no server running on /tmp/tmux-501/ta-670fcfc61db1"
time=2026-08-09T16:50:39.115+08:00 level=DEBUG msg="discovery: skipping unreachable socket" socket=/tmp/tmux-501/ta-70c4b0b3f1e4 err="query tmux on /tmp/tmux-501/ta-70c4b0b3f1e4: exit status 1: no server running on /tmp/tmux-501/ta-70c4b0b3f1e4"
time=2026-08-09T16:50:39.120+08:00 level=DEBUG msg="discovery: skipping unreachable socket" socket=/tmp/tmux-501/ta-714648f68f78 err="query tmux on /tmp/tmux-501/ta-714648f68f78: exit status 1: no server running on /tmp/tmux-501/ta-714648f68f78"
time=2026-08-09T16:50:39.126+08:00 level=DEBUG msg="discovery: skipping unreachable socket" socket=/tmp/tmux-501/ta-76d99a0fb54d err="query tmux on /tmp/tmux-501/ta-76d99a0fb54d: exit status 1: no server running on /tmp/tmux-501/ta-76d99a0fb54d"
time=2026-08-09T16:50:39.131+08:00 level=DEBUG msg="discovery: skipping unreachable socket" socket=/tmp/tmux-501/ta-7ac14129e93d err="query tmux on /tmp/tmux-501/ta-7ac14129e93d: exit status 1: no server running on /tmp/tmux-501/ta-7ac14129e93d"
time=2026-08-09T16:50:39.136+08:00 level=DEBUG msg="discovery: skipping unreachable socket" socket=/tmp/tmux-501/ta-7cf3455fc7ef err="query tmux on /tmp/tmux-501/ta-7cf3455fc7ef: exit status 1: no server running on /tmp/tmux-501/ta-7cf3455fc7ef"
time=2026-08-09T16:50:39.141+08:00 level=DEBUG msg="discovery: skipping unreachable socket" socket=/tmp/tmux-501/ta-8871c1b9bea8 err="query tmux on /tmp/tmux-501/ta-8871c1b9bea8: exit status 1: no server running on /tmp/tmux-501/ta-8871c1b9bea8"
time=2026-08-09T16:50:39.152+08:00 level=DEBUG msg="discovery: skipping unreachable socket" socket=/tmp/tmux-501/ta-8f9301481b91 err="query tmux on /tmp/tmux-501/ta-8f9301481b91: exit status 1: no server running on /tmp/tmux-501/ta-8f9301481b91"
time=2026-08-09T16:50:39.157+08:00 level=DEBUG msg="discovery: skipping unreachable socket" socket=/tmp/tmux-501/ta-93b04f34a45d err="query tmux on /tmp/tmux-501/ta-93b04f34a45d: exit status 1: no server running on /tmp/tmux-501/ta-93b04f34a45d"
time=2026-08-09T16:50:39.179+08:00 level=DEBUG msg="discovery: skipping unreachable socket" socket=/tmp/tmux-501/ta-9f7ab2efc12e err="query tmux on /tmp/tmux-501/ta-9f7ab2efc12e: exit status 1: no server running on /tmp/tmux-501/ta-9f7ab2efc12e"
time=2026-08-09T16:50:39.185+08:00 level=DEBUG msg="discovery: skipping unreachable socket" socket=/tmp/tmux-501/ta-a389ed2be6d0 err="query tmux on /tmp/tmux-501/ta-a389ed2be6d0: exit status 1: no server running on /tmp/tmux-501/ta-a389ed2be6d0"
time=2026-08-09T16:50:39.219+08:00 level=DEBUG msg="discovery: skipping unreachable socket" socket=/tmp/tmux-501/ta-c16b1abaa054 err="query tmux on /tmp/tmux-501/ta-c16b1abaa054: exit status 1: no server running on /tmp/tmux-501/ta-c16b1abaa054"
time=2026-08-09T16:50:39.225+08:00 level=DEBUG msg="discovery: skipping unreachable socket" socket=/tmp/tmux-501/ta-d596a9f9a2a6 err="query tmux on /tmp/tmux-501/ta-d596a9f9a2a6: exit status 1: no server running on /tmp/tmux-501/ta-d596a9f9a2a6"
time=2026-08-09T16:50:39.235+08:00 level=DEBUG msg="discovery: skipping unreachable socket" socket=/tmp/tmux-501/ta-d9dc8c25f425 err="query tmux on /tmp/tmux-501/ta-d9dc8c25f425: exit status 1: no server running on /tmp/tmux-501/ta-d9dc8c25f425"
time=2026-08-09T16:50:39.240+08:00 level=DEBUG msg="discovery: skipping unreachable socket" socket=/tmp/tmux-501/ta-e4fe872351d8 err="query tmux on /tmp/tmux-501/ta-e4fe872351d8: exit status 1: no server running on /tmp/tmux-501/ta-e4fe872351d8"
time=2026-08-09T16:50:39.245+08:00 level=DEBUG msg="discovery: skipping unreachable socket" socket=/tmp/tmux-501/ta-e94aa181e16c err="query tmux on /tmp/tmux-501/ta-e94aa181e16c: exit status 1: no server running on /tmp/tmux-501/ta-e94aa181e16c"
time=2026-08-09T16:50:39.251+08:00 level=DEBUG msg="discovery: skipping unreachable socket" socket=/tmp/tmux-501/ta-ebf95952bfe3 err="query tmux on /tmp/tmux-501/ta-ebf95952bfe3: exit status 1: no server running on /tmp/tmux-501/ta-ebf95952bfe3"
time=2026-08-09T16:50:39.257+08:00 level=DEBUG msg="discovery: skipping unreachable socket" socket=/tmp/tmux-501/ta-fa2252466833 err="query tmux on /tmp/tmux-501/ta-fa2252466833: exit status 1: no server running on /tmp/tmux-501/ta-fa2252466833"
time=2026-08-09T16:50:39.257+08:00 level=DEBUG msg="listing: no changes"
time=2026-08-09T16:50:39.757+08:00 level=DEBUG msg="discovery: skipping socket directory" dir=/tmp/e2e-l2.KhUMRL/tmux/tmux-501 err="open /tmp/e2e-l2.KhUMRL/tmux/tmux-501: no such file or directory"
time=2026-08-09T16:50:39.775+08:00 level=DEBUG msg="discovery: skipping unreachable socket" socket=/tmp/tmux-501/ta-0da65bceb372 err="query tmux on /tmp/tmux-501/ta-0da65bceb372: exit status 1: no server running on /tmp/tmux-501/ta-0da65bceb372"
time=2026-08-09T16:50:39.781+08:00 level=DEBUG msg="discovery: skipping unreachable socket" socket=/tmp/tmux-501/ta-15c65b37a04a err="query tmux on /tmp/tmux-501/ta-15c65b37a04a: exit status 1: no server running on /tmp/tmux-501/ta-15c65b37a04a"
time=2026-08-09T16:50:39.787+08:00 level=DEBUG msg="discovery: skipping unreachable socket" socket=/tmp/tmux-501/ta-192b3d7a4b4d err="query tmux on /tmp/tmux-501/ta-192b3d7a4b4d: exit status 1: no server running on /tmp/tmux-501/ta-192b3d7a4b4d"
time=2026-08-09T16:50:39.792+08:00 level=DEBUG msg="discovery: skipping unreachable socket" socket=/tmp/tmux-501/ta-19bab105a233 err="query tmux on /tmp/tmux-501/ta-19bab105a233: exit status 1: no server running on /tmp/tmux-501/ta-19bab105a233"
time=2026-08-09T16:50:39.798+08:00 level=DEBUG msg="discovery: skipping unreachable socket" socket=/tmp/tmux-501/ta-2183ff26eaba err="query tmux on /tmp/tmux-501/ta-2183ff26eaba: exit status 1: no server running on /tmp/tmux-501/ta-2183ff26eaba"
time=2026-08-09T16:50:39.808+08:00 level=DEBUG msg="discovery: skipping unreachable socket" socket=/tmp/tmux-501/ta-27ae35442db0 err="query tmux on /tmp/tmux-501/ta-27ae35442db0: exit status 1: no server running on /tmp/tmux-501/ta-27ae35442db0"
time=2026-08-09T16:50:39.820+08:00 level=DEBUG msg="discovery: skipping unreachable socket" socket=/tmp/tmux-501/ta-29ad6c433fb0 err="query tmux on /tmp/tmux-501/ta-29ad6c433fb0: exit status 1: no server running on /tmp/tmux-501/ta-29ad6c433fb0"
time=2026-08-09T16:50:39.825+08:00 level=DEBUG msg="discovery: skipping unreachable socket" socket=/tmp/tmux-501/ta-2b2b0f6042c3 err="query tmux on /tmp/tmux-501/ta-2b2b0f6042c3: exit status 1: no server running on /tmp/tmux-501/ta-2b2b0f6042c3"
time=2026-08-09T16:50:39.830+08:00 level=DEBUG msg="discovery: skipping unreachable socket" socket=/tmp/tmux-501/ta-2d881fc24979 err="query tmux on /tmp/tmux-501/ta-2d881fc24979: exit status 1: no server running on /tmp/tmux-501/ta-2d881fc24979"
time=2026-08-09T16:50:39.836+08:00 level=DEBUG msg="discovery: skipping unreachable socket" socket=/tmp/tmux-501/ta-3511002e6186 err="query tmux on /tmp/tmux-501/ta-3511002e6186: exit status 1: no server running on /tmp/tmux-501/ta-3511002e6186"
time=2026-08-09T16:50:39.865+08:00 level=DEBUG msg="discovery: skipping unreachable socket" socket=/tmp/tmux-501/ta-670fcfc61db1 err="query tmux on /tmp/tmux-501/ta-670fcfc61db1: exit status 1: no server running on /tmp/tmux-501/ta-670fcfc61db1"
time=2026-08-09T16:50:39.871+08:00 level=DEBUG msg="discovery: skipping unreachable socket" socket=/tmp/tmux-501/ta-70c4b0b3f1e4 err="query tmux on /tmp/tmux-501/ta-70c4b0b3f1e4: exit status 1: no server running on /tmp/tmux-501/ta-70c4b0b3f1e4"
time=2026-08-09T16:50:39.877+08:00 level=DEBUG msg="discovery: skipping unreachable socket" socket=/tmp/tmux-501/ta-714648f68f78 err="query tmux on /tmp/tmux-501/ta-714648f68f78: exit status 1: no server running on /tmp/tmux-501/ta-714648f68f78"
time=2026-08-09T16:50:39.882+08:00 level=DEBUG msg="discovery: skipping unreachable socket" socket=/tmp/tmux-501/ta-76d99a0fb54d err="query tmux on /tmp/tmux-501/ta-76d99a0fb54d: exit status 1: no server running on /tmp/tmux-501/ta-76d99a0fb54d"
time=2026-08-09T16:50:39.888+08:00 level=DEBUG msg="discovery: skipping unreachable socket" socket=/tmp/tmux-501/ta-7ac14129e93d err="query tmux on /tmp/tmux-501/ta-7ac14129e93d: exit status 1: no server running on /tmp/tmux-501/ta-7ac14129e93d"
time=2026-08-09T16:50:39.893+08:00 level=DEBUG msg="discovery: skipping unreachable socket" socket=/tmp/tmux-501/ta-7cf3455fc7ef err="query tmux on /tmp/tmux-501/ta-7cf3455fc7ef: exit status 1: no server running on /tmp/tmux-501/ta-7cf3455fc7ef"
time=2026-08-09T16:50:39.899+08:00 level=DEBUG msg="discovery: skipping unreachable socket" socket=/tmp/tmux-501/ta-8871c1b9bea8 err="query tmux on /tmp/tmux-501/ta-8871c1b9bea8: exit status 1: no server running on /tmp/tmux-501/ta-8871c1b9bea8"
time=2026-08-09T16:50:39.909+08:00 level=DEBUG msg="discovery: skipping unreachable socket" socket=/tmp/tmux-501/ta-8f9301481b91 err="query tmux on /tmp/tmux-501/ta-8f9301481b91: exit status 1: no server running on /tmp/tmux-501/ta-8f9301481b91"
time=2026-08-09T16:50:39.915+08:00 level=DEBUG msg="discovery: skipping unreachable socket" socket=/tmp/tmux-501/ta-93b04f34a45d err="query tmux on /tmp/tmux-501/ta-93b04f34a45d: exit status 1: no server running on /tmp/tmux-501/ta-93b04f34a45d"
time=2026-08-09T16:50:39.927+08:00 level=DEBUG msg="discovery: skipping unreachable socket" socket=/tmp/tmux-501/ta-9b5fdd45a0d0 err="query tmux on /tmp/tmux-501/ta-9b5fdd45a0d0: exit status 1: no server running on /tmp/tmux-501/ta-9b5fdd45a0d0"
time=2026-08-09T16:50:39.939+08:00 level=DEBUG msg="discovery: skipping unreachable socket" socket=/tmp/tmux-501/ta-9f7ab2efc12e err="query tmux on /tmp/tmux-501/ta-9f7ab2efc12e: exit status 1: no server running on /tmp/tmux-501/ta-9f7ab2efc12e"
time=2026-08-09T16:50:39.944+08:00 level=DEBUG msg="discovery: skipping unreachable socket" socket=/tmp/tmux-501/ta-a389ed2be6d0 err="query tmux on /tmp/tmux-501/ta-a389ed2be6d0: exit status 1: no server running on /tmp/tmux-501/ta-a389ed2be6d0"
time=2026-08-09T16:50:39.977+08:00 level=DEBUG msg="discovery: skipping unreachable socket" socket=/tmp/tmux-501/ta-c16b1abaa054 err="query tmux on /tmp/tmux-501/ta-c16b1abaa054: exit status 1: no server running on /tmp/tmux-501/ta-c16b1abaa054"
time=2026-08-09T16:50:39.982+08:00 level=DEBUG msg="discovery: skipping unreachable socket" socket=/tmp/tmux-501/ta-cfec947e1604 err="query tmux on /tmp/tmux-501/ta-cfec947e1604: exit status 1: no server running on /tmp/tmux-501/ta-cfec947e1604"
time=2026-08-09T16:50:39.987+08:00 level=DEBUG msg="discovery: skipping unreachable socket" socket=/tmp/tmux-501/ta-d596a9f9a2a6 err="query tmux on /tmp/tmux-501/ta-d596a9f9a2a6: exit status 1: no server running on /tmp/tmux-501/ta-d596a9f9a2a6"
time=2026-08-09T16:50:39.997+08:00 level=DEBUG msg="discovery: skipping unreachable socket" socket=/tmp/tmux-501/ta-d9dc8c25f425 err="query tmux on /tmp/tmux-501/ta-d9dc8c25f425: exit status 1: no server running on /tmp/tmux-501/ta-d9dc8c25f425"
time=2026-08-09T16:50:40.002+08:00 level=DEBUG msg="discovery: skipping unreachable socket" socket=/tmp/tmux-501/ta-e4fe872351d8 err="query tmux on /tmp/tmux-501/ta-e4fe872351d8: exit status 1: no server running on /tmp/tmux-501/ta-e4fe872351d8"
time=2026-08-09T16:50:40.007+08:00 level=DEBUG msg="discovery: skipping unreachable socket" socket=/tmp/tmux-501/ta-e94aa181e16c err="query tmux on /tmp/tmux-501/ta-e94aa181e16c: exit status 1: no server running on /tmp/tmux-501/ta-e94aa181e16c"
time=2026-08-09T16:50:40.012+08:00 level=DEBUG msg="discovery: skipping unreachable socket" socket=/tmp/tmux-501/ta-ebf95952bfe3 err="query tmux on /tmp/tmux-501/ta-ebf95952bfe3: exit status 1: no server running on /tmp/tmux-501/ta-ebf95952bfe3"
time=2026-08-09T16:50:40.017+08:00 level=DEBUG msg="discovery: skipping unreachable socket" socket=/tmp/tmux-501/ta-fa2252466833 err="query tmux on /tmp/tmux-501/ta-fa2252466833: exit status 1: no server running on /tmp/tmux-501/ta-fa2252466833"
time=2026-08-09T16:50:40.518+08:00 level=DEBUG msg="discovery: skipping socket directory" dir=/tmp/e2e-l2.KhUMRL/tmux/tmux-501 err="open /tmp/e2e-l2.KhUMRL/tmux/tmux-501: no such file or directory"
time=2026-08-09T16:50:40.536+08:00 level=DEBUG msg="discovery: skipping unreachable socket" socket=/tmp/tmux-501/ta-0da65bceb372 err="query tmux on /tmp/tmux-501/ta-0da65bceb372: exit status 1: no server running on /tmp/tmux-501/ta-0da65bceb372"
time=2026-08-09T16:50:40.542+08:00 level=DEBUG msg="discovery: skipping unreachable socket" socket=/tmp/tmux-501/ta-15c65b37a04a err="query tmux on /tmp/tmux-501/ta-15c65b37a04a: exit status 1: no server running on /tmp/tmux-501/ta-15c65b37a04a"
time=2026-08-09T16:50:40.548+08:00 level=DEBUG msg="discovery: skipping unreachable socket" socket=/tmp/tmux-501/ta-192b3d7a4b4d err="query tmux on /tmp/tmux-501/ta-192b3d7a4b4d: exit status 1: no server running on /tmp/tmux-501/ta-192b3d7a4b4d"
time=2026-08-09T16:50:40.553+08:00 level=DEBUG msg="discovery: skipping unreachable socket" socket=/tmp/tmux-501/ta-19bab105a233 err="query tmux on /tmp/tmux-501/ta-19bab105a233: exit status 1: no server running on /tmp/tmux-501/ta-19bab105a233"
time=2026-08-09T16:50:40.558+08:00 level=DEBUG msg="discovery: skipping unreachable socket" socket=/tmp/tmux-501/ta-2183ff26eaba err="query tmux on /tmp/tmux-501/ta-2183ff26eaba: exit status 1: no server running on /tmp/tmux-501/ta-2183ff26eaba"
time=2026-08-09T16:50:40.569+08:00 level=DEBUG msg="discovery: skipping unreachable socket" socket=/tmp/tmux-501/ta-27ae35442db0 err="query tmux on /tmp/tmux-501/ta-27ae35442db0: exit status 1: no server running on /tmp/tmux-501/ta-27ae35442db0"
time=2026-08-09T16:50:40.581+08:00 level=DEBUG msg="discovery: skipping unreachable socket" socket=/tmp/tmux-501/ta-29ad6c433fb0 err="query tmux on /tmp/tmux-501/ta-29ad6c433fb0: exit status 1: no server running on /tmp/tmux-501/ta-29ad6c433fb0"
time=2026-08-09T16:50:40.586+08:00 level=DEBUG msg="discovery: skipping unreachable socket" socket=/tmp/tmux-501/ta-2b2b0f6042c3 err="query tmux on /tmp/tmux-501/ta-2b2b0f6042c3: exit status 1: no server running on /tmp/tmux-501/ta-2b2b0f6042c3"
time=2026-08-09T16:50:40.591+08:00 level=DEBUG msg="discovery: skipping unreachable socket" socket=/tmp/tmux-501/ta-2d881fc24979 err="query tmux on /tmp/tmux-501/ta-2d881fc24979: exit status 1: no server running on /tmp/tmux-501/ta-2d881fc24979"
time=2026-08-09T16:50:40.596+08:00 level=DEBUG msg="discovery: skipping unreachable socket" socket=/tmp/tmux-501/ta-3511002e6186 err="query tmux on /tmp/tmux-501/ta-3511002e6186: exit status 1: no server running on /tmp/tmux-501/ta-3511002e6186"
time=2026-08-09T16:50:40.624+08:00 level=DEBUG msg="discovery: skipping unreachable socket" socket=/tmp/tmux-501/ta-670fcfc61db1 err="query tmux on /tmp/tmux-501/ta-670fcfc61db1: exit status 1: no server running on /tmp/tmux-501/ta-670fcfc61db1"
time=2026-08-09T16:50:40.630+08:00 level=DEBUG msg="discovery: skipping unreachable socket" socket=/tmp/tmux-501/ta-70c4b0b3f1e4 err="query tmux on /tmp/tmux-501/ta-70c4b0b3f1e4: exit status 1: no server running on /tmp/tmux-501/ta-70c4b0b3f1e4"
time=2026-08-09T16:50:40.635+08:00 level=DEBUG msg="discovery: skipping unreachable socket" socket=/tmp/tmux-501/ta-714648f68f78 err="query tmux on /tmp/tmux-501/ta-714648f68f78: exit status 1: no server running on /tmp/tmux-501/ta-714648f68f78"
time=2026-08-09T16:50:40.640+08:00 level=DEBUG msg="discovery: skipping unreachable socket" socket=/tmp/tmux-501/ta-76d99a0fb54d err="query tmux on /tmp/tmux-501/ta-76d99a0fb54d: exit status 1: no server running on /tmp/tmux-501/ta-76d99a0fb54d"
time=2026-08-09T16:50:40.646+08:00 level=DEBUG msg="discovery: skipping unreachable socket" socket=/tmp/tmux-501/ta-7ac14129e93d err="query tmux on /tmp/tmux-501/ta-7ac14129e93d: exit status 1: no server running on /tmp/tmux-501/ta-7ac14129e93d"
time=2026-08-09T16:50:40.651+08:00 level=DEBUG msg="discovery: skipping unreachable socket" socket=/tmp/tmux-501/ta-7cf3455fc7ef err="query tmux on /tmp/tmux-501/ta-7cf3455fc7ef: exit status 1: no server running on /tmp/tmux-501/ta-7cf3455fc7ef"
time=2026-08-09T16:50:40.657+08:00 level=DEBUG msg="discovery: skipping unreachable socket" socket=/tmp/tmux-501/ta-8871c1b9bea8 err="query tmux on /tmp/tmux-501/ta-8871c1b9bea8: exit status 1: no server running on /tmp/tmux-501/ta-8871c1b9bea8"
time=2026-08-09T16:50:40.668+08:00 level=DEBUG msg="discovery: skipping unreachable socket" socket=/tmp/tmux-501/ta-8f9301481b91 err="query tmux on /tmp/tmux-501/ta-8f9301481b91: exit status 1: no server running on /tmp/tmux-501/ta-8f9301481b91"
time=2026-08-09T16:50:40.673+08:00 level=DEBUG msg="discovery: skipping unreachable socket" socket=/tmp/tmux-501/ta-93b04f34a45d err="query tmux on /tmp/tmux-501/ta-93b04f34a45d: exit status 1: no server running on /tmp/tmux-501/ta-93b04f34a45d"
time=2026-08-09T16:50:40.686+08:00 level=DEBUG msg="discovery: skipping unreachable socket" socket=/tmp/tmux-501/ta-9b5fdd45a0d0 err="query tmux on /tmp/tmux-501/ta-9b5fdd45a0d0: exit status 1: no server running on /tmp/tmux-501/ta-9b5fdd45a0d0"
time=2026-08-09T16:50:40.697+08:00 level=DEBUG msg="discovery: skipping unreachable socket" socket=/tmp/tmux-501/ta-9f7ab2efc12e err="query tmux on /tmp/tmux-501/ta-9f7ab2efc12e: exit status 1: no server running on /tmp/tmux-501/ta-9f7ab2efc12e"
time=2026-08-09T16:50:40.703+08:00 level=DEBUG msg="discovery: skipping unreachable socket" socket=/tmp/tmux-501/ta-a389ed2be6d0 err="query tmux on /tmp/tmux-501/ta-a389ed2be6d0: exit status 1: no server running on /tmp/tmux-501/ta-a389ed2be6d0"
time=2026-08-09T16:50:40.736+08:00 level=DEBUG msg="discovery: skipping unreachable socket" socket=/tmp/tmux-501/ta-c16b1abaa054 err="query tmux on /tmp/tmux-501/ta-c16b1abaa054: exit status 1: no server running on /tmp/tmux-501/ta-c16b1abaa054"
time=2026-08-09T16:50:40.741+08:00 level=DEBUG msg="discovery: skipping unreachable socket" socket=/tmp/tmux-501/ta-cfec947e1604 err="query tmux on /tmp/tmux-501/ta-cfec947e1604: exit status 1: no server running on /tmp/tmux-501/ta-cfec947e1604"
time=2026-08-09T16:50:40.746+08:00 level=DEBUG msg="discovery: skipping unreachable socket" socket=/tmp/tmux-501/ta-d596a9f9a2a6 err="query tmux on /tmp/tmux-501/ta-d596a9f9a2a6: exit status 1: no server running on /tmp/tmux-501/ta-d596a9f9a2a6"
time=2026-08-09T16:50:40.757+08:00 level=DEBUG msg="discovery: skipping unreachable socket" socket=/tmp/tmux-501/ta-d9dc8c25f425 err="query tmux on /tmp/tmux-501/ta-d9dc8c25f425: exit status 1: no server running on /tmp/tmux-501/ta-d9dc8c25f425"
time=2026-08-09T16:50:40.761+08:00 level=DEBUG msg="discovery: skipping unreachable socket" socket=/tmp/tmux-501/ta-e4fe872351d8 err="query tmux on /tmp/tmux-501/ta-e4fe872351d8: exit status 1: no server running on /tmp/tmux-501/ta-e4fe872351d8"
time=2026-08-09T16:50:40.767+08:00 level=DEBUG msg="discovery: skipping unreachable socket" socket=/tmp/tmux-501/ta-e94aa181e16c err="query tmux on /tmp/tmux-501/ta-e94aa181e16c: exit status 1: no server running on /tmp/tmux-501/ta-e94aa181e16c"
time=2026-08-09T16:50:40.773+08:00 level=DEBUG msg="discovery: skipping unreachable socket" socket=/tmp/tmux-501/ta-ebf95952bfe3 err="query tmux on /tmp/tmux-501/ta-ebf95952bfe3: exit status 1: no server running on /tmp/tmux-501/ta-ebf95952bfe3"
time=2026-08-09T16:50:40.778+08:00 level=DEBUG msg="discovery: skipping unreachable socket" socket=/tmp/tmux-501/ta-fa2252466833 err="query tmux on /tmp/tmux-501/ta-fa2252466833: exit status 1: no server running on /tmp/tmux-501/ta-fa2252466833"
time=2026-08-09T16:50:40.778+08:00 level=DEBUG msg="listing: no changes"
time=2026-08-09T16:50:41.279+08:00 level=DEBUG msg="discovery: skipping socket directory" dir=/tmp/e2e-l2.KhUMRL/tmux/tmux-501 err="open /tmp/e2e-l2.KhUMRL/tmux/tmux-501: no such file or directory"
time=2026-08-09T16:50:41.296+08:00 level=DEBUG msg="discovery: skipping unreachable socket" socket=/tmp/tmux-501/ta-0da65bceb372 err="query tmux on /tmp/tmux-501/ta-0da65bceb372: exit status 1: no server running on /tmp/tmux-501/ta-0da65bceb372"
time=2026-08-09T16:50:41.301+08:00 level=DEBUG msg="discovery: skipping unreachable socket" socket=/tmp/tmux-501/ta-15c65b37a04a err="query tmux on /tmp/tmux-501/ta-15c65b37a04a: exit status 1: no server running on /tmp/tmux-501/ta-15c65b37a04a"
time=2026-08-09T16:50:41.307+08:00 level=DEBUG msg="discovery: skipping unreachable socket" socket=/tmp/tmux-501/ta-192b3d7a4b4d err="query tmux on /tmp/tmux-501/ta-192b3d7a4b4d: exit status 1: no server running on /tmp/tmux-501/ta-192b3d7a4b4d"
time=2026-08-09T16:50:41.312+08:00 level=DEBUG msg="discovery: skipping unreachable socket" socket=/tmp/tmux-501/ta-19bab105a233 err="query tmux on /tmp/tmux-501/ta-19bab105a233: exit status 1: no server running on /tmp/tmux-501/ta-19bab105a233"
time=2026-08-09T16:50:41.318+08:00 level=DEBUG msg="discovery: skipping unreachable socket" socket=/tmp/tmux-501/ta-2183ff26eaba err="query tmux on /tmp/tmux-501/ta-2183ff26eaba: exit status 1: no server running on /tmp/tmux-501/ta-2183ff26eaba"
time=2026-08-09T16:50:41.334+08:00 level=DEBUG msg="discovery: skipping unreachable socket" socket=/tmp/tmux-501/ta-27ae35442db0 err="query tmux on /tmp/tmux-501/ta-27ae35442db0: exit status 1: no server running on /tmp/tmux-501/ta-27ae35442db0"
time=2026-08-09T16:50:41.345+08:00 level=DEBUG msg="discovery: skipping unreachable socket" socket=/tmp/tmux-501/ta-29ad6c433fb0 err="query tmux on /tmp/tmux-501/ta-29ad6c433fb0: exit status 1: no server running on /tmp/tmux-501/ta-29ad6c433fb0"
time=2026-08-09T16:50:41.351+08:00 level=DEBUG msg="discovery: skipping unreachable socket" socket=/tmp/tmux-501/ta-2b2b0f6042c3 err="query tmux on /tmp/tmux-501/ta-2b2b0f6042c3: exit status 1: no server running on /tmp/tmux-501/ta-2b2b0f6042c3"
time=2026-08-09T16:50:41.356+08:00 level=DEBUG msg="discovery: skipping unreachable socket" socket=/tmp/tmux-501/ta-2d881fc24979 err="query tmux on /tmp/tmux-501/ta-2d881fc24979: exit status 1: no server running on /tmp/tmux-501/ta-2d881fc24979"
time=2026-08-09T16:50:41.361+08:00 level=DEBUG msg="discovery: skipping unreachable socket" socket=/tmp/tmux-501/ta-3511002e6186 err="query tmux on /tmp/tmux-501/ta-3511002e6186: exit status 1: no server running on /tmp/tmux-501/ta-3511002e6186"
time=2026-08-09T16:50:41.390+08:00 level=DEBUG msg="discovery: skipping unreachable socket" socket=/tmp/tmux-501/ta-670fcfc61db1 err="query tmux on /tmp/tmux-501/ta-670fcfc61db1: exit status 1: no server running on /tmp/tmux-501/ta-670fcfc61db1"
time=2026-08-09T16:50:41.395+08:00 level=DEBUG msg="discovery: skipping unreachable socket" socket=/tmp/tmux-501/ta-70c4b0b3f1e4 err="query tmux on /tmp/tmux-501/ta-70c4b0b3f1e4: exit status 1: no server running on /tmp/tmux-501/ta-70c4b0b3f1e4"
time=2026-08-09T16:50:41.400+08:00 level=DEBUG msg="discovery: skipping unreachable socket" socket=/tmp/tmux-501/ta-714648f68f78 err="query tmux on /tmp/tmux-501/ta-714648f68f78: exit status 1: no server running on /tmp/tmux-501/ta-714648f68f78"
time=2026-08-09T16:50:41.405+08:00 level=DEBUG msg="discovery: skipping unreachable socket" socket=/tmp/tmux-501/ta-76d99a0fb54d err="query tmux on /tmp/tmux-501/ta-76d99a0fb54d: exit status 1: no server running on /tmp/tmux-501/ta-76d99a0fb54d"
time=2026-08-09T16:50:41.410+08:00 level=DEBUG msg="discovery: skipping unreachable socket" socket=/tmp/tmux-501/ta-7ac14129e93d err="query tmux on /tmp/tmux-501/ta-7ac14129e93d: exit status 1: no server running on /tmp/tmux-501/ta-7ac14129e93d"
time=2026-08-09T16:50:41.415+08:00 level=DEBUG msg="discovery: skipping unreachable socket" socket=/tmp/tmux-501/ta-7cf3455fc7ef err="query tmux on /tmp/tmux-501/ta-7cf3455fc7ef: exit status 1: no server running on /tmp/tmux-501/ta-7cf3455fc7ef"
time=2026-08-09T16:50:41.421+08:00 level=DEBUG msg="discovery: skipping unreachable socket" socket=/tmp/tmux-501/ta-8871c1b9bea8 err="query tmux on /tmp/tmux-501/ta-8871c1b9bea8: exit status 1: no server running on /tmp/tmux-501/ta-8871c1b9bea8"
time=2026-08-09T16:50:41.432+08:00 level=DEBUG msg="discovery: skipping unreachable socket" socket=/tmp/tmux-501/ta-8f9301481b91 err="query tmux on /tmp/tmux-501/ta-8f9301481b91: exit status 1: no server running on /tmp/tmux-501/ta-8f9301481b91"
time=2026-08-09T16:50:41.437+08:00 level=DEBUG msg="discovery: skipping unreachable socket" socket=/tmp/tmux-501/ta-93b04f34a45d err="query tmux on /tmp/tmux-501/ta-93b04f34a45d: exit status 1: no server running on /tmp/tmux-501/ta-93b04f34a45d"
time=2026-08-09T16:50:41.454+08:00 level=DEBUG msg="discovery: skipping unreachable socket" socket=/tmp/tmux-501/ta-9f7ab2efc12e err="query tmux on /tmp/tmux-501/ta-9f7ab2efc12e: exit status 1: no server running on /tmp/tmux-501/ta-9f7ab2efc12e"
time=2026-08-09T16:50:41.459+08:00 level=DEBUG msg="discovery: skipping unreachable socket" socket=/tmp/tmux-501/ta-a389ed2be6d0 err="query tmux on /tmp/tmux-501/ta-a389ed2be6d0: exit status 1: no server running on /tmp/tmux-501/ta-a389ed2be6d0"
time=2026-08-09T16:50:41.493+08:00 level=DEBUG msg="discovery: skipping unreachable socket" socket=/tmp/tmux-501/ta-c16b1abaa054 err="query tmux on /tmp/tmux-501/ta-c16b1abaa054: exit status 1: no server running on /tmp/tmux-501/ta-c16b1abaa054"
time=2026-08-09T16:50:41.498+08:00 level=DEBUG msg="discovery: skipping unreachable socket" socket=/tmp/tmux-501/ta-d596a9f9a2a6 err="query tmux on /tmp/tmux-501/ta-d596a9f9a2a6: exit status 1: no server running on /tmp/tmux-501/ta-d596a9f9a2a6"
time=2026-08-09T16:50:41.508+08:00 level=DEBUG msg="discovery: skipping unreachable socket" socket=/tmp/tmux-501/ta-d9dc8c25f425 err="query tmux on /tmp/tmux-501/ta-d9dc8c25f425: exit status 1: no server running on /tmp/tmux-501/ta-d9dc8c25f425"
time=2026-08-09T16:50:41.514+08:00 level=DEBUG msg="discovery: skipping unreachable socket" socket=/tmp/tmux-501/ta-e4fe872351d8 err="query tmux on /tmp/tmux-501/ta-e4fe872351d8: exit status 1: no server running on /tmp/tmux-501/ta-e4fe872351d8"
time=2026-08-09T16:50:41.519+08:00 level=DEBUG msg="discovery: skipping unreachable socket" socket=/tmp/tmux-501/ta-e94aa181e16c err="query tmux on /tmp/tmux-501/ta-e94aa181e16c: exit status 1: no server running on /tmp/tmux-501/ta-e94aa181e16c"
time=2026-08-09T16:50:41.523+08:00 level=DEBUG msg="discovery: skipping unreachable socket" socket=/tmp/tmux-501/ta-ebf95952bfe3 err="query tmux on /tmp/tmux-501/ta-ebf95952bfe3: exit status 1: no server running on /tmp/tmux-501/ta-ebf95952bfe3"
time=2026-08-09T16:50:41.529+08:00 level=DEBUG msg="discovery: skipping unreachable socket" socket=/tmp/tmux-501/ta-fa2252466833 err="query tmux on /tmp/tmux-501/ta-fa2252466833: exit status 1: no server running on /tmp/tmux-501/ta-fa2252466833"
time=2026-08-09T16:50:42.031+08:00 level=DEBUG msg="discovery: skipping socket directory" dir=/tmp/e2e-l2.KhUMRL/tmux/tmux-501 err="open /tmp/e2e-l2.KhUMRL/tmux/tmux-501: no such file or directory"
time=2026-08-09T16:50:42.048+08:00 level=DEBUG msg="discovery: skipping unreachable socket" socket=/tmp/tmux-501/ta-0da65bceb372 err="query tmux on /tmp/tmux-501/ta-0da65bceb372: exit status 1: no server running on /tmp/tmux-501/ta-0da65bceb372"
time=2026-08-09T16:50:42.053+08:00 level=DEBUG msg="discovery: skipping unreachable socket" socket=/tmp/tmux-501/ta-15c65b37a04a err="query tmux on /tmp/tmux-501/ta-15c65b37a04a: exit status 1: no server running on /tmp/tmux-501/ta-15c65b37a04a"
time=2026-08-09T16:50:42.058+08:00 level=DEBUG msg="discovery: skipping unreachable socket" socket=/tmp/tmux-501/ta-192b3d7a4b4d err="query tmux on /tmp/tmux-501/ta-192b3d7a4b4d: exit status 1: no server running on /tmp/tmux-501/ta-192b3d7a4b4d"
time=2026-08-09T16:50:42.063+08:00 level=DEBUG msg="discovery: skipping unreachable socket" socket=/tmp/tmux-501/ta-19bab105a233 err="query tmux on /tmp/tmux-501/ta-19bab105a233: exit status 1: no server running on /tmp/tmux-501/ta-19bab105a233"
time=2026-08-09T16:50:42.069+08:00 level=DEBUG msg="discovery: skipping unreachable socket" socket=/tmp/tmux-501/ta-2183ff26eaba err="query tmux on /tmp/tmux-501/ta-2183ff26eaba: exit status 1: no server running on /tmp/tmux-501/ta-2183ff26eaba"
time=2026-08-09T16:50:42.080+08:00 level=DEBUG msg="discovery: skipping unreachable socket" socket=/tmp/tmux-501/ta-26c6cd55e88c err="query tmux on /tmp/tmux-501/ta-26c6cd55e88c: exit status 1: no server running on /tmp/tmux-501/ta-26c6cd55e88c"
time=2026-08-09T16:50:42.086+08:00 level=DEBUG msg="discovery: skipping unreachable socket" socket=/tmp/tmux-501/ta-27ae35442db0 err="query tmux on /tmp/tmux-501/ta-27ae35442db0: exit status 1: no server running on /tmp/tmux-501/ta-27ae35442db0"
time=2026-08-09T16:50:42.097+08:00 level=DEBUG msg="discovery: skipping unreachable socket" socket=/tmp/tmux-501/ta-29ad6c433fb0 err="query tmux on /tmp/tmux-501/ta-29ad6c433fb0: exit status 1: no server running on /tmp/tmux-501/ta-29ad6c433fb0"
time=2026-08-09T16:50:42.103+08:00 level=DEBUG msg="discovery: skipping unreachable socket" socket=/tmp/tmux-501/ta-2b2b0f6042c3 err="query tmux on /tmp/tmux-501/ta-2b2b0f6042c3: exit status 1: no server running on /tmp/tmux-501/ta-2b2b0f6042c3"
time=2026-08-09T16:50:42.108+08:00 level=DEBUG msg="discovery: skipping unreachable socket" socket=/tmp/tmux-501/ta-2d881fc24979 err="query tmux on /tmp/tmux-501/ta-2d881fc24979: exit status 1: no server running on /tmp/tmux-501/ta-2d881fc24979"
time=2026-08-09T16:50:42.114+08:00 level=DEBUG msg="discovery: skipping unreachable socket" socket=/tmp/tmux-501/ta-3511002e6186 err="query tmux on /tmp/tmux-501/ta-3511002e6186: exit status 1: no server running on /tmp/tmux-501/ta-3511002e6186"
time=2026-08-09T16:50:42.142+08:00 level=DEBUG msg="discovery: skipping unreachable socket" socket=/tmp/tmux-501/ta-670fcfc61db1 err="query tmux on /tmp/tmux-501/ta-670fcfc61db1: exit status 1: no server running on /tmp/tmux-501/ta-670fcfc61db1"
time=2026-08-09T16:50:42.147+08:00 level=DEBUG msg="discovery: skipping unreachable socket" socket=/tmp/tmux-501/ta-70c4b0b3f1e4 err="query tmux on /tmp/tmux-501/ta-70c4b0b3f1e4: exit status 1: no server running on /tmp/tmux-501/ta-70c4b0b3f1e4"
time=2026-08-09T16:50:42.152+08:00 level=DEBUG msg="discovery: skipping unreachable socket" socket=/tmp/tmux-501/ta-714648f68f78 err="query tmux on /tmp/tmux-501/ta-714648f68f78: exit status 1: no server running on /tmp/tmux-501/ta-714648f68f78"
time=2026-08-09T16:50:42.157+08:00 level=DEBUG msg="discovery: skipping unreachable socket" socket=/tmp/tmux-501/ta-76d99a0fb54d err="query tmux on /tmp/tmux-501/ta-76d99a0fb54d: exit status 1: no server running on /tmp/tmux-501/ta-76d99a0fb54d"
time=2026-08-09T16:50:42.163+08:00 level=DEBUG msg="discovery: skipping unreachable socket" socket=/tmp/tmux-501/ta-7ac14129e93d err="query tmux on /tmp/tmux-501/ta-7ac14129e93d: exit status 1: no server running on /tmp/tmux-501/ta-7ac14129e93d"
time=2026-08-09T16:50:42.169+08:00 level=DEBUG msg="discovery: skipping unreachable socket" socket=/tmp/tmux-501/ta-7cf3455fc7ef err="query tmux on /tmp/tmux-501/ta-7cf3455fc7ef: exit status 1: no server running on /tmp/tmux-501/ta-7cf3455fc7ef"
time=2026-08-09T16:50:42.174+08:00 level=DEBUG msg="discovery: skipping unreachable socket" socket=/tmp/tmux-501/ta-8871c1b9bea8 err="query tmux on /tmp/tmux-501/ta-8871c1b9bea8: exit status 1: no server running on /tmp/tmux-501/ta-8871c1b9bea8"
time=2026-08-09T16:50:42.187+08:00 level=DEBUG msg="discovery: skipping unreachable socket" socket=/tmp/tmux-501/ta-8b4bfd4037e6 err="query tmux on /tmp/tmux-501/ta-8b4bfd4037e6: exit status 1: no server running on /tmp/tmux-501/ta-8b4bfd4037e6"
time=2026-08-09T16:50:42.192+08:00 level=DEBUG msg="discovery: skipping unreachable socket" socket=/tmp/tmux-501/ta-8f9301481b91 err="query tmux on /tmp/tmux-501/ta-8f9301481b91: exit status 1: no server running on /tmp/tmux-501/ta-8f9301481b91"
time=2026-08-09T16:50:42.198+08:00 level=DEBUG msg="discovery: skipping unreachable socket" socket=/tmp/tmux-501/ta-93b04f34a45d err="query tmux on /tmp/tmux-501/ta-93b04f34a45d: exit status 1: no server running on /tmp/tmux-501/ta-93b04f34a45d"
time=2026-08-09T16:50:42.217+08:00 level=DEBUG msg="discovery: skipping unreachable socket" socket=/tmp/tmux-501/ta-9f7ab2efc12e err="query tmux on /tmp/tmux-501/ta-9f7ab2efc12e: exit status 1: no server running on /tmp/tmux-501/ta-9f7ab2efc12e"
time=2026-08-09T16:50:42.223+08:00 level=DEBUG msg="discovery: skipping unreachable socket" socket=/tmp/tmux-501/ta-a389ed2be6d0 err="query tmux on /tmp/tmux-501/ta-a389ed2be6d0: exit status 1: no server running on /tmp/tmux-501/ta-a389ed2be6d0"
time=2026-08-09T16:50:42.264+08:00 level=DEBUG msg="discovery: skipping unreachable socket" socket=/tmp/tmux-501/ta-c16b1abaa054 err="query tmux on /tmp/tmux-501/ta-c16b1abaa054: exit status 1: no server running on /tmp/tmux-501/ta-c16b1abaa054"
time=2026-08-09T16:50:42.270+08:00 level=DEBUG msg="discovery: skipping unreachable socket" socket=/tmp/tmux-501/ta-d596a9f9a2a6 err="query tmux on /tmp/tmux-501/ta-d596a9f9a2a6: exit status 1: no server running on /tmp/tmux-501/ta-d596a9f9a2a6"
time=2026-08-09T16:50:42.281+08:00 level=DEBUG msg="discovery: skipping unreachable socket" socket=/tmp/tmux-501/ta-d9dc8c25f425 err="query tmux on /tmp/tmux-501/ta-d9dc8c25f425: exit status 1: no server running on /tmp/tmux-501/ta-d9dc8c25f425"
time=2026-08-09T16:50:42.287+08:00 level=DEBUG msg="discovery: skipping unreachable socket" socket=/tmp/tmux-501/ta-e4fe872351d8 err="query tmux on /tmp/tmux-501/ta-e4fe872351d8: exit status 1: no server running on /tmp/tmux-501/ta-e4fe872351d8"
time=2026-08-09T16:50:42.293+08:00 level=DEBUG msg="discovery: skipping unreachable socket" socket=/tmp/tmux-501/ta-e94aa181e16c err="query tmux on /tmp/tmux-501/ta-e94aa181e16c: exit status 1: no server running on /tmp/tmux-501/ta-e94aa181e16c"
time=2026-08-09T16:50:42.298+08:00 level=DEBUG msg="discovery: skipping unreachable socket" socket=/tmp/tmux-501/ta-ebf95952bfe3 err="query tmux on /tmp/tmux-501/ta-ebf95952bfe3: exit status 1: no server running on /tmp/tmux-501/ta-ebf95952bfe3"
time=2026-08-09T16:50:42.305+08:00 level=DEBUG msg="discovery: skipping unreachable socket" socket=/tmp/tmux-501/ta-fa2252466833 err="query tmux on /tmp/tmux-501/ta-fa2252466833: exit status 1: no server running on /tmp/tmux-501/ta-fa2252466833"
time=2026-08-09T16:50:42.806+08:00 level=DEBUG msg="discovery: skipping socket directory" dir=/tmp/e2e-l2.KhUMRL/tmux/tmux-501 err="open /tmp/e2e-l2.KhUMRL/tmux/tmux-501: no such file or directory"
time=2026-08-09T16:50:42.824+08:00 level=DEBUG msg="discovery: skipping unreachable socket" socket=/tmp/tmux-501/ta-0da65bceb372 err="query tmux on /tmp/tmux-501/ta-0da65bceb372: exit status 1: no server running on /tmp/tmux-501/ta-0da65bceb372"
time=2026-08-09T16:50:42.830+08:00 level=DEBUG msg="discovery: skipping unreachable socket" socket=/tmp/tmux-501/ta-15c65b37a04a err="query tmux on /tmp/tmux-501/ta-15c65b37a04a: exit status 1: no server running on /tmp/tmux-501/ta-15c65b37a04a"
time=2026-08-09T16:50:42.836+08:00 level=DEBUG msg="discovery: skipping unreachable socket" socket=/tmp/tmux-501/ta-192b3d7a4b4d err="query tmux on /tmp/tmux-501/ta-192b3d7a4b4d: exit status 1: no server running on /tmp/tmux-501/ta-192b3d7a4b4d"
time=2026-08-09T16:50:42.841+08:00 level=DEBUG msg="discovery: skipping unreachable socket" socket=/tmp/tmux-501/ta-19bab105a233 err="query tmux on /tmp/tmux-501/ta-19bab105a233: exit status 1: no server running on /tmp/tmux-501/ta-19bab105a233"
time=2026-08-09T16:50:42.846+08:00 level=DEBUG msg="discovery: skipping unreachable socket" socket=/tmp/tmux-501/ta-2183ff26eaba err="query tmux on /tmp/tmux-501/ta-2183ff26eaba: exit status 1: no server running on /tmp/tmux-501/ta-2183ff26eaba"
time=2026-08-09T16:50:42.858+08:00 level=DEBUG msg="discovery: skipping unreachable socket" socket=/tmp/tmux-501/ta-26c6cd55e88c err="query tmux on /tmp/tmux-501/ta-26c6cd55e88c: exit status 1: no server running on /tmp/tmux-501/ta-26c6cd55e88c"
time=2026-08-09T16:50:42.864+08:00 level=DEBUG msg="discovery: skipping unreachable socket" socket=/tmp/tmux-501/ta-27ae35442db0 err="query tmux on /tmp/tmux-501/ta-27ae35442db0: exit status 1: no server running on /tmp/tmux-501/ta-27ae35442db0"
time=2026-08-09T16:50:42.876+08:00 level=DEBUG msg="discovery: skipping unreachable socket" socket=/tmp/tmux-501/ta-29ad6c433fb0 err="query tmux on /tmp/tmux-501/ta-29ad6c433fb0: exit status 1: no server running on /tmp/tmux-501/ta-29ad6c433fb0"
time=2026-08-09T16:50:42.881+08:00 level=DEBUG msg="discovery: skipping unreachable socket" socket=/tmp/tmux-501/ta-2b2b0f6042c3 err="query tmux on /tmp/tmux-501/ta-2b2b0f6042c3: exit status 1: no server running on /tmp/tmux-501/ta-2b2b0f6042c3"
time=2026-08-09T16:50:42.887+08:00 level=DEBUG msg="discovery: skipping unreachable socket" socket=/tmp/tmux-501/ta-2d881fc24979 err="query tmux on /tmp/tmux-501/ta-2d881fc24979: exit status 1: no server running on /tmp/tmux-501/ta-2d881fc24979"
time=2026-08-09T16:50:42.893+08:00 level=DEBUG msg="discovery: skipping unreachable socket" socket=/tmp/tmux-501/ta-3511002e6186 err="query tmux on /tmp/tmux-501/ta-3511002e6186: exit status 1: no server running on /tmp/tmux-501/ta-3511002e6186"
time=2026-08-09T16:50:42.920+08:00 level=DEBUG msg="discovery: skipping unreachable socket" socket=/tmp/tmux-501/ta-670fcfc61db1 err="query tmux on /tmp/tmux-501/ta-670fcfc61db1: exit status 1: no server running on /tmp/tmux-501/ta-670fcfc61db1"
time=2026-08-09T16:50:42.926+08:00 level=DEBUG msg="discovery: skipping unreachable socket" socket=/tmp/tmux-501/ta-70c4b0b3f1e4 err="query tmux on /tmp/tmux-501/ta-70c4b0b3f1e4: exit status 1: no server running on /tmp/tmux-501/ta-70c4b0b3f1e4"
time=2026-08-09T16:50:42.931+08:00 level=DEBUG msg="discovery: skipping unreachable socket" socket=/tmp/tmux-501/ta-714648f68f78 err="query tmux on /tmp/tmux-501/ta-714648f68f78: exit status 1: no server running on /tmp/tmux-501/ta-714648f68f78"
time=2026-08-09T16:50:42.935+08:00 level=DEBUG msg="discovery: skipping unreachable socket" socket=/tmp/tmux-501/ta-76d99a0fb54d err="query tmux on /tmp/tmux-501/ta-76d99a0fb54d: exit status 1: no server running on /tmp/tmux-501/ta-76d99a0fb54d"
time=2026-08-09T16:50:42.940+08:00 level=DEBUG msg="discovery: skipping unreachable socket" socket=/tmp/tmux-501/ta-7ac14129e93d err="query tmux on /tmp/tmux-501/ta-7ac14129e93d: exit status 1: no server running on /tmp/tmux-501/ta-7ac14129e93d"
time=2026-08-09T16:50:42.946+08:00 level=DEBUG msg="discovery: skipping unreachable socket" socket=/tmp/tmux-501/ta-7cf3455fc7ef err="query tmux on /tmp/tmux-501/ta-7cf3455fc7ef: exit status 1: no server running on /tmp/tmux-501/ta-7cf3455fc7ef"
time=2026-08-09T16:50:42.952+08:00 level=DEBUG msg="discovery: skipping unreachable socket" socket=/tmp/tmux-501/ta-8871c1b9bea8 err="query tmux on /tmp/tmux-501/ta-8871c1b9bea8: exit status 1: no server running on /tmp/tmux-501/ta-8871c1b9bea8"
time=2026-08-09T16:50:42.963+08:00 level=DEBUG msg="discovery: skipping unreachable socket" socket=/tmp/tmux-501/ta-8b4bfd4037e6 err="query tmux on /tmp/tmux-501/ta-8b4bfd4037e6: exit status 1: no server running on /tmp/tmux-501/ta-8b4bfd4037e6"
time=2026-08-09T16:50:42.968+08:00 level=DEBUG msg="discovery: skipping unreachable socket" socket=/tmp/tmux-501/ta-8f9301481b91 err="query tmux on /tmp/tmux-501/ta-8f9301481b91: exit status 1: no server running on /tmp/tmux-501/ta-8f9301481b91"
time=2026-08-09T16:50:42.973+08:00 level=DEBUG msg="discovery: skipping unreachable socket" socket=/tmp/tmux-501/ta-93b04f34a45d err="query tmux on /tmp/tmux-501/ta-93b04f34a45d: exit status 1: no server running on /tmp/tmux-501/ta-93b04f34a45d"
time=2026-08-09T16:50:42.988+08:00 level=DEBUG msg="discovery: skipping unreachable socket" socket=/tmp/tmux-501/ta-9f7ab2efc12e err="query tmux on /tmp/tmux-501/ta-9f7ab2efc12e: exit status 1: no server running on /tmp/tmux-501/ta-9f7ab2efc12e"
time=2026-08-09T16:50:42.993+08:00 level=DEBUG msg="discovery: skipping unreachable socket" socket=/tmp/tmux-501/ta-a389ed2be6d0 err="query tmux on /tmp/tmux-501/ta-a389ed2be6d0: exit status 1: no server running on /tmp/tmux-501/ta-a389ed2be6d0"
time=2026-08-09T16:50:43.027+08:00 level=DEBUG msg="discovery: skipping unreachable socket" socket=/tmp/tmux-501/ta-c16b1abaa054 err="query tmux on /tmp/tmux-501/ta-c16b1abaa054: exit status 1: no server running on /tmp/tmux-501/ta-c16b1abaa054"
time=2026-08-09T16:50:43.033+08:00 level=DEBUG msg="discovery: skipping unreachable socket" socket=/tmp/tmux-501/ta-d596a9f9a2a6 err="query tmux on /tmp/tmux-501/ta-d596a9f9a2a6: exit status 1: no server running on /tmp/tmux-501/ta-d596a9f9a2a6"
time=2026-08-09T16:50:43.045+08:00 level=DEBUG msg="discovery: skipping unreachable socket" socket=/tmp/tmux-501/ta-d9dc8c25f425 err="query tmux on /tmp/tmux-501/ta-d9dc8c25f425: exit status 1: no server running on /tmp/tmux-501/ta-d9dc8c25f425"
time=2026-08-09T16:50:43.051+08:00 level=DEBUG msg="discovery: skipping unreachable socket" socket=/tmp/tmux-501/ta-e4fe872351d8 err="query tmux on /tmp/tmux-501/ta-e4fe872351d8: exit status 1: no server running on /tmp/tmux-501/ta-e4fe872351d8"
time=2026-08-09T16:50:43.056+08:00 level=DEBUG msg="discovery: skipping unreachable socket" socket=/tmp/tmux-501/ta-e94aa181e16c err="query tmux on /tmp/tmux-501/ta-e94aa181e16c: exit status 1: no server running on /tmp/tmux-501/ta-e94aa181e16c"
time=2026-08-09T16:50:43.062+08:00 level=DEBUG msg="discovery: skipping unreachable socket" socket=/tmp/tmux-501/ta-ebf95952bfe3 err="query tmux on /tmp/tmux-501/ta-ebf95952bfe3: exit status 1: no server running on /tmp/tmux-501/ta-ebf95952bfe3"
time=2026-08-09T16:50:43.067+08:00 level=DEBUG msg="discovery: skipping unreachable socket" socket=/tmp/tmux-501/ta-fa2252466833 err="query tmux on /tmp/tmux-501/ta-fa2252466833: exit status 1: no server running on /tmp/tmux-501/ta-fa2252466833"
time=2026-08-09T16:50:43.068+08:00 level=DEBUG msg="listing: no changes"
time=2026-08-09T16:50:43.569+08:00 level=DEBUG msg="discovery: skipping socket directory" dir=/tmp/e2e-l2.KhUMRL/tmux/tmux-501 err="open /tmp/e2e-l2.KhUMRL/tmux/tmux-501: no such file or directory"
time=2026-08-09T16:50:43.587+08:00 level=DEBUG msg="discovery: skipping unreachable socket" socket=/tmp/tmux-501/ta-0da65bceb372 err="query tmux on /tmp/tmux-501/ta-0da65bceb372: exit status 1: no server running on /tmp/tmux-501/ta-0da65bceb372"
time=2026-08-09T16:50:43.592+08:00 level=DEBUG msg="discovery: skipping unreachable socket" socket=/tmp/tmux-501/ta-15c65b37a04a err="query tmux on /tmp/tmux-501/ta-15c65b37a04a: exit status 1: no server running on /tmp/tmux-501/ta-15c65b37a04a"
time=2026-08-09T16:50:43.597+08:00 level=DEBUG msg="discovery: skipping unreachable socket" socket=/tmp/tmux-501/ta-192b3d7a4b4d err="query tmux on /tmp/tmux-501/ta-192b3d7a4b4d: exit status 1: no server running on /tmp/tmux-501/ta-192b3d7a4b4d"
time=2026-08-09T16:50:43.603+08:00 level=DEBUG msg="discovery: skipping unreachable socket" socket=/tmp/tmux-501/ta-19bab105a233 err="query tmux on /tmp/tmux-501/ta-19bab105a233: exit status 1: no server running on /tmp/tmux-501/ta-19bab105a233"
time=2026-08-09T16:50:43.609+08:00 level=DEBUG msg="discovery: skipping unreachable socket" socket=/tmp/tmux-501/ta-2183ff26eaba err="query tmux on /tmp/tmux-501/ta-2183ff26eaba: exit status 1: no server running on /tmp/tmux-501/ta-2183ff26eaba"
time=2026-08-09T16:50:43.620+08:00 level=DEBUG msg="discovery: skipping unreachable socket" socket=/tmp/tmux-501/ta-27ae35442db0 err="query tmux on /tmp/tmux-501/ta-27ae35442db0: exit status 1: no server running on /tmp/tmux-501/ta-27ae35442db0"
time=2026-08-09T16:50:43.633+08:00 level=DEBUG msg="discovery: skipping unreachable socket" socket=/tmp/tmux-501/ta-29ad6c433fb0 err="query tmux on /tmp/tmux-501/ta-29ad6c433fb0: exit status 1: no server running on /tmp/tmux-501/ta-29ad6c433fb0"
time=2026-08-09T16:50:43.638+08:00 level=DEBUG msg="discovery: skipping unreachable socket" socket=/tmp/tmux-501/ta-2b2b0f6042c3 err="query tmux on /tmp/tmux-501/ta-2b2b0f6042c3: exit status 1: no server running on /tmp/tmux-501/ta-2b2b0f6042c3"
time=2026-08-09T16:50:43.644+08:00 level=DEBUG msg="discovery: skipping unreachable socket" socket=/tmp/tmux-501/ta-2d881fc24979 err="query tmux on /tmp/tmux-501/ta-2d881fc24979: exit status 1: no server running on /tmp/tmux-501/ta-2d881fc24979"
time=2026-08-09T16:50:43.650+08:00 level=DEBUG msg="discovery: skipping unreachable socket" socket=/tmp/tmux-501/ta-3511002e6186 err="query tmux on /tmp/tmux-501/ta-3511002e6186: exit status 1: no server running on /tmp/tmux-501/ta-3511002e6186"
time=2026-08-09T16:50:43.693+08:00 level=DEBUG msg="discovery: skipping unreachable socket" socket=/tmp/tmux-501/ta-670fcfc61db1 err="query tmux on /tmp/tmux-501/ta-670fcfc61db1: exit status 1: no server running on /tmp/tmux-501/ta-670fcfc61db1"
time=2026-08-09T16:50:43.698+08:00 level=DEBUG msg="discovery: skipping unreachable socket" socket=/tmp/tmux-501/ta-70c4b0b3f1e4 err="query tmux on /tmp/tmux-501/ta-70c4b0b3f1e4: exit status 1: no server running on /tmp/tmux-501/ta-70c4b0b3f1e4"
time=2026-08-09T16:50:43.703+08:00 level=DEBUG msg="discovery: skipping unreachable socket" socket=/tmp/tmux-501/ta-714648f68f78 err="query tmux on /tmp/tmux-501/ta-714648f68f78: exit status 1: no server running on /tmp/tmux-501/ta-714648f68f78"
time=2026-08-09T16:50:43.708+08:00 level=DEBUG msg="discovery: skipping unreachable socket" socket=/tmp/tmux-501/ta-76d99a0fb54d err="query tmux on /tmp/tmux-501/ta-76d99a0fb54d: exit status 1: no server running on /tmp/tmux-501/ta-76d99a0fb54d"
time=2026-08-09T16:50:43.713+08:00 level=DEBUG msg="discovery: skipping unreachable socket" socket=/tmp/tmux-501/ta-7ac14129e93d err="query tmux on /tmp/tmux-501/ta-7ac14129e93d: exit status 1: no server running on /tmp/tmux-501/ta-7ac14129e93d"
time=2026-08-09T16:50:43.719+08:00 level=DEBUG msg="discovery: skipping unreachable socket" socket=/tmp/tmux-501/ta-7cf3455fc7ef err="query tmux on /tmp/tmux-501/ta-7cf3455fc7ef: exit status 1: no server running on /tmp/tmux-501/ta-7cf3455fc7ef"
time=2026-08-09T16:50:43.724+08:00 level=DEBUG msg="discovery: skipping unreachable socket" socket=/tmp/tmux-501/ta-8871c1b9bea8 err="query tmux on /tmp/tmux-501/ta-8871c1b9bea8: exit status 1: no server running on /tmp/tmux-501/ta-8871c1b9bea8"
time=2026-08-09T16:50:43.735+08:00 level=DEBUG msg="discovery: skipping unreachable socket" socket=/tmp/tmux-501/ta-8f9301481b91 err="query tmux on /tmp/tmux-501/ta-8f9301481b91: exit status 1: no server running on /tmp/tmux-501/ta-8f9301481b91"
time=2026-08-09T16:50:43.740+08:00 level=DEBUG msg="discovery: skipping unreachable socket" socket=/tmp/tmux-501/ta-93b04f34a45d err="query tmux on /tmp/tmux-501/ta-93b04f34a45d: exit status 1: no server running on /tmp/tmux-501/ta-93b04f34a45d"
time=2026-08-09T16:50:43.757+08:00 level=DEBUG msg="discovery: skipping unreachable socket" socket=/tmp/tmux-501/ta-9f7ab2efc12e err="query tmux on /tmp/tmux-501/ta-9f7ab2efc12e: exit status 1: no server running on /tmp/tmux-501/ta-9f7ab2efc12e"
time=2026-08-09T16:50:43.762+08:00 level=DEBUG msg="discovery: skipping unreachable socket" socket=/tmp/tmux-501/ta-a389ed2be6d0 err="query tmux on /tmp/tmux-501/ta-a389ed2be6d0: exit status 1: no server running on /tmp/tmux-501/ta-a389ed2be6d0"
time=2026-08-09T16:50:43.798+08:00 level=DEBUG msg="discovery: skipping unreachable socket" socket=/tmp/tmux-501/ta-c16b1abaa054 err="query tmux on /tmp/tmux-501/ta-c16b1abaa054: exit status 1: no server running on /tmp/tmux-501/ta-c16b1abaa054"
time=2026-08-09T16:50:43.805+08:00 level=DEBUG msg="discovery: skipping unreachable socket" socket=/tmp/tmux-501/ta-d596a9f9a2a6 err="query tmux on /tmp/tmux-501/ta-d596a9f9a2a6: exit status 1: no server running on /tmp/tmux-501/ta-d596a9f9a2a6"
time=2026-08-09T16:50:43.816+08:00 level=DEBUG msg="discovery: skipping unreachable socket" socket=/tmp/tmux-501/ta-d9dc8c25f425 err="query tmux on /tmp/tmux-501/ta-d9dc8c25f425: exit status 1: no server running on /tmp/tmux-501/ta-d9dc8c25f425"
time=2026-08-09T16:50:43.822+08:00 level=DEBUG msg="discovery: skipping unreachable socket" socket=/tmp/tmux-501/ta-e4fe872351d8 err="query tmux on /tmp/tmux-501/ta-e4fe872351d8: exit status 1: no server running on /tmp/tmux-501/ta-e4fe872351d8"
time=2026-08-09T16:50:43.828+08:00 level=DEBUG msg="discovery: skipping unreachable socket" socket=/tmp/tmux-501/ta-e94aa181e16c err="query tmux on /tmp/tmux-501/ta-e94aa181e16c: exit status 1: no server running on /tmp/tmux-501/ta-e94aa181e16c"
time=2026-08-09T16:50:43.834+08:00 level=DEBUG msg="discovery: skipping unreachable socket" socket=/tmp/tmux-501/ta-ebf95952bfe3 err="query tmux on /tmp/tmux-501/ta-ebf95952bfe3: exit status 1: no server running on /tmp/tmux-501/ta-ebf95952bfe3"
time=2026-08-09T16:50:43.840+08:00 level=DEBUG msg="discovery: skipping unreachable socket" socket=/tmp/tmux-501/ta-fa2252466833 err="query tmux on /tmp/tmux-501/ta-fa2252466833: exit status 1: no server running on /tmp/tmux-501/ta-fa2252466833"
time=2026-08-09T16:50:43.847+08:00 level=DEBUG msg="state: sample failed" ref="/tmp/tmux-501/ta-58a73dc659fc\x1f%0" err="capture pane %0 on /tmp/tmux-501/ta-58a73dc659fc: exit status 1"
time=2026-08-09T16:50:44.341+08:00 level=DEBUG msg="discovery: skipping socket directory" dir=/tmp/e2e-l2.KhUMRL/tmux/tmux-501 err="open /tmp/e2e-l2.KhUMRL/tmux/tmux-501: no such file or directory"
time=2026-08-09T16:50:44.360+08:00 level=DEBUG msg="discovery: skipping unreachable socket" socket=/tmp/tmux-501/ta-0da65bceb372 err="query tmux on /tmp/tmux-501/ta-0da65bceb372: exit status 1: no server running on /tmp/tmux-501/ta-0da65bceb372"
time=2026-08-09T16:50:44.366+08:00 level=DEBUG msg="discovery: skipping unreachable socket" socket=/tmp/tmux-501/ta-15c65b37a04a err="query tmux on /tmp/tmux-501/ta-15c65b37a04a: exit status 1: no server running on /tmp/tmux-501/ta-15c65b37a04a"
time=2026-08-09T16:50:44.371+08:00 level=DEBUG msg="discovery: skipping unreachable socket" socket=/tmp/tmux-501/ta-192b3d7a4b4d err="query tmux on /tmp/tmux-501/ta-192b3d7a4b4d: exit status 1: no server running on /tmp/tmux-501/ta-192b3d7a4b4d"
time=2026-08-09T16:50:44.377+08:00 level=DEBUG msg="discovery: skipping unreachable socket" socket=/tmp/tmux-501/ta-19bab105a233 err="query tmux on /tmp/tmux-501/ta-19bab105a233: exit status 1: no server running on /tmp/tmux-501/ta-19bab105a233"
time=2026-08-09T16:50:44.383+08:00 level=DEBUG msg="discovery: skipping unreachable socket" socket=/tmp/tmux-501/ta-2183ff26eaba err="query tmux on /tmp/tmux-501/ta-2183ff26eaba: exit status 1: no server running on /tmp/tmux-501/ta-2183ff26eaba"
time=2026-08-09T16:50:44.394+08:00 level=DEBUG msg="discovery: skipping unreachable socket" socket=/tmp/tmux-501/ta-27ae35442db0 err="query tmux on /tmp/tmux-501/ta-27ae35442db0: exit status 1: no server running on /tmp/tmux-501/ta-27ae35442db0"
time=2026-08-09T16:50:44.405+08:00 level=DEBUG msg="discovery: skipping unreachable socket" socket=/tmp/tmux-501/ta-29ad6c433fb0 err="query tmux on /tmp/tmux-501/ta-29ad6c433fb0: exit status 1: no server running on /tmp/tmux-501/ta-29ad6c433fb0"
time=2026-08-09T16:50:44.411+08:00 level=DEBUG msg="discovery: skipping unreachable socket" socket=/tmp/tmux-501/ta-2b2b0f6042c3 err="query tmux on /tmp/tmux-501/ta-2b2b0f6042c3: exit status 1: no server running on /tmp/tmux-501/ta-2b2b0f6042c3"
time=2026-08-09T16:50:44.416+08:00 level=DEBUG msg="discovery: skipping unreachable socket" socket=/tmp/tmux-501/ta-2d881fc24979 err="query tmux on /tmp/tmux-501/ta-2d881fc24979: exit status 1: no server running on /tmp/tmux-501/ta-2d881fc24979"
time=2026-08-09T16:50:44.422+08:00 level=DEBUG msg="discovery: skipping unreachable socket" socket=/tmp/tmux-501/ta-3511002e6186 err="query tmux on /tmp/tmux-501/ta-3511002e6186: exit status 1: no server running on /tmp/tmux-501/ta-3511002e6186"
time=2026-08-09T16:50:44.457+08:00 level=DEBUG msg="discovery: skipping unreachable socket" socket=/tmp/tmux-501/ta-670fcfc61db1 err="query tmux on /tmp/tmux-501/ta-670fcfc61db1: exit status 1: no server running on /tmp/tmux-501/ta-670fcfc61db1"
time=2026-08-09T16:50:44.463+08:00 level=DEBUG msg="discovery: skipping unreachable socket" socket=/tmp/tmux-501/ta-70c4b0b3f1e4 err="query tmux on /tmp/tmux-501/ta-70c4b0b3f1e4: exit status 1: no server running on /tmp/tmux-501/ta-70c4b0b3f1e4"
time=2026-08-09T16:50:44.469+08:00 level=DEBUG msg="discovery: skipping unreachable socket" socket=/tmp/tmux-501/ta-714648f68f78 err="query tmux on /tmp/tmux-501/ta-714648f68f78: exit status 1: no server running on /tmp/tmux-501/ta-714648f68f78"
time=2026-08-09T16:50:44.475+08:00 level=DEBUG msg="discovery: skipping unreachable socket" socket=/tmp/tmux-501/ta-76d99a0fb54d err="query tmux on /tmp/tmux-501/ta-76d99a0fb54d: exit status 1: no server running on /tmp/tmux-501/ta-76d99a0fb54d"
time=2026-08-09T16:50:44.482+08:00 level=DEBUG msg="discovery: skipping unreachable socket" socket=/tmp/tmux-501/ta-7ac14129e93d err="query tmux on /tmp/tmux-501/ta-7ac14129e93d: exit status 1: no server running on /tmp/tmux-501/ta-7ac14129e93d"
time=2026-08-09T16:50:44.487+08:00 level=DEBUG msg="discovery: skipping unreachable socket" socket=/tmp/tmux-501/ta-7cf3455fc7ef err="query tmux on /tmp/tmux-501/ta-7cf3455fc7ef: exit status 1: no server running on /tmp/tmux-501/ta-7cf3455fc7ef"
time=2026-08-09T16:50:44.494+08:00 level=DEBUG msg="discovery: skipping unreachable socket" socket=/tmp/tmux-501/ta-8871c1b9bea8 err="query tmux on /tmp/tmux-501/ta-8871c1b9bea8: exit status 1: no server running on /tmp/tmux-501/ta-8871c1b9bea8"
time=2026-08-09T16:50:44.505+08:00 level=DEBUG msg="discovery: skipping unreachable socket" socket=/tmp/tmux-501/ta-8f9301481b91 err="query tmux on /tmp/tmux-501/ta-8f9301481b91: exit status 1: no server running on /tmp/tmux-501/ta-8f9301481b91"
time=2026-08-09T16:50:44.511+08:00 level=DEBUG msg="discovery: skipping unreachable socket" socket=/tmp/tmux-501/ta-93b04f34a45d err="query tmux on /tmp/tmux-501/ta-93b04f34a45d: exit status 1: no server running on /tmp/tmux-501/ta-93b04f34a45d"
time=2026-08-09T16:50:44.529+08:00 level=DEBUG msg="discovery: skipping unreachable socket" socket=/tmp/tmux-501/ta-9f7ab2efc12e err="query tmux on /tmp/tmux-501/ta-9f7ab2efc12e: exit status 1: no server running on /tmp/tmux-501/ta-9f7ab2efc12e"
time=2026-08-09T16:50:44.535+08:00 level=DEBUG msg="discovery: skipping unreachable socket" socket=/tmp/tmux-501/ta-a389ed2be6d0 err="query tmux on /tmp/tmux-501/ta-a389ed2be6d0: exit status 1: no server running on /tmp/tmux-501/ta-a389ed2be6d0"
time=2026-08-09T16:50:44.572+08:00 level=DEBUG msg="discovery: skipping unreachable socket" socket=/tmp/tmux-501/ta-c16b1abaa054 err="query tmux on /tmp/tmux-501/ta-c16b1abaa054: exit status 1: no server running on /tmp/tmux-501/ta-c16b1abaa054"
time=2026-08-09T16:50:44.577+08:00 level=DEBUG msg="discovery: skipping unreachable socket" socket=/tmp/tmux-501/ta-c56ea5ba919b err="query tmux on /tmp/tmux-501/ta-c56ea5ba919b: exit status 1: no server running on /tmp/tmux-501/ta-c56ea5ba919b"
time=2026-08-09T16:50:44.584+08:00 level=DEBUG msg="discovery: skipping unreachable socket" socket=/tmp/tmux-501/ta-d596a9f9a2a6 err="query tmux on /tmp/tmux-501/ta-d596a9f9a2a6: exit status 1: no server running on /tmp/tmux-501/ta-d596a9f9a2a6"
time=2026-08-09T16:50:44.595+08:00 level=DEBUG msg="discovery: skipping unreachable socket" socket=/tmp/tmux-501/ta-d9dc8c25f425 err="query tmux on /tmp/tmux-501/ta-d9dc8c25f425: exit status 1: no server running on /tmp/tmux-501/ta-d9dc8c25f425"
time=2026-08-09T16:50:44.601+08:00 level=DEBUG msg="discovery: skipping unreachable socket" socket=/tmp/tmux-501/ta-e4fe872351d8 err="query tmux on /tmp/tmux-501/ta-e4fe872351d8: exit status 1: no server running on /tmp/tmux-501/ta-e4fe872351d8"
time=2026-08-09T16:50:44.607+08:00 level=DEBUG msg="discovery: skipping unreachable socket" socket=/tmp/tmux-501/ta-e94aa181e16c err="query tmux on /tmp/tmux-501/ta-e94aa181e16c: exit status 1: no server running on /tmp/tmux-501/ta-e94aa181e16c"
time=2026-08-09T16:50:44.620+08:00 level=DEBUG msg="discovery: skipping unreachable socket" socket=/tmp/tmux-501/ta-ebf95952bfe3 err="query tmux on /tmp/tmux-501/ta-ebf95952bfe3: exit status 1: no server running on /tmp/tmux-501/ta-ebf95952bfe3"
time=2026-08-09T16:50:44.626+08:00 level=DEBUG msg="discovery: skipping unreachable socket" socket=/tmp/tmux-501/ta-fa2252466833 err="query tmux on /tmp/tmux-501/ta-fa2252466833: exit status 1: no server running on /tmp/tmux-501/ta-fa2252466833"
time=2026-08-09T16:50:45.128+08:00 level=DEBUG msg="discovery: skipping socket directory" dir=/tmp/e2e-l2.KhUMRL/tmux/tmux-501 err="open /tmp/e2e-l2.KhUMRL/tmux/tmux-501: no such file or directory"
time=2026-08-09T16:50:45.148+08:00 level=DEBUG msg="discovery: skipping unreachable socket" socket=/tmp/tmux-501/ta-0da65bceb372 err="query tmux on /tmp/tmux-501/ta-0da65bceb372: exit status 1: no server running on /tmp/tmux-501/ta-0da65bceb372"
time=2026-08-09T16:50:45.154+08:00 level=DEBUG msg="discovery: skipping unreachable socket" socket=/tmp/tmux-501/ta-15c65b37a04a err="query tmux on /tmp/tmux-501/ta-15c65b37a04a: exit status 1: no server running on /tmp/tmux-501/ta-15c65b37a04a"
time=2026-08-09T16:50:45.160+08:00 level=DEBUG msg="discovery: skipping unreachable socket" socket=/tmp/tmux-501/ta-192b3d7a4b4d err="query tmux on /tmp/tmux-501/ta-192b3d7a4b4d: exit status 1: no server running on /tmp/tmux-501/ta-192b3d7a4b4d"
time=2026-08-09T16:50:45.166+08:00 level=DEBUG msg="discovery: skipping unreachable socket" socket=/tmp/tmux-501/ta-19bab105a233 err="query tmux on /tmp/tmux-501/ta-19bab105a233: exit status 1: no server running on /tmp/tmux-501/ta-19bab105a233"
time=2026-08-09T16:50:45.172+08:00 level=DEBUG msg="discovery: skipping unreachable socket" socket=/tmp/tmux-501/ta-2183ff26eaba err="query tmux on /tmp/tmux-501/ta-2183ff26eaba: exit status 1: no server running on /tmp/tmux-501/ta-2183ff26eaba"
time=2026-08-09T16:50:45.184+08:00 level=DEBUG msg="discovery: skipping unreachable socket" socket=/tmp/tmux-501/ta-27ae35442db0 err="query tmux on /tmp/tmux-501/ta-27ae35442db0: exit status 1: no server running on /tmp/tmux-501/ta-27ae35442db0"
time=2026-08-09T16:50:45.196+08:00 level=DEBUG msg="discovery: skipping unreachable socket" socket=/tmp/tmux-501/ta-29ad6c433fb0 err="query tmux on /tmp/tmux-501/ta-29ad6c433fb0: exit status 1: no server running on /tmp/tmux-501/ta-29ad6c433fb0"
time=2026-08-09T16:50:45.201+08:00 level=DEBUG msg="discovery: skipping unreachable socket" socket=/tmp/tmux-501/ta-2b2b0f6042c3 err="query tmux on /tmp/tmux-501/ta-2b2b0f6042c3: exit status 1: no server running on /tmp/tmux-501/ta-2b2b0f6042c3"
time=2026-08-09T16:50:45.206+08:00 level=DEBUG msg="discovery: skipping unreachable socket" socket=/tmp/tmux-501/ta-2d881fc24979 err="query tmux on /tmp/tmux-501/ta-2d881fc24979: exit status 1: no server running on /tmp/tmux-501/ta-2d881fc24979"
time=2026-08-09T16:50:45.212+08:00 level=DEBUG msg="discovery: skipping unreachable socket" socket=/tmp/tmux-501/ta-3511002e6186 err="query tmux on /tmp/tmux-501/ta-3511002e6186: exit status 1: no server running on /tmp/tmux-501/ta-3511002e6186"
time=2026-08-09T16:50:45.249+08:00 level=DEBUG msg="discovery: skipping unreachable socket" socket=/tmp/tmux-501/ta-670fcfc61db1 err="query tmux on /tmp/tmux-501/ta-670fcfc61db1: exit status 1: no server running on /tmp/tmux-501/ta-670fcfc61db1"
time=2026-08-09T16:50:45.255+08:00 level=DEBUG msg="discovery: skipping unreachable socket" socket=/tmp/tmux-501/ta-70c4b0b3f1e4 err="query tmux on /tmp/tmux-501/ta-70c4b0b3f1e4: exit status 1: no server running on /tmp/tmux-501/ta-70c4b0b3f1e4"
time=2026-08-09T16:50:45.260+08:00 level=DEBUG msg="discovery: skipping unreachable socket" socket=/tmp/tmux-501/ta-714648f68f78 err="query tmux on /tmp/tmux-501/ta-714648f68f78: exit status 1: no server running on /tmp/tmux-501/ta-714648f68f78"
time=2026-08-09T16:50:45.266+08:00 level=DEBUG msg="discovery: skipping unreachable socket" socket=/tmp/tmux-501/ta-76d99a0fb54d err="query tmux on /tmp/tmux-501/ta-76d99a0fb54d: exit status 1: no server running on /tmp/tmux-501/ta-76d99a0fb54d"
time=2026-08-09T16:50:45.271+08:00 level=DEBUG msg="discovery: skipping unreachable socket" socket=/tmp/tmux-501/ta-7ac14129e93d err="query tmux on /tmp/tmux-501/ta-7ac14129e93d: exit status 1: no server running on /tmp/tmux-501/ta-7ac14129e93d"
time=2026-08-09T16:50:45.277+08:00 level=DEBUG msg="discovery: skipping unreachable socket" socket=/tmp/tmux-501/ta-7cf3455fc7ef err="query tmux on /tmp/tmux-501/ta-7cf3455fc7ef: exit status 1: no server running on /tmp/tmux-501/ta-7cf3455fc7ef"
time=2026-08-09T16:50:45.282+08:00 level=DEBUG msg="discovery: skipping unreachable socket" socket=/tmp/tmux-501/ta-8871c1b9bea8 err="query tmux on /tmp/tmux-501/ta-8871c1b9bea8: exit status 1: no server running on /tmp/tmux-501/ta-8871c1b9bea8"
time=2026-08-09T16:50:45.294+08:00 level=DEBUG msg="discovery: skipping unreachable socket" socket=/tmp/tmux-501/ta-8f9301481b91 err="query tmux on /tmp/tmux-501/ta-8f9301481b91: exit status 1: no server running on /tmp/tmux-501/ta-8f9301481b91"
time=2026-08-09T16:50:45.299+08:00 level=DEBUG msg="discovery: skipping unreachable socket" socket=/tmp/tmux-501/ta-93b04f34a45d err="query tmux on /tmp/tmux-501/ta-93b04f34a45d: exit status 1: no server running on /tmp/tmux-501/ta-93b04f34a45d"
time=2026-08-09T16:50:45.316+08:00 level=DEBUG msg="discovery: skipping unreachable socket" socket=/tmp/tmux-501/ta-9f7ab2efc12e err="query tmux on /tmp/tmux-501/ta-9f7ab2efc12e: exit status 1: no server running on /tmp/tmux-501/ta-9f7ab2efc12e"
time=2026-08-09T16:50:45.322+08:00 level=DEBUG msg="discovery: skipping unreachable socket" socket=/tmp/tmux-501/ta-a389ed2be6d0 err="query tmux on /tmp/tmux-501/ta-a389ed2be6d0: exit status 1: no server running on /tmp/tmux-501/ta-a389ed2be6d0"
time=2026-08-09T16:50:45.359+08:00 level=DEBUG msg="discovery: skipping unreachable socket" socket=/tmp/tmux-501/ta-c16b1abaa054 err="query tmux on /tmp/tmux-501/ta-c16b1abaa054: exit status 1: no server running on /tmp/tmux-501/ta-c16b1abaa054"
time=2026-08-09T16:50:45.365+08:00 level=DEBUG msg="discovery: skipping unreachable socket" socket=/tmp/tmux-501/ta-c56ea5ba919b err="query tmux on /tmp/tmux-501/ta-c56ea5ba919b: exit status 1: no server running on /tmp/tmux-501/ta-c56ea5ba919b"
time=2026-08-09T16:50:45.370+08:00 level=DEBUG msg="discovery: skipping unreachable socket" socket=/tmp/tmux-501/ta-d596a9f9a2a6 err="query tmux on /tmp/tmux-501/ta-d596a9f9a2a6: exit status 1: no server running on /tmp/tmux-501/ta-d596a9f9a2a6"
time=2026-08-09T16:50:45.381+08:00 level=DEBUG msg="discovery: skipping unreachable socket" socket=/tmp/tmux-501/ta-d9dc8c25f425 err="query tmux on /tmp/tmux-501/ta-d9dc8c25f425: exit status 1: no server running on /tmp/tmux-501/ta-d9dc8c25f425"
time=2026-08-09T16:50:45.386+08:00 level=DEBUG msg="discovery: skipping unreachable socket" socket=/tmp/tmux-501/ta-e4fe872351d8 err="query tmux on /tmp/tmux-501/ta-e4fe872351d8: exit status 1: no server running on /tmp/tmux-501/ta-e4fe872351d8"
time=2026-08-09T16:50:45.392+08:00 level=DEBUG msg="discovery: skipping unreachable socket" socket=/tmp/tmux-501/ta-e94aa181e16c err="query tmux on /tmp/tmux-501/ta-e94aa181e16c: exit status 1: no server running on /tmp/tmux-501/ta-e94aa181e16c"
time=2026-08-09T16:50:45.397+08:00 level=DEBUG msg="discovery: skipping unreachable socket" socket=/tmp/tmux-501/ta-ebf95952bfe3 err="query tmux on /tmp/tmux-501/ta-ebf95952bfe3: exit status 1: no server running on /tmp/tmux-501/ta-ebf95952bfe3"
time=2026-08-09T16:50:45.402+08:00 level=DEBUG msg="discovery: skipping unreachable socket" socket=/tmp/tmux-501/ta-fa2252466833 err="query tmux on /tmp/tmux-501/ta-fa2252466833: exit status 1: no server running on /tmp/tmux-501/ta-fa2252466833"
time=2026-08-09T16:50:45.402+08:00 level=DEBUG msg="listing: no changes"
time=2026-08-09T16:50:45.903+08:00 level=DEBUG msg="discovery: skipping socket directory" dir=/tmp/e2e-l2.KhUMRL/tmux/tmux-501 err="open /tmp/e2e-l2.KhUMRL/tmux/tmux-501: no such file or directory"
time=2026-08-09T16:50:45.921+08:00 level=DEBUG msg="discovery: skipping unreachable socket" socket=/tmp/tmux-501/ta-0da65bceb372 err="query tmux on /tmp/tmux-501/ta-0da65bceb372: exit status 1: no server running on /tmp/tmux-501/ta-0da65bceb372"
time=2026-08-09T16:50:45.927+08:00 level=DEBUG msg="discovery: skipping unreachable socket" socket=/tmp/tmux-501/ta-15c65b37a04a err="query tmux on /tmp/tmux-501/ta-15c65b37a04a: exit status 1: no server running on /tmp/tmux-501/ta-15c65b37a04a"
time=2026-08-09T16:50:45.933+08:00 level=DEBUG msg="discovery: skipping unreachable socket" socket=/tmp/tmux-501/ta-192b3d7a4b4d err="query tmux on /tmp/tmux-501/ta-192b3d7a4b4d: exit status 1: no server running on /tmp/tmux-501/ta-192b3d7a4b4d"
time=2026-08-09T16:50:45.938+08:00 level=DEBUG msg="discovery: skipping unreachable socket" socket=/tmp/tmux-501/ta-19bab105a233 err="query tmux on /tmp/tmux-501/ta-19bab105a233: exit status 1: no server running on /tmp/tmux-501/ta-19bab105a233"
time=2026-08-09T16:50:45.944+08:00 level=DEBUG msg="discovery: skipping unreachable socket" socket=/tmp/tmux-501/ta-2183ff26eaba err="query tmux on /tmp/tmux-501/ta-2183ff26eaba: exit status 1: no server running on /tmp/tmux-501/ta-2183ff26eaba"
time=2026-08-09T16:50:45.954+08:00 level=DEBUG msg="discovery: skipping unreachable socket" socket=/tmp/tmux-501/ta-27ae35442db0 err="query tmux on /tmp/tmux-501/ta-27ae35442db0: exit status 1: no server running on /tmp/tmux-501/ta-27ae35442db0"
time=2026-08-09T16:50:45.965+08:00 level=DEBUG msg="discovery: skipping unreachable socket" socket=/tmp/tmux-501/ta-29ad6c433fb0 err="query tmux on /tmp/tmux-501/ta-29ad6c433fb0: exit status 1: no server running on /tmp/tmux-501/ta-29ad6c433fb0"
time=2026-08-09T16:50:45.970+08:00 level=DEBUG msg="discovery: skipping unreachable socket" socket=/tmp/tmux-501/ta-2b2b0f6042c3 err="query tmux on /tmp/tmux-501/ta-2b2b0f6042c3: exit status 1: no server running on /tmp/tmux-501/ta-2b2b0f6042c3"
time=2026-08-09T16:50:45.976+08:00 level=DEBUG msg="discovery: skipping unreachable socket" socket=/tmp/tmux-501/ta-2d881fc24979 err="query tmux on /tmp/tmux-501/ta-2d881fc24979: exit status 1: no server running on /tmp/tmux-501/ta-2d881fc24979"
time=2026-08-09T16:50:45.981+08:00 level=DEBUG msg="discovery: skipping unreachable socket" socket=/tmp/tmux-501/ta-3511002e6186 err="query tmux on /tmp/tmux-501/ta-3511002e6186: exit status 1: no server running on /tmp/tmux-501/ta-3511002e6186"
time=2026-08-09T16:50:46.011+08:00 level=DEBUG msg="discovery: skipping unreachable socket" socket=/tmp/tmux-501/ta-670fcfc61db1 err="query tmux on /tmp/tmux-501/ta-670fcfc61db1: exit status 1: no server running on /tmp/tmux-501/ta-670fcfc61db1"
time=2026-08-09T16:50:46.016+08:00 level=DEBUG msg="discovery: skipping unreachable socket" socket=/tmp/tmux-501/ta-70c4b0b3f1e4 err="query tmux on /tmp/tmux-501/ta-70c4b0b3f1e4: exit status 1: no server running on /tmp/tmux-501/ta-70c4b0b3f1e4"
time=2026-08-09T16:50:46.021+08:00 level=DEBUG msg="discovery: skipping unreachable socket" socket=/tmp/tmux-501/ta-714648f68f78 err="query tmux on /tmp/tmux-501/ta-714648f68f78: exit status 1: no server running on /tmp/tmux-501/ta-714648f68f78"
time=2026-08-09T16:50:46.027+08:00 level=DEBUG msg="discovery: skipping unreachable socket" socket=/tmp/tmux-501/ta-76d99a0fb54d err="query tmux on /tmp/tmux-501/ta-76d99a0fb54d: exit status 1: no server running on /tmp/tmux-501/ta-76d99a0fb54d"
time=2026-08-09T16:50:46.032+08:00 level=DEBUG msg="discovery: skipping unreachable socket" socket=/tmp/tmux-501/ta-7ac14129e93d err="query tmux on /tmp/tmux-501/ta-7ac14129e93d: exit status 1: no server running on /tmp/tmux-501/ta-7ac14129e93d"
time=2026-08-09T16:50:46.038+08:00 level=DEBUG msg="discovery: skipping unreachable socket" socket=/tmp/tmux-501/ta-7cf3455fc7ef err="query tmux on /tmp/tmux-501/ta-7cf3455fc7ef: exit status 1: no server running on /tmp/tmux-501/ta-7cf3455fc7ef"
time=2026-08-09T16:50:46.043+08:00 level=DEBUG msg="discovery: skipping unreachable socket" socket=/tmp/tmux-501/ta-8871c1b9bea8 err="query tmux on /tmp/tmux-501/ta-8871c1b9bea8: exit status 1: no server running on /tmp/tmux-501/ta-8871c1b9bea8"
time=2026-08-09T16:50:46.054+08:00 level=DEBUG msg="discovery: skipping unreachable socket" socket=/tmp/tmux-501/ta-8f9301481b91 err="query tmux on /tmp/tmux-501/ta-8f9301481b91: exit status 1: no server running on /tmp/tmux-501/ta-8f9301481b91"
time=2026-08-09T16:50:46.060+08:00 level=DEBUG msg="discovery: skipping unreachable socket" socket=/tmp/tmux-501/ta-93b04f34a45d err="query tmux on /tmp/tmux-501/ta-93b04f34a45d: exit status 1: no server running on /tmp/tmux-501/ta-93b04f34a45d"
time=2026-08-09T16:50:46.077+08:00 level=DEBUG msg="discovery: skipping unreachable socket" socket=/tmp/tmux-501/ta-9f7ab2efc12e err="query tmux on /tmp/tmux-501/ta-9f7ab2efc12e: exit status 1: no server running on /tmp/tmux-501/ta-9f7ab2efc12e"
time=2026-08-09T16:50:46.083+08:00 level=DEBUG msg="discovery: skipping unreachable socket" socket=/tmp/tmux-501/ta-a389ed2be6d0 err="query tmux on /tmp/tmux-501/ta-a389ed2be6d0: exit status 1: no server running on /tmp/tmux-501/ta-a389ed2be6d0"
time=2026-08-09T16:50:46.117+08:00 level=DEBUG msg="discovery: skipping unreachable socket" socket=/tmp/tmux-501/ta-c0ad3320ca3f err="query tmux on /tmp/tmux-501/ta-c0ad3320ca3f: exit status 1: no server running on /tmp/tmux-501/ta-c0ad3320ca3f"
time=2026-08-09T16:50:46.122+08:00 level=DEBUG msg="discovery: skipping unreachable socket" socket=/tmp/tmux-501/ta-c16b1abaa054 err="query tmux on /tmp/tmux-501/ta-c16b1abaa054: exit status 1: no server running on /tmp/tmux-501/ta-c16b1abaa054"
time=2026-08-09T16:50:46.127+08:00 level=DEBUG msg="discovery: skipping unreachable socket" socket=/tmp/tmux-501/ta-d596a9f9a2a6 err="query tmux on /tmp/tmux-501/ta-d596a9f9a2a6: exit status 1: no server running on /tmp/tmux-501/ta-d596a9f9a2a6"
time=2026-08-09T16:50:46.138+08:00 level=DEBUG msg="discovery: skipping unreachable socket" socket=/tmp/tmux-501/ta-d9dc8c25f425 err="query tmux on /tmp/tmux-501/ta-d9dc8c25f425: exit status 1: no server running on /tmp/tmux-501/ta-d9dc8c25f425"
time=2026-08-09T16:50:46.144+08:00 level=DEBUG msg="discovery: skipping unreachable socket" socket=/tmp/tmux-501/ta-e4fe872351d8 err="query tmux on /tmp/tmux-501/ta-e4fe872351d8: exit status 1: no server running on /tmp/tmux-501/ta-e4fe872351d8"
time=2026-08-09T16:50:46.149+08:00 level=DEBUG msg="discovery: skipping unreachable socket" socket=/tmp/tmux-501/ta-e94aa181e16c err="query tmux on /tmp/tmux-501/ta-e94aa181e16c: exit status 1: no server running on /tmp/tmux-501/ta-e94aa181e16c"
time=2026-08-09T16:50:46.154+08:00 level=DEBUG msg="discovery: skipping unreachable socket" socket=/tmp/tmux-501/ta-ebf95952bfe3 err="query tmux on /tmp/tmux-501/ta-ebf95952bfe3: exit status 1: no server running on /tmp/tmux-501/ta-ebf95952bfe3"
time=2026-08-09T16:50:46.159+08:00 level=DEBUG msg="discovery: skipping unreachable socket" socket=/tmp/tmux-501/ta-fa2252466833 err="query tmux on /tmp/tmux-501/ta-fa2252466833: exit status 1: no server running on /tmp/tmux-501/ta-fa2252466833"
time=2026-08-09T16:50:46.159+08:00 level=DEBUG msg="listing: no changes"
time=2026-08-09T16:50:46.660+08:00 level=DEBUG msg="discovery: skipping socket directory" dir=/tmp/e2e-l2.KhUMRL/tmux/tmux-501 err="open /tmp/e2e-l2.KhUMRL/tmux/tmux-501: no such file or directory"
time=2026-08-09T16:50:46.676+08:00 level=DEBUG msg="discovery: skipping unreachable socket" socket=/tmp/tmux-501/ta-0da65bceb372 err="query tmux on /tmp/tmux-501/ta-0da65bceb372: exit status 1: no server running on /tmp/tmux-501/ta-0da65bceb372"
time=2026-08-09T16:50:46.682+08:00 level=DEBUG msg="discovery: skipping unreachable socket" socket=/tmp/tmux-501/ta-15c65b37a04a err="query tmux on /tmp/tmux-501/ta-15c65b37a04a: exit status 1: no server running on /tmp/tmux-501/ta-15c65b37a04a"
time=2026-08-09T16:50:46.687+08:00 level=DEBUG msg="discovery: skipping unreachable socket" socket=/tmp/tmux-501/ta-192b3d7a4b4d err="query tmux on /tmp/tmux-501/ta-192b3d7a4b4d: exit status 1: no server running on /tmp/tmux-501/ta-192b3d7a4b4d"
time=2026-08-09T16:50:46.693+08:00 level=DEBUG msg="discovery: skipping unreachable socket" socket=/tmp/tmux-501/ta-19bab105a233 err="query tmux on /tmp/tmux-501/ta-19bab105a233: exit status 1: no server running on /tmp/tmux-501/ta-19bab105a233"
time=2026-08-09T16:50:46.699+08:00 level=DEBUG msg="discovery: skipping unreachable socket" socket=/tmp/tmux-501/ta-2183ff26eaba err="query tmux on /tmp/tmux-501/ta-2183ff26eaba: exit status 1: no server running on /tmp/tmux-501/ta-2183ff26eaba"
time=2026-08-09T16:50:46.710+08:00 level=DEBUG msg="discovery: skipping unreachable socket" socket=/tmp/tmux-501/ta-27ae35442db0 err="query tmux on /tmp/tmux-501/ta-27ae35442db0: exit status 1: no server running on /tmp/tmux-501/ta-27ae35442db0"
time=2026-08-09T16:50:46.721+08:00 level=DEBUG msg="discovery: skipping unreachable socket" socket=/tmp/tmux-501/ta-29ad6c433fb0 err="query tmux on /tmp/tmux-501/ta-29ad6c433fb0: exit status 1: no server running on /tmp/tmux-501/ta-29ad6c433fb0"
time=2026-08-09T16:50:46.726+08:00 level=DEBUG msg="discovery: skipping unreachable socket" socket=/tmp/tmux-501/ta-2b2b0f6042c3 err="query tmux on /tmp/tmux-501/ta-2b2b0f6042c3: exit status 1: no server running on /tmp/tmux-501/ta-2b2b0f6042c3"
time=2026-08-09T16:50:46.732+08:00 level=DEBUG msg="discovery: skipping unreachable socket" socket=/tmp/tmux-501/ta-2d881fc24979 err="query tmux on /tmp/tmux-501/ta-2d881fc24979: exit status 1: no server running on /tmp/tmux-501/ta-2d881fc24979"
time=2026-08-09T16:50:46.737+08:00 level=DEBUG msg="discovery: skipping unreachable socket" socket=/tmp/tmux-501/ta-3511002e6186 err="query tmux on /tmp/tmux-501/ta-3511002e6186: exit status 1: no server running on /tmp/tmux-501/ta-3511002e6186"
time=2026-08-09T16:50:46.771+08:00 level=DEBUG msg="discovery: skipping unreachable socket" socket=/tmp/tmux-501/ta-670fcfc61db1 err="query tmux on /tmp/tmux-501/ta-670fcfc61db1: exit status 1: no server running on /tmp/tmux-501/ta-670fcfc61db1"
time=2026-08-09T16:50:46.776+08:00 level=DEBUG msg="discovery: skipping unreachable socket" socket=/tmp/tmux-501/ta-70c4b0b3f1e4 err="query tmux on /tmp/tmux-501/ta-70c4b0b3f1e4: exit status 1: no server running on /tmp/tmux-501/ta-70c4b0b3f1e4"
time=2026-08-09T16:50:46.781+08:00 level=DEBUG msg="discovery: skipping unreachable socket" socket=/tmp/tmux-501/ta-714648f68f78 err="query tmux on /tmp/tmux-501/ta-714648f68f78: exit status 1: no server running on /tmp/tmux-501/ta-714648f68f78"
time=2026-08-09T16:50:46.786+08:00 level=DEBUG msg="discovery: skipping unreachable socket" socket=/tmp/tmux-501/ta-76d99a0fb54d err="query tmux on /tmp/tmux-501/ta-76d99a0fb54d: exit status 1: no server running on /tmp/tmux-501/ta-76d99a0fb54d"
time=2026-08-09T16:50:46.791+08:00 level=DEBUG msg="discovery: skipping unreachable socket" socket=/tmp/tmux-501/ta-7ac14129e93d err="query tmux on /tmp/tmux-501/ta-7ac14129e93d: exit status 1: no server running on /tmp/tmux-501/ta-7ac14129e93d"
time=2026-08-09T16:50:46.797+08:00 level=DEBUG msg="discovery: skipping unreachable socket" socket=/tmp/tmux-501/ta-7cf3455fc7ef err="query tmux on /tmp/tmux-501/ta-7cf3455fc7ef: exit status 1: no server running on /tmp/tmux-501/ta-7cf3455fc7ef"
time=2026-08-09T16:50:46.802+08:00 level=DEBUG msg="discovery: skipping unreachable socket" socket=/tmp/tmux-501/ta-8871c1b9bea8 err="query tmux on /tmp/tmux-501/ta-8871c1b9bea8: exit status 1: no server running on /tmp/tmux-501/ta-8871c1b9bea8"
time=2026-08-09T16:50:46.813+08:00 level=DEBUG msg="discovery: skipping unreachable socket" socket=/tmp/tmux-501/ta-8f9301481b91 err="query tmux on /tmp/tmux-501/ta-8f9301481b91: exit status 1: no server running on /tmp/tmux-501/ta-8f9301481b91"
time=2026-08-09T16:50:46.819+08:00 level=DEBUG msg="discovery: skipping unreachable socket" socket=/tmp/tmux-501/ta-93b04f34a45d err="query tmux on /tmp/tmux-501/ta-93b04f34a45d: exit status 1: no server running on /tmp/tmux-501/ta-93b04f34a45d"
time=2026-08-09T16:50:46.836+08:00 level=DEBUG msg="discovery: skipping unreachable socket" socket=/tmp/tmux-501/ta-9f7ab2efc12e err="query tmux on /tmp/tmux-501/ta-9f7ab2efc12e: exit status 1: no server running on /tmp/tmux-501/ta-9f7ab2efc12e"
time=2026-08-09T16:50:46.842+08:00 level=DEBUG msg="discovery: skipping unreachable socket" socket=/tmp/tmux-501/ta-a389ed2be6d0 err="query tmux on /tmp/tmux-501/ta-a389ed2be6d0: exit status 1: no server running on /tmp/tmux-501/ta-a389ed2be6d0"
time=2026-08-09T16:50:46.880+08:00 level=DEBUG msg="discovery: skipping unreachable socket" socket=/tmp/tmux-501/ta-c0ad3320ca3f err="query tmux on /tmp/tmux-501/ta-c0ad3320ca3f: exit status 1: no server running on /tmp/tmux-501/ta-c0ad3320ca3f"
time=2026-08-09T16:50:46.886+08:00 level=DEBUG msg="discovery: skipping unreachable socket" socket=/tmp/tmux-501/ta-c16b1abaa054 err="query tmux on /tmp/tmux-501/ta-c16b1abaa054: exit status 1: no server running on /tmp/tmux-501/ta-c16b1abaa054"
time=2026-08-09T16:50:46.892+08:00 level=DEBUG msg="discovery: skipping unreachable socket" socket=/tmp/tmux-501/ta-d596a9f9a2a6 err="query tmux on /tmp/tmux-501/ta-d596a9f9a2a6: exit status 1: no server running on /tmp/tmux-501/ta-d596a9f9a2a6"
time=2026-08-09T16:50:46.903+08:00 level=DEBUG msg="discovery: skipping unreachable socket" socket=/tmp/tmux-501/ta-d9dc8c25f425 err="query tmux on /tmp/tmux-501/ta-d9dc8c25f425: exit status 1: no server running on /tmp/tmux-501/ta-d9dc8c25f425"
time=2026-08-09T16:50:46.909+08:00 level=DEBUG msg="discovery: skipping unreachable socket" socket=/tmp/tmux-501/ta-e4fe872351d8 err="query tmux on /tmp/tmux-501/ta-e4fe872351d8: exit status 1: no server running on /tmp/tmux-501/ta-e4fe872351d8"
time=2026-08-09T16:50:46.915+08:00 level=DEBUG msg="discovery: skipping unreachable socket" socket=/tmp/tmux-501/ta-e94aa181e16c err="query tmux on /tmp/tmux-501/ta-e94aa181e16c: exit status 1: no server running on /tmp/tmux-501/ta-e94aa181e16c"
time=2026-08-09T16:50:46.921+08:00 level=DEBUG msg="discovery: skipping unreachable socket" socket=/tmp/tmux-501/ta-ebf95952bfe3 err="query tmux on /tmp/tmux-501/ta-ebf95952bfe3: exit status 1: no server running on /tmp/tmux-501/ta-ebf95952bfe3"
time=2026-08-09T16:50:46.927+08:00 level=DEBUG msg="discovery: skipping unreachable socket" socket=/tmp/tmux-501/ta-fa2252466833 err="query tmux on /tmp/tmux-501/ta-fa2252466833: exit status 1: no server running on /tmp/tmux-501/ta-fa2252466833"
time=2026-08-09T16:50:47.429+08:00 level=DEBUG msg="discovery: skipping socket directory" dir=/tmp/e2e-l2.KhUMRL/tmux/tmux-501 err="open /tmp/e2e-l2.KhUMRL/tmux/tmux-501: no such file or directory"
time=2026-08-09T16:50:47.448+08:00 level=DEBUG msg="discovery: skipping unreachable socket" socket=/tmp/tmux-501/ta-0da65bceb372 err="query tmux on /tmp/tmux-501/ta-0da65bceb372: exit status 1: no server running on /tmp/tmux-501/ta-0da65bceb372"
time=2026-08-09T16:50:47.453+08:00 level=DEBUG msg="discovery: skipping unreachable socket" socket=/tmp/tmux-501/ta-15c65b37a04a err="query tmux on /tmp/tmux-501/ta-15c65b37a04a: exit status 1: no server running on /tmp/tmux-501/ta-15c65b37a04a"
time=2026-08-09T16:50:47.459+08:00 level=DEBUG msg="discovery: skipping unreachable socket" socket=/tmp/tmux-501/ta-192b3d7a4b4d err="query tmux on /tmp/tmux-501/ta-192b3d7a4b4d: exit status 1: no server running on /tmp/tmux-501/ta-192b3d7a4b4d"
time=2026-08-09T16:50:47.463+08:00 level=DEBUG msg="discovery: skipping unreachable socket" socket=/tmp/tmux-501/ta-19bab105a233 err="query tmux on /tmp/tmux-501/ta-19bab105a233: exit status 1: no server running on /tmp/tmux-501/ta-19bab105a233"
time=2026-08-09T16:50:47.469+08:00 level=DEBUG msg="discovery: skipping unreachable socket" socket=/tmp/tmux-501/ta-2183ff26eaba err="query tmux on /tmp/tmux-501/ta-2183ff26eaba: exit status 1: no server running on /tmp/tmux-501/ta-2183ff26eaba"
time=2026-08-09T16:50:47.480+08:00 level=DEBUG msg="discovery: skipping unreachable socket" socket=/tmp/tmux-501/ta-27ae35442db0 err="query tmux on /tmp/tmux-501/ta-27ae35442db0: exit status 1: no server running on /tmp/tmux-501/ta-27ae35442db0"
time=2026-08-09T16:50:47.492+08:00 level=DEBUG msg="discovery: skipping unreachable socket" socket=/tmp/tmux-501/ta-29ad6c433fb0 err="query tmux on /tmp/tmux-501/ta-29ad6c433fb0: exit status 1: no server running on /tmp/tmux-501/ta-29ad6c433fb0"
time=2026-08-09T16:50:47.497+08:00 level=DEBUG msg="discovery: skipping unreachable socket" socket=/tmp/tmux-501/ta-2b2b0f6042c3 err="query tmux on /tmp/tmux-501/ta-2b2b0f6042c3: exit status 1: no server running on /tmp/tmux-501/ta-2b2b0f6042c3"
time=2026-08-09T16:50:47.502+08:00 level=DEBUG msg="discovery: skipping unreachable socket" socket=/tmp/tmux-501/ta-2d881fc24979 err="query tmux on /tmp/tmux-501/ta-2d881fc24979: exit status 1: no server running on /tmp/tmux-501/ta-2d881fc24979"
time=2026-08-09T16:50:47.507+08:00 level=DEBUG msg="discovery: skipping unreachable socket" socket=/tmp/tmux-501/ta-3511002e6186 err="query tmux on /tmp/tmux-501/ta-3511002e6186: exit status 1: no server running on /tmp/tmux-501/ta-3511002e6186"
time=2026-08-09T16:50:47.540+08:00 level=DEBUG msg="discovery: skipping unreachable socket" socket=/tmp/tmux-501/ta-670fcfc61db1 err="query tmux on /tmp/tmux-501/ta-670fcfc61db1: exit status 1: no server running on /tmp/tmux-501/ta-670fcfc61db1"
time=2026-08-09T16:50:47.545+08:00 level=DEBUG msg="discovery: skipping unreachable socket" socket=/tmp/tmux-501/ta-70c4b0b3f1e4 err="query tmux on /tmp/tmux-501/ta-70c4b0b3f1e4: exit status 1: no server running on /tmp/tmux-501/ta-70c4b0b3f1e4"
time=2026-08-09T16:50:47.550+08:00 level=DEBUG msg="discovery: skipping unreachable socket" socket=/tmp/tmux-501/ta-714648f68f78 err="query tmux on /tmp/tmux-501/ta-714648f68f78: exit status 1: no server running on /tmp/tmux-501/ta-714648f68f78"
time=2026-08-09T16:50:47.555+08:00 level=DEBUG msg="discovery: skipping unreachable socket" socket=/tmp/tmux-501/ta-76d99a0fb54d err="query tmux on /tmp/tmux-501/ta-76d99a0fb54d: exit status 1: no server running on /tmp/tmux-501/ta-76d99a0fb54d"
time=2026-08-09T16:50:47.561+08:00 level=DEBUG msg="discovery: skipping unreachable socket" socket=/tmp/tmux-501/ta-7ac14129e93d err="query tmux on /tmp/tmux-501/ta-7ac14129e93d: exit status 1: no server running on /tmp/tmux-501/ta-7ac14129e93d"
time=2026-08-09T16:50:47.566+08:00 level=DEBUG msg="discovery: skipping unreachable socket" socket=/tmp/tmux-501/ta-7cf3455fc7ef err="query tmux on /tmp/tmux-501/ta-7cf3455fc7ef: exit status 1: no server running on /tmp/tmux-501/ta-7cf3455fc7ef"
time=2026-08-09T16:50:47.571+08:00 level=DEBUG msg="discovery: skipping unreachable socket" socket=/tmp/tmux-501/ta-8871c1b9bea8 err="query tmux on /tmp/tmux-501/ta-8871c1b9bea8: exit status 1: no server running on /tmp/tmux-501/ta-8871c1b9bea8"
time=2026-08-09T16:50:47.582+08:00 level=DEBUG msg="discovery: skipping unreachable socket" socket=/tmp/tmux-501/ta-8f9301481b91 err="query tmux on /tmp/tmux-501/ta-8f9301481b91: exit status 1: no server running on /tmp/tmux-501/ta-8f9301481b91"
time=2026-08-09T16:50:47.588+08:00 level=DEBUG msg="discovery: skipping unreachable socket" socket=/tmp/tmux-501/ta-93b04f34a45d err="query tmux on /tmp/tmux-501/ta-93b04f34a45d: exit status 1: no server running on /tmp/tmux-501/ta-93b04f34a45d"
time=2026-08-09T16:50:47.604+08:00 level=DEBUG msg="discovery: skipping unreachable socket" socket=/tmp/tmux-501/ta-9f7ab2efc12e err="query tmux on /tmp/tmux-501/ta-9f7ab2efc12e: exit status 1: no server running on /tmp/tmux-501/ta-9f7ab2efc12e"
time=2026-08-09T16:50:47.610+08:00 level=DEBUG msg="discovery: skipping unreachable socket" socket=/tmp/tmux-501/ta-a389ed2be6d0 err="query tmux on /tmp/tmux-501/ta-a389ed2be6d0: exit status 1: no server running on /tmp/tmux-501/ta-a389ed2be6d0"
time=2026-08-09T16:50:47.645+08:00 level=DEBUG msg="discovery: skipping unreachable socket" socket=/tmp/tmux-501/ta-c16b1abaa054 err="query tmux on /tmp/tmux-501/ta-c16b1abaa054: exit status 1: no server running on /tmp/tmux-501/ta-c16b1abaa054"
time=2026-08-09T16:50:47.650+08:00 level=DEBUG msg="discovery: skipping unreachable socket" socket=/tmp/tmux-501/ta-d596a9f9a2a6 err="query tmux on /tmp/tmux-501/ta-d596a9f9a2a6: exit status 1: no server running on /tmp/tmux-501/ta-d596a9f9a2a6"
time=2026-08-09T16:50:47.667+08:00 level=DEBUG msg="discovery: skipping unreachable socket" socket=/tmp/tmux-501/ta-d9dc8c25f425 err="query tmux on /tmp/tmux-501/ta-d9dc8c25f425: exit status 1: no server running on /tmp/tmux-501/ta-d9dc8c25f425"
time=2026-08-09T16:50:47.673+08:00 level=DEBUG msg="discovery: skipping unreachable socket" socket=/tmp/tmux-501/ta-e4fe872351d8 err="query tmux on /tmp/tmux-501/ta-e4fe872351d8: exit status 1: no server running on /tmp/tmux-501/ta-e4fe872351d8"
time=2026-08-09T16:50:47.680+08:00 level=DEBUG msg="discovery: skipping unreachable socket" socket=/tmp/tmux-501/ta-e94aa181e16c err="query tmux on /tmp/tmux-501/ta-e94aa181e16c: exit status 1: no server running on /tmp/tmux-501/ta-e94aa181e16c"
time=2026-08-09T16:50:47.685+08:00 level=DEBUG msg="discovery: skipping unreachable socket" socket=/tmp/tmux-501/ta-ebf95952bfe3 err="query tmux on /tmp/tmux-501/ta-ebf95952bfe3: exit status 1: no server running on /tmp/tmux-501/ta-ebf95952bfe3"
time=2026-08-09T16:50:47.690+08:00 level=DEBUG msg="discovery: skipping unreachable socket" socket=/tmp/tmux-501/ta-fa2252466833 err="query tmux on /tmp/tmux-501/ta-fa2252466833: exit status 1: no server running on /tmp/tmux-501/ta-fa2252466833"
time=2026-08-09T16:50:47.690+08:00 level=DEBUG msg="listing: no changes"
time=2026-08-09T16:50:48.192+08:00 level=DEBUG msg="discovery: skipping socket directory" dir=/tmp/e2e-l2.KhUMRL/tmux/tmux-501 err="open /tmp/e2e-l2.KhUMRL/tmux/tmux-501: no such file or directory"
time=2026-08-09T16:50:48.209+08:00 level=DEBUG msg="discovery: skipping unreachable socket" socket=/tmp/tmux-501/ta-0da65bceb372 err="query tmux on /tmp/tmux-501/ta-0da65bceb372: exit status 1: no server running on /tmp/tmux-501/ta-0da65bceb372"
time=2026-08-09T16:50:48.215+08:00 level=DEBUG msg="discovery: skipping unreachable socket" socket=/tmp/tmux-501/ta-15c65b37a04a err="query tmux on /tmp/tmux-501/ta-15c65b37a04a: exit status 1: no server running on /tmp/tmux-501/ta-15c65b37a04a"
time=2026-08-09T16:50:48.220+08:00 level=DEBUG msg="discovery: skipping unreachable socket" socket=/tmp/tmux-501/ta-192b3d7a4b4d err="query tmux on /tmp/tmux-501/ta-192b3d7a4b4d: exit status 1: no server running on /tmp/tmux-501/ta-192b3d7a4b4d"
time=2026-08-09T16:50:48.226+08:00 level=DEBUG msg="discovery: skipping unreachable socket" socket=/tmp/tmux-501/ta-19bab105a233 err="query tmux on /tmp/tmux-501/ta-19bab105a233: exit status 1: no server running on /tmp/tmux-501/ta-19bab105a233"
time=2026-08-09T16:50:48.231+08:00 level=DEBUG msg="discovery: skipping unreachable socket" socket=/tmp/tmux-501/ta-2183ff26eaba err="query tmux on /tmp/tmux-501/ta-2183ff26eaba: exit status 1: no server running on /tmp/tmux-501/ta-2183ff26eaba"
time=2026-08-09T16:50:48.242+08:00 level=DEBUG msg="discovery: skipping unreachable socket" socket=/tmp/tmux-501/ta-27ae35442db0 err="query tmux on /tmp/tmux-501/ta-27ae35442db0: exit status 1: no server running on /tmp/tmux-501/ta-27ae35442db0"
time=2026-08-09T16:50:48.253+08:00 level=DEBUG msg="discovery: skipping unreachable socket" socket=/tmp/tmux-501/ta-29ad6c433fb0 err="query tmux on /tmp/tmux-501/ta-29ad6c433fb0: exit status 1: no server running on /tmp/tmux-501/ta-29ad6c433fb0"
time=2026-08-09T16:50:48.259+08:00 level=DEBUG msg="discovery: skipping unreachable socket" socket=/tmp/tmux-501/ta-2b2b0f6042c3 err="query tmux on /tmp/tmux-501/ta-2b2b0f6042c3: exit status 1: no server running on /tmp/tmux-501/ta-2b2b0f6042c3"
time=2026-08-09T16:50:48.264+08:00 level=DEBUG msg="discovery: skipping unreachable socket" socket=/tmp/tmux-501/ta-2d881fc24979 err="query tmux on /tmp/tmux-501/ta-2d881fc24979: exit status 1: no server running on /tmp/tmux-501/ta-2d881fc24979"
time=2026-08-09T16:50:48.269+08:00 level=DEBUG msg="discovery: skipping unreachable socket" socket=/tmp/tmux-501/ta-34be251f533b err="query tmux on /tmp/tmux-501/ta-34be251f533b: exit status 1: no server running on /tmp/tmux-501/ta-34be251f533b"
time=2026-08-09T16:50:48.275+08:00 level=DEBUG msg="discovery: skipping unreachable socket" socket=/tmp/tmux-501/ta-3511002e6186 err="query tmux on /tmp/tmux-501/ta-3511002e6186: exit status 1: no server running on /tmp/tmux-501/ta-3511002e6186"
time=2026-08-09T16:50:48.309+08:00 level=DEBUG msg="discovery: skipping unreachable socket" socket=/tmp/tmux-501/ta-670fcfc61db1 err="query tmux on /tmp/tmux-501/ta-670fcfc61db1: exit status 1: no server running on /tmp/tmux-501/ta-670fcfc61db1"
time=2026-08-09T16:50:48.314+08:00 level=DEBUG msg="discovery: skipping unreachable socket" socket=/tmp/tmux-501/ta-70c4b0b3f1e4 err="query tmux on /tmp/tmux-501/ta-70c4b0b3f1e4: exit status 1: no server running on /tmp/tmux-501/ta-70c4b0b3f1e4"
time=2026-08-09T16:50:48.319+08:00 level=DEBUG msg="discovery: skipping unreachable socket" socket=/tmp/tmux-501/ta-714648f68f78 err="query tmux on /tmp/tmux-501/ta-714648f68f78: exit status 1: no server running on /tmp/tmux-501/ta-714648f68f78"
time=2026-08-09T16:50:48.325+08:00 level=DEBUG msg="discovery: skipping unreachable socket" socket=/tmp/tmux-501/ta-76d99a0fb54d err="query tmux on /tmp/tmux-501/ta-76d99a0fb54d: exit status 1: no server running on /tmp/tmux-501/ta-76d99a0fb54d"
time=2026-08-09T16:50:48.330+08:00 level=DEBUG msg="discovery: skipping unreachable socket" socket=/tmp/tmux-501/ta-7ac14129e93d err="query tmux on /tmp/tmux-501/ta-7ac14129e93d: exit status 1: no server running on /tmp/tmux-501/ta-7ac14129e93d"
time=2026-08-09T16:50:48.335+08:00 level=DEBUG msg="discovery: skipping unreachable socket" socket=/tmp/tmux-501/ta-7cf3455fc7ef err="query tmux on /tmp/tmux-501/ta-7cf3455fc7ef: exit status 1: no server running on /tmp/tmux-501/ta-7cf3455fc7ef"
time=2026-08-09T16:50:48.340+08:00 level=DEBUG msg="discovery: skipping unreachable socket" socket=/tmp/tmux-501/ta-8871c1b9bea8 err="query tmux on /tmp/tmux-501/ta-8871c1b9bea8: exit status 1: no server running on /tmp/tmux-501/ta-8871c1b9bea8"
time=2026-08-09T16:50:48.351+08:00 level=DEBUG msg="discovery: skipping unreachable socket" socket=/tmp/tmux-501/ta-8f9301481b91 err="query tmux on /tmp/tmux-501/ta-8f9301481b91: exit status 1: no server running on /tmp/tmux-501/ta-8f9301481b91"
time=2026-08-09T16:50:48.356+08:00 level=DEBUG msg="discovery: skipping unreachable socket" socket=/tmp/tmux-501/ta-93b04f34a45d err="query tmux on /tmp/tmux-501/ta-93b04f34a45d: exit status 1: no server running on /tmp/tmux-501/ta-93b04f34a45d"
time=2026-08-09T16:50:48.373+08:00 level=DEBUG msg="discovery: skipping unreachable socket" socket=/tmp/tmux-501/ta-9f7ab2efc12e err="query tmux on /tmp/tmux-501/ta-9f7ab2efc12e: exit status 1: no server running on /tmp/tmux-501/ta-9f7ab2efc12e"
time=2026-08-09T16:50:48.379+08:00 level=DEBUG msg="discovery: skipping unreachable socket" socket=/tmp/tmux-501/ta-a389ed2be6d0 err="query tmux on /tmp/tmux-501/ta-a389ed2be6d0: exit status 1: no server running on /tmp/tmux-501/ta-a389ed2be6d0"
time=2026-08-09T16:50:48.413+08:00 level=DEBUG msg="discovery: skipping unreachable socket" socket=/tmp/tmux-501/ta-c16b1abaa054 err="query tmux on /tmp/tmux-501/ta-c16b1abaa054: exit status 1: no server running on /tmp/tmux-501/ta-c16b1abaa054"
time=2026-08-09T16:50:48.419+08:00 level=DEBUG msg="discovery: skipping unreachable socket" socket=/tmp/tmux-501/ta-d596a9f9a2a6 err="query tmux on /tmp/tmux-501/ta-d596a9f9a2a6: exit status 1: no server running on /tmp/tmux-501/ta-d596a9f9a2a6"
time=2026-08-09T16:50:48.430+08:00 level=DEBUG msg="discovery: skipping unreachable socket" socket=/tmp/tmux-501/ta-d9dc8c25f425 err="query tmux on /tmp/tmux-501/ta-d9dc8c25f425: exit status 1: no server running on /tmp/tmux-501/ta-d9dc8c25f425"
time=2026-08-09T16:50:48.437+08:00 level=DEBUG msg="discovery: skipping unreachable socket" socket=/tmp/tmux-501/ta-e4fe872351d8 err="query tmux on /tmp/tmux-501/ta-e4fe872351d8: exit status 1: no server running on /tmp/tmux-501/ta-e4fe872351d8"
time=2026-08-09T16:50:48.442+08:00 level=DEBUG msg="discovery: skipping unreachable socket" socket=/tmp/tmux-501/ta-e94aa181e16c err="query tmux on /tmp/tmux-501/ta-e94aa181e16c: exit status 1: no server running on /tmp/tmux-501/ta-e94aa181e16c"
time=2026-08-09T16:50:48.447+08:00 level=DEBUG msg="discovery: skipping unreachable socket" socket=/tmp/tmux-501/ta-ebf95952bfe3 err="query tmux on /tmp/tmux-501/ta-ebf95952bfe3: exit status 1: no server running on /tmp/tmux-501/ta-ebf95952bfe3"
time=2026-08-09T16:50:48.453+08:00 level=DEBUG msg="discovery: skipping unreachable socket" socket=/tmp/tmux-501/ta-fa2252466833 err="query tmux on /tmp/tmux-501/ta-fa2252466833: exit status 1: no server running on /tmp/tmux-501/ta-fa2252466833"
time=2026-08-09T16:50:48.454+08:00 level=DEBUG msg="listing: no changes"
time=2026-08-09T16:50:48.955+08:00 level=DEBUG msg="discovery: skipping socket directory" dir=/tmp/e2e-l2.KhUMRL/tmux/tmux-501 err="open /tmp/e2e-l2.KhUMRL/tmux/tmux-501: no such file or directory"
time=2026-08-09T16:50:48.972+08:00 level=DEBUG msg="discovery: skipping unreachable socket" socket=/tmp/tmux-501/ta-0da65bceb372 err="query tmux on /tmp/tmux-501/ta-0da65bceb372: exit status 1: no server running on /tmp/tmux-501/ta-0da65bceb372"
time=2026-08-09T16:50:48.977+08:00 level=DEBUG msg="discovery: skipping unreachable socket" socket=/tmp/tmux-501/ta-15c65b37a04a err="query tmux on /tmp/tmux-501/ta-15c65b37a04a: exit status 1: no server running on /tmp/tmux-501/ta-15c65b37a04a"
time=2026-08-09T16:50:48.983+08:00 level=DEBUG msg="discovery: skipping unreachable socket" socket=/tmp/tmux-501/ta-192b3d7a4b4d err="query tmux on /tmp/tmux-501/ta-192b3d7a4b4d: exit status 1: no server running on /tmp/tmux-501/ta-192b3d7a4b4d"
time=2026-08-09T16:50:48.988+08:00 level=DEBUG msg="discovery: skipping unreachable socket" socket=/tmp/tmux-501/ta-19bab105a233 err="query tmux on /tmp/tmux-501/ta-19bab105a233: exit status 1: no server running on /tmp/tmux-501/ta-19bab105a233"
time=2026-08-09T16:50:48.993+08:00 level=DEBUG msg="discovery: skipping unreachable socket" socket=/tmp/tmux-501/ta-2183ff26eaba err="query tmux on /tmp/tmux-501/ta-2183ff26eaba: exit status 1: no server running on /tmp/tmux-501/ta-2183ff26eaba"
time=2026-08-09T16:50:49.003+08:00 level=DEBUG msg="discovery: skipping unreachable socket" socket=/tmp/tmux-501/ta-27ae35442db0 err="query tmux on /tmp/tmux-501/ta-27ae35442db0: exit status 1: no server running on /tmp/tmux-501/ta-27ae35442db0"
time=2026-08-09T16:50:49.013+08:00 level=DEBUG msg="discovery: skipping unreachable socket" socket=/tmp/tmux-501/ta-29ad6c433fb0 err="query tmux on /tmp/tmux-501/ta-29ad6c433fb0: exit status 1: no server running on /tmp/tmux-501/ta-29ad6c433fb0"
time=2026-08-09T16:50:49.018+08:00 level=DEBUG msg="discovery: skipping unreachable socket" socket=/tmp/tmux-501/ta-2b2b0f6042c3 err="query tmux on /tmp/tmux-501/ta-2b2b0f6042c3: exit status 1: no server running on /tmp/tmux-501/ta-2b2b0f6042c3"
time=2026-08-09T16:50:49.024+08:00 level=DEBUG msg="discovery: skipping unreachable socket" socket=/tmp/tmux-501/ta-2d881fc24979 err="query tmux on /tmp/tmux-501/ta-2d881fc24979: exit status 1: no server running on /tmp/tmux-501/ta-2d881fc24979"
time=2026-08-09T16:50:49.029+08:00 level=DEBUG msg="discovery: skipping unreachable socket" socket=/tmp/tmux-501/ta-34be251f533b err="query tmux on /tmp/tmux-501/ta-34be251f533b: exit status 1: no server running on /tmp/tmux-501/ta-34be251f533b"
time=2026-08-09T16:50:49.034+08:00 level=DEBUG msg="discovery: skipping unreachable socket" socket=/tmp/tmux-501/ta-3511002e6186 err="query tmux on /tmp/tmux-501/ta-3511002e6186: exit status 1: no server running on /tmp/tmux-501/ta-3511002e6186"
time=2026-08-09T16:50:49.070+08:00 level=DEBUG msg="discovery: skipping unreachable socket" socket=/tmp/tmux-501/ta-670fcfc61db1 err="query tmux on /tmp/tmux-501/ta-670fcfc61db1: exit status 1: no server running on /tmp/tmux-501/ta-670fcfc61db1"
time=2026-08-09T16:50:49.075+08:00 level=DEBUG msg="discovery: skipping unreachable socket" socket=/tmp/tmux-501/ta-70c4b0b3f1e4 err="query tmux on /tmp/tmux-501/ta-70c4b0b3f1e4: exit status 1: no server running on /tmp/tmux-501/ta-70c4b0b3f1e4"
time=2026-08-09T16:50:49.080+08:00 level=DEBUG msg="discovery: skipping unreachable socket" socket=/tmp/tmux-501/ta-714648f68f78 err="query tmux on /tmp/tmux-501/ta-714648f68f78: exit status 1: no server running on /tmp/tmux-501/ta-714648f68f78"
time=2026-08-09T16:50:49.086+08:00 level=DEBUG msg="discovery: skipping unreachable socket" socket=/tmp/tmux-501/ta-76d99a0fb54d err="query tmux on /tmp/tmux-501/ta-76d99a0fb54d: exit status 1: no server running on /tmp/tmux-501/ta-76d99a0fb54d"
time=2026-08-09T16:50:49.091+08:00 level=DEBUG msg="discovery: skipping unreachable socket" socket=/tmp/tmux-501/ta-7ac14129e93d err="query tmux on /tmp/tmux-501/ta-7ac14129e93d: exit status 1: no server running on /tmp/tmux-501/ta-7ac14129e93d"
time=2026-08-09T16:50:49.096+08:00 level=DEBUG msg="discovery: skipping unreachable socket" socket=/tmp/tmux-501/ta-7cf3455fc7ef err="query tmux on /tmp/tmux-501/ta-7cf3455fc7ef: exit status 1: no server running on /tmp/tmux-501/ta-7cf3455fc7ef"
time=2026-08-09T16:50:49.102+08:00 level=DEBUG msg="discovery: skipping unreachable socket" socket=/tmp/tmux-501/ta-8871c1b9bea8 err="query tmux on /tmp/tmux-501/ta-8871c1b9bea8: exit status 1: no server running on /tmp/tmux-501/ta-8871c1b9bea8"
time=2026-08-09T16:50:49.112+08:00 level=DEBUG msg="discovery: skipping unreachable socket" socket=/tmp/tmux-501/ta-8f9301481b91 err="query tmux on /tmp/tmux-501/ta-8f9301481b91: exit status 1: no server running on /tmp/tmux-501/ta-8f9301481b91"
time=2026-08-09T16:50:49.117+08:00 level=DEBUG msg="discovery: skipping unreachable socket" socket=/tmp/tmux-501/ta-93b04f34a45d err="query tmux on /tmp/tmux-501/ta-93b04f34a45d: exit status 1: no server running on /tmp/tmux-501/ta-93b04f34a45d"
time=2026-08-09T16:50:49.134+08:00 level=DEBUG msg="discovery: skipping unreachable socket" socket=/tmp/tmux-501/ta-9f7ab2efc12e err="query tmux on /tmp/tmux-501/ta-9f7ab2efc12e: exit status 1: no server running on /tmp/tmux-501/ta-9f7ab2efc12e"
time=2026-08-09T16:50:49.139+08:00 level=DEBUG msg="discovery: skipping unreachable socket" socket=/tmp/tmux-501/ta-a389ed2be6d0 err="query tmux on /tmp/tmux-501/ta-a389ed2be6d0: exit status 1: no server running on /tmp/tmux-501/ta-a389ed2be6d0"
time=2026-08-09T16:50:49.171+08:00 level=DEBUG msg="discovery: skipping unreachable socket" socket=/tmp/tmux-501/ta-c16b1abaa054 err="query tmux on /tmp/tmux-501/ta-c16b1abaa054: exit status 1: no server running on /tmp/tmux-501/ta-c16b1abaa054"
time=2026-08-09T16:50:49.177+08:00 level=DEBUG msg="discovery: skipping unreachable socket" socket=/tmp/tmux-501/ta-d596a9f9a2a6 err="query tmux on /tmp/tmux-501/ta-d596a9f9a2a6: exit status 1: no server running on /tmp/tmux-501/ta-d596a9f9a2a6"
time=2026-08-09T16:50:49.189+08:00 level=DEBUG msg="discovery: skipping unreachable socket" socket=/tmp/tmux-501/ta-d9dc8c25f425 err="query tmux on /tmp/tmux-501/ta-d9dc8c25f425: exit status 1: no server running on /tmp/tmux-501/ta-d9dc8c25f425"
time=2026-08-09T16:50:49.194+08:00 level=DEBUG msg="discovery: skipping unreachable socket" socket=/tmp/tmux-501/ta-e4fe872351d8 err="query tmux on /tmp/tmux-501/ta-e4fe872351d8: exit status 1: no server running on /tmp/tmux-501/ta-e4fe872351d8"
time=2026-08-09T16:50:49.200+08:00 level=DEBUG msg="discovery: skipping unreachable socket" socket=/tmp/tmux-501/ta-e94aa181e16c err="query tmux on /tmp/tmux-501/ta-e94aa181e16c: exit status 1: no server running on /tmp/tmux-501/ta-e94aa181e16c"
time=2026-08-09T16:50:49.205+08:00 level=DEBUG msg="discovery: skipping unreachable socket" socket=/tmp/tmux-501/ta-ebf95952bfe3 err="query tmux on /tmp/tmux-501/ta-ebf95952bfe3: exit status 1: no server running on /tmp/tmux-501/ta-ebf95952bfe3"
time=2026-08-09T16:50:49.210+08:00 level=DEBUG msg="discovery: skipping unreachable socket" socket=/tmp/tmux-501/ta-fa2252466833 err="query tmux on /tmp/tmux-501/ta-fa2252466833: exit status 1: no server running on /tmp/tmux-501/ta-fa2252466833"
time=2026-08-09T16:50:49.210+08:00 level=DEBUG msg="listing: no changes"
time=2026-08-09T16:50:49.711+08:00 level=DEBUG msg="discovery: skipping socket directory" dir=/tmp/e2e-l2.KhUMRL/tmux/tmux-501 err="open /tmp/e2e-l2.KhUMRL/tmux/tmux-501: no such file or directory"
time=2026-08-09T16:50:49.730+08:00 level=DEBUG msg="discovery: skipping unreachable socket" socket=/tmp/tmux-501/ta-0da65bceb372 err="query tmux on /tmp/tmux-501/ta-0da65bceb372: exit status 1: no server running on /tmp/tmux-501/ta-0da65bceb372"
time=2026-08-09T16:50:49.735+08:00 level=DEBUG msg="discovery: skipping unreachable socket" socket=/tmp/tmux-501/ta-15c65b37a04a err="query tmux on /tmp/tmux-501/ta-15c65b37a04a: exit status 1: no server running on /tmp/tmux-501/ta-15c65b37a04a"
time=2026-08-09T16:50:49.740+08:00 level=DEBUG msg="discovery: skipping unreachable socket" socket=/tmp/tmux-501/ta-192b3d7a4b4d err="query tmux on /tmp/tmux-501/ta-192b3d7a4b4d: exit status 1: no server running on /tmp/tmux-501/ta-192b3d7a4b4d"
time=2026-08-09T16:50:49.745+08:00 level=DEBUG msg="discovery: skipping unreachable socket" socket=/tmp/tmux-501/ta-19bab105a233 err="query tmux on /tmp/tmux-501/ta-19bab105a233: exit status 1: no server running on /tmp/tmux-501/ta-19bab105a233"
time=2026-08-09T16:50:49.750+08:00 level=DEBUG msg="discovery: skipping unreachable socket" socket=/tmp/tmux-501/ta-2183ff26eaba err="query tmux on /tmp/tmux-501/ta-2183ff26eaba: exit status 1: no server running on /tmp/tmux-501/ta-2183ff26eaba"
time=2026-08-09T16:50:49.760+08:00 level=DEBUG msg="discovery: skipping unreachable socket" socket=/tmp/tmux-501/ta-27ae35442db0 err="query tmux on /tmp/tmux-501/ta-27ae35442db0: exit status 1: no server running on /tmp/tmux-501/ta-27ae35442db0"
time=2026-08-09T16:50:49.771+08:00 level=DEBUG msg="discovery: skipping unreachable socket" socket=/tmp/tmux-501/ta-29ad6c433fb0 err="query tmux on /tmp/tmux-501/ta-29ad6c433fb0: exit status 1: no server running on /tmp/tmux-501/ta-29ad6c433fb0"
time=2026-08-09T16:50:49.777+08:00 level=DEBUG msg="discovery: skipping unreachable socket" socket=/tmp/tmux-501/ta-2b2b0f6042c3 err="query tmux on /tmp/tmux-501/ta-2b2b0f6042c3: exit status 1: no server running on /tmp/tmux-501/ta-2b2b0f6042c3"
time=2026-08-09T16:50:49.782+08:00 level=DEBUG msg="discovery: skipping unreachable socket" socket=/tmp/tmux-501/ta-2d881fc24979 err="query tmux on /tmp/tmux-501/ta-2d881fc24979: exit status 1: no server running on /tmp/tmux-501/ta-2d881fc24979"
time=2026-08-09T16:50:49.787+08:00 level=DEBUG msg="discovery: skipping unreachable socket" socket=/tmp/tmux-501/ta-3511002e6186 err="query tmux on /tmp/tmux-501/ta-3511002e6186: exit status 1: no server running on /tmp/tmux-501/ta-3511002e6186"
time=2026-08-09T16:50:49.821+08:00 level=DEBUG msg="discovery: skipping unreachable socket" socket=/tmp/tmux-501/ta-670fcfc61db1 err="query tmux on /tmp/tmux-501/ta-670fcfc61db1: exit status 1: no server running on /tmp/tmux-501/ta-670fcfc61db1"
time=2026-08-09T16:50:49.826+08:00 level=DEBUG msg="discovery: skipping unreachable socket" socket=/tmp/tmux-501/ta-70c4b0b3f1e4 err="query tmux on /tmp/tmux-501/ta-70c4b0b3f1e4: exit status 1: no server running on /tmp/tmux-501/ta-70c4b0b3f1e4"
time=2026-08-09T16:50:49.832+08:00 level=DEBUG msg="discovery: skipping unreachable socket" socket=/tmp/tmux-501/ta-714648f68f78 err="query tmux on /tmp/tmux-501/ta-714648f68f78: exit status 1: no server running on /tmp/tmux-501/ta-714648f68f78"
time=2026-08-09T16:50:49.837+08:00 level=DEBUG msg="discovery: skipping unreachable socket" socket=/tmp/tmux-501/ta-76d99a0fb54d err="query tmux on /tmp/tmux-501/ta-76d99a0fb54d: exit status 1: no server running on /tmp/tmux-501/ta-76d99a0fb54d"
time=2026-08-09T16:50:49.843+08:00 level=DEBUG msg="discovery: skipping unreachable socket" socket=/tmp/tmux-501/ta-7ac14129e93d err="query tmux on /tmp/tmux-501/ta-7ac14129e93d: exit status 1: no server running on /tmp/tmux-501/ta-7ac14129e93d"
time=2026-08-09T16:50:49.849+08:00 level=DEBUG msg="discovery: skipping unreachable socket" socket=/tmp/tmux-501/ta-7cf3455fc7ef err="query tmux on /tmp/tmux-501/ta-7cf3455fc7ef: exit status 1: no server running on /tmp/tmux-501/ta-7cf3455fc7ef"
time=2026-08-09T16:50:49.854+08:00 level=DEBUG msg="discovery: skipping unreachable socket" socket=/tmp/tmux-501/ta-8871c1b9bea8 err="query tmux on /tmp/tmux-501/ta-8871c1b9bea8: exit status 1: no server running on /tmp/tmux-501/ta-8871c1b9bea8"
time=2026-08-09T16:50:49.865+08:00 level=DEBUG msg="discovery: skipping unreachable socket" socket=/tmp/tmux-501/ta-8f9301481b91 err="query tmux on /tmp/tmux-501/ta-8f9301481b91: exit status 1: no server running on /tmp/tmux-501/ta-8f9301481b91"
time=2026-08-09T16:50:49.870+08:00 level=DEBUG msg="discovery: skipping unreachable socket" socket=/tmp/tmux-501/ta-93b04f34a45d err="query tmux on /tmp/tmux-501/ta-93b04f34a45d: exit status 1: no server running on /tmp/tmux-501/ta-93b04f34a45d"
time=2026-08-09T16:50:49.885+08:00 level=DEBUG msg="discovery: skipping unreachable socket" socket=/tmp/tmux-501/ta-9f7ab2efc12e err="query tmux on /tmp/tmux-501/ta-9f7ab2efc12e: exit status 1: no server running on /tmp/tmux-501/ta-9f7ab2efc12e"
time=2026-08-09T16:50:49.891+08:00 level=DEBUG msg="discovery: skipping unreachable socket" socket=/tmp/tmux-501/ta-a389ed2be6d0 err="query tmux on /tmp/tmux-501/ta-a389ed2be6d0: exit status 1: no server running on /tmp/tmux-501/ta-a389ed2be6d0"
time=2026-08-09T16:50:49.924+08:00 level=DEBUG msg="discovery: skipping unreachable socket" socket=/tmp/tmux-501/ta-c16b1abaa054 err="query tmux on /tmp/tmux-501/ta-c16b1abaa054: exit status 1: no server running on /tmp/tmux-501/ta-c16b1abaa054"
time=2026-08-09T16:50:49.929+08:00 level=DEBUG msg="discovery: skipping unreachable socket" socket=/tmp/tmux-501/ta-d596a9f9a2a6 err="query tmux on /tmp/tmux-501/ta-d596a9f9a2a6: exit status 1: no server running on /tmp/tmux-501/ta-d596a9f9a2a6"
time=2026-08-09T16:50:49.939+08:00 level=DEBUG msg="discovery: skipping unreachable socket" socket=/tmp/tmux-501/ta-d9dc8c25f425 err="query tmux on /tmp/tmux-501/ta-d9dc8c25f425: exit status 1: no server running on /tmp/tmux-501/ta-d9dc8c25f425"
time=2026-08-09T16:50:49.944+08:00 level=DEBUG msg="discovery: skipping unreachable socket" socket=/tmp/tmux-501/ta-e4fe872351d8 err="query tmux on /tmp/tmux-501/ta-e4fe872351d8: exit status 1: no server running on /tmp/tmux-501/ta-e4fe872351d8"
time=2026-08-09T16:50:49.949+08:00 level=DEBUG msg="discovery: skipping unreachable socket" socket=/tmp/tmux-501/ta-e94aa181e16c err="query tmux on /tmp/tmux-501/ta-e94aa181e16c: exit status 1: no server running on /tmp/tmux-501/ta-e94aa181e16c"
time=2026-08-09T16:50:49.954+08:00 level=DEBUG msg="discovery: skipping unreachable socket" socket=/tmp/tmux-501/ta-ebf95952bfe3 err="query tmux on /tmp/tmux-501/ta-ebf95952bfe3: exit status 1: no server running on /tmp/tmux-501/ta-ebf95952bfe3"
time=2026-08-09T16:50:49.959+08:00 level=DEBUG msg="discovery: skipping unreachable socket" socket=/tmp/tmux-501/ta-fa2252466833 err="query tmux on /tmp/tmux-501/ta-fa2252466833: exit status 1: no server running on /tmp/tmux-501/ta-fa2252466833"
time=2026-08-09T16:50:49.960+08:00 level=DEBUG msg="listing: no changes"
time=2026-08-09T16:50:50.461+08:00 level=DEBUG msg="discovery: skipping socket directory" dir=/tmp/e2e-l2.KhUMRL/tmux/tmux-501 err="open /tmp/e2e-l2.KhUMRL/tmux/tmux-501: no such file or directory"
time=2026-08-09T16:50:50.478+08:00 level=DEBUG msg="discovery: skipping unreachable socket" socket=/tmp/tmux-501/ta-0da65bceb372 err="query tmux on /tmp/tmux-501/ta-0da65bceb372: exit status 1: no server running on /tmp/tmux-501/ta-0da65bceb372"
time=2026-08-09T16:50:50.484+08:00 level=DEBUG msg="discovery: skipping unreachable socket" socket=/tmp/tmux-501/ta-15c65b37a04a err="query tmux on /tmp/tmux-501/ta-15c65b37a04a: exit status 1: no server running on /tmp/tmux-501/ta-15c65b37a04a"
time=2026-08-09T16:50:50.489+08:00 level=DEBUG msg="discovery: skipping unreachable socket" socket=/tmp/tmux-501/ta-192b3d7a4b4d err="query tmux on /tmp/tmux-501/ta-192b3d7a4b4d: exit status 1: no server running on /tmp/tmux-501/ta-192b3d7a4b4d"
time=2026-08-09T16:50:50.495+08:00 level=DEBUG msg="discovery: skipping unreachable socket" socket=/tmp/tmux-501/ta-19bab105a233 err="query tmux on /tmp/tmux-501/ta-19bab105a233: exit status 1: no server running on /tmp/tmux-501/ta-19bab105a233"
time=2026-08-09T16:50:50.501+08:00 level=DEBUG msg="discovery: skipping unreachable socket" socket=/tmp/tmux-501/ta-2183ff26eaba err="query tmux on /tmp/tmux-501/ta-2183ff26eaba: exit status 1: no server running on /tmp/tmux-501/ta-2183ff26eaba"
time=2026-08-09T16:50:50.513+08:00 level=DEBUG msg="discovery: skipping unreachable socket" socket=/tmp/tmux-501/ta-27ae35442db0 err="query tmux on /tmp/tmux-501/ta-27ae35442db0: exit status 1: no server running on /tmp/tmux-501/ta-27ae35442db0"
time=2026-08-09T16:50:50.525+08:00 level=DEBUG msg="discovery: skipping unreachable socket" socket=/tmp/tmux-501/ta-29ad6c433fb0 err="query tmux on /tmp/tmux-501/ta-29ad6c433fb0: exit status 1: no server running on /tmp/tmux-501/ta-29ad6c433fb0"
time=2026-08-09T16:50:50.531+08:00 level=DEBUG msg="discovery: skipping unreachable socket" socket=/tmp/tmux-501/ta-2b2b0f6042c3 err="query tmux on /tmp/tmux-501/ta-2b2b0f6042c3: exit status 1: no server running on /tmp/tmux-501/ta-2b2b0f6042c3"
time=2026-08-09T16:50:50.537+08:00 level=DEBUG msg="discovery: skipping unreachable socket" socket=/tmp/tmux-501/ta-2d881fc24979 err="query tmux on /tmp/tmux-501/ta-2d881fc24979: exit status 1: no server running on /tmp/tmux-501/ta-2d881fc24979"
time=2026-08-09T16:50:50.543+08:00 level=DEBUG msg="discovery: skipping unreachable socket" socket=/tmp/tmux-501/ta-3511002e6186 err="query tmux on /tmp/tmux-501/ta-3511002e6186: exit status 1: no server running on /tmp/tmux-501/ta-3511002e6186"
time=2026-08-09T16:50:50.572+08:00 level=DEBUG msg="discovery: skipping unreachable socket" socket=/tmp/tmux-501/ta-58a73dc659fc err="query tmux on /tmp/tmux-501/ta-58a73dc659fc: exit status 1: no server running on /tmp/tmux-501/ta-58a73dc659fc"
time=2026-08-09T16:50:50.577+08:00 level=DEBUG msg="discovery: skipping unreachable socket" socket=/tmp/tmux-501/ta-670fcfc61db1 err="query tmux on /tmp/tmux-501/ta-670fcfc61db1: exit status 1: no server running on /tmp/tmux-501/ta-670fcfc61db1"
time=2026-08-09T16:50:50.583+08:00 level=DEBUG msg="discovery: skipping unreachable socket" socket=/tmp/tmux-501/ta-70c4b0b3f1e4 err="query tmux on /tmp/tmux-501/ta-70c4b0b3f1e4: exit status 1: no server running on /tmp/tmux-501/ta-70c4b0b3f1e4"
time=2026-08-09T16:50:50.589+08:00 level=DEBUG msg="discovery: skipping unreachable socket" socket=/tmp/tmux-501/ta-714648f68f78 err="query tmux on /tmp/tmux-501/ta-714648f68f78: exit status 1: no server running on /tmp/tmux-501/ta-714648f68f78"
time=2026-08-09T16:50:50.595+08:00 level=DEBUG msg="discovery: skipping unreachable socket" socket=/tmp/tmux-501/ta-76d99a0fb54d err="query tmux on /tmp/tmux-501/ta-76d99a0fb54d: exit status 1: no server running on /tmp/tmux-501/ta-76d99a0fb54d"
time=2026-08-09T16:50:50.601+08:00 level=DEBUG msg="discovery: skipping unreachable socket" socket=/tmp/tmux-501/ta-7ac14129e93d err="query tmux on /tmp/tmux-501/ta-7ac14129e93d: exit status 1: no server running on /tmp/tmux-501/ta-7ac14129e93d"
time=2026-08-09T16:50:50.606+08:00 level=DEBUG msg="discovery: skipping unreachable socket" socket=/tmp/tmux-501/ta-7cf3455fc7ef err="query tmux on /tmp/tmux-501/ta-7cf3455fc7ef: exit status 1: no server running on /tmp/tmux-501/ta-7cf3455fc7ef"
time=2026-08-09T16:50:50.619+08:00 level=DEBUG msg="discovery: skipping unreachable socket" socket=/tmp/tmux-501/ta-8871c1b9bea8 err="query tmux on /tmp/tmux-501/ta-8871c1b9bea8: exit status 1: no server running on /tmp/tmux-501/ta-8871c1b9bea8"
time=2026-08-09T16:50:50.639+08:00 level=DEBUG msg="discovery: skipping unreachable socket" socket=/tmp/tmux-501/ta-8f9301481b91 err="query tmux on /tmp/tmux-501/ta-8f9301481b91: exit status 1: no server running on /tmp/tmux-501/ta-8f9301481b91"
time=2026-08-09T16:50:50.645+08:00 level=DEBUG msg="discovery: skipping unreachable socket" socket=/tmp/tmux-501/ta-93b04f34a45d err="query tmux on /tmp/tmux-501/ta-93b04f34a45d: exit status 1: no server running on /tmp/tmux-501/ta-93b04f34a45d"
time=2026-08-09T16:50:50.662+08:00 level=DEBUG msg="discovery: skipping unreachable socket" socket=/tmp/tmux-501/ta-9f7ab2efc12e err="query tmux on /tmp/tmux-501/ta-9f7ab2efc12e: exit status 1: no server running on /tmp/tmux-501/ta-9f7ab2efc12e"
time=2026-08-09T16:50:50.668+08:00 level=DEBUG msg="discovery: skipping unreachable socket" socket=/tmp/tmux-501/ta-a389ed2be6d0 err="query tmux on /tmp/tmux-501/ta-a389ed2be6d0: exit status 1: no server running on /tmp/tmux-501/ta-a389ed2be6d0"
time=2026-08-09T16:50:50.702+08:00 level=DEBUG msg="discovery: skipping unreachable socket" socket=/tmp/tmux-501/ta-c16b1abaa054 err="query tmux on /tmp/tmux-501/ta-c16b1abaa054: exit status 1: no server running on /tmp/tmux-501/ta-c16b1abaa054"
time=2026-08-09T16:50:50.708+08:00 level=DEBUG msg="discovery: skipping unreachable socket" socket=/tmp/tmux-501/ta-d596a9f9a2a6 err="query tmux on /tmp/tmux-501/ta-d596a9f9a2a6: exit status 1: no server running on /tmp/tmux-501/ta-d596a9f9a2a6"
time=2026-08-09T16:50:50.719+08:00 level=DEBUG msg="discovery: skipping unreachable socket" socket=/tmp/tmux-501/ta-d9dc8c25f425 err="query tmux on /tmp/tmux-501/ta-d9dc8c25f425: exit status 1: no server running on /tmp/tmux-501/ta-d9dc8c25f425"
time=2026-08-09T16:50:50.725+08:00 level=DEBUG msg="discovery: skipping unreachable socket" socket=/tmp/tmux-501/ta-e4fe872351d8 err="query tmux on /tmp/tmux-501/ta-e4fe872351d8: exit status 1: no server running on /tmp/tmux-501/ta-e4fe872351d8"
time=2026-08-09T16:50:50.730+08:00 level=DEBUG msg="discovery: skipping unreachable socket" socket=/tmp/tmux-501/ta-e94aa181e16c err="query tmux on /tmp/tmux-501/ta-e94aa181e16c: exit status 1: no server running on /tmp/tmux-501/ta-e94aa181e16c"
time=2026-08-09T16:50:50.736+08:00 level=DEBUG msg="discovery: skipping unreachable socket" socket=/tmp/tmux-501/ta-ebf95952bfe3 err="query tmux on /tmp/tmux-501/ta-ebf95952bfe3: exit status 1: no server running on /tmp/tmux-501/ta-ebf95952bfe3"
time=2026-08-09T16:50:50.742+08:00 level=DEBUG msg="discovery: skipping unreachable socket" socket=/tmp/tmux-501/ta-fa2252466833 err="query tmux on /tmp/tmux-501/ta-fa2252466833: exit status 1: no server running on /tmp/tmux-501/ta-fa2252466833"
time=2026-08-09T16:50:50.882+08:00 level=DEBUG msg="state: sample failed" ref="/tmp/tmux-501/ta-4084e65390fc\x1f%199" err="capture pane %199 on /tmp/tmux-501/ta-4084e65390fc: exit status 1"
time=2026-08-09T16:50:51.243+08:00 level=DEBUG msg="discovery: skipping socket directory" dir=/tmp/e2e-l2.KhUMRL/tmux/tmux-501 err="open /tmp/e2e-l2.KhUMRL/tmux/tmux-501: no such file or directory"
time=2026-08-09T16:50:51.259+08:00 level=DEBUG msg="discovery: skipping unreachable socket" socket=/tmp/tmux-501/ta-0da65bceb372 err="query tmux on /tmp/tmux-501/ta-0da65bceb372: exit status 1: no server running on /tmp/tmux-501/ta-0da65bceb372"
time=2026-08-09T16:50:51.264+08:00 level=DEBUG msg="discovery: skipping unreachable socket" socket=/tmp/tmux-501/ta-15c65b37a04a err="query tmux on /tmp/tmux-501/ta-15c65b37a04a: exit status 1: no server running on /tmp/tmux-501/ta-15c65b37a04a"
time=2026-08-09T16:50:51.270+08:00 level=DEBUG msg="discovery: skipping unreachable socket" socket=/tmp/tmux-501/ta-192b3d7a4b4d err="query tmux on /tmp/tmux-501/ta-192b3d7a4b4d: exit status 1: no server running on /tmp/tmux-501/ta-192b3d7a4b4d"
time=2026-08-09T16:50:51.276+08:00 level=DEBUG msg="discovery: skipping unreachable socket" socket=/tmp/tmux-501/ta-19bab105a233 err="query tmux on /tmp/tmux-501/ta-19bab105a233: exit status 1: no server running on /tmp/tmux-501/ta-19bab105a233"
time=2026-08-09T16:50:51.281+08:00 level=DEBUG msg="discovery: skipping unreachable socket" socket=/tmp/tmux-501/ta-2183ff26eaba err="query tmux on /tmp/tmux-501/ta-2183ff26eaba: exit status 1: no server running on /tmp/tmux-501/ta-2183ff26eaba"
time=2026-08-09T16:50:51.293+08:00 level=DEBUG msg="discovery: skipping unreachable socket" socket=/tmp/tmux-501/ta-27ae35442db0 err="query tmux on /tmp/tmux-501/ta-27ae35442db0: exit status 1: no server running on /tmp/tmux-501/ta-27ae35442db0"
time=2026-08-09T16:50:51.304+08:00 level=DEBUG msg="discovery: skipping unreachable socket" socket=/tmp/tmux-501/ta-29ad6c433fb0 err="query tmux on /tmp/tmux-501/ta-29ad6c433fb0: exit status 1: no server running on /tmp/tmux-501/ta-29ad6c433fb0"
time=2026-08-09T16:50:51.309+08:00 level=DEBUG msg="discovery: skipping unreachable socket" socket=/tmp/tmux-501/ta-2b2b0f6042c3 err="query tmux on /tmp/tmux-501/ta-2b2b0f6042c3: exit status 1: no server running on /tmp/tmux-501/ta-2b2b0f6042c3"
time=2026-08-09T16:50:51.314+08:00 level=DEBUG msg="discovery: skipping unreachable socket" socket=/tmp/tmux-501/ta-2d881fc24979 err="query tmux on /tmp/tmux-501/ta-2d881fc24979: exit status 1: no server running on /tmp/tmux-501/ta-2d881fc24979"
time=2026-08-09T16:50:51.320+08:00 level=DEBUG msg="discovery: skipping unreachable socket" socket=/tmp/tmux-501/ta-3511002e6186 err="query tmux on /tmp/tmux-501/ta-3511002e6186: exit status 1: no server running on /tmp/tmux-501/ta-3511002e6186"
time=2026-08-09T16:50:51.351+08:00 level=DEBUG msg="discovery: skipping unreachable socket" socket=/tmp/tmux-501/ta-58a73dc659fc err="query tmux on /tmp/tmux-501/ta-58a73dc659fc: exit status 1: no server running on /tmp/tmux-501/ta-58a73dc659fc"
time=2026-08-09T16:50:51.357+08:00 level=DEBUG msg="discovery: skipping unreachable socket" socket=/tmp/tmux-501/ta-670fcfc61db1 err="query tmux on /tmp/tmux-501/ta-670fcfc61db1: exit status 1: no server running on /tmp/tmux-501/ta-670fcfc61db1"
time=2026-08-09T16:50:51.362+08:00 level=DEBUG msg="discovery: skipping unreachable socket" socket=/tmp/tmux-501/ta-70c4b0b3f1e4 err="query tmux on /tmp/tmux-501/ta-70c4b0b3f1e4: exit status 1: no server running on /tmp/tmux-501/ta-70c4b0b3f1e4"
time=2026-08-09T16:50:51.368+08:00 level=DEBUG msg="discovery: skipping unreachable socket" socket=/tmp/tmux-501/ta-714648f68f78 err="query tmux on /tmp/tmux-501/ta-714648f68f78: exit status 1: no server running on /tmp/tmux-501/ta-714648f68f78"
time=2026-08-09T16:50:51.374+08:00 level=DEBUG msg="discovery: skipping unreachable socket" socket=/tmp/tmux-501/ta-7567fe9b6e3f err="query tmux on /tmp/tmux-501/ta-7567fe9b6e3f: exit status 1: no server running on /tmp/tmux-501/ta-7567fe9b6e3f"
time=2026-08-09T16:50:51.380+08:00 level=DEBUG msg="discovery: skipping unreachable socket" socket=/tmp/tmux-501/ta-76d99a0fb54d err="query tmux on /tmp/tmux-501/ta-76d99a0fb54d: exit status 1: no server running on /tmp/tmux-501/ta-76d99a0fb54d"
time=2026-08-09T16:50:51.387+08:00 level=DEBUG msg="discovery: skipping unreachable socket" socket=/tmp/tmux-501/ta-7ac14129e93d err="query tmux on /tmp/tmux-501/ta-7ac14129e93d: exit status 1: no server running on /tmp/tmux-501/ta-7ac14129e93d"
time=2026-08-09T16:50:51.392+08:00 level=DEBUG msg="discovery: skipping unreachable socket" socket=/tmp/tmux-501/ta-7cf3455fc7ef err="query tmux on /tmp/tmux-501/ta-7cf3455fc7ef: exit status 1: no server running on /tmp/tmux-501/ta-7cf3455fc7ef"
time=2026-08-09T16:50:51.398+08:00 level=DEBUG msg="discovery: skipping unreachable socket" socket=/tmp/tmux-501/ta-8871c1b9bea8 err="query tmux on /tmp/tmux-501/ta-8871c1b9bea8: exit status 1: no server running on /tmp/tmux-501/ta-8871c1b9bea8"
time=2026-08-09T16:50:51.410+08:00 level=DEBUG msg="discovery: skipping unreachable socket" socket=/tmp/tmux-501/ta-8f9301481b91 err="query tmux on /tmp/tmux-501/ta-8f9301481b91: exit status 1: no server running on /tmp/tmux-501/ta-8f9301481b91"
time=2026-08-09T16:50:51.416+08:00 level=DEBUG msg="discovery: skipping unreachable socket" socket=/tmp/tmux-501/ta-93b04f34a45d err="query tmux on /tmp/tmux-501/ta-93b04f34a45d: exit status 1: no server running on /tmp/tmux-501/ta-93b04f34a45d"
time=2026-08-09T16:50:51.440+08:00 level=DEBUG msg="discovery: skipping unreachable socket" socket=/tmp/tmux-501/ta-9f7ab2efc12e err="query tmux on /tmp/tmux-501/ta-9f7ab2efc12e: exit status 1: no server running on /tmp/tmux-501/ta-9f7ab2efc12e"
time=2026-08-09T16:50:51.446+08:00 level=DEBUG msg="discovery: skipping unreachable socket" socket=/tmp/tmux-501/ta-a389ed2be6d0 err="query tmux on /tmp/tmux-501/ta-a389ed2be6d0: exit status 1: no server running on /tmp/tmux-501/ta-a389ed2be6d0"
time=2026-08-09T16:50:51.482+08:00 level=DEBUG msg="discovery: skipping unreachable socket" socket=/tmp/tmux-501/ta-c16b1abaa054 err="query tmux on /tmp/tmux-501/ta-c16b1abaa054: exit status 1: no server running on /tmp/tmux-501/ta-c16b1abaa054"
time=2026-08-09T16:50:51.488+08:00 level=DEBUG msg="discovery: skipping unreachable socket" socket=/tmp/tmux-501/ta-d596a9f9a2a6 err="query tmux on /tmp/tmux-501/ta-d596a9f9a2a6: exit status 1: no server running on /tmp/tmux-501/ta-d596a9f9a2a6"
time=2026-08-09T16:50:51.499+08:00 level=DEBUG msg="discovery: skipping unreachable socket" socket=/tmp/tmux-501/ta-d9dc8c25f425 err="query tmux on /tmp/tmux-501/ta-d9dc8c25f425: exit status 1: no server running on /tmp/tmux-501/ta-d9dc8c25f425"
time=2026-08-09T16:50:51.505+08:00 level=DEBUG msg="discovery: skipping unreachable socket" socket=/tmp/tmux-501/ta-e4fe872351d8 err="query tmux on /tmp/tmux-501/ta-e4fe872351d8: exit status 1: no server running on /tmp/tmux-501/ta-e4fe872351d8"
time=2026-08-09T16:50:51.511+08:00 level=DEBUG msg="discovery: skipping unreachable socket" socket=/tmp/tmux-501/ta-e94aa181e16c err="query tmux on /tmp/tmux-501/ta-e94aa181e16c: exit status 1: no server running on /tmp/tmux-501/ta-e94aa181e16c"
time=2026-08-09T16:50:51.517+08:00 level=DEBUG msg="discovery: skipping unreachable socket" socket=/tmp/tmux-501/ta-ebf95952bfe3 err="query tmux on /tmp/tmux-501/ta-ebf95952bfe3: exit status 1: no server running on /tmp/tmux-501/ta-ebf95952bfe3"
time=2026-08-09T16:50:51.523+08:00 level=DEBUG msg="discovery: skipping unreachable socket" socket=/tmp/tmux-501/ta-fa2252466833 err="query tmux on /tmp/tmux-501/ta-fa2252466833: exit status 1: no server running on /tmp/tmux-501/ta-fa2252466833"
time=2026-08-09T16:50:52.024+08:00 level=DEBUG msg="discovery: skipping socket directory" dir=/tmp/e2e-l2.KhUMRL/tmux/tmux-501 err="open /tmp/e2e-l2.KhUMRL/tmux/tmux-501: no such file or directory"
time=2026-08-09T16:50:52.042+08:00 level=DEBUG msg="discovery: skipping unreachable socket" socket=/tmp/tmux-501/ta-0da65bceb372 err="query tmux on /tmp/tmux-501/ta-0da65bceb372: exit status 1: no server running on /tmp/tmux-501/ta-0da65bceb372"
time=2026-08-09T16:50:52.048+08:00 level=DEBUG msg="discovery: skipping unreachable socket" socket=/tmp/tmux-501/ta-15c65b37a04a err="query tmux on /tmp/tmux-501/ta-15c65b37a04a: exit status 1: no server running on /tmp/tmux-501/ta-15c65b37a04a"
time=2026-08-09T16:50:52.053+08:00 level=DEBUG msg="discovery: skipping unreachable socket" socket=/tmp/tmux-501/ta-192b3d7a4b4d err="query tmux on /tmp/tmux-501/ta-192b3d7a4b4d: exit status 1: no server running on /tmp/tmux-501/ta-192b3d7a4b4d"
time=2026-08-09T16:50:52.059+08:00 level=DEBUG msg="discovery: skipping unreachable socket" socket=/tmp/tmux-501/ta-19bab105a233 err="query tmux on /tmp/tmux-501/ta-19bab105a233: exit status 1: no server running on /tmp/tmux-501/ta-19bab105a233"
time=2026-08-09T16:50:52.065+08:00 level=DEBUG msg="discovery: skipping unreachable socket" socket=/tmp/tmux-501/ta-2183ff26eaba err="query tmux on /tmp/tmux-501/ta-2183ff26eaba: exit status 1: no server running on /tmp/tmux-501/ta-2183ff26eaba"
time=2026-08-09T16:50:52.076+08:00 level=DEBUG msg="discovery: skipping unreachable socket" socket=/tmp/tmux-501/ta-27ae35442db0 err="query tmux on /tmp/tmux-501/ta-27ae35442db0: exit status 1: no server running on /tmp/tmux-501/ta-27ae35442db0"
time=2026-08-09T16:50:52.087+08:00 level=DEBUG msg="discovery: skipping unreachable socket" socket=/tmp/tmux-501/ta-29ad6c433fb0 err="query tmux on /tmp/tmux-501/ta-29ad6c433fb0: exit status 1: no server running on /tmp/tmux-501/ta-29ad6c433fb0"
time=2026-08-09T16:50:52.092+08:00 level=DEBUG msg="discovery: skipping unreachable socket" socket=/tmp/tmux-501/ta-2b2b0f6042c3 err="query tmux on /tmp/tmux-501/ta-2b2b0f6042c3: exit status 1: no server running on /tmp/tmux-501/ta-2b2b0f6042c3"
time=2026-08-09T16:50:52.098+08:00 level=DEBUG msg="discovery: skipping unreachable socket" socket=/tmp/tmux-501/ta-2d881fc24979 err="query tmux on /tmp/tmux-501/ta-2d881fc24979: exit status 1: no server running on /tmp/tmux-501/ta-2d881fc24979"
time=2026-08-09T16:50:52.103+08:00 level=DEBUG msg="discovery: skipping unreachable socket" socket=/tmp/tmux-501/ta-3511002e6186 err="query tmux on /tmp/tmux-501/ta-3511002e6186: exit status 1: no server running on /tmp/tmux-501/ta-3511002e6186"
time=2026-08-09T16:50:52.130+08:00 level=DEBUG msg="discovery: skipping unreachable socket" socket=/tmp/tmux-501/ta-670fcfc61db1 err="query tmux on /tmp/tmux-501/ta-670fcfc61db1: exit status 1: no server running on /tmp/tmux-501/ta-670fcfc61db1"
time=2026-08-09T16:50:52.136+08:00 level=DEBUG msg="discovery: skipping unreachable socket" socket=/tmp/tmux-501/ta-70c4b0b3f1e4 err="query tmux on /tmp/tmux-501/ta-70c4b0b3f1e4: exit status 1: no server running on /tmp/tmux-501/ta-70c4b0b3f1e4"
time=2026-08-09T16:50:52.141+08:00 level=DEBUG msg="discovery: skipping unreachable socket" socket=/tmp/tmux-501/ta-714648f68f78 err="query tmux on /tmp/tmux-501/ta-714648f68f78: exit status 1: no server running on /tmp/tmux-501/ta-714648f68f78"
time=2026-08-09T16:50:52.146+08:00 level=DEBUG msg="discovery: skipping unreachable socket" socket=/tmp/tmux-501/ta-7567fe9b6e3f err="query tmux on /tmp/tmux-501/ta-7567fe9b6e3f: exit status 1: no server running on /tmp/tmux-501/ta-7567fe9b6e3f"
time=2026-08-09T16:50:52.151+08:00 level=DEBUG msg="discovery: skipping unreachable socket" socket=/tmp/tmux-501/ta-76d99a0fb54d err="query tmux on /tmp/tmux-501/ta-76d99a0fb54d: exit status 1: no server running on /tmp/tmux-501/ta-76d99a0fb54d"
time=2026-08-09T16:50:52.157+08:00 level=DEBUG msg="discovery: skipping unreachable socket" socket=/tmp/tmux-501/ta-7ac14129e93d err="query tmux on /tmp/tmux-501/ta-7ac14129e93d: exit status 1: no server running on /tmp/tmux-501/ta-7ac14129e93d"
time=2026-08-09T16:50:52.162+08:00 level=DEBUG msg="discovery: skipping unreachable socket" socket=/tmp/tmux-501/ta-7cf3455fc7ef err="query tmux on /tmp/tmux-501/ta-7cf3455fc7ef: exit status 1: no server running on /tmp/tmux-501/ta-7cf3455fc7ef"
time=2026-08-09T16:50:52.168+08:00 level=DEBUG msg="discovery: skipping unreachable socket" socket=/tmp/tmux-501/ta-8871c1b9bea8 err="query tmux on /tmp/tmux-501/ta-8871c1b9bea8: exit status 1: no server running on /tmp/tmux-501/ta-8871c1b9bea8"
time=2026-08-09T16:50:52.179+08:00 level=DEBUG msg="discovery: skipping unreachable socket" socket=/tmp/tmux-501/ta-8f9301481b91 err="query tmux on /tmp/tmux-501/ta-8f9301481b91: exit status 1: no server running on /tmp/tmux-501/ta-8f9301481b91"
time=2026-08-09T16:50:52.185+08:00 level=DEBUG msg="discovery: skipping unreachable socket" socket=/tmp/tmux-501/ta-93b04f34a45d err="query tmux on /tmp/tmux-501/ta-93b04f34a45d: exit status 1: no server running on /tmp/tmux-501/ta-93b04f34a45d"
time=2026-08-09T16:50:52.201+08:00 level=DEBUG msg="discovery: skipping unreachable socket" socket=/tmp/tmux-501/ta-9f7ab2efc12e err="query tmux on /tmp/tmux-501/ta-9f7ab2efc12e: exit status 1: no server running on /tmp/tmux-501/ta-9f7ab2efc12e"
time=2026-08-09T16:50:52.206+08:00 level=DEBUG msg="discovery: skipping unreachable socket" socket=/tmp/tmux-501/ta-a389ed2be6d0 err="query tmux on /tmp/tmux-501/ta-a389ed2be6d0: exit status 1: no server running on /tmp/tmux-501/ta-a389ed2be6d0"
time=2026-08-09T16:50:52.245+08:00 level=DEBUG msg="discovery: skipping unreachable socket" socket=/tmp/tmux-501/ta-c16b1abaa054 err="query tmux on /tmp/tmux-501/ta-c16b1abaa054: exit status 1: no server running on /tmp/tmux-501/ta-c16b1abaa054"
time=2026-08-09T16:50:52.250+08:00 level=DEBUG msg="discovery: skipping unreachable socket" socket=/tmp/tmux-501/ta-d596a9f9a2a6 err="query tmux on /tmp/tmux-501/ta-d596a9f9a2a6: exit status 1: no server running on /tmp/tmux-501/ta-d596a9f9a2a6"
time=2026-08-09T16:50:52.262+08:00 level=DEBUG msg="discovery: skipping unreachable socket" socket=/tmp/tmux-501/ta-d9dc8c25f425 err="query tmux on /tmp/tmux-501/ta-d9dc8c25f425: exit status 1: no server running on /tmp/tmux-501/ta-d9dc8c25f425"
time=2026-08-09T16:50:52.267+08:00 level=DEBUG msg="discovery: skipping unreachable socket" socket=/tmp/tmux-501/ta-e4fe872351d8 err="query tmux on /tmp/tmux-501/ta-e4fe872351d8: exit status 1: no server running on /tmp/tmux-501/ta-e4fe872351d8"
time=2026-08-09T16:50:52.273+08:00 level=DEBUG msg="discovery: skipping unreachable socket" socket=/tmp/tmux-501/ta-e94aa181e16c err="query tmux on /tmp/tmux-501/ta-e94aa181e16c: exit status 1: no server running on /tmp/tmux-501/ta-e94aa181e16c"
time=2026-08-09T16:50:52.279+08:00 level=DEBUG msg="discovery: skipping unreachable socket" socket=/tmp/tmux-501/ta-ebf95952bfe3 err="query tmux on /tmp/tmux-501/ta-ebf95952bfe3: exit status 1: no server running on /tmp/tmux-501/ta-ebf95952bfe3"
time=2026-08-09T16:50:52.284+08:00 level=DEBUG msg="discovery: skipping unreachable socket" socket=/tmp/tmux-501/ta-fa2252466833 err="query tmux on /tmp/tmux-501/ta-fa2252466833: exit status 1: no server running on /tmp/tmux-501/ta-fa2252466833"
time=2026-08-09T16:50:52.544+08:00 level=DEBUG msg="state: sample failed" ref="/tmp/tmux-501/ta-b0a8baf60e17\x1f%0" err="capture pane %0 on /tmp/tmux-501/ta-b0a8baf60e17: exit status 1"
time=2026-08-09T16:50:52.545+08:00 level=DEBUG msg="state: sample failed" ref="/tmp/tmux-501/ta-b0a8baf60e17\x1f%1" err="capture pane %1 on /tmp/tmux-501/ta-b0a8baf60e17: exit status 1"
time=2026-08-09T16:50:52.785+08:00 level=DEBUG msg="discovery: skipping socket directory" dir=/tmp/e2e-l2.KhUMRL/tmux/tmux-501 err="open /tmp/e2e-l2.KhUMRL/tmux/tmux-501: no such file or directory"
time=2026-08-09T16:50:52.802+08:00 level=DEBUG msg="discovery: skipping unreachable socket" socket=/tmp/tmux-501/ta-0da65bceb372 err="query tmux on /tmp/tmux-501/ta-0da65bceb372: exit status 1: no server running on /tmp/tmux-501/ta-0da65bceb372"
time=2026-08-09T16:50:52.807+08:00 level=DEBUG msg="discovery: skipping unreachable socket" socket=/tmp/tmux-501/ta-15c65b37a04a err="query tmux on /tmp/tmux-501/ta-15c65b37a04a: exit status 1: no server running on /tmp/tmux-501/ta-15c65b37a04a"
time=2026-08-09T16:50:52.813+08:00 level=DEBUG msg="discovery: skipping unreachable socket" socket=/tmp/tmux-501/ta-192b3d7a4b4d err="query tmux on /tmp/tmux-501/ta-192b3d7a4b4d: exit status 1: no server running on /tmp/tmux-501/ta-192b3d7a4b4d"
time=2026-08-09T16:50:52.819+08:00 level=DEBUG msg="discovery: skipping unreachable socket" socket=/tmp/tmux-501/ta-19bab105a233 err="query tmux on /tmp/tmux-501/ta-19bab105a233: exit status 1: no server running on /tmp/tmux-501/ta-19bab105a233"
time=2026-08-09T16:50:52.824+08:00 level=DEBUG msg="discovery: skipping unreachable socket" socket=/tmp/tmux-501/ta-2183ff26eaba err="query tmux on /tmp/tmux-501/ta-2183ff26eaba: exit status 1: no server running on /tmp/tmux-501/ta-2183ff26eaba"
time=2026-08-09T16:50:52.835+08:00 level=DEBUG msg="discovery: skipping unreachable socket" socket=/tmp/tmux-501/ta-27ae35442db0 err="query tmux on /tmp/tmux-501/ta-27ae35442db0: exit status 1: no server running on /tmp/tmux-501/ta-27ae35442db0"
time=2026-08-09T16:50:52.847+08:00 level=DEBUG msg="discovery: skipping unreachable socket" socket=/tmp/tmux-501/ta-29ad6c433fb0 err="query tmux on /tmp/tmux-501/ta-29ad6c433fb0: exit status 1: no server running on /tmp/tmux-501/ta-29ad6c433fb0"
time=2026-08-09T16:50:52.853+08:00 level=DEBUG msg="discovery: skipping unreachable socket" socket=/tmp/tmux-501/ta-2b2b0f6042c3 err="query tmux on /tmp/tmux-501/ta-2b2b0f6042c3: exit status 1: no server running on /tmp/tmux-501/ta-2b2b0f6042c3"
time=2026-08-09T16:50:52.860+08:00 level=DEBUG msg="discovery: skipping unreachable socket" socket=/tmp/tmux-501/ta-2d881fc24979 err="query tmux on /tmp/tmux-501/ta-2d881fc24979: exit status 1: no server running on /tmp/tmux-501/ta-2d881fc24979"
time=2026-08-09T16:50:52.866+08:00 level=DEBUG msg="discovery: skipping unreachable socket" socket=/tmp/tmux-501/ta-3511002e6186 err="query tmux on /tmp/tmux-501/ta-3511002e6186: exit status 1: no server running on /tmp/tmux-501/ta-3511002e6186"
time=2026-08-09T16:50:52.897+08:00 level=DEBUG msg="discovery: skipping unreachable socket" socket=/tmp/tmux-501/ta-670fcfc61db1 err="query tmux on /tmp/tmux-501/ta-670fcfc61db1: exit status 1: no server running on /tmp/tmux-501/ta-670fcfc61db1"
time=2026-08-09T16:50:52.903+08:00 level=DEBUG msg="discovery: skipping unreachable socket" socket=/tmp/tmux-501/ta-70c4b0b3f1e4 err="query tmux on /tmp/tmux-501/ta-70c4b0b3f1e4: exit status 1: no server running on /tmp/tmux-501/ta-70c4b0b3f1e4"
time=2026-08-09T16:50:52.909+08:00 level=DEBUG msg="discovery: skipping unreachable socket" socket=/tmp/tmux-501/ta-714648f68f78 err="query tmux on /tmp/tmux-501/ta-714648f68f78: exit status 1: no server running on /tmp/tmux-501/ta-714648f68f78"
time=2026-08-09T16:50:52.914+08:00 level=DEBUG msg="discovery: skipping unreachable socket" socket=/tmp/tmux-501/ta-76d99a0fb54d err="query tmux on /tmp/tmux-501/ta-76d99a0fb54d: exit status 1: no server running on /tmp/tmux-501/ta-76d99a0fb54d"
time=2026-08-09T16:50:52.919+08:00 level=DEBUG msg="discovery: skipping unreachable socket" socket=/tmp/tmux-501/ta-7ac14129e93d err="query tmux on /tmp/tmux-501/ta-7ac14129e93d: exit status 1: no server running on /tmp/tmux-501/ta-7ac14129e93d"
time=2026-08-09T16:50:52.925+08:00 level=DEBUG msg="discovery: skipping unreachable socket" socket=/tmp/tmux-501/ta-7cf3455fc7ef err="query tmux on /tmp/tmux-501/ta-7cf3455fc7ef: exit status 1: no server running on /tmp/tmux-501/ta-7cf3455fc7ef"
time=2026-08-09T16:50:52.931+08:00 level=DEBUG msg="discovery: skipping unreachable socket" socket=/tmp/tmux-501/ta-8871c1b9bea8 err="query tmux on /tmp/tmux-501/ta-8871c1b9bea8: exit status 1: no server running on /tmp/tmux-501/ta-8871c1b9bea8"
time=2026-08-09T16:50:52.941+08:00 level=DEBUG msg="discovery: skipping unreachable socket" socket=/tmp/tmux-501/ta-8f9301481b91 err="query tmux on /tmp/tmux-501/ta-8f9301481b91: exit status 1: no server running on /tmp/tmux-501/ta-8f9301481b91"
time=2026-08-09T16:50:52.946+08:00 level=DEBUG msg="discovery: skipping unreachable socket" socket=/tmp/tmux-501/ta-93b04f34a45d err="query tmux on /tmp/tmux-501/ta-93b04f34a45d: exit status 1: no server running on /tmp/tmux-501/ta-93b04f34a45d"
time=2026-08-09T16:50:52.962+08:00 level=DEBUG msg="discovery: skipping unreachable socket" socket=/tmp/tmux-501/ta-9f7ab2efc12e err="query tmux on /tmp/tmux-501/ta-9f7ab2efc12e: exit status 1: no server running on /tmp/tmux-501/ta-9f7ab2efc12e"
time=2026-08-09T16:50:52.967+08:00 level=DEBUG msg="discovery: skipping unreachable socket" socket=/tmp/tmux-501/ta-a389ed2be6d0 err="query tmux on /tmp/tmux-501/ta-a389ed2be6d0: exit status 1: no server running on /tmp/tmux-501/ta-a389ed2be6d0"
time=2026-08-09T16:50:52.985+08:00 level=DEBUG msg="discovery: skipping unreachable socket" socket=/tmp/tmux-501/ta-b0a8baf60e17 err="query tmux on /tmp/tmux-501/ta-b0a8baf60e17: exit status 1: no server running on /tmp/tmux-501/ta-b0a8baf60e17"
time=2026-08-09T16:50:53.008+08:00 level=DEBUG msg="discovery: skipping unreachable socket" socket=/tmp/tmux-501/ta-c16b1abaa054 err="query tmux on /tmp/tmux-501/ta-c16b1abaa054: exit status 1: no server running on /tmp/tmux-501/ta-c16b1abaa054"
time=2026-08-09T16:50:53.013+08:00 level=DEBUG msg="discovery: skipping unreachable socket" socket=/tmp/tmux-501/ta-d596a9f9a2a6 err="query tmux on /tmp/tmux-501/ta-d596a9f9a2a6: exit status 1: no server running on /tmp/tmux-501/ta-d596a9f9a2a6"
time=2026-08-09T16:50:53.024+08:00 level=DEBUG msg="discovery: skipping unreachable socket" socket=/tmp/tmux-501/ta-d9dc8c25f425 err="query tmux on /tmp/tmux-501/ta-d9dc8c25f425: exit status 1: no server running on /tmp/tmux-501/ta-d9dc8c25f425"
time=2026-08-09T16:50:53.030+08:00 level=DEBUG msg="discovery: skipping unreachable socket" socket=/tmp/tmux-501/ta-e4fe872351d8 err="query tmux on /tmp/tmux-501/ta-e4fe872351d8: exit status 1: no server running on /tmp/tmux-501/ta-e4fe872351d8"
time=2026-08-09T16:50:53.035+08:00 level=DEBUG msg="discovery: skipping unreachable socket" socket=/tmp/tmux-501/ta-e94aa181e16c err="query tmux on /tmp/tmux-501/ta-e94aa181e16c: exit status 1: no server running on /tmp/tmux-501/ta-e94aa181e16c"
time=2026-08-09T16:50:53.040+08:00 level=DEBUG msg="discovery: skipping unreachable socket" socket=/tmp/tmux-501/ta-ebf95952bfe3 err="query tmux on /tmp/tmux-501/ta-ebf95952bfe3: exit status 1: no server running on /tmp/tmux-501/ta-ebf95952bfe3"
time=2026-08-09T16:50:53.046+08:00 level=DEBUG msg="discovery: skipping unreachable socket" socket=/tmp/tmux-501/ta-fa2252466833 err="query tmux on /tmp/tmux-501/ta-fa2252466833: exit status 1: no server running on /tmp/tmux-501/ta-fa2252466833"
time=2026-08-09T16:50:53.547+08:00 level=DEBUG msg="discovery: skipping socket directory" dir=/tmp/e2e-l2.KhUMRL/tmux/tmux-501 err="open /tmp/e2e-l2.KhUMRL/tmux/tmux-501: no such file or directory"
time=2026-08-09T16:50:53.565+08:00 level=DEBUG msg="discovery: skipping unreachable socket" socket=/tmp/tmux-501/ta-0da65bceb372 err="query tmux on /tmp/tmux-501/ta-0da65bceb372: exit status 1: no server running on /tmp/tmux-501/ta-0da65bceb372"
time=2026-08-09T16:50:53.570+08:00 level=DEBUG msg="discovery: skipping unreachable socket" socket=/tmp/tmux-501/ta-15c65b37a04a err="query tmux on /tmp/tmux-501/ta-15c65b37a04a: exit status 1: no server running on /tmp/tmux-501/ta-15c65b37a04a"
time=2026-08-09T16:50:53.574+08:00 level=DEBUG msg="discovery: skipping unreachable socket" socket=/tmp/tmux-501/ta-192b3d7a4b4d err="query tmux on /tmp/tmux-501/ta-192b3d7a4b4d: exit status 1: no server running on /tmp/tmux-501/ta-192b3d7a4b4d"
time=2026-08-09T16:50:53.580+08:00 level=DEBUG msg="discovery: skipping unreachable socket" socket=/tmp/tmux-501/ta-19bab105a233 err="query tmux on /tmp/tmux-501/ta-19bab105a233: exit status 1: no server running on /tmp/tmux-501/ta-19bab105a233"
time=2026-08-09T16:50:53.585+08:00 level=DEBUG msg="discovery: skipping unreachable socket" socket=/tmp/tmux-501/ta-2183ff26eaba err="query tmux on /tmp/tmux-501/ta-2183ff26eaba: exit status 1: no server running on /tmp/tmux-501/ta-2183ff26eaba"
time=2026-08-09T16:50:53.596+08:00 level=DEBUG msg="discovery: skipping unreachable socket" socket=/tmp/tmux-501/ta-27ae35442db0 err="query tmux on /tmp/tmux-501/ta-27ae35442db0: exit status 1: no server running on /tmp/tmux-501/ta-27ae35442db0"
time=2026-08-09T16:50:53.608+08:00 level=DEBUG msg="discovery: skipping unreachable socket" socket=/tmp/tmux-501/ta-29ad6c433fb0 err="query tmux on /tmp/tmux-501/ta-29ad6c433fb0: exit status 1: no server running on /tmp/tmux-501/ta-29ad6c433fb0"
time=2026-08-09T16:50:53.613+08:00 level=DEBUG msg="discovery: skipping unreachable socket" socket=/tmp/tmux-501/ta-2b2b0f6042c3 err="query tmux on /tmp/tmux-501/ta-2b2b0f6042c3: exit status 1: no server running on /tmp/tmux-501/ta-2b2b0f6042c3"
time=2026-08-09T16:50:53.619+08:00 level=DEBUG msg="discovery: skipping unreachable socket" socket=/tmp/tmux-501/ta-2d881fc24979 err="query tmux on /tmp/tmux-501/ta-2d881fc24979: exit status 1: no server running on /tmp/tmux-501/ta-2d881fc24979"
time=2026-08-09T16:50:53.624+08:00 level=DEBUG msg="discovery: skipping unreachable socket" socket=/tmp/tmux-501/ta-3511002e6186 err="query tmux on /tmp/tmux-501/ta-3511002e6186: exit status 1: no server running on /tmp/tmux-501/ta-3511002e6186"
time=2026-08-09T16:50:53.654+08:00 level=DEBUG msg="discovery: skipping unreachable socket" socket=/tmp/tmux-501/ta-670fcfc61db1 err="query tmux on /tmp/tmux-501/ta-670fcfc61db1: exit status 1: no server running on /tmp/tmux-501/ta-670fcfc61db1"
time=2026-08-09T16:50:53.659+08:00 level=DEBUG msg="discovery: skipping unreachable socket" socket=/tmp/tmux-501/ta-70c4b0b3f1e4 err="query tmux on /tmp/tmux-501/ta-70c4b0b3f1e4: exit status 1: no server running on /tmp/tmux-501/ta-70c4b0b3f1e4"
time=2026-08-09T16:50:53.664+08:00 level=DEBUG msg="discovery: skipping unreachable socket" socket=/tmp/tmux-501/ta-714648f68f78 err="query tmux on /tmp/tmux-501/ta-714648f68f78: exit status 1: no server running on /tmp/tmux-501/ta-714648f68f78"
time=2026-08-09T16:50:53.669+08:00 level=DEBUG msg="discovery: skipping unreachable socket" socket=/tmp/tmux-501/ta-76d99a0fb54d err="query tmux on /tmp/tmux-501/ta-76d99a0fb54d: exit status 1: no server running on /tmp/tmux-501/ta-76d99a0fb54d"
time=2026-08-09T16:50:53.673+08:00 level=DEBUG msg="discovery: skipping unreachable socket" socket=/tmp/tmux-501/ta-7ac14129e93d err="query tmux on /tmp/tmux-501/ta-7ac14129e93d: exit status 1: no server running on /tmp/tmux-501/ta-7ac14129e93d"
time=2026-08-09T16:50:53.679+08:00 level=DEBUG msg="discovery: skipping unreachable socket" socket=/tmp/tmux-501/ta-7cf3455fc7ef err="query tmux on /tmp/tmux-501/ta-7cf3455fc7ef: exit status 1: no server running on /tmp/tmux-501/ta-7cf3455fc7ef"
time=2026-08-09T16:50:53.684+08:00 level=DEBUG msg="discovery: skipping unreachable socket" socket=/tmp/tmux-501/ta-8871c1b9bea8 err="query tmux on /tmp/tmux-501/ta-8871c1b9bea8: exit status 1: no server running on /tmp/tmux-501/ta-8871c1b9bea8"
time=2026-08-09T16:50:53.694+08:00 level=DEBUG msg="discovery: skipping unreachable socket" socket=/tmp/tmux-501/ta-8f9301481b91 err="query tmux on /tmp/tmux-501/ta-8f9301481b91: exit status 1: no server running on /tmp/tmux-501/ta-8f9301481b91"
time=2026-08-09T16:50:53.699+08:00 level=DEBUG msg="discovery: skipping unreachable socket" socket=/tmp/tmux-501/ta-93b04f34a45d err="query tmux on /tmp/tmux-501/ta-93b04f34a45d: exit status 1: no server running on /tmp/tmux-501/ta-93b04f34a45d"
time=2026-08-09T16:50:53.714+08:00 level=DEBUG msg="discovery: skipping unreachable socket" socket=/tmp/tmux-501/ta-9f7ab2efc12e err="query tmux on /tmp/tmux-501/ta-9f7ab2efc12e: exit status 1: no server running on /tmp/tmux-501/ta-9f7ab2efc12e"
time=2026-08-09T16:50:53.720+08:00 level=DEBUG msg="discovery: skipping unreachable socket" socket=/tmp/tmux-501/ta-a389ed2be6d0 err="query tmux on /tmp/tmux-501/ta-a389ed2be6d0: exit status 1: no server running on /tmp/tmux-501/ta-a389ed2be6d0"
time=2026-08-09T16:50:53.737+08:00 level=DEBUG msg="discovery: skipping unreachable socket" socket=/tmp/tmux-501/ta-b0a8baf60e17 err="query tmux on /tmp/tmux-501/ta-b0a8baf60e17: exit status 1: no server running on /tmp/tmux-501/ta-b0a8baf60e17"
time=2026-08-09T16:50:53.759+08:00 level=DEBUG msg="discovery: skipping unreachable socket" socket=/tmp/tmux-501/ta-c16b1abaa054 err="query tmux on /tmp/tmux-501/ta-c16b1abaa054: exit status 1: no server running on /tmp/tmux-501/ta-c16b1abaa054"
time=2026-08-09T16:50:53.764+08:00 level=DEBUG msg="discovery: skipping unreachable socket" socket=/tmp/tmux-501/ta-cae04df0c77b err="query tmux on /tmp/tmux-501/ta-cae04df0c77b: exit status 1: no server running on /tmp/tmux-501/ta-cae04df0c77b"
time=2026-08-09T16:50:53.770+08:00 level=DEBUG msg="discovery: skipping unreachable socket" socket=/tmp/tmux-501/ta-d596a9f9a2a6 err="query tmux on /tmp/tmux-501/ta-d596a9f9a2a6: exit status 1: no server running on /tmp/tmux-501/ta-d596a9f9a2a6"
time=2026-08-09T16:50:53.782+08:00 level=DEBUG msg="discovery: skipping unreachable socket" socket=/tmp/tmux-501/ta-d9dc8c25f425 err="query tmux on /tmp/tmux-501/ta-d9dc8c25f425: exit status 1: no server running on /tmp/tmux-501/ta-d9dc8c25f425"
time=2026-08-09T16:50:53.787+08:00 level=DEBUG msg="discovery: skipping unreachable socket" socket=/tmp/tmux-501/ta-e4fe872351d8 err="query tmux on /tmp/tmux-501/ta-e4fe872351d8: exit status 1: no server running on /tmp/tmux-501/ta-e4fe872351d8"
time=2026-08-09T16:50:53.793+08:00 level=DEBUG msg="discovery: skipping unreachable socket" socket=/tmp/tmux-501/ta-e94aa181e16c err="query tmux on /tmp/tmux-501/ta-e94aa181e16c: exit status 1: no server running on /tmp/tmux-501/ta-e94aa181e16c"
time=2026-08-09T16:50:53.798+08:00 level=DEBUG msg="discovery: skipping unreachable socket" socket=/tmp/tmux-501/ta-ebf95952bfe3 err="query tmux on /tmp/tmux-501/ta-ebf95952bfe3: exit status 1: no server running on /tmp/tmux-501/ta-ebf95952bfe3"
time=2026-08-09T16:50:53.803+08:00 level=DEBUG msg="discovery: skipping unreachable socket" socket=/tmp/tmux-501/ta-fa2252466833 err="query tmux on /tmp/tmux-501/ta-fa2252466833: exit status 1: no server running on /tmp/tmux-501/ta-fa2252466833"
time=2026-08-09T16:50:54.305+08:00 level=DEBUG msg="discovery: skipping socket directory" dir=/tmp/e2e-l2.KhUMRL/tmux/tmux-501 err="open /tmp/e2e-l2.KhUMRL/tmux/tmux-501: no such file or directory"
time=2026-08-09T16:50:54.323+08:00 level=DEBUG msg="discovery: skipping unreachable socket" socket=/tmp/tmux-501/ta-0da65bceb372 err="query tmux on /tmp/tmux-501/ta-0da65bceb372: exit status 1: no server running on /tmp/tmux-501/ta-0da65bceb372"
time=2026-08-09T16:50:54.329+08:00 level=DEBUG msg="discovery: skipping unreachable socket" socket=/tmp/tmux-501/ta-15c65b37a04a err="query tmux on /tmp/tmux-501/ta-15c65b37a04a: exit status 1: no server running on /tmp/tmux-501/ta-15c65b37a04a"
time=2026-08-09T16:50:54.335+08:00 level=DEBUG msg="discovery: skipping unreachable socket" socket=/tmp/tmux-501/ta-192b3d7a4b4d err="query tmux on /tmp/tmux-501/ta-192b3d7a4b4d: exit status 1: no server running on /tmp/tmux-501/ta-192b3d7a4b4d"
time=2026-08-09T16:50:54.340+08:00 level=DEBUG msg="discovery: skipping unreachable socket" socket=/tmp/tmux-501/ta-19bab105a233 err="query tmux on /tmp/tmux-501/ta-19bab105a233: exit status 1: no server running on /tmp/tmux-501/ta-19bab105a233"
time=2026-08-09T16:50:54.347+08:00 level=DEBUG msg="discovery: skipping unreachable socket" socket=/tmp/tmux-501/ta-2183ff26eaba err="query tmux on /tmp/tmux-501/ta-2183ff26eaba: exit status 1: no server running on /tmp/tmux-501/ta-2183ff26eaba"
time=2026-08-09T16:50:54.359+08:00 level=DEBUG msg="discovery: skipping unreachable socket" socket=/tmp/tmux-501/ta-27ae35442db0 err="query tmux on /tmp/tmux-501/ta-27ae35442db0: exit status 1: no server running on /tmp/tmux-501/ta-27ae35442db0"
time=2026-08-09T16:50:54.372+08:00 level=DEBUG msg="discovery: skipping unreachable socket" socket=/tmp/tmux-501/ta-29ad6c433fb0 err="query tmux on /tmp/tmux-501/ta-29ad6c433fb0: exit status 1: no server running on /tmp/tmux-501/ta-29ad6c433fb0"
time=2026-08-09T16:50:54.377+08:00 level=DEBUG msg="discovery: skipping unreachable socket" socket=/tmp/tmux-501/ta-2b2b0f6042c3 err="query tmux on /tmp/tmux-501/ta-2b2b0f6042c3: exit status 1: no server running on /tmp/tmux-501/ta-2b2b0f6042c3"
time=2026-08-09T16:50:54.384+08:00 level=DEBUG msg="discovery: skipping unreachable socket" socket=/tmp/tmux-501/ta-2d881fc24979 err="query tmux on /tmp/tmux-501/ta-2d881fc24979: exit status 1: no server running on /tmp/tmux-501/ta-2d881fc24979"
time=2026-08-09T16:50:54.389+08:00 level=DEBUG msg="discovery: skipping unreachable socket" socket=/tmp/tmux-501/ta-3511002e6186 err="query tmux on /tmp/tmux-501/ta-3511002e6186: exit status 1: no server running on /tmp/tmux-501/ta-3511002e6186"
time=2026-08-09T16:50:54.425+08:00 level=DEBUG msg="discovery: skipping unreachable socket" socket=/tmp/tmux-501/ta-670fcfc61db1 err="query tmux on /tmp/tmux-501/ta-670fcfc61db1: exit status 1: no server running on /tmp/tmux-501/ta-670fcfc61db1"
time=2026-08-09T16:50:54.431+08:00 level=DEBUG msg="discovery: skipping unreachable socket" socket=/tmp/tmux-501/ta-70c4b0b3f1e4 err="query tmux on /tmp/tmux-501/ta-70c4b0b3f1e4: exit status 1: no server running on /tmp/tmux-501/ta-70c4b0b3f1e4"
time=2026-08-09T16:50:54.437+08:00 level=DEBUG msg="discovery: skipping unreachable socket" socket=/tmp/tmux-501/ta-714648f68f78 err="query tmux on /tmp/tmux-501/ta-714648f68f78: exit status 1: no server running on /tmp/tmux-501/ta-714648f68f78"
time=2026-08-09T16:50:54.443+08:00 level=DEBUG msg="discovery: skipping unreachable socket" socket=/tmp/tmux-501/ta-76d99a0fb54d err="query tmux on /tmp/tmux-501/ta-76d99a0fb54d: exit status 1: no server running on /tmp/tmux-501/ta-76d99a0fb54d"
time=2026-08-09T16:50:54.449+08:00 level=DEBUG msg="discovery: skipping unreachable socket" socket=/tmp/tmux-501/ta-7ac14129e93d err="query tmux on /tmp/tmux-501/ta-7ac14129e93d: exit status 1: no server running on /tmp/tmux-501/ta-7ac14129e93d"
time=2026-08-09T16:50:54.455+08:00 level=DEBUG msg="discovery: skipping unreachable socket" socket=/tmp/tmux-501/ta-7cf3455fc7ef err="query tmux on /tmp/tmux-501/ta-7cf3455fc7ef: exit status 1: no server running on /tmp/tmux-501/ta-7cf3455fc7ef"
time=2026-08-09T16:50:54.461+08:00 level=DEBUG msg="discovery: skipping unreachable socket" socket=/tmp/tmux-501/ta-8871c1b9bea8 err="query tmux on /tmp/tmux-501/ta-8871c1b9bea8: exit status 1: no server running on /tmp/tmux-501/ta-8871c1b9bea8"
time=2026-08-09T16:50:54.473+08:00 level=DEBUG msg="discovery: skipping unreachable socket" socket=/tmp/tmux-501/ta-8f9301481b91 err="query tmux on /tmp/tmux-501/ta-8f9301481b91: exit status 1: no server running on /tmp/tmux-501/ta-8f9301481b91"
time=2026-08-09T16:50:54.478+08:00 level=DEBUG msg="discovery: skipping unreachable socket" socket=/tmp/tmux-501/ta-93b04f34a45d err="query tmux on /tmp/tmux-501/ta-93b04f34a45d: exit status 1: no server running on /tmp/tmux-501/ta-93b04f34a45d"
time=2026-08-09T16:50:54.498+08:00 level=DEBUG msg="discovery: skipping unreachable socket" socket=/tmp/tmux-501/ta-9f7ab2efc12e err="query tmux on /tmp/tmux-501/ta-9f7ab2efc12e: exit status 1: no server running on /tmp/tmux-501/ta-9f7ab2efc12e"
time=2026-08-09T16:50:54.504+08:00 level=DEBUG msg="discovery: skipping unreachable socket" socket=/tmp/tmux-501/ta-a389ed2be6d0 err="query tmux on /tmp/tmux-501/ta-a389ed2be6d0: exit status 1: no server running on /tmp/tmux-501/ta-a389ed2be6d0"
time=2026-08-09T16:50:54.541+08:00 level=DEBUG msg="discovery: skipping unreachable socket" socket=/tmp/tmux-501/ta-c16b1abaa054 err="query tmux on /tmp/tmux-501/ta-c16b1abaa054: exit status 1: no server running on /tmp/tmux-501/ta-c16b1abaa054"
time=2026-08-09T16:50:54.547+08:00 level=DEBUG msg="discovery: skipping unreachable socket" socket=/tmp/tmux-501/ta-cae04df0c77b err="query tmux on /tmp/tmux-501/ta-cae04df0c77b: exit status 1: error connecting to /tmp/tmux-501/ta-cae04df0c77b (No such file or directory)"
time=2026-08-09T16:50:54.553+08:00 level=DEBUG msg="discovery: skipping unreachable socket" socket=/tmp/tmux-501/ta-d596a9f9a2a6 err="query tmux on /tmp/tmux-501/ta-d596a9f9a2a6: exit status 1: no server running on /tmp/tmux-501/ta-d596a9f9a2a6"
time=2026-08-09T16:50:54.566+08:00 level=DEBUG msg="discovery: skipping unreachable socket" socket=/tmp/tmux-501/ta-d9dc8c25f425 err="query tmux on /tmp/tmux-501/ta-d9dc8c25f425: exit status 1: no server running on /tmp/tmux-501/ta-d9dc8c25f425"
time=2026-08-09T16:50:54.572+08:00 level=DEBUG msg="discovery: skipping unreachable socket" socket=/tmp/tmux-501/ta-e4fe872351d8 err="query tmux on /tmp/tmux-501/ta-e4fe872351d8: exit status 1: no server running on /tmp/tmux-501/ta-e4fe872351d8"
time=2026-08-09T16:50:54.578+08:00 level=DEBUG msg="discovery: skipping unreachable socket" socket=/tmp/tmux-501/ta-e94aa181e16c err="query tmux on /tmp/tmux-501/ta-e94aa181e16c: exit status 1: no server running on /tmp/tmux-501/ta-e94aa181e16c"
time=2026-08-09T16:50:54.584+08:00 level=DEBUG msg="discovery: skipping unreachable socket" socket=/tmp/tmux-501/ta-ebf95952bfe3 err="query tmux on /tmp/tmux-501/ta-ebf95952bfe3: exit status 1: no server running on /tmp/tmux-501/ta-ebf95952bfe3"
time=2026-08-09T16:50:54.590+08:00 level=DEBUG msg="discovery: skipping unreachable socket" socket=/tmp/tmux-501/ta-fa2252466833 err="query tmux on /tmp/tmux-501/ta-fa2252466833: exit status 1: no server running on /tmp/tmux-501/ta-fa2252466833"
time=2026-08-09T16:50:55.091+08:00 level=DEBUG msg="discovery: skipping socket directory" dir=/tmp/e2e-l2.KhUMRL/tmux/tmux-501 err="open /tmp/e2e-l2.KhUMRL/tmux/tmux-501: no such file or directory"
time=2026-08-09T16:50:55.109+08:00 level=DEBUG msg="discovery: skipping unreachable socket" socket=/tmp/tmux-501/ta-0da65bceb372 err="query tmux on /tmp/tmux-501/ta-0da65bceb372: exit status 1: no server running on /tmp/tmux-501/ta-0da65bceb372"
time=2026-08-09T16:50:55.114+08:00 level=DEBUG msg="discovery: skipping unreachable socket" socket=/tmp/tmux-501/ta-15c65b37a04a err="query tmux on /tmp/tmux-501/ta-15c65b37a04a: exit status 1: no server running on /tmp/tmux-501/ta-15c65b37a04a"
time=2026-08-09T16:50:55.119+08:00 level=DEBUG msg="discovery: skipping unreachable socket" socket=/tmp/tmux-501/ta-192b3d7a4b4d err="query tmux on /tmp/tmux-501/ta-192b3d7a4b4d: exit status 1: no server running on /tmp/tmux-501/ta-192b3d7a4b4d"
time=2026-08-09T16:50:55.124+08:00 level=DEBUG msg="discovery: skipping unreachable socket" socket=/tmp/tmux-501/ta-19bab105a233 err="query tmux on /tmp/tmux-501/ta-19bab105a233: exit status 1: no server running on /tmp/tmux-501/ta-19bab105a233"
time=2026-08-09T16:50:55.129+08:00 level=DEBUG msg="discovery: skipping unreachable socket" socket=/tmp/tmux-501/ta-2183ff26eaba err="query tmux on /tmp/tmux-501/ta-2183ff26eaba: exit status 1: no server running on /tmp/tmux-501/ta-2183ff26eaba"
time=2026-08-09T16:50:55.141+08:00 level=DEBUG msg="discovery: skipping unreachable socket" socket=/tmp/tmux-501/ta-27ae35442db0 err="query tmux on /tmp/tmux-501/ta-27ae35442db0: exit status 1: no server running on /tmp/tmux-501/ta-27ae35442db0"
time=2026-08-09T16:50:55.151+08:00 level=DEBUG msg="discovery: skipping unreachable socket" socket=/tmp/tmux-501/ta-29ad6c433fb0 err="query tmux on /tmp/tmux-501/ta-29ad6c433fb0: exit status 1: no server running on /tmp/tmux-501/ta-29ad6c433fb0"
time=2026-08-09T16:50:55.157+08:00 level=DEBUG msg="discovery: skipping unreachable socket" socket=/tmp/tmux-501/ta-2b2b0f6042c3 err="query tmux on /tmp/tmux-501/ta-2b2b0f6042c3: exit status 1: no server running on /tmp/tmux-501/ta-2b2b0f6042c3"
time=2026-08-09T16:50:55.162+08:00 level=DEBUG msg="discovery: skipping unreachable socket" socket=/tmp/tmux-501/ta-2d881fc24979 err="query tmux on /tmp/tmux-501/ta-2d881fc24979: exit status 1: no server running on /tmp/tmux-501/ta-2d881fc24979"
time=2026-08-09T16:50:55.168+08:00 level=DEBUG msg="discovery: skipping unreachable socket" socket=/tmp/tmux-501/ta-3511002e6186 err="query tmux on /tmp/tmux-501/ta-3511002e6186: exit status 1: no server running on /tmp/tmux-501/ta-3511002e6186"
time=2026-08-09T16:50:55.202+08:00 level=DEBUG msg="discovery: skipping unreachable socket" socket=/tmp/tmux-501/ta-670fcfc61db1 err="query tmux on /tmp/tmux-501/ta-670fcfc61db1: exit status 1: no server running on /tmp/tmux-501/ta-670fcfc61db1"
time=2026-08-09T16:50:55.207+08:00 level=DEBUG msg="discovery: skipping unreachable socket" socket=/tmp/tmux-501/ta-70c4b0b3f1e4 err="query tmux on /tmp/tmux-501/ta-70c4b0b3f1e4: exit status 1: no server running on /tmp/tmux-501/ta-70c4b0b3f1e4"
time=2026-08-09T16:50:55.213+08:00 level=DEBUG msg="discovery: skipping unreachable socket" socket=/tmp/tmux-501/ta-714648f68f78 err="query tmux on /tmp/tmux-501/ta-714648f68f78: exit status 1: no server running on /tmp/tmux-501/ta-714648f68f78"
time=2026-08-09T16:50:55.218+08:00 level=DEBUG msg="discovery: skipping unreachable socket" socket=/tmp/tmux-501/ta-76d99a0fb54d err="query tmux on /tmp/tmux-501/ta-76d99a0fb54d: exit status 1: no server running on /tmp/tmux-501/ta-76d99a0fb54d"
time=2026-08-09T16:50:55.224+08:00 level=DEBUG msg="discovery: skipping unreachable socket" socket=/tmp/tmux-501/ta-7ac14129e93d err="query tmux on /tmp/tmux-501/ta-7ac14129e93d: exit status 1: no server running on /tmp/tmux-501/ta-7ac14129e93d"
time=2026-08-09T16:50:55.230+08:00 level=DEBUG msg="discovery: skipping unreachable socket" socket=/tmp/tmux-501/ta-7cf3455fc7ef err="query tmux on /tmp/tmux-501/ta-7cf3455fc7ef: exit status 1: no server running on /tmp/tmux-501/ta-7cf3455fc7ef"
time=2026-08-09T16:50:55.235+08:00 level=DEBUG msg="discovery: skipping unreachable socket" socket=/tmp/tmux-501/ta-8871c1b9bea8 err="query tmux on /tmp/tmux-501/ta-8871c1b9bea8: exit status 1: no server running on /tmp/tmux-501/ta-8871c1b9bea8"
time=2026-08-09T16:50:55.246+08:00 level=DEBUG msg="discovery: skipping unreachable socket" socket=/tmp/tmux-501/ta-8f9301481b91 err="query tmux on /tmp/tmux-501/ta-8f9301481b91: exit status 1: no server running on /tmp/tmux-501/ta-8f9301481b91"
time=2026-08-09T16:50:55.251+08:00 level=DEBUG msg="discovery: skipping unreachable socket" socket=/tmp/tmux-501/ta-93b04f34a45d err="query tmux on /tmp/tmux-501/ta-93b04f34a45d: exit status 1: no server running on /tmp/tmux-501/ta-93b04f34a45d"
time=2026-08-09T16:50:55.268+08:00 level=DEBUG msg="discovery: skipping unreachable socket" socket=/tmp/tmux-501/ta-9f7ab2efc12e err="query tmux on /tmp/tmux-501/ta-9f7ab2efc12e: exit status 1: no server running on /tmp/tmux-501/ta-9f7ab2efc12e"
time=2026-08-09T16:50:55.274+08:00 level=DEBUG msg="discovery: skipping unreachable socket" socket=/tmp/tmux-501/ta-a389ed2be6d0 err="query tmux on /tmp/tmux-501/ta-a389ed2be6d0: exit status 1: no server running on /tmp/tmux-501/ta-a389ed2be6d0"
time=2026-08-09T16:50:55.314+08:00 level=DEBUG msg="discovery: skipping unreachable socket" socket=/tmp/tmux-501/ta-c16b1abaa054 err="query tmux on /tmp/tmux-501/ta-c16b1abaa054: exit status 1: no server running on /tmp/tmux-501/ta-c16b1abaa054"
time=2026-08-09T16:50:55.320+08:00 level=DEBUG msg="discovery: skipping unreachable socket" socket=/tmp/tmux-501/ta-d596a9f9a2a6 err="query tmux on /tmp/tmux-501/ta-d596a9f9a2a6: exit status 1: no server running on /tmp/tmux-501/ta-d596a9f9a2a6"
time=2026-08-09T16:50:55.333+08:00 level=DEBUG msg="discovery: skipping unreachable socket" socket=/tmp/tmux-501/ta-d9dc8c25f425 err="query tmux on /tmp/tmux-501/ta-d9dc8c25f425: exit status 1: no server running on /tmp/tmux-501/ta-d9dc8c25f425"
time=2026-08-09T16:50:55.338+08:00 level=DEBUG msg="discovery: skipping unreachable socket" socket=/tmp/tmux-501/ta-e4fe872351d8 err="query tmux on /tmp/tmux-501/ta-e4fe872351d8: exit status 1: no server running on /tmp/tmux-501/ta-e4fe872351d8"
time=2026-08-09T16:50:55.343+08:00 level=DEBUG msg="discovery: skipping unreachable socket" socket=/tmp/tmux-501/ta-e94aa181e16c err="query tmux on /tmp/tmux-501/ta-e94aa181e16c: exit status 1: no server running on /tmp/tmux-501/ta-e94aa181e16c"
time=2026-08-09T16:50:55.348+08:00 level=DEBUG msg="discovery: skipping unreachable socket" socket=/tmp/tmux-501/ta-ebf95952bfe3 err="query tmux on /tmp/tmux-501/ta-ebf95952bfe3: exit status 1: no server running on /tmp/tmux-501/ta-ebf95952bfe3"
time=2026-08-09T16:50:55.354+08:00 level=DEBUG msg="discovery: skipping unreachable socket" socket=/tmp/tmux-501/ta-fa2252466833 err="query tmux on /tmp/tmux-501/ta-fa2252466833: exit status 1: no server running on /tmp/tmux-501/ta-fa2252466833"
time=2026-08-09T16:50:55.855+08:00 level=DEBUG msg="discovery: skipping socket directory" dir=/tmp/e2e-l2.KhUMRL/tmux/tmux-501 err="open /tmp/e2e-l2.KhUMRL/tmux/tmux-501: no such file or directory"
time=2026-08-09T16:50:55.873+08:00 level=DEBUG msg="discovery: skipping unreachable socket" socket=/tmp/tmux-501/ta-0da65bceb372 err="query tmux on /tmp/tmux-501/ta-0da65bceb372: exit status 1: no server running on /tmp/tmux-501/ta-0da65bceb372"
time=2026-08-09T16:50:55.878+08:00 level=DEBUG msg="discovery: skipping unreachable socket" socket=/tmp/tmux-501/ta-15c65b37a04a err="query tmux on /tmp/tmux-501/ta-15c65b37a04a: exit status 1: no server running on /tmp/tmux-501/ta-15c65b37a04a"
time=2026-08-09T16:50:55.883+08:00 level=DEBUG msg="discovery: skipping unreachable socket" socket=/tmp/tmux-501/ta-192b3d7a4b4d err="query tmux on /tmp/tmux-501/ta-192b3d7a4b4d: exit status 1: no server running on /tmp/tmux-501/ta-192b3d7a4b4d"
time=2026-08-09T16:50:55.889+08:00 level=DEBUG msg="discovery: skipping unreachable socket" socket=/tmp/tmux-501/ta-19bab105a233 err="query tmux on /tmp/tmux-501/ta-19bab105a233: exit status 1: no server running on /tmp/tmux-501/ta-19bab105a233"
time=2026-08-09T16:50:55.894+08:00 level=DEBUG msg="discovery: skipping unreachable socket" socket=/tmp/tmux-501/ta-2183ff26eaba err="query tmux on /tmp/tmux-501/ta-2183ff26eaba: exit status 1: no server running on /tmp/tmux-501/ta-2183ff26eaba"
time=2026-08-09T16:50:55.904+08:00 level=DEBUG msg="discovery: skipping unreachable socket" socket=/tmp/tmux-501/ta-27ae35442db0 err="query tmux on /tmp/tmux-501/ta-27ae35442db0: exit status 1: no server running on /tmp/tmux-501/ta-27ae35442db0"
time=2026-08-09T16:50:55.915+08:00 level=DEBUG msg="discovery: skipping unreachable socket" socket=/tmp/tmux-501/ta-29ad6c433fb0 err="query tmux on /tmp/tmux-501/ta-29ad6c433fb0: exit status 1: no server running on /tmp/tmux-501/ta-29ad6c433fb0"
time=2026-08-09T16:50:55.919+08:00 level=DEBUG msg="discovery: skipping unreachable socket" socket=/tmp/tmux-501/ta-2b2b0f6042c3 err="query tmux on /tmp/tmux-501/ta-2b2b0f6042c3: exit status 1: no server running on /tmp/tmux-501/ta-2b2b0f6042c3"
time=2026-08-09T16:50:55.924+08:00 level=DEBUG msg="discovery: skipping unreachable socket" socket=/tmp/tmux-501/ta-2d881fc24979 err="query tmux on /tmp/tmux-501/ta-2d881fc24979: exit status 1: no server running on /tmp/tmux-501/ta-2d881fc24979"
time=2026-08-09T16:50:55.929+08:00 level=DEBUG msg="discovery: skipping unreachable socket" socket=/tmp/tmux-501/ta-3511002e6186 err="query tmux on /tmp/tmux-501/ta-3511002e6186: exit status 1: no server running on /tmp/tmux-501/ta-3511002e6186"
time=2026-08-09T16:50:55.945+08:00 level=DEBUG msg="discovery: skipping unreachable socket" socket=/tmp/tmux-501/ta-40cebf9b545f err="query tmux on /tmp/tmux-501/ta-40cebf9b545f: exit status 1: no server running on /tmp/tmux-501/ta-40cebf9b545f"
time=2026-08-09T16:50:55.961+08:00 level=DEBUG msg="discovery: skipping unreachable socket" socket=/tmp/tmux-501/ta-670fcfc61db1 err="query tmux on /tmp/tmux-501/ta-670fcfc61db1: exit status 1: no server running on /tmp/tmux-501/ta-670fcfc61db1"
time=2026-08-09T16:50:55.967+08:00 level=DEBUG msg="discovery: skipping unreachable socket" socket=/tmp/tmux-501/ta-70c4b0b3f1e4 err="query tmux on /tmp/tmux-501/ta-70c4b0b3f1e4: exit status 1: no server running on /tmp/tmux-501/ta-70c4b0b3f1e4"
time=2026-08-09T16:50:55.972+08:00 level=DEBUG msg="discovery: skipping unreachable socket" socket=/tmp/tmux-501/ta-714648f68f78 err="query tmux on /tmp/tmux-501/ta-714648f68f78: exit status 1: no server running on /tmp/tmux-501/ta-714648f68f78"
time=2026-08-09T16:50:55.976+08:00 level=DEBUG msg="discovery: skipping unreachable socket" socket=/tmp/tmux-501/ta-76d99a0fb54d err="query tmux on /tmp/tmux-501/ta-76d99a0fb54d: exit status 1: no server running on /tmp/tmux-501/ta-76d99a0fb54d"
time=2026-08-09T16:50:55.982+08:00 level=DEBUG msg="discovery: skipping unreachable socket" socket=/tmp/tmux-501/ta-7ac14129e93d err="query tmux on /tmp/tmux-501/ta-7ac14129e93d: exit status 1: no server running on /tmp/tmux-501/ta-7ac14129e93d"
time=2026-08-09T16:50:55.988+08:00 level=DEBUG msg="discovery: skipping unreachable socket" socket=/tmp/tmux-501/ta-7cf3455fc7ef err="query tmux on /tmp/tmux-501/ta-7cf3455fc7ef: exit status 1: no server running on /tmp/tmux-501/ta-7cf3455fc7ef"
time=2026-08-09T16:50:55.993+08:00 level=DEBUG msg="discovery: skipping unreachable socket" socket=/tmp/tmux-501/ta-8871c1b9bea8 err="query tmux on /tmp/tmux-501/ta-8871c1b9bea8: exit status 1: no server running on /tmp/tmux-501/ta-8871c1b9bea8"
time=2026-08-09T16:50:56.004+08:00 level=DEBUG msg="discovery: skipping unreachable socket" socket=/tmp/tmux-501/ta-8f9301481b91 err="query tmux on /tmp/tmux-501/ta-8f9301481b91: exit status 1: no server running on /tmp/tmux-501/ta-8f9301481b91"
time=2026-08-09T16:50:56.010+08:00 level=DEBUG msg="discovery: skipping unreachable socket" socket=/tmp/tmux-501/ta-93b04f34a45d err="query tmux on /tmp/tmux-501/ta-93b04f34a45d: exit status 1: no server running on /tmp/tmux-501/ta-93b04f34a45d"
time=2026-08-09T16:50:56.028+08:00 level=DEBUG msg="discovery: skipping unreachable socket" socket=/tmp/tmux-501/ta-9f7ab2efc12e err="query tmux on /tmp/tmux-501/ta-9f7ab2efc12e: exit status 1: no server running on /tmp/tmux-501/ta-9f7ab2efc12e"
time=2026-08-09T16:50:56.034+08:00 level=DEBUG msg="discovery: skipping unreachable socket" socket=/tmp/tmux-501/ta-a389ed2be6d0 err="query tmux on /tmp/tmux-501/ta-a389ed2be6d0: exit status 1: no server running on /tmp/tmux-501/ta-a389ed2be6d0"
time=2026-08-09T16:50:56.076+08:00 level=DEBUG msg="discovery: skipping unreachable socket" socket=/tmp/tmux-501/ta-c16b1abaa054 err="query tmux on /tmp/tmux-501/ta-c16b1abaa054: exit status 1: no server running on /tmp/tmux-501/ta-c16b1abaa054"
time=2026-08-09T16:50:56.082+08:00 level=DEBUG msg="discovery: skipping unreachable socket" socket=/tmp/tmux-501/ta-d596a9f9a2a6 err="query tmux on /tmp/tmux-501/ta-d596a9f9a2a6: exit status 1: no server running on /tmp/tmux-501/ta-d596a9f9a2a6"
time=2026-08-09T16:50:56.092+08:00 level=DEBUG msg="discovery: skipping unreachable socket" socket=/tmp/tmux-501/ta-d9dc8c25f425 err="query tmux on /tmp/tmux-501/ta-d9dc8c25f425: exit status 1: no server running on /tmp/tmux-501/ta-d9dc8c25f425"
time=2026-08-09T16:50:56.098+08:00 level=DEBUG msg="discovery: skipping unreachable socket" socket=/tmp/tmux-501/ta-e4fe872351d8 err="query tmux on /tmp/tmux-501/ta-e4fe872351d8: exit status 1: no server running on /tmp/tmux-501/ta-e4fe872351d8"
time=2026-08-09T16:50:56.103+08:00 level=DEBUG msg="discovery: skipping unreachable socket" socket=/tmp/tmux-501/ta-e94aa181e16c err="query tmux on /tmp/tmux-501/ta-e94aa181e16c: exit status 1: no server running on /tmp/tmux-501/ta-e94aa181e16c"
time=2026-08-09T16:50:56.108+08:00 level=DEBUG msg="discovery: skipping unreachable socket" socket=/tmp/tmux-501/ta-ebf95952bfe3 err="query tmux on /tmp/tmux-501/ta-ebf95952bfe3: exit status 1: no server running on /tmp/tmux-501/ta-ebf95952bfe3"
time=2026-08-09T16:50:56.113+08:00 level=DEBUG msg="discovery: skipping unreachable socket" socket=/tmp/tmux-501/ta-fa2252466833 err="query tmux on /tmp/tmux-501/ta-fa2252466833: exit status 1: no server running on /tmp/tmux-501/ta-fa2252466833"
time=2026-08-09T16:50:56.614+08:00 level=DEBUG msg="discovery: skipping socket directory" dir=/tmp/e2e-l2.KhUMRL/tmux/tmux-501 err="open /tmp/e2e-l2.KhUMRL/tmux/tmux-501: no such file or directory"
time=2026-08-09T16:50:56.632+08:00 level=DEBUG msg="discovery: skipping unreachable socket" socket=/tmp/tmux-501/ta-0da65bceb372 err="query tmux on /tmp/tmux-501/ta-0da65bceb372: exit status 1: no server running on /tmp/tmux-501/ta-0da65bceb372"
time=2026-08-09T16:50:56.637+08:00 level=DEBUG msg="discovery: skipping unreachable socket" socket=/tmp/tmux-501/ta-15c65b37a04a err="query tmux on /tmp/tmux-501/ta-15c65b37a04a: exit status 1: no server running on /tmp/tmux-501/ta-15c65b37a04a"
time=2026-08-09T16:50:56.643+08:00 level=DEBUG msg="discovery: skipping unreachable socket" socket=/tmp/tmux-501/ta-192b3d7a4b4d err="query tmux on /tmp/tmux-501/ta-192b3d7a4b4d: exit status 1: no server running on /tmp/tmux-501/ta-192b3d7a4b4d"
time=2026-08-09T16:50:56.649+08:00 level=DEBUG msg="discovery: skipping unreachable socket" socket=/tmp/tmux-501/ta-19bab105a233 err="query tmux on /tmp/tmux-501/ta-19bab105a233: exit status 1: no server running on /tmp/tmux-501/ta-19bab105a233"
time=2026-08-09T16:50:56.654+08:00 level=DEBUG msg="discovery: skipping unreachable socket" socket=/tmp/tmux-501/ta-2183ff26eaba err="query tmux on /tmp/tmux-501/ta-2183ff26eaba: exit status 1: no server running on /tmp/tmux-501/ta-2183ff26eaba"
time=2026-08-09T16:50:56.665+08:00 level=DEBUG msg="discovery: skipping unreachable socket" socket=/tmp/tmux-501/ta-27ae35442db0 err="query tmux on /tmp/tmux-501/ta-27ae35442db0: exit status 1: no server running on /tmp/tmux-501/ta-27ae35442db0"
time=2026-08-09T16:50:56.676+08:00 level=DEBUG msg="discovery: skipping unreachable socket" socket=/tmp/tmux-501/ta-29ad6c433fb0 err="query tmux on /tmp/tmux-501/ta-29ad6c433fb0: exit status 1: no server running on /tmp/tmux-501/ta-29ad6c433fb0"
time=2026-08-09T16:50:56.682+08:00 level=DEBUG msg="discovery: skipping unreachable socket" socket=/tmp/tmux-501/ta-2b2b0f6042c3 err="query tmux on /tmp/tmux-501/ta-2b2b0f6042c3: exit status 1: no server running on /tmp/tmux-501/ta-2b2b0f6042c3"
time=2026-08-09T16:50:56.687+08:00 level=DEBUG msg="discovery: skipping unreachable socket" socket=/tmp/tmux-501/ta-2d881fc24979 err="query tmux on /tmp/tmux-501/ta-2d881fc24979: exit status 1: no server running on /tmp/tmux-501/ta-2d881fc24979"
time=2026-08-09T16:50:56.693+08:00 level=DEBUG msg="discovery: skipping unreachable socket" socket=/tmp/tmux-501/ta-3511002e6186 err="query tmux on /tmp/tmux-501/ta-3511002e6186: exit status 1: no server running on /tmp/tmux-501/ta-3511002e6186"
time=2026-08-09T16:50:56.709+08:00 level=DEBUG msg="discovery: skipping unreachable socket" socket=/tmp/tmux-501/ta-40cebf9b545f err="query tmux on /tmp/tmux-501/ta-40cebf9b545f: exit status 1: no server running on /tmp/tmux-501/ta-40cebf9b545f"
time=2026-08-09T16:50:56.725+08:00 level=DEBUG msg="discovery: skipping unreachable socket" socket=/tmp/tmux-501/ta-670fcfc61db1 err="query tmux on /tmp/tmux-501/ta-670fcfc61db1: exit status 1: no server running on /tmp/tmux-501/ta-670fcfc61db1"
time=2026-08-09T16:50:56.730+08:00 level=DEBUG msg="discovery: skipping unreachable socket" socket=/tmp/tmux-501/ta-70c4b0b3f1e4 err="query tmux on /tmp/tmux-501/ta-70c4b0b3f1e4: exit status 1: no server running on /tmp/tmux-501/ta-70c4b0b3f1e4"
time=2026-08-09T16:50:56.736+08:00 level=DEBUG msg="discovery: skipping unreachable socket" socket=/tmp/tmux-501/ta-714648f68f78 err="query tmux on /tmp/tmux-501/ta-714648f68f78: exit status 1: no server running on /tmp/tmux-501/ta-714648f68f78"
time=2026-08-09T16:50:56.741+08:00 level=DEBUG msg="discovery: skipping unreachable socket" socket=/tmp/tmux-501/ta-76d99a0fb54d err="query tmux on /tmp/tmux-501/ta-76d99a0fb54d: exit status 1: no server running on /tmp/tmux-501/ta-76d99a0fb54d"
time=2026-08-09T16:50:56.746+08:00 level=DEBUG msg="discovery: skipping unreachable socket" socket=/tmp/tmux-501/ta-7ac14129e93d err="query tmux on /tmp/tmux-501/ta-7ac14129e93d: exit status 1: no server running on /tmp/tmux-501/ta-7ac14129e93d"
time=2026-08-09T16:50:56.751+08:00 level=DEBUG msg="discovery: skipping unreachable socket" socket=/tmp/tmux-501/ta-7cf3455fc7ef err="query tmux on /tmp/tmux-501/ta-7cf3455fc7ef: exit status 1: no server running on /tmp/tmux-501/ta-7cf3455fc7ef"
time=2026-08-09T16:50:56.757+08:00 level=DEBUG msg="discovery: skipping unreachable socket" socket=/tmp/tmux-501/ta-8871c1b9bea8 err="query tmux on /tmp/tmux-501/ta-8871c1b9bea8: exit status 1: no server running on /tmp/tmux-501/ta-8871c1b9bea8"
time=2026-08-09T16:50:56.769+08:00 level=DEBUG msg="discovery: skipping unreachable socket" socket=/tmp/tmux-501/ta-8f9301481b91 err="query tmux on /tmp/tmux-501/ta-8f9301481b91: exit status 1: no server running on /tmp/tmux-501/ta-8f9301481b91"
time=2026-08-09T16:50:56.774+08:00 level=DEBUG msg="discovery: skipping unreachable socket" socket=/tmp/tmux-501/ta-93b04f34a45d err="query tmux on /tmp/tmux-501/ta-93b04f34a45d: exit status 1: no server running on /tmp/tmux-501/ta-93b04f34a45d"
time=2026-08-09T16:50:56.791+08:00 level=DEBUG msg="discovery: skipping unreachable socket" socket=/tmp/tmux-501/ta-9f7ab2efc12e err="query tmux on /tmp/tmux-501/ta-9f7ab2efc12e: exit status 1: no server running on /tmp/tmux-501/ta-9f7ab2efc12e"
time=2026-08-09T16:50:56.797+08:00 level=DEBUG msg="discovery: skipping unreachable socket" socket=/tmp/tmux-501/ta-a389ed2be6d0 err="query tmux on /tmp/tmux-501/ta-a389ed2be6d0: exit status 1: no server running on /tmp/tmux-501/ta-a389ed2be6d0"
time=2026-08-09T16:50:56.840+08:00 level=DEBUG msg="discovery: skipping unreachable socket" socket=/tmp/tmux-501/ta-c16b1abaa054 err="query tmux on /tmp/tmux-501/ta-c16b1abaa054: exit status 1: no server running on /tmp/tmux-501/ta-c16b1abaa054"
time=2026-08-09T16:50:56.846+08:00 level=DEBUG msg="discovery: skipping unreachable socket" socket=/tmp/tmux-501/ta-d596a9f9a2a6 err="query tmux on /tmp/tmux-501/ta-d596a9f9a2a6: exit status 1: no server running on /tmp/tmux-501/ta-d596a9f9a2a6"
time=2026-08-09T16:50:56.857+08:00 level=DEBUG msg="discovery: skipping unreachable socket" socket=/tmp/tmux-501/ta-d9dc8c25f425 err="query tmux on /tmp/tmux-501/ta-d9dc8c25f425: exit status 1: no server running on /tmp/tmux-501/ta-d9dc8c25f425"
time=2026-08-09T16:50:56.862+08:00 level=DEBUG msg="discovery: skipping unreachable socket" socket=/tmp/tmux-501/ta-e4fe872351d8 err="query tmux on /tmp/tmux-501/ta-e4fe872351d8: exit status 1: no server running on /tmp/tmux-501/ta-e4fe872351d8"
time=2026-08-09T16:50:56.868+08:00 level=DEBUG msg="discovery: skipping unreachable socket" socket=/tmp/tmux-501/ta-e94aa181e16c err="query tmux on /tmp/tmux-501/ta-e94aa181e16c: exit status 1: no server running on /tmp/tmux-501/ta-e94aa181e16c"
time=2026-08-09T16:50:56.874+08:00 level=DEBUG msg="discovery: skipping unreachable socket" socket=/tmp/tmux-501/ta-ebf95952bfe3 err="query tmux on /tmp/tmux-501/ta-ebf95952bfe3: exit status 1: no server running on /tmp/tmux-501/ta-ebf95952bfe3"
time=2026-08-09T16:50:56.879+08:00 level=DEBUG msg="discovery: skipping unreachable socket" socket=/tmp/tmux-501/ta-fa2252466833 err="query tmux on /tmp/tmux-501/ta-fa2252466833: exit status 1: no server running on /tmp/tmux-501/ta-fa2252466833"
time=2026-08-09T16:50:56.880+08:00 level=DEBUG msg="listing: no changes"
time=2026-08-09T16:50:57.381+08:00 level=DEBUG msg="discovery: skipping socket directory" dir=/tmp/e2e-l2.KhUMRL/tmux/tmux-501 err="open /tmp/e2e-l2.KhUMRL/tmux/tmux-501: no such file or directory"
time=2026-08-09T16:50:57.398+08:00 level=DEBUG msg="discovery: skipping unreachable socket" socket=/tmp/tmux-501/ta-0da65bceb372 err="query tmux on /tmp/tmux-501/ta-0da65bceb372: exit status 1: no server running on /tmp/tmux-501/ta-0da65bceb372"
time=2026-08-09T16:50:57.403+08:00 level=DEBUG msg="discovery: skipping unreachable socket" socket=/tmp/tmux-501/ta-15c65b37a04a err="query tmux on /tmp/tmux-501/ta-15c65b37a04a: exit status 1: no server running on /tmp/tmux-501/ta-15c65b37a04a"
time=2026-08-09T16:50:57.409+08:00 level=DEBUG msg="discovery: skipping unreachable socket" socket=/tmp/tmux-501/ta-192b3d7a4b4d err="query tmux on /tmp/tmux-501/ta-192b3d7a4b4d: exit status 1: no server running on /tmp/tmux-501/ta-192b3d7a4b4d"
time=2026-08-09T16:50:57.414+08:00 level=DEBUG msg="discovery: skipping unreachable socket" socket=/tmp/tmux-501/ta-19bab105a233 err="query tmux on /tmp/tmux-501/ta-19bab105a233: exit status 1: no server running on /tmp/tmux-501/ta-19bab105a233"
time=2026-08-09T16:50:57.419+08:00 level=DEBUG msg="discovery: skipping unreachable socket" socket=/tmp/tmux-501/ta-2183ff26eaba err="query tmux on /tmp/tmux-501/ta-2183ff26eaba: exit status 1: no server running on /tmp/tmux-501/ta-2183ff26eaba"
time=2026-08-09T16:50:57.430+08:00 level=DEBUG msg="discovery: skipping unreachable socket" socket=/tmp/tmux-501/ta-27ae35442db0 err="query tmux on /tmp/tmux-501/ta-27ae35442db0: exit status 1: no server running on /tmp/tmux-501/ta-27ae35442db0"
time=2026-08-09T16:50:57.440+08:00 level=DEBUG msg="discovery: skipping unreachable socket" socket=/tmp/tmux-501/ta-29ad6c433fb0 err="query tmux on /tmp/tmux-501/ta-29ad6c433fb0: exit status 1: no server running on /tmp/tmux-501/ta-29ad6c433fb0"
time=2026-08-09T16:50:57.446+08:00 level=DEBUG msg="discovery: skipping unreachable socket" socket=/tmp/tmux-501/ta-2b2b0f6042c3 err="query tmux on /tmp/tmux-501/ta-2b2b0f6042c3: exit status 1: no server running on /tmp/tmux-501/ta-2b2b0f6042c3"
time=2026-08-09T16:50:57.451+08:00 level=DEBUG msg="discovery: skipping unreachable socket" socket=/tmp/tmux-501/ta-2d881fc24979 err="query tmux on /tmp/tmux-501/ta-2d881fc24979: exit status 1: no server running on /tmp/tmux-501/ta-2d881fc24979"
time=2026-08-09T16:50:57.457+08:00 level=DEBUG msg="discovery: skipping unreachable socket" socket=/tmp/tmux-501/ta-306c9a9ea831 err="query tmux on /tmp/tmux-501/ta-306c9a9ea831: exit status 1: no server running on /tmp/tmux-501/ta-306c9a9ea831"
time=2026-08-09T16:50:57.463+08:00 level=DEBUG msg="discovery: skipping unreachable socket" socket=/tmp/tmux-501/ta-3511002e6186 err="query tmux on /tmp/tmux-501/ta-3511002e6186: exit status 1: no server running on /tmp/tmux-501/ta-3511002e6186"
time=2026-08-09T16:50:57.491+08:00 level=DEBUG msg="discovery: skipping unreachable socket" socket=/tmp/tmux-501/ta-670fcfc61db1 err="query tmux on /tmp/tmux-501/ta-670fcfc61db1: exit status 1: no server running on /tmp/tmux-501/ta-670fcfc61db1"
time=2026-08-09T16:50:57.497+08:00 level=DEBUG msg="discovery: skipping unreachable socket" socket=/tmp/tmux-501/ta-70c4b0b3f1e4 err="query tmux on /tmp/tmux-501/ta-70c4b0b3f1e4: exit status 1: no server running on /tmp/tmux-501/ta-70c4b0b3f1e4"
time=2026-08-09T16:50:57.502+08:00 level=DEBUG msg="discovery: skipping unreachable socket" socket=/tmp/tmux-501/ta-714648f68f78 err="query tmux on /tmp/tmux-501/ta-714648f68f78: exit status 1: no server running on /tmp/tmux-501/ta-714648f68f78"
time=2026-08-09T16:50:57.507+08:00 level=DEBUG msg="discovery: skipping unreachable socket" socket=/tmp/tmux-501/ta-76d99a0fb54d err="query tmux on /tmp/tmux-501/ta-76d99a0fb54d: exit status 1: no server running on /tmp/tmux-501/ta-76d99a0fb54d"
time=2026-08-09T16:50:57.512+08:00 level=DEBUG msg="discovery: skipping unreachable socket" socket=/tmp/tmux-501/ta-7ac14129e93d err="query tmux on /tmp/tmux-501/ta-7ac14129e93d: exit status 1: no server running on /tmp/tmux-501/ta-7ac14129e93d"
time=2026-08-09T16:50:57.518+08:00 level=DEBUG msg="discovery: skipping unreachable socket" socket=/tmp/tmux-501/ta-7cf3455fc7ef err="query tmux on /tmp/tmux-501/ta-7cf3455fc7ef: exit status 1: no server running on /tmp/tmux-501/ta-7cf3455fc7ef"
time=2026-08-09T16:50:57.523+08:00 level=DEBUG msg="discovery: skipping unreachable socket" socket=/tmp/tmux-501/ta-8871c1b9bea8 err="query tmux on /tmp/tmux-501/ta-8871c1b9bea8: exit status 1: no server running on /tmp/tmux-501/ta-8871c1b9bea8"
time=2026-08-09T16:50:57.534+08:00 level=DEBUG msg="discovery: skipping unreachable socket" socket=/tmp/tmux-501/ta-8f9301481b91 err="query tmux on /tmp/tmux-501/ta-8f9301481b91: exit status 1: no server running on /tmp/tmux-501/ta-8f9301481b91"
time=2026-08-09T16:50:57.539+08:00 level=DEBUG msg="discovery: skipping unreachable socket" socket=/tmp/tmux-501/ta-93b04f34a45d err="query tmux on /tmp/tmux-501/ta-93b04f34a45d: exit status 1: no server running on /tmp/tmux-501/ta-93b04f34a45d"
time=2026-08-09T16:50:57.555+08:00 level=DEBUG msg="discovery: skipping unreachable socket" socket=/tmp/tmux-501/ta-9f7ab2efc12e err="query tmux on /tmp/tmux-501/ta-9f7ab2efc12e: exit status 1: no server running on /tmp/tmux-501/ta-9f7ab2efc12e"
time=2026-08-09T16:50:57.560+08:00 level=DEBUG msg="discovery: skipping unreachable socket" socket=/tmp/tmux-501/ta-a389ed2be6d0 err="query tmux on /tmp/tmux-501/ta-a389ed2be6d0: exit status 1: no server running on /tmp/tmux-501/ta-a389ed2be6d0"
time=2026-08-09T16:50:57.601+08:00 level=DEBUG msg="discovery: skipping unreachable socket" socket=/tmp/tmux-501/ta-c16b1abaa054 err="query tmux on /tmp/tmux-501/ta-c16b1abaa054: exit status 1: no server running on /tmp/tmux-501/ta-c16b1abaa054"
time=2026-08-09T16:50:57.605+08:00 level=DEBUG msg="discovery: skipping unreachable socket" socket=/tmp/tmux-501/ta-d596a9f9a2a6 err="query tmux on /tmp/tmux-501/ta-d596a9f9a2a6: exit status 1: no server running on /tmp/tmux-501/ta-d596a9f9a2a6"
time=2026-08-09T16:50:57.617+08:00 level=DEBUG msg="discovery: skipping unreachable socket" socket=/tmp/tmux-501/ta-d9dc8c25f425 err="query tmux on /tmp/tmux-501/ta-d9dc8c25f425: exit status 1: no server running on /tmp/tmux-501/ta-d9dc8c25f425"
time=2026-08-09T16:50:57.622+08:00 level=DEBUG msg="discovery: skipping unreachable socket" socket=/tmp/tmux-501/ta-e4fe872351d8 err="query tmux on /tmp/tmux-501/ta-e4fe872351d8: exit status 1: no server running on /tmp/tmux-501/ta-e4fe872351d8"
time=2026-08-09T16:50:57.627+08:00 level=DEBUG msg="discovery: skipping unreachable socket" socket=/tmp/tmux-501/ta-e94aa181e16c err="query tmux on /tmp/tmux-501/ta-e94aa181e16c: exit status 1: no server running on /tmp/tmux-501/ta-e94aa181e16c"
time=2026-08-09T16:50:57.633+08:00 level=DEBUG msg="discovery: skipping unreachable socket" socket=/tmp/tmux-501/ta-ebf95952bfe3 err="query tmux on /tmp/tmux-501/ta-ebf95952bfe3: exit status 1: no server running on /tmp/tmux-501/ta-ebf95952bfe3"
time=2026-08-09T16:50:57.639+08:00 level=DEBUG msg="discovery: skipping unreachable socket" socket=/tmp/tmux-501/ta-fa2252466833 err="query tmux on /tmp/tmux-501/ta-fa2252466833: exit status 1: no server running on /tmp/tmux-501/ta-fa2252466833"
time=2026-08-09T16:50:57.639+08:00 level=DEBUG msg="listing: no changes"
time=2026-08-09T16:50:57.647+08:00 level=DEBUG msg="state: sample failed" ref="/tmp/tmux-501/ta-4084e65390fc\x1f%200" err="capture pane %200 on /tmp/tmux-501/ta-4084e65390fc: exit status 1"
time=2026-08-09T16:50:58.140+08:00 level=DEBUG msg="discovery: skipping socket directory" dir=/tmp/e2e-l2.KhUMRL/tmux/tmux-501 err="open /tmp/e2e-l2.KhUMRL/tmux/tmux-501: no such file or directory"
time=2026-08-09T16:50:58.159+08:00 level=DEBUG msg="discovery: skipping unreachable socket" socket=/tmp/tmux-501/ta-0da65bceb372 err="query tmux on /tmp/tmux-501/ta-0da65bceb372: exit status 1: no server running on /tmp/tmux-501/ta-0da65bceb372"
time=2026-08-09T16:50:58.164+08:00 level=DEBUG msg="discovery: skipping unreachable socket" socket=/tmp/tmux-501/ta-15c65b37a04a err="query tmux on /tmp/tmux-501/ta-15c65b37a04a: exit status 1: no server running on /tmp/tmux-501/ta-15c65b37a04a"
time=2026-08-09T16:50:58.171+08:00 level=DEBUG msg="discovery: skipping unreachable socket" socket=/tmp/tmux-501/ta-192b3d7a4b4d err="query tmux on /tmp/tmux-501/ta-192b3d7a4b4d: exit status 1: no server running on /tmp/tmux-501/ta-192b3d7a4b4d"
time=2026-08-09T16:50:58.178+08:00 level=DEBUG msg="discovery: skipping unreachable socket" socket=/tmp/tmux-501/ta-19bab105a233 err="query tmux on /tmp/tmux-501/ta-19bab105a233: exit status 1: no server running on /tmp/tmux-501/ta-19bab105a233"
time=2026-08-09T16:50:58.184+08:00 level=DEBUG msg="discovery: skipping unreachable socket" socket=/tmp/tmux-501/ta-2183ff26eaba err="query tmux on /tmp/tmux-501/ta-2183ff26eaba: exit status 1: no server running on /tmp/tmux-501/ta-2183ff26eaba"
time=2026-08-09T16:50:58.197+08:00 level=DEBUG msg="discovery: skipping unreachable socket" socket=/tmp/tmux-501/ta-27ae35442db0 err="query tmux on /tmp/tmux-501/ta-27ae35442db0: exit status 1: no server running on /tmp/tmux-501/ta-27ae35442db0"
time=2026-08-09T16:50:58.210+08:00 level=DEBUG msg="discovery: skipping unreachable socket" socket=/tmp/tmux-501/ta-29ad6c433fb0 err="query tmux on /tmp/tmux-501/ta-29ad6c433fb0: exit status 1: no server running on /tmp/tmux-501/ta-29ad6c433fb0"
time=2026-08-09T16:50:58.215+08:00 level=DEBUG msg="discovery: skipping unreachable socket" socket=/tmp/tmux-501/ta-2b2b0f6042c3 err="query tmux on /tmp/tmux-501/ta-2b2b0f6042c3: exit status 1: no server running on /tmp/tmux-501/ta-2b2b0f6042c3"
time=2026-08-09T16:50:58.221+08:00 level=DEBUG msg="discovery: skipping unreachable socket" socket=/tmp/tmux-501/ta-2d881fc24979 err="query tmux on /tmp/tmux-501/ta-2d881fc24979: exit status 1: no server running on /tmp/tmux-501/ta-2d881fc24979"
time=2026-08-09T16:50:58.227+08:00 level=DEBUG msg="discovery: skipping unreachable socket" socket=/tmp/tmux-501/ta-306c9a9ea831 err="query tmux on /tmp/tmux-501/ta-306c9a9ea831: exit status 1: no server running on /tmp/tmux-501/ta-306c9a9ea831"
time=2026-08-09T16:50:58.236+08:00 level=DEBUG msg="discovery: skipping unreachable socket" socket=/tmp/tmux-501/ta-3511002e6186 err="query tmux on /tmp/tmux-501/ta-3511002e6186: exit status 1: no server running on /tmp/tmux-501/ta-3511002e6186"
time=2026-08-09T16:50:58.272+08:00 level=DEBUG msg="discovery: skipping unreachable socket" socket=/tmp/tmux-501/ta-670fcfc61db1 err="query tmux on /tmp/tmux-501/ta-670fcfc61db1: exit status 1: no server running on /tmp/tmux-501/ta-670fcfc61db1"
time=2026-08-09T16:50:58.282+08:00 level=DEBUG msg="discovery: skipping unreachable socket" socket=/tmp/tmux-501/ta-70c4b0b3f1e4 err="query tmux on /tmp/tmux-501/ta-70c4b0b3f1e4: exit status 1: no server running on /tmp/tmux-501/ta-70c4b0b3f1e4"
time=2026-08-09T16:50:58.288+08:00 level=DEBUG msg="discovery: skipping unreachable socket" socket=/tmp/tmux-501/ta-714648f68f78 err="query tmux on /tmp/tmux-501/ta-714648f68f78: exit status 1: no server running on /tmp/tmux-501/ta-714648f68f78"
time=2026-08-09T16:50:58.294+08:00 level=DEBUG msg="discovery: skipping unreachable socket" socket=/tmp/tmux-501/ta-76d99a0fb54d err="query tmux on /tmp/tmux-501/ta-76d99a0fb54d: exit status 1: no server running on /tmp/tmux-501/ta-76d99a0fb54d"
time=2026-08-09T16:50:58.300+08:00 level=DEBUG msg="discovery: skipping unreachable socket" socket=/tmp/tmux-501/ta-7ac14129e93d err="query tmux on /tmp/tmux-501/ta-7ac14129e93d: exit status 1: no server running on /tmp/tmux-501/ta-7ac14129e93d"
time=2026-08-09T16:50:58.307+08:00 level=DEBUG msg="discovery: skipping unreachable socket" socket=/tmp/tmux-501/ta-7cf3455fc7ef err="query tmux on /tmp/tmux-501/ta-7cf3455fc7ef: exit status 1: no server running on /tmp/tmux-501/ta-7cf3455fc7ef"
time=2026-08-09T16:50:58.312+08:00 level=DEBUG msg="discovery: skipping unreachable socket" socket=/tmp/tmux-501/ta-8871c1b9bea8 err="query tmux on /tmp/tmux-501/ta-8871c1b9bea8: exit status 1: no server running on /tmp/tmux-501/ta-8871c1b9bea8"
time=2026-08-09T16:50:58.325+08:00 level=DEBUG msg="discovery: skipping unreachable socket" socket=/tmp/tmux-501/ta-8f9301481b91 err="query tmux on /tmp/tmux-501/ta-8f9301481b91: exit status 1: no server running on /tmp/tmux-501/ta-8f9301481b91"
time=2026-08-09T16:50:58.331+08:00 level=DEBUG msg="discovery: skipping unreachable socket" socket=/tmp/tmux-501/ta-93b04f34a45d err="query tmux on /tmp/tmux-501/ta-93b04f34a45d: exit status 1: no server running on /tmp/tmux-501/ta-93b04f34a45d"
time=2026-08-09T16:50:58.350+08:00 level=DEBUG msg="discovery: skipping unreachable socket" socket=/tmp/tmux-501/ta-9f7ab2efc12e err="query tmux on /tmp/tmux-501/ta-9f7ab2efc12e: exit status 1: no server running on /tmp/tmux-501/ta-9f7ab2efc12e"
time=2026-08-09T16:50:58.356+08:00 level=DEBUG msg="discovery: skipping unreachable socket" socket=/tmp/tmux-501/ta-a389ed2be6d0 err="query tmux on /tmp/tmux-501/ta-a389ed2be6d0: exit status 1: no server running on /tmp/tmux-501/ta-a389ed2be6d0"
time=2026-08-09T16:50:58.403+08:00 level=DEBUG msg="discovery: skipping unreachable socket" socket=/tmp/tmux-501/ta-c16b1abaa054 err="query tmux on /tmp/tmux-501/ta-c16b1abaa054: exit status 1: no server running on /tmp/tmux-501/ta-c16b1abaa054"
time=2026-08-09T16:50:58.410+08:00 level=DEBUG msg="discovery: skipping unreachable socket" socket=/tmp/tmux-501/ta-d596a9f9a2a6 err="query tmux on /tmp/tmux-501/ta-d596a9f9a2a6: exit status 1: no server running on /tmp/tmux-501/ta-d596a9f9a2a6"
time=2026-08-09T16:50:58.424+08:00 level=DEBUG msg="discovery: skipping unreachable socket" socket=/tmp/tmux-501/ta-d9dc8c25f425 err="query tmux on /tmp/tmux-501/ta-d9dc8c25f425: exit status 1: no server running on /tmp/tmux-501/ta-d9dc8c25f425"
time=2026-08-09T16:50:58.430+08:00 level=DEBUG msg="discovery: skipping unreachable socket" socket=/tmp/tmux-501/ta-e4fe872351d8 err="query tmux on /tmp/tmux-501/ta-e4fe872351d8: exit status 1: no server running on /tmp/tmux-501/ta-e4fe872351d8"
time=2026-08-09T16:50:58.436+08:00 level=DEBUG msg="discovery: skipping unreachable socket" socket=/tmp/tmux-501/ta-e94aa181e16c err="query tmux on /tmp/tmux-501/ta-e94aa181e16c: exit status 1: no server running on /tmp/tmux-501/ta-e94aa181e16c"
time=2026-08-09T16:50:58.442+08:00 level=DEBUG msg="discovery: skipping unreachable socket" socket=/tmp/tmux-501/ta-ebf95952bfe3 err="query tmux on /tmp/tmux-501/ta-ebf95952bfe3: exit status 1: no server running on /tmp/tmux-501/ta-ebf95952bfe3"
time=2026-08-09T16:50:58.447+08:00 level=DEBUG msg="discovery: skipping unreachable socket" socket=/tmp/tmux-501/ta-fa2252466833 err="query tmux on /tmp/tmux-501/ta-fa2252466833: exit status 1: no server running on /tmp/tmux-501/ta-fa2252466833"
time=2026-08-09T16:50:58.948+08:00 level=DEBUG msg="discovery: skipping socket directory" dir=/tmp/e2e-l2.KhUMRL/tmux/tmux-501 err="open /tmp/e2e-l2.KhUMRL/tmux/tmux-501: no such file or directory"
time=2026-08-09T16:50:58.968+08:00 level=DEBUG msg="discovery: skipping unreachable socket" socket=/tmp/tmux-501/ta-0da65bceb372 err="query tmux on /tmp/tmux-501/ta-0da65bceb372: exit status 1: no server running on /tmp/tmux-501/ta-0da65bceb372"
time=2026-08-09T16:50:58.973+08:00 level=DEBUG msg="discovery: skipping unreachable socket" socket=/tmp/tmux-501/ta-15c65b37a04a err="query tmux on /tmp/tmux-501/ta-15c65b37a04a: exit status 1: no server running on /tmp/tmux-501/ta-15c65b37a04a"
time=2026-08-09T16:50:58.979+08:00 level=DEBUG msg="discovery: skipping unreachable socket" socket=/tmp/tmux-501/ta-192b3d7a4b4d err="query tmux on /tmp/tmux-501/ta-192b3d7a4b4d: exit status 1: no server running on /tmp/tmux-501/ta-192b3d7a4b4d"
time=2026-08-09T16:50:58.985+08:00 level=DEBUG msg="discovery: skipping unreachable socket" socket=/tmp/tmux-501/ta-19bab105a233 err="query tmux on /tmp/tmux-501/ta-19bab105a233: exit status 1: no server running on /tmp/tmux-501/ta-19bab105a233"
time=2026-08-09T16:50:58.991+08:00 level=DEBUG msg="discovery: skipping unreachable socket" socket=/tmp/tmux-501/ta-2183ff26eaba err="query tmux on /tmp/tmux-501/ta-2183ff26eaba: exit status 1: no server running on /tmp/tmux-501/ta-2183ff26eaba"
time=2026-08-09T16:50:59.002+08:00 level=DEBUG msg="discovery: skipping unreachable socket" socket=/tmp/tmux-501/ta-27ae35442db0 err="query tmux on /tmp/tmux-501/ta-27ae35442db0: exit status 1: no server running on /tmp/tmux-501/ta-27ae35442db0"
time=2026-08-09T16:50:59.017+08:00 level=DEBUG msg="discovery: skipping unreachable socket" socket=/tmp/tmux-501/ta-29ad6c433fb0 err="query tmux on /tmp/tmux-501/ta-29ad6c433fb0: exit status 1: no server running on /tmp/tmux-501/ta-29ad6c433fb0"
time=2026-08-09T16:50:59.023+08:00 level=DEBUG msg="discovery: skipping unreachable socket" socket=/tmp/tmux-501/ta-2b2b0f6042c3 err="query tmux on /tmp/tmux-501/ta-2b2b0f6042c3: exit status 1: no server running on /tmp/tmux-501/ta-2b2b0f6042c3"
time=2026-08-09T16:50:59.028+08:00 level=DEBUG msg="discovery: skipping unreachable socket" socket=/tmp/tmux-501/ta-2d881fc24979 err="query tmux on /tmp/tmux-501/ta-2d881fc24979: exit status 1: no server running on /tmp/tmux-501/ta-2d881fc24979"
time=2026-08-09T16:50:59.034+08:00 level=DEBUG msg="discovery: skipping unreachable socket" socket=/tmp/tmux-501/ta-306c9a9ea831 err="query tmux on /tmp/tmux-501/ta-306c9a9ea831: exit status 1: no server running on /tmp/tmux-501/ta-306c9a9ea831"
time=2026-08-09T16:50:59.039+08:00 level=DEBUG msg="discovery: skipping unreachable socket" socket=/tmp/tmux-501/ta-3511002e6186 err="query tmux on /tmp/tmux-501/ta-3511002e6186: exit status 1: no server running on /tmp/tmux-501/ta-3511002e6186"
time=2026-08-09T16:50:59.061+08:00 level=DEBUG msg="discovery: skipping unreachable socket" socket=/tmp/tmux-501/ta-5323cbb90a86 err="query tmux on /tmp/tmux-501/ta-5323cbb90a86: exit status 1: no server running on /tmp/tmux-501/ta-5323cbb90a86"
time=2026-08-09T16:50:59.072+08:00 level=DEBUG msg="discovery: skipping unreachable socket" socket=/tmp/tmux-501/ta-670fcfc61db1 err="query tmux on /tmp/tmux-501/ta-670fcfc61db1: exit status 1: no server running on /tmp/tmux-501/ta-670fcfc61db1"
time=2026-08-09T16:50:59.077+08:00 level=DEBUG msg="discovery: skipping unreachable socket" socket=/tmp/tmux-501/ta-70c4b0b3f1e4 err="query tmux on /tmp/tmux-501/ta-70c4b0b3f1e4: exit status 1: no server running on /tmp/tmux-501/ta-70c4b0b3f1e4"
time=2026-08-09T16:50:59.082+08:00 level=DEBUG msg="discovery: skipping unreachable socket" socket=/tmp/tmux-501/ta-714648f68f78 err="query tmux on /tmp/tmux-501/ta-714648f68f78: exit status 1: no server running on /tmp/tmux-501/ta-714648f68f78"
time=2026-08-09T16:50:59.088+08:00 level=DEBUG msg="discovery: skipping unreachable socket" socket=/tmp/tmux-501/ta-76d99a0fb54d err="query tmux on /tmp/tmux-501/ta-76d99a0fb54d: exit status 1: no server running on /tmp/tmux-501/ta-76d99a0fb54d"
time=2026-08-09T16:50:59.093+08:00 level=DEBUG msg="discovery: skipping unreachable socket" socket=/tmp/tmux-501/ta-7ac14129e93d err="query tmux on /tmp/tmux-501/ta-7ac14129e93d: exit status 1: no server running on /tmp/tmux-501/ta-7ac14129e93d"
time=2026-08-09T16:50:59.099+08:00 level=DEBUG msg="discovery: skipping unreachable socket" socket=/tmp/tmux-501/ta-7cf3455fc7ef err="query tmux on /tmp/tmux-501/ta-7cf3455fc7ef: exit status 1: no server running on /tmp/tmux-501/ta-7cf3455fc7ef"
time=2026-08-09T16:50:59.104+08:00 level=DEBUG msg="discovery: skipping unreachable socket" socket=/tmp/tmux-501/ta-8871c1b9bea8 err="query tmux on /tmp/tmux-501/ta-8871c1b9bea8: exit status 1: no server running on /tmp/tmux-501/ta-8871c1b9bea8"
time=2026-08-09T16:50:59.116+08:00 level=DEBUG msg="discovery: skipping unreachable socket" socket=/tmp/tmux-501/ta-8f9301481b91 err="query tmux on /tmp/tmux-501/ta-8f9301481b91: exit status 1: no server running on /tmp/tmux-501/ta-8f9301481b91"
time=2026-08-09T16:50:59.122+08:00 level=DEBUG msg="discovery: skipping unreachable socket" socket=/tmp/tmux-501/ta-93b04f34a45d err="query tmux on /tmp/tmux-501/ta-93b04f34a45d: exit status 1: no server running on /tmp/tmux-501/ta-93b04f34a45d"
time=2026-08-09T16:50:59.139+08:00 level=DEBUG msg="discovery: skipping unreachable socket" socket=/tmp/tmux-501/ta-9f7ab2efc12e err="query tmux on /tmp/tmux-501/ta-9f7ab2efc12e: exit status 1: no server running on /tmp/tmux-501/ta-9f7ab2efc12e"
time=2026-08-09T16:50:59.145+08:00 level=DEBUG msg="discovery: skipping unreachable socket" socket=/tmp/tmux-501/ta-a389ed2be6d0 err="query tmux on /tmp/tmux-501/ta-a389ed2be6d0: exit status 1: no server running on /tmp/tmux-501/ta-a389ed2be6d0"
time=2026-08-09T16:50:59.188+08:00 level=DEBUG msg="discovery: skipping unreachable socket" socket=/tmp/tmux-501/ta-c16b1abaa054 err="query tmux on /tmp/tmux-501/ta-c16b1abaa054: exit status 1: no server running on /tmp/tmux-501/ta-c16b1abaa054"
time=2026-08-09T16:50:59.194+08:00 level=DEBUG msg="discovery: skipping unreachable socket" socket=/tmp/tmux-501/ta-d596a9f9a2a6 err="query tmux on /tmp/tmux-501/ta-d596a9f9a2a6: exit status 1: no server running on /tmp/tmux-501/ta-d596a9f9a2a6"
time=2026-08-09T16:50:59.205+08:00 level=DEBUG msg="discovery: skipping unreachable socket" socket=/tmp/tmux-501/ta-d9dc8c25f425 err="query tmux on /tmp/tmux-501/ta-d9dc8c25f425: exit status 1: no server running on /tmp/tmux-501/ta-d9dc8c25f425"
time=2026-08-09T16:50:59.210+08:00 level=DEBUG msg="discovery: skipping unreachable socket" socket=/tmp/tmux-501/ta-e4fe872351d8 err="query tmux on /tmp/tmux-501/ta-e4fe872351d8: exit status 1: no server running on /tmp/tmux-501/ta-e4fe872351d8"
time=2026-08-09T16:50:59.215+08:00 level=DEBUG msg="discovery: skipping unreachable socket" socket=/tmp/tmux-501/ta-e94aa181e16c err="query tmux on /tmp/tmux-501/ta-e94aa181e16c: exit status 1: no server running on /tmp/tmux-501/ta-e94aa181e16c"
time=2026-08-09T16:50:59.220+08:00 level=DEBUG msg="discovery: skipping unreachable socket" socket=/tmp/tmux-501/ta-ebf95952bfe3 err="query tmux on /tmp/tmux-501/ta-ebf95952bfe3: exit status 1: no server running on /tmp/tmux-501/ta-ebf95952bfe3"
time=2026-08-09T16:50:59.225+08:00 level=DEBUG msg="discovery: skipping unreachable socket" socket=/tmp/tmux-501/ta-fa2252466833 err="query tmux on /tmp/tmux-501/ta-fa2252466833: exit status 1: no server running on /tmp/tmux-501/ta-fa2252466833"
time=2026-08-09T16:50:59.726+08:00 level=DEBUG msg="discovery: skipping socket directory" dir=/tmp/e2e-l2.KhUMRL/tmux/tmux-501 err="open /tmp/e2e-l2.KhUMRL/tmux/tmux-501: no such file or directory"
time=2026-08-09T16:50:59.744+08:00 level=DEBUG msg="discovery: skipping unreachable socket" socket=/tmp/tmux-501/ta-0da65bceb372 err="query tmux on /tmp/tmux-501/ta-0da65bceb372: exit status 1: no server running on /tmp/tmux-501/ta-0da65bceb372"
time=2026-08-09T16:50:59.751+08:00 level=DEBUG msg="discovery: skipping unreachable socket" socket=/tmp/tmux-501/ta-15c65b37a04a err="query tmux on /tmp/tmux-501/ta-15c65b37a04a: exit status 1: no server running on /tmp/tmux-501/ta-15c65b37a04a"
time=2026-08-09T16:50:59.756+08:00 level=DEBUG msg="discovery: skipping unreachable socket" socket=/tmp/tmux-501/ta-192b3d7a4b4d err="query tmux on /tmp/tmux-501/ta-192b3d7a4b4d: exit status 1: no server running on /tmp/tmux-501/ta-192b3d7a4b4d"
time=2026-08-09T16:50:59.766+08:00 level=DEBUG msg="discovery: skipping unreachable socket" socket=/tmp/tmux-501/ta-19bab105a233 err="query tmux on /tmp/tmux-501/ta-19bab105a233: exit status 1: no server running on /tmp/tmux-501/ta-19bab105a233"
time=2026-08-09T16:50:59.772+08:00 level=DEBUG msg="discovery: skipping unreachable socket" socket=/tmp/tmux-501/ta-2183ff26eaba err="query tmux on /tmp/tmux-501/ta-2183ff26eaba: exit status 1: no server running on /tmp/tmux-501/ta-2183ff26eaba"
time=2026-08-09T16:50:59.788+08:00 level=DEBUG msg="discovery: skipping unreachable socket" socket=/tmp/tmux-501/ta-27ae35442db0 err="query tmux on /tmp/tmux-501/ta-27ae35442db0: exit status 1: no server running on /tmp/tmux-501/ta-27ae35442db0"
time=2026-08-09T16:50:59.798+08:00 level=DEBUG msg="discovery: skipping unreachable socket" socket=/tmp/tmux-501/ta-29ad6c433fb0 err="query tmux on /tmp/tmux-501/ta-29ad6c433fb0: exit status 1: no server running on /tmp/tmux-501/ta-29ad6c433fb0"
time=2026-08-09T16:50:59.804+08:00 level=DEBUG msg="discovery: skipping unreachable socket" socket=/tmp/tmux-501/ta-2b2b0f6042c3 err="query tmux on /tmp/tmux-501/ta-2b2b0f6042c3: exit status 1: no server running on /tmp/tmux-501/ta-2b2b0f6042c3"
time=2026-08-09T16:50:59.809+08:00 level=DEBUG msg="discovery: skipping unreachable socket" socket=/tmp/tmux-501/ta-2d881fc24979 err="query tmux on /tmp/tmux-501/ta-2d881fc24979: exit status 1: no server running on /tmp/tmux-501/ta-2d881fc24979"
time=2026-08-09T16:50:59.814+08:00 level=DEBUG msg="discovery: skipping unreachable socket" socket=/tmp/tmux-501/ta-306c9a9ea831 err="query tmux on /tmp/tmux-501/ta-306c9a9ea831: exit status 1: no server running on /tmp/tmux-501/ta-306c9a9ea831"
time=2026-08-09T16:50:59.820+08:00 level=DEBUG msg="discovery: skipping unreachable socket" socket=/tmp/tmux-501/ta-3511002e6186 err="query tmux on /tmp/tmux-501/ta-3511002e6186: exit status 1: no server running on /tmp/tmux-501/ta-3511002e6186"
time=2026-08-09T16:50:59.843+08:00 level=DEBUG msg="discovery: skipping unreachable socket" socket=/tmp/tmux-501/ta-5323cbb90a86 err="query tmux on /tmp/tmux-501/ta-5323cbb90a86: exit status 1: no server running on /tmp/tmux-501/ta-5323cbb90a86"
time=2026-08-09T16:50:59.854+08:00 level=DEBUG msg="discovery: skipping unreachable socket" socket=/tmp/tmux-501/ta-670fcfc61db1 err="query tmux on /tmp/tmux-501/ta-670fcfc61db1: exit status 1: no server running on /tmp/tmux-501/ta-670fcfc61db1"
time=2026-08-09T16:50:59.859+08:00 level=DEBUG msg="discovery: skipping unreachable socket" socket=/tmp/tmux-501/ta-70c4b0b3f1e4 err="query tmux on /tmp/tmux-501/ta-70c4b0b3f1e4: exit status 1: no server running on /tmp/tmux-501/ta-70c4b0b3f1e4"
time=2026-08-09T16:50:59.865+08:00 level=DEBUG msg="discovery: skipping unreachable socket" socket=/tmp/tmux-501/ta-714648f68f78 err="query tmux on /tmp/tmux-501/ta-714648f68f78: exit status 1: no server running on /tmp/tmux-501/ta-714648f68f78"
time=2026-08-09T16:50:59.871+08:00 level=DEBUG msg="discovery: skipping unreachable socket" socket=/tmp/tmux-501/ta-76d99a0fb54d err="query tmux on /tmp/tmux-501/ta-76d99a0fb54d: exit status 1: no server running on /tmp/tmux-501/ta-76d99a0fb54d"
time=2026-08-09T16:50:59.876+08:00 level=DEBUG msg="discovery: skipping unreachable socket" socket=/tmp/tmux-501/ta-7ac14129e93d err="query tmux on /tmp/tmux-501/ta-7ac14129e93d: exit status 1: no server running on /tmp/tmux-501/ta-7ac14129e93d"
time=2026-08-09T16:50:59.881+08:00 level=DEBUG msg="discovery: skipping unreachable socket" socket=/tmp/tmux-501/ta-7cf3455fc7ef err="query tmux on /tmp/tmux-501/ta-7cf3455fc7ef: exit status 1: no server running on /tmp/tmux-501/ta-7cf3455fc7ef"
time=2026-08-09T16:50:59.887+08:00 level=DEBUG msg="discovery: skipping unreachable socket" socket=/tmp/tmux-501/ta-8871c1b9bea8 err="query tmux on /tmp/tmux-501/ta-8871c1b9bea8: exit status 1: no server running on /tmp/tmux-501/ta-8871c1b9bea8"
time=2026-08-09T16:50:59.898+08:00 level=DEBUG msg="discovery: skipping unreachable socket" socket=/tmp/tmux-501/ta-8f9301481b91 err="query tmux on /tmp/tmux-501/ta-8f9301481b91: exit status 1: no server running on /tmp/tmux-501/ta-8f9301481b91"
time=2026-08-09T16:50:59.904+08:00 level=DEBUG msg="discovery: skipping unreachable socket" socket=/tmp/tmux-501/ta-93b04f34a45d err="query tmux on /tmp/tmux-501/ta-93b04f34a45d: exit status 1: no server running on /tmp/tmux-501/ta-93b04f34a45d"
time=2026-08-09T16:50:59.921+08:00 level=DEBUG msg="discovery: skipping unreachable socket" socket=/tmp/tmux-501/ta-9f7ab2efc12e err="query tmux on /tmp/tmux-501/ta-9f7ab2efc12e: exit status 1: no server running on /tmp/tmux-501/ta-9f7ab2efc12e"
time=2026-08-09T16:50:59.926+08:00 level=DEBUG msg="discovery: skipping unreachable socket" socket=/tmp/tmux-501/ta-a389ed2be6d0 err="query tmux on /tmp/tmux-501/ta-a389ed2be6d0: exit status 1: no server running on /tmp/tmux-501/ta-a389ed2be6d0"
time=2026-08-09T16:50:59.965+08:00 level=DEBUG msg="discovery: skipping unreachable socket" socket=/tmp/tmux-501/ta-c16b1abaa054 err="query tmux on /tmp/tmux-501/ta-c16b1abaa054: exit status 1: no server running on /tmp/tmux-501/ta-c16b1abaa054"
time=2026-08-09T16:50:59.976+08:00 level=DEBUG msg="discovery: skipping unreachable socket" socket=/tmp/tmux-501/ta-d596a9f9a2a6 err="query tmux on /tmp/tmux-501/ta-d596a9f9a2a6: exit status 1: no server running on /tmp/tmux-501/ta-d596a9f9a2a6"
time=2026-08-09T16:50:59.986+08:00 level=DEBUG msg="discovery: skipping unreachable socket" socket=/tmp/tmux-501/ta-d9dc8c25f425 err="query tmux on /tmp/tmux-501/ta-d9dc8c25f425: exit status 1: no server running on /tmp/tmux-501/ta-d9dc8c25f425"
time=2026-08-09T16:50:59.992+08:00 level=DEBUG msg="discovery: skipping unreachable socket" socket=/tmp/tmux-501/ta-e4fe872351d8 err="query tmux on /tmp/tmux-501/ta-e4fe872351d8: exit status 1: no server running on /tmp/tmux-501/ta-e4fe872351d8"
time=2026-08-09T16:50:59.998+08:00 level=DEBUG msg="discovery: skipping unreachable socket" socket=/tmp/tmux-501/ta-e94aa181e16c err="query tmux on /tmp/tmux-501/ta-e94aa181e16c: exit status 1: no server running on /tmp/tmux-501/ta-e94aa181e16c"
time=2026-08-09T16:51:00.003+08:00 level=DEBUG msg="discovery: skipping unreachable socket" socket=/tmp/tmux-501/ta-ebf95952bfe3 err="query tmux on /tmp/tmux-501/ta-ebf95952bfe3: exit status 1: no server running on /tmp/tmux-501/ta-ebf95952bfe3"
time=2026-08-09T16:51:00.009+08:00 level=DEBUG msg="discovery: skipping unreachable socket" socket=/tmp/tmux-501/ta-fa2252466833 err="query tmux on /tmp/tmux-501/ta-fa2252466833: exit status 1: no server running on /tmp/tmux-501/ta-fa2252466833"
time=2026-08-09T16:51:00.511+08:00 level=DEBUG msg="discovery: skipping socket directory" dir=/tmp/e2e-l2.KhUMRL/tmux/tmux-501 err="open /tmp/e2e-l2.KhUMRL/tmux/tmux-501: no such file or directory"
time=2026-08-09T16:51:00.528+08:00 level=DEBUG msg="discovery: skipping unreachable socket" socket=/tmp/tmux-501/ta-0da65bceb372 err="query tmux on /tmp/tmux-501/ta-0da65bceb372: exit status 1: no server running on /tmp/tmux-501/ta-0da65bceb372"
time=2026-08-09T16:51:00.534+08:00 level=DEBUG msg="discovery: skipping unreachable socket" socket=/tmp/tmux-501/ta-15c65b37a04a err="query tmux on /tmp/tmux-501/ta-15c65b37a04a: exit status 1: no server running on /tmp/tmux-501/ta-15c65b37a04a"
time=2026-08-09T16:51:00.540+08:00 level=DEBUG msg="discovery: skipping unreachable socket" socket=/tmp/tmux-501/ta-192b3d7a4b4d err="query tmux on /tmp/tmux-501/ta-192b3d7a4b4d: exit status 1: no server running on /tmp/tmux-501/ta-192b3d7a4b4d"
time=2026-08-09T16:51:00.545+08:00 level=DEBUG msg="discovery: skipping unreachable socket" socket=/tmp/tmux-501/ta-19bab105a233 err="query tmux on /tmp/tmux-501/ta-19bab105a233: exit status 1: no server running on /tmp/tmux-501/ta-19bab105a233"
time=2026-08-09T16:51:00.551+08:00 level=DEBUG msg="discovery: skipping unreachable socket" socket=/tmp/tmux-501/ta-2183ff26eaba err="query tmux on /tmp/tmux-501/ta-2183ff26eaba: exit status 1: no server running on /tmp/tmux-501/ta-2183ff26eaba"
time=2026-08-09T16:51:00.563+08:00 level=DEBUG msg="discovery: skipping unreachable socket" socket=/tmp/tmux-501/ta-27ae35442db0 err="query tmux on /tmp/tmux-501/ta-27ae35442db0: exit status 1: no server running on /tmp/tmux-501/ta-27ae35442db0"
time=2026-08-09T16:51:00.573+08:00 level=DEBUG msg="discovery: skipping unreachable socket" socket=/tmp/tmux-501/ta-29ad6c433fb0 err="query tmux on /tmp/tmux-501/ta-29ad6c433fb0: exit status 1: no server running on /tmp/tmux-501/ta-29ad6c433fb0"
time=2026-08-09T16:51:00.578+08:00 level=DEBUG msg="discovery: skipping unreachable socket" socket=/tmp/tmux-501/ta-2b2b0f6042c3 err="query tmux on /tmp/tmux-501/ta-2b2b0f6042c3: exit status 1: no server running on /tmp/tmux-501/ta-2b2b0f6042c3"
time=2026-08-09T16:51:00.583+08:00 level=DEBUG msg="discovery: skipping unreachable socket" socket=/tmp/tmux-501/ta-2d881fc24979 err="query tmux on /tmp/tmux-501/ta-2d881fc24979: exit status 1: no server running on /tmp/tmux-501/ta-2d881fc24979"
time=2026-08-09T16:51:00.589+08:00 level=DEBUG msg="discovery: skipping unreachable socket" socket=/tmp/tmux-501/ta-306c9a9ea831 err="query tmux on /tmp/tmux-501/ta-306c9a9ea831: exit status 1: no server running on /tmp/tmux-501/ta-306c9a9ea831"
time=2026-08-09T16:51:00.595+08:00 level=DEBUG msg="discovery: skipping unreachable socket" socket=/tmp/tmux-501/ta-3511002e6186 err="query tmux on /tmp/tmux-501/ta-3511002e6186: exit status 1: no server running on /tmp/tmux-501/ta-3511002e6186"
time=2026-08-09T16:51:00.616+08:00 level=DEBUG msg="discovery: skipping unreachable socket" socket=/tmp/tmux-501/ta-5323cbb90a86 err="query tmux on /tmp/tmux-501/ta-5323cbb90a86: exit status 1: no server running on /tmp/tmux-501/ta-5323cbb90a86"
time=2026-08-09T16:51:00.628+08:00 level=DEBUG msg="discovery: skipping unreachable socket" socket=/tmp/tmux-501/ta-670fcfc61db1 err="query tmux on /tmp/tmux-501/ta-670fcfc61db1: exit status 1: no server running on /tmp/tmux-501/ta-670fcfc61db1"
time=2026-08-09T16:51:00.633+08:00 level=DEBUG msg="discovery: skipping unreachable socket" socket=/tmp/tmux-501/ta-70c4b0b3f1e4 err="query tmux on /tmp/tmux-501/ta-70c4b0b3f1e4: exit status 1: no server running on /tmp/tmux-501/ta-70c4b0b3f1e4"
time=2026-08-09T16:51:00.638+08:00 level=DEBUG msg="discovery: skipping unreachable socket" socket=/tmp/tmux-501/ta-714648f68f78 err="query tmux on /tmp/tmux-501/ta-714648f68f78: exit status 1: no server running on /tmp/tmux-501/ta-714648f68f78"
time=2026-08-09T16:51:00.644+08:00 level=DEBUG msg="discovery: skipping unreachable socket" socket=/tmp/tmux-501/ta-76d99a0fb54d err="query tmux on /tmp/tmux-501/ta-76d99a0fb54d: exit status 1: no server running on /tmp/tmux-501/ta-76d99a0fb54d"
time=2026-08-09T16:51:00.649+08:00 level=DEBUG msg="discovery: skipping unreachable socket" socket=/tmp/tmux-501/ta-7ac14129e93d err="query tmux on /tmp/tmux-501/ta-7ac14129e93d: exit status 1: no server running on /tmp/tmux-501/ta-7ac14129e93d"
time=2026-08-09T16:51:00.655+08:00 level=DEBUG msg="discovery: skipping unreachable socket" socket=/tmp/tmux-501/ta-7cf3455fc7ef err="query tmux on /tmp/tmux-501/ta-7cf3455fc7ef: exit status 1: no server running on /tmp/tmux-501/ta-7cf3455fc7ef"
time=2026-08-09T16:51:00.661+08:00 level=DEBUG msg="discovery: skipping unreachable socket" socket=/tmp/tmux-501/ta-8871c1b9bea8 err="query tmux on /tmp/tmux-501/ta-8871c1b9bea8: exit status 1: no server running on /tmp/tmux-501/ta-8871c1b9bea8"
time=2026-08-09T16:51:00.672+08:00 level=DEBUG msg="discovery: skipping unreachable socket" socket=/tmp/tmux-501/ta-8f9301481b91 err="query tmux on /tmp/tmux-501/ta-8f9301481b91: exit status 1: no server running on /tmp/tmux-501/ta-8f9301481b91"
time=2026-08-09T16:51:00.678+08:00 level=DEBUG msg="discovery: skipping unreachable socket" socket=/tmp/tmux-501/ta-93b04f34a45d err="query tmux on /tmp/tmux-501/ta-93b04f34a45d: exit status 1: no server running on /tmp/tmux-501/ta-93b04f34a45d"
time=2026-08-09T16:51:00.694+08:00 level=DEBUG msg="discovery: skipping unreachable socket" socket=/tmp/tmux-501/ta-9f7ab2efc12e err="query tmux on /tmp/tmux-501/ta-9f7ab2efc12e: exit status 1: no server running on /tmp/tmux-501/ta-9f7ab2efc12e"
time=2026-08-09T16:51:00.700+08:00 level=DEBUG msg="discovery: skipping unreachable socket" socket=/tmp/tmux-501/ta-a389ed2be6d0 err="query tmux on /tmp/tmux-501/ta-a389ed2be6d0: exit status 1: no server running on /tmp/tmux-501/ta-a389ed2be6d0"
time=2026-08-09T16:51:00.711+08:00 level=DEBUG msg="discovery: skipping unreachable socket" socket=/tmp/tmux-501/ta-a8fa9edf49bc err="query tmux on /tmp/tmux-501/ta-a8fa9edf49bc: exit status 1: no server running on /tmp/tmux-501/ta-a8fa9edf49bc"
time=2026-08-09T16:51:00.742+08:00 level=DEBUG msg="discovery: skipping unreachable socket" socket=/tmp/tmux-501/ta-c16b1abaa054 err="query tmux on /tmp/tmux-501/ta-c16b1abaa054: exit status 1: no server running on /tmp/tmux-501/ta-c16b1abaa054"
time=2026-08-09T16:51:00.753+08:00 level=DEBUG msg="discovery: skipping unreachable socket" socket=/tmp/tmux-501/ta-d596a9f9a2a6 err="query tmux on /tmp/tmux-501/ta-d596a9f9a2a6: exit status 1: no server running on /tmp/tmux-501/ta-d596a9f9a2a6"
time=2026-08-09T16:51:00.764+08:00 level=DEBUG msg="discovery: skipping unreachable socket" socket=/tmp/tmux-501/ta-d9dc8c25f425 err="query tmux on /tmp/tmux-501/ta-d9dc8c25f425: exit status 1: no server running on /tmp/tmux-501/ta-d9dc8c25f425"
time=2026-08-09T16:51:00.770+08:00 level=DEBUG msg="discovery: skipping unreachable socket" socket=/tmp/tmux-501/ta-e4fe872351d8 err="query tmux on /tmp/tmux-501/ta-e4fe872351d8: exit status 1: no server running on /tmp/tmux-501/ta-e4fe872351d8"
time=2026-08-09T16:51:00.774+08:00 level=DEBUG msg="discovery: skipping unreachable socket" socket=/tmp/tmux-501/ta-e94aa181e16c err="query tmux on /tmp/tmux-501/ta-e94aa181e16c: exit status 1: no server running on /tmp/tmux-501/ta-e94aa181e16c"
time=2026-08-09T16:51:00.780+08:00 level=DEBUG msg="discovery: skipping unreachable socket" socket=/tmp/tmux-501/ta-ebf95952bfe3 err="query tmux on /tmp/tmux-501/ta-ebf95952bfe3: exit status 1: no server running on /tmp/tmux-501/ta-ebf95952bfe3"
time=2026-08-09T16:51:00.786+08:00 level=DEBUG msg="discovery: skipping unreachable socket" socket=/tmp/tmux-501/ta-fa2252466833 err="query tmux on /tmp/tmux-501/ta-fa2252466833: exit status 1: no server running on /tmp/tmux-501/ta-fa2252466833"
time=2026-08-09T16:51:01.287+08:00 level=DEBUG msg="discovery: skipping socket directory" dir=/tmp/e2e-l2.KhUMRL/tmux/tmux-501 err="open /tmp/e2e-l2.KhUMRL/tmux/tmux-501: no such file or directory"
time=2026-08-09T16:51:01.303+08:00 level=DEBUG msg="discovery: skipping unreachable socket" socket=/tmp/tmux-501/ta-0da65bceb372 err="query tmux on /tmp/tmux-501/ta-0da65bceb372: exit status 1: no server running on /tmp/tmux-501/ta-0da65bceb372"
time=2026-08-09T16:51:01.308+08:00 level=DEBUG msg="discovery: skipping unreachable socket" socket=/tmp/tmux-501/ta-15c65b37a04a err="query tmux on /tmp/tmux-501/ta-15c65b37a04a: exit status 1: no server running on /tmp/tmux-501/ta-15c65b37a04a"
time=2026-08-09T16:51:01.316+08:00 level=DEBUG msg="discovery: skipping unreachable socket" socket=/tmp/tmux-501/ta-192b3d7a4b4d err="query tmux on /tmp/tmux-501/ta-192b3d7a4b4d: exit status 1: no server running on /tmp/tmux-501/ta-192b3d7a4b4d"
time=2026-08-09T16:51:01.321+08:00 level=DEBUG msg="discovery: skipping unreachable socket" socket=/tmp/tmux-501/ta-19bab105a233 err="query tmux on /tmp/tmux-501/ta-19bab105a233: exit status 1: no server running on /tmp/tmux-501/ta-19bab105a233"
time=2026-08-09T16:51:01.327+08:00 level=DEBUG msg="discovery: skipping unreachable socket" socket=/tmp/tmux-501/ta-2183ff26eaba err="query tmux on /tmp/tmux-501/ta-2183ff26eaba: exit status 1: no server running on /tmp/tmux-501/ta-2183ff26eaba"
time=2026-08-09T16:51:01.338+08:00 level=DEBUG msg="discovery: skipping unreachable socket" socket=/tmp/tmux-501/ta-27ae35442db0 err="query tmux on /tmp/tmux-501/ta-27ae35442db0: exit status 1: no server running on /tmp/tmux-501/ta-27ae35442db0"
time=2026-08-09T16:51:01.349+08:00 level=DEBUG msg="discovery: skipping unreachable socket" socket=/tmp/tmux-501/ta-29ad6c433fb0 err="query tmux on /tmp/tmux-501/ta-29ad6c433fb0: exit status 1: no server running on /tmp/tmux-501/ta-29ad6c433fb0"
time=2026-08-09T16:51:01.354+08:00 level=DEBUG msg="discovery: skipping unreachable socket" socket=/tmp/tmux-501/ta-2b2b0f6042c3 err="query tmux on /tmp/tmux-501/ta-2b2b0f6042c3: exit status 1: no server running on /tmp/tmux-501/ta-2b2b0f6042c3"
time=2026-08-09T16:51:01.358+08:00 level=DEBUG msg="discovery: skipping unreachable socket" socket=/tmp/tmux-501/ta-2d881fc24979 err="query tmux on /tmp/tmux-501/ta-2d881fc24979: exit status 1: no server running on /tmp/tmux-501/ta-2d881fc24979"
time=2026-08-09T16:51:01.363+08:00 level=DEBUG msg="discovery: skipping unreachable socket" socket=/tmp/tmux-501/ta-306c9a9ea831 err="query tmux on /tmp/tmux-501/ta-306c9a9ea831: exit status 1: no server running on /tmp/tmux-501/ta-306c9a9ea831"
time=2026-08-09T16:51:01.369+08:00 level=DEBUG msg="discovery: skipping unreachable socket" socket=/tmp/tmux-501/ta-3511002e6186 err="query tmux on /tmp/tmux-501/ta-3511002e6186: exit status 1: no server running on /tmp/tmux-501/ta-3511002e6186"
time=2026-08-09T16:51:01.391+08:00 level=DEBUG msg="discovery: skipping unreachable socket" socket=/tmp/tmux-501/ta-5323cbb90a86 err="query tmux on /tmp/tmux-501/ta-5323cbb90a86: exit status 1: no server running on /tmp/tmux-501/ta-5323cbb90a86"
time=2026-08-09T16:51:01.402+08:00 level=DEBUG msg="discovery: skipping unreachable socket" socket=/tmp/tmux-501/ta-670fcfc61db1 err="query tmux on /tmp/tmux-501/ta-670fcfc61db1: exit status 1: no server running on /tmp/tmux-501/ta-670fcfc61db1"
time=2026-08-09T16:51:01.406+08:00 level=DEBUG msg="discovery: skipping unreachable socket" socket=/tmp/tmux-501/ta-70c4b0b3f1e4 err="query tmux on /tmp/tmux-501/ta-70c4b0b3f1e4: exit status 1: no server running on /tmp/tmux-501/ta-70c4b0b3f1e4"
time=2026-08-09T16:51:01.412+08:00 level=DEBUG msg="discovery: skipping unreachable socket" socket=/tmp/tmux-501/ta-714648f68f78 err="query tmux on /tmp/tmux-501/ta-714648f68f78: exit status 1: no server running on /tmp/tmux-501/ta-714648f68f78"
time=2026-08-09T16:51:01.417+08:00 level=DEBUG msg="discovery: skipping unreachable socket" socket=/tmp/tmux-501/ta-76d99a0fb54d err="query tmux on /tmp/tmux-501/ta-76d99a0fb54d: exit status 1: no server running on /tmp/tmux-501/ta-76d99a0fb54d"
time=2026-08-09T16:51:01.421+08:00 level=DEBUG msg="discovery: skipping unreachable socket" socket=/tmp/tmux-501/ta-7ac14129e93d err="query tmux on /tmp/tmux-501/ta-7ac14129e93d: exit status 1: no server running on /tmp/tmux-501/ta-7ac14129e93d"
time=2026-08-09T16:51:01.426+08:00 level=DEBUG msg="discovery: skipping unreachable socket" socket=/tmp/tmux-501/ta-7cf3455fc7ef err="query tmux on /tmp/tmux-501/ta-7cf3455fc7ef: exit status 1: no server running on /tmp/tmux-501/ta-7cf3455fc7ef"
time=2026-08-09T16:51:01.432+08:00 level=DEBUG msg="discovery: skipping unreachable socket" socket=/tmp/tmux-501/ta-8871c1b9bea8 err="query tmux on /tmp/tmux-501/ta-8871c1b9bea8: exit status 1: no server running on /tmp/tmux-501/ta-8871c1b9bea8"
time=2026-08-09T16:51:01.443+08:00 level=DEBUG msg="discovery: skipping unreachable socket" socket=/tmp/tmux-501/ta-8f9301481b91 err="query tmux on /tmp/tmux-501/ta-8f9301481b91: exit status 1: no server running on /tmp/tmux-501/ta-8f9301481b91"
time=2026-08-09T16:51:01.448+08:00 level=DEBUG msg="discovery: skipping unreachable socket" socket=/tmp/tmux-501/ta-93b04f34a45d err="query tmux on /tmp/tmux-501/ta-93b04f34a45d: exit status 1: no server running on /tmp/tmux-501/ta-93b04f34a45d"
time=2026-08-09T16:51:01.465+08:00 level=DEBUG msg="discovery: skipping unreachable socket" socket=/tmp/tmux-501/ta-9f7ab2efc12e err="query tmux on /tmp/tmux-501/ta-9f7ab2efc12e: exit status 1: no server running on /tmp/tmux-501/ta-9f7ab2efc12e"
time=2026-08-09T16:51:01.471+08:00 level=DEBUG msg="discovery: skipping unreachable socket" socket=/tmp/tmux-501/ta-a389ed2be6d0 err="query tmux on /tmp/tmux-501/ta-a389ed2be6d0: exit status 1: no server running on /tmp/tmux-501/ta-a389ed2be6d0"
time=2026-08-09T16:51:01.482+08:00 level=DEBUG msg="discovery: skipping unreachable socket" socket=/tmp/tmux-501/ta-a8fa9edf49bc err="query tmux on /tmp/tmux-501/ta-a8fa9edf49bc: exit status 1: no server running on /tmp/tmux-501/ta-a8fa9edf49bc"
time=2026-08-09T16:51:01.510+08:00 level=DEBUG msg="discovery: skipping unreachable socket" socket=/tmp/tmux-501/ta-c16b1abaa054 err="query tmux on /tmp/tmux-501/ta-c16b1abaa054: exit status 1: no server running on /tmp/tmux-501/ta-c16b1abaa054"
time=2026-08-09T16:51:01.521+08:00 level=DEBUG msg="discovery: skipping unreachable socket" socket=/tmp/tmux-501/ta-d596a9f9a2a6 err="query tmux on /tmp/tmux-501/ta-d596a9f9a2a6: exit status 1: no server running on /tmp/tmux-501/ta-d596a9f9a2a6"
time=2026-08-09T16:51:01.532+08:00 level=DEBUG msg="discovery: skipping unreachable socket" socket=/tmp/tmux-501/ta-d9dc8c25f425 err="query tmux on /tmp/tmux-501/ta-d9dc8c25f425: exit status 1: no server running on /tmp/tmux-501/ta-d9dc8c25f425"
time=2026-08-09T16:51:01.543+08:00 level=DEBUG msg="discovery: skipping unreachable socket" socket=/tmp/tmux-501/ta-e4fe872351d8 err="query tmux on /tmp/tmux-501/ta-e4fe872351d8: exit status 1: no server running on /tmp/tmux-501/ta-e4fe872351d8"
time=2026-08-09T16:51:01.548+08:00 level=DEBUG msg="discovery: skipping unreachable socket" socket=/tmp/tmux-501/ta-e94aa181e16c err="query tmux on /tmp/tmux-501/ta-e94aa181e16c: exit status 1: no server running on /tmp/tmux-501/ta-e94aa181e16c"
time=2026-08-09T16:51:01.554+08:00 level=DEBUG msg="discovery: skipping unreachable socket" socket=/tmp/tmux-501/ta-ebf95952bfe3 err="query tmux on /tmp/tmux-501/ta-ebf95952bfe3: exit status 1: no server running on /tmp/tmux-501/ta-ebf95952bfe3"
time=2026-08-09T16:51:01.559+08:00 level=DEBUG msg="discovery: skipping unreachable socket" socket=/tmp/tmux-501/ta-fa2252466833 err="query tmux on /tmp/tmux-501/ta-fa2252466833: exit status 1: no server running on /tmp/tmux-501/ta-fa2252466833"
time=2026-08-09T16:51:02.061+08:00 level=DEBUG msg="discovery: skipping socket directory" dir=/tmp/e2e-l2.KhUMRL/tmux/tmux-501 err="open /tmp/e2e-l2.KhUMRL/tmux/tmux-501: no such file or directory"
time=2026-08-09T16:51:02.079+08:00 level=DEBUG msg="discovery: skipping unreachable socket" socket=/tmp/tmux-501/ta-0da65bceb372 err="query tmux on /tmp/tmux-501/ta-0da65bceb372: exit status 1: no server running on /tmp/tmux-501/ta-0da65bceb372"
time=2026-08-09T16:51:02.085+08:00 level=DEBUG msg="discovery: skipping unreachable socket" socket=/tmp/tmux-501/ta-15c65b37a04a err="query tmux on /tmp/tmux-501/ta-15c65b37a04a: exit status 1: no server running on /tmp/tmux-501/ta-15c65b37a04a"
time=2026-08-09T16:51:02.090+08:00 level=DEBUG msg="discovery: skipping unreachable socket" socket=/tmp/tmux-501/ta-192b3d7a4b4d err="query tmux on /tmp/tmux-501/ta-192b3d7a4b4d: exit status 1: no server running on /tmp/tmux-501/ta-192b3d7a4b4d"
time=2026-08-09T16:51:02.095+08:00 level=DEBUG msg="discovery: skipping unreachable socket" socket=/tmp/tmux-501/ta-19bab105a233 err="query tmux on /tmp/tmux-501/ta-19bab105a233: exit status 1: no server running on /tmp/tmux-501/ta-19bab105a233"
time=2026-08-09T16:51:02.100+08:00 level=DEBUG msg="discovery: skipping unreachable socket" socket=/tmp/tmux-501/ta-2183ff26eaba err="query tmux on /tmp/tmux-501/ta-2183ff26eaba: exit status 1: no server running on /tmp/tmux-501/ta-2183ff26eaba"
time=2026-08-09T16:51:02.111+08:00 level=DEBUG msg="discovery: skipping unreachable socket" socket=/tmp/tmux-501/ta-27ae35442db0 err="query tmux on /tmp/tmux-501/ta-27ae35442db0: exit status 1: no server running on /tmp/tmux-501/ta-27ae35442db0"
time=2026-08-09T16:51:02.122+08:00 level=DEBUG msg="discovery: skipping unreachable socket" socket=/tmp/tmux-501/ta-29ad6c433fb0 err="query tmux on /tmp/tmux-501/ta-29ad6c433fb0: exit status 1: no server running on /tmp/tmux-501/ta-29ad6c433fb0"
time=2026-08-09T16:51:02.128+08:00 level=DEBUG msg="discovery: skipping unreachable socket" socket=/tmp/tmux-501/ta-2b2b0f6042c3 err="query tmux on /tmp/tmux-501/ta-2b2b0f6042c3: exit status 1: no server running on /tmp/tmux-501/ta-2b2b0f6042c3"
time=2026-08-09T16:51:02.134+08:00 level=DEBUG msg="discovery: skipping unreachable socket" socket=/tmp/tmux-501/ta-2d881fc24979 err="query tmux on /tmp/tmux-501/ta-2d881fc24979: exit status 1: no server running on /tmp/tmux-501/ta-2d881fc24979"
time=2026-08-09T16:51:02.139+08:00 level=DEBUG msg="discovery: skipping unreachable socket" socket=/tmp/tmux-501/ta-306c9a9ea831 err="query tmux on /tmp/tmux-501/ta-306c9a9ea831: exit status 1: no server running on /tmp/tmux-501/ta-306c9a9ea831"
time=2026-08-09T16:51:02.145+08:00 level=DEBUG msg="discovery: skipping unreachable socket" socket=/tmp/tmux-501/ta-3511002e6186 err="query tmux on /tmp/tmux-501/ta-3511002e6186: exit status 1: no server running on /tmp/tmux-501/ta-3511002e6186"
time=2026-08-09T16:51:02.168+08:00 level=DEBUG msg="discovery: skipping unreachable socket" socket=/tmp/tmux-501/ta-5323cbb90a86 err="query tmux on /tmp/tmux-501/ta-5323cbb90a86: exit status 1: no server running on /tmp/tmux-501/ta-5323cbb90a86"
time=2026-08-09T16:51:02.179+08:00 level=DEBUG msg="discovery: skipping unreachable socket" socket=/tmp/tmux-501/ta-670fcfc61db1 err="query tmux on /tmp/tmux-501/ta-670fcfc61db1: exit status 1: no server running on /tmp/tmux-501/ta-670fcfc61db1"
time=2026-08-09T16:51:02.185+08:00 level=DEBUG msg="discovery: skipping unreachable socket" socket=/tmp/tmux-501/ta-70c4b0b3f1e4 err="query tmux on /tmp/tmux-501/ta-70c4b0b3f1e4: exit status 1: no server running on /tmp/tmux-501/ta-70c4b0b3f1e4"
time=2026-08-09T16:51:02.190+08:00 level=DEBUG msg="discovery: skipping unreachable socket" socket=/tmp/tmux-501/ta-714648f68f78 err="query tmux on /tmp/tmux-501/ta-714648f68f78: exit status 1: no server running on /tmp/tmux-501/ta-714648f68f78"
time=2026-08-09T16:51:02.196+08:00 level=DEBUG msg="discovery: skipping unreachable socket" socket=/tmp/tmux-501/ta-76d99a0fb54d err="query tmux on /tmp/tmux-501/ta-76d99a0fb54d: exit status 1: no server running on /tmp/tmux-501/ta-76d99a0fb54d"
time=2026-08-09T16:51:02.201+08:00 level=DEBUG msg="discovery: skipping unreachable socket" socket=/tmp/tmux-501/ta-7ac14129e93d err="query tmux on /tmp/tmux-501/ta-7ac14129e93d: exit status 1: no server running on /tmp/tmux-501/ta-7ac14129e93d"
time=2026-08-09T16:51:02.206+08:00 level=DEBUG msg="discovery: skipping unreachable socket" socket=/tmp/tmux-501/ta-7cf3455fc7ef err="query tmux on /tmp/tmux-501/ta-7cf3455fc7ef: exit status 1: no server running on /tmp/tmux-501/ta-7cf3455fc7ef"
time=2026-08-09T16:51:02.212+08:00 level=DEBUG msg="discovery: skipping unreachable socket" socket=/tmp/tmux-501/ta-8871c1b9bea8 err="query tmux on /tmp/tmux-501/ta-8871c1b9bea8: exit status 1: no server running on /tmp/tmux-501/ta-8871c1b9bea8"
time=2026-08-09T16:51:02.224+08:00 level=DEBUG msg="discovery: skipping unreachable socket" socket=/tmp/tmux-501/ta-8f9301481b91 err="query tmux on /tmp/tmux-501/ta-8f9301481b91: exit status 1: no server running on /tmp/tmux-501/ta-8f9301481b91"
time=2026-08-09T16:51:02.229+08:00 level=DEBUG msg="discovery: skipping unreachable socket" socket=/tmp/tmux-501/ta-93b04f34a45d err="query tmux on /tmp/tmux-501/ta-93b04f34a45d: exit status 1: no server running on /tmp/tmux-501/ta-93b04f34a45d"
time=2026-08-09T16:51:02.246+08:00 level=DEBUG msg="discovery: skipping unreachable socket" socket=/tmp/tmux-501/ta-9f7ab2efc12e err="query tmux on /tmp/tmux-501/ta-9f7ab2efc12e: exit status 1: no server running on /tmp/tmux-501/ta-9f7ab2efc12e"
time=2026-08-09T16:51:02.252+08:00 level=DEBUG msg="discovery: skipping unreachable socket" socket=/tmp/tmux-501/ta-a389ed2be6d0 err="query tmux on /tmp/tmux-501/ta-a389ed2be6d0: exit status 1: no server running on /tmp/tmux-501/ta-a389ed2be6d0"
time=2026-08-09T16:51:02.264+08:00 level=DEBUG msg="discovery: skipping unreachable socket" socket=/tmp/tmux-501/ta-a8fa9edf49bc err="query tmux on /tmp/tmux-501/ta-a8fa9edf49bc: exit status 1: no server running on /tmp/tmux-501/ta-a8fa9edf49bc"
time=2026-08-09T16:51:02.293+08:00 level=DEBUG msg="discovery: skipping unreachable socket" socket=/tmp/tmux-501/ta-c16b1abaa054 err="query tmux on /tmp/tmux-501/ta-c16b1abaa054: exit status 1: no server running on /tmp/tmux-501/ta-c16b1abaa054"
time=2026-08-09T16:51:02.304+08:00 level=DEBUG msg="discovery: skipping unreachable socket" socket=/tmp/tmux-501/ta-d596a9f9a2a6 err="query tmux on /tmp/tmux-501/ta-d596a9f9a2a6: exit status 1: no server running on /tmp/tmux-501/ta-d596a9f9a2a6"
time=2026-08-09T16:51:02.316+08:00 level=DEBUG msg="discovery: skipping unreachable socket" socket=/tmp/tmux-501/ta-d9dc8c25f425 err="query tmux on /tmp/tmux-501/ta-d9dc8c25f425: exit status 1: no server running on /tmp/tmux-501/ta-d9dc8c25f425"
time=2026-08-09T16:51:02.327+08:00 level=DEBUG msg="discovery: skipping unreachable socket" socket=/tmp/tmux-501/ta-e4fe872351d8 err="query tmux on /tmp/tmux-501/ta-e4fe872351d8: exit status 1: no server running on /tmp/tmux-501/ta-e4fe872351d8"
time=2026-08-09T16:51:02.332+08:00 level=DEBUG msg="discovery: skipping unreachable socket" socket=/tmp/tmux-501/ta-e94aa181e16c err="query tmux on /tmp/tmux-501/ta-e94aa181e16c: exit status 1: no server running on /tmp/tmux-501/ta-e94aa181e16c"
time=2026-08-09T16:51:02.337+08:00 level=DEBUG msg="discovery: skipping unreachable socket" socket=/tmp/tmux-501/ta-ebf95952bfe3 err="query tmux on /tmp/tmux-501/ta-ebf95952bfe3: exit status 1: no server running on /tmp/tmux-501/ta-ebf95952bfe3"
time=2026-08-09T16:51:02.343+08:00 level=DEBUG msg="discovery: skipping unreachable socket" socket=/tmp/tmux-501/ta-fa2252466833 err="query tmux on /tmp/tmux-501/ta-fa2252466833: exit status 1: no server running on /tmp/tmux-501/ta-fa2252466833"
time=2026-08-09T16:51:02.343+08:00 level=DEBUG msg="listing: no changes"
