time=2026-08-09T09:29:24.687+08:00 level=INFO msg="pairing token source=explicit"
time=2026-08-09T09:29:24.687+08:00 level=INFO msg="agentmirrord starting" listen=127.0.0.1:52224 qr_listen="" token_source=explicit upload_dir=/tmp/am-e2e-4144154713/uploads max_upload_mib=20 list_interval=500ms
time=2026-08-09T09:29:24.687+08:00 level=DEBUG msg="listing loop started" interval=500ms
time=2026-08-09T09:29:24.687+08:00 level=WARN msg="tailnet 未启用：未配置 TS authkey，仅 LAN 监听"
                                                 
                                                 
    █▀▀▀▀▀█ █▀  █▄▄  ▀█▀█▄▄ ▀██ █▄▀█▄ █▀▀▀▀▀█    
    █ ███ █ ▀█▄█ ▄▄██ ▄ ▀ ▀▀▄▀█▀▀▀▀▀▀ █ ███ █    
    █ ▀▀▀ █ ▀▄▀▄▄█▄  ▀ ▄█▄ ▀█▄ █▀█▀▄▄ █ ▀▀▀ █    
    ▀▀▀▀▀▀▀ ▀▄▀▄▀ ▀▄█ ▀▄█ █ █▄█ ▀ ▀▄▀ ▀▀▀▀▀▀▀    
    █▄▄█▀█▀█▀█▄▀█ ▀ ▄▀▄▄▀█▀██ ▀▄██ ▄▀▀  ▀ ▀▀▀    
    ▀▄█▀ ▄▀█ █▀ ▄▄ ▀█▀▄ ▀█▄▀ ▄██▄▀ ▄▀▄  ▀▀ ▀     
    ▄▄█▀▄▀▀ ▀▄▀▄▀ ▀▄▄ ▀█▀   ▄▄▀ █▀▄█▄▄   █ █▀    
    ▀█▀█ █▀█▄█▀█▀▄█ ██▄▄ █  ▄ ▄▄▀ █▀█▀  █▀▄█▄    
     ██▄▀▄▀  ▄▀▀▀█▄▀█ ▀▀█ ▀█▀█▀  ▄▄▄ █ ▄▄▄  ▀    
     █▄███▀ █▀▀▄▀   ▀▄▄▀ ▀██  ▄█▀▀▀▄█▀ ▀▄█▀▀     
    ▄▄▄ ▄▀▀ █ ▀ ▀█▄▄▄ ▄▀ ▀▀▄▄▀█ █ ▀▄ █▀ ▄ ██▀    
     ▀▄▄▄▀▀▀██ ▀▄▀ ▄▄▄▀▀█▀▄▄ ▀▄ ▄▄█ ▀▄██▄▀▄▄     
    ▀▄▀█▄ ▀▄ ▄▀▄█▄▀█▀ ▀▀██▀██  █ ▄▄▀██   █▄█▀    
    ▄█▄▀▄█▀▄▄█ ▀ ▀▀▄█▄ █ ██▄██▀██▄▄▀ ▀█▀████     
    ▄█  █▄▀▀▄█ ▀ ▄██▀██  ▀▄▄▀▀▀▀███▀█▀▄▄▄█▄▄▄    
    ██  █▀▀█ ██▀  ▀▄  ▄█▄  ▄▀ █▀ ▀▀ ▀█▀█ █▀█     
    ▀▀ ▀▀ ▀▀▄ █ █▀█ █  ▀▀█▀██▀█▀▄█ ▄█▀▀▀██▄ █    
    █▀▀▀▀▀█ █▄ █▀█ ▄▄█▀▄▄▄█▀█ █▄█ ▄▀█ ▀ ███      
    █ ███ █ █▄▀▀██▀  █▀█▄█ ▀▄█▀█ █▄ █▀▀▀▀▄██▀    
    █ ▀▀▀ █    █▄ ▄ █ █ ██▄▀    █ ▄▄▄█▄ ▀▀█▀█    
    ▀▀▀▀▀▀▀ ▀▀ ▀  ▀ ▀  ▀▀▀▀  ▀▀   ▀▀  ▀ ▀        
                                                 
                                                 

──────────────────────────────────────────────
配对信息 · 用 App 扫码，或手填以下内容：
  服务端 ws 地址 : ws://198.18.0.1:52224/ws
  配对 token      : e2e-age-token-092922
  其他可达地址（若上面的连不上，改用下列之一）：
    ws://10.20.55.20:52224/ws   [lan]
    ws://192.168.31.116:52224/ws   [lan]
    ws://198.18.0.1:52224/ws   [lan]
time=2026-08-09T09:29:24.852+08:00 level=DEBUG msg="discovery: skipping unreachable socket" socket=/tmp/tmux-501/ta-01126683e597 err="query tmux on /tmp/tmux-501/ta-01126683e597: exit status 1: no server running on /tmp/tmux-501/ta-01126683e597"
time=2026-08-09T09:29:24.857+08:00 level=DEBUG msg="discovery: skipping unreachable socket" socket=/tmp/tmux-501/ta-013ab1835f3d err="query tmux on /tmp/tmux-501/ta-013ab1835f3d: exit status 1: no server running on /tmp/tmux-501/ta-013ab1835f3d"
time=2026-08-09T09:29:24.862+08:00 level=DEBUG msg="discovery: skipping unreachable socket" socket=/tmp/tmux-501/ta-01ae7229ab34 err="query tmux on /tmp/tmux-501/ta-01ae7229ab34: exit status 1: no server running on /tmp/tmux-501/ta-01ae7229ab34"
time=2026-08-09T09:29:24.879+08:00 level=DEBUG msg="discovery: skipping unreachable socket" socket=/tmp/tmux-501/ta-068e05dab0f2 err="query tmux on /tmp/tmux-501/ta-068e05dab0f2: exit status 1: no server running on /tmp/tmux-501/ta-068e05dab0f2"
time=2026-08-09T09:29:24.886+08:00 level=DEBUG msg="discovery: skipping unreachable socket" socket=/tmp/tmux-501/ta-06c9f392130f err="query tmux on /tmp/tmux-501/ta-06c9f392130f: exit status 1: no server running on /tmp/tmux-501/ta-06c9f392130f"
time=2026-08-09T09:29:24.891+08:00 level=DEBUG msg="discovery: skipping unreachable socket" socket=/tmp/tmux-501/ta-06d4a2ee7518 err="query tmux on /tmp/tmux-501/ta-06d4a2ee7518: exit status 1: no server running on /tmp/tmux-501/ta-06d4a2ee7518"
time=2026-08-09T09:29:24.911+08:00 level=DEBUG msg="discovery: skipping unreachable socket" socket=/tmp/tmux-501/ta-0a72db2d2f8d err="query tmux on /tmp/tmux-501/ta-0a72db2d2f8d: exit status 1: no server running on /tmp/tmux-501/ta-0a72db2d2f8d"
time=2026-08-09T09:29:24.921+08:00 level=DEBUG msg="discovery: skipping unreachable socket" socket=/tmp/tmux-501/ta-0c2f41c7040c err="query tmux on /tmp/tmux-501/ta-0c2f41c7040c: exit status 1: no server running on /tmp/tmux-501/ta-0c2f41c7040c"
time=2026-08-09T09:29:24.927+08:00 level=DEBUG msg="discovery: skipping unreachable socket" socket=/tmp/tmux-501/ta-0d8be8a7829a err="query tmux on /tmp/tmux-501/ta-0d8be8a7829a: exit status 1: no server running on /tmp/tmux-501/ta-0d8be8a7829a"
time=2026-08-09T09:29:24.934+08:00 level=DEBUG msg="discovery: skipping unreachable socket" socket=/tmp/tmux-501/ta-12998fa42bdd err="query tmux on /tmp/tmux-501/ta-12998fa42bdd: exit status 1: no server running on /tmp/tmux-501/ta-12998fa42bdd"
time=2026-08-09T09:29:24.955+08:00 level=DEBUG msg="discovery: skipping unreachable socket" socket=/tmp/tmux-501/ta-179131c0076a err="query tmux on /tmp/tmux-501/ta-179131c0076a: exit status 1: no server running on /tmp/tmux-501/ta-179131c0076a"
time=2026-08-09T09:29:24.968+08:00 level=DEBUG msg="discovery: skipping unreachable socket" socket=/tmp/tmux-501/ta-1949e6b86881 err="query tmux on /tmp/tmux-501/ta-1949e6b86881: exit status 1: no server running on /tmp/tmux-501/ta-1949e6b86881"
time=2026-08-09T09:29:24.980+08:00 level=DEBUG msg="discovery: skipping unreachable socket" socket=/tmp/tmux-501/ta-207c04ef53a0 err="query tmux on /tmp/tmux-501/ta-207c04ef53a0: exit status 1: no server running on /tmp/tmux-501/ta-207c04ef53a0"
time=2026-08-09T09:29:24.985+08:00 level=DEBUG msg="discovery: skipping unreachable socket" socket=/tmp/tmux-501/ta-216636364606 err="query tmux on /tmp/tmux-501/ta-216636364606: exit status 1: no server running on /tmp/tmux-501/ta-216636364606"
time=2026-08-09T09:29:24.991+08:00 level=DEBUG msg="discovery: skipping unreachable socket" socket=/tmp/tmux-501/ta-21e91d9e0de3 err="query tmux on /tmp/tmux-501/ta-21e91d9e0de3: exit status 1: no server running on /tmp/tmux-501/ta-21e91d9e0de3"
time=2026-08-09T09:29:25.015+08:00 level=DEBUG msg="discovery: skipping unreachable socket" socket=/tmp/tmux-501/ta-24fce2185904 err="query tmux on /tmp/tmux-501/ta-24fce2185904: exit status 1: no server running on /tmp/tmux-501/ta-24fce2185904"
time=2026-08-09T09:29:25.022+08:00 level=DEBUG msg="discovery: skipping unreachable socket" socket=/tmp/tmux-501/ta-26f28692c57a err="query tmux on /tmp/tmux-501/ta-26f28692c57a: exit status 1: no server running on /tmp/tmux-501/ta-26f28692c57a"
time=2026-08-09T09:29:25.028+08:00 level=DEBUG msg="discovery: skipping unreachable socket" socket=/tmp/tmux-501/ta-282fba4016e1 err="query tmux on /tmp/tmux-501/ta-282fba4016e1: exit status 1: no server running on /tmp/tmux-501/ta-282fba4016e1"
time=2026-08-09T09:29:25.034+08:00 level=DEBUG msg="discovery: skipping unreachable socket" socket=/tmp/tmux-501/ta-286f7286ce54 err="query tmux on /tmp/tmux-501/ta-286f7286ce54: exit status 1: no server running on /tmp/tmux-501/ta-286f7286ce54"
time=2026-08-09T09:29:25.046+08:00 level=DEBUG msg="discovery: skipping unreachable socket" socket=/tmp/tmux-501/ta-288094083c2c err="query tmux on /tmp/tmux-501/ta-288094083c2c: exit status 1: no server running on /tmp/tmux-501/ta-288094083c2c"
time=2026-08-09T09:29:25.058+08:00 level=DEBUG msg="discovery: skipping unreachable socket" socket=/tmp/tmux-501/ta-2aae31361fa1 err="query tmux on /tmp/tmux-501/ta-2aae31361fa1: exit status 1: no server running on /tmp/tmux-501/ta-2aae31361fa1"
time=2026-08-09T09:29:25.063+08:00 level=DEBUG msg="discovery: skipping unreachable socket" socket=/tmp/tmux-501/ta-2ae1025c10d1 err="query tmux on /tmp/tmux-501/ta-2ae1025c10d1: exit status 1: no server running on /tmp/tmux-501/ta-2ae1025c10d1"
time=2026-08-09T09:29:25.069+08:00 level=DEBUG msg="discovery: skipping unreachable socket" socket=/tmp/tmux-501/ta-2cb694214071 err="query tmux on /tmp/tmux-501/ta-2cb694214071: exit status 1: no server running on /tmp/tmux-501/ta-2cb694214071"
time=2026-08-09T09:29:25.087+08:00 level=DEBUG msg="discovery: skipping unreachable socket" socket=/tmp/tmux-501/ta-3274a318dbc9 err="query tmux on /tmp/tmux-501/ta-3274a318dbc9: exit status 1: no server running on /tmp/tmux-501/ta-3274a318dbc9"
time=2026-08-09T09:29:25.100+08:00 level=DEBUG msg="discovery: skipping unreachable socket" socket=/tmp/tmux-501/ta-35ed7d2f51d9 err="query tmux on /tmp/tmux-501/ta-35ed7d2f51d9: exit status 1: no server running on /tmp/tmux-501/ta-35ed7d2f51d9"
time=2026-08-09T09:29:25.106+08:00 level=DEBUG msg="discovery: skipping unreachable socket" socket=/tmp/tmux-501/ta-362b16c58513 err="query tmux on /tmp/tmux-501/ta-362b16c58513: exit status 1: no server running on /tmp/tmux-501/ta-362b16c58513"
time=2026-08-09T09:29:25.112+08:00 level=DEBUG msg="discovery: skipping unreachable socket" socket=/tmp/tmux-501/ta-3833181162ac err="query tmux on /tmp/tmux-501/ta-3833181162ac: exit status 1: no server running on /tmp/tmux-501/ta-3833181162ac"
time=2026-08-09T09:29:25.118+08:00 level=DEBUG msg="discovery: skipping unreachable socket" socket=/tmp/tmux-501/ta-3ce72bbed4f2 err="query tmux on /tmp/tmux-501/ta-3ce72bbed4f2: exit status 1: no server running on /tmp/tmux-501/ta-3ce72bbed4f2"
time=2026-08-09T09:29:25.130+08:00 level=DEBUG msg="discovery: skipping unreachable socket" socket=/tmp/tmux-501/ta-3e93f5065209 err="query tmux on /tmp/tmux-501/ta-3e93f5065209: exit status 1: no server running on /tmp/tmux-501/ta-3e93f5065209"
time=2026-08-09T09:29:25.136+08:00 level=DEBUG msg="discovery: skipping unreachable socket" socket=/tmp/tmux-501/ta-4028cb65384b err="query tmux on /tmp/tmux-501/ta-4028cb65384b: exit status 1: no server running on /tmp/tmux-501/ta-4028cb65384b"
time=2026-08-09T09:29:25.141+08:00 level=DEBUG msg="discovery: skipping unreachable socket" socket=/tmp/tmux-501/ta-406246e480e7 err="query tmux on /tmp/tmux-501/ta-406246e480e7: exit status 1: no server running on /tmp/tmux-501/ta-406246e480e7"
time=2026-08-09T09:29:25.154+08:00 level=DEBUG msg="discovery: skipping unreachable socket" socket=/tmp/tmux-501/ta-438cff265841 err="query tmux on /tmp/tmux-501/ta-438cff265841: exit status 1: no server running on /tmp/tmux-501/ta-438cff265841"
time=2026-08-09T09:29:25.160+08:00 level=DEBUG msg="discovery: skipping unreachable socket" socket=/tmp/tmux-501/ta-43ce27abee3c err="query tmux on /tmp/tmux-501/ta-43ce27abee3c: exit status 1: no server running on /tmp/tmux-501/ta-43ce27abee3c"
time=2026-08-09T09:29:25.181+08:00 level=DEBUG msg="discovery: skipping unreachable socket" socket=/tmp/tmux-501/ta-44e75c59a69f err="query tmux on /tmp/tmux-501/ta-44e75c59a69f: exit status 1: no server running on /tmp/tmux-501/ta-44e75c59a69f"
time=2026-08-09T09:29:25.192+08:00 level=DEBUG msg="discovery: skipping unreachable socket" socket=/tmp/tmux-501/ta-46e0835ad8e4 err="query tmux on /tmp/tmux-501/ta-46e0835ad8e4: exit status 1: no server running on /tmp/tmux-501/ta-46e0835ad8e4"
time=2026-08-09T09:29:25.205+08:00 level=DEBUG msg="discovery: skipping unreachable socket" socket=/tmp/tmux-501/ta-4702165bbeaf err="query tmux on /tmp/tmux-501/ta-4702165bbeaf: exit status 1: no server running on /tmp/tmux-501/ta-4702165bbeaf"
time=2026-08-09T09:29:25.226+08:00 level=DEBUG msg="discovery: skipping unreachable socket" socket=/tmp/tmux-501/ta-01126683e597 err="query tmux on /tmp/tmux-501/ta-01126683e597: exit status 1: no server running on /tmp/tmux-501/ta-01126683e597"
time=2026-08-09T09:29:25.227+08:00 level=DEBUG msg="discovery: skipping unreachable socket" socket=/tmp/tmux-501/ta-4a7c411cbbe6 err="query tmux on /tmp/tmux-501/ta-4a7c411cbbe6: exit status 1: no server running on /tmp/tmux-501/ta-4a7c411cbbe6"
time=2026-08-09T09:29:25.232+08:00 level=DEBUG msg="discovery: skipping unreachable socket" socket=/tmp/tmux-501/ta-013ab1835f3d err="query tmux on /tmp/tmux-501/ta-013ab1835f3d: exit status 1: no server running on /tmp/tmux-501/ta-013ab1835f3d"
time=2026-08-09T09:29:25.233+08:00 level=DEBUG msg="discovery: skipping unreachable socket" socket=/tmp/tmux-501/ta-4a8e9f0c15b4 err="query tmux on /tmp/tmux-501/ta-4a8e9f0c15b4: exit status 1: no server running on /tmp/tmux-501/ta-4a8e9f0c15b4"
time=2026-08-09T09:29:25.238+08:00 level=DEBUG msg="discovery: skipping unreachable socket" socket=/tmp/tmux-501/ta-01ae7229ab34 err="query tmux on /tmp/tmux-501/ta-01ae7229ab34: exit status 1: no server running on /tmp/tmux-501/ta-01ae7229ab34"
time=2026-08-09T09:29:25.238+08:00 level=DEBUG msg="discovery: skipping unreachable socket" socket=/tmp/tmux-501/ta-4dfb8cf29b53 err="query tmux on /tmp/tmux-501/ta-4dfb8cf29b53: exit status 1: no server running on /tmp/tmux-501/ta-4dfb8cf29b53"
time=2026-08-09T09:29:25.243+08:00 level=DEBUG msg="discovery: skipping unreachable socket" socket=/tmp/tmux-501/ta-4f3924cc4519 err="query tmux on /tmp/tmux-501/ta-4f3924cc4519: exit status 1: no server running on /tmp/tmux-501/ta-4f3924cc4519"
time=2026-08-09T09:29:25.249+08:00 level=DEBUG msg="discovery: skipping unreachable socket" socket=/tmp/tmux-501/ta-52394122babb err="query tmux on /tmp/tmux-501/ta-52394122babb: exit status 1: no server running on /tmp/tmux-501/ta-52394122babb"
time=2026-08-09T09:29:25.256+08:00 level=DEBUG msg="discovery: skipping unreachable socket" socket=/tmp/tmux-501/ta-068e05dab0f2 err="query tmux on /tmp/tmux-501/ta-068e05dab0f2: exit status 1: no server running on /tmp/tmux-501/ta-068e05dab0f2"
time=2026-08-09T09:29:25.262+08:00 level=DEBUG msg="discovery: skipping unreachable socket" socket=/tmp/tmux-501/ta-06c9f392130f err="query tmux on /tmp/tmux-501/ta-06c9f392130f: exit status 1: no server running on /tmp/tmux-501/ta-06c9f392130f"
time=2026-08-09T09:29:25.268+08:00 level=DEBUG msg="discovery: skipping unreachable socket" socket=/tmp/tmux-501/ta-06d4a2ee7518 err="query tmux on /tmp/tmux-501/ta-06d4a2ee7518: exit status 1: no server running on /tmp/tmux-501/ta-06d4a2ee7518"
time=2026-08-09T09:29:25.269+08:00 level=DEBUG msg="discovery: skipping unreachable socket" socket=/tmp/tmux-501/ta-577561874d9b err="query tmux on /tmp/tmux-501/ta-577561874d9b: exit status 1: no server running on /tmp/tmux-501/ta-577561874d9b"
time=2026-08-09T09:29:25.286+08:00 level=DEBUG msg="discovery: skipping unreachable socket" socket=/tmp/tmux-501/ta-0a72db2d2f8d err="query tmux on /tmp/tmux-501/ta-0a72db2d2f8d: exit status 1: no server running on /tmp/tmux-501/ta-0a72db2d2f8d"
time=2026-08-09T09:29:25.287+08:00 level=DEBUG msg="discovery: skipping unreachable socket" socket=/tmp/tmux-501/ta-5ba7740fadec err="query tmux on /tmp/tmux-501/ta-5ba7740fadec: exit status 1: no server running on /tmp/tmux-501/ta-5ba7740fadec"
time=2026-08-09T09:29:25.293+08:00 level=DEBUG msg="discovery: skipping unreachable socket" socket=/tmp/tmux-501/ta-0c2f41c7040c err="query tmux on /tmp/tmux-501/ta-0c2f41c7040c: exit status 1: no server running on /tmp/tmux-501/ta-0c2f41c7040c"
time=2026-08-09T09:29:25.293+08:00 level=DEBUG msg="discovery: skipping unreachable socket" socket=/tmp/tmux-501/ta-5bac69dbfe99 err="query tmux on /tmp/tmux-501/ta-5bac69dbfe99: exit status 1: no server running on /tmp/tmux-501/ta-5bac69dbfe99"
time=2026-08-09T09:29:25.299+08:00 level=DEBUG msg="discovery: skipping unreachable socket" socket=/tmp/tmux-501/ta-0d8be8a7829a err="query tmux on /tmp/tmux-501/ta-0d8be8a7829a: exit status 1: no server running on /tmp/tmux-501/ta-0d8be8a7829a"
time=2026-08-09T09:29:25.305+08:00 level=DEBUG msg="discovery: skipping unreachable socket" socket=/tmp/tmux-501/ta-12998fa42bdd err="query tmux on /tmp/tmux-501/ta-12998fa42bdd: exit status 1: no server running on /tmp/tmux-501/ta-12998fa42bdd"
time=2026-08-09T09:29:25.305+08:00 level=DEBUG msg="discovery: skipping unreachable socket" socket=/tmp/tmux-501/ta-5d6d082f74c6 err="query tmux on /tmp/tmux-501/ta-5d6d082f74c6: exit status 1: no server running on /tmp/tmux-501/ta-5d6d082f74c6"
time=2026-08-09T09:29:25.311+08:00 level=DEBUG msg="discovery: skipping unreachable socket" socket=/tmp/tmux-501/ta-5f045cf48619 err="query tmux on /tmp/tmux-501/ta-5f045cf48619: exit status 1: no server running on /tmp/tmux-501/ta-5f045cf48619"
time=2026-08-09T09:29:25.323+08:00 level=DEBUG msg="discovery: skipping unreachable socket" socket=/tmp/tmux-501/ta-63bd43dc1eb7 err="query tmux on /tmp/tmux-501/ta-63bd43dc1eb7: exit status 1: no server running on /tmp/tmux-501/ta-63bd43dc1eb7"
time=2026-08-09T09:29:25.324+08:00 level=DEBUG msg="discovery: skipping unreachable socket" socket=/tmp/tmux-501/ta-179131c0076a err="query tmux on /tmp/tmux-501/ta-179131c0076a: exit status 1: no server running on /tmp/tmux-501/ta-179131c0076a"
time=2026-08-09T09:29:25.328+08:00 level=DEBUG msg="discovery: skipping unreachable socket" socket=/tmp/tmux-501/ta-648f0b64fb93 err="query tmux on /tmp/tmux-501/ta-648f0b64fb93: exit status 1: no server running on /tmp/tmux-501/ta-648f0b64fb93"
time=2026-08-09T09:29:25.336+08:00 level=DEBUG msg="discovery: skipping unreachable socket" socket=/tmp/tmux-501/ta-1949e6b86881 err="query tmux on /tmp/tmux-501/ta-1949e6b86881: exit status 1: no server running on /tmp/tmux-501/ta-1949e6b86881"
time=2026-08-09T09:29:25.341+08:00 level=DEBUG msg="discovery: skipping unreachable socket" socket=/tmp/tmux-501/ta-69187e22e8b0 err="query tmux on /tmp/tmux-501/ta-69187e22e8b0: exit status 1: no server running on /tmp/tmux-501/ta-69187e22e8b0"
time=2026-08-09T09:29:25.347+08:00 level=DEBUG msg="discovery: skipping unreachable socket" socket=/tmp/tmux-501/ta-69a1521c06b9 err="query tmux on /tmp/tmux-501/ta-69a1521c06b9: exit status 1: no server running on /tmp/tmux-501/ta-69a1521c06b9"
time=2026-08-09T09:29:25.348+08:00 level=DEBUG msg="discovery: skipping unreachable socket" socket=/tmp/tmux-501/ta-207c04ef53a0 err="query tmux on /tmp/tmux-501/ta-207c04ef53a0: exit status 1: no server running on /tmp/tmux-501/ta-207c04ef53a0"
time=2026-08-09T09:29:25.354+08:00 level=DEBUG msg="discovery: skipping unreachable socket" socket=/tmp/tmux-501/ta-6b26f32298f1 err="query tmux on /tmp/tmux-501/ta-6b26f32298f1: exit status 1: no server running on /tmp/tmux-501/ta-6b26f32298f1"
time=2026-08-09T09:29:25.354+08:00 level=DEBUG msg="discovery: skipping unreachable socket" socket=/tmp/tmux-501/ta-216636364606 err="query tmux on /tmp/tmux-501/ta-216636364606: exit status 1: no server running on /tmp/tmux-501/ta-216636364606"
time=2026-08-09T09:29:25.360+08:00 level=DEBUG msg="discovery: skipping unreachable socket" socket=/tmp/tmux-501/ta-6c005e9a3f39 err="query tmux on /tmp/tmux-501/ta-6c005e9a3f39: exit status 1: no server running on /tmp/tmux-501/ta-6c005e9a3f39"
time=2026-08-09T09:29:25.360+08:00 level=DEBUG msg="discovery: skipping unreachable socket" socket=/tmp/tmux-501/ta-21e91d9e0de3 err="query tmux on /tmp/tmux-501/ta-21e91d9e0de3: exit status 1: no server running on /tmp/tmux-501/ta-21e91d9e0de3"
time=2026-08-09T09:29:25.378+08:00 level=DEBUG msg="discovery: skipping unreachable socket" socket=/tmp/tmux-501/ta-7a8416afe095 err="query tmux on /tmp/tmux-501/ta-7a8416afe095: exit status 1: no server running on /tmp/tmux-501/ta-7a8416afe095"
time=2026-08-09T09:29:25.384+08:00 level=DEBUG msg="discovery: skipping unreachable socket" socket=/tmp/tmux-501/ta-24fce2185904 err="query tmux on /tmp/tmux-501/ta-24fce2185904: exit status 1: no server running on /tmp/tmux-501/ta-24fce2185904"
time=2026-08-09T09:29:25.390+08:00 level=DEBUG msg="discovery: skipping unreachable socket" socket=/tmp/tmux-501/ta-7b8b9455aae8 err="query tmux on /tmp/tmux-501/ta-7b8b9455aae8: exit status 1: no server running on /tmp/tmux-501/ta-7b8b9455aae8"
time=2026-08-09T09:29:25.390+08:00 level=DEBUG msg="discovery: skipping unreachable socket" socket=/tmp/tmux-501/ta-26f28692c57a err="query tmux on /tmp/tmux-501/ta-26f28692c57a: exit status 1: no server running on /tmp/tmux-501/ta-26f28692c57a"
time=2026-08-09T09:29:25.395+08:00 level=DEBUG msg="discovery: skipping unreachable socket" socket=/tmp/tmux-501/ta-7c8b9455ac9b err="query tmux on /tmp/tmux-501/ta-7c8b9455ac9b: exit status 1: no server running on /tmp/tmux-501/ta-7c8b9455ac9b"
time=2026-08-09T09:29:25.396+08:00 level=DEBUG msg="discovery: skipping unreachable socket" socket=/tmp/tmux-501/ta-282fba4016e1 err="query tmux on /tmp/tmux-501/ta-282fba4016e1: exit status 1: no server running on /tmp/tmux-501/ta-282fba4016e1"
time=2026-08-09T09:29:25.401+08:00 level=DEBUG msg="discovery: skipping unreachable socket" socket=/tmp/tmux-501/ta-286f7286ce54 err="query tmux on /tmp/tmux-501/ta-286f7286ce54: exit status 1: no server running on /tmp/tmux-501/ta-286f7286ce54"
time=2026-08-09T09:29:25.401+08:00 level=DEBUG msg="discovery: skipping unreachable socket" socket=/tmp/tmux-501/ta-7d95a33c35bb err="query tmux on /tmp/tmux-501/ta-7d95a33c35bb: exit status 1: no server running on /tmp/tmux-501/ta-7d95a33c35bb"
time=2026-08-09T09:29:25.407+08:00 level=DEBUG msg="discovery: skipping unreachable socket" socket=/tmp/tmux-501/ta-7e656aa70eac err="query tmux on /tmp/tmux-501/ta-7e656aa70eac: exit status 1: no server running on /tmp/tmux-501/ta-7e656aa70eac"
time=2026-08-09T09:29:25.413+08:00 level=DEBUG msg="discovery: skipping unreachable socket" socket=/tmp/tmux-501/ta-288094083c2c err="query tmux on /tmp/tmux-501/ta-288094083c2c: exit status 1: no server running on /tmp/tmux-501/ta-288094083c2c"
time=2026-08-09T09:29:25.413+08:00 level=DEBUG msg="discovery: skipping unreachable socket" socket=/tmp/tmux-501/ta-7e7d8c51114d err="query tmux on /tmp/tmux-501/ta-7e7d8c51114d: exit status 1: no server running on /tmp/tmux-501/ta-7e7d8c51114d"
time=2026-08-09T09:29:25.418+08:00 level=DEBUG msg="discovery: skipping unreachable socket" socket=/tmp/tmux-501/ta-8048ed81b9df err="query tmux on /tmp/tmux-501/ta-8048ed81b9df: exit status 1: no server running on /tmp/tmux-501/ta-8048ed81b9df"
time=2026-08-09T09:29:25.425+08:00 level=DEBUG msg="discovery: skipping unreachable socket" socket=/tmp/tmux-501/ta-2aae31361fa1 err="query tmux on /tmp/tmux-501/ta-2aae31361fa1: exit status 1: no server running on /tmp/tmux-501/ta-2aae31361fa1"
time=2026-08-09T09:29:25.431+08:00 level=DEBUG msg="discovery: skipping unreachable socket" socket=/tmp/tmux-501/ta-2ae1025c10d1 err="query tmux on /tmp/tmux-501/ta-2ae1025c10d1: exit status 1: no server running on /tmp/tmux-501/ta-2ae1025c10d1"
time=2026-08-09T09:29:25.437+08:00 level=DEBUG msg="discovery: skipping unreachable socket" socket=/tmp/tmux-501/ta-833b364038e0 err="query tmux on /tmp/tmux-501/ta-833b364038e0: exit status 1: no server running on /tmp/tmux-501/ta-833b364038e0"
time=2026-08-09T09:29:25.437+08:00 level=DEBUG msg="discovery: skipping unreachable socket" socket=/tmp/tmux-501/ta-2cb694214071 err="query tmux on /tmp/tmux-501/ta-2cb694214071: exit status 1: no server running on /tmp/tmux-501/ta-2cb694214071"
time=2026-08-09T09:29:25.443+08:00 level=DEBUG msg="discovery: skipping unreachable socket" socket=/tmp/tmux-501/ta-83e508ee7924 err="query tmux on /tmp/tmux-501/ta-83e508ee7924: exit status 1: no server running on /tmp/tmux-501/ta-83e508ee7924"
time=2026-08-09T09:29:25.455+08:00 level=DEBUG msg="discovery: skipping unreachable socket" socket=/tmp/tmux-501/ta-86cf9fb8afc6 err="query tmux on /tmp/tmux-501/ta-86cf9fb8afc6: exit status 1: no server running on /tmp/tmux-501/ta-86cf9fb8afc6"
time=2026-08-09T09:29:25.455+08:00 level=DEBUG msg="discovery: skipping unreachable socket" socket=/tmp/tmux-501/ta-3274a318dbc9 err="query tmux on /tmp/tmux-501/ta-3274a318dbc9: exit status 1: no server running on /tmp/tmux-501/ta-3274a318dbc9"
time=2026-08-09T09:29:25.468+08:00 level=DEBUG msg="discovery: skipping unreachable socket" socket=/tmp/tmux-501/ta-35ed7d2f51d9 err="query tmux on /tmp/tmux-501/ta-35ed7d2f51d9: exit status 1: no server running on /tmp/tmux-501/ta-35ed7d2f51d9"
time=2026-08-09T09:29:25.468+08:00 level=DEBUG msg="discovery: skipping unreachable socket" socket=/tmp/tmux-501/ta-8b8a20c82890 err="query tmux on /tmp/tmux-501/ta-8b8a20c82890: exit status 1: no server running on /tmp/tmux-501/ta-8b8a20c82890"
time=2026-08-09T09:29:25.474+08:00 level=DEBUG msg="discovery: skipping unreachable socket" socket=/tmp/tmux-501/ta-362b16c58513 err="query tmux on /tmp/tmux-501/ta-362b16c58513: exit status 1: no server running on /tmp/tmux-501/ta-362b16c58513"
time=2026-08-09T09:29:25.474+08:00 level=DEBUG msg="discovery: skipping unreachable socket" socket=/tmp/tmux-501/ta-8bcd86c68271 err="query tmux on /tmp/tmux-501/ta-8bcd86c68271: exit status 1: no server running on /tmp/tmux-501/ta-8bcd86c68271"
time=2026-08-09T09:29:25.479+08:00 level=DEBUG msg="discovery: skipping unreachable socket" socket=/tmp/tmux-501/ta-8cedaec15c6c err="query tmux on /tmp/tmux-501/ta-8cedaec15c6c: exit status 1: no server running on /tmp/tmux-501/ta-8cedaec15c6c"
time=2026-08-09T09:29:25.479+08:00 level=DEBUG msg="discovery: skipping unreachable socket" socket=/tmp/tmux-501/ta-3833181162ac err="query tmux on /tmp/tmux-501/ta-3833181162ac: exit status 1: no server running on /tmp/tmux-501/ta-3833181162ac"
time=2026-08-09T09:29:25.485+08:00 level=DEBUG msg="discovery: skipping unreachable socket" socket=/tmp/tmux-501/ta-8e1d263384bf err="query tmux on /tmp/tmux-501/ta-8e1d263384bf: exit status 1: no server running on /tmp/tmux-501/ta-8e1d263384bf"
time=2026-08-09T09:29:25.485+08:00 level=DEBUG msg="discovery: skipping unreachable socket" socket=/tmp/tmux-501/ta-3ce72bbed4f2 err="query tmux on /tmp/tmux-501/ta-3ce72bbed4f2: exit status 1: no server running on /tmp/tmux-501/ta-3ce72bbed4f2"
time=2026-08-09T09:29:25.491+08:00 level=DEBUG msg="discovery: skipping unreachable socket" socket=/tmp/tmux-501/ta-8f900bc847e5 err="query tmux on /tmp/tmux-501/ta-8f900bc847e5: exit status 1: no server running on /tmp/tmux-501/ta-8f900bc847e5"
time=2026-08-09T09:29:25.497+08:00 level=DEBUG msg="discovery: skipping unreachable socket" socket=/tmp/tmux-501/ta-3e93f5065209 err="query tmux on /tmp/tmux-501/ta-3e93f5065209: exit status 1: no server running on /tmp/tmux-501/ta-3e93f5065209"
time=2026-08-09T09:29:25.503+08:00 level=DEBUG msg="discovery: skipping unreachable socket" socket=/tmp/tmux-501/ta-4028cb65384b err="query tmux on /tmp/tmux-501/ta-4028cb65384b: exit status 1: no server running on /tmp/tmux-501/ta-4028cb65384b"
time=2026-08-09T09:29:25.503+08:00 level=DEBUG msg="discovery: skipping unreachable socket" socket=/tmp/tmux-501/ta-9354fec1f143 err="query tmux on /tmp/tmux-501/ta-9354fec1f143: exit status 1: no server running on /tmp/tmux-501/ta-9354fec1f143"
time=2026-08-09T09:29:25.509+08:00 level=DEBUG msg="discovery: skipping unreachable socket" socket=/tmp/tmux-501/ta-406246e480e7 err="query tmux on /tmp/tmux-501/ta-406246e480e7: exit status 1: no server running on /tmp/tmux-501/ta-406246e480e7"
time=2026-08-09T09:29:25.509+08:00 level=DEBUG msg="discovery: skipping unreachable socket" socket=/tmp/tmux-501/ta-945d4f57597e err="query tmux on /tmp/tmux-501/ta-945d4f57597e: exit status 1: no server running on /tmp/tmux-501/ta-945d4f57597e"
time=2026-08-09T09:29:25.520+08:00 level=DEBUG msg="discovery: skipping unreachable socket" socket=/tmp/tmux-501/ta-958bed53a01a err="query tmux on /tmp/tmux-501/ta-958bed53a01a: exit status 1: no server running on /tmp/tmux-501/ta-958bed53a01a"
time=2026-08-09T09:29:25.521+08:00 level=DEBUG msg="discovery: skipping unreachable socket" socket=/tmp/tmux-501/ta-438cff265841 err="query tmux on /tmp/tmux-501/ta-438cff265841: exit status 1: no server running on /tmp/tmux-501/ta-438cff265841"
time=2026-08-09T09:29:25.527+08:00 level=DEBUG msg="discovery: skipping unreachable socket" socket=/tmp/tmux-501/ta-960f84496264 err="query tmux on /tmp/tmux-501/ta-960f84496264: exit status 1: no server running on /tmp/tmux-501/ta-960f84496264"
time=2026-08-09T09:29:25.527+08:00 level=DEBUG msg="discovery: skipping unreachable socket" socket=/tmp/tmux-501/ta-43ce27abee3c err="query tmux on /tmp/tmux-501/ta-43ce27abee3c: exit status 1: no server running on /tmp/tmux-501/ta-43ce27abee3c"
time=2026-08-09T09:29:25.533+08:00 level=DEBUG msg="discovery: skipping unreachable socket" socket=/tmp/tmux-501/ta-97059410728a err="query tmux on /tmp/tmux-501/ta-97059410728a: exit status 1: no server running on /tmp/tmux-501/ta-97059410728a"
time=2026-08-09T09:29:25.538+08:00 level=DEBUG msg="discovery: skipping unreachable socket" socket=/tmp/tmux-501/ta-973a87a2cc74 err="query tmux on /tmp/tmux-501/ta-973a87a2cc74: exit status 1: no server running on /tmp/tmux-501/ta-973a87a2cc74"
time=2026-08-09T09:29:25.538+08:00 level=DEBUG msg="discovery: skipping unreachable socket" socket=/tmp/tmux-501/ta-44e75c59a69f err="query tmux on /tmp/tmux-501/ta-44e75c59a69f: exit status 1: no server running on /tmp/tmux-501/ta-44e75c59a69f"
time=2026-08-09T09:29:25.544+08:00 level=DEBUG msg="discovery: skipping unreachable socket" socket=/tmp/tmux-501/ta-9757a154bb9c err="query tmux on /tmp/tmux-501/ta-9757a154bb9c: exit status 1: no server running on /tmp/tmux-501/ta-9757a154bb9c"
time=2026-08-09T09:29:25.545+08:00 level=DEBUG msg="discovery: skipping unreachable socket" socket=/tmp/tmux-501/ta-46e0835ad8e4 err="query tmux on /tmp/tmux-501/ta-46e0835ad8e4: exit status 1: no server running on /tmp/tmux-501/ta-46e0835ad8e4"
time=2026-08-09T09:29:25.549+08:00 level=DEBUG msg="discovery: skipping unreachable socket" socket=/tmp/tmux-501/ta-979d8e92c318 err="query tmux on /tmp/tmux-501/ta-979d8e92c318: exit status 1: no server running on /tmp/tmux-501/ta-979d8e92c318"
time=2026-08-09T09:29:25.551+08:00 level=DEBUG msg="discovery: skipping unreachable socket" socket=/tmp/tmux-501/ta-4702165bbeaf err="query tmux on /tmp/tmux-501/ta-4702165bbeaf: exit status 1: no server running on /tmp/tmux-501/ta-4702165bbeaf"
time=2026-08-09T09:29:25.562+08:00 level=DEBUG msg="discovery: skipping unreachable socket" socket=/tmp/tmux-501/ta-9f9660deef84 err="query tmux on /tmp/tmux-501/ta-9f9660deef84: exit status 1: no server running on /tmp/tmux-501/ta-9f9660deef84"
time=2026-08-09T09:29:25.563+08:00 level=DEBUG msg="discovery: skipping unreachable socket" socket=/tmp/tmux-501/ta-4a7c411cbbe6 err="query tmux on /tmp/tmux-501/ta-4a7c411cbbe6: exit status 1: no server running on /tmp/tmux-501/ta-4a7c411cbbe6"
time=2026-08-09T09:29:25.569+08:00 level=DEBUG msg="discovery: skipping unreachable socket" socket=/tmp/tmux-501/ta-4a8e9f0c15b4 err="query tmux on /tmp/tmux-501/ta-4a8e9f0c15b4: exit status 1: no server running on /tmp/tmux-501/ta-4a8e9f0c15b4"
time=2026-08-09T09:29:25.575+08:00 level=DEBUG msg="discovery: skipping unreachable socket" socket=/tmp/tmux-501/ta-4dfb8cf29b53 err="query tmux on /tmp/tmux-501/ta-4dfb8cf29b53: exit status 1: no server running on /tmp/tmux-501/ta-4dfb8cf29b53"
time=2026-08-09T09:29:25.581+08:00 level=DEBUG msg="discovery: skipping unreachable socket" socket=/tmp/tmux-501/ta-4f3924cc4519 err="query tmux on /tmp/tmux-501/ta-4f3924cc4519: exit status 1: no server running on /tmp/tmux-501/ta-4f3924cc4519"
time=2026-08-09T09:29:25.581+08:00 level=DEBUG msg="discovery: skipping unreachable socket" socket=/tmp/tmux-501/ta-a3613f1b7212 err="query tmux on /tmp/tmux-501/ta-a3613f1b7212: exit status 1: no server running on /tmp/tmux-501/ta-a3613f1b7212"
time=2026-08-09T09:29:25.587+08:00 level=DEBUG msg="discovery: skipping unreachable socket" socket=/tmp/tmux-501/ta-52394122babb err="query tmux on /tmp/tmux-501/ta-52394122babb: exit status 1: no server running on /tmp/tmux-501/ta-52394122babb"
time=2026-08-09T09:29:25.587+08:00 level=DEBUG msg="discovery: skipping unreachable socket" socket=/tmp/tmux-501/ta-a468707981a6 err="query tmux on /tmp/tmux-501/ta-a468707981a6: exit status 1: no server running on /tmp/tmux-501/ta-a468707981a6"
time=2026-08-09T09:29:25.594+08:00 level=DEBUG msg="discovery: skipping unreachable socket" socket=/tmp/tmux-501/ta-a7343098f3d8 err="query tmux on /tmp/tmux-501/ta-a7343098f3d8: exit status 1: no server running on /tmp/tmux-501/ta-a7343098f3d8"
time=2026-08-09T09:29:25.600+08:00 level=DEBUG msg="discovery: skipping unreachable socket" socket=/tmp/tmux-501/ta-a9c99df321ff err="query tmux on /tmp/tmux-501/ta-a9c99df321ff: exit status 1: no server running on /tmp/tmux-501/ta-a9c99df321ff"
time=2026-08-09T09:29:25.607+08:00 level=DEBUG msg="discovery: skipping unreachable socket" socket=/tmp/tmux-501/ta-577561874d9b err="query tmux on /tmp/tmux-501/ta-577561874d9b: exit status 1: no server running on /tmp/tmux-501/ta-577561874d9b"
time=2026-08-09T09:29:25.613+08:00 level=DEBUG msg="discovery: skipping unreachable socket" socket=/tmp/tmux-501/ta-aaf9a48911e5 err="query tmux on /tmp/tmux-501/ta-aaf9a48911e5: exit status 1: no server running on /tmp/tmux-501/ta-aaf9a48911e5"
time=2026-08-09T09:29:25.619+08:00 level=DEBUG msg="discovery: skipping unreachable socket" socket=/tmp/tmux-501/ta-abb7129edd07 err="query tmux on /tmp/tmux-501/ta-abb7129edd07: exit status 1: no server running on /tmp/tmux-501/ta-abb7129edd07"
time=2026-08-09T09:29:25.626+08:00 level=DEBUG msg="discovery: skipping unreachable socket" socket=/tmp/tmux-501/ta-5ba7740fadec err="query tmux on /tmp/tmux-501/ta-5ba7740fadec: exit status 1: no server running on /tmp/tmux-501/ta-5ba7740fadec"
time=2026-08-09T09:29:25.632+08:00 level=DEBUG msg="discovery: skipping unreachable socket" socket=/tmp/tmux-501/ta-5bac69dbfe99 err="query tmux on /tmp/tmux-501/ta-5bac69dbfe99: exit status 1: no server running on /tmp/tmux-501/ta-5bac69dbfe99"
time=2026-08-09T09:29:25.632+08:00 level=DEBUG msg="discovery: skipping unreachable socket" socket=/tmp/tmux-501/ta-ad3662bf2e59 err="query tmux on /tmp/tmux-501/ta-ad3662bf2e59: exit status 1: no server running on /tmp/tmux-501/ta-ad3662bf2e59"
time=2026-08-09T09:29:25.644+08:00 level=DEBUG msg="discovery: skipping unreachable socket" socket=/tmp/tmux-501/ta-5d6d082f74c6 err="query tmux on /tmp/tmux-501/ta-5d6d082f74c6: exit status 1: no server running on /tmp/tmux-501/ta-5d6d082f74c6"
time=2026-08-09T09:29:25.644+08:00 level=DEBUG msg="discovery: skipping unreachable socket" socket=/tmp/tmux-501/ta-b2f7818b50cf err="query tmux on /tmp/tmux-501/ta-b2f7818b50cf: exit status 1: no server running on /tmp/tmux-501/ta-b2f7818b50cf"
time=2026-08-09T09:29:25.649+08:00 level=DEBUG msg="discovery: skipping unreachable socket" socket=/tmp/tmux-501/ta-5f045cf48619 err="query tmux on /tmp/tmux-501/ta-5f045cf48619: exit status 1: no server running on /tmp/tmux-501/ta-5f045cf48619"
time=2026-08-09T09:29:25.656+08:00 level=DEBUG msg="discovery: skipping unreachable socket" socket=/tmp/tmux-501/ta-b387d5c883b9 err="query tmux on /tmp/tmux-501/ta-b387d5c883b9: exit status 1: no server running on /tmp/tmux-501/ta-b387d5c883b9"
time=2026-08-09T09:29:25.661+08:00 level=DEBUG msg="discovery: skipping unreachable socket" socket=/tmp/tmux-501/ta-63bd43dc1eb7 err="query tmux on /tmp/tmux-501/ta-63bd43dc1eb7: exit status 1: no server running on /tmp/tmux-501/ta-63bd43dc1eb7"
time=2026-08-09T09:29:25.661+08:00 level=DEBUG msg="discovery: skipping unreachable socket" socket=/tmp/tmux-501/ta-b3d4bd767a05 err="query tmux on /tmp/tmux-501/ta-b3d4bd767a05: exit status 1: no server running on /tmp/tmux-501/ta-b3d4bd767a05"
time=2026-08-09T09:29:25.667+08:00 level=DEBUG msg="discovery: skipping unreachable socket" socket=/tmp/tmux-501/ta-648f0b64fb93 err="query tmux on /tmp/tmux-501/ta-648f0b64fb93: exit status 1: no server running on /tmp/tmux-501/ta-648f0b64fb93"
time=2026-08-09T09:29:25.667+08:00 level=DEBUG msg="discovery: skipping unreachable socket" socket=/tmp/tmux-501/ta-b4b521c41e9a err="query tmux on /tmp/tmux-501/ta-b4b521c41e9a: exit status 1: no server running on /tmp/tmux-501/ta-b4b521c41e9a"
time=2026-08-09T09:29:25.679+08:00 level=DEBUG msg="discovery: skipping unreachable socket" socket=/tmp/tmux-501/ta-b831b66f70cc err="query tmux on /tmp/tmux-501/ta-b831b66f70cc: exit status 1: no server running on /tmp/tmux-501/ta-b831b66f70cc"
time=2026-08-09T09:29:25.679+08:00 level=DEBUG msg="discovery: skipping unreachable socket" socket=/tmp/tmux-501/ta-69187e22e8b0 err="query tmux on /tmp/tmux-501/ta-69187e22e8b0: exit status 1: no server running on /tmp/tmux-501/ta-69187e22e8b0"
time=2026-08-09T09:29:25.685+08:00 level=DEBUG msg="discovery: skipping unreachable socket" socket=/tmp/tmux-501/ta-b98f12cd39b4 err="query tmux on /tmp/tmux-501/ta-b98f12cd39b4: exit status 1: no server running on /tmp/tmux-501/ta-b98f12cd39b4"
time=2026-08-09T09:29:25.685+08:00 level=DEBUG msg="discovery: skipping unreachable socket" socket=/tmp/tmux-501/ta-69a1521c06b9 err="query tmux on /tmp/tmux-501/ta-69a1521c06b9: exit status 1: no server running on /tmp/tmux-501/ta-69a1521c06b9"
time=2026-08-09T09:29:25.691+08:00 level=DEBUG msg="discovery: skipping unreachable socket" socket=/tmp/tmux-501/ta-baa84c7ccd1b err="query tmux on /tmp/tmux-501/ta-baa84c7ccd1b: exit status 1: no server running on /tmp/tmux-501/ta-baa84c7ccd1b"
time=2026-08-09T09:29:25.691+08:00 level=DEBUG msg="discovery: skipping unreachable socket" socket=/tmp/tmux-501/ta-6b26f32298f1 err="query tmux on /tmp/tmux-501/ta-6b26f32298f1: exit status 1: no server running on /tmp/tmux-501/ta-6b26f32298f1"
time=2026-08-09T09:29:25.697+08:00 level=DEBUG msg="discovery: skipping unreachable socket" socket=/tmp/tmux-501/ta-6c005e9a3f39 err="query tmux on /tmp/tmux-501/ta-6c005e9a3f39: exit status 1: no server running on /tmp/tmux-501/ta-6c005e9a3f39"
time=2026-08-09T09:29:25.697+08:00 level=DEBUG msg="discovery: skipping unreachable socket" socket=/tmp/tmux-501/ta-bccf40f5c109 err="query tmux on /tmp/tmux-501/ta-bccf40f5c109: exit status 1: no server running on /tmp/tmux-501/ta-bccf40f5c109"
time=2026-08-09T09:29:25.703+08:00 level=DEBUG msg="discovery: skipping unreachable socket" socket=/tmp/tmux-501/ta-be68601ef2c2 err="query tmux on /tmp/tmux-501/ta-be68601ef2c2: exit status 1: no server running on /tmp/tmux-501/ta-be68601ef2c2"
time=2026-08-09T09:29:25.714+08:00 level=DEBUG msg="discovery: skipping unreachable socket" socket=/tmp/tmux-501/ta-c013b77ee6d0 err="query tmux on /tmp/tmux-501/ta-c013b77ee6d0: exit status 1: no server running on /tmp/tmux-501/ta-c013b77ee6d0"
time=2026-08-09T09:29:25.716+08:00 level=DEBUG msg="discovery: skipping unreachable socket" socket=/tmp/tmux-501/ta-7a8416afe095 err="query tmux on /tmp/tmux-501/ta-7a8416afe095: exit status 1: no server running on /tmp/tmux-501/ta-7a8416afe095"
time=2026-08-09T09:29:25.726+08:00 level=DEBUG msg="discovery: skipping unreachable socket" socket=/tmp/tmux-501/ta-c47e5da1bbb5 err="query tmux on /tmp/tmux-501/ta-c47e5da1bbb5: exit status 1: no server running on /tmp/tmux-501/ta-c47e5da1bbb5"
time=2026-08-09T09:29:25.727+08:00 level=DEBUG msg="discovery: skipping unreachable socket" socket=/tmp/tmux-501/ta-7b8b9455aae8 err="query tmux on /tmp/tmux-501/ta-7b8b9455aae8: exit status 1: no server running on /tmp/tmux-501/ta-7b8b9455aae8"
time=2026-08-09T09:29:25.732+08:00 level=DEBUG msg="discovery: skipping unreachable socket" socket=/tmp/tmux-501/ta-c4ba37813235 err="query tmux on /tmp/tmux-501/ta-c4ba37813235: exit status 1: no server running on /tmp/tmux-501/ta-c4ba37813235"
time=2026-08-09T09:29:25.733+08:00 level=DEBUG msg="discovery: skipping unreachable socket" socket=/tmp/tmux-501/ta-7c8b9455ac9b err="query tmux on /tmp/tmux-501/ta-7c8b9455ac9b: exit status 1: no server running on /tmp/tmux-501/ta-7c8b9455ac9b"
time=2026-08-09T09:29:25.738+08:00 level=DEBUG msg="discovery: skipping unreachable socket" socket=/tmp/tmux-501/ta-c8d771f5db35 err="query tmux on /tmp/tmux-501/ta-c8d771f5db35: exit status 1: no server running on /tmp/tmux-501/ta-c8d771f5db35"
time=2026-08-09T09:29:25.739+08:00 level=DEBUG msg="discovery: skipping unreachable socket" socket=/tmp/tmux-501/ta-7d95a33c35bb err="query tmux on /tmp/tmux-501/ta-7d95a33c35bb: exit status 1: no server running on /tmp/tmux-501/ta-7d95a33c35bb"
time=2026-08-09T09:29:25.744+08:00 level=DEBUG msg="discovery: skipping unreachable socket" socket=/tmp/tmux-501/ta-7e656aa70eac err="query tmux on /tmp/tmux-501/ta-7e656aa70eac: exit status 1: no server running on /tmp/tmux-501/ta-7e656aa70eac"
time=2026-08-09T09:29:25.749+08:00 level=DEBUG msg="discovery: skipping unreachable socket" socket=/tmp/tmux-501/ta-7e7d8c51114d err="query tmux on /tmp/tmux-501/ta-7e7d8c51114d: exit status 1: no server running on /tmp/tmux-501/ta-7e7d8c51114d"
time=2026-08-09T09:29:25.755+08:00 level=DEBUG msg="discovery: skipping unreachable socket" socket=/tmp/tmux-501/ta-8048ed81b9df err="query tmux on /tmp/tmux-501/ta-8048ed81b9df: exit status 1: no server running on /tmp/tmux-501/ta-8048ed81b9df"
time=2026-08-09T09:29:25.755+08:00 level=DEBUG msg="discovery: skipping unreachable socket" socket=/tmp/tmux-501/ta-cc16aeabca59 err="query tmux on /tmp/tmux-501/ta-cc16aeabca59: exit status 1: no server running on /tmp/tmux-501/ta-cc16aeabca59"
time=2026-08-09T09:29:25.761+08:00 level=DEBUG msg="discovery: skipping unreachable socket" socket=/tmp/tmux-501/ta-ce11924e1314 err="query tmux on /tmp/tmux-501/ta-ce11924e1314: exit status 1: no server running on /tmp/tmux-501/ta-ce11924e1314"
time=2026-08-09T09:29:25.767+08:00 level=DEBUG msg="discovery: skipping unreachable socket" socket=/tmp/tmux-501/ta-ce2610e8e580 err="query tmux on /tmp/tmux-501/ta-ce2610e8e580: exit status 1: no server running on /tmp/tmux-501/ta-ce2610e8e580"
time=2026-08-09T09:29:25.773+08:00 level=DEBUG msg="discovery: skipping unreachable socket" socket=/tmp/tmux-501/ta-d11e18966c74 err="query tmux on /tmp/tmux-501/ta-d11e18966c74: exit status 1: no server running on /tmp/tmux-501/ta-d11e18966c74"
time=2026-08-09T09:29:25.773+08:00 level=DEBUG msg="discovery: skipping unreachable socket" socket=/tmp/tmux-501/ta-833b364038e0 err="query tmux on /tmp/tmux-501/ta-833b364038e0: exit status 1: no server running on /tmp/tmux-501/ta-833b364038e0"
time=2026-08-09T09:29:25.779+08:00 level=DEBUG msg="discovery: skipping unreachable socket" socket=/tmp/tmux-501/ta-83e508ee7924 err="query tmux on /tmp/tmux-501/ta-83e508ee7924: exit status 1: no server running on /tmp/tmux-501/ta-83e508ee7924"
time=2026-08-09T09:29:25.791+08:00 level=DEBUG msg="discovery: skipping unreachable socket" socket=/tmp/tmux-501/ta-d40048c2c630 err="query tmux on /tmp/tmux-501/ta-d40048c2c630: exit status 1: no server running on /tmp/tmux-501/ta-d40048c2c630"
time=2026-08-09T09:29:25.797+08:00 level=DEBUG msg="discovery: skipping unreachable socket" socket=/tmp/tmux-501/ta-86cf9fb8afc6 err="query tmux on /tmp/tmux-501/ta-86cf9fb8afc6: exit status 1: no server running on /tmp/tmux-501/ta-86cf9fb8afc6"
time=2026-08-09T09:29:25.797+08:00 level=DEBUG msg="discovery: skipping unreachable socket" socket=/tmp/tmux-501/ta-d415485e29a9 err="query tmux on /tmp/tmux-501/ta-d415485e29a9: exit status 1: no server running on /tmp/tmux-501/ta-d415485e29a9"
time=2026-08-09T09:29:25.803+08:00 level=DEBUG msg="discovery: skipping unreachable socket" socket=/tmp/tmux-501/ta-d5e19fd8f2c0 err="query tmux on /tmp/tmux-501/ta-d5e19fd8f2c0: exit status 1: no server running on /tmp/tmux-501/ta-d5e19fd8f2c0"
time=2026-08-09T09:29:25.809+08:00 level=DEBUG msg="discovery: skipping unreachable socket" socket=/tmp/tmux-501/ta-8b8a20c82890 err="query tmux on /tmp/tmux-501/ta-8b8a20c82890: exit status 1: no server running on /tmp/tmux-501/ta-8b8a20c82890"
time=2026-08-09T09:29:25.814+08:00 level=DEBUG msg="discovery: skipping unreachable socket" socket=/tmp/tmux-501/ta-d9da6ad8da3c err="query tmux on /tmp/tmux-501/ta-d9da6ad8da3c: exit status 1: no server running on /tmp/tmux-501/ta-d9da6ad8da3c"
time=2026-08-09T09:29:25.815+08:00 level=DEBUG msg="discovery: skipping unreachable socket" socket=/tmp/tmux-501/ta-8bcd86c68271 err="query tmux on /tmp/tmux-501/ta-8bcd86c68271: exit status 1: no server running on /tmp/tmux-501/ta-8bcd86c68271"
time=2026-08-09T09:29:25.821+08:00 level=DEBUG msg="discovery: skipping unreachable socket" socket=/tmp/tmux-501/ta-8cedaec15c6c err="query tmux on /tmp/tmux-501/ta-8cedaec15c6c: exit status 1: no server running on /tmp/tmux-501/ta-8cedaec15c6c"
time=2026-08-09T09:29:25.821+08:00 level=DEBUG msg="discovery: skipping unreachable socket" socket=/tmp/tmux-501/ta-da241611468d err="query tmux on /tmp/tmux-501/ta-da241611468d: exit status 1: no server running on /tmp/tmux-501/ta-da241611468d"
time=2026-08-09T09:29:25.827+08:00 level=DEBUG msg="discovery: skipping unreachable socket" socket=/tmp/tmux-501/ta-8e1d263384bf err="query tmux on /tmp/tmux-501/ta-8e1d263384bf: exit status 1: no server running on /tmp/tmux-501/ta-8e1d263384bf"
time=2026-08-09T09:29:25.827+08:00 level=DEBUG msg="discovery: skipping unreachable socket" socket=/tmp/tmux-501/ta-daa7d5056abd err="query tmux on /tmp/tmux-501/ta-daa7d5056abd: exit status 1: no server running on /tmp/tmux-501/ta-daa7d5056abd"
time=2026-08-09T09:29:25.832+08:00 level=DEBUG msg="discovery: skipping unreachable socket" socket=/tmp/tmux-501/ta-8f900bc847e5 err="query tmux on /tmp/tmux-501/ta-8f900bc847e5: exit status 1: no server running on /tmp/tmux-501/ta-8f900bc847e5"
time=2026-08-09T09:29:25.845+08:00 level=DEBUG msg="discovery: skipping unreachable socket" socket=/tmp/tmux-501/ta-9354fec1f143 err="query tmux on /tmp/tmux-501/ta-9354fec1f143: exit status 1: no server running on /tmp/tmux-501/ta-9354fec1f143"
time=2026-08-09T09:29:25.852+08:00 level=DEBUG msg="discovery: skipping unreachable socket" socket=/tmp/tmux-501/ta-945d4f57597e err="query tmux on /tmp/tmux-501/ta-945d4f57597e: exit status 1: no server running on /tmp/tmux-501/ta-945d4f57597e"
time=2026-08-09T09:29:25.852+08:00 level=DEBUG msg="discovery: skipping unreachable socket" socket=/tmp/tmux-501/ta-deea2d344db0 err="query tmux on /tmp/tmux-501/ta-deea2d344db0: exit status 1: no server running on /tmp/tmux-501/ta-deea2d344db0"
time=2026-08-09T09:29:25.859+08:00 level=DEBUG msg="discovery: skipping unreachable socket" socket=/tmp/tmux-501/ta-e0aefe0e13d3 err="query tmux on /tmp/tmux-501/ta-e0aefe0e13d3: exit status 1: no server running on /tmp/tmux-501/ta-e0aefe0e13d3"
time=2026-08-09T09:29:25.865+08:00 level=DEBUG msg="discovery: skipping unreachable socket" socket=/tmp/tmux-501/ta-958bed53a01a err="query tmux on /tmp/tmux-501/ta-958bed53a01a: exit status 1: no server running on /tmp/tmux-501/ta-958bed53a01a"
time=2026-08-09T09:29:25.865+08:00 level=DEBUG msg="discovery: skipping unreachable socket" socket=/tmp/tmux-501/ta-e0bb903ebcb6 err="query tmux on /tmp/tmux-501/ta-e0bb903ebcb6: exit status 1: no server running on /tmp/tmux-501/ta-e0bb903ebcb6"
time=2026-08-09T09:29:25.871+08:00 level=DEBUG msg="discovery: skipping unreachable socket" socket=/tmp/tmux-501/ta-960f84496264 err="query tmux on /tmp/tmux-501/ta-960f84496264: exit status 1: no server running on /tmp/tmux-501/ta-960f84496264"
time=2026-08-09T09:29:25.877+08:00 level=DEBUG msg="discovery: skipping unreachable socket" socket=/tmp/tmux-501/ta-97059410728a err="query tmux on /tmp/tmux-501/ta-97059410728a: exit status 1: no server running on /tmp/tmux-501/ta-97059410728a"
time=2026-08-09T09:29:25.878+08:00 level=DEBUG msg="discovery: skipping unreachable socket" socket=/tmp/tmux-501/ta-e3d25594c5b5 err="query tmux on /tmp/tmux-501/ta-e3d25594c5b5: exit status 1: no server running on /tmp/tmux-501/ta-e3d25594c5b5"
time=2026-08-09T09:29:25.883+08:00 level=DEBUG msg="discovery: skipping unreachable socket" socket=/tmp/tmux-501/ta-973a87a2cc74 err="query tmux on /tmp/tmux-501/ta-973a87a2cc74: exit status 1: no server running on /tmp/tmux-501/ta-973a87a2cc74"
time=2026-08-09T09:29:25.883+08:00 level=DEBUG msg="discovery: skipping unreachable socket" socket=/tmp/tmux-501/ta-e6bb8500fc38 err="query tmux on /tmp/tmux-501/ta-e6bb8500fc38: exit status 1: no server running on /tmp/tmux-501/ta-e6bb8500fc38"
time=2026-08-09T09:29:25.891+08:00 level=DEBUG msg="discovery: skipping unreachable socket" socket=/tmp/tmux-501/ta-9757a154bb9c err="query tmux on /tmp/tmux-501/ta-9757a154bb9c: exit status 1: no server running on /tmp/tmux-501/ta-9757a154bb9c"
time=2026-08-09T09:29:25.892+08:00 level=DEBUG msg="discovery: skipping unreachable socket" socket=/tmp/tmux-501/ta-e6c2187f7096 err="query tmux on /tmp/tmux-501/ta-e6c2187f7096: exit status 1: no server running on /tmp/tmux-501/ta-e6c2187f7096"
time=2026-08-09T09:29:25.897+08:00 level=DEBUG msg="discovery: skipping unreachable socket" socket=/tmp/tmux-501/ta-979d8e92c318 err="query tmux on /tmp/tmux-501/ta-979d8e92c318: exit status 1: no server running on /tmp/tmux-501/ta-979d8e92c318"
time=2026-08-09T09:29:25.904+08:00 level=DEBUG msg="discovery: skipping unreachable socket" socket=/tmp/tmux-501/ta-e9a0c9c79a07 err="query tmux on /tmp/tmux-501/ta-e9a0c9c79a07: exit status 1: no server running on /tmp/tmux-501/ta-e9a0c9c79a07"
time=2026-08-09T09:29:25.910+08:00 level=DEBUG msg="discovery: skipping unreachable socket" socket=/tmp/tmux-501/ta-9f9660deef84 err="query tmux on /tmp/tmux-501/ta-9f9660deef84: exit status 1: no server running on /tmp/tmux-501/ta-9f9660deef84"
time=2026-08-09T09:29:25.916+08:00 level=DEBUG msg="discovery: skipping unreachable socket" socket=/tmp/tmux-501/ta-f11d5c565fda err="query tmux on /tmp/tmux-501/ta-f11d5c565fda: exit status 1: no server running on /tmp/tmux-501/ta-f11d5c565fda"
time=2026-08-09T09:29:25.922+08:00 level=DEBUG msg="discovery: skipping unreachable socket" socket=/tmp/tmux-501/ta-f2f2b8ceb968 err="query tmux on /tmp/tmux-501/ta-f2f2b8ceb968: exit status 1: no server running on /tmp/tmux-501/ta-f2f2b8ceb968"
time=2026-08-09T09:29:25.928+08:00 level=DEBUG msg="discovery: skipping unreachable socket" socket=/tmp/tmux-501/ta-f361188b7539 err="query tmux on /tmp/tmux-501/ta-f361188b7539: exit status 1: no server running on /tmp/tmux-501/ta-f361188b7539"
time=2026-08-09T09:29:25.928+08:00 level=DEBUG msg="discovery: skipping unreachable socket" socket=/tmp/tmux-501/ta-a3613f1b7212 err="query tmux on /tmp/tmux-501/ta-a3613f1b7212: exit status 1: no server running on /tmp/tmux-501/ta-a3613f1b7212"
time=2026-08-09T09:29:25.935+08:00 level=DEBUG msg="discovery: skipping unreachable socket" socket=/tmp/tmux-501/ta-a468707981a6 err="query tmux on /tmp/tmux-501/ta-a468707981a6: exit status 1: no server running on /tmp/tmux-501/ta-a468707981a6"
time=2026-08-09T09:29:25.940+08:00 level=DEBUG msg="discovery: skipping unreachable socket" socket=/tmp/tmux-501/ta-a7343098f3d8 err="query tmux on /tmp/tmux-501/ta-a7343098f3d8: exit status 1: no server running on /tmp/tmux-501/ta-a7343098f3d8"
time=2026-08-09T09:29:25.940+08:00 level=DEBUG msg="discovery: skipping unreachable socket" socket=/tmp/tmux-501/ta-f680dc117b11 err="query tmux on /tmp/tmux-501/ta-f680dc117b11: exit status 1: no server running on /tmp/tmux-501/ta-f680dc117b11"
time=2026-08-09T09:29:25.946+08:00 level=DEBUG msg="discovery: skipping unreachable socket" socket=/tmp/tmux-501/ta-f719270c4c59 err="query tmux on /tmp/tmux-501/ta-f719270c4c59: exit status 1: no server running on /tmp/tmux-501/ta-f719270c4c59"
time=2026-08-09T09:29:25.946+08:00 level=DEBUG msg="discovery: skipping unreachable socket" socket=/tmp/tmux-501/ta-a9c99df321ff err="query tmux on /tmp/tmux-501/ta-a9c99df321ff: exit status 1: no server running on /tmp/tmux-501/ta-a9c99df321ff"
time=2026-08-09T09:29:25.952+08:00 level=DEBUG msg="discovery: skipping unreachable socket" socket=/tmp/tmux-501/ta-f82b970e1873 err="query tmux on /tmp/tmux-501/ta-f82b970e1873: exit status 1: no server running on /tmp/tmux-501/ta-f82b970e1873"
time=2026-08-09T09:29:25.958+08:00 level=DEBUG msg="discovery: skipping unreachable socket" socket=/tmp/tmux-501/ta-aaf9a48911e5 err="query tmux on /tmp/tmux-501/ta-aaf9a48911e5: exit status 1: no server running on /tmp/tmux-501/ta-aaf9a48911e5"
time=2026-08-09T09:29:25.959+08:00 level=DEBUG msg="discovery: skipping unreachable socket" socket=/tmp/tmux-501/ta-fcd628a94743 err="query tmux on /tmp/tmux-501/ta-fcd628a94743: exit status 1: no server running on /tmp/tmux-501/ta-fcd628a94743"
time=2026-08-09T09:29:25.964+08:00 level=DEBUG msg="discovery: skipping unreachable socket" socket=/tmp/tmux-501/ta-abb7129edd07 err="query tmux on /tmp/tmux-501/ta-abb7129edd07: exit status 1: no server running on /tmp/tmux-501/ta-abb7129edd07"
time=2026-08-09T09:29:25.964+08:00 level=DEBUG msg="discovery: skipping unreachable socket" socket=/tmp/tmux-501/ta-fd52a396a29f err="query tmux on /tmp/tmux-501/ta-fd52a396a29f: exit status 1: no server running on /tmp/tmux-501/ta-fd52a396a29f"
time=2026-08-09T09:29:25.971+08:00 level=DEBUG msg="discovery: skipping unreachable socket" socket=/tmp/tmux-501/ta-fdb0b3d91a30 err="query tmux on /tmp/tmux-501/ta-fdb0b3d91a30: exit status 1: no server running on /tmp/tmux-501/ta-fdb0b3d91a30"
time=2026-08-09T09:29:25.977+08:00 level=DEBUG msg="discovery: skipping unreachable socket" socket=/tmp/tmux-501/ta-ad3662bf2e59 err="query tmux on /tmp/tmux-501/ta-ad3662bf2e59: exit status 1: no server running on /tmp/tmux-501/ta-ad3662bf2e59"
time=2026-08-09T09:29:25.983+08:00 level=DEBUG msg="discovery: skipping unreachable socket" socket=/tmp/tmux-501/ta-ffd3b292ce18 err="query tmux on /tmp/tmux-501/ta-ffd3b292ce18: exit status 1: no server running on /tmp/tmux-501/ta-ffd3b292ce18"
time=2026-08-09T09:29:25.988+08:00 level=DEBUG msg="discovery: skipping unreachable socket" socket=/tmp/tmux-501/ta-b2f7818b50cf err="query tmux on /tmp/tmux-501/ta-b2f7818b50cf: exit status 1: no server running on /tmp/tmux-501/ta-b2f7818b50cf"
time=2026-08-09T09:29:26.001+08:00 level=DEBUG msg="discovery: skipping unreachable socket" socket=/tmp/tmux-501/ta-b387d5c883b9 err="query tmux on /tmp/tmux-501/ta-b387d5c883b9: exit status 1: no server running on /tmp/tmux-501/ta-b387d5c883b9"
time=2026-08-09T09:29:26.006+08:00 level=DEBUG msg="discovery: skipping unreachable socket" socket=/tmp/tmux-501/ta-b3d4bd767a05 err="query tmux on /tmp/tmux-501/ta-b3d4bd767a05: exit status 1: no server running on /tmp/tmux-501/ta-b3d4bd767a05"
time=2026-08-09T09:29:26.012+08:00 level=DEBUG msg="discovery: skipping unreachable socket" socket=/tmp/tmux-501/ta-b4b521c41e9a err="query tmux on /tmp/tmux-501/ta-b4b521c41e9a: exit status 1: no server running on /tmp/tmux-501/ta-b4b521c41e9a"
time=2026-08-09T09:29:26.026+08:00 level=DEBUG msg="discovery: skipping unreachable socket" socket=/tmp/tmux-501/ta-b831b66f70cc err="query tmux on /tmp/tmux-501/ta-b831b66f70cc: exit status 1: no server running on /tmp/tmux-501/ta-b831b66f70cc"
time=2026-08-09T09:29:26.032+08:00 level=DEBUG msg="discovery: skipping unreachable socket" socket=/tmp/tmux-501/ta-b98f12cd39b4 err="query tmux on /tmp/tmux-501/ta-b98f12cd39b4: exit status 1: no server running on /tmp/tmux-501/ta-b98f12cd39b4"
time=2026-08-09T09:29:26.037+08:00 level=DEBUG msg="discovery: skipping unreachable socket" socket=/tmp/tmux-501/ta-baa84c7ccd1b err="query tmux on /tmp/tmux-501/ta-baa84c7ccd1b: exit status 1: no server running on /tmp/tmux-501/ta-baa84c7ccd1b"
time=2026-08-09T09:29:26.043+08:00 level=DEBUG msg="discovery: skipping unreachable socket" socket=/tmp/tmux-501/ta-bccf40f5c109 err="query tmux on /tmp/tmux-501/ta-bccf40f5c109: exit status 1: no server running on /tmp/tmux-501/ta-bccf40f5c109"
time=2026-08-09T09:29:26.048+08:00 level=DEBUG msg="discovery: skipping unreachable socket" socket=/tmp/tmux-501/ta-be68601ef2c2 err="query tmux on /tmp/tmux-501/ta-be68601ef2c2: exit status 1: no server running on /tmp/tmux-501/ta-be68601ef2c2"
time=2026-08-09T09:29:26.060+08:00 level=DEBUG msg="discovery: skipping unreachable socket" socket=/tmp/tmux-501/ta-c013b77ee6d0 err="query tmux on /tmp/tmux-501/ta-c013b77ee6d0: exit status 1: no server running on /tmp/tmux-501/ta-c013b77ee6d0"
time=2026-08-09T09:29:26.073+08:00 level=DEBUG msg="discovery: skipping unreachable socket" socket=/tmp/tmux-501/ta-c47e5da1bbb5 err="query tmux on /tmp/tmux-501/ta-c47e5da1bbb5: exit status 1: no server running on /tmp/tmux-501/ta-c47e5da1bbb5"
time=2026-08-09T09:29:26.078+08:00 level=DEBUG msg="discovery: skipping unreachable socket" socket=/tmp/tmux-501/ta-c4ba37813235 err="query tmux on /tmp/tmux-501/ta-c4ba37813235: exit status 1: no server running on /tmp/tmux-501/ta-c4ba37813235"
time=2026-08-09T09:29:26.084+08:00 level=DEBUG msg="discovery: skipping unreachable socket" socket=/tmp/tmux-501/ta-c8d771f5db35 err="query tmux on /tmp/tmux-501/ta-c8d771f5db35: exit status 1: no server running on /tmp/tmux-501/ta-c8d771f5db35"
time=2026-08-09T09:29:26.101+08:00 level=DEBUG msg="discovery: skipping unreachable socket" socket=/tmp/tmux-501/ta-cc16aeabca59 err="query tmux on /tmp/tmux-501/ta-cc16aeabca59: exit status 1: no server running on /tmp/tmux-501/ta-cc16aeabca59"
time=2026-08-09T09:29:26.108+08:00 level=DEBUG msg="discovery: skipping unreachable socket" socket=/tmp/tmux-501/ta-ce11924e1314 err="query tmux on /tmp/tmux-501/ta-ce11924e1314: exit status 1: no server running on /tmp/tmux-501/ta-ce11924e1314"
time=2026-08-09T09:29:26.113+08:00 level=DEBUG msg="discovery: skipping unreachable socket" socket=/tmp/tmux-501/ta-ce2610e8e580 err="query tmux on /tmp/tmux-501/ta-ce2610e8e580: exit status 1: no server running on /tmp/tmux-501/ta-ce2610e8e580"
time=2026-08-09T09:29:26.119+08:00 level=DEBUG msg="discovery: skipping unreachable socket" socket=/tmp/tmux-501/ta-d11e18966c74 err="query tmux on /tmp/tmux-501/ta-d11e18966c74: exit status 1: no server running on /tmp/tmux-501/ta-d11e18966c74"
time=2026-08-09T09:29:26.132+08:00 level=DEBUG msg="discovery: skipping unreachable socket" socket=/tmp/tmux-501/ta-d40048c2c630 err="query tmux on /tmp/tmux-501/ta-d40048c2c630: exit status 1: no server running on /tmp/tmux-501/ta-d40048c2c630"
time=2026-08-09T09:29:26.138+08:00 level=DEBUG msg="discovery: skipping unreachable socket" socket=/tmp/tmux-501/ta-d415485e29a9 err="query tmux on /tmp/tmux-501/ta-d415485e29a9: exit status 1: no server running on /tmp/tmux-501/ta-d415485e29a9"
time=2026-08-09T09:29:26.143+08:00 level=DEBUG msg="discovery: skipping unreachable socket" socket=/tmp/tmux-501/ta-d5e19fd8f2c0 err="query tmux on /tmp/tmux-501/ta-d5e19fd8f2c0: exit status 1: no server running on /tmp/tmux-501/ta-d5e19fd8f2c0"
time=2026-08-09T09:29:26.155+08:00 level=DEBUG msg="discovery: skipping unreachable socket" socket=/tmp/tmux-501/ta-d9da6ad8da3c err="query tmux on /tmp/tmux-501/ta-d9da6ad8da3c: exit status 1: no server running on /tmp/tmux-501/ta-d9da6ad8da3c"
time=2026-08-09T09:29:26.160+08:00 level=DEBUG msg="discovery: skipping unreachable socket" socket=/tmp/tmux-501/ta-da241611468d err="query tmux on /tmp/tmux-501/ta-da241611468d: exit status 1: no server running on /tmp/tmux-501/ta-da241611468d"
time=2026-08-09T09:29:26.166+08:00 level=DEBUG msg="discovery: skipping unreachable socket" socket=/tmp/tmux-501/ta-daa7d5056abd err="query tmux on /tmp/tmux-501/ta-daa7d5056abd: exit status 1: no server running on /tmp/tmux-501/ta-daa7d5056abd"
time=2026-08-09T09:29:26.190+08:00 level=DEBUG msg="discovery: skipping unreachable socket" socket=/tmp/tmux-501/ta-deea2d344db0 err="query tmux on /tmp/tmux-501/ta-deea2d344db0: exit status 1: no server running on /tmp/tmux-501/ta-deea2d344db0"
time=2026-08-09T09:29:26.197+08:00 level=DEBUG msg="discovery: skipping unreachable socket" socket=/tmp/tmux-501/ta-e0aefe0e13d3 err="query tmux on /tmp/tmux-501/ta-e0aefe0e13d3: exit status 1: no server running on /tmp/tmux-501/ta-e0aefe0e13d3"
time=2026-08-09T09:29:26.203+08:00 level=DEBUG msg="discovery: skipping unreachable socket" socket=/tmp/tmux-501/ta-e0bb903ebcb6 err="query tmux on /tmp/tmux-501/ta-e0bb903ebcb6: exit status 1: no server running on /tmp/tmux-501/ta-e0bb903ebcb6"
time=2026-08-09T09:29:26.215+08:00 level=DEBUG msg="discovery: skipping unreachable socket" socket=/tmp/tmux-501/ta-e3d25594c5b5 err="query tmux on /tmp/tmux-501/ta-e3d25594c5b5: exit status 1: no server running on /tmp/tmux-501/ta-e3d25594c5b5"
time=2026-08-09T09:29:26.221+08:00 level=DEBUG msg="discovery: skipping unreachable socket" socket=/tmp/tmux-501/ta-e6bb8500fc38 err="query tmux on /tmp/tmux-501/ta-e6bb8500fc38: exit status 1: no server running on /tmp/tmux-501/ta-e6bb8500fc38"
time=2026-08-09T09:29:26.226+08:00 level=DEBUG msg="discovery: skipping unreachable socket" socket=/tmp/tmux-501/ta-e6c2187f7096 err="query tmux on /tmp/tmux-501/ta-e6c2187f7096: exit status 1: no server running on /tmp/tmux-501/ta-e6c2187f7096"
time=2026-08-09T09:29:26.239+08:00 level=DEBUG msg="discovery: skipping unreachable socket" socket=/tmp/tmux-501/ta-e9a0c9c79a07 err="query tmux on /tmp/tmux-501/ta-e9a0c9c79a07: exit status 1: no server running on /tmp/tmux-501/ta-e9a0c9c79a07"
time=2026-08-09T09:29:26.254+08:00 level=DEBUG msg="discovery: skipping unreachable socket" socket=/tmp/tmux-501/ta-f11d5c565fda err="query tmux on /tmp/tmux-501/ta-f11d5c565fda: exit status 1: no server running on /tmp/tmux-501/ta-f11d5c565fda"
time=2026-08-09T09:29:26.259+08:00 level=DEBUG msg="discovery: skipping unreachable socket" socket=/tmp/tmux-501/ta-f2f2b8ceb968 err="query tmux on /tmp/tmux-501/ta-f2f2b8ceb968: exit status 1: no server running on /tmp/tmux-501/ta-f2f2b8ceb968"
time=2026-08-09T09:29:26.265+08:00 level=DEBUG msg="discovery: skipping unreachable socket" socket=/tmp/tmux-501/ta-f361188b7539 err="query tmux on /tmp/tmux-501/ta-f361188b7539: exit status 1: no server running on /tmp/tmux-501/ta-f361188b7539"
time=2026-08-09T09:29:26.277+08:00 level=DEBUG msg="discovery: skipping unreachable socket" socket=/tmp/tmux-501/ta-f680dc117b11 err="query tmux on /tmp/tmux-501/ta-f680dc117b11: exit status 1: no server running on /tmp/tmux-501/ta-f680dc117b11"
time=2026-08-09T09:29:26.282+08:00 level=DEBUG msg="discovery: skipping unreachable socket" socket=/tmp/tmux-501/ta-f719270c4c59 err="query tmux on /tmp/tmux-501/ta-f719270c4c59: exit status 1: no server running on /tmp/tmux-501/ta-f719270c4c59"
time=2026-08-09T09:29:26.287+08:00 level=DEBUG msg="discovery: skipping unreachable socket" socket=/tmp/tmux-501/ta-f82b970e1873 err="query tmux on /tmp/tmux-501/ta-f82b970e1873: exit status 1: no server running on /tmp/tmux-501/ta-f82b970e1873"
time=2026-08-09T09:29:26.292+08:00 level=DEBUG msg="discovery: skipping unreachable socket" socket=/tmp/tmux-501/ta-fcd628a94743 err="query tmux on /tmp/tmux-501/ta-fcd628a94743: exit status 1: no server running on /tmp/tmux-501/ta-fcd628a94743"
time=2026-08-09T09:29:26.298+08:00 level=DEBUG msg="discovery: skipping unreachable socket" socket=/tmp/tmux-501/ta-fd52a396a29f err="query tmux on /tmp/tmux-501/ta-fd52a396a29f: exit status 1: no server running on /tmp/tmux-501/ta-fd52a396a29f"
time=2026-08-09T09:29:26.303+08:00 level=DEBUG msg="discovery: skipping unreachable socket" socket=/tmp/tmux-501/ta-fdb0b3d91a30 err="query tmux on /tmp/tmux-501/ta-fdb0b3d91a30: exit status 1: no server running on /tmp/tmux-501/ta-fdb0b3d91a30"
time=2026-08-09T09:29:26.315+08:00 level=DEBUG msg="discovery: skipping unreachable socket" socket=/tmp/tmux-501/ta-ffd3b292ce18 err="query tmux on /tmp/tmux-501/ta-ffd3b292ce18: exit status 1: no server running on /tmp/tmux-501/ta-ffd3b292ce18"
time=2026-08-09T09:29:26.315+08:00 level=DEBUG msg="listing: first snapshot" seq=1
time=2026-08-09T09:29:26.332+08:00 level=DEBUG msg="discovery: skipping unreachable socket" socket=/tmp/tmux-501/ta-01126683e597 err="query tmux on /tmp/tmux-501/ta-01126683e597: exit status 1: no server running on /tmp/tmux-501/ta-01126683e597"
time=2026-08-09T09:29:26.338+08:00 level=DEBUG msg="discovery: skipping unreachable socket" socket=/tmp/tmux-501/ta-013ab1835f3d err="query tmux on /tmp/tmux-501/ta-013ab1835f3d: exit status 1: no server running on /tmp/tmux-501/ta-013ab1835f3d"
time=2026-08-09T09:29:26.344+08:00 level=DEBUG msg="discovery: skipping unreachable socket" socket=/tmp/tmux-501/ta-01ae7229ab34 err="query tmux on /tmp/tmux-501/ta-01ae7229ab34: exit status 1: no server running on /tmp/tmux-501/ta-01ae7229ab34"
time=2026-08-09T09:29:26.363+08:00 level=DEBUG msg="discovery: skipping unreachable socket" socket=/tmp/tmux-501/ta-068e05dab0f2 err="query tmux on /tmp/tmux-501/ta-068e05dab0f2: exit status 1: no server running on /tmp/tmux-501/ta-068e05dab0f2"
time=2026-08-09T09:29:26.369+08:00 level=DEBUG msg="discovery: skipping unreachable socket" socket=/tmp/tmux-501/ta-06c9f392130f err="query tmux on /tmp/tmux-501/ta-06c9f392130f: exit status 1: no server running on /tmp/tmux-501/ta-06c9f392130f"
time=2026-08-09T09:29:26.375+08:00 level=DEBUG msg="discovery: skipping unreachable socket" socket=/tmp/tmux-501/ta-06d4a2ee7518 err="query tmux on /tmp/tmux-501/ta-06d4a2ee7518: exit status 1: no server running on /tmp/tmux-501/ta-06d4a2ee7518"
time=2026-08-09T09:29:26.393+08:00 level=DEBUG msg="discovery: skipping unreachable socket" socket=/tmp/tmux-501/ta-0a72db2d2f8d err="query tmux on /tmp/tmux-501/ta-0a72db2d2f8d: exit status 1: no server running on /tmp/tmux-501/ta-0a72db2d2f8d"
time=2026-08-09T09:29:26.398+08:00 level=DEBUG msg="discovery: skipping unreachable socket" socket=/tmp/tmux-501/ta-0c2f41c7040c err="query tmux on /tmp/tmux-501/ta-0c2f41c7040c: exit status 1: no server running on /tmp/tmux-501/ta-0c2f41c7040c"
time=2026-08-09T09:29:26.404+08:00 level=DEBUG msg="discovery: skipping unreachable socket" socket=/tmp/tmux-501/ta-0d8be8a7829a err="query tmux on /tmp/tmux-501/ta-0d8be8a7829a: exit status 1: no server running on /tmp/tmux-501/ta-0d8be8a7829a"
time=2026-08-09T09:29:26.410+08:00 level=DEBUG msg="discovery: skipping unreachable socket" socket=/tmp/tmux-501/ta-12998fa42bdd err="query tmux on /tmp/tmux-501/ta-12998fa42bdd: exit status 1: no server running on /tmp/tmux-501/ta-12998fa42bdd"
time=2026-08-09T09:29:26.427+08:00 level=DEBUG msg="discovery: skipping unreachable socket" socket=/tmp/tmux-501/ta-179131c0076a err="query tmux on /tmp/tmux-501/ta-179131c0076a: exit status 1: no server running on /tmp/tmux-501/ta-179131c0076a"
time=2026-08-09T09:29:26.439+08:00 level=DEBUG msg="discovery: skipping unreachable socket" socket=/tmp/tmux-501/ta-1949e6b86881 err="query tmux on /tmp/tmux-501/ta-1949e6b86881: exit status 1: no server running on /tmp/tmux-501/ta-1949e6b86881"
time=2026-08-09T09:29:26.452+08:00 level=DEBUG msg="discovery: skipping unreachable socket" socket=/tmp/tmux-501/ta-207c04ef53a0 err="query tmux on /tmp/tmux-501/ta-207c04ef53a0: exit status 1: no server running on /tmp/tmux-501/ta-207c04ef53a0"
time=2026-08-09T09:29:26.457+08:00 level=DEBUG msg="discovery: skipping unreachable socket" socket=/tmp/tmux-501/ta-216636364606 err="query tmux on /tmp/tmux-501/ta-216636364606: exit status 1: no server running on /tmp/tmux-501/ta-216636364606"
time=2026-08-09T09:29:26.463+08:00 level=DEBUG msg="discovery: skipping unreachable socket" socket=/tmp/tmux-501/ta-21e91d9e0de3 err="query tmux on /tmp/tmux-501/ta-21e91d9e0de3: exit status 1: no server running on /tmp/tmux-501/ta-21e91d9e0de3"
time=2026-08-09T09:29:26.487+08:00 level=DEBUG msg="discovery: skipping unreachable socket" socket=/tmp/tmux-501/ta-24fce2185904 err="query tmux on /tmp/tmux-501/ta-24fce2185904: exit status 1: no server running on /tmp/tmux-501/ta-24fce2185904"
time=2026-08-09T09:29:26.492+08:00 level=DEBUG msg="discovery: skipping unreachable socket" socket=/tmp/tmux-501/ta-26f28692c57a err="query tmux on /tmp/tmux-501/ta-26f28692c57a: exit status 1: no server running on /tmp/tmux-501/ta-26f28692c57a"
time=2026-08-09T09:29:26.498+08:00 level=DEBUG msg="discovery: skipping unreachable socket" socket=/tmp/tmux-501/ta-282fba4016e1 err="query tmux on /tmp/tmux-501/ta-282fba4016e1: exit status 1: no server running on /tmp/tmux-501/ta-282fba4016e1"
time=2026-08-09T09:29:26.503+08:00 level=DEBUG msg="discovery: skipping unreachable socket" socket=/tmp/tmux-501/ta-286f7286ce54 err="query tmux on /tmp/tmux-501/ta-286f7286ce54: exit status 1: no server running on /tmp/tmux-501/ta-286f7286ce54"
time=2026-08-09T09:29:26.515+08:00 level=DEBUG msg="discovery: skipping unreachable socket" socket=/tmp/tmux-501/ta-288094083c2c err="query tmux on /tmp/tmux-501/ta-288094083c2c: exit status 1: no server running on /tmp/tmux-501/ta-288094083c2c"
time=2026-08-09T09:29:26.526+08:00 level=DEBUG msg="discovery: skipping unreachable socket" socket=/tmp/tmux-501/ta-2aae31361fa1 err="query tmux on /tmp/tmux-501/ta-2aae31361fa1: exit status 1: no server running on /tmp/tmux-501/ta-2aae31361fa1"
time=2026-08-09T09:29:26.532+08:00 level=DEBUG msg="discovery: skipping unreachable socket" socket=/tmp/tmux-501/ta-2ae1025c10d1 err="query tmux on /tmp/tmux-501/ta-2ae1025c10d1: exit status 1: no server running on /tmp/tmux-501/ta-2ae1025c10d1"
time=2026-08-09T09:29:26.537+08:00 level=DEBUG msg="discovery: skipping unreachable socket" socket=/tmp/tmux-501/ta-2cb694214071 err="query tmux on /tmp/tmux-501/ta-2cb694214071: exit status 1: no server running on /tmp/tmux-501/ta-2cb694214071"
time=2026-08-09T09:29:26.555+08:00 level=DEBUG msg="discovery: skipping unreachable socket" socket=/tmp/tmux-501/ta-3274a318dbc9 err="query tmux on /tmp/tmux-501/ta-3274a318dbc9: exit status 1: no server running on /tmp/tmux-501/ta-3274a318dbc9"
time=2026-08-09T09:29:26.567+08:00 level=DEBUG msg="discovery: skipping unreachable socket" socket=/tmp/tmux-501/ta-35ed7d2f51d9 err="query tmux on /tmp/tmux-501/ta-35ed7d2f51d9: exit status 1: no server running on /tmp/tmux-501/ta-35ed7d2f51d9"
time=2026-08-09T09:29:26.572+08:00 level=DEBUG msg="discovery: skipping unreachable socket" socket=/tmp/tmux-501/ta-362b16c58513 err="query tmux on /tmp/tmux-501/ta-362b16c58513: exit status 1: no server running on /tmp/tmux-501/ta-362b16c58513"
time=2026-08-09T09:29:26.577+08:00 level=DEBUG msg="discovery: skipping unreachable socket" socket=/tmp/tmux-501/ta-3833181162ac err="query tmux on /tmp/tmux-501/ta-3833181162ac: exit status 1: no server running on /tmp/tmux-501/ta-3833181162ac"
time=2026-08-09T09:29:26.583+08:00 level=DEBUG msg="discovery: skipping unreachable socket" socket=/tmp/tmux-501/ta-3ce72bbed4f2 err="query tmux on /tmp/tmux-501/ta-3ce72bbed4f2: exit status 1: no server running on /tmp/tmux-501/ta-3ce72bbed4f2"
time=2026-08-09T09:29:26.596+08:00 level=DEBUG msg="discovery: skipping unreachable socket" socket=/tmp/tmux-501/ta-3e93f5065209 err="query tmux on /tmp/tmux-501/ta-3e93f5065209: exit status 1: no server running on /tmp/tmux-501/ta-3e93f5065209"
time=2026-08-09T09:29:26.601+08:00 level=DEBUG msg="discovery: skipping unreachable socket" socket=/tmp/tmux-501/ta-4028cb65384b err="query tmux on /tmp/tmux-501/ta-4028cb65384b: exit status 1: no server running on /tmp/tmux-501/ta-4028cb65384b"
time=2026-08-09T09:29:26.607+08:00 level=DEBUG msg="discovery: skipping unreachable socket" socket=/tmp/tmux-501/ta-406246e480e7 err="query tmux on /tmp/tmux-501/ta-406246e480e7: exit status 1: no server running on /tmp/tmux-501/ta-406246e480e7"
time=2026-08-09T09:29:26.618+08:00 level=DEBUG msg="discovery: skipping unreachable socket" socket=/tmp/tmux-501/ta-438cff265841 err="query tmux on /tmp/tmux-501/ta-438cff265841: exit status 1: no server running on /tmp/tmux-501/ta-438cff265841"
time=2026-08-09T09:29:26.624+08:00 level=DEBUG msg="discovery: skipping unreachable socket" socket=/tmp/tmux-501/ta-43ce27abee3c err="query tmux on /tmp/tmux-501/ta-43ce27abee3c: exit status 1: no server running on /tmp/tmux-501/ta-43ce27abee3c"
time=2026-08-09T09:29:26.636+08:00 level=DEBUG msg="discovery: skipping unreachable socket" socket=/tmp/tmux-501/ta-44e75c59a69f err="query tmux on /tmp/tmux-501/ta-44e75c59a69f: exit status 1: no server running on /tmp/tmux-501/ta-44e75c59a69f"
time=2026-08-09T09:29:26.644+08:00 level=DEBUG msg="discovery: skipping unreachable socket" socket=/tmp/tmux-501/ta-46e0835ad8e4 err="query tmux on /tmp/tmux-501/ta-46e0835ad8e4: exit status 1: no server running on /tmp/tmux-501/ta-46e0835ad8e4"
time=2026-08-09T09:29:26.650+08:00 level=DEBUG msg="discovery: skipping unreachable socket" socket=/tmp/tmux-501/ta-4702165bbeaf err="query tmux on /tmp/tmux-501/ta-4702165bbeaf: exit status 1: no server running on /tmp/tmux-501/ta-4702165bbeaf"
time=2026-08-09T09:29:26.664+08:00 level=DEBUG msg="discovery: skipping unreachable socket" socket=/tmp/tmux-501/ta-4a7c411cbbe6 err="query tmux on /tmp/tmux-501/ta-4a7c411cbbe6: exit status 1: no server running on /tmp/tmux-501/ta-4a7c411cbbe6"
time=2026-08-09T09:29:26.670+08:00 level=DEBUG msg="discovery: skipping unreachable socket" socket=/tmp/tmux-501/ta-4a8e9f0c15b4 err="query tmux on /tmp/tmux-501/ta-4a8e9f0c15b4: exit status 1: no server running on /tmp/tmux-501/ta-4a8e9f0c15b4"
time=2026-08-09T09:29:26.676+08:00 level=DEBUG msg="discovery: skipping unreachable socket" socket=/tmp/tmux-501/ta-4dfb8cf29b53 err="query tmux on /tmp/tmux-501/ta-4dfb8cf29b53: exit status 1: no server running on /tmp/tmux-501/ta-4dfb8cf29b53"
time=2026-08-09T09:29:26.682+08:00 level=DEBUG msg="discovery: skipping unreachable socket" socket=/tmp/tmux-501/ta-4f3924cc4519 err="query tmux on /tmp/tmux-501/ta-4f3924cc4519: exit status 1: no server running on /tmp/tmux-501/ta-4f3924cc4519"
time=2026-08-09T09:29:26.688+08:00 level=DEBUG msg="discovery: skipping unreachable socket" socket=/tmp/tmux-501/ta-52394122babb err="query tmux on /tmp/tmux-501/ta-52394122babb: exit status 1: no server running on /tmp/tmux-501/ta-52394122babb"
time=2026-08-09T09:29:26.706+08:00 level=DEBUG msg="discovery: skipping unreachable socket" socket=/tmp/tmux-501/ta-577561874d9b err="query tmux on /tmp/tmux-501/ta-577561874d9b: exit status 1: no server running on /tmp/tmux-501/ta-577561874d9b"
time=2026-08-09T09:29:26.723+08:00 level=DEBUG msg="discovery: skipping unreachable socket" socket=/tmp/tmux-501/ta-5ba7740fadec err="query tmux on /tmp/tmux-501/ta-5ba7740fadec: exit status 1: no server running on /tmp/tmux-501/ta-5ba7740fadec"
time=2026-08-09T09:29:26.728+08:00 level=DEBUG msg="discovery: skipping unreachable socket" socket=/tmp/tmux-501/ta-5bac69dbfe99 err="query tmux on /tmp/tmux-501/ta-5bac69dbfe99: exit status 1: no server running on /tmp/tmux-501/ta-5bac69dbfe99"
time=2026-08-09T09:29:26.740+08:00 level=DEBUG msg="discovery: skipping unreachable socket" socket=/tmp/tmux-501/ta-5d6d082f74c6 err="query tmux on /tmp/tmux-501/ta-5d6d082f74c6: exit status 1: no server running on /tmp/tmux-501/ta-5d6d082f74c6"
time=2026-08-09T09:29:26.745+08:00 level=DEBUG msg="discovery: skipping unreachable socket" socket=/tmp/tmux-501/ta-5f045cf48619 err="query tmux on /tmp/tmux-501/ta-5f045cf48619: exit status 1: no server running on /tmp/tmux-501/ta-5f045cf48619"
time=2026-08-09T09:29:26.757+08:00 level=DEBUG msg="discovery: skipping unreachable socket" socket=/tmp/tmux-501/ta-63bd43dc1eb7 err="query tmux on /tmp/tmux-501/ta-63bd43dc1eb7: exit status 1: no server running on /tmp/tmux-501/ta-63bd43dc1eb7"
time=2026-08-09T09:29:26.762+08:00 level=DEBUG msg="discovery: skipping unreachable socket" socket=/tmp/tmux-501/ta-648f0b64fb93 err="query tmux on /tmp/tmux-501/ta-648f0b64fb93: exit status 1: no server running on /tmp/tmux-501/ta-648f0b64fb93"
time=2026-08-09T09:29:26.774+08:00 level=DEBUG msg="discovery: skipping unreachable socket" socket=/tmp/tmux-501/ta-69187e22e8b0 err="query tmux on /tmp/tmux-501/ta-69187e22e8b0: exit status 1: no server running on /tmp/tmux-501/ta-69187e22e8b0"
time=2026-08-09T09:29:26.779+08:00 level=DEBUG msg="discovery: skipping unreachable socket" socket=/tmp/tmux-501/ta-69a1521c06b9 err="query tmux on /tmp/tmux-501/ta-69a1521c06b9: exit status 1: no server running on /tmp/tmux-501/ta-69a1521c06b9"
time=2026-08-09T09:29:26.785+08:00 level=DEBUG msg="discovery: skipping unreachable socket" socket=/tmp/tmux-501/ta-6b26f32298f1 err="query tmux on /tmp/tmux-501/ta-6b26f32298f1: exit status 1: no server running on /tmp/tmux-501/ta-6b26f32298f1"
time=2026-08-09T09:29:26.791+08:00 level=DEBUG msg="discovery: skipping unreachable socket" socket=/tmp/tmux-501/ta-6c005e9a3f39 err="query tmux on /tmp/tmux-501/ta-6c005e9a3f39: exit status 1: no server running on /tmp/tmux-501/ta-6c005e9a3f39"
time=2026-08-09T09:29:26.807+08:00 level=DEBUG msg="discovery: skipping unreachable socket" socket=/tmp/tmux-501/ta-7a8416afe095 err="query tmux on /tmp/tmux-501/ta-7a8416afe095: exit status 1: no server running on /tmp/tmux-501/ta-7a8416afe095"
time=2026-08-09T09:29:26.818+08:00 level=DEBUG msg="discovery: skipping unreachable socket" socket=/tmp/tmux-501/ta-7b8b9455aae8 err="query tmux on /tmp/tmux-501/ta-7b8b9455aae8: exit status 1: no server running on /tmp/tmux-501/ta-7b8b9455aae8"
time=2026-08-09T09:29:26.824+08:00 level=DEBUG msg="discovery: skipping unreachable socket" socket=/tmp/tmux-501/ta-7c8b9455ac9b err="query tmux on /tmp/tmux-501/ta-7c8b9455ac9b: exit status 1: no server running on /tmp/tmux-501/ta-7c8b9455ac9b"
time=2026-08-09T09:29:26.830+08:00 level=DEBUG msg="discovery: skipping unreachable socket" socket=/tmp/tmux-501/ta-7d95a33c35bb err="query tmux on /tmp/tmux-501/ta-7d95a33c35bb: exit status 1: no server running on /tmp/tmux-501/ta-7d95a33c35bb"
time=2026-08-09T09:29:26.835+08:00 level=DEBUG msg="discovery: skipping unreachable socket" socket=/tmp/tmux-501/ta-7e656aa70eac err="query tmux on /tmp/tmux-501/ta-7e656aa70eac: exit status 1: no server running on /tmp/tmux-501/ta-7e656aa70eac"
time=2026-08-09T09:29:26.842+08:00 level=DEBUG msg="discovery: skipping unreachable socket" socket=/tmp/tmux-501/ta-7e7d8c51114d err="query tmux on /tmp/tmux-501/ta-7e7d8c51114d: exit status 1: no server running on /tmp/tmux-501/ta-7e7d8c51114d"
time=2026-08-09T09:29:26.848+08:00 level=DEBUG msg="discovery: skipping unreachable socket" socket=/tmp/tmux-501/ta-8048ed81b9df err="query tmux on /tmp/tmux-501/ta-8048ed81b9df: exit status 1: no server running on /tmp/tmux-501/ta-8048ed81b9df"
time=2026-08-09T09:29:26.867+08:00 level=DEBUG msg="discovery: skipping unreachable socket" socket=/tmp/tmux-501/ta-833b364038e0 err="query tmux on /tmp/tmux-501/ta-833b364038e0: exit status 1: no server running on /tmp/tmux-501/ta-833b364038e0"
time=2026-08-09T09:29:26.876+08:00 level=DEBUG msg="discovery: skipping unreachable socket" socket=/tmp/tmux-501/ta-83e508ee7924 err="query tmux on /tmp/tmux-501/ta-83e508ee7924: exit status 1: no server running on /tmp/tmux-501/ta-83e508ee7924"
time=2026-08-09T09:29:26.888+08:00 level=DEBUG msg="discovery: skipping unreachable socket" socket=/tmp/tmux-501/ta-86cf9fb8afc6 err="query tmux on /tmp/tmux-501/ta-86cf9fb8afc6: exit status 1: no server running on /tmp/tmux-501/ta-86cf9fb8afc6"
time=2026-08-09T09:29:26.900+08:00 level=DEBUG msg="discovery: skipping unreachable socket" socket=/tmp/tmux-501/ta-8b8a20c82890 err="query tmux on /tmp/tmux-501/ta-8b8a20c82890: exit status 1: no server running on /tmp/tmux-501/ta-8b8a20c82890"
time=2026-08-09T09:29:26.906+08:00 level=DEBUG msg="discovery: skipping unreachable socket" socket=/tmp/tmux-501/ta-8bcd86c68271 err="query tmux on /tmp/tmux-501/ta-8bcd86c68271: exit status 1: no server running on /tmp/tmux-501/ta-8bcd86c68271"
time=2026-08-09T09:29:26.912+08:00 level=DEBUG msg="discovery: skipping unreachable socket" socket=/tmp/tmux-501/ta-8cedaec15c6c err="query tmux on /tmp/tmux-501/ta-8cedaec15c6c: exit status 1: no server running on /tmp/tmux-501/ta-8cedaec15c6c"
time=2026-08-09T09:29:26.919+08:00 level=DEBUG msg="discovery: skipping unreachable socket" socket=/tmp/tmux-501/ta-8e1d263384bf err="query tmux on /tmp/tmux-501/ta-8e1d263384bf: exit status 1: no server running on /tmp/tmux-501/ta-8e1d263384bf"
time=2026-08-09T09:29:26.925+08:00 level=DEBUG msg="discovery: skipping unreachable socket" socket=/tmp/tmux-501/ta-8f900bc847e5 err="query tmux on /tmp/tmux-501/ta-8f900bc847e5: exit status 1: no server running on /tmp/tmux-501/ta-8f900bc847e5"
time=2026-08-09T09:29:26.938+08:00 level=DEBUG msg="discovery: skipping unreachable socket" socket=/tmp/tmux-501/ta-9354fec1f143 err="query tmux on /tmp/tmux-501/ta-9354fec1f143: exit status 1: no server running on /tmp/tmux-501/ta-9354fec1f143"
time=2026-08-09T09:29:26.944+08:00 level=DEBUG msg="discovery: skipping unreachable socket" socket=/tmp/tmux-501/ta-945d4f57597e err="query tmux on /tmp/tmux-501/ta-945d4f57597e: exit status 1: no server running on /tmp/tmux-501/ta-945d4f57597e"
time=2026-08-09T09:29:26.956+08:00 level=DEBUG msg="discovery: skipping unreachable socket" socket=/tmp/tmux-501/ta-958bed53a01a err="query tmux on /tmp/tmux-501/ta-958bed53a01a: exit status 1: no server running on /tmp/tmux-501/ta-958bed53a01a"
time=2026-08-09T09:29:26.962+08:00 level=DEBUG msg="discovery: skipping unreachable socket" socket=/tmp/tmux-501/ta-960f84496264 err="query tmux on /tmp/tmux-501/ta-960f84496264: exit status 1: no server running on /tmp/tmux-501/ta-960f84496264"
time=2026-08-09T09:29:26.968+08:00 level=DEBUG msg="discovery: skipping unreachable socket" socket=/tmp/tmux-501/ta-97059410728a err="query tmux on /tmp/tmux-501/ta-97059410728a: exit status 1: no server running on /tmp/tmux-501/ta-97059410728a"
time=2026-08-09T09:29:26.973+08:00 level=DEBUG msg="discovery: skipping unreachable socket" socket=/tmp/tmux-501/ta-973a87a2cc74 err="query tmux on /tmp/tmux-501/ta-973a87a2cc74: exit status 1: no server running on /tmp/tmux-501/ta-973a87a2cc74"
time=2026-08-09T09:29:26.979+08:00 level=DEBUG msg="discovery: skipping unreachable socket" socket=/tmp/tmux-501/ta-9757a154bb9c err="query tmux on /tmp/tmux-501/ta-9757a154bb9c: exit status 1: no server running on /tmp/tmux-501/ta-9757a154bb9c"
time=2026-08-09T09:29:26.984+08:00 level=DEBUG msg="discovery: skipping unreachable socket" socket=/tmp/tmux-501/ta-979d8e92c318 err="query tmux on /tmp/tmux-501/ta-979d8e92c318: exit status 1: no server running on /tmp/tmux-501/ta-979d8e92c318"
time=2026-08-09T09:29:26.996+08:00 level=DEBUG msg="discovery: skipping unreachable socket" socket=/tmp/tmux-501/ta-9f9660deef84 err="query tmux on /tmp/tmux-501/ta-9f9660deef84: exit status 1: no server running on /tmp/tmux-501/ta-9f9660deef84"
time=2026-08-09T09:29:27.013+08:00 level=DEBUG msg="discovery: skipping unreachable socket" socket=/tmp/tmux-501/ta-a3613f1b7212 err="query tmux on /tmp/tmux-501/ta-a3613f1b7212: exit status 1: no server running on /tmp/tmux-501/ta-a3613f1b7212"
time=2026-08-09T09:29:27.018+08:00 level=DEBUG msg="discovery: skipping unreachable socket" socket=/tmp/tmux-501/ta-a468707981a6 err="query tmux on /tmp/tmux-501/ta-a468707981a6: exit status 1: no server running on /tmp/tmux-501/ta-a468707981a6"
time=2026-08-09T09:29:27.025+08:00 level=DEBUG msg="discovery: skipping unreachable socket" socket=/tmp/tmux-501/ta-a7343098f3d8 err="query tmux on /tmp/tmux-501/ta-a7343098f3d8: exit status 1: no server running on /tmp/tmux-501/ta-a7343098f3d8"
time=2026-08-09T09:29:27.031+08:00 level=DEBUG msg="discovery: skipping unreachable socket" socket=/tmp/tmux-501/ta-a9c99df321ff err="query tmux on /tmp/tmux-501/ta-a9c99df321ff: exit status 1: no server running on /tmp/tmux-501/ta-a9c99df321ff"
time=2026-08-09T09:29:27.044+08:00 level=DEBUG msg="discovery: skipping unreachable socket" socket=/tmp/tmux-501/ta-aaf9a48911e5 err="query tmux on /tmp/tmux-501/ta-aaf9a48911e5: exit status 1: no server running on /tmp/tmux-501/ta-aaf9a48911e5"
time=2026-08-09T09:29:27.049+08:00 level=DEBUG msg="discovery: skipping unreachable socket" socket=/tmp/tmux-501/ta-abb7129edd07 err="query tmux on /tmp/tmux-501/ta-abb7129edd07: exit status 1: no server running on /tmp/tmux-501/ta-abb7129edd07"
time=2026-08-09T09:29:27.061+08:00 level=DEBUG msg="discovery: skipping unreachable socket" socket=/tmp/tmux-501/ta-ad3662bf2e59 err="query tmux on /tmp/tmux-501/ta-ad3662bf2e59: exit status 1: no server running on /tmp/tmux-501/ta-ad3662bf2e59"
time=2026-08-09T09:29:27.073+08:00 level=DEBUG msg="discovery: skipping unreachable socket" socket=/tmp/tmux-501/ta-b2f7818b50cf err="query tmux on /tmp/tmux-501/ta-b2f7818b50cf: exit status 1: no server running on /tmp/tmux-501/ta-b2f7818b50cf"
time=2026-08-09T09:29:27.084+08:00 level=DEBUG msg="discovery: skipping unreachable socket" socket=/tmp/tmux-501/ta-b387d5c883b9 err="query tmux on /tmp/tmux-501/ta-b387d5c883b9: exit status 1: no server running on /tmp/tmux-501/ta-b387d5c883b9"
time=2026-08-09T09:29:27.090+08:00 level=DEBUG msg="discovery: skipping unreachable socket" socket=/tmp/tmux-501/ta-b3d4bd767a05 err="query tmux on /tmp/tmux-501/ta-b3d4bd767a05: exit status 1: no server running on /tmp/tmux-501/ta-b3d4bd767a05"
time=2026-08-09T09:29:27.096+08:00 level=DEBUG msg="discovery: skipping unreachable socket" socket=/tmp/tmux-501/ta-b4b521c41e9a err="query tmux on /tmp/tmux-501/ta-b4b521c41e9a: exit status 1: no server running on /tmp/tmux-501/ta-b4b521c41e9a"
time=2026-08-09T09:29:27.108+08:00 level=DEBUG msg="discovery: skipping unreachable socket" socket=/tmp/tmux-501/ta-b831b66f70cc err="query tmux on /tmp/tmux-501/ta-b831b66f70cc: exit status 1: no server running on /tmp/tmux-501/ta-b831b66f70cc"
time=2026-08-09T09:29:27.114+08:00 level=DEBUG msg="discovery: skipping unreachable socket" socket=/tmp/tmux-501/ta-b98f12cd39b4 err="query tmux on /tmp/tmux-501/ta-b98f12cd39b4: exit status 1: no server running on /tmp/tmux-501/ta-b98f12cd39b4"
time=2026-08-09T09:29:27.119+08:00 level=DEBUG msg="discovery: skipping unreachable socket" socket=/tmp/tmux-501/ta-baa84c7ccd1b err="query tmux on /tmp/tmux-501/ta-baa84c7ccd1b: exit status 1: no server running on /tmp/tmux-501/ta-baa84c7ccd1b"
time=2026-08-09T09:29:27.126+08:00 level=DEBUG msg="discovery: skipping unreachable socket" socket=/tmp/tmux-501/ta-bccf40f5c109 err="query tmux on /tmp/tmux-501/ta-bccf40f5c109: exit status 1: no server running on /tmp/tmux-501/ta-bccf40f5c109"
time=2026-08-09T09:29:27.132+08:00 level=DEBUG msg="discovery: skipping unreachable socket" socket=/tmp/tmux-501/ta-be68601ef2c2 err="query tmux on /tmp/tmux-501/ta-be68601ef2c2: exit status 1: no server running on /tmp/tmux-501/ta-be68601ef2c2"
time=2026-08-09T09:29:27.144+08:00 level=DEBUG msg="discovery: skipping unreachable socket" socket=/tmp/tmux-501/ta-c013b77ee6d0 err="query tmux on /tmp/tmux-501/ta-c013b77ee6d0: exit status 1: no server running on /tmp/tmux-501/ta-c013b77ee6d0"
time=2026-08-09T09:29:27.156+08:00 level=DEBUG msg="discovery: skipping unreachable socket" socket=/tmp/tmux-501/ta-c47e5da1bbb5 err="query tmux on /tmp/tmux-501/ta-c47e5da1bbb5: exit status 1: no server running on /tmp/tmux-501/ta-c47e5da1bbb5"
time=2026-08-09T09:29:27.162+08:00 level=DEBUG msg="discovery: skipping unreachable socket" socket=/tmp/tmux-501/ta-c4ba37813235 err="query tmux on /tmp/tmux-501/ta-c4ba37813235: exit status 1: no server running on /tmp/tmux-501/ta-c4ba37813235"
time=2026-08-09T09:29:27.167+08:00 level=DEBUG msg="discovery: skipping unreachable socket" socket=/tmp/tmux-501/ta-c8d771f5db35 err="query tmux on /tmp/tmux-501/ta-c8d771f5db35: exit status 1: no server running on /tmp/tmux-501/ta-c8d771f5db35"
time=2026-08-09T09:29:27.185+08:00 level=DEBUG msg="discovery: skipping unreachable socket" socket=/tmp/tmux-501/ta-cc16aeabca59 err="query tmux on /tmp/tmux-501/ta-cc16aeabca59: exit status 1: no server running on /tmp/tmux-501/ta-cc16aeabca59"
time=2026-08-09T09:29:27.191+08:00 level=DEBUG msg="discovery: skipping unreachable socket" socket=/tmp/tmux-501/ta-ce11924e1314 err="query tmux on /tmp/tmux-501/ta-ce11924e1314: exit status 1: no server running on /tmp/tmux-501/ta-ce11924e1314"
time=2026-08-09T09:29:27.197+08:00 level=DEBUG msg="discovery: skipping unreachable socket" socket=/tmp/tmux-501/ta-ce2610e8e580 err="query tmux on /tmp/tmux-501/ta-ce2610e8e580: exit status 1: no server running on /tmp/tmux-501/ta-ce2610e8e580"
time=2026-08-09T09:29:27.203+08:00 level=DEBUG msg="discovery: skipping unreachable socket" socket=/tmp/tmux-501/ta-d11e18966c74 err="query tmux on /tmp/tmux-501/ta-d11e18966c74: exit status 1: no server running on /tmp/tmux-501/ta-d11e18966c74"
time=2026-08-09T09:29:27.214+08:00 level=DEBUG msg="discovery: skipping unreachable socket" socket=/tmp/tmux-501/ta-d40048c2c630 err="query tmux on /tmp/tmux-501/ta-d40048c2c630: exit status 1: no server running on /tmp/tmux-501/ta-d40048c2c630"
time=2026-08-09T09:29:27.220+08:00 level=DEBUG msg="discovery: skipping unreachable socket" socket=/tmp/tmux-501/ta-d415485e29a9 err="query tmux on /tmp/tmux-501/ta-d415485e29a9: exit status 1: no server running on /tmp/tmux-501/ta-d415485e29a9"
time=2026-08-09T09:29:27.225+08:00 level=DEBUG msg="discovery: skipping unreachable socket" socket=/tmp/tmux-501/ta-d5e19fd8f2c0 err="query tmux on /tmp/tmux-501/ta-d5e19fd8f2c0: exit status 1: no server running on /tmp/tmux-501/ta-d5e19fd8f2c0"
time=2026-08-09T09:29:27.238+08:00 level=DEBUG msg="discovery: skipping unreachable socket" socket=/tmp/tmux-501/ta-d9da6ad8da3c err="query tmux on /tmp/tmux-501/ta-d9da6ad8da3c: exit status 1: no server running on /tmp/tmux-501/ta-d9da6ad8da3c"
time=2026-08-09T09:29:27.243+08:00 level=DEBUG msg="discovery: skipping unreachable socket" socket=/tmp/tmux-501/ta-da241611468d err="query tmux on /tmp/tmux-501/ta-da241611468d: exit status 1: no server running on /tmp/tmux-501/ta-da241611468d"
time=2026-08-09T09:29:27.249+08:00 level=DEBUG msg="discovery: skipping unreachable socket" socket=/tmp/tmux-501/ta-daa7d5056abd err="query tmux on /tmp/tmux-501/ta-daa7d5056abd: exit status 1: no server running on /tmp/tmux-501/ta-daa7d5056abd"
time=2026-08-09T09:29:27.271+08:00 level=DEBUG msg="discovery: skipping unreachable socket" socket=/tmp/tmux-501/ta-deea2d344db0 err="query tmux on /tmp/tmux-501/ta-deea2d344db0: exit status 1: no server running on /tmp/tmux-501/ta-deea2d344db0"
time=2026-08-09T09:29:27.277+08:00 level=DEBUG msg="discovery: skipping unreachable socket" socket=/tmp/tmux-501/ta-e0aefe0e13d3 err="query tmux on /tmp/tmux-501/ta-e0aefe0e13d3: exit status 1: no server running on /tmp/tmux-501/ta-e0aefe0e13d3"
time=2026-08-09T09:29:27.282+08:00 level=DEBUG msg="discovery: skipping unreachable socket" socket=/tmp/tmux-501/ta-e0bb903ebcb6 err="query tmux on /tmp/tmux-501/ta-e0bb903ebcb6: exit status 1: no server running on /tmp/tmux-501/ta-e0bb903ebcb6"
time=2026-08-09T09:29:27.295+08:00 level=DEBUG msg="discovery: skipping unreachable socket" socket=/tmp/tmux-501/ta-e3d25594c5b5 err="query tmux on /tmp/tmux-501/ta-e3d25594c5b5: exit status 1: no server running on /tmp/tmux-501/ta-e3d25594c5b5"
time=2026-08-09T09:29:27.301+08:00 level=DEBUG msg="discovery: skipping unreachable socket" socket=/tmp/tmux-501/ta-e6bb8500fc38 err="query tmux on /tmp/tmux-501/ta-e6bb8500fc38: exit status 1: no server running on /tmp/tmux-501/ta-e6bb8500fc38"
time=2026-08-09T09:29:27.306+08:00 level=DEBUG msg="discovery: skipping unreachable socket" socket=/tmp/tmux-501/ta-e6c2187f7096 err="query tmux on /tmp/tmux-501/ta-e6c2187f7096: exit status 1: no server running on /tmp/tmux-501/ta-e6c2187f7096"
time=2026-08-09T09:29:27.318+08:00 level=DEBUG msg="discovery: skipping unreachable socket" socket=/tmp/tmux-501/ta-e9a0c9c79a07 err="query tmux on /tmp/tmux-501/ta-e9a0c9c79a07: exit status 1: no server running on /tmp/tmux-501/ta-e9a0c9c79a07"
time=2026-08-09T09:29:27.331+08:00 level=DEBUG msg="discovery: skipping unreachable socket" socket=/tmp/tmux-501/ta-f11d5c565fda err="query tmux on /tmp/tmux-501/ta-f11d5c565fda: exit status 1: no server running on /tmp/tmux-501/ta-f11d5c565fda"
time=2026-08-09T09:29:27.337+08:00 level=DEBUG msg="discovery: skipping unreachable socket" socket=/tmp/tmux-501/ta-f2f2b8ceb968 err="query tmux on /tmp/tmux-501/ta-f2f2b8ceb968: exit status 1: no server running on /tmp/tmux-501/ta-f2f2b8ceb968"
time=2026-08-09T09:29:27.343+08:00 level=DEBUG msg="discovery: skipping unreachable socket" socket=/tmp/tmux-501/ta-f361188b7539 err="query tmux on /tmp/tmux-501/ta-f361188b7539: exit status 1: no server running on /tmp/tmux-501/ta-f361188b7539"
time=2026-08-09T09:29:27.354+08:00 level=DEBUG msg="discovery: skipping unreachable socket" socket=/tmp/tmux-501/ta-f680dc117b11 err="query tmux on /tmp/tmux-501/ta-f680dc117b11: exit status 1: no server running on /tmp/tmux-501/ta-f680dc117b11"
time=2026-08-09T09:29:27.359+08:00 level=DEBUG msg="discovery: skipping unreachable socket" socket=/tmp/tmux-501/ta-f719270c4c59 err="query tmux on /tmp/tmux-501/ta-f719270c4c59: exit status 1: no server running on /tmp/tmux-501/ta-f719270c4c59"
time=2026-08-09T09:29:27.364+08:00 level=DEBUG msg="discovery: skipping unreachable socket" socket=/tmp/tmux-501/ta-f82b970e1873 err="query tmux on /tmp/tmux-501/ta-f82b970e1873: exit status 1: no server running on /tmp/tmux-501/ta-f82b970e1873"
time=2026-08-09T09:29:27.369+08:00 level=DEBUG msg="discovery: skipping unreachable socket" socket=/tmp/tmux-501/ta-fcd628a94743 err="query tmux on /tmp/tmux-501/ta-fcd628a94743: exit status 1: no server running on /tmp/tmux-501/ta-fcd628a94743"
time=2026-08-09T09:29:27.375+08:00 level=DEBUG msg="discovery: skipping unreachable socket" socket=/tmp/tmux-501/ta-fd52a396a29f err="query tmux on /tmp/tmux-501/ta-fd52a396a29f: exit status 1: no server running on /tmp/tmux-501/ta-fd52a396a29f"
time=2026-08-09T09:29:27.381+08:00 level=DEBUG msg="discovery: skipping unreachable socket" socket=/tmp/tmux-501/ta-fdb0b3d91a30 err="query tmux on /tmp/tmux-501/ta-fdb0b3d91a30: exit status 1: no server running on /tmp/tmux-501/ta-fdb0b3d91a30"
time=2026-08-09T09:29:27.392+08:00 level=DEBUG msg="discovery: skipping unreachable socket" socket=/tmp/tmux-501/ta-ffd3b292ce18 err="query tmux on /tmp/tmux-501/ta-ffd3b292ce18: exit status 1: no server running on /tmp/tmux-501/ta-ffd3b292ce18"
time=2026-08-09T09:29:27.392+08:00 level=DEBUG msg="listing: no changes"
time=2026-08-09T09:29:27.410+08:00 level=DEBUG msg="discovery: skipping unreachable socket" socket=/tmp/tmux-501/ta-01126683e597 err="query tmux on /tmp/tmux-501/ta-01126683e597: exit status 1: no server running on /tmp/tmux-501/ta-01126683e597"
time=2026-08-09T09:29:27.416+08:00 level=DEBUG msg="discovery: skipping unreachable socket" socket=/tmp/tmux-501/ta-013ab1835f3d err="query tmux on /tmp/tmux-501/ta-013ab1835f3d: exit status 1: no server running on /tmp/tmux-501/ta-013ab1835f3d"
time=2026-08-09T09:29:27.422+08:00 level=DEBUG msg="discovery: skipping unreachable socket" socket=/tmp/tmux-501/ta-01ae7229ab34 err="query tmux on /tmp/tmux-501/ta-01ae7229ab34: exit status 1: no server running on /tmp/tmux-501/ta-01ae7229ab34"
time=2026-08-09T09:29:27.440+08:00 level=DEBUG msg="discovery: skipping unreachable socket" socket=/tmp/tmux-501/ta-068e05dab0f2 err="query tmux on /tmp/tmux-501/ta-068e05dab0f2: exit status 1: no server running on /tmp/tmux-501/ta-068e05dab0f2"
time=2026-08-09T09:29:27.445+08:00 level=DEBUG msg="discovery: skipping unreachable socket" socket=/tmp/tmux-501/ta-06c9f392130f err="query tmux on /tmp/tmux-501/ta-06c9f392130f: exit status 1: no server running on /tmp/tmux-501/ta-06c9f392130f"
time=2026-08-09T09:29:27.451+08:00 level=DEBUG msg="discovery: skipping unreachable socket" socket=/tmp/tmux-501/ta-06d4a2ee7518 err="query tmux on /tmp/tmux-501/ta-06d4a2ee7518: exit status 1: no server running on /tmp/tmux-501/ta-06d4a2ee7518"
time=2026-08-09T09:29:27.469+08:00 level=DEBUG msg="discovery: skipping unreachable socket" socket=/tmp/tmux-501/ta-0a72db2d2f8d err="query tmux on /tmp/tmux-501/ta-0a72db2d2f8d: exit status 1: no server running on /tmp/tmux-501/ta-0a72db2d2f8d"
time=2026-08-09T09:29:27.474+08:00 level=DEBUG msg="discovery: skipping unreachable socket" socket=/tmp/tmux-501/ta-0c2f41c7040c err="query tmux on /tmp/tmux-501/ta-0c2f41c7040c: exit status 1: no server running on /tmp/tmux-501/ta-0c2f41c7040c"
time=2026-08-09T09:29:27.480+08:00 level=DEBUG msg="discovery: skipping unreachable socket" socket=/tmp/tmux-501/ta-0d8be8a7829a err="query tmux on /tmp/tmux-501/ta-0d8be8a7829a: exit status 1: no server running on /tmp/tmux-501/ta-0d8be8a7829a"
time=2026-08-09T09:29:27.486+08:00 level=DEBUG msg="discovery: skipping unreachable socket" socket=/tmp/tmux-501/ta-12998fa42bdd err="query tmux on /tmp/tmux-501/ta-12998fa42bdd: exit status 1: no server running on /tmp/tmux-501/ta-12998fa42bdd"
time=2026-08-09T09:29:27.503+08:00 level=DEBUG msg="discovery: skipping unreachable socket" socket=/tmp/tmux-501/ta-179131c0076a err="query tmux on /tmp/tmux-501/ta-179131c0076a: exit status 1: no server running on /tmp/tmux-501/ta-179131c0076a"
time=2026-08-09T09:29:27.516+08:00 level=DEBUG msg="discovery: skipping unreachable socket" socket=/tmp/tmux-501/ta-1949e6b86881 err="query tmux on /tmp/tmux-501/ta-1949e6b86881: exit status 1: no server running on /tmp/tmux-501/ta-1949e6b86881"
time=2026-08-09T09:29:27.527+08:00 level=DEBUG msg="discovery: skipping unreachable socket" socket=/tmp/tmux-501/ta-207c04ef53a0 err="query tmux on /tmp/tmux-501/ta-207c04ef53a0: exit status 1: no server running on /tmp/tmux-501/ta-207c04ef53a0"
time=2026-08-09T09:29:27.532+08:00 level=DEBUG msg="discovery: skipping unreachable socket" socket=/tmp/tmux-501/ta-216636364606 err="query tmux on /tmp/tmux-501/ta-216636364606: exit status 1: no server running on /tmp/tmux-501/ta-216636364606"
time=2026-08-09T09:29:27.538+08:00 level=DEBUG msg="discovery: skipping unreachable socket" socket=/tmp/tmux-501/ta-21e91d9e0de3 err="query tmux on /tmp/tmux-501/ta-21e91d9e0de3: exit status 1: no server running on /tmp/tmux-501/ta-21e91d9e0de3"
time=2026-08-09T09:29:27.562+08:00 level=DEBUG msg="discovery: skipping unreachable socket" socket=/tmp/tmux-501/ta-24fce2185904 err="query tmux on /tmp/tmux-501/ta-24fce2185904: exit status 1: no server running on /tmp/tmux-501/ta-24fce2185904"
time=2026-08-09T09:29:27.568+08:00 level=DEBUG msg="discovery: skipping unreachable socket" socket=/tmp/tmux-501/ta-26f28692c57a err="query tmux on /tmp/tmux-501/ta-26f28692c57a: exit status 1: no server running on /tmp/tmux-501/ta-26f28692c57a"
time=2026-08-09T09:29:27.574+08:00 level=DEBUG msg="discovery: skipping unreachable socket" socket=/tmp/tmux-501/ta-282fba4016e1 err="query tmux on /tmp/tmux-501/ta-282fba4016e1: exit status 1: no server running on /tmp/tmux-501/ta-282fba4016e1"
time=2026-08-09T09:29:27.580+08:00 level=DEBUG msg="discovery: skipping unreachable socket" socket=/tmp/tmux-501/ta-286f7286ce54 err="query tmux on /tmp/tmux-501/ta-286f7286ce54: exit status 1: no server running on /tmp/tmux-501/ta-286f7286ce54"
time=2026-08-09T09:29:27.591+08:00 level=DEBUG msg="discovery: skipping unreachable socket" socket=/tmp/tmux-501/ta-288094083c2c err="query tmux on /tmp/tmux-501/ta-288094083c2c: exit status 1: no server running on /tmp/tmux-501/ta-288094083c2c"
time=2026-08-09T09:29:27.603+08:00 level=DEBUG msg="discovery: skipping unreachable socket" socket=/tmp/tmux-501/ta-2aae31361fa1 err="query tmux on /tmp/tmux-501/ta-2aae31361fa1: exit status 1: no server running on /tmp/tmux-501/ta-2aae31361fa1"
time=2026-08-09T09:29:27.608+08:00 level=DEBUG msg="discovery: skipping unreachable socket" socket=/tmp/tmux-501/ta-2ae1025c10d1 err="query tmux on /tmp/tmux-501/ta-2ae1025c10d1: exit status 1: no server running on /tmp/tmux-501/ta-2ae1025c10d1"
time=2026-08-09T09:29:27.614+08:00 level=DEBUG msg="discovery: skipping unreachable socket" socket=/tmp/tmux-501/ta-2cb694214071 err="query tmux on /tmp/tmux-501/ta-2cb694214071: exit status 1: no server running on /tmp/tmux-501/ta-2cb694214071"
time=2026-08-09T09:29:27.631+08:00 level=DEBUG msg="discovery: skipping unreachable socket" socket=/tmp/tmux-501/ta-3274a318dbc9 err="query tmux on /tmp/tmux-501/ta-3274a318dbc9: exit status 1: no server running on /tmp/tmux-501/ta-3274a318dbc9"
time=2026-08-09T09:29:27.642+08:00 level=DEBUG msg="discovery: skipping unreachable socket" socket=/tmp/tmux-501/ta-35ed7d2f51d9 err="query tmux on /tmp/tmux-501/ta-35ed7d2f51d9: exit status 1: no server running on /tmp/tmux-501/ta-35ed7d2f51d9"
time=2026-08-09T09:29:27.649+08:00 level=DEBUG msg="discovery: skipping unreachable socket" socket=/tmp/tmux-501/ta-362b16c58513 err="query tmux on /tmp/tmux-501/ta-362b16c58513: exit status 1: no server running on /tmp/tmux-501/ta-362b16c58513"
time=2026-08-09T09:29:27.655+08:00 level=DEBUG msg="discovery: skipping unreachable socket" socket=/tmp/tmux-501/ta-3833181162ac err="query tmux on /tmp/tmux-501/ta-3833181162ac: exit status 1: no server running on /tmp/tmux-501/ta-3833181162ac"
time=2026-08-09T09:29:27.660+08:00 level=DEBUG msg="discovery: skipping unreachable socket" socket=/tmp/tmux-501/ta-3ce72bbed4f2 err="query tmux on /tmp/tmux-501/ta-3ce72bbed4f2: exit status 1: no server running on /tmp/tmux-501/ta-3ce72bbed4f2"
time=2026-08-09T09:29:27.672+08:00 level=DEBUG msg="discovery: skipping unreachable socket" socket=/tmp/tmux-501/ta-3e93f5065209 err="query tmux on /tmp/tmux-501/ta-3e93f5065209: exit status 1: no server running on /tmp/tmux-501/ta-3e93f5065209"
time=2026-08-09T09:29:27.677+08:00 level=DEBUG msg="discovery: skipping unreachable socket" socket=/tmp/tmux-501/ta-4028cb65384b err="query tmux on /tmp/tmux-501/ta-4028cb65384b: exit status 1: no server running on /tmp/tmux-501/ta-4028cb65384b"
time=2026-08-09T09:29:27.684+08:00 level=DEBUG msg="discovery: skipping unreachable socket" socket=/tmp/tmux-501/ta-406246e480e7 err="query tmux on /tmp/tmux-501/ta-406246e480e7: exit status 1: no server running on /tmp/tmux-501/ta-406246e480e7"
time=2026-08-09T09:29:27.695+08:00 level=DEBUG msg="discovery: skipping unreachable socket" socket=/tmp/tmux-501/ta-438cff265841 err="query tmux on /tmp/tmux-501/ta-438cff265841: exit status 1: no server running on /tmp/tmux-501/ta-438cff265841"
time=2026-08-09T09:29:27.701+08:00 level=DEBUG msg="discovery: skipping unreachable socket" socket=/tmp/tmux-501/ta-43ce27abee3c err="query tmux on /tmp/tmux-501/ta-43ce27abee3c: exit status 1: no server running on /tmp/tmux-501/ta-43ce27abee3c"
time=2026-08-09T09:29:27.714+08:00 level=DEBUG msg="discovery: skipping unreachable socket" socket=/tmp/tmux-501/ta-44e75c59a69f err="query tmux on /tmp/tmux-501/ta-44e75c59a69f: exit status 1: no server running on /tmp/tmux-501/ta-44e75c59a69f"
time=2026-08-09T09:29:27.719+08:00 level=DEBUG msg="discovery: skipping unreachable socket" socket=/tmp/tmux-501/ta-46e0835ad8e4 err="query tmux on /tmp/tmux-501/ta-46e0835ad8e4: exit status 1: no server running on /tmp/tmux-501/ta-46e0835ad8e4"
time=2026-08-09T09:29:27.725+08:00 level=DEBUG msg="discovery: skipping unreachable socket" socket=/tmp/tmux-501/ta-4702165bbeaf err="query tmux on /tmp/tmux-501/ta-4702165bbeaf: exit status 1: no server running on /tmp/tmux-501/ta-4702165bbeaf"
time=2026-08-09T09:29:27.737+08:00 level=DEBUG msg="discovery: skipping unreachable socket" socket=/tmp/tmux-501/ta-4a7c411cbbe6 err="query tmux on /tmp/tmux-501/ta-4a7c411cbbe6: exit status 1: no server running on /tmp/tmux-501/ta-4a7c411cbbe6"
time=2026-08-09T09:29:27.743+08:00 level=DEBUG msg="discovery: skipping unreachable socket" socket=/tmp/tmux-501/ta-4a8e9f0c15b4 err="query tmux on /tmp/tmux-501/ta-4a8e9f0c15b4: exit status 1: no server running on /tmp/tmux-501/ta-4a8e9f0c15b4"
time=2026-08-09T09:29:27.749+08:00 level=DEBUG msg="discovery: skipping unreachable socket" socket=/tmp/tmux-501/ta-4dfb8cf29b53 err="query tmux on /tmp/tmux-501/ta-4dfb8cf29b53: exit status 1: no server running on /tmp/tmux-501/ta-4dfb8cf29b53"
time=2026-08-09T09:29:27.754+08:00 level=DEBUG msg="discovery: skipping unreachable socket" socket=/tmp/tmux-501/ta-4f3924cc4519 err="query tmux on /tmp/tmux-501/ta-4f3924cc4519: exit status 1: no server running on /tmp/tmux-501/ta-4f3924cc4519"
time=2026-08-09T09:29:27.761+08:00 level=DEBUG msg="discovery: skipping unreachable socket" socket=/tmp/tmux-501/ta-52394122babb err="query tmux on /tmp/tmux-501/ta-52394122babb: exit status 1: no server running on /tmp/tmux-501/ta-52394122babb"
time=2026-08-09T09:29:27.779+08:00 level=DEBUG msg="discovery: skipping unreachable socket" socket=/tmp/tmux-501/ta-577561874d9b err="query tmux on /tmp/tmux-501/ta-577561874d9b: exit status 1: no server running on /tmp/tmux-501/ta-577561874d9b"
time=2026-08-09T09:29:27.797+08:00 level=DEBUG msg="discovery: skipping unreachable socket" socket=/tmp/tmux-501/ta-5ba7740fadec err="query tmux on /tmp/tmux-501/ta-5ba7740fadec: exit status 1: no server running on /tmp/tmux-501/ta-5ba7740fadec"
time=2026-08-09T09:29:27.802+08:00 level=DEBUG msg="discovery: skipping unreachable socket" socket=/tmp/tmux-501/ta-5bac69dbfe99 err="query tmux on /tmp/tmux-501/ta-5bac69dbfe99: exit status 1: no server running on /tmp/tmux-501/ta-5bac69dbfe99"
time=2026-08-09T09:29:27.814+08:00 level=DEBUG msg="discovery: skipping unreachable socket" socket=/tmp/tmux-501/ta-5d6d082f74c6 err="query tmux on /tmp/tmux-501/ta-5d6d082f74c6: exit status 1: no server running on /tmp/tmux-501/ta-5d6d082f74c6"
time=2026-08-09T09:29:27.820+08:00 level=DEBUG msg="discovery: skipping unreachable socket" socket=/tmp/tmux-501/ta-5f045cf48619 err="query tmux on /tmp/tmux-501/ta-5f045cf48619: exit status 1: no server running on /tmp/tmux-501/ta-5f045cf48619"
time=2026-08-09T09:29:27.831+08:00 level=DEBUG msg="discovery: skipping unreachable socket" socket=/tmp/tmux-501/ta-63bd43dc1eb7 err="query tmux on /tmp/tmux-501/ta-63bd43dc1eb7: exit status 1: no server running on /tmp/tmux-501/ta-63bd43dc1eb7"
time=2026-08-09T09:29:27.836+08:00 level=DEBUG msg="discovery: skipping unreachable socket" socket=/tmp/tmux-501/ta-648f0b64fb93 err="query tmux on /tmp/tmux-501/ta-648f0b64fb93: exit status 1: no server running on /tmp/tmux-501/ta-648f0b64fb93"
time=2026-08-09T09:29:27.848+08:00 level=DEBUG msg="discovery: skipping unreachable socket" socket=/tmp/tmux-501/ta-69187e22e8b0 err="query tmux on /tmp/tmux-501/ta-69187e22e8b0: exit status 1: no server running on /tmp/tmux-501/ta-69187e22e8b0"
time=2026-08-09T09:29:27.854+08:00 level=DEBUG msg="discovery: skipping unreachable socket" socket=/tmp/tmux-501/ta-69a1521c06b9 err="query tmux on /tmp/tmux-501/ta-69a1521c06b9: exit status 1: no server running on /tmp/tmux-501/ta-69a1521c06b9"
time=2026-08-09T09:29:27.859+08:00 level=DEBUG msg="discovery: skipping unreachable socket" socket=/tmp/tmux-501/ta-6b26f32298f1 err="query tmux on /tmp/tmux-501/ta-6b26f32298f1: exit status 1: no server running on /tmp/tmux-501/ta-6b26f32298f1"
time=2026-08-09T09:29:27.865+08:00 level=DEBUG msg="discovery: skipping unreachable socket" socket=/tmp/tmux-501/ta-6c005e9a3f39 err="query tmux on /tmp/tmux-501/ta-6c005e9a3f39: exit status 1: no server running on /tmp/tmux-501/ta-6c005e9a3f39"
time=2026-08-09T09:29:27.882+08:00 level=DEBUG msg="discovery: skipping unreachable socket" socket=/tmp/tmux-501/ta-7a8416afe095 err="query tmux on /tmp/tmux-501/ta-7a8416afe095: exit status 1: no server running on /tmp/tmux-501/ta-7a8416afe095"
time=2026-08-09T09:29:27.893+08:00 level=DEBUG msg="discovery: skipping unreachable socket" socket=/tmp/tmux-501/ta-7b8b9455aae8 err="query tmux on /tmp/tmux-501/ta-7b8b9455aae8: exit status 1: no server running on /tmp/tmux-501/ta-7b8b9455aae8"
time=2026-08-09T09:29:27.899+08:00 level=DEBUG msg="discovery: skipping unreachable socket" socket=/tmp/tmux-501/ta-7c8b9455ac9b err="query tmux on /tmp/tmux-501/ta-7c8b9455ac9b: exit status 1: no server running on /tmp/tmux-501/ta-7c8b9455ac9b"
time=2026-08-09T09:29:27.904+08:00 level=DEBUG msg="discovery: skipping unreachable socket" socket=/tmp/tmux-501/ta-7d95a33c35bb err="query tmux on /tmp/tmux-501/ta-7d95a33c35bb: exit status 1: no server running on /tmp/tmux-501/ta-7d95a33c35bb"
time=2026-08-09T09:29:27.910+08:00 level=DEBUG msg="discovery: skipping unreachable socket" socket=/tmp/tmux-501/ta-7e656aa70eac err="query tmux on /tmp/tmux-501/ta-7e656aa70eac: exit status 1: no server running on /tmp/tmux-501/ta-7e656aa70eac"
time=2026-08-09T09:29:27.916+08:00 level=DEBUG msg="discovery: skipping unreachable socket" socket=/tmp/tmux-501/ta-7e7d8c51114d err="query tmux on /tmp/tmux-501/ta-7e7d8c51114d: exit status 1: no server running on /tmp/tmux-501/ta-7e7d8c51114d"
time=2026-08-09T09:29:27.922+08:00 level=DEBUG msg="discovery: skipping unreachable socket" socket=/tmp/tmux-501/ta-8048ed81b9df err="query tmux on /tmp/tmux-501/ta-8048ed81b9df: exit status 1: no server running on /tmp/tmux-501/ta-8048ed81b9df"
time=2026-08-09T09:29:27.942+08:00 level=DEBUG msg="discovery: skipping unreachable socket" socket=/tmp/tmux-501/ta-833b364038e0 err="query tmux on /tmp/tmux-501/ta-833b364038e0: exit status 1: no server running on /tmp/tmux-501/ta-833b364038e0"
time=2026-08-09T09:29:27.948+08:00 level=DEBUG msg="discovery: skipping unreachable socket" socket=/tmp/tmux-501/ta-83e508ee7924 err="query tmux on /tmp/tmux-501/ta-83e508ee7924: exit status 1: no server running on /tmp/tmux-501/ta-83e508ee7924"
time=2026-08-09T09:29:27.959+08:00 level=DEBUG msg="discovery: skipping unreachable socket" socket=/tmp/tmux-501/ta-86cf9fb8afc6 err="query tmux on /tmp/tmux-501/ta-86cf9fb8afc6: exit status 1: no server running on /tmp/tmux-501/ta-86cf9fb8afc6"
time=2026-08-09T09:29:27.971+08:00 level=DEBUG msg="discovery: skipping unreachable socket" socket=/tmp/tmux-501/ta-8b8a20c82890 err="query tmux on /tmp/tmux-501/ta-8b8a20c82890: exit status 1: no server running on /tmp/tmux-501/ta-8b8a20c82890"
time=2026-08-09T09:29:27.977+08:00 level=DEBUG msg="discovery: skipping unreachable socket" socket=/tmp/tmux-501/ta-8bcd86c68271 err="query tmux on /tmp/tmux-501/ta-8bcd86c68271: exit status 1: no server running on /tmp/tmux-501/ta-8bcd86c68271"
time=2026-08-09T09:29:27.983+08:00 level=DEBUG msg="discovery: skipping unreachable socket" socket=/tmp/tmux-501/ta-8cedaec15c6c err="query tmux on /tmp/tmux-501/ta-8cedaec15c6c: exit status 1: no server running on /tmp/tmux-501/ta-8cedaec15c6c"
time=2026-08-09T09:29:27.989+08:00 level=DEBUG msg="discovery: skipping unreachable socket" socket=/tmp/tmux-501/ta-8e1d263384bf err="query tmux on /tmp/tmux-501/ta-8e1d263384bf: exit status 1: no server running on /tmp/tmux-501/ta-8e1d263384bf"
time=2026-08-09T09:29:27.994+08:00 level=DEBUG msg="discovery: skipping unreachable socket" socket=/tmp/tmux-501/ta-8f900bc847e5 err="query tmux on /tmp/tmux-501/ta-8f900bc847e5: exit status 1: no server running on /tmp/tmux-501/ta-8f900bc847e5"
time=2026-08-09T09:29:28.008+08:00 level=DEBUG msg="discovery: skipping unreachable socket" socket=/tmp/tmux-501/ta-9354fec1f143 err="query tmux on /tmp/tmux-501/ta-9354fec1f143: exit status 1: no server running on /tmp/tmux-501/ta-9354fec1f143"
time=2026-08-09T09:29:28.014+08:00 level=DEBUG msg="discovery: skipping unreachable socket" socket=/tmp/tmux-501/ta-945d4f57597e err="query tmux on /tmp/tmux-501/ta-945d4f57597e: exit status 1: no server running on /tmp/tmux-501/ta-945d4f57597e"
time=2026-08-09T09:29:28.026+08:00 level=DEBUG msg="discovery: skipping unreachable socket" socket=/tmp/tmux-501/ta-958bed53a01a err="query tmux on /tmp/tmux-501/ta-958bed53a01a: exit status 1: no server running on /tmp/tmux-501/ta-958bed53a01a"
time=2026-08-09T09:29:28.032+08:00 level=DEBUG msg="discovery: skipping unreachable socket" socket=/tmp/tmux-501/ta-960f84496264 err="query tmux on /tmp/tmux-501/ta-960f84496264: exit status 1: no server running on /tmp/tmux-501/ta-960f84496264"
time=2026-08-09T09:29:28.038+08:00 level=DEBUG msg="discovery: skipping unreachable socket" socket=/tmp/tmux-501/ta-97059410728a err="query tmux on /tmp/tmux-501/ta-97059410728a: exit status 1: no server running on /tmp/tmux-501/ta-97059410728a"
time=2026-08-09T09:29:28.044+08:00 level=DEBUG msg="discovery: skipping unreachable socket" socket=/tmp/tmux-501/ta-973a87a2cc74 err="query tmux on /tmp/tmux-501/ta-973a87a2cc74: exit status 1: no server running on /tmp/tmux-501/ta-973a87a2cc74"
time=2026-08-09T09:29:28.050+08:00 level=DEBUG msg="discovery: skipping unreachable socket" socket=/tmp/tmux-501/ta-9757a154bb9c err="query tmux on /tmp/tmux-501/ta-9757a154bb9c: exit status 1: no server running on /tmp/tmux-501/ta-9757a154bb9c"
time=2026-08-09T09:29:28.055+08:00 level=DEBUG msg="discovery: skipping unreachable socket" socket=/tmp/tmux-501/ta-979d8e92c318 err="query tmux on /tmp/tmux-501/ta-979d8e92c318: exit status 1: no server running on /tmp/tmux-501/ta-979d8e92c318"
time=2026-08-09T09:29:28.067+08:00 level=DEBUG msg="discovery: skipping unreachable socket" socket=/tmp/tmux-501/ta-9f9660deef84 err="query tmux on /tmp/tmux-501/ta-9f9660deef84: exit status 1: no server running on /tmp/tmux-501/ta-9f9660deef84"
time=2026-08-09T09:29:28.085+08:00 level=DEBUG msg="discovery: skipping unreachable socket" socket=/tmp/tmux-501/ta-a3613f1b7212 err="query tmux on /tmp/tmux-501/ta-a3613f1b7212: exit status 1: no server running on /tmp/tmux-501/ta-a3613f1b7212"
time=2026-08-09T09:29:28.090+08:00 level=DEBUG msg="discovery: skipping unreachable socket" socket=/tmp/tmux-501/ta-a468707981a6 err="query tmux on /tmp/tmux-501/ta-a468707981a6: exit status 1: no server running on /tmp/tmux-501/ta-a468707981a6"
time=2026-08-09T09:29:28.096+08:00 level=DEBUG msg="discovery: skipping unreachable socket" socket=/tmp/tmux-501/ta-a7343098f3d8 err="query tmux on /tmp/tmux-501/ta-a7343098f3d8: exit status 1: no server running on /tmp/tmux-501/ta-a7343098f3d8"
time=2026-08-09T09:29:28.102+08:00 level=DEBUG msg="discovery: skipping unreachable socket" socket=/tmp/tmux-501/ta-a9c99df321ff err="query tmux on /tmp/tmux-501/ta-a9c99df321ff: exit status 1: no server running on /tmp/tmux-501/ta-a9c99df321ff"
time=2026-08-09T09:29:28.114+08:00 level=DEBUG msg="discovery: skipping unreachable socket" socket=/tmp/tmux-501/ta-aaf9a48911e5 err="query tmux on /tmp/tmux-501/ta-aaf9a48911e5: exit status 1: no server running on /tmp/tmux-501/ta-aaf9a48911e5"
time=2026-08-09T09:29:28.120+08:00 level=DEBUG msg="discovery: skipping unreachable socket" socket=/tmp/tmux-501/ta-abb7129edd07 err="query tmux on /tmp/tmux-501/ta-abb7129edd07: exit status 1: no server running on /tmp/tmux-501/ta-abb7129edd07"
time=2026-08-09T09:29:28.131+08:00 level=DEBUG msg="discovery: skipping unreachable socket" socket=/tmp/tmux-501/ta-ad3662bf2e59 err="query tmux on /tmp/tmux-501/ta-ad3662bf2e59: exit status 1: no server running on /tmp/tmux-501/ta-ad3662bf2e59"
time=2026-08-09T09:29:28.142+08:00 level=DEBUG msg="discovery: skipping unreachable socket" socket=/tmp/tmux-501/ta-b2f7818b50cf err="query tmux on /tmp/tmux-501/ta-b2f7818b50cf: exit status 1: no server running on /tmp/tmux-501/ta-b2f7818b50cf"
time=2026-08-09T09:29:28.154+08:00 level=DEBUG msg="discovery: skipping unreachable socket" socket=/tmp/tmux-501/ta-b387d5c883b9 err="query tmux on /tmp/tmux-501/ta-b387d5c883b9: exit status 1: no server running on /tmp/tmux-501/ta-b387d5c883b9"
time=2026-08-09T09:29:28.160+08:00 level=DEBUG msg="discovery: skipping unreachable socket" socket=/tmp/tmux-501/ta-b3d4bd767a05 err="query tmux on /tmp/tmux-501/ta-b3d4bd767a05: exit status 1: no server running on /tmp/tmux-501/ta-b3d4bd767a05"
time=2026-08-09T09:29:28.166+08:00 level=DEBUG msg="discovery: skipping unreachable socket" socket=/tmp/tmux-501/ta-b4b521c41e9a err="query tmux on /tmp/tmux-501/ta-b4b521c41e9a: exit status 1: no server running on /tmp/tmux-501/ta-b4b521c41e9a"
time=2026-08-09T09:29:28.178+08:00 level=DEBUG msg="discovery: skipping unreachable socket" socket=/tmp/tmux-501/ta-b831b66f70cc err="query tmux on /tmp/tmux-501/ta-b831b66f70cc: exit status 1: no server running on /tmp/tmux-501/ta-b831b66f70cc"
time=2026-08-09T09:29:28.184+08:00 level=DEBUG msg="discovery: skipping unreachable socket" socket=/tmp/tmux-501/ta-b98f12cd39b4 err="query tmux on /tmp/tmux-501/ta-b98f12cd39b4: exit status 1: no server running on /tmp/tmux-501/ta-b98f12cd39b4"
time=2026-08-09T09:29:28.190+08:00 level=DEBUG msg="discovery: skipping unreachable socket" socket=/tmp/tmux-501/ta-baa84c7ccd1b err="query tmux on /tmp/tmux-501/ta-baa84c7ccd1b: exit status 1: no server running on /tmp/tmux-501/ta-baa84c7ccd1b"
time=2026-08-09T09:29:28.196+08:00 level=DEBUG msg="discovery: skipping unreachable socket" socket=/tmp/tmux-501/ta-bccf40f5c109 err="query tmux on /tmp/tmux-501/ta-bccf40f5c109: exit status 1: no server running on /tmp/tmux-501/ta-bccf40f5c109"
time=2026-08-09T09:29:28.201+08:00 level=DEBUG msg="discovery: skipping unreachable socket" socket=/tmp/tmux-501/ta-be68601ef2c2 err="query tmux on /tmp/tmux-501/ta-be68601ef2c2: exit status 1: no server running on /tmp/tmux-501/ta-be68601ef2c2"
time=2026-08-09T09:29:28.213+08:00 level=DEBUG msg="discovery: skipping unreachable socket" socket=/tmp/tmux-501/ta-c013b77ee6d0 err="query tmux on /tmp/tmux-501/ta-c013b77ee6d0: exit status 1: no server running on /tmp/tmux-501/ta-c013b77ee6d0"
time=2026-08-09T09:29:28.225+08:00 level=DEBUG msg="discovery: skipping unreachable socket" socket=/tmp/tmux-501/ta-c47e5da1bbb5 err="query tmux on /tmp/tmux-501/ta-c47e5da1bbb5: exit status 1: no server running on /tmp/tmux-501/ta-c47e5da1bbb5"
time=2026-08-09T09:29:28.231+08:00 level=DEBUG msg="discovery: skipping unreachable socket" socket=/tmp/tmux-501/ta-c4ba37813235 err="query tmux on /tmp/tmux-501/ta-c4ba37813235: exit status 1: no server running on /tmp/tmux-501/ta-c4ba37813235"
time=2026-08-09T09:29:28.237+08:00 level=DEBUG msg="discovery: skipping unreachable socket" socket=/tmp/tmux-501/ta-c8d771f5db35 err="query tmux on /tmp/tmux-501/ta-c8d771f5db35: exit status 1: no server running on /tmp/tmux-501/ta-c8d771f5db35"
time=2026-08-09T09:29:28.254+08:00 level=DEBUG msg="discovery: skipping unreachable socket" socket=/tmp/tmux-501/ta-cc16aeabca59 err="query tmux on /tmp/tmux-501/ta-cc16aeabca59: exit status 1: no server running on /tmp/tmux-501/ta-cc16aeabca59"
time=2026-08-09T09:29:28.259+08:00 level=DEBUG msg="discovery: skipping unreachable socket" socket=/tmp/tmux-501/ta-ce11924e1314 err="query tmux on /tmp/tmux-501/ta-ce11924e1314: exit status 1: no server running on /tmp/tmux-501/ta-ce11924e1314"
time=2026-08-09T09:29:28.265+08:00 level=DEBUG msg="discovery: skipping unreachable socket" socket=/tmp/tmux-501/ta-ce2610e8e580 err="query tmux on /tmp/tmux-501/ta-ce2610e8e580: exit status 1: no server running on /tmp/tmux-501/ta-ce2610e8e580"
time=2026-08-09T09:29:28.271+08:00 level=DEBUG msg="discovery: skipping unreachable socket" socket=/tmp/tmux-501/ta-d11e18966c74 err="query tmux on /tmp/tmux-501/ta-d11e18966c74: exit status 1: no server running on /tmp/tmux-501/ta-d11e18966c74"
time=2026-08-09T09:29:28.283+08:00 level=DEBUG msg="discovery: skipping unreachable socket" socket=/tmp/tmux-501/ta-d40048c2c630 err="query tmux on /tmp/tmux-501/ta-d40048c2c630: exit status 1: no server running on /tmp/tmux-501/ta-d40048c2c630"
time=2026-08-09T09:29:28.288+08:00 level=DEBUG msg="discovery: skipping unreachable socket" socket=/tmp/tmux-501/ta-d415485e29a9 err="query tmux on /tmp/tmux-501/ta-d415485e29a9: exit status 1: no server running on /tmp/tmux-501/ta-d415485e29a9"
time=2026-08-09T09:29:28.294+08:00 level=DEBUG msg="discovery: skipping unreachable socket" socket=/tmp/tmux-501/ta-d5e19fd8f2c0 err="query tmux on /tmp/tmux-501/ta-d5e19fd8f2c0: exit status 1: no server running on /tmp/tmux-501/ta-d5e19fd8f2c0"
time=2026-08-09T09:29:28.306+08:00 level=DEBUG msg="discovery: skipping unreachable socket" socket=/tmp/tmux-501/ta-d9da6ad8da3c err="query tmux on /tmp/tmux-501/ta-d9da6ad8da3c: exit status 1: no server running on /tmp/tmux-501/ta-d9da6ad8da3c"
time=2026-08-09T09:29:28.312+08:00 level=DEBUG msg="discovery: skipping unreachable socket" socket=/tmp/tmux-501/ta-da241611468d err="query tmux on /tmp/tmux-501/ta-da241611468d: exit status 1: no server running on /tmp/tmux-501/ta-da241611468d"
time=2026-08-09T09:29:28.317+08:00 level=DEBUG msg="discovery: skipping unreachable socket" socket=/tmp/tmux-501/ta-daa7d5056abd err="query tmux on /tmp/tmux-501/ta-daa7d5056abd: exit status 1: no server running on /tmp/tmux-501/ta-daa7d5056abd"
time=2026-08-09T09:29:28.341+08:00 level=DEBUG msg="discovery: skipping unreachable socket" socket=/tmp/tmux-501/ta-deea2d344db0 err="query tmux on /tmp/tmux-501/ta-deea2d344db0: exit status 1: no server running on /tmp/tmux-501/ta-deea2d344db0"
time=2026-08-09T09:29:28.347+08:00 level=DEBUG msg="discovery: skipping unreachable socket" socket=/tmp/tmux-501/ta-e0aefe0e13d3 err="query tmux on /tmp/tmux-501/ta-e0aefe0e13d3: exit status 1: no server running on /tmp/tmux-501/ta-e0aefe0e13d3"
time=2026-08-09T09:29:28.352+08:00 level=DEBUG msg="discovery: skipping unreachable socket" socket=/tmp/tmux-501/ta-e0bb903ebcb6 err="query tmux on /tmp/tmux-501/ta-e0bb903ebcb6: exit status 1: no server running on /tmp/tmux-501/ta-e0bb903ebcb6"
time=2026-08-09T09:29:28.364+08:00 level=DEBUG msg="discovery: skipping unreachable socket" socket=/tmp/tmux-501/ta-e3d25594c5b5 err="query tmux on /tmp/tmux-501/ta-e3d25594c5b5: exit status 1: no server running on /tmp/tmux-501/ta-e3d25594c5b5"
time=2026-08-09T09:29:28.369+08:00 level=DEBUG msg="discovery: skipping unreachable socket" socket=/tmp/tmux-501/ta-e6bb8500fc38 err="query tmux on /tmp/tmux-501/ta-e6bb8500fc38: exit status 1: no server running on /tmp/tmux-501/ta-e6bb8500fc38"
time=2026-08-09T09:29:28.375+08:00 level=DEBUG msg="discovery: skipping unreachable socket" socket=/tmp/tmux-501/ta-e6c2187f7096 err="query tmux on /tmp/tmux-501/ta-e6c2187f7096: exit status 1: no server running on /tmp/tmux-501/ta-e6c2187f7096"
time=2026-08-09T09:29:28.387+08:00 level=DEBUG msg="discovery: skipping unreachable socket" socket=/tmp/tmux-501/ta-e9a0c9c79a07 err="query tmux on /tmp/tmux-501/ta-e9a0c9c79a07: exit status 1: no server running on /tmp/tmux-501/ta-e9a0c9c79a07"
time=2026-08-09T09:29:28.398+08:00 level=DEBUG msg="discovery: skipping unreachable socket" socket=/tmp/tmux-501/ta-f11d5c565fda err="query tmux on /tmp/tmux-501/ta-f11d5c565fda: exit status 1: no server running on /tmp/tmux-501/ta-f11d5c565fda"
time=2026-08-09T09:29:28.403+08:00 level=DEBUG msg="discovery: skipping unreachable socket" socket=/tmp/tmux-501/ta-f2f2b8ceb968 err="query tmux on /tmp/tmux-501/ta-f2f2b8ceb968: exit status 1: no server running on /tmp/tmux-501/ta-f2f2b8ceb968"
time=2026-08-09T09:29:28.408+08:00 level=DEBUG msg="discovery: skipping unreachable socket" socket=/tmp/tmux-501/ta-f361188b7539 err="query tmux on /tmp/tmux-501/ta-f361188b7539: exit status 1: no server running on /tmp/tmux-501/ta-f361188b7539"
time=2026-08-09T09:29:28.419+08:00 level=DEBUG msg="discovery: skipping unreachable socket" socket=/tmp/tmux-501/ta-f680dc117b11 err="query tmux on /tmp/tmux-501/ta-f680dc117b11: exit status 1: no server running on /tmp/tmux-501/ta-f680dc117b11"
time=2026-08-09T09:29:28.425+08:00 level=DEBUG msg="discovery: skipping unreachable socket" socket=/tmp/tmux-501/ta-f719270c4c59 err="query tmux on /tmp/tmux-501/ta-f719270c4c59: exit status 1: no server running on /tmp/tmux-501/ta-f719270c4c59"
time=2026-08-09T09:29:28.431+08:00 level=DEBUG msg="discovery: skipping unreachable socket" socket=/tmp/tmux-501/ta-f82b970e1873 err="query tmux on /tmp/tmux-501/ta-f82b970e1873: exit status 1: no server running on /tmp/tmux-501/ta-f82b970e1873"
time=2026-08-09T09:29:28.436+08:00 level=DEBUG msg="discovery: skipping unreachable socket" socket=/tmp/tmux-501/ta-fcd628a94743 err="query tmux on /tmp/tmux-501/ta-fcd628a94743: exit status 1: no server running on /tmp/tmux-501/ta-fcd628a94743"
time=2026-08-09T09:29:28.442+08:00 level=DEBUG msg="discovery: skipping unreachable socket" socket=/tmp/tmux-501/ta-fd52a396a29f err="query tmux on /tmp/tmux-501/ta-fd52a396a29f: exit status 1: no server running on /tmp/tmux-501/ta-fd52a396a29f"
time=2026-08-09T09:29:28.448+08:00 level=DEBUG msg="discovery: skipping unreachable socket" socket=/tmp/tmux-501/ta-fdb0b3d91a30 err="query tmux on /tmp/tmux-501/ta-fdb0b3d91a30: exit status 1: no server running on /tmp/tmux-501/ta-fdb0b3d91a30"
time=2026-08-09T09:29:28.459+08:00 level=DEBUG msg="discovery: skipping unreachable socket" socket=/tmp/tmux-501/ta-ffd3b292ce18 err="query tmux on /tmp/tmux-501/ta-ffd3b292ce18: exit status 1: no server running on /tmp/tmux-501/ta-ffd3b292ce18"
time=2026-08-09T09:29:28.460+08:00 level=DEBUG msg="listing: no changes"
time=2026-08-09T09:29:28.477+08:00 level=DEBUG msg="discovery: skipping unreachable socket" socket=/tmp/tmux-501/ta-01126683e597 err="query tmux on /tmp/tmux-501/ta-01126683e597: exit status 1: no server running on /tmp/tmux-501/ta-01126683e597"
time=2026-08-09T09:29:28.483+08:00 level=DEBUG msg="discovery: skipping unreachable socket" socket=/tmp/tmux-501/ta-013ab1835f3d err="query tmux on /tmp/tmux-501/ta-013ab1835f3d: exit status 1: no server running on /tmp/tmux-501/ta-013ab1835f3d"
time=2026-08-09T09:29:28.489+08:00 level=DEBUG msg="discovery: skipping unreachable socket" socket=/tmp/tmux-501/ta-01ae7229ab34 err="query tmux on /tmp/tmux-501/ta-01ae7229ab34: exit status 1: no server running on /tmp/tmux-501/ta-01ae7229ab34"
time=2026-08-09T09:29:28.506+08:00 level=DEBUG msg="discovery: skipping unreachable socket" socket=/tmp/tmux-501/ta-068e05dab0f2 err="query tmux on /tmp/tmux-501/ta-068e05dab0f2: exit status 1: no server running on /tmp/tmux-501/ta-068e05dab0f2"
time=2026-08-09T09:29:28.511+08:00 level=DEBUG msg="discovery: skipping unreachable socket" socket=/tmp/tmux-501/ta-06c9f392130f err="query tmux on /tmp/tmux-501/ta-06c9f392130f: exit status 1: no server running on /tmp/tmux-501/ta-06c9f392130f"
time=2026-08-09T09:29:28.517+08:00 level=DEBUG msg="discovery: skipping unreachable socket" socket=/tmp/tmux-501/ta-06d4a2ee7518 err="query tmux on /tmp/tmux-501/ta-06d4a2ee7518: exit status 1: no server running on /tmp/tmux-501/ta-06d4a2ee7518"
time=2026-08-09T09:29:28.534+08:00 level=DEBUG msg="discovery: skipping unreachable socket" socket=/tmp/tmux-501/ta-0a72db2d2f8d err="query tmux on /tmp/tmux-501/ta-0a72db2d2f8d: exit status 1: no server running on /tmp/tmux-501/ta-0a72db2d2f8d"
time=2026-08-09T09:29:28.540+08:00 level=DEBUG msg="discovery: skipping unreachable socket" socket=/tmp/tmux-501/ta-0c2f41c7040c err="query tmux on /tmp/tmux-501/ta-0c2f41c7040c: exit status 1: no server running on /tmp/tmux-501/ta-0c2f41c7040c"
time=2026-08-09T09:29:28.545+08:00 level=DEBUG msg="discovery: skipping unreachable socket" socket=/tmp/tmux-501/ta-0d8be8a7829a err="query tmux on /tmp/tmux-501/ta-0d8be8a7829a: exit status 1: no server running on /tmp/tmux-501/ta-0d8be8a7829a"
time=2026-08-09T09:29:28.550+08:00 level=DEBUG msg="discovery: skipping unreachable socket" socket=/tmp/tmux-501/ta-12998fa42bdd err="query tmux on /tmp/tmux-501/ta-12998fa42bdd: exit status 1: no server running on /tmp/tmux-501/ta-12998fa42bdd"
time=2026-08-09T09:29:28.567+08:00 level=DEBUG msg="discovery: skipping unreachable socket" socket=/tmp/tmux-501/ta-179131c0076a err="query tmux on /tmp/tmux-501/ta-179131c0076a: exit status 1: no server running on /tmp/tmux-501/ta-179131c0076a"
time=2026-08-09T09:29:28.579+08:00 level=DEBUG msg="discovery: skipping unreachable socket" socket=/tmp/tmux-501/ta-1949e6b86881 err="query tmux on /tmp/tmux-501/ta-1949e6b86881: exit status 1: no server running on /tmp/tmux-501/ta-1949e6b86881"
time=2026-08-09T09:29:28.590+08:00 level=DEBUG msg="discovery: skipping unreachable socket" socket=/tmp/tmux-501/ta-207c04ef53a0 err="query tmux on /tmp/tmux-501/ta-207c04ef53a0: exit status 1: no server running on /tmp/tmux-501/ta-207c04ef53a0"
time=2026-08-09T09:29:28.596+08:00 level=DEBUG msg="discovery: skipping unreachable socket" socket=/tmp/tmux-501/ta-216636364606 err="query tmux on /tmp/tmux-501/ta-216636364606: exit status 1: no server running on /tmp/tmux-501/ta-216636364606"
time=2026-08-09T09:29:28.602+08:00 level=DEBUG msg="discovery: skipping unreachable socket" socket=/tmp/tmux-501/ta-21e91d9e0de3 err="query tmux on /tmp/tmux-501/ta-21e91d9e0de3: exit status 1: no server running on /tmp/tmux-501/ta-21e91d9e0de3"
time=2026-08-09T09:29:28.626+08:00 level=DEBUG msg="discovery: skipping unreachable socket" socket=/tmp/tmux-501/ta-24fce2185904 err="query tmux on /tmp/tmux-501/ta-24fce2185904: exit status 1: no server running on /tmp/tmux-501/ta-24fce2185904"
time=2026-08-09T09:29:28.631+08:00 level=DEBUG msg="discovery: skipping unreachable socket" socket=/tmp/tmux-501/ta-26f28692c57a err="query tmux on /tmp/tmux-501/ta-26f28692c57a: exit status 1: no server running on /tmp/tmux-501/ta-26f28692c57a"
time=2026-08-09T09:29:28.637+08:00 level=DEBUG msg="discovery: skipping unreachable socket" socket=/tmp/tmux-501/ta-282fba4016e1 err="query tmux on /tmp/tmux-501/ta-282fba4016e1: exit status 1: no server running on /tmp/tmux-501/ta-282fba4016e1"
time=2026-08-09T09:29:28.643+08:00 level=DEBUG msg="discovery: skipping unreachable socket" socket=/tmp/tmux-501/ta-286f7286ce54 err="query tmux on /tmp/tmux-501/ta-286f7286ce54: exit status 1: no server running on /tmp/tmux-501/ta-286f7286ce54"
time=2026-08-09T09:29:28.655+08:00 level=DEBUG msg="discovery: skipping unreachable socket" socket=/tmp/tmux-501/ta-288094083c2c err="query tmux on /tmp/tmux-501/ta-288094083c2c: exit status 1: no server running on /tmp/tmux-501/ta-288094083c2c"
time=2026-08-09T09:29:28.666+08:00 level=DEBUG msg="discovery: skipping unreachable socket" socket=/tmp/tmux-501/ta-2aae31361fa1 err="query tmux on /tmp/tmux-501/ta-2aae31361fa1: exit status 1: no server running on /tmp/tmux-501/ta-2aae31361fa1"
time=2026-08-09T09:29:28.671+08:00 level=DEBUG msg="discovery: skipping unreachable socket" socket=/tmp/tmux-501/ta-2ae1025c10d1 err="query tmux on /tmp/tmux-501/ta-2ae1025c10d1: exit status 1: no server running on /tmp/tmux-501/ta-2ae1025c10d1"
time=2026-08-09T09:29:28.677+08:00 level=DEBUG msg="discovery: skipping unreachable socket" socket=/tmp/tmux-501/ta-2cb694214071 err="query tmux on /tmp/tmux-501/ta-2cb694214071: exit status 1: no server running on /tmp/tmux-501/ta-2cb694214071"
time=2026-08-09T09:29:28.694+08:00 level=DEBUG msg="discovery: skipping unreachable socket" socket=/tmp/tmux-501/ta-3274a318dbc9 err="query tmux on /tmp/tmux-501/ta-3274a318dbc9: exit status 1: no server running on /tmp/tmux-501/ta-3274a318dbc9"
time=2026-08-09T09:29:28.705+08:00 level=DEBUG msg="discovery: skipping unreachable socket" socket=/tmp/tmux-501/ta-35ed7d2f51d9 err="query tmux on /tmp/tmux-501/ta-35ed7d2f51d9: exit status 1: no server running on /tmp/tmux-501/ta-35ed7d2f51d9"
time=2026-08-09T09:29:28.711+08:00 level=DEBUG msg="discovery: skipping unreachable socket" socket=/tmp/tmux-501/ta-362b16c58513 err="query tmux on /tmp/tmux-501/ta-362b16c58513: exit status 1: no server running on /tmp/tmux-501/ta-362b16c58513"
time=2026-08-09T09:29:28.717+08:00 level=DEBUG msg="discovery: skipping unreachable socket" socket=/tmp/tmux-501/ta-3833181162ac err="query tmux on /tmp/tmux-501/ta-3833181162ac: exit status 1: no server running on /tmp/tmux-501/ta-3833181162ac"
time=2026-08-09T09:29:28.723+08:00 level=DEBUG msg="discovery: skipping unreachable socket" socket=/tmp/tmux-501/ta-3ce72bbed4f2 err="query tmux on /tmp/tmux-501/ta-3ce72bbed4f2: exit status 1: no server running on /tmp/tmux-501/ta-3ce72bbed4f2"
time=2026-08-09T09:29:28.734+08:00 level=DEBUG msg="discovery: skipping unreachable socket" socket=/tmp/tmux-501/ta-3e93f5065209 err="query tmux on /tmp/tmux-501/ta-3e93f5065209: exit status 1: no server running on /tmp/tmux-501/ta-3e93f5065209"
time=2026-08-09T09:29:28.740+08:00 level=DEBUG msg="discovery: skipping unreachable socket" socket=/tmp/tmux-501/ta-4028cb65384b err="query tmux on /tmp/tmux-501/ta-4028cb65384b: exit status 1: no server running on /tmp/tmux-501/ta-4028cb65384b"
time=2026-08-09T09:29:28.745+08:00 level=DEBUG msg="discovery: skipping unreachable socket" socket=/tmp/tmux-501/ta-406246e480e7 err="query tmux on /tmp/tmux-501/ta-406246e480e7: exit status 1: no server running on /tmp/tmux-501/ta-406246e480e7"
time=2026-08-09T09:29:28.757+08:00 level=DEBUG msg="discovery: skipping unreachable socket" socket=/tmp/tmux-501/ta-438cff265841 err="query tmux on /tmp/tmux-501/ta-438cff265841: exit status 1: no server running on /tmp/tmux-501/ta-438cff265841"
time=2026-08-09T09:29:28.762+08:00 level=DEBUG msg="discovery: skipping unreachable socket" socket=/tmp/tmux-501/ta-43ce27abee3c err="query tmux on /tmp/tmux-501/ta-43ce27abee3c: exit status 1: no server running on /tmp/tmux-501/ta-43ce27abee3c"
time=2026-08-09T09:29:28.775+08:00 level=DEBUG msg="discovery: skipping unreachable socket" socket=/tmp/tmux-501/ta-44e75c59a69f err="query tmux on /tmp/tmux-501/ta-44e75c59a69f: exit status 1: no server running on /tmp/tmux-501/ta-44e75c59a69f"
time=2026-08-09T09:29:28.780+08:00 level=DEBUG msg="discovery: skipping unreachable socket" socket=/tmp/tmux-501/ta-46e0835ad8e4 err="query tmux on /tmp/tmux-501/ta-46e0835ad8e4: exit status 1: no server running on /tmp/tmux-501/ta-46e0835ad8e4"
time=2026-08-09T09:29:28.786+08:00 level=DEBUG msg="discovery: skipping unreachable socket" socket=/tmp/tmux-501/ta-4702165bbeaf err="query tmux on /tmp/tmux-501/ta-4702165bbeaf: exit status 1: no server running on /tmp/tmux-501/ta-4702165bbeaf"
time=2026-08-09T09:29:28.798+08:00 level=DEBUG msg="discovery: skipping unreachable socket" socket=/tmp/tmux-501/ta-4a7c411cbbe6 err="query tmux on /tmp/tmux-501/ta-4a7c411cbbe6: exit status 1: no server running on /tmp/tmux-501/ta-4a7c411cbbe6"
time=2026-08-09T09:29:28.803+08:00 level=DEBUG msg="discovery: skipping unreachable socket" socket=/tmp/tmux-501/ta-4a8e9f0c15b4 err="query tmux on /tmp/tmux-501/ta-4a8e9f0c15b4: exit status 1: no server running on /tmp/tmux-501/ta-4a8e9f0c15b4"
time=2026-08-09T09:29:28.810+08:00 level=DEBUG msg="discovery: skipping unreachable socket" socket=/tmp/tmux-501/ta-4dfb8cf29b53 err="query tmux on /tmp/tmux-501/ta-4dfb8cf29b53: exit status 1: no server running on /tmp/tmux-501/ta-4dfb8cf29b53"
time=2026-08-09T09:29:28.816+08:00 level=DEBUG msg="discovery: skipping unreachable socket" socket=/tmp/tmux-501/ta-4f3924cc4519 err="query tmux on /tmp/tmux-501/ta-4f3924cc4519: exit status 1: no server running on /tmp/tmux-501/ta-4f3924cc4519"
time=2026-08-09T09:29:28.822+08:00 level=DEBUG msg="discovery: skipping unreachable socket" socket=/tmp/tmux-501/ta-52394122babb err="query tmux on /tmp/tmux-501/ta-52394122babb: exit status 1: no server running on /tmp/tmux-501/ta-52394122babb"
time=2026-08-09T09:29:28.840+08:00 level=DEBUG msg="discovery: skipping unreachable socket" socket=/tmp/tmux-501/ta-577561874d9b err="query tmux on /tmp/tmux-501/ta-577561874d9b: exit status 1: no server running on /tmp/tmux-501/ta-577561874d9b"
time=2026-08-09T09:29:28.858+08:00 level=DEBUG msg="discovery: skipping unreachable socket" socket=/tmp/tmux-501/ta-5ba7740fadec err="query tmux on /tmp/tmux-501/ta-5ba7740fadec: exit status 1: no server running on /tmp/tmux-501/ta-5ba7740fadec"
time=2026-08-09T09:29:28.863+08:00 level=DEBUG msg="discovery: skipping unreachable socket" socket=/tmp/tmux-501/ta-5bac69dbfe99 err="query tmux on /tmp/tmux-501/ta-5bac69dbfe99: exit status 1: no server running on /tmp/tmux-501/ta-5bac69dbfe99"
time=2026-08-09T09:29:28.875+08:00 level=DEBUG msg="discovery: skipping unreachable socket" socket=/tmp/tmux-501/ta-5d6d082f74c6 err="query tmux on /tmp/tmux-501/ta-5d6d082f74c6: exit status 1: no server running on /tmp/tmux-501/ta-5d6d082f74c6"
time=2026-08-09T09:29:28.882+08:00 level=DEBUG msg="discovery: skipping unreachable socket" socket=/tmp/tmux-501/ta-5f045cf48619 err="query tmux on /tmp/tmux-501/ta-5f045cf48619: exit status 1: no server running on /tmp/tmux-501/ta-5f045cf48619"
time=2026-08-09T09:29:28.893+08:00 level=DEBUG msg="discovery: skipping unreachable socket" socket=/tmp/tmux-501/ta-63bd43dc1eb7 err="query tmux on /tmp/tmux-501/ta-63bd43dc1eb7: exit status 1: no server running on /tmp/tmux-501/ta-63bd43dc1eb7"
time=2026-08-09T09:29:28.899+08:00 level=DEBUG msg="discovery: skipping unreachable socket" socket=/tmp/tmux-501/ta-648f0b64fb93 err="query tmux on /tmp/tmux-501/ta-648f0b64fb93: exit status 1: no server running on /tmp/tmux-501/ta-648f0b64fb93"
time=2026-08-09T09:29:28.910+08:00 level=DEBUG msg="discovery: skipping unreachable socket" socket=/tmp/tmux-501/ta-69187e22e8b0 err="query tmux on /tmp/tmux-501/ta-69187e22e8b0: exit status 1: no server running on /tmp/tmux-501/ta-69187e22e8b0"
time=2026-08-09T09:29:28.916+08:00 level=DEBUG msg="discovery: skipping unreachable socket" socket=/tmp/tmux-501/ta-69a1521c06b9 err="query tmux on /tmp/tmux-501/ta-69a1521c06b9: exit status 1: no server running on /tmp/tmux-501/ta-69a1521c06b9"
time=2026-08-09T09:29:28.922+08:00 level=DEBUG msg="discovery: skipping unreachable socket" socket=/tmp/tmux-501/ta-6b26f32298f1 err="query tmux on /tmp/tmux-501/ta-6b26f32298f1: exit status 1: no server running on /tmp/tmux-501/ta-6b26f32298f1"
time=2026-08-09T09:29:28.927+08:00 level=DEBUG msg="discovery: skipping unreachable socket" socket=/tmp/tmux-501/ta-6c005e9a3f39 err="query tmux on /tmp/tmux-501/ta-6c005e9a3f39: exit status 1: no server running on /tmp/tmux-501/ta-6c005e9a3f39"
time=2026-08-09T09:29:28.947+08:00 level=DEBUG msg="discovery: skipping unreachable socket" socket=/tmp/tmux-501/ta-7a8416afe095 err="query tmux on /tmp/tmux-501/ta-7a8416afe095: exit status 1: no server running on /tmp/tmux-501/ta-7a8416afe095"
time=2026-08-09T09:29:28.959+08:00 level=DEBUG msg="discovery: skipping unreachable socket" socket=/tmp/tmux-501/ta-7b8b9455aae8 err="query tmux on /tmp/tmux-501/ta-7b8b9455aae8: exit status 1: no server running on /tmp/tmux-501/ta-7b8b9455aae8"
time=2026-08-09T09:29:28.964+08:00 level=DEBUG msg="discovery: skipping unreachable socket" socket=/tmp/tmux-501/ta-7c8b9455ac9b err="query tmux on /tmp/tmux-501/ta-7c8b9455ac9b: exit status 1: no server running on /tmp/tmux-501/ta-7c8b9455ac9b"
time=2026-08-09T09:29:28.971+08:00 level=DEBUG msg="discovery: skipping unreachable socket" socket=/tmp/tmux-501/ta-7d95a33c35bb err="query tmux on /tmp/tmux-501/ta-7d95a33c35bb: exit status 1: no server running on /tmp/tmux-501/ta-7d95a33c35bb"
time=2026-08-09T09:29:28.977+08:00 level=DEBUG msg="discovery: skipping unreachable socket" socket=/tmp/tmux-501/ta-7e656aa70eac err="query tmux on /tmp/tmux-501/ta-7e656aa70eac: exit status 1: no server running on /tmp/tmux-501/ta-7e656aa70eac"
time=2026-08-09T09:29:28.982+08:00 level=DEBUG msg="discovery: skipping unreachable socket" socket=/tmp/tmux-501/ta-7e7d8c51114d err="query tmux on /tmp/tmux-501/ta-7e7d8c51114d: exit status 1: no server running on /tmp/tmux-501/ta-7e7d8c51114d"
time=2026-08-09T09:29:28.988+08:00 level=DEBUG msg="discovery: skipping unreachable socket" socket=/tmp/tmux-501/ta-8048ed81b9df err="query tmux on /tmp/tmux-501/ta-8048ed81b9df: exit status 1: no server running on /tmp/tmux-501/ta-8048ed81b9df"
time=2026-08-09T09:29:29.007+08:00 level=DEBUG msg="discovery: skipping unreachable socket" socket=/tmp/tmux-501/ta-833b364038e0 err="query tmux on /tmp/tmux-501/ta-833b364038e0: exit status 1: no server running on /tmp/tmux-501/ta-833b364038e0"
time=2026-08-09T09:29:29.013+08:00 level=DEBUG msg="discovery: skipping unreachable socket" socket=/tmp/tmux-501/ta-83e508ee7924 err="query tmux on /tmp/tmux-501/ta-83e508ee7924: exit status 1: no server running on /tmp/tmux-501/ta-83e508ee7924"
time=2026-08-09T09:29:29.026+08:00 level=DEBUG msg="discovery: skipping unreachable socket" socket=/tmp/tmux-501/ta-86cf9fb8afc6 err="query tmux on /tmp/tmux-501/ta-86cf9fb8afc6: exit status 1: no server running on /tmp/tmux-501/ta-86cf9fb8afc6"
time=2026-08-09T09:29:29.037+08:00 level=DEBUG msg="discovery: skipping unreachable socket" socket=/tmp/tmux-501/ta-8b8a20c82890 err="query tmux on /tmp/tmux-501/ta-8b8a20c82890: exit status 1: no server running on /tmp/tmux-501/ta-8b8a20c82890"
time=2026-08-09T09:29:29.043+08:00 level=DEBUG msg="discovery: skipping unreachable socket" socket=/tmp/tmux-501/ta-8bcd86c68271 err="query tmux on /tmp/tmux-501/ta-8bcd86c68271: exit status 1: no server running on /tmp/tmux-501/ta-8bcd86c68271"
time=2026-08-09T09:29:29.049+08:00 level=DEBUG msg="discovery: skipping unreachable socket" socket=/tmp/tmux-501/ta-8cedaec15c6c err="query tmux on /tmp/tmux-501/ta-8cedaec15c6c: exit status 1: no server running on /tmp/tmux-501/ta-8cedaec15c6c"
time=2026-08-09T09:29:29.055+08:00 level=DEBUG msg="discovery: skipping unreachable socket" socket=/tmp/tmux-501/ta-8e1d263384bf err="query tmux on /tmp/tmux-501/ta-8e1d263384bf: exit status 1: no server running on /tmp/tmux-501/ta-8e1d263384bf"
time=2026-08-09T09:29:29.061+08:00 level=DEBUG msg="discovery: skipping unreachable socket" socket=/tmp/tmux-501/ta-8f900bc847e5 err="query tmux on /tmp/tmux-501/ta-8f900bc847e5: exit status 1: no server running on /tmp/tmux-501/ta-8f900bc847e5"
time=2026-08-09T09:29:29.073+08:00 level=DEBUG msg="discovery: skipping unreachable socket" socket=/tmp/tmux-501/ta-9354fec1f143 err="query tmux on /tmp/tmux-501/ta-9354fec1f143: exit status 1: no server running on /tmp/tmux-501/ta-9354fec1f143"
time=2026-08-09T09:29:29.079+08:00 level=DEBUG msg="discovery: skipping unreachable socket" socket=/tmp/tmux-501/ta-945d4f57597e err="query tmux on /tmp/tmux-501/ta-945d4f57597e: exit status 1: no server running on /tmp/tmux-501/ta-945d4f57597e"
time=2026-08-09T09:29:29.091+08:00 level=DEBUG msg="discovery: skipping unreachable socket" socket=/tmp/tmux-501/ta-958bed53a01a err="query tmux on /tmp/tmux-501/ta-958bed53a01a: exit status 1: no server running on /tmp/tmux-501/ta-958bed53a01a"
time=2026-08-09T09:29:29.097+08:00 level=DEBUG msg="discovery: skipping unreachable socket" socket=/tmp/tmux-501/ta-960f84496264 err="query tmux on /tmp/tmux-501/ta-960f84496264: exit status 1: no server running on /tmp/tmux-501/ta-960f84496264"
time=2026-08-09T09:29:29.103+08:00 level=DEBUG msg="discovery: skipping unreachable socket" socket=/tmp/tmux-501/ta-97059410728a err="query tmux on /tmp/tmux-501/ta-97059410728a: exit status 1: no server running on /tmp/tmux-501/ta-97059410728a"
time=2026-08-09T09:29:29.109+08:00 level=DEBUG msg="discovery: skipping unreachable socket" socket=/tmp/tmux-501/ta-973a87a2cc74 err="query tmux on /tmp/tmux-501/ta-973a87a2cc74: exit status 1: no server running on /tmp/tmux-501/ta-973a87a2cc74"
time=2026-08-09T09:29:29.115+08:00 level=DEBUG msg="discovery: skipping unreachable socket" socket=/tmp/tmux-501/ta-9757a154bb9c err="query tmux on /tmp/tmux-501/ta-9757a154bb9c: exit status 1: no server running on /tmp/tmux-501/ta-9757a154bb9c"
time=2026-08-09T09:29:29.121+08:00 level=DEBUG msg="discovery: skipping unreachable socket" socket=/tmp/tmux-501/ta-979d8e92c318 err="query tmux on /tmp/tmux-501/ta-979d8e92c318: exit status 1: no server running on /tmp/tmux-501/ta-979d8e92c318"
time=2026-08-09T09:29:29.132+08:00 level=DEBUG msg="discovery: skipping unreachable socket" socket=/tmp/tmux-501/ta-9f9660deef84 err="query tmux on /tmp/tmux-501/ta-9f9660deef84: exit status 1: no server running on /tmp/tmux-501/ta-9f9660deef84"
time=2026-08-09T09:29:29.148+08:00 level=DEBUG msg="discovery: skipping unreachable socket" socket=/tmp/tmux-501/ta-a3613f1b7212 err="query tmux on /tmp/tmux-501/ta-a3613f1b7212: exit status 1: no server running on /tmp/tmux-501/ta-a3613f1b7212"
time=2026-08-09T09:29:29.154+08:00 level=DEBUG msg="discovery: skipping unreachable socket" socket=/tmp/tmux-501/ta-a468707981a6 err="query tmux on /tmp/tmux-501/ta-a468707981a6: exit status 1: no server running on /tmp/tmux-501/ta-a468707981a6"
time=2026-08-09T09:29:29.160+08:00 level=DEBUG msg="discovery: skipping unreachable socket" socket=/tmp/tmux-501/ta-a7343098f3d8 err="query tmux on /tmp/tmux-501/ta-a7343098f3d8: exit status 1: no server running on /tmp/tmux-501/ta-a7343098f3d8"
time=2026-08-09T09:29:29.165+08:00 level=DEBUG msg="discovery: skipping unreachable socket" socket=/tmp/tmux-501/ta-a9c99df321ff err="query tmux on /tmp/tmux-501/ta-a9c99df321ff: exit status 1: no server running on /tmp/tmux-501/ta-a9c99df321ff"
time=2026-08-09T09:29:29.178+08:00 level=DEBUG msg="discovery: skipping unreachable socket" socket=/tmp/tmux-501/ta-aaf9a48911e5 err="query tmux on /tmp/tmux-501/ta-aaf9a48911e5: exit status 1: no server running on /tmp/tmux-501/ta-aaf9a48911e5"
time=2026-08-09T09:29:29.184+08:00 level=DEBUG msg="discovery: skipping unreachable socket" socket=/tmp/tmux-501/ta-abb7129edd07 err="query tmux on /tmp/tmux-501/ta-abb7129edd07: exit status 1: no server running on /tmp/tmux-501/ta-abb7129edd07"
time=2026-08-09T09:29:29.195+08:00 level=DEBUG msg="discovery: skipping unreachable socket" socket=/tmp/tmux-501/ta-ad3662bf2e59 err="query tmux on /tmp/tmux-501/ta-ad3662bf2e59: exit status 1: no server running on /tmp/tmux-501/ta-ad3662bf2e59"
time=2026-08-09T09:29:29.207+08:00 level=DEBUG msg="discovery: skipping unreachable socket" socket=/tmp/tmux-501/ta-b2f7818b50cf err="query tmux on /tmp/tmux-501/ta-b2f7818b50cf: exit status 1: no server running on /tmp/tmux-501/ta-b2f7818b50cf"
time=2026-08-09T09:29:29.219+08:00 level=DEBUG msg="discovery: skipping unreachable socket" socket=/tmp/tmux-501/ta-b387d5c883b9 err="query tmux on /tmp/tmux-501/ta-b387d5c883b9: exit status 1: no server running on /tmp/tmux-501/ta-b387d5c883b9"
time=2026-08-09T09:29:29.225+08:00 level=DEBUG msg="discovery: skipping unreachable socket" socket=/tmp/tmux-501/ta-b3d4bd767a05 err="query tmux on /tmp/tmux-501/ta-b3d4bd767a05: exit status 1: no server running on /tmp/tmux-501/ta-b3d4bd767a05"
time=2026-08-09T09:29:29.231+08:00 level=DEBUG msg="discovery: skipping unreachable socket" socket=/tmp/tmux-501/ta-b4b521c41e9a err="query tmux on /tmp/tmux-501/ta-b4b521c41e9a: exit status 1: no server running on /tmp/tmux-501/ta-b4b521c41e9a"
time=2026-08-09T09:29:29.243+08:00 level=DEBUG msg="discovery: skipping unreachable socket" socket=/tmp/tmux-501/ta-b831b66f70cc err="query tmux on /tmp/tmux-501/ta-b831b66f70cc: exit status 1: no server running on /tmp/tmux-501/ta-b831b66f70cc"
time=2026-08-09T09:29:29.248+08:00 level=DEBUG msg="discovery: skipping unreachable socket" socket=/tmp/tmux-501/ta-b98f12cd39b4 err="query tmux on /tmp/tmux-501/ta-b98f12cd39b4: exit status 1: no server running on /tmp/tmux-501/ta-b98f12cd39b4"
time=2026-08-09T09:29:29.254+08:00 level=DEBUG msg="discovery: skipping unreachable socket" socket=/tmp/tmux-501/ta-baa84c7ccd1b err="query tmux on /tmp/tmux-501/ta-baa84c7ccd1b: exit status 1: no server running on /tmp/tmux-501/ta-baa84c7ccd1b"
time=2026-08-09T09:29:29.260+08:00 level=DEBUG msg="discovery: skipping unreachable socket" socket=/tmp/tmux-501/ta-bccf40f5c109 err="query tmux on /tmp/tmux-501/ta-bccf40f5c109: exit status 1: no server running on /tmp/tmux-501/ta-bccf40f5c109"
time=2026-08-09T09:29:29.266+08:00 level=DEBUG msg="discovery: skipping unreachable socket" socket=/tmp/tmux-501/ta-be68601ef2c2 err="query tmux on /tmp/tmux-501/ta-be68601ef2c2: exit status 1: no server running on /tmp/tmux-501/ta-be68601ef2c2"
time=2026-08-09T09:29:29.277+08:00 level=DEBUG msg="discovery: skipping unreachable socket" socket=/tmp/tmux-501/ta-c013b77ee6d0 err="query tmux on /tmp/tmux-501/ta-c013b77ee6d0: exit status 1: no server running on /tmp/tmux-501/ta-c013b77ee6d0"
time=2026-08-09T09:29:29.289+08:00 level=DEBUG msg="discovery: skipping unreachable socket" socket=/tmp/tmux-501/ta-c47e5da1bbb5 err="query tmux on /tmp/tmux-501/ta-c47e5da1bbb5: exit status 1: no server running on /tmp/tmux-501/ta-c47e5da1bbb5"
time=2026-08-09T09:29:29.295+08:00 level=DEBUG msg="discovery: skipping unreachable socket" socket=/tmp/tmux-501/ta-c4ba37813235 err="query tmux on /tmp/tmux-501/ta-c4ba37813235: exit status 1: no server running on /tmp/tmux-501/ta-c4ba37813235"
time=2026-08-09T09:29:29.301+08:00 level=DEBUG msg="discovery: skipping unreachable socket" socket=/tmp/tmux-501/ta-c8d771f5db35 err="query tmux on /tmp/tmux-501/ta-c8d771f5db35: exit status 1: no server running on /tmp/tmux-501/ta-c8d771f5db35"
time=2026-08-09T09:29:29.319+08:00 level=DEBUG msg="discovery: skipping unreachable socket" socket=/tmp/tmux-501/ta-cc16aeabca59 err="query tmux on /tmp/tmux-501/ta-cc16aeabca59: exit status 1: no server running on /tmp/tmux-501/ta-cc16aeabca59"
time=2026-08-09T09:29:29.325+08:00 level=DEBUG msg="discovery: skipping unreachable socket" socket=/tmp/tmux-501/ta-ce11924e1314 err="query tmux on /tmp/tmux-501/ta-ce11924e1314: exit status 1: no server running on /tmp/tmux-501/ta-ce11924e1314"
time=2026-08-09T09:29:29.331+08:00 level=DEBUG msg="discovery: skipping unreachable socket" socket=/tmp/tmux-501/ta-ce2610e8e580 err="query tmux on /tmp/tmux-501/ta-ce2610e8e580: exit status 1: no server running on /tmp/tmux-501/ta-ce2610e8e580"
time=2026-08-09T09:29:29.337+08:00 level=DEBUG msg="discovery: skipping unreachable socket" socket=/tmp/tmux-501/ta-d11e18966c74 err="query tmux on /tmp/tmux-501/ta-d11e18966c74: exit status 1: no server running on /tmp/tmux-501/ta-d11e18966c74"
time=2026-08-09T09:29:29.349+08:00 level=DEBUG msg="discovery: skipping unreachable socket" socket=/tmp/tmux-501/ta-d40048c2c630 err="query tmux on /tmp/tmux-501/ta-d40048c2c630: exit status 1: no server running on /tmp/tmux-501/ta-d40048c2c630"
time=2026-08-09T09:29:29.355+08:00 level=DEBUG msg="discovery: skipping unreachable socket" socket=/tmp/tmux-501/ta-d415485e29a9 err="query tmux on /tmp/tmux-501/ta-d415485e29a9: exit status 1: no server running on /tmp/tmux-501/ta-d415485e29a9"
time=2026-08-09T09:29:29.361+08:00 level=DEBUG msg="discovery: skipping unreachable socket" socket=/tmp/tmux-501/ta-d5e19fd8f2c0 err="query tmux on /tmp/tmux-501/ta-d5e19fd8f2c0: exit status 1: no server running on /tmp/tmux-501/ta-d5e19fd8f2c0"
time=2026-08-09T09:29:29.374+08:00 level=DEBUG msg="discovery: skipping unreachable socket" socket=/tmp/tmux-501/ta-d9da6ad8da3c err="query tmux on /tmp/tmux-501/ta-d9da6ad8da3c: exit status 1: no server running on /tmp/tmux-501/ta-d9da6ad8da3c"
time=2026-08-09T09:29:29.380+08:00 level=DEBUG msg="discovery: skipping unreachable socket" socket=/tmp/tmux-501/ta-da241611468d err="query tmux on /tmp/tmux-501/ta-da241611468d: exit status 1: no server running on /tmp/tmux-501/ta-da241611468d"
time=2026-08-09T09:29:29.386+08:00 level=DEBUG msg="discovery: skipping unreachable socket" socket=/tmp/tmux-501/ta-daa7d5056abd err="query tmux on /tmp/tmux-501/ta-daa7d5056abd: exit status 1: no server running on /tmp/tmux-501/ta-daa7d5056abd"
time=2026-08-09T09:29:29.410+08:00 level=DEBUG msg="discovery: skipping unreachable socket" socket=/tmp/tmux-501/ta-deea2d344db0 err="query tmux on /tmp/tmux-501/ta-deea2d344db0: exit status 1: no server running on /tmp/tmux-501/ta-deea2d344db0"
time=2026-08-09T09:29:29.417+08:00 level=DEBUG msg="discovery: skipping unreachable socket" socket=/tmp/tmux-501/ta-e0aefe0e13d3 err="query tmux on /tmp/tmux-501/ta-e0aefe0e13d3: exit status 1: no server running on /tmp/tmux-501/ta-e0aefe0e13d3"
time=2026-08-09T09:29:29.423+08:00 level=DEBUG msg="discovery: skipping unreachable socket" socket=/tmp/tmux-501/ta-e0bb903ebcb6 err="query tmux on /tmp/tmux-501/ta-e0bb903ebcb6: exit status 1: no server running on /tmp/tmux-501/ta-e0bb903ebcb6"
time=2026-08-09T09:29:29.436+08:00 level=DEBUG msg="discovery: skipping unreachable socket" socket=/tmp/tmux-501/ta-e3d25594c5b5 err="query tmux on /tmp/tmux-501/ta-e3d25594c5b5: exit status 1: no server running on /tmp/tmux-501/ta-e3d25594c5b5"
time=2026-08-09T09:29:29.442+08:00 level=DEBUG msg="discovery: skipping unreachable socket" socket=/tmp/tmux-501/ta-e6bb8500fc38 err="query tmux on /tmp/tmux-501/ta-e6bb8500fc38: exit status 1: no server running on /tmp/tmux-501/ta-e6bb8500fc38"
time=2026-08-09T09:29:29.448+08:00 level=DEBUG msg="discovery: skipping unreachable socket" socket=/tmp/tmux-501/ta-e6c2187f7096 err="query tmux on /tmp/tmux-501/ta-e6c2187f7096: exit status 1: no server running on /tmp/tmux-501/ta-e6c2187f7096"
time=2026-08-09T09:29:29.461+08:00 level=DEBUG msg="discovery: skipping unreachable socket" socket=/tmp/tmux-501/ta-e9a0c9c79a07 err="query tmux on /tmp/tmux-501/ta-e9a0c9c79a07: exit status 1: no server running on /tmp/tmux-501/ta-e9a0c9c79a07"
time=2026-08-09T09:29:29.473+08:00 level=DEBUG msg="discovery: skipping unreachable socket" socket=/tmp/tmux-501/ta-f11d5c565fda err="query tmux on /tmp/tmux-501/ta-f11d5c565fda: exit status 1: no server running on /tmp/tmux-501/ta-f11d5c565fda"
time=2026-08-09T09:29:29.479+08:00 level=DEBUG msg="discovery: skipping unreachable socket" socket=/tmp/tmux-501/ta-f2f2b8ceb968 err="query tmux on /tmp/tmux-501/ta-f2f2b8ceb968: exit status 1: no server running on /tmp/tmux-501/ta-f2f2b8ceb968"
time=2026-08-09T09:29:29.485+08:00 level=DEBUG msg="discovery: skipping unreachable socket" socket=/tmp/tmux-501/ta-f361188b7539 err="query tmux on /tmp/tmux-501/ta-f361188b7539: exit status 1: no server running on /tmp/tmux-501/ta-f361188b7539"
time=2026-08-09T09:29:29.499+08:00 level=DEBUG msg="discovery: skipping unreachable socket" socket=/tmp/tmux-501/ta-f680dc117b11 err="query tmux on /tmp/tmux-501/ta-f680dc117b11: exit status 1: no server running on /tmp/tmux-501/ta-f680dc117b11"
time=2026-08-09T09:29:29.505+08:00 level=DEBUG msg="discovery: skipping unreachable socket" socket=/tmp/tmux-501/ta-f719270c4c59 err="query tmux on /tmp/tmux-501/ta-f719270c4c59: exit status 1: no server running on /tmp/tmux-501/ta-f719270c4c59"
time=2026-08-09T09:29:29.510+08:00 level=DEBUG msg="discovery: skipping unreachable socket" socket=/tmp/tmux-501/ta-f82b970e1873 err="query tmux on /tmp/tmux-501/ta-f82b970e1873: exit status 1: no server running on /tmp/tmux-501/ta-f82b970e1873"
time=2026-08-09T09:29:29.516+08:00 level=DEBUG msg="discovery: skipping unreachable socket" socket=/tmp/tmux-501/ta-fcd628a94743 err="query tmux on /tmp/tmux-501/ta-fcd628a94743: exit status 1: no server running on /tmp/tmux-501/ta-fcd628a94743"
time=2026-08-09T09:29:29.522+08:00 level=DEBUG msg="discovery: skipping unreachable socket" socket=/tmp/tmux-501/ta-fd52a396a29f err="query tmux on /tmp/tmux-501/ta-fd52a396a29f: exit status 1: no server running on /tmp/tmux-501/ta-fd52a396a29f"
time=2026-08-09T09:29:29.528+08:00 level=DEBUG msg="discovery: skipping unreachable socket" socket=/tmp/tmux-501/ta-fdb0b3d91a30 err="query tmux on /tmp/tmux-501/ta-fdb0b3d91a30: exit status 1: no server running on /tmp/tmux-501/ta-fdb0b3d91a30"
time=2026-08-09T09:29:29.540+08:00 level=DEBUG msg="discovery: skipping unreachable socket" socket=/tmp/tmux-501/ta-ffd3b292ce18 err="query tmux on /tmp/tmux-501/ta-ffd3b292ce18: exit status 1: no server running on /tmp/tmux-501/ta-ffd3b292ce18"
time=2026-08-09T09:29:29.541+08:00 level=DEBUG msg="listing: no changes"
time=2026-08-09T09:29:29.559+08:00 level=DEBUG msg="discovery: skipping unreachable socket" socket=/tmp/tmux-501/ta-01126683e597 err="query tmux on /tmp/tmux-501/ta-01126683e597: exit status 1: no server running on /tmp/tmux-501/ta-01126683e597"
time=2026-08-09T09:29:29.564+08:00 level=DEBUG msg="discovery: skipping unreachable socket" socket=/tmp/tmux-501/ta-013ab1835f3d err="query tmux on /tmp/tmux-501/ta-013ab1835f3d: exit status 1: no server running on /tmp/tmux-501/ta-013ab1835f3d"
time=2026-08-09T09:29:29.569+08:00 level=DEBUG msg="discovery: skipping unreachable socket" socket=/tmp/tmux-501/ta-01ae7229ab34 err="query tmux on /tmp/tmux-501/ta-01ae7229ab34: exit status 1: no server running on /tmp/tmux-501/ta-01ae7229ab34"
time=2026-08-09T09:29:29.587+08:00 level=DEBUG msg="discovery: skipping unreachable socket" socket=/tmp/tmux-501/ta-068e05dab0f2 err="query tmux on /tmp/tmux-501/ta-068e05dab0f2: exit status 1: no server running on /tmp/tmux-501/ta-068e05dab0f2"
time=2026-08-09T09:29:29.592+08:00 level=DEBUG msg="discovery: skipping unreachable socket" socket=/tmp/tmux-501/ta-06c9f392130f err="query tmux on /tmp/tmux-501/ta-06c9f392130f: exit status 1: no server running on /tmp/tmux-501/ta-06c9f392130f"
time=2026-08-09T09:29:29.598+08:00 level=DEBUG msg="discovery: skipping unreachable socket" socket=/tmp/tmux-501/ta-06d4a2ee7518 err="query tmux on /tmp/tmux-501/ta-06d4a2ee7518: exit status 1: no server running on /tmp/tmux-501/ta-06d4a2ee7518"
time=2026-08-09T09:29:29.616+08:00 level=DEBUG msg="discovery: skipping unreachable socket" socket=/tmp/tmux-501/ta-0a72db2d2f8d err="query tmux on /tmp/tmux-501/ta-0a72db2d2f8d: exit status 1: no server running on /tmp/tmux-501/ta-0a72db2d2f8d"
time=2026-08-09T09:29:29.622+08:00 level=DEBUG msg="discovery: skipping unreachable socket" socket=/tmp/tmux-501/ta-0c2f41c7040c err="query tmux on /tmp/tmux-501/ta-0c2f41c7040c: exit status 1: no server running on /tmp/tmux-501/ta-0c2f41c7040c"
time=2026-08-09T09:29:29.627+08:00 level=DEBUG msg="discovery: skipping unreachable socket" socket=/tmp/tmux-501/ta-0d8be8a7829a err="query tmux on /tmp/tmux-501/ta-0d8be8a7829a: exit status 1: no server running on /tmp/tmux-501/ta-0d8be8a7829a"
time=2026-08-09T09:29:29.632+08:00 level=DEBUG msg="discovery: skipping unreachable socket" socket=/tmp/tmux-501/ta-12998fa42bdd err="query tmux on /tmp/tmux-501/ta-12998fa42bdd: exit status 1: no server running on /tmp/tmux-501/ta-12998fa42bdd"
time=2026-08-09T09:29:29.650+08:00 level=DEBUG msg="discovery: skipping unreachable socket" socket=/tmp/tmux-501/ta-179131c0076a err="query tmux on /tmp/tmux-501/ta-179131c0076a: exit status 1: no server running on /tmp/tmux-501/ta-179131c0076a"
time=2026-08-09T09:29:29.662+08:00 level=DEBUG msg="discovery: skipping unreachable socket" socket=/tmp/tmux-501/ta-1949e6b86881 err="query tmux on /tmp/tmux-501/ta-1949e6b86881: exit status 1: no server running on /tmp/tmux-501/ta-1949e6b86881"
time=2026-08-09T09:29:29.673+08:00 level=DEBUG msg="discovery: skipping unreachable socket" socket=/tmp/tmux-501/ta-207c04ef53a0 err="query tmux on /tmp/tmux-501/ta-207c04ef53a0: exit status 1: no server running on /tmp/tmux-501/ta-207c04ef53a0"
time=2026-08-09T09:29:29.679+08:00 level=DEBUG msg="discovery: skipping unreachable socket" socket=/tmp/tmux-501/ta-216636364606 err="query tmux on /tmp/tmux-501/ta-216636364606: exit status 1: no server running on /tmp/tmux-501/ta-216636364606"
time=2026-08-09T09:29:29.685+08:00 level=DEBUG msg="discovery: skipping unreachable socket" socket=/tmp/tmux-501/ta-21e91d9e0de3 err="query tmux on /tmp/tmux-501/ta-21e91d9e0de3: exit status 1: no server running on /tmp/tmux-501/ta-21e91d9e0de3"
time=2026-08-09T09:29:29.708+08:00 level=DEBUG msg="discovery: skipping unreachable socket" socket=/tmp/tmux-501/ta-24fce2185904 err="query tmux on /tmp/tmux-501/ta-24fce2185904: exit status 1: no server running on /tmp/tmux-501/ta-24fce2185904"
time=2026-08-09T09:29:29.713+08:00 level=DEBUG msg="discovery: skipping unreachable socket" socket=/tmp/tmux-501/ta-26f28692c57a err="query tmux on /tmp/tmux-501/ta-26f28692c57a: exit status 1: no server running on /tmp/tmux-501/ta-26f28692c57a"
time=2026-08-09T09:29:29.719+08:00 level=DEBUG msg="discovery: skipping unreachable socket" socket=/tmp/tmux-501/ta-282fba4016e1 err="query tmux on /tmp/tmux-501/ta-282fba4016e1: exit status 1: no server running on /tmp/tmux-501/ta-282fba4016e1"
time=2026-08-09T09:29:29.725+08:00 level=DEBUG msg="discovery: skipping unreachable socket" socket=/tmp/tmux-501/ta-286f7286ce54 err="query tmux on /tmp/tmux-501/ta-286f7286ce54: exit status 1: no server running on /tmp/tmux-501/ta-286f7286ce54"
time=2026-08-09T09:29:29.737+08:00 level=DEBUG msg="discovery: skipping unreachable socket" socket=/tmp/tmux-501/ta-288094083c2c err="query tmux on /tmp/tmux-501/ta-288094083c2c: exit status 1: no server running on /tmp/tmux-501/ta-288094083c2c"
time=2026-08-09T09:29:29.749+08:00 level=DEBUG msg="discovery: skipping unreachable socket" socket=/tmp/tmux-501/ta-2aae31361fa1 err="query tmux on /tmp/tmux-501/ta-2aae31361fa1: exit status 1: no server running on /tmp/tmux-501/ta-2aae31361fa1"
time=2026-08-09T09:29:29.754+08:00 level=DEBUG msg="discovery: skipping unreachable socket" socket=/tmp/tmux-501/ta-2ae1025c10d1 err="query tmux on /tmp/tmux-501/ta-2ae1025c10d1: exit status 1: no server running on /tmp/tmux-501/ta-2ae1025c10d1"
time=2026-08-09T09:29:29.760+08:00 level=DEBUG msg="discovery: skipping unreachable socket" socket=/tmp/tmux-501/ta-2cb694214071 err="query tmux on /tmp/tmux-501/ta-2cb694214071: exit status 1: no server running on /tmp/tmux-501/ta-2cb694214071"
time=2026-08-09T09:29:29.778+08:00 level=DEBUG msg="discovery: skipping unreachable socket" socket=/tmp/tmux-501/ta-3274a318dbc9 err="query tmux on /tmp/tmux-501/ta-3274a318dbc9: exit status 1: no server running on /tmp/tmux-501/ta-3274a318dbc9"
time=2026-08-09T09:29:29.789+08:00 level=DEBUG msg="discovery: skipping unreachable socket" socket=/tmp/tmux-501/ta-35ed7d2f51d9 err="query tmux on /tmp/tmux-501/ta-35ed7d2f51d9: exit status 1: no server running on /tmp/tmux-501/ta-35ed7d2f51d9"
time=2026-08-09T09:29:29.795+08:00 level=DEBUG msg="discovery: skipping unreachable socket" socket=/tmp/tmux-501/ta-362b16c58513 err="query tmux on /tmp/tmux-501/ta-362b16c58513: exit status 1: no server running on /tmp/tmux-501/ta-362b16c58513"
time=2026-08-09T09:29:29.800+08:00 level=DEBUG msg="discovery: skipping unreachable socket" socket=/tmp/tmux-501/ta-3833181162ac err="query tmux on /tmp/tmux-501/ta-3833181162ac: exit status 1: no server running on /tmp/tmux-501/ta-3833181162ac"
time=2026-08-09T09:29:29.805+08:00 level=DEBUG msg="discovery: skipping unreachable socket" socket=/tmp/tmux-501/ta-3ce72bbed4f2 err="query tmux on /tmp/tmux-501/ta-3ce72bbed4f2: exit status 1: no server running on /tmp/tmux-501/ta-3ce72bbed4f2"
time=2026-08-09T09:29:29.817+08:00 level=DEBUG msg="discovery: skipping unreachable socket" socket=/tmp/tmux-501/ta-3e93f5065209 err="query tmux on /tmp/tmux-501/ta-3e93f5065209: exit status 1: no server running on /tmp/tmux-501/ta-3e93f5065209"
time=2026-08-09T09:29:29.822+08:00 level=DEBUG msg="discovery: skipping unreachable socket" socket=/tmp/tmux-501/ta-4028cb65384b err="query tmux on /tmp/tmux-501/ta-4028cb65384b: exit status 1: no server running on /tmp/tmux-501/ta-4028cb65384b"
time=2026-08-09T09:29:29.828+08:00 level=DEBUG msg="discovery: skipping unreachable socket" socket=/tmp/tmux-501/ta-406246e480e7 err="query tmux on /tmp/tmux-501/ta-406246e480e7: exit status 1: no server running on /tmp/tmux-501/ta-406246e480e7"
time=2026-08-09T09:29:29.840+08:00 level=DEBUG msg="discovery: skipping unreachable socket" socket=/tmp/tmux-501/ta-438cff265841 err="query tmux on /tmp/tmux-501/ta-438cff265841: exit status 1: no server running on /tmp/tmux-501/ta-438cff265841"
time=2026-08-09T09:29:29.846+08:00 level=DEBUG msg="discovery: skipping unreachable socket" socket=/tmp/tmux-501/ta-43ce27abee3c err="query tmux on /tmp/tmux-501/ta-43ce27abee3c: exit status 1: no server running on /tmp/tmux-501/ta-43ce27abee3c"
time=2026-08-09T09:29:29.858+08:00 level=DEBUG msg="discovery: skipping unreachable socket" socket=/tmp/tmux-501/ta-44e75c59a69f err="query tmux on /tmp/tmux-501/ta-44e75c59a69f: exit status 1: no server running on /tmp/tmux-501/ta-44e75c59a69f"
time=2026-08-09T09:29:29.864+08:00 level=DEBUG msg="discovery: skipping unreachable socket" socket=/tmp/tmux-501/ta-46e0835ad8e4 err="query tmux on /tmp/tmux-501/ta-46e0835ad8e4: exit status 1: no server running on /tmp/tmux-501/ta-46e0835ad8e4"
time=2026-08-09T09:29:29.869+08:00 level=DEBUG msg="discovery: skipping unreachable socket" socket=/tmp/tmux-501/ta-4702165bbeaf err="query tmux on /tmp/tmux-501/ta-4702165bbeaf: exit status 1: no server running on /tmp/tmux-501/ta-4702165bbeaf"
time=2026-08-09T09:29:29.881+08:00 level=DEBUG msg="discovery: skipping unreachable socket" socket=/tmp/tmux-501/ta-4a7c411cbbe6 err="query tmux on /tmp/tmux-501/ta-4a7c411cbbe6: exit status 1: no server running on /tmp/tmux-501/ta-4a7c411cbbe6"
time=2026-08-09T09:29:29.887+08:00 level=DEBUG msg="discovery: skipping unreachable socket" socket=/tmp/tmux-501/ta-4a8e9f0c15b4 err="query tmux on /tmp/tmux-501/ta-4a8e9f0c15b4: exit status 1: no server running on /tmp/tmux-501/ta-4a8e9f0c15b4"
time=2026-08-09T09:29:29.893+08:00 level=DEBUG msg="discovery: skipping unreachable socket" socket=/tmp/tmux-501/ta-4dfb8cf29b53 err="query tmux on /tmp/tmux-501/ta-4dfb8cf29b53: exit status 1: no server running on /tmp/tmux-501/ta-4dfb8cf29b53"
time=2026-08-09T09:29:29.899+08:00 level=DEBUG msg="discovery: skipping unreachable socket" socket=/tmp/tmux-501/ta-4f3924cc4519 err="query tmux on /tmp/tmux-501/ta-4f3924cc4519: exit status 1: no server running on /tmp/tmux-501/ta-4f3924cc4519"
time=2026-08-09T09:29:29.905+08:00 level=DEBUG msg="discovery: skipping unreachable socket" socket=/tmp/tmux-501/ta-52394122babb err="query tmux on /tmp/tmux-501/ta-52394122babb: exit status 1: no server running on /tmp/tmux-501/ta-52394122babb"
time=2026-08-09T09:29:29.922+08:00 level=DEBUG msg="discovery: skipping unreachable socket" socket=/tmp/tmux-501/ta-577561874d9b err="query tmux on /tmp/tmux-501/ta-577561874d9b: exit status 1: no server running on /tmp/tmux-501/ta-577561874d9b"
time=2026-08-09T09:29:29.940+08:00 level=DEBUG msg="discovery: skipping unreachable socket" socket=/tmp/tmux-501/ta-5ba7740fadec err="query tmux on /tmp/tmux-501/ta-5ba7740fadec: exit status 1: no server running on /tmp/tmux-501/ta-5ba7740fadec"
time=2026-08-09T09:29:29.946+08:00 level=DEBUG msg="discovery: skipping unreachable socket" socket=/tmp/tmux-501/ta-5bac69dbfe99 err="query tmux on /tmp/tmux-501/ta-5bac69dbfe99: exit status 1: no server running on /tmp/tmux-501/ta-5bac69dbfe99"
time=2026-08-09T09:29:29.957+08:00 level=DEBUG msg="discovery: skipping unreachable socket" socket=/tmp/tmux-501/ta-5d6d082f74c6 err="query tmux on /tmp/tmux-501/ta-5d6d082f74c6: exit status 1: no server running on /tmp/tmux-501/ta-5d6d082f74c6"
time=2026-08-09T09:29:29.963+08:00 level=DEBUG msg="discovery: skipping unreachable socket" socket=/tmp/tmux-501/ta-5f045cf48619 err="query tmux on /tmp/tmux-501/ta-5f045cf48619: exit status 1: no server running on /tmp/tmux-501/ta-5f045cf48619"
time=2026-08-09T09:29:29.974+08:00 level=DEBUG msg="discovery: skipping unreachable socket" socket=/tmp/tmux-501/ta-63bd43dc1eb7 err="query tmux on /tmp/tmux-501/ta-63bd43dc1eb7: exit status 1: no server running on /tmp/tmux-501/ta-63bd43dc1eb7"
time=2026-08-09T09:29:29.980+08:00 level=DEBUG msg="discovery: skipping unreachable socket" socket=/tmp/tmux-501/ta-648f0b64fb93 err="query tmux on /tmp/tmux-501/ta-648f0b64fb93: exit status 1: no server running on /tmp/tmux-501/ta-648f0b64fb93"
time=2026-08-09T09:29:29.991+08:00 level=DEBUG msg="discovery: skipping unreachable socket" socket=/tmp/tmux-501/ta-69187e22e8b0 err="query tmux on /tmp/tmux-501/ta-69187e22e8b0: exit status 1: no server running on /tmp/tmux-501/ta-69187e22e8b0"
time=2026-08-09T09:29:29.996+08:00 level=DEBUG msg="discovery: skipping unreachable socket" socket=/tmp/tmux-501/ta-69a1521c06b9 err="query tmux on /tmp/tmux-501/ta-69a1521c06b9: exit status 1: no server running on /tmp/tmux-501/ta-69a1521c06b9"
time=2026-08-09T09:29:30.002+08:00 level=DEBUG msg="discovery: skipping unreachable socket" socket=/tmp/tmux-501/ta-6b26f32298f1 err="query tmux on /tmp/tmux-501/ta-6b26f32298f1: exit status 1: no server running on /tmp/tmux-501/ta-6b26f32298f1"
time=2026-08-09T09:29:30.007+08:00 level=DEBUG msg="discovery: skipping unreachable socket" socket=/tmp/tmux-501/ta-6c005e9a3f39 err="query tmux on /tmp/tmux-501/ta-6c005e9a3f39: exit status 1: no server running on /tmp/tmux-501/ta-6c005e9a3f39"
time=2026-08-09T09:29:30.026+08:00 level=DEBUG msg="discovery: skipping unreachable socket" socket=/tmp/tmux-501/ta-7a8416afe095 err="query tmux on /tmp/tmux-501/ta-7a8416afe095: exit status 1: no server running on /tmp/tmux-501/ta-7a8416afe095"
time=2026-08-09T09:29:30.039+08:00 level=DEBUG msg="discovery: skipping unreachable socket" socket=/tmp/tmux-501/ta-7b8b9455aae8 err="query tmux on /tmp/tmux-501/ta-7b8b9455aae8: exit status 1: no server running on /tmp/tmux-501/ta-7b8b9455aae8"
time=2026-08-09T09:29:30.045+08:00 level=DEBUG msg="discovery: skipping unreachable socket" socket=/tmp/tmux-501/ta-7c8b9455ac9b err="query tmux on /tmp/tmux-501/ta-7c8b9455ac9b: exit status 1: no server running on /tmp/tmux-501/ta-7c8b9455ac9b"
time=2026-08-09T09:29:30.050+08:00 level=DEBUG msg="discovery: skipping unreachable socket" socket=/tmp/tmux-501/ta-7d95a33c35bb err="query tmux on /tmp/tmux-501/ta-7d95a33c35bb: exit status 1: no server running on /tmp/tmux-501/ta-7d95a33c35bb"
time=2026-08-09T09:29:30.056+08:00 level=DEBUG msg="discovery: skipping unreachable socket" socket=/tmp/tmux-501/ta-7e656aa70eac err="query tmux on /tmp/tmux-501/ta-7e656aa70eac: exit status 1: no server running on /tmp/tmux-501/ta-7e656aa70eac"
time=2026-08-09T09:29:30.062+08:00 level=DEBUG msg="discovery: skipping unreachable socket" socket=/tmp/tmux-501/ta-7e7d8c51114d err="query tmux on /tmp/tmux-501/ta-7e7d8c51114d: exit status 1: no server running on /tmp/tmux-501/ta-7e7d8c51114d"
time=2026-08-09T09:29:30.067+08:00 level=DEBUG msg="discovery: skipping unreachable socket" socket=/tmp/tmux-501/ta-8048ed81b9df err="query tmux on /tmp/tmux-501/ta-8048ed81b9df: exit status 1: no server running on /tmp/tmux-501/ta-8048ed81b9df"
time=2026-08-09T09:29:30.085+08:00 level=DEBUG msg="discovery: skipping unreachable socket" socket=/tmp/tmux-501/ta-833b364038e0 err="query tmux on /tmp/tmux-501/ta-833b364038e0: exit status 1: no server running on /tmp/tmux-501/ta-833b364038e0"
time=2026-08-09T09:29:30.093+08:00 level=DEBUG msg="discovery: skipping unreachable socket" socket=/tmp/tmux-501/ta-83e508ee7924 err="query tmux on /tmp/tmux-501/ta-83e508ee7924: exit status 1: no server running on /tmp/tmux-501/ta-83e508ee7924"
time=2026-08-09T09:29:30.104+08:00 level=DEBUG msg="discovery: skipping unreachable socket" socket=/tmp/tmux-501/ta-86cf9fb8afc6 err="query tmux on /tmp/tmux-501/ta-86cf9fb8afc6: exit status 1: no server running on /tmp/tmux-501/ta-86cf9fb8afc6"
time=2026-08-09T09:29:30.116+08:00 level=DEBUG msg="discovery: skipping unreachable socket" socket=/tmp/tmux-501/ta-8b8a20c82890 err="query tmux on /tmp/tmux-501/ta-8b8a20c82890: exit status 1: no server running on /tmp/tmux-501/ta-8b8a20c82890"
time=2026-08-09T09:29:30.122+08:00 level=DEBUG msg="discovery: skipping unreachable socket" socket=/tmp/tmux-501/ta-8bcd86c68271 err="query tmux on /tmp/tmux-501/ta-8bcd86c68271: exit status 1: no server running on /tmp/tmux-501/ta-8bcd86c68271"
time=2026-08-09T09:29:30.128+08:00 level=DEBUG msg="discovery: skipping unreachable socket" socket=/tmp/tmux-501/ta-8cedaec15c6c err="query tmux on /tmp/tmux-501/ta-8cedaec15c6c: exit status 1: no server running on /tmp/tmux-501/ta-8cedaec15c6c"
time=2026-08-09T09:29:30.133+08:00 level=DEBUG msg="discovery: skipping unreachable socket" socket=/tmp/tmux-501/ta-8e1d263384bf err="query tmux on /tmp/tmux-501/ta-8e1d263384bf: exit status 1: no server running on /tmp/tmux-501/ta-8e1d263384bf"
time=2026-08-09T09:29:30.139+08:00 level=DEBUG msg="discovery: skipping unreachable socket" socket=/tmp/tmux-501/ta-8f900bc847e5 err="query tmux on /tmp/tmux-501/ta-8f900bc847e5: exit status 1: no server running on /tmp/tmux-501/ta-8f900bc847e5"
time=2026-08-09T09:29:30.150+08:00 level=DEBUG msg="discovery: skipping unreachable socket" socket=/tmp/tmux-501/ta-9354fec1f143 err="query tmux on /tmp/tmux-501/ta-9354fec1f143: exit status 1: no server running on /tmp/tmux-501/ta-9354fec1f143"
time=2026-08-09T09:29:30.155+08:00 level=DEBUG msg="discovery: skipping unreachable socket" socket=/tmp/tmux-501/ta-945d4f57597e err="query tmux on /tmp/tmux-501/ta-945d4f57597e: exit status 1: no server running on /tmp/tmux-501/ta-945d4f57597e"
time=2026-08-09T09:29:30.167+08:00 level=DEBUG msg="discovery: skipping unreachable socket" socket=/tmp/tmux-501/ta-958bed53a01a err="query tmux on /tmp/tmux-501/ta-958bed53a01a: exit status 1: no server running on /tmp/tmux-501/ta-958bed53a01a"
time=2026-08-09T09:29:30.172+08:00 level=DEBUG msg="discovery: skipping unreachable socket" socket=/tmp/tmux-501/ta-960f84496264 err="query tmux on /tmp/tmux-501/ta-960f84496264: exit status 1: no server running on /tmp/tmux-501/ta-960f84496264"
time=2026-08-09T09:29:30.178+08:00 level=DEBUG msg="discovery: skipping unreachable socket" socket=/tmp/tmux-501/ta-97059410728a err="query tmux on /tmp/tmux-501/ta-97059410728a: exit status 1: no server running on /tmp/tmux-501/ta-97059410728a"
time=2026-08-09T09:29:30.184+08:00 level=DEBUG msg="discovery: skipping unreachable socket" socket=/tmp/tmux-501/ta-973a87a2cc74 err="query tmux on /tmp/tmux-501/ta-973a87a2cc74: exit status 1: no server running on /tmp/tmux-501/ta-973a87a2cc74"
time=2026-08-09T09:29:30.189+08:00 level=DEBUG msg="discovery: skipping unreachable socket" socket=/tmp/tmux-501/ta-9757a154bb9c err="query tmux on /tmp/tmux-501/ta-9757a154bb9c: exit status 1: no server running on /tmp/tmux-501/ta-9757a154bb9c"
time=2026-08-09T09:29:30.195+08:00 level=DEBUG msg="discovery: skipping unreachable socket" socket=/tmp/tmux-501/ta-979d8e92c318 err="query tmux on /tmp/tmux-501/ta-979d8e92c318: exit status 1: no server running on /tmp/tmux-501/ta-979d8e92c318"
time=2026-08-09T09:29:30.207+08:00 level=DEBUG msg="discovery: skipping unreachable socket" socket=/tmp/tmux-501/ta-9f9660deef84 err="query tmux on /tmp/tmux-501/ta-9f9660deef84: exit status 1: no server running on /tmp/tmux-501/ta-9f9660deef84"
time=2026-08-09T09:29:30.224+08:00 level=DEBUG msg="discovery: skipping unreachable socket" socket=/tmp/tmux-501/ta-a3613f1b7212 err="query tmux on /tmp/tmux-501/ta-a3613f1b7212: exit status 1: no server running on /tmp/tmux-501/ta-a3613f1b7212"
time=2026-08-09T09:29:30.230+08:00 level=DEBUG msg="discovery: skipping unreachable socket" socket=/tmp/tmux-501/ta-a468707981a6 err="query tmux on /tmp/tmux-501/ta-a468707981a6: exit status 1: no server running on /tmp/tmux-501/ta-a468707981a6"
time=2026-08-09T09:29:30.236+08:00 level=DEBUG msg="discovery: skipping unreachable socket" socket=/tmp/tmux-501/ta-a7343098f3d8 err="query tmux on /tmp/tmux-501/ta-a7343098f3d8: exit status 1: no server running on /tmp/tmux-501/ta-a7343098f3d8"
time=2026-08-09T09:29:30.242+08:00 level=DEBUG msg="discovery: skipping unreachable socket" socket=/tmp/tmux-501/ta-a9c99df321ff err="query tmux on /tmp/tmux-501/ta-a9c99df321ff: exit status 1: no server running on /tmp/tmux-501/ta-a9c99df321ff"
time=2026-08-09T09:29:30.254+08:00 level=DEBUG msg="discovery: skipping unreachable socket" socket=/tmp/tmux-501/ta-aaf9a48911e5 err="query tmux on /tmp/tmux-501/ta-aaf9a48911e5: exit status 1: no server running on /tmp/tmux-501/ta-aaf9a48911e5"
time=2026-08-09T09:29:30.259+08:00 level=DEBUG msg="discovery: skipping unreachable socket" socket=/tmp/tmux-501/ta-abb7129edd07 err="query tmux on /tmp/tmux-501/ta-abb7129edd07: exit status 1: no server running on /tmp/tmux-501/ta-abb7129edd07"
time=2026-08-09T09:29:30.270+08:00 level=DEBUG msg="discovery: skipping unreachable socket" socket=/tmp/tmux-501/ta-ad3662bf2e59 err="query tmux on /tmp/tmux-501/ta-ad3662bf2e59: exit status 1: no server running on /tmp/tmux-501/ta-ad3662bf2e59"
time=2026-08-09T09:29:30.282+08:00 level=DEBUG msg="discovery: skipping unreachable socket" socket=/tmp/tmux-501/ta-b2f7818b50cf err="query tmux on /tmp/tmux-501/ta-b2f7818b50cf: exit status 1: no server running on /tmp/tmux-501/ta-b2f7818b50cf"
time=2026-08-09T09:29:30.294+08:00 level=DEBUG msg="discovery: skipping unreachable socket" socket=/tmp/tmux-501/ta-b387d5c883b9 err="query tmux on /tmp/tmux-501/ta-b387d5c883b9: exit status 1: no server running on /tmp/tmux-501/ta-b387d5c883b9"
time=2026-08-09T09:29:30.300+08:00 level=DEBUG msg="discovery: skipping unreachable socket" socket=/tmp/tmux-501/ta-b3d4bd767a05 err="query tmux on /tmp/tmux-501/ta-b3d4bd767a05: exit status 1: no server running on /tmp/tmux-501/ta-b3d4bd767a05"
time=2026-08-09T09:29:30.306+08:00 level=DEBUG msg="discovery: skipping unreachable socket" socket=/tmp/tmux-501/ta-b4b521c41e9a err="query tmux on /tmp/tmux-501/ta-b4b521c41e9a: exit status 1: no server running on /tmp/tmux-501/ta-b4b521c41e9a"
time=2026-08-09T09:29:30.317+08:00 level=DEBUG msg="discovery: skipping unreachable socket" socket=/tmp/tmux-501/ta-b831b66f70cc err="query tmux on /tmp/tmux-501/ta-b831b66f70cc: exit status 1: no server running on /tmp/tmux-501/ta-b831b66f70cc"
time=2026-08-09T09:29:30.323+08:00 level=DEBUG msg="discovery: skipping unreachable socket" socket=/tmp/tmux-501/ta-b98f12cd39b4 err="query tmux on /tmp/tmux-501/ta-b98f12cd39b4: exit status 1: no server running on /tmp/tmux-501/ta-b98f12cd39b4"
time=2026-08-09T09:29:30.328+08:00 level=DEBUG msg="discovery: skipping unreachable socket" socket=/tmp/tmux-501/ta-baa84c7ccd1b err="query tmux on /tmp/tmux-501/ta-baa84c7ccd1b: exit status 1: no server running on /tmp/tmux-501/ta-baa84c7ccd1b"
time=2026-08-09T09:29:30.334+08:00 level=DEBUG msg="discovery: skipping unreachable socket" socket=/tmp/tmux-501/ta-bccf40f5c109 err="query tmux on /tmp/tmux-501/ta-bccf40f5c109: exit status 1: no server running on /tmp/tmux-501/ta-bccf40f5c109"
time=2026-08-09T09:29:30.340+08:00 level=DEBUG msg="discovery: skipping unreachable socket" socket=/tmp/tmux-501/ta-be68601ef2c2 err="query tmux on /tmp/tmux-501/ta-be68601ef2c2: exit status 1: no server running on /tmp/tmux-501/ta-be68601ef2c2"
time=2026-08-09T09:29:30.351+08:00 level=DEBUG msg="discovery: skipping unreachable socket" socket=/tmp/tmux-501/ta-c013b77ee6d0 err="query tmux on /tmp/tmux-501/ta-c013b77ee6d0: exit status 1: no server running on /tmp/tmux-501/ta-c013b77ee6d0"
time=2026-08-09T09:29:30.363+08:00 level=DEBUG msg="discovery: skipping unreachable socket" socket=/tmp/tmux-501/ta-c47e5da1bbb5 err="query tmux on /tmp/tmux-501/ta-c47e5da1bbb5: exit status 1: no server running on /tmp/tmux-501/ta-c47e5da1bbb5"
time=2026-08-09T09:29:30.368+08:00 level=DEBUG msg="discovery: skipping unreachable socket" socket=/tmp/tmux-501/ta-c4ba37813235 err="query tmux on /tmp/tmux-501/ta-c4ba37813235: exit status 1: no server running on /tmp/tmux-501/ta-c4ba37813235"
time=2026-08-09T09:29:30.374+08:00 level=DEBUG msg="discovery: skipping unreachable socket" socket=/tmp/tmux-501/ta-c8d771f5db35 err="query tmux on /tmp/tmux-501/ta-c8d771f5db35: exit status 1: no server running on /tmp/tmux-501/ta-c8d771f5db35"
time=2026-08-09T09:29:30.392+08:00 level=DEBUG msg="discovery: skipping unreachable socket" socket=/tmp/tmux-501/ta-cc16aeabca59 err="query tmux on /tmp/tmux-501/ta-cc16aeabca59: exit status 1: no server running on /tmp/tmux-501/ta-cc16aeabca59"
time=2026-08-09T09:29:30.397+08:00 level=DEBUG msg="discovery: skipping unreachable socket" socket=/tmp/tmux-501/ta-ce11924e1314 err="query tmux on /tmp/tmux-501/ta-ce11924e1314: exit status 1: no server running on /tmp/tmux-501/ta-ce11924e1314"
time=2026-08-09T09:29:30.403+08:00 level=DEBUG msg="discovery: skipping unreachable socket" socket=/tmp/tmux-501/ta-ce2610e8e580 err="query tmux on /tmp/tmux-501/ta-ce2610e8e580: exit status 1: no server running on /tmp/tmux-501/ta-ce2610e8e580"
time=2026-08-09T09:29:30.408+08:00 level=DEBUG msg="discovery: skipping unreachable socket" socket=/tmp/tmux-501/ta-d11e18966c74 err="query tmux on /tmp/tmux-501/ta-d11e18966c74: exit status 1: no server running on /tmp/tmux-501/ta-d11e18966c74"
time=2026-08-09T09:29:30.420+08:00 level=DEBUG msg="discovery: skipping unreachable socket" socket=/tmp/tmux-501/ta-d40048c2c630 err="query tmux on /tmp/tmux-501/ta-d40048c2c630: exit status 1: no server running on /tmp/tmux-501/ta-d40048c2c630"
time=2026-08-09T09:29:30.425+08:00 level=DEBUG msg="discovery: skipping unreachable socket" socket=/tmp/tmux-501/ta-d415485e29a9 err="query tmux on /tmp/tmux-501/ta-d415485e29a9: exit status 1: no server running on /tmp/tmux-501/ta-d415485e29a9"
time=2026-08-09T09:29:30.431+08:00 level=DEBUG msg="discovery: skipping unreachable socket" socket=/tmp/tmux-501/ta-d5e19fd8f2c0 err="query tmux on /tmp/tmux-501/ta-d5e19fd8f2c0: exit status 1: no server running on /tmp/tmux-501/ta-d5e19fd8f2c0"
time=2026-08-09T09:29:30.442+08:00 level=DEBUG msg="discovery: skipping unreachable socket" socket=/tmp/tmux-501/ta-d9da6ad8da3c err="query tmux on /tmp/tmux-501/ta-d9da6ad8da3c: exit status 1: no server running on /tmp/tmux-501/ta-d9da6ad8da3c"
time=2026-08-09T09:29:30.449+08:00 level=DEBUG msg="discovery: skipping unreachable socket" socket=/tmp/tmux-501/ta-da241611468d err="query tmux on /tmp/tmux-501/ta-da241611468d: exit status 1: no server running on /tmp/tmux-501/ta-da241611468d"
time=2026-08-09T09:29:30.454+08:00 level=DEBUG msg="discovery: skipping unreachable socket" socket=/tmp/tmux-501/ta-daa7d5056abd err="query tmux on /tmp/tmux-501/ta-daa7d5056abd: exit status 1: no server running on /tmp/tmux-501/ta-daa7d5056abd"
time=2026-08-09T09:29:30.478+08:00 level=DEBUG msg="discovery: skipping unreachable socket" socket=/tmp/tmux-501/ta-deea2d344db0 err="query tmux on /tmp/tmux-501/ta-deea2d344db0: exit status 1: no server running on /tmp/tmux-501/ta-deea2d344db0"
time=2026-08-09T09:29:30.483+08:00 level=DEBUG msg="discovery: skipping unreachable socket" socket=/tmp/tmux-501/ta-e0aefe0e13d3 err="query tmux on /tmp/tmux-501/ta-e0aefe0e13d3: exit status 1: no server running on /tmp/tmux-501/ta-e0aefe0e13d3"
time=2026-08-09T09:29:30.488+08:00 level=DEBUG msg="discovery: skipping unreachable socket" socket=/tmp/tmux-501/ta-e0bb903ebcb6 err="query tmux on /tmp/tmux-501/ta-e0bb903ebcb6: exit status 1: no server running on /tmp/tmux-501/ta-e0bb903ebcb6"
time=2026-08-09T09:29:30.499+08:00 level=DEBUG msg="discovery: skipping unreachable socket" socket=/tmp/tmux-501/ta-e3d25594c5b5 err="query tmux on /tmp/tmux-501/ta-e3d25594c5b5: exit status 1: no server running on /tmp/tmux-501/ta-e3d25594c5b5"
time=2026-08-09T09:29:30.505+08:00 level=DEBUG msg="discovery: skipping unreachable socket" socket=/tmp/tmux-501/ta-e6bb8500fc38 err="query tmux on /tmp/tmux-501/ta-e6bb8500fc38: exit status 1: no server running on /tmp/tmux-501/ta-e6bb8500fc38"
time=2026-08-09T09:29:30.510+08:00 level=DEBUG msg="discovery: skipping unreachable socket" socket=/tmp/tmux-501/ta-e6c2187f7096 err="query tmux on /tmp/tmux-501/ta-e6c2187f7096: exit status 1: no server running on /tmp/tmux-501/ta-e6c2187f7096"
time=2026-08-09T09:29:30.521+08:00 level=DEBUG msg="discovery: skipping unreachable socket" socket=/tmp/tmux-501/ta-e9a0c9c79a07 err="query tmux on /tmp/tmux-501/ta-e9a0c9c79a07: exit status 1: no server running on /tmp/tmux-501/ta-e9a0c9c79a07"
time=2026-08-09T09:29:30.532+08:00 level=DEBUG msg="discovery: skipping unreachable socket" socket=/tmp/tmux-501/ta-f11d5c565fda err="query tmux on /tmp/tmux-501/ta-f11d5c565fda: exit status 1: no server running on /tmp/tmux-501/ta-f11d5c565fda"
time=2026-08-09T09:29:30.537+08:00 level=DEBUG msg="discovery: skipping unreachable socket" socket=/tmp/tmux-501/ta-f2f2b8ceb968 err="query tmux on /tmp/tmux-501/ta-f2f2b8ceb968: exit status 1: no server running on /tmp/tmux-501/ta-f2f2b8ceb968"
time=2026-08-09T09:29:30.544+08:00 level=DEBUG msg="discovery: skipping unreachable socket" socket=/tmp/tmux-501/ta-f361188b7539 err="query tmux on /tmp/tmux-501/ta-f361188b7539: exit status 1: no server running on /tmp/tmux-501/ta-f361188b7539"
time=2026-08-09T09:29:30.555+08:00 level=DEBUG msg="discovery: skipping unreachable socket" socket=/tmp/tmux-501/ta-f680dc117b11 err="query tmux on /tmp/tmux-501/ta-f680dc117b11: exit status 1: no server running on /tmp/tmux-501/ta-f680dc117b11"
time=2026-08-09T09:29:30.561+08:00 level=DEBUG msg="discovery: skipping unreachable socket" socket=/tmp/tmux-501/ta-f719270c4c59 err="query tmux on /tmp/tmux-501/ta-f719270c4c59: exit status 1: no server running on /tmp/tmux-501/ta-f719270c4c59"
time=2026-08-09T09:29:30.566+08:00 level=DEBUG msg="discovery: skipping unreachable socket" socket=/tmp/tmux-501/ta-f82b970e1873 err="query tmux on /tmp/tmux-501/ta-f82b970e1873: exit status 1: no server running on /tmp/tmux-501/ta-f82b970e1873"
time=2026-08-09T09:29:30.572+08:00 level=DEBUG msg="discovery: skipping unreachable socket" socket=/tmp/tmux-501/ta-fcd628a94743 err="query tmux on /tmp/tmux-501/ta-fcd628a94743: exit status 1: no server running on /tmp/tmux-501/ta-fcd628a94743"
time=2026-08-09T09:29:30.578+08:00 level=DEBUG msg="discovery: skipping unreachable socket" socket=/tmp/tmux-501/ta-fd52a396a29f err="query tmux on /tmp/tmux-501/ta-fd52a396a29f: exit status 1: no server running on /tmp/tmux-501/ta-fd52a396a29f"
time=2026-08-09T09:29:30.584+08:00 level=DEBUG msg="discovery: skipping unreachable socket" socket=/tmp/tmux-501/ta-fdb0b3d91a30 err="query tmux on /tmp/tmux-501/ta-fdb0b3d91a30: exit status 1: no server running on /tmp/tmux-501/ta-fdb0b3d91a30"
time=2026-08-09T09:29:30.596+08:00 level=DEBUG msg="discovery: skipping unreachable socket" socket=/tmp/tmux-501/ta-ffd3b292ce18 err="query tmux on /tmp/tmux-501/ta-ffd3b292ce18: exit status 1: no server running on /tmp/tmux-501/ta-ffd3b292ce18"
time=2026-08-09T09:29:30.597+08:00 level=DEBUG msg="listing: no changes"
time=2026-08-09T09:29:30.614+08:00 level=DEBUG msg="discovery: skipping unreachable socket" socket=/tmp/tmux-501/ta-01126683e597 err="query tmux on /tmp/tmux-501/ta-01126683e597: exit status 1: no server running on /tmp/tmux-501/ta-01126683e597"
time=2026-08-09T09:29:30.620+08:00 level=DEBUG msg="discovery: skipping unreachable socket" socket=/tmp/tmux-501/ta-013ab1835f3d err="query tmux on /tmp/tmux-501/ta-013ab1835f3d: exit status 1: no server running on /tmp/tmux-501/ta-013ab1835f3d"
time=2026-08-09T09:29:30.626+08:00 level=DEBUG msg="discovery: skipping unreachable socket" socket=/tmp/tmux-501/ta-01ae7229ab34 err="query tmux on /tmp/tmux-501/ta-01ae7229ab34: exit status 1: no server running on /tmp/tmux-501/ta-01ae7229ab34"
time=2026-08-09T09:29:30.644+08:00 level=DEBUG msg="discovery: skipping unreachable socket" socket=/tmp/tmux-501/ta-068e05dab0f2 err="query tmux on /tmp/tmux-501/ta-068e05dab0f2: exit status 1: no server running on /tmp/tmux-501/ta-068e05dab0f2"
time=2026-08-09T09:29:30.649+08:00 level=DEBUG msg="discovery: skipping unreachable socket" socket=/tmp/tmux-501/ta-06c9f392130f err="query tmux on /tmp/tmux-501/ta-06c9f392130f: exit status 1: no server running on /tmp/tmux-501/ta-06c9f392130f"
time=2026-08-09T09:29:30.655+08:00 level=DEBUG msg="discovery: skipping unreachable socket" socket=/tmp/tmux-501/ta-06d4a2ee7518 err="query tmux on /tmp/tmux-501/ta-06d4a2ee7518: exit status 1: no server running on /tmp/tmux-501/ta-06d4a2ee7518"
time=2026-08-09T09:29:30.672+08:00 level=DEBUG msg="discovery: skipping unreachable socket" socket=/tmp/tmux-501/ta-0a72db2d2f8d err="query tmux on /tmp/tmux-501/ta-0a72db2d2f8d: exit status 1: no server running on /tmp/tmux-501/ta-0a72db2d2f8d"
time=2026-08-09T09:29:30.678+08:00 level=DEBUG msg="discovery: skipping unreachable socket" socket=/tmp/tmux-501/ta-0c2f41c7040c err="query tmux on /tmp/tmux-501/ta-0c2f41c7040c: exit status 1: no server running on /tmp/tmux-501/ta-0c2f41c7040c"
time=2026-08-09T09:29:30.684+08:00 level=DEBUG msg="discovery: skipping unreachable socket" socket=/tmp/tmux-501/ta-0d8be8a7829a err="query tmux on /tmp/tmux-501/ta-0d8be8a7829a: exit status 1: no server running on /tmp/tmux-501/ta-0d8be8a7829a"
time=2026-08-09T09:29:30.689+08:00 level=DEBUG msg="discovery: skipping unreachable socket" socket=/tmp/tmux-501/ta-12998fa42bdd err="query tmux on /tmp/tmux-501/ta-12998fa42bdd: exit status 1: no server running on /tmp/tmux-501/ta-12998fa42bdd"
time=2026-08-09T09:29:30.706+08:00 level=DEBUG msg="discovery: skipping unreachable socket" socket=/tmp/tmux-501/ta-179131c0076a err="query tmux on /tmp/tmux-501/ta-179131c0076a: exit status 1: no server running on /tmp/tmux-501/ta-179131c0076a"
time=2026-08-09T09:29:30.717+08:00 level=DEBUG msg="discovery: skipping unreachable socket" socket=/tmp/tmux-501/ta-1949e6b86881 err="query tmux on /tmp/tmux-501/ta-1949e6b86881: exit status 1: no server running on /tmp/tmux-501/ta-1949e6b86881"
time=2026-08-09T09:29:30.729+08:00 level=DEBUG msg="discovery: skipping unreachable socket" socket=/tmp/tmux-501/ta-207c04ef53a0 err="query tmux on /tmp/tmux-501/ta-207c04ef53a0: exit status 1: no server running on /tmp/tmux-501/ta-207c04ef53a0"
time=2026-08-09T09:29:30.734+08:00 level=DEBUG msg="discovery: skipping unreachable socket" socket=/tmp/tmux-501/ta-216636364606 err="query tmux on /tmp/tmux-501/ta-216636364606: exit status 1: no server running on /tmp/tmux-501/ta-216636364606"
time=2026-08-09T09:29:30.740+08:00 level=DEBUG msg="discovery: skipping unreachable socket" socket=/tmp/tmux-501/ta-21e91d9e0de3 err="query tmux on /tmp/tmux-501/ta-21e91d9e0de3: exit status 1: no server running on /tmp/tmux-501/ta-21e91d9e0de3"
time=2026-08-09T09:29:30.763+08:00 level=DEBUG msg="discovery: skipping unreachable socket" socket=/tmp/tmux-501/ta-24fce2185904 err="query tmux on /tmp/tmux-501/ta-24fce2185904: exit status 1: no server running on /tmp/tmux-501/ta-24fce2185904"
time=2026-08-09T09:29:30.768+08:00 level=DEBUG msg="discovery: skipping unreachable socket" socket=/tmp/tmux-501/ta-26f28692c57a err="query tmux on /tmp/tmux-501/ta-26f28692c57a: exit status 1: no server running on /tmp/tmux-501/ta-26f28692c57a"
time=2026-08-09T09:29:30.774+08:00 level=DEBUG msg="discovery: skipping unreachable socket" socket=/tmp/tmux-501/ta-282fba4016e1 err="query tmux on /tmp/tmux-501/ta-282fba4016e1: exit status 1: no server running on /tmp/tmux-501/ta-282fba4016e1"
time=2026-08-09T09:29:30.779+08:00 level=DEBUG msg="discovery: skipping unreachable socket" socket=/tmp/tmux-501/ta-286f7286ce54 err="query tmux on /tmp/tmux-501/ta-286f7286ce54: exit status 1: no server running on /tmp/tmux-501/ta-286f7286ce54"
time=2026-08-09T09:29:30.791+08:00 level=DEBUG msg="discovery: skipping unreachable socket" socket=/tmp/tmux-501/ta-288094083c2c err="query tmux on /tmp/tmux-501/ta-288094083c2c: exit status 1: no server running on /tmp/tmux-501/ta-288094083c2c"
time=2026-08-09T09:29:30.803+08:00 level=DEBUG msg="discovery: skipping unreachable socket" socket=/tmp/tmux-501/ta-2aae31361fa1 err="query tmux on /tmp/tmux-501/ta-2aae31361fa1: exit status 1: no server running on /tmp/tmux-501/ta-2aae31361fa1"
time=2026-08-09T09:29:30.808+08:00 level=DEBUG msg="discovery: skipping unreachable socket" socket=/tmp/tmux-501/ta-2ae1025c10d1 err="query tmux on /tmp/tmux-501/ta-2ae1025c10d1: exit status 1: no server running on /tmp/tmux-501/ta-2ae1025c10d1"
time=2026-08-09T09:29:30.814+08:00 level=DEBUG msg="discovery: skipping unreachable socket" socket=/tmp/tmux-501/ta-2cb694214071 err="query tmux on /tmp/tmux-501/ta-2cb694214071: exit status 1: no server running on /tmp/tmux-501/ta-2cb694214071"
time=2026-08-09T09:29:30.832+08:00 level=DEBUG msg="discovery: skipping unreachable socket" socket=/tmp/tmux-501/ta-3274a318dbc9 err="query tmux on /tmp/tmux-501/ta-3274a318dbc9: exit status 1: no server running on /tmp/tmux-501/ta-3274a318dbc9"
time=2026-08-09T09:29:30.844+08:00 level=DEBUG msg="discovery: skipping unreachable socket" socket=/tmp/tmux-501/ta-35ed7d2f51d9 err="query tmux on /tmp/tmux-501/ta-35ed7d2f51d9: exit status 1: no server running on /tmp/tmux-501/ta-35ed7d2f51d9"
time=2026-08-09T09:29:30.849+08:00 level=DEBUG msg="discovery: skipping unreachable socket" socket=/tmp/tmux-501/ta-362b16c58513 err="query tmux on /tmp/tmux-501/ta-362b16c58513: exit status 1: no server running on /tmp/tmux-501/ta-362b16c58513"
time=2026-08-09T09:29:30.855+08:00 level=DEBUG msg="discovery: skipping unreachable socket" socket=/tmp/tmux-501/ta-3833181162ac err="query tmux on /tmp/tmux-501/ta-3833181162ac: exit status 1: no server running on /tmp/tmux-501/ta-3833181162ac"
time=2026-08-09T09:29:30.861+08:00 level=DEBUG msg="discovery: skipping unreachable socket" socket=/tmp/tmux-501/ta-3ce72bbed4f2 err="query tmux on /tmp/tmux-501/ta-3ce72bbed4f2: exit status 1: no server running on /tmp/tmux-501/ta-3ce72bbed4f2"
time=2026-08-09T09:29:30.874+08:00 level=DEBUG msg="discovery: skipping unreachable socket" socket=/tmp/tmux-501/ta-3e93f5065209 err="query tmux on /tmp/tmux-501/ta-3e93f5065209: exit status 1: no server running on /tmp/tmux-501/ta-3e93f5065209"
time=2026-08-09T09:29:30.880+08:00 level=DEBUG msg="discovery: skipping unreachable socket" socket=/tmp/tmux-501/ta-4028cb65384b err="query tmux on /tmp/tmux-501/ta-4028cb65384b: exit status 1: no server running on /tmp/tmux-501/ta-4028cb65384b"
time=2026-08-09T09:29:30.886+08:00 level=DEBUG msg="discovery: skipping unreachable socket" socket=/tmp/tmux-501/ta-406246e480e7 err="query tmux on /tmp/tmux-501/ta-406246e480e7: exit status 1: no server running on /tmp/tmux-501/ta-406246e480e7"
time=2026-08-09T09:29:30.898+08:00 level=DEBUG msg="discovery: skipping unreachable socket" socket=/tmp/tmux-501/ta-438cff265841 err="query tmux on /tmp/tmux-501/ta-438cff265841: exit status 1: no server running on /tmp/tmux-501/ta-438cff265841"
time=2026-08-09T09:29:30.905+08:00 level=DEBUG msg="discovery: skipping unreachable socket" socket=/tmp/tmux-501/ta-43ce27abee3c err="query tmux on /tmp/tmux-501/ta-43ce27abee3c: exit status 1: no server running on /tmp/tmux-501/ta-43ce27abee3c"
time=2026-08-09T09:29:30.916+08:00 level=DEBUG msg="discovery: skipping unreachable socket" socket=/tmp/tmux-501/ta-44e75c59a69f err="query tmux on /tmp/tmux-501/ta-44e75c59a69f: exit status 1: no server running on /tmp/tmux-501/ta-44e75c59a69f"
time=2026-08-09T09:29:30.922+08:00 level=DEBUG msg="discovery: skipping unreachable socket" socket=/tmp/tmux-501/ta-46e0835ad8e4 err="query tmux on /tmp/tmux-501/ta-46e0835ad8e4: exit status 1: no server running on /tmp/tmux-501/ta-46e0835ad8e4"
time=2026-08-09T09:29:30.928+08:00 level=DEBUG msg="discovery: skipping unreachable socket" socket=/tmp/tmux-501/ta-4702165bbeaf err="query tmux on /tmp/tmux-501/ta-4702165bbeaf: exit status 1: no server running on /tmp/tmux-501/ta-4702165bbeaf"
time=2026-08-09T09:29:30.940+08:00 level=DEBUG msg="discovery: skipping unreachable socket" socket=/tmp/tmux-501/ta-4a7c411cbbe6 err="query tmux on /tmp/tmux-501/ta-4a7c411cbbe6: exit status 1: no server running on /tmp/tmux-501/ta-4a7c411cbbe6"
time=2026-08-09T09:29:30.946+08:00 level=DEBUG msg="discovery: skipping unreachable socket" socket=/tmp/tmux-501/ta-4a8e9f0c15b4 err="query tmux on /tmp/tmux-501/ta-4a8e9f0c15b4: exit status 1: no server running on /tmp/tmux-501/ta-4a8e9f0c15b4"
time=2026-08-09T09:29:30.953+08:00 level=DEBUG msg="discovery: skipping unreachable socket" socket=/tmp/tmux-501/ta-4dfb8cf29b53 err="query tmux on /tmp/tmux-501/ta-4dfb8cf29b53: exit status 1: no server running on /tmp/tmux-501/ta-4dfb8cf29b53"
time=2026-08-09T09:29:30.959+08:00 level=DEBUG msg="discovery: skipping unreachable socket" socket=/tmp/tmux-501/ta-4f3924cc4519 err="query tmux on /tmp/tmux-501/ta-4f3924cc4519: exit status 1: no server running on /tmp/tmux-501/ta-4f3924cc4519"
time=2026-08-09T09:29:30.965+08:00 level=DEBUG msg="discovery: skipping unreachable socket" socket=/tmp/tmux-501/ta-52394122babb err="query tmux on /tmp/tmux-501/ta-52394122babb: exit status 1: no server running on /tmp/tmux-501/ta-52394122babb"
time=2026-08-09T09:29:30.982+08:00 level=DEBUG msg="discovery: skipping unreachable socket" socket=/tmp/tmux-501/ta-577561874d9b err="query tmux on /tmp/tmux-501/ta-577561874d9b: exit status 1: no server running on /tmp/tmux-501/ta-577561874d9b"
time=2026-08-09T09:29:30.999+08:00 level=DEBUG msg="discovery: skipping unreachable socket" socket=/tmp/tmux-501/ta-5ba7740fadec err="query tmux on /tmp/tmux-501/ta-5ba7740fadec: exit status 1: no server running on /tmp/tmux-501/ta-5ba7740fadec"
time=2026-08-09T09:29:31.005+08:00 level=DEBUG msg="discovery: skipping unreachable socket" socket=/tmp/tmux-501/ta-5bac69dbfe99 err="query tmux on /tmp/tmux-501/ta-5bac69dbfe99: exit status 1: no server running on /tmp/tmux-501/ta-5bac69dbfe99"
time=2026-08-09T09:29:31.017+08:00 level=DEBUG msg="discovery: skipping unreachable socket" socket=/tmp/tmux-501/ta-5d6d082f74c6 err="query tmux on /tmp/tmux-501/ta-5d6d082f74c6: exit status 1: no server running on /tmp/tmux-501/ta-5d6d082f74c6"
time=2026-08-09T09:29:31.023+08:00 level=DEBUG msg="discovery: skipping unreachable socket" socket=/tmp/tmux-501/ta-5f045cf48619 err="query tmux on /tmp/tmux-501/ta-5f045cf48619: exit status 1: no server running on /tmp/tmux-501/ta-5f045cf48619"
time=2026-08-09T09:29:31.035+08:00 level=DEBUG msg="discovery: skipping unreachable socket" socket=/tmp/tmux-501/ta-63bd43dc1eb7 err="query tmux on /tmp/tmux-501/ta-63bd43dc1eb7: exit status 1: no server running on /tmp/tmux-501/ta-63bd43dc1eb7"
time=2026-08-09T09:29:31.040+08:00 level=DEBUG msg="discovery: skipping unreachable socket" socket=/tmp/tmux-501/ta-648f0b64fb93 err="query tmux on /tmp/tmux-501/ta-648f0b64fb93: exit status 1: no server running on /tmp/tmux-501/ta-648f0b64fb93"
time=2026-08-09T09:29:31.052+08:00 level=DEBUG msg="discovery: skipping unreachable socket" socket=/tmp/tmux-501/ta-69187e22e8b0 err="query tmux on /tmp/tmux-501/ta-69187e22e8b0: exit status 1: no server running on /tmp/tmux-501/ta-69187e22e8b0"
time=2026-08-09T09:29:31.059+08:00 level=DEBUG msg="discovery: skipping unreachable socket" socket=/tmp/tmux-501/ta-69a1521c06b9 err="query tmux on /tmp/tmux-501/ta-69a1521c06b9: exit status 1: no server running on /tmp/tmux-501/ta-69a1521c06b9"
time=2026-08-09T09:29:31.065+08:00 level=DEBUG msg="discovery: skipping unreachable socket" socket=/tmp/tmux-501/ta-6b26f32298f1 err="query tmux on /tmp/tmux-501/ta-6b26f32298f1: exit status 1: no server running on /tmp/tmux-501/ta-6b26f32298f1"
time=2026-08-09T09:29:31.072+08:00 level=DEBUG msg="discovery: skipping unreachable socket" socket=/tmp/tmux-501/ta-6c005e9a3f39 err="query tmux on /tmp/tmux-501/ta-6c005e9a3f39: exit status 1: no server running on /tmp/tmux-501/ta-6c005e9a3f39"
time=2026-08-09T09:29:31.091+08:00 level=DEBUG msg="discovery: skipping unreachable socket" socket=/tmp/tmux-501/ta-7a8416afe095 err="query tmux on /tmp/tmux-501/ta-7a8416afe095: exit status 1: no server running on /tmp/tmux-501/ta-7a8416afe095"
time=2026-08-09T09:29:31.103+08:00 level=DEBUG msg="discovery: skipping unreachable socket" socket=/tmp/tmux-501/ta-7b8b9455aae8 err="query tmux on /tmp/tmux-501/ta-7b8b9455aae8: exit status 1: no server running on /tmp/tmux-501/ta-7b8b9455aae8"
time=2026-08-09T09:29:31.110+08:00 level=DEBUG msg="discovery: skipping unreachable socket" socket=/tmp/tmux-501/ta-7c8b9455ac9b err="query tmux on /tmp/tmux-501/ta-7c8b9455ac9b: exit status 1: no server running on /tmp/tmux-501/ta-7c8b9455ac9b"
time=2026-08-09T09:29:31.116+08:00 level=DEBUG msg="discovery: skipping unreachable socket" socket=/tmp/tmux-501/ta-7d95a33c35bb err="query tmux on /tmp/tmux-501/ta-7d95a33c35bb: exit status 1: no server running on /tmp/tmux-501/ta-7d95a33c35bb"
time=2026-08-09T09:29:31.122+08:00 level=DEBUG msg="discovery: skipping unreachable socket" socket=/tmp/tmux-501/ta-7e656aa70eac err="query tmux on /tmp/tmux-501/ta-7e656aa70eac: exit status 1: no server running on /tmp/tmux-501/ta-7e656aa70eac"
time=2026-08-09T09:29:31.128+08:00 level=DEBUG msg="discovery: skipping unreachable socket" socket=/tmp/tmux-501/ta-7e7d8c51114d err="query tmux on /tmp/tmux-501/ta-7e7d8c51114d: exit status 1: no server running on /tmp/tmux-501/ta-7e7d8c51114d"
time=2026-08-09T09:29:31.134+08:00 level=DEBUG msg="discovery: skipping unreachable socket" socket=/tmp/tmux-501/ta-8048ed81b9df err="query tmux on /tmp/tmux-501/ta-8048ed81b9df: exit status 1: no server running on /tmp/tmux-501/ta-8048ed81b9df"
time=2026-08-09T09:29:31.151+08:00 level=DEBUG msg="discovery: skipping unreachable socket" socket=/tmp/tmux-501/ta-833b364038e0 err="query tmux on /tmp/tmux-501/ta-833b364038e0: exit status 1: no server running on /tmp/tmux-501/ta-833b364038e0"
time=2026-08-09T09:29:31.157+08:00 level=DEBUG msg="discovery: skipping unreachable socket" socket=/tmp/tmux-501/ta-83e508ee7924 err="query tmux on /tmp/tmux-501/ta-83e508ee7924: exit status 1: no server running on /tmp/tmux-501/ta-83e508ee7924"
time=2026-08-09T09:29:31.169+08:00 level=DEBUG msg="discovery: skipping unreachable socket" socket=/tmp/tmux-501/ta-86cf9fb8afc6 err="query tmux on /tmp/tmux-501/ta-86cf9fb8afc6: exit status 1: no server running on /tmp/tmux-501/ta-86cf9fb8afc6"
time=2026-08-09T09:29:31.181+08:00 level=DEBUG msg="discovery: skipping unreachable socket" socket=/tmp/tmux-501/ta-8b8a20c82890 err="query tmux on /tmp/tmux-501/ta-8b8a20c82890: exit status 1: no server running on /tmp/tmux-501/ta-8b8a20c82890"
time=2026-08-09T09:29:31.187+08:00 level=DEBUG msg="discovery: skipping unreachable socket" socket=/tmp/tmux-501/ta-8bcd86c68271 err="query tmux on /tmp/tmux-501/ta-8bcd86c68271: exit status 1: no server running on /tmp/tmux-501/ta-8bcd86c68271"
time=2026-08-09T09:29:31.193+08:00 level=DEBUG msg="discovery: skipping unreachable socket" socket=/tmp/tmux-501/ta-8cedaec15c6c err="query tmux on /tmp/tmux-501/ta-8cedaec15c6c: exit status 1: no server running on /tmp/tmux-501/ta-8cedaec15c6c"
time=2026-08-09T09:29:31.198+08:00 level=DEBUG msg="discovery: skipping unreachable socket" socket=/tmp/tmux-501/ta-8e1d263384bf err="query tmux on /tmp/tmux-501/ta-8e1d263384bf: exit status 1: no server running on /tmp/tmux-501/ta-8e1d263384bf"
time=2026-08-09T09:29:31.204+08:00 level=DEBUG msg="discovery: skipping unreachable socket" socket=/tmp/tmux-501/ta-8f900bc847e5 err="query tmux on /tmp/tmux-501/ta-8f900bc847e5: exit status 1: no server running on /tmp/tmux-501/ta-8f900bc847e5"
time=2026-08-09T09:29:31.216+08:00 level=DEBUG msg="discovery: skipping unreachable socket" socket=/tmp/tmux-501/ta-9354fec1f143 err="query tmux on /tmp/tmux-501/ta-9354fec1f143: exit status 1: no server running on /tmp/tmux-501/ta-9354fec1f143"
time=2026-08-09T09:29:31.222+08:00 level=DEBUG msg="discovery: skipping unreachable socket" socket=/tmp/tmux-501/ta-945d4f57597e err="query tmux on /tmp/tmux-501/ta-945d4f57597e: exit status 1: no server running on /tmp/tmux-501/ta-945d4f57597e"
time=2026-08-09T09:29:31.233+08:00 level=DEBUG msg="discovery: skipping unreachable socket" socket=/tmp/tmux-501/ta-958bed53a01a err="query tmux on /tmp/tmux-501/ta-958bed53a01a: exit status 1: no server running on /tmp/tmux-501/ta-958bed53a01a"
time=2026-08-09T09:29:31.239+08:00 level=DEBUG msg="discovery: skipping unreachable socket" socket=/tmp/tmux-501/ta-960f84496264 err="query tmux on /tmp/tmux-501/ta-960f84496264: exit status 1: no server running on /tmp/tmux-501/ta-960f84496264"
time=2026-08-09T09:29:31.244+08:00 level=DEBUG msg="discovery: skipping unreachable socket" socket=/tmp/tmux-501/ta-97059410728a err="query tmux on /tmp/tmux-501/ta-97059410728a: exit status 1: no server running on /tmp/tmux-501/ta-97059410728a"
time=2026-08-09T09:29:31.251+08:00 level=DEBUG msg="discovery: skipping unreachable socket" socket=/tmp/tmux-501/ta-973a87a2cc74 err="query tmux on /tmp/tmux-501/ta-973a87a2cc74: exit status 1: no server running on /tmp/tmux-501/ta-973a87a2cc74"
time=2026-08-09T09:29:31.256+08:00 level=DEBUG msg="discovery: skipping unreachable socket" socket=/tmp/tmux-501/ta-9757a154bb9c err="query tmux on /tmp/tmux-501/ta-9757a154bb9c: exit status 1: no server running on /tmp/tmux-501/ta-9757a154bb9c"
time=2026-08-09T09:29:31.262+08:00 level=DEBUG msg="discovery: skipping unreachable socket" socket=/tmp/tmux-501/ta-979d8e92c318 err="query tmux on /tmp/tmux-501/ta-979d8e92c318: exit status 1: no server running on /tmp/tmux-501/ta-979d8e92c318"
time=2026-08-09T09:29:31.273+08:00 level=DEBUG msg="discovery: skipping unreachable socket" socket=/tmp/tmux-501/ta-9f9660deef84 err="query tmux on /tmp/tmux-501/ta-9f9660deef84: exit status 1: no server running on /tmp/tmux-501/ta-9f9660deef84"
time=2026-08-09T09:29:31.290+08:00 level=DEBUG msg="discovery: skipping unreachable socket" socket=/tmp/tmux-501/ta-a3613f1b7212 err="query tmux on /tmp/tmux-501/ta-a3613f1b7212: exit status 1: no server running on /tmp/tmux-501/ta-a3613f1b7212"
time=2026-08-09T09:29:31.297+08:00 level=DEBUG msg="discovery: skipping unreachable socket" socket=/tmp/tmux-501/ta-a468707981a6 err="query tmux on /tmp/tmux-501/ta-a468707981a6: exit status 1: no server running on /tmp/tmux-501/ta-a468707981a6"
time=2026-08-09T09:29:31.303+08:00 level=DEBUG msg="discovery: skipping unreachable socket" socket=/tmp/tmux-501/ta-a7343098f3d8 err="query tmux on /tmp/tmux-501/ta-a7343098f3d8: exit status 1: no server running on /tmp/tmux-501/ta-a7343098f3d8"
time=2026-08-09T09:29:31.308+08:00 level=DEBUG msg="discovery: skipping unreachable socket" socket=/tmp/tmux-501/ta-a9c99df321ff err="query tmux on /tmp/tmux-501/ta-a9c99df321ff: exit status 1: no server running on /tmp/tmux-501/ta-a9c99df321ff"
time=2026-08-09T09:29:31.320+08:00 level=DEBUG msg="discovery: skipping unreachable socket" socket=/tmp/tmux-501/ta-aaf9a48911e5 err="query tmux on /tmp/tmux-501/ta-aaf9a48911e5: exit status 1: no server running on /tmp/tmux-501/ta-aaf9a48911e5"
time=2026-08-09T09:29:31.325+08:00 level=DEBUG msg="discovery: skipping unreachable socket" socket=/tmp/tmux-501/ta-abb7129edd07 err="query tmux on /tmp/tmux-501/ta-abb7129edd07: exit status 1: no server running on /tmp/tmux-501/ta-abb7129edd07"
time=2026-08-09T09:29:31.337+08:00 level=DEBUG msg="discovery: skipping unreachable socket" socket=/tmp/tmux-501/ta-ad3662bf2e59 err="query tmux on /tmp/tmux-501/ta-ad3662bf2e59: exit status 1: no server running on /tmp/tmux-501/ta-ad3662bf2e59"
time=2026-08-09T09:29:31.349+08:00 level=DEBUG msg="discovery: skipping unreachable socket" socket=/tmp/tmux-501/ta-b2f7818b50cf err="query tmux on /tmp/tmux-501/ta-b2f7818b50cf: exit status 1: no server running on /tmp/tmux-501/ta-b2f7818b50cf"
time=2026-08-09T09:29:31.362+08:00 level=DEBUG msg="discovery: skipping unreachable socket" socket=/tmp/tmux-501/ta-b387d5c883b9 err="query tmux on /tmp/tmux-501/ta-b387d5c883b9: exit status 1: no server running on /tmp/tmux-501/ta-b387d5c883b9"
time=2026-08-09T09:29:31.368+08:00 level=DEBUG msg="discovery: skipping unreachable socket" socket=/tmp/tmux-501/ta-b3d4bd767a05 err="query tmux on /tmp/tmux-501/ta-b3d4bd767a05: exit status 1: no server running on /tmp/tmux-501/ta-b3d4bd767a05"
time=2026-08-09T09:29:31.374+08:00 level=DEBUG msg="discovery: skipping unreachable socket" socket=/tmp/tmux-501/ta-b4b521c41e9a err="query tmux on /tmp/tmux-501/ta-b4b521c41e9a: exit status 1: no server running on /tmp/tmux-501/ta-b4b521c41e9a"
time=2026-08-09T09:29:31.386+08:00 level=DEBUG msg="discovery: skipping unreachable socket" socket=/tmp/tmux-501/ta-b831b66f70cc err="query tmux on /tmp/tmux-501/ta-b831b66f70cc: exit status 1: no server running on /tmp/tmux-501/ta-b831b66f70cc"
time=2026-08-09T09:29:31.391+08:00 level=DEBUG msg="discovery: skipping unreachable socket" socket=/tmp/tmux-501/ta-b98f12cd39b4 err="query tmux on /tmp/tmux-501/ta-b98f12cd39b4: exit status 1: no server running on /tmp/tmux-501/ta-b98f12cd39b4"
time=2026-08-09T09:29:31.397+08:00 level=DEBUG msg="discovery: skipping unreachable socket" socket=/tmp/tmux-501/ta-baa84c7ccd1b err="query tmux on /tmp/tmux-501/ta-baa84c7ccd1b: exit status 1: no server running on /tmp/tmux-501/ta-baa84c7ccd1b"
time=2026-08-09T09:29:31.402+08:00 level=DEBUG msg="discovery: skipping unreachable socket" socket=/tmp/tmux-501/ta-bccf40f5c109 err="query tmux on /tmp/tmux-501/ta-bccf40f5c109: exit status 1: no server running on /tmp/tmux-501/ta-bccf40f5c109"
time=2026-08-09T09:29:31.408+08:00 level=DEBUG msg="discovery: skipping unreachable socket" socket=/tmp/tmux-501/ta-be68601ef2c2 err="query tmux on /tmp/tmux-501/ta-be68601ef2c2: exit status 1: no server running on /tmp/tmux-501/ta-be68601ef2c2"
time=2026-08-09T09:29:31.420+08:00 level=DEBUG msg="discovery: skipping unreachable socket" socket=/tmp/tmux-501/ta-c013b77ee6d0 err="query tmux on /tmp/tmux-501/ta-c013b77ee6d0: exit status 1: no server running on /tmp/tmux-501/ta-c013b77ee6d0"
time=2026-08-09T09:29:31.431+08:00 level=DEBUG msg="discovery: skipping unreachable socket" socket=/tmp/tmux-501/ta-c47e5da1bbb5 err="query tmux on /tmp/tmux-501/ta-c47e5da1bbb5: exit status 1: no server running on /tmp/tmux-501/ta-c47e5da1bbb5"
time=2026-08-09T09:29:31.437+08:00 level=DEBUG msg="discovery: skipping unreachable socket" socket=/tmp/tmux-501/ta-c4ba37813235 err="query tmux on /tmp/tmux-501/ta-c4ba37813235: exit status 1: no server running on /tmp/tmux-501/ta-c4ba37813235"
time=2026-08-09T09:29:31.443+08:00 level=DEBUG msg="discovery: skipping unreachable socket" socket=/tmp/tmux-501/ta-c8d771f5db35 err="query tmux on /tmp/tmux-501/ta-c8d771f5db35: exit status 1: no server running on /tmp/tmux-501/ta-c8d771f5db35"
time=2026-08-09T09:29:31.461+08:00 level=DEBUG msg="discovery: skipping unreachable socket" socket=/tmp/tmux-501/ta-cc16aeabca59 err="query tmux on /tmp/tmux-501/ta-cc16aeabca59: exit status 1: no server running on /tmp/tmux-501/ta-cc16aeabca59"
time=2026-08-09T09:29:31.467+08:00 level=DEBUG msg="discovery: skipping unreachable socket" socket=/tmp/tmux-501/ta-ce11924e1314 err="query tmux on /tmp/tmux-501/ta-ce11924e1314: exit status 1: no server running on /tmp/tmux-501/ta-ce11924e1314"
time=2026-08-09T09:29:31.472+08:00 level=DEBUG msg="discovery: skipping unreachable socket" socket=/tmp/tmux-501/ta-ce2610e8e580 err="query tmux on /tmp/tmux-501/ta-ce2610e8e580: exit status 1: no server running on /tmp/tmux-501/ta-ce2610e8e580"
time=2026-08-09T09:29:31.477+08:00 level=DEBUG msg="discovery: skipping unreachable socket" socket=/tmp/tmux-501/ta-d11e18966c74 err="query tmux on /tmp/tmux-501/ta-d11e18966c74: exit status 1: no server running on /tmp/tmux-501/ta-d11e18966c74"
time=2026-08-09T09:29:31.489+08:00 level=DEBUG msg="discovery: skipping unreachable socket" socket=/tmp/tmux-501/ta-d40048c2c630 err="query tmux on /tmp/tmux-501/ta-d40048c2c630: exit status 1: no server running on /tmp/tmux-501/ta-d40048c2c630"
time=2026-08-09T09:29:31.495+08:00 level=DEBUG msg="discovery: skipping unreachable socket" socket=/tmp/tmux-501/ta-d415485e29a9 err="query tmux on /tmp/tmux-501/ta-d415485e29a9: exit status 1: no server running on /tmp/tmux-501/ta-d415485e29a9"
time=2026-08-09T09:29:31.502+08:00 level=DEBUG msg="discovery: skipping unreachable socket" socket=/tmp/tmux-501/ta-d5e19fd8f2c0 err="query tmux on /tmp/tmux-501/ta-d5e19fd8f2c0: exit status 1: no server running on /tmp/tmux-501/ta-d5e19fd8f2c0"
time=2026-08-09T09:29:31.514+08:00 level=DEBUG msg="discovery: skipping unreachable socket" socket=/tmp/tmux-501/ta-d9da6ad8da3c err="query tmux on /tmp/tmux-501/ta-d9da6ad8da3c: exit status 1: no server running on /tmp/tmux-501/ta-d9da6ad8da3c"
time=2026-08-09T09:29:31.518+08:00 level=DEBUG msg="discovery: skipping unreachable socket" socket=/tmp/tmux-501/ta-da241611468d err="query tmux on /tmp/tmux-501/ta-da241611468d: exit status 1: no server running on /tmp/tmux-501/ta-da241611468d"
time=2026-08-09T09:29:31.524+08:00 level=DEBUG msg="discovery: skipping unreachable socket" socket=/tmp/tmux-501/ta-daa7d5056abd err="query tmux on /tmp/tmux-501/ta-daa7d5056abd: exit status 1: no server running on /tmp/tmux-501/ta-daa7d5056abd"
time=2026-08-09T09:29:31.548+08:00 level=DEBUG msg="discovery: skipping unreachable socket" socket=/tmp/tmux-501/ta-deea2d344db0 err="query tmux on /tmp/tmux-501/ta-deea2d344db0: exit status 1: no server running on /tmp/tmux-501/ta-deea2d344db0"
time=2026-08-09T09:29:31.553+08:00 level=DEBUG msg="discovery: skipping unreachable socket" socket=/tmp/tmux-501/ta-e0aefe0e13d3 err="query tmux on /tmp/tmux-501/ta-e0aefe0e13d3: exit status 1: no server running on /tmp/tmux-501/ta-e0aefe0e13d3"
time=2026-08-09T09:29:31.559+08:00 level=DEBUG msg="discovery: skipping unreachable socket" socket=/tmp/tmux-501/ta-e0bb903ebcb6 err="query tmux on /tmp/tmux-501/ta-e0bb903ebcb6: exit status 1: no server running on /tmp/tmux-501/ta-e0bb903ebcb6"
time=2026-08-09T09:29:31.571+08:00 level=DEBUG msg="discovery: skipping unreachable socket" socket=/tmp/tmux-501/ta-e3d25594c5b5 err="query tmux on /tmp/tmux-501/ta-e3d25594c5b5: exit status 1: no server running on /tmp/tmux-501/ta-e3d25594c5b5"
time=2026-08-09T09:29:31.577+08:00 level=DEBUG msg="discovery: skipping unreachable socket" socket=/tmp/tmux-501/ta-e6bb8500fc38 err="query tmux on /tmp/tmux-501/ta-e6bb8500fc38: exit status 1: no server running on /tmp/tmux-501/ta-e6bb8500fc38"
time=2026-08-09T09:29:31.583+08:00 level=DEBUG msg="discovery: skipping unreachable socket" socket=/tmp/tmux-501/ta-e6c2187f7096 err="query tmux on /tmp/tmux-501/ta-e6c2187f7096: exit status 1: no server running on /tmp/tmux-501/ta-e6c2187f7096"
time=2026-08-09T09:29:31.596+08:00 level=DEBUG msg="discovery: skipping unreachable socket" socket=/tmp/tmux-501/ta-e9a0c9c79a07 err="query tmux on /tmp/tmux-501/ta-e9a0c9c79a07: exit status 1: no server running on /tmp/tmux-501/ta-e9a0c9c79a07"
time=2026-08-09T09:29:31.609+08:00 level=DEBUG msg="discovery: skipping unreachable socket" socket=/tmp/tmux-501/ta-f11d5c565fda err="query tmux on /tmp/tmux-501/ta-f11d5c565fda: exit status 1: no server running on /tmp/tmux-501/ta-f11d5c565fda"
time=2026-08-09T09:29:31.615+08:00 level=DEBUG msg="discovery: skipping unreachable socket" socket=/tmp/tmux-501/ta-f2f2b8ceb968 err="query tmux on /tmp/tmux-501/ta-f2f2b8ceb968: exit status 1: no server running on /tmp/tmux-501/ta-f2f2b8ceb968"
time=2026-08-09T09:29:31.620+08:00 level=DEBUG msg="discovery: skipping unreachable socket" socket=/tmp/tmux-501/ta-f361188b7539 err="query tmux on /tmp/tmux-501/ta-f361188b7539: exit status 1: no server running on /tmp/tmux-501/ta-f361188b7539"
time=2026-08-09T09:29:31.632+08:00 level=DEBUG msg="discovery: skipping unreachable socket" socket=/tmp/tmux-501/ta-f680dc117b11 err="query tmux on /tmp/tmux-501/ta-f680dc117b11: exit status 1: no server running on /tmp/tmux-501/ta-f680dc117b11"
time=2026-08-09T09:29:31.638+08:00 level=DEBUG msg="discovery: skipping unreachable socket" socket=/tmp/tmux-501/ta-f719270c4c59 err="query tmux on /tmp/tmux-501/ta-f719270c4c59: exit status 1: no server running on /tmp/tmux-501/ta-f719270c4c59"
time=2026-08-09T09:29:31.644+08:00 level=DEBUG msg="discovery: skipping unreachable socket" socket=/tmp/tmux-501/ta-f82b970e1873 err="query tmux on /tmp/tmux-501/ta-f82b970e1873: exit status 1: no server running on /tmp/tmux-501/ta-f82b970e1873"
time=2026-08-09T09:29:31.649+08:00 level=DEBUG msg="discovery: skipping unreachable socket" socket=/tmp/tmux-501/ta-fcd628a94743 err="query tmux on /tmp/tmux-501/ta-fcd628a94743: exit status 1: no server running on /tmp/tmux-501/ta-fcd628a94743"
time=2026-08-09T09:29:31.656+08:00 level=DEBUG msg="discovery: skipping unreachable socket" socket=/tmp/tmux-501/ta-fd52a396a29f err="query tmux on /tmp/tmux-501/ta-fd52a396a29f: exit status 1: no server running on /tmp/tmux-501/ta-fd52a396a29f"
time=2026-08-09T09:29:31.663+08:00 level=DEBUG msg="discovery: skipping unreachable socket" socket=/tmp/tmux-501/ta-fdb0b3d91a30 err="query tmux on /tmp/tmux-501/ta-fdb0b3d91a30: exit status 1: no server running on /tmp/tmux-501/ta-fdb0b3d91a30"
time=2026-08-09T09:29:31.674+08:00 level=DEBUG msg="discovery: skipping unreachable socket" socket=/tmp/tmux-501/ta-ffd3b292ce18 err="query tmux on /tmp/tmux-501/ta-ffd3b292ce18: exit status 1: no server running on /tmp/tmux-501/ta-ffd3b292ce18"
time=2026-08-09T09:29:31.674+08:00 level=DEBUG msg="listing: no changes"
time=2026-08-09T09:29:31.692+08:00 level=DEBUG msg="discovery: skipping unreachable socket" socket=/tmp/tmux-501/ta-01126683e597 err="query tmux on /tmp/tmux-501/ta-01126683e597: exit status 1: no server running on /tmp/tmux-501/ta-01126683e597"
time=2026-08-09T09:29:31.697+08:00 level=DEBUG msg="discovery: skipping unreachable socket" socket=/tmp/tmux-501/ta-013ab1835f3d err="query tmux on /tmp/tmux-501/ta-013ab1835f3d: exit status 1: no server running on /tmp/tmux-501/ta-013ab1835f3d"
time=2026-08-09T09:29:31.703+08:00 level=DEBUG msg="discovery: skipping unreachable socket" socket=/tmp/tmux-501/ta-01ae7229ab34 err="query tmux on /tmp/tmux-501/ta-01ae7229ab34: exit status 1: no server running on /tmp/tmux-501/ta-01ae7229ab34"
time=2026-08-09T09:29:31.720+08:00 level=DEBUG msg="discovery: skipping unreachable socket" socket=/tmp/tmux-501/ta-068e05dab0f2 err="query tmux on /tmp/tmux-501/ta-068e05dab0f2: exit status 1: no server running on /tmp/tmux-501/ta-068e05dab0f2"
time=2026-08-09T09:29:31.726+08:00 level=DEBUG msg="discovery: skipping unreachable socket" socket=/tmp/tmux-501/ta-06c9f392130f err="query tmux on /tmp/tmux-501/ta-06c9f392130f: exit status 1: no server running on /tmp/tmux-501/ta-06c9f392130f"
time=2026-08-09T09:29:31.731+08:00 level=DEBUG msg="discovery: skipping unreachable socket" socket=/tmp/tmux-501/ta-06d4a2ee7518 err="query tmux on /tmp/tmux-501/ta-06d4a2ee7518: exit status 1: no server running on /tmp/tmux-501/ta-06d4a2ee7518"
time=2026-08-09T09:29:31.749+08:00 level=DEBUG msg="discovery: skipping unreachable socket" socket=/tmp/tmux-501/ta-0a72db2d2f8d err="query tmux on /tmp/tmux-501/ta-0a72db2d2f8d: exit status 1: no server running on /tmp/tmux-501/ta-0a72db2d2f8d"
time=2026-08-09T09:29:31.755+08:00 level=DEBUG msg="discovery: skipping unreachable socket" socket=/tmp/tmux-501/ta-0c2f41c7040c err="query tmux on /tmp/tmux-501/ta-0c2f41c7040c: exit status 1: no server running on /tmp/tmux-501/ta-0c2f41c7040c"
time=2026-08-09T09:29:31.762+08:00 level=DEBUG msg="discovery: skipping unreachable socket" socket=/tmp/tmux-501/ta-0d8be8a7829a err="query tmux on /tmp/tmux-501/ta-0d8be8a7829a: exit status 1: no server running on /tmp/tmux-501/ta-0d8be8a7829a"
time=2026-08-09T09:29:31.768+08:00 level=DEBUG msg="discovery: skipping unreachable socket" socket=/tmp/tmux-501/ta-12998fa42bdd err="query tmux on /tmp/tmux-501/ta-12998fa42bdd: exit status 1: no server running on /tmp/tmux-501/ta-12998fa42bdd"
time=2026-08-09T09:29:31.786+08:00 level=DEBUG msg="discovery: skipping unreachable socket" socket=/tmp/tmux-501/ta-179131c0076a err="query tmux on /tmp/tmux-501/ta-179131c0076a: exit status 1: no server running on /tmp/tmux-501/ta-179131c0076a"
time=2026-08-09T09:29:31.797+08:00 level=DEBUG msg="discovery: skipping unreachable socket" socket=/tmp/tmux-501/ta-1949e6b86881 err="query tmux on /tmp/tmux-501/ta-1949e6b86881: exit status 1: no server running on /tmp/tmux-501/ta-1949e6b86881"
time=2026-08-09T09:29:31.809+08:00 level=DEBUG msg="discovery: skipping unreachable socket" socket=/tmp/tmux-501/ta-207c04ef53a0 err="query tmux on /tmp/tmux-501/ta-207c04ef53a0: exit status 1: no server running on /tmp/tmux-501/ta-207c04ef53a0"
time=2026-08-09T09:29:31.815+08:00 level=DEBUG msg="discovery: skipping unreachable socket" socket=/tmp/tmux-501/ta-216636364606 err="query tmux on /tmp/tmux-501/ta-216636364606: exit status 1: no server running on /tmp/tmux-501/ta-216636364606"
time=2026-08-09T09:29:31.821+08:00 level=DEBUG msg="discovery: skipping unreachable socket" socket=/tmp/tmux-501/ta-21e91d9e0de3 err="query tmux on /tmp/tmux-501/ta-21e91d9e0de3: exit status 1: no server running on /tmp/tmux-501/ta-21e91d9e0de3"
time=2026-08-09T09:29:31.844+08:00 level=DEBUG msg="discovery: skipping unreachable socket" socket=/tmp/tmux-501/ta-24fce2185904 err="query tmux on /tmp/tmux-501/ta-24fce2185904: exit status 1: no server running on /tmp/tmux-501/ta-24fce2185904"
time=2026-08-09T09:29:31.850+08:00 level=DEBUG msg="discovery: skipping unreachable socket" socket=/tmp/tmux-501/ta-26f28692c57a err="query tmux on /tmp/tmux-501/ta-26f28692c57a: exit status 1: no server running on /tmp/tmux-501/ta-26f28692c57a"
time=2026-08-09T09:29:31.856+08:00 level=DEBUG msg="discovery: skipping unreachable socket" socket=/tmp/tmux-501/ta-282fba4016e1 err="query tmux on /tmp/tmux-501/ta-282fba4016e1: exit status 1: no server running on /tmp/tmux-501/ta-282fba4016e1"
time=2026-08-09T09:29:31.862+08:00 level=DEBUG msg="discovery: skipping unreachable socket" socket=/tmp/tmux-501/ta-286f7286ce54 err="query tmux on /tmp/tmux-501/ta-286f7286ce54: exit status 1: no server running on /tmp/tmux-501/ta-286f7286ce54"
time=2026-08-09T09:29:31.873+08:00 level=DEBUG msg="discovery: skipping unreachable socket" socket=/tmp/tmux-501/ta-288094083c2c err="query tmux on /tmp/tmux-501/ta-288094083c2c: exit status 1: no server running on /tmp/tmux-501/ta-288094083c2c"
time=2026-08-09T09:29:31.885+08:00 level=DEBUG msg="discovery: skipping unreachable socket" socket=/tmp/tmux-501/ta-2aae31361fa1 err="query tmux on /tmp/tmux-501/ta-2aae31361fa1: exit status 1: no server running on /tmp/tmux-501/ta-2aae31361fa1"
time=2026-08-09T09:29:31.891+08:00 level=DEBUG msg="discovery: skipping unreachable socket" socket=/tmp/tmux-501/ta-2ae1025c10d1 err="query tmux on /tmp/tmux-501/ta-2ae1025c10d1: exit status 1: no server running on /tmp/tmux-501/ta-2ae1025c10d1"
time=2026-08-09T09:29:31.896+08:00 level=DEBUG msg="discovery: skipping unreachable socket" socket=/tmp/tmux-501/ta-2cb694214071 err="query tmux on /tmp/tmux-501/ta-2cb694214071: exit status 1: no server running on /tmp/tmux-501/ta-2cb694214071"
time=2026-08-09T09:29:31.913+08:00 level=DEBUG msg="discovery: skipping unreachable socket" socket=/tmp/tmux-501/ta-3274a318dbc9 err="query tmux on /tmp/tmux-501/ta-3274a318dbc9: exit status 1: no server running on /tmp/tmux-501/ta-3274a318dbc9"
time=2026-08-09T09:29:31.925+08:00 level=DEBUG msg="discovery: skipping unreachable socket" socket=/tmp/tmux-501/ta-35ed7d2f51d9 err="query tmux on /tmp/tmux-501/ta-35ed7d2f51d9: exit status 1: no server running on /tmp/tmux-501/ta-35ed7d2f51d9"
time=2026-08-09T09:29:31.930+08:00 level=DEBUG msg="discovery: skipping unreachable socket" socket=/tmp/tmux-501/ta-362b16c58513 err="query tmux on /tmp/tmux-501/ta-362b16c58513: exit status 1: no server running on /tmp/tmux-501/ta-362b16c58513"
time=2026-08-09T09:29:31.936+08:00 level=DEBUG msg="discovery: skipping unreachable socket" socket=/tmp/tmux-501/ta-3833181162ac err="query tmux on /tmp/tmux-501/ta-3833181162ac: exit status 1: no server running on /tmp/tmux-501/ta-3833181162ac"
time=2026-08-09T09:29:31.942+08:00 level=DEBUG msg="discovery: skipping unreachable socket" socket=/tmp/tmux-501/ta-3ce72bbed4f2 err="query tmux on /tmp/tmux-501/ta-3ce72bbed4f2: exit status 1: no server running on /tmp/tmux-501/ta-3ce72bbed4f2"
time=2026-08-09T09:29:31.953+08:00 level=DEBUG msg="discovery: skipping unreachable socket" socket=/tmp/tmux-501/ta-3e93f5065209 err="query tmux on /tmp/tmux-501/ta-3e93f5065209: exit status 1: no server running on /tmp/tmux-501/ta-3e93f5065209"
time=2026-08-09T09:29:31.959+08:00 level=DEBUG msg="discovery: skipping unreachable socket" socket=/tmp/tmux-501/ta-4028cb65384b err="query tmux on /tmp/tmux-501/ta-4028cb65384b: exit status 1: no server running on /tmp/tmux-501/ta-4028cb65384b"
time=2026-08-09T09:29:31.965+08:00 level=DEBUG msg="discovery: skipping unreachable socket" socket=/tmp/tmux-501/ta-406246e480e7 err="query tmux on /tmp/tmux-501/ta-406246e480e7: exit status 1: no server running on /tmp/tmux-501/ta-406246e480e7"
time=2026-08-09T09:29:31.977+08:00 level=DEBUG msg="discovery: skipping unreachable socket" socket=/tmp/tmux-501/ta-438cff265841 err="query tmux on /tmp/tmux-501/ta-438cff265841: exit status 1: no server running on /tmp/tmux-501/ta-438cff265841"
time=2026-08-09T09:29:31.983+08:00 level=DEBUG msg="discovery: skipping unreachable socket" socket=/tmp/tmux-501/ta-43ce27abee3c err="query tmux on /tmp/tmux-501/ta-43ce27abee3c: exit status 1: no server running on /tmp/tmux-501/ta-43ce27abee3c"
time=2026-08-09T09:29:31.995+08:00 level=DEBUG msg="discovery: skipping unreachable socket" socket=/tmp/tmux-501/ta-44e75c59a69f err="query tmux on /tmp/tmux-501/ta-44e75c59a69f: exit status 1: no server running on /tmp/tmux-501/ta-44e75c59a69f"
time=2026-08-09T09:29:32.000+08:00 level=DEBUG msg="discovery: skipping unreachable socket" socket=/tmp/tmux-501/ta-46e0835ad8e4 err="query tmux on /tmp/tmux-501/ta-46e0835ad8e4: exit status 1: no server running on /tmp/tmux-501/ta-46e0835ad8e4"
time=2026-08-09T09:29:32.006+08:00 level=DEBUG msg="discovery: skipping unreachable socket" socket=/tmp/tmux-501/ta-4702165bbeaf err="query tmux on /tmp/tmux-501/ta-4702165bbeaf: exit status 1: no server running on /tmp/tmux-501/ta-4702165bbeaf"
time=2026-08-09T09:29:32.019+08:00 level=DEBUG msg="discovery: skipping unreachable socket" socket=/tmp/tmux-501/ta-4a7c411cbbe6 err="query tmux on /tmp/tmux-501/ta-4a7c411cbbe6: exit status 1: no server running on /tmp/tmux-501/ta-4a7c411cbbe6"
time=2026-08-09T09:29:32.025+08:00 level=DEBUG msg="discovery: skipping unreachable socket" socket=/tmp/tmux-501/ta-4a8e9f0c15b4 err="query tmux on /tmp/tmux-501/ta-4a8e9f0c15b4: exit status 1: no server running on /tmp/tmux-501/ta-4a8e9f0c15b4"
time=2026-08-09T09:29:32.031+08:00 level=DEBUG msg="discovery: skipping unreachable socket" socket=/tmp/tmux-501/ta-4dfb8cf29b53 err="query tmux on /tmp/tmux-501/ta-4dfb8cf29b53: exit status 1: no server running on /tmp/tmux-501/ta-4dfb8cf29b53"
time=2026-08-09T09:29:32.036+08:00 level=DEBUG msg="discovery: skipping unreachable socket" socket=/tmp/tmux-501/ta-4f3924cc4519 err="query tmux on /tmp/tmux-501/ta-4f3924cc4519: exit status 1: no server running on /tmp/tmux-501/ta-4f3924cc4519"
time=2026-08-09T09:29:32.042+08:00 level=DEBUG msg="discovery: skipping unreachable socket" socket=/tmp/tmux-501/ta-52394122babb err="query tmux on /tmp/tmux-501/ta-52394122babb: exit status 1: no server running on /tmp/tmux-501/ta-52394122babb"
time=2026-08-09T09:29:32.058+08:00 level=DEBUG msg="discovery: skipping unreachable socket" socket=/tmp/tmux-501/ta-577561874d9b err="query tmux on /tmp/tmux-501/ta-577561874d9b: exit status 1: no server running on /tmp/tmux-501/ta-577561874d9b"
time=2026-08-09T09:29:32.076+08:00 level=DEBUG msg="discovery: skipping unreachable socket" socket=/tmp/tmux-501/ta-5ba7740fadec err="query tmux on /tmp/tmux-501/ta-5ba7740fadec: exit status 1: no server running on /tmp/tmux-501/ta-5ba7740fadec"
time=2026-08-09T09:29:32.081+08:00 level=DEBUG msg="discovery: skipping unreachable socket" socket=/tmp/tmux-501/ta-5bac69dbfe99 err="query tmux on /tmp/tmux-501/ta-5bac69dbfe99: exit status 1: no server running on /tmp/tmux-501/ta-5bac69dbfe99"
time=2026-08-09T09:29:32.093+08:00 level=DEBUG msg="discovery: skipping unreachable socket" socket=/tmp/tmux-501/ta-5d6d082f74c6 err="query tmux on /tmp/tmux-501/ta-5d6d082f74c6: exit status 1: no server running on /tmp/tmux-501/ta-5d6d082f74c6"
time=2026-08-09T09:29:32.099+08:00 level=DEBUG msg="discovery: skipping unreachable socket" socket=/tmp/tmux-501/ta-5f045cf48619 err="query tmux on /tmp/tmux-501/ta-5f045cf48619: exit status 1: no server running on /tmp/tmux-501/ta-5f045cf48619"
time=2026-08-09T09:29:32.111+08:00 level=DEBUG msg="discovery: skipping unreachable socket" socket=/tmp/tmux-501/ta-63bd43dc1eb7 err="query tmux on /tmp/tmux-501/ta-63bd43dc1eb7: exit status 1: no server running on /tmp/tmux-501/ta-63bd43dc1eb7"
time=2026-08-09T09:29:32.117+08:00 level=DEBUG msg="discovery: skipping unreachable socket" socket=/tmp/tmux-501/ta-648f0b64fb93 err="query tmux on /tmp/tmux-501/ta-648f0b64fb93: exit status 1: no server running on /tmp/tmux-501/ta-648f0b64fb93"
time=2026-08-09T09:29:32.129+08:00 level=DEBUG msg="discovery: skipping unreachable socket" socket=/tmp/tmux-501/ta-69187e22e8b0 err="query tmux on /tmp/tmux-501/ta-69187e22e8b0: exit status 1: no server running on /tmp/tmux-501/ta-69187e22e8b0"
time=2026-08-09T09:29:32.135+08:00 level=DEBUG msg="discovery: skipping unreachable socket" socket=/tmp/tmux-501/ta-69a1521c06b9 err="query tmux on /tmp/tmux-501/ta-69a1521c06b9: exit status 1: no server running on /tmp/tmux-501/ta-69a1521c06b9"
time=2026-08-09T09:29:32.141+08:00 level=DEBUG msg="discovery: skipping unreachable socket" socket=/tmp/tmux-501/ta-6b26f32298f1 err="query tmux on /tmp/tmux-501/ta-6b26f32298f1: exit status 1: no server running on /tmp/tmux-501/ta-6b26f32298f1"
time=2026-08-09T09:29:32.146+08:00 level=DEBUG msg="discovery: skipping unreachable socket" socket=/tmp/tmux-501/ta-6c005e9a3f39 err="query tmux on /tmp/tmux-501/ta-6c005e9a3f39: exit status 1: no server running on /tmp/tmux-501/ta-6c005e9a3f39"
time=2026-08-09T09:29:32.165+08:00 level=DEBUG msg="discovery: skipping unreachable socket" socket=/tmp/tmux-501/ta-7a8416afe095 err="query tmux on /tmp/tmux-501/ta-7a8416afe095: exit status 1: no server running on /tmp/tmux-501/ta-7a8416afe095"
time=2026-08-09T09:29:32.176+08:00 level=DEBUG msg="discovery: skipping unreachable socket" socket=/tmp/tmux-501/ta-7b8b9455aae8 err="query tmux on /tmp/tmux-501/ta-7b8b9455aae8: exit status 1: no server running on /tmp/tmux-501/ta-7b8b9455aae8"
time=2026-08-09T09:29:32.182+08:00 level=DEBUG msg="discovery: skipping unreachable socket" socket=/tmp/tmux-501/ta-7c8b9455ac9b err="query tmux on /tmp/tmux-501/ta-7c8b9455ac9b: exit status 1: no server running on /tmp/tmux-501/ta-7c8b9455ac9b"
time=2026-08-09T09:29:32.187+08:00 level=DEBUG msg="discovery: skipping unreachable socket" socket=/tmp/tmux-501/ta-7d95a33c35bb err="query tmux on /tmp/tmux-501/ta-7d95a33c35bb: exit status 1: no server running on /tmp/tmux-501/ta-7d95a33c35bb"
time=2026-08-09T09:29:32.194+08:00 level=DEBUG msg="discovery: skipping unreachable socket" socket=/tmp/tmux-501/ta-7e656aa70eac err="query tmux on /tmp/tmux-501/ta-7e656aa70eac: exit status 1: no server running on /tmp/tmux-501/ta-7e656aa70eac"
time=2026-08-09T09:29:32.200+08:00 level=DEBUG msg="discovery: skipping unreachable socket" socket=/tmp/tmux-501/ta-7e7d8c51114d err="query tmux on /tmp/tmux-501/ta-7e7d8c51114d: exit status 1: no server running on /tmp/tmux-501/ta-7e7d8c51114d"
time=2026-08-09T09:29:32.205+08:00 level=DEBUG msg="discovery: skipping unreachable socket" socket=/tmp/tmux-501/ta-8048ed81b9df err="query tmux on /tmp/tmux-501/ta-8048ed81b9df: exit status 1: no server running on /tmp/tmux-501/ta-8048ed81b9df"
time=2026-08-09T09:29:32.222+08:00 level=DEBUG msg="discovery: skipping unreachable socket" socket=/tmp/tmux-501/ta-833b364038e0 err="query tmux on /tmp/tmux-501/ta-833b364038e0: exit status 1: no server running on /tmp/tmux-501/ta-833b364038e0"
time=2026-08-09T09:29:32.230+08:00 level=DEBUG msg="discovery: skipping unreachable socket" socket=/tmp/tmux-501/ta-83e508ee7924 err="query tmux on /tmp/tmux-501/ta-83e508ee7924: exit status 1: no server running on /tmp/tmux-501/ta-83e508ee7924"
time=2026-08-09T09:29:32.242+08:00 level=DEBUG msg="discovery: skipping unreachable socket" socket=/tmp/tmux-501/ta-86cf9fb8afc6 err="query tmux on /tmp/tmux-501/ta-86cf9fb8afc6: exit status 1: no server running on /tmp/tmux-501/ta-86cf9fb8afc6"
time=2026-08-09T09:29:32.253+08:00 level=DEBUG msg="discovery: skipping unreachable socket" socket=/tmp/tmux-501/ta-8b8a20c82890 err="query tmux on /tmp/tmux-501/ta-8b8a20c82890: exit status 1: no server running on /tmp/tmux-501/ta-8b8a20c82890"
time=2026-08-09T09:29:32.258+08:00 level=DEBUG msg="discovery: skipping unreachable socket" socket=/tmp/tmux-501/ta-8bcd86c68271 err="query tmux on /tmp/tmux-501/ta-8bcd86c68271: exit status 1: no server running on /tmp/tmux-501/ta-8bcd86c68271"
time=2026-08-09T09:29:32.264+08:00 level=DEBUG msg="discovery: skipping unreachable socket" socket=/tmp/tmux-501/ta-8cedaec15c6c err="query tmux on /tmp/tmux-501/ta-8cedaec15c6c: exit status 1: no server running on /tmp/tmux-501/ta-8cedaec15c6c"
time=2026-08-09T09:29:32.270+08:00 level=DEBUG msg="discovery: skipping unreachable socket" socket=/tmp/tmux-501/ta-8e1d263384bf err="query tmux on /tmp/tmux-501/ta-8e1d263384bf: exit status 1: no server running on /tmp/tmux-501/ta-8e1d263384bf"
time=2026-08-09T09:29:32.275+08:00 level=DEBUG msg="discovery: skipping unreachable socket" socket=/tmp/tmux-501/ta-8f900bc847e5 err="query tmux on /tmp/tmux-501/ta-8f900bc847e5: exit status 1: no server running on /tmp/tmux-501/ta-8f900bc847e5"
time=2026-08-09T09:29:32.288+08:00 level=DEBUG msg="discovery: skipping unreachable socket" socket=/tmp/tmux-501/ta-9354fec1f143 err="query tmux on /tmp/tmux-501/ta-9354fec1f143: exit status 1: no server running on /tmp/tmux-501/ta-9354fec1f143"
time=2026-08-09T09:29:32.293+08:00 level=DEBUG msg="discovery: skipping unreachable socket" socket=/tmp/tmux-501/ta-945d4f57597e err="query tmux on /tmp/tmux-501/ta-945d4f57597e: exit status 1: no server running on /tmp/tmux-501/ta-945d4f57597e"
time=2026-08-09T09:29:32.305+08:00 level=DEBUG msg="discovery: skipping unreachable socket" socket=/tmp/tmux-501/ta-958bed53a01a err="query tmux on /tmp/tmux-501/ta-958bed53a01a: exit status 1: no server running on /tmp/tmux-501/ta-958bed53a01a"
time=2026-08-09T09:29:32.311+08:00 level=DEBUG msg="discovery: skipping unreachable socket" socket=/tmp/tmux-501/ta-960f84496264 err="query tmux on /tmp/tmux-501/ta-960f84496264: exit status 1: no server running on /tmp/tmux-501/ta-960f84496264"
time=2026-08-09T09:29:32.316+08:00 level=DEBUG msg="discovery: skipping unreachable socket" socket=/tmp/tmux-501/ta-97059410728a err="query tmux on /tmp/tmux-501/ta-97059410728a: exit status 1: no server running on /tmp/tmux-501/ta-97059410728a"
time=2026-08-09T09:29:32.322+08:00 level=DEBUG msg="discovery: skipping unreachable socket" socket=/tmp/tmux-501/ta-973a87a2cc74 err="query tmux on /tmp/tmux-501/ta-973a87a2cc74: exit status 1: no server running on /tmp/tmux-501/ta-973a87a2cc74"
time=2026-08-09T09:29:32.327+08:00 level=DEBUG msg="discovery: skipping unreachable socket" socket=/tmp/tmux-501/ta-9757a154bb9c err="query tmux on /tmp/tmux-501/ta-9757a154bb9c: exit status 1: no server running on /tmp/tmux-501/ta-9757a154bb9c"
time=2026-08-09T09:29:32.333+08:00 level=DEBUG msg="discovery: skipping unreachable socket" socket=/tmp/tmux-501/ta-979d8e92c318 err="query tmux on /tmp/tmux-501/ta-979d8e92c318: exit status 1: no server running on /tmp/tmux-501/ta-979d8e92c318"
time=2026-08-09T09:29:32.345+08:00 level=DEBUG msg="discovery: skipping unreachable socket" socket=/tmp/tmux-501/ta-9f9660deef84 err="query tmux on /tmp/tmux-501/ta-9f9660deef84: exit status 1: no server running on /tmp/tmux-501/ta-9f9660deef84"
time=2026-08-09T09:29:32.362+08:00 level=DEBUG msg="discovery: skipping unreachable socket" socket=/tmp/tmux-501/ta-a3613f1b7212 err="query tmux on /tmp/tmux-501/ta-a3613f1b7212: exit status 1: no server running on /tmp/tmux-501/ta-a3613f1b7212"
time=2026-08-09T09:29:32.368+08:00 level=DEBUG msg="discovery: skipping unreachable socket" socket=/tmp/tmux-501/ta-a468707981a6 err="query tmux on /tmp/tmux-501/ta-a468707981a6: exit status 1: no server running on /tmp/tmux-501/ta-a468707981a6"
time=2026-08-09T09:29:32.374+08:00 level=DEBUG msg="discovery: skipping unreachable socket" socket=/tmp/tmux-501/ta-a7343098f3d8 err="query tmux on /tmp/tmux-501/ta-a7343098f3d8: exit status 1: no server running on /tmp/tmux-501/ta-a7343098f3d8"
time=2026-08-09T09:29:32.379+08:00 level=DEBUG msg="discovery: skipping unreachable socket" socket=/tmp/tmux-501/ta-a9c99df321ff err="query tmux on /tmp/tmux-501/ta-a9c99df321ff: exit status 1: no server running on /tmp/tmux-501/ta-a9c99df321ff"
time=2026-08-09T09:29:32.391+08:00 level=DEBUG msg="discovery: skipping unreachable socket" socket=/tmp/tmux-501/ta-aaf9a48911e5 err="query tmux on /tmp/tmux-501/ta-aaf9a48911e5: exit status 1: no server running on /tmp/tmux-501/ta-aaf9a48911e5"
time=2026-08-09T09:29:32.397+08:00 level=DEBUG msg="discovery: skipping unreachable socket" socket=/tmp/tmux-501/ta-abb7129edd07 err="query tmux on /tmp/tmux-501/ta-abb7129edd07: exit status 1: no server running on /tmp/tmux-501/ta-abb7129edd07"
time=2026-08-09T09:29:32.408+08:00 level=DEBUG msg="discovery: skipping unreachable socket" socket=/tmp/tmux-501/ta-ad3662bf2e59 err="query tmux on /tmp/tmux-501/ta-ad3662bf2e59: exit status 1: no server running on /tmp/tmux-501/ta-ad3662bf2e59"
time=2026-08-09T09:29:32.420+08:00 level=DEBUG msg="discovery: skipping unreachable socket" socket=/tmp/tmux-501/ta-b2f7818b50cf err="query tmux on /tmp/tmux-501/ta-b2f7818b50cf: exit status 1: no server running on /tmp/tmux-501/ta-b2f7818b50cf"
time=2026-08-09T09:29:32.431+08:00 level=DEBUG msg="discovery: skipping unreachable socket" socket=/tmp/tmux-501/ta-b387d5c883b9 err="query tmux on /tmp/tmux-501/ta-b387d5c883b9: exit status 1: no server running on /tmp/tmux-501/ta-b387d5c883b9"
time=2026-08-09T09:29:32.437+08:00 level=DEBUG msg="discovery: skipping unreachable socket" socket=/tmp/tmux-501/ta-b3d4bd767a05 err="query tmux on /tmp/tmux-501/ta-b3d4bd767a05: exit status 1: no server running on /tmp/tmux-501/ta-b3d4bd767a05"
time=2026-08-09T09:29:32.443+08:00 level=DEBUG msg="discovery: skipping unreachable socket" socket=/tmp/tmux-501/ta-b4b521c41e9a err="query tmux on /tmp/tmux-501/ta-b4b521c41e9a: exit status 1: no server running on /tmp/tmux-501/ta-b4b521c41e9a"
time=2026-08-09T09:29:32.455+08:00 level=DEBUG msg="discovery: skipping unreachable socket" socket=/tmp/tmux-501/ta-b831b66f70cc err="query tmux on /tmp/tmux-501/ta-b831b66f70cc: exit status 1: no server running on /tmp/tmux-501/ta-b831b66f70cc"
time=2026-08-09T09:29:32.461+08:00 level=DEBUG msg="discovery: skipping unreachable socket" socket=/tmp/tmux-501/ta-b98f12cd39b4 err="query tmux on /tmp/tmux-501/ta-b98f12cd39b4: exit status 1: no server running on /tmp/tmux-501/ta-b98f12cd39b4"
time=2026-08-09T09:29:32.467+08:00 level=DEBUG msg="discovery: skipping unreachable socket" socket=/tmp/tmux-501/ta-baa84c7ccd1b err="query tmux on /tmp/tmux-501/ta-baa84c7ccd1b: exit status 1: no server running on /tmp/tmux-501/ta-baa84c7ccd1b"
time=2026-08-09T09:29:32.472+08:00 level=DEBUG msg="discovery: skipping unreachable socket" socket=/tmp/tmux-501/ta-bccf40f5c109 err="query tmux on /tmp/tmux-501/ta-bccf40f5c109: exit status 1: no server running on /tmp/tmux-501/ta-bccf40f5c109"
time=2026-08-09T09:29:32.477+08:00 level=DEBUG msg="discovery: skipping unreachable socket" socket=/tmp/tmux-501/ta-be68601ef2c2 err="query tmux on /tmp/tmux-501/ta-be68601ef2c2: exit status 1: no server running on /tmp/tmux-501/ta-be68601ef2c2"
time=2026-08-09T09:29:32.489+08:00 level=DEBUG msg="discovery: skipping unreachable socket" socket=/tmp/tmux-501/ta-c013b77ee6d0 err="query tmux on /tmp/tmux-501/ta-c013b77ee6d0: exit status 1: no server running on /tmp/tmux-501/ta-c013b77ee6d0"
time=2026-08-09T09:29:32.500+08:00 level=DEBUG msg="discovery: skipping unreachable socket" socket=/tmp/tmux-501/ta-c47e5da1bbb5 err="query tmux on /tmp/tmux-501/ta-c47e5da1bbb5: exit status 1: no server running on /tmp/tmux-501/ta-c47e5da1bbb5"
time=2026-08-09T09:29:32.506+08:00 level=DEBUG msg="discovery: skipping unreachable socket" socket=/tmp/tmux-501/ta-c4ba37813235 err="query tmux on /tmp/tmux-501/ta-c4ba37813235: exit status 1: no server running on /tmp/tmux-501/ta-c4ba37813235"
time=2026-08-09T09:29:32.512+08:00 level=DEBUG msg="discovery: skipping unreachable socket" socket=/tmp/tmux-501/ta-c8d771f5db35 err="query tmux on /tmp/tmux-501/ta-c8d771f5db35: exit status 1: no server running on /tmp/tmux-501/ta-c8d771f5db35"
time=2026-08-09T09:29:32.531+08:00 level=DEBUG msg="discovery: skipping unreachable socket" socket=/tmp/tmux-501/ta-cc16aeabca59 err="query tmux on /tmp/tmux-501/ta-cc16aeabca59: exit status 1: no server running on /tmp/tmux-501/ta-cc16aeabca59"
time=2026-08-09T09:29:32.537+08:00 level=DEBUG msg="discovery: skipping unreachable socket" socket=/tmp/tmux-501/ta-ce11924e1314 err="query tmux on /tmp/tmux-501/ta-ce11924e1314: exit status 1: no server running on /tmp/tmux-501/ta-ce11924e1314"
time=2026-08-09T09:29:32.542+08:00 level=DEBUG msg="discovery: skipping unreachable socket" socket=/tmp/tmux-501/ta-ce2610e8e580 err="query tmux on /tmp/tmux-501/ta-ce2610e8e580: exit status 1: no server running on /tmp/tmux-501/ta-ce2610e8e580"
time=2026-08-09T09:29:32.547+08:00 level=DEBUG msg="discovery: skipping unreachable socket" socket=/tmp/tmux-501/ta-d11e18966c74 err="query tmux on /tmp/tmux-501/ta-d11e18966c74: exit status 1: no server running on /tmp/tmux-501/ta-d11e18966c74"
time=2026-08-09T09:29:32.559+08:00 level=DEBUG msg="discovery: skipping unreachable socket" socket=/tmp/tmux-501/ta-d40048c2c630 err="query tmux on /tmp/tmux-501/ta-d40048c2c630: exit status 1: no server running on /tmp/tmux-501/ta-d40048c2c630"
time=2026-08-09T09:29:32.564+08:00 level=DEBUG msg="discovery: skipping unreachable socket" socket=/tmp/tmux-501/ta-d415485e29a9 err="query tmux on /tmp/tmux-501/ta-d415485e29a9: exit status 1: no server running on /tmp/tmux-501/ta-d415485e29a9"
time=2026-08-09T09:29:32.570+08:00 level=DEBUG msg="discovery: skipping unreachable socket" socket=/tmp/tmux-501/ta-d5e19fd8f2c0 err="query tmux on /tmp/tmux-501/ta-d5e19fd8f2c0: exit status 1: no server running on /tmp/tmux-501/ta-d5e19fd8f2c0"
time=2026-08-09T09:29:32.580+08:00 level=DEBUG msg="discovery: skipping unreachable socket" socket=/tmp/tmux-501/ta-d9da6ad8da3c err="query tmux on /tmp/tmux-501/ta-d9da6ad8da3c: exit status 1: no server running on /tmp/tmux-501/ta-d9da6ad8da3c"
time=2026-08-09T09:29:32.586+08:00 level=DEBUG msg="discovery: skipping unreachable socket" socket=/tmp/tmux-501/ta-da241611468d err="query tmux on /tmp/tmux-501/ta-da241611468d: exit status 1: no server running on /tmp/tmux-501/ta-da241611468d"
time=2026-08-09T09:29:32.592+08:00 level=DEBUG msg="discovery: skipping unreachable socket" socket=/tmp/tmux-501/ta-daa7d5056abd err="query tmux on /tmp/tmux-501/ta-daa7d5056abd: exit status 1: no server running on /tmp/tmux-501/ta-daa7d5056abd"
time=2026-08-09T09:29:32.615+08:00 level=DEBUG msg="discovery: skipping unreachable socket" socket=/tmp/tmux-501/ta-deea2d344db0 err="query tmux on /tmp/tmux-501/ta-deea2d344db0: exit status 1: no server running on /tmp/tmux-501/ta-deea2d344db0"
time=2026-08-09T09:29:32.619+08:00 level=DEBUG msg="discovery: skipping unreachable socket" socket=/tmp/tmux-501/ta-e0aefe0e13d3 err="query tmux on /tmp/tmux-501/ta-e0aefe0e13d3: exit status 1: no server running on /tmp/tmux-501/ta-e0aefe0e13d3"
time=2026-08-09T09:29:32.625+08:00 level=DEBUG msg="discovery: skipping unreachable socket" socket=/tmp/tmux-501/ta-e0bb903ebcb6 err="query tmux on /tmp/tmux-501/ta-e0bb903ebcb6: exit status 1: no server running on /tmp/tmux-501/ta-e0bb903ebcb6"
time=2026-08-09T09:29:32.639+08:00 level=DEBUG msg="discovery: skipping unreachable socket" socket=/tmp/tmux-501/ta-e3d25594c5b5 err="query tmux on /tmp/tmux-501/ta-e3d25594c5b5: exit status 1: no server running on /tmp/tmux-501/ta-e3d25594c5b5"
time=2026-08-09T09:29:32.645+08:00 level=DEBUG msg="discovery: skipping unreachable socket" socket=/tmp/tmux-501/ta-e6bb8500fc38 err="query tmux on /tmp/tmux-501/ta-e6bb8500fc38: exit status 1: no server running on /tmp/tmux-501/ta-e6bb8500fc38"
time=2026-08-09T09:29:32.651+08:00 level=DEBUG msg="discovery: skipping unreachable socket" socket=/tmp/tmux-501/ta-e6c2187f7096 err="query tmux on /tmp/tmux-501/ta-e6c2187f7096: exit status 1: no server running on /tmp/tmux-501/ta-e6c2187f7096"
time=2026-08-09T09:29:32.663+08:00 level=DEBUG msg="discovery: skipping unreachable socket" socket=/tmp/tmux-501/ta-e9a0c9c79a07 err="query tmux on /tmp/tmux-501/ta-e9a0c9c79a07: exit status 1: no server running on /tmp/tmux-501/ta-e9a0c9c79a07"
time=2026-08-09T09:29:32.674+08:00 level=DEBUG msg="discovery: skipping unreachable socket" socket=/tmp/tmux-501/ta-f11d5c565fda err="query tmux on /tmp/tmux-501/ta-f11d5c565fda: exit status 1: no server running on /tmp/tmux-501/ta-f11d5c565fda"
time=2026-08-09T09:29:32.680+08:00 level=DEBUG msg="discovery: skipping unreachable socket" socket=/tmp/tmux-501/ta-f2f2b8ceb968 err="query tmux on /tmp/tmux-501/ta-f2f2b8ceb968: exit status 1: no server running on /tmp/tmux-501/ta-f2f2b8ceb968"
time=2026-08-09T09:29:32.686+08:00 level=DEBUG msg="discovery: skipping unreachable socket" socket=/tmp/tmux-501/ta-f361188b7539 err="query tmux on /tmp/tmux-501/ta-f361188b7539: exit status 1: no server running on /tmp/tmux-501/ta-f361188b7539"
time=2026-08-09T09:29:32.697+08:00 level=DEBUG msg="discovery: skipping unreachable socket" socket=/tmp/tmux-501/ta-f680dc117b11 err="query tmux on /tmp/tmux-501/ta-f680dc117b11: exit status 1: no server running on /tmp/tmux-501/ta-f680dc117b11"
time=2026-08-09T09:29:32.702+08:00 level=DEBUG msg="discovery: skipping unreachable socket" socket=/tmp/tmux-501/ta-f719270c4c59 err="query tmux on /tmp/tmux-501/ta-f719270c4c59: exit status 1: no server running on /tmp/tmux-501/ta-f719270c4c59"
time=2026-08-09T09:29:32.708+08:00 level=DEBUG msg="discovery: skipping unreachable socket" socket=/tmp/tmux-501/ta-f82b970e1873 err="query tmux on /tmp/tmux-501/ta-f82b970e1873: exit status 1: no server running on /tmp/tmux-501/ta-f82b970e1873"
time=2026-08-09T09:29:32.713+08:00 level=DEBUG msg="discovery: skipping unreachable socket" socket=/tmp/tmux-501/ta-fcd628a94743 err="query tmux on /tmp/tmux-501/ta-fcd628a94743: exit status 1: no server running on /tmp/tmux-501/ta-fcd628a94743"
time=2026-08-09T09:29:32.719+08:00 level=DEBUG msg="discovery: skipping unreachable socket" socket=/tmp/tmux-501/ta-fd52a396a29f err="query tmux on /tmp/tmux-501/ta-fd52a396a29f: exit status 1: no server running on /tmp/tmux-501/ta-fd52a396a29f"
time=2026-08-09T09:29:32.725+08:00 level=DEBUG msg="discovery: skipping unreachable socket" socket=/tmp/tmux-501/ta-fdb0b3d91a30 err="query tmux on /tmp/tmux-501/ta-fdb0b3d91a30: exit status 1: no server running on /tmp/tmux-501/ta-fdb0b3d91a30"
time=2026-08-09T09:29:32.736+08:00 level=DEBUG msg="discovery: skipping unreachable socket" socket=/tmp/tmux-501/ta-ffd3b292ce18 err="query tmux on /tmp/tmux-501/ta-ffd3b292ce18: exit status 1: no server running on /tmp/tmux-501/ta-ffd3b292ce18"
time=2026-08-09T09:29:32.736+08:00 level=DEBUG msg="listing: no changes"
time=2026-08-09T09:29:32.755+08:00 level=DEBUG msg="discovery: skipping unreachable socket" socket=/tmp/tmux-501/ta-01126683e597 err="query tmux on /tmp/tmux-501/ta-01126683e597: exit status 1: no server running on /tmp/tmux-501/ta-01126683e597"
time=2026-08-09T09:29:32.760+08:00 level=DEBUG msg="discovery: skipping unreachable socket" socket=/tmp/tmux-501/ta-013ab1835f3d err="query tmux on /tmp/tmux-501/ta-013ab1835f3d: exit status 1: no server running on /tmp/tmux-501/ta-013ab1835f3d"
time=2026-08-09T09:29:32.765+08:00 level=DEBUG msg="discovery: skipping unreachable socket" socket=/tmp/tmux-501/ta-01ae7229ab34 err="query tmux on /tmp/tmux-501/ta-01ae7229ab34: exit status 1: no server running on /tmp/tmux-501/ta-01ae7229ab34"
time=2026-08-09T09:29:32.783+08:00 level=DEBUG msg="discovery: skipping unreachable socket" socket=/tmp/tmux-501/ta-068e05dab0f2 err="query tmux on /tmp/tmux-501/ta-068e05dab0f2: exit status 1: no server running on /tmp/tmux-501/ta-068e05dab0f2"
time=2026-08-09T09:29:32.788+08:00 level=DEBUG msg="discovery: skipping unreachable socket" socket=/tmp/tmux-501/ta-06c9f392130f err="query tmux on /tmp/tmux-501/ta-06c9f392130f: exit status 1: no server running on /tmp/tmux-501/ta-06c9f392130f"
time=2026-08-09T09:29:32.794+08:00 level=DEBUG msg="discovery: skipping unreachable socket" socket=/tmp/tmux-501/ta-06d4a2ee7518 err="query tmux on /tmp/tmux-501/ta-06d4a2ee7518: exit status 1: no server running on /tmp/tmux-501/ta-06d4a2ee7518"
time=2026-08-09T09:29:32.811+08:00 level=DEBUG msg="discovery: skipping unreachable socket" socket=/tmp/tmux-501/ta-0a72db2d2f8d err="query tmux on /tmp/tmux-501/ta-0a72db2d2f8d: exit status 1: no server running on /tmp/tmux-501/ta-0a72db2d2f8d"
time=2026-08-09T09:29:32.816+08:00 level=DEBUG msg="discovery: skipping unreachable socket" socket=/tmp/tmux-501/ta-0c2f41c7040c err="query tmux on /tmp/tmux-501/ta-0c2f41c7040c: exit status 1: no server running on /tmp/tmux-501/ta-0c2f41c7040c"
time=2026-08-09T09:29:32.822+08:00 level=DEBUG msg="discovery: skipping unreachable socket" socket=/tmp/tmux-501/ta-0d8be8a7829a err="query tmux on /tmp/tmux-501/ta-0d8be8a7829a: exit status 1: no server running on /tmp/tmux-501/ta-0d8be8a7829a"
time=2026-08-09T09:29:32.828+08:00 level=DEBUG msg="discovery: skipping unreachable socket" socket=/tmp/tmux-501/ta-12998fa42bdd err="query tmux on /tmp/tmux-501/ta-12998fa42bdd: exit status 1: no server running on /tmp/tmux-501/ta-12998fa42bdd"
time=2026-08-09T09:29:32.845+08:00 level=DEBUG msg="discovery: skipping unreachable socket" socket=/tmp/tmux-501/ta-179131c0076a err="query tmux on /tmp/tmux-501/ta-179131c0076a: exit status 1: no server running on /tmp/tmux-501/ta-179131c0076a"
time=2026-08-09T09:29:32.857+08:00 level=DEBUG msg="discovery: skipping unreachable socket" socket=/tmp/tmux-501/ta-1949e6b86881 err="query tmux on /tmp/tmux-501/ta-1949e6b86881: exit status 1: no server running on /tmp/tmux-501/ta-1949e6b86881"
time=2026-08-09T09:29:32.869+08:00 level=DEBUG msg="discovery: skipping unreachable socket" socket=/tmp/tmux-501/ta-207c04ef53a0 err="query tmux on /tmp/tmux-501/ta-207c04ef53a0: exit status 1: no server running on /tmp/tmux-501/ta-207c04ef53a0"
time=2026-08-09T09:29:32.875+08:00 level=DEBUG msg="discovery: skipping unreachable socket" socket=/tmp/tmux-501/ta-216636364606 err="query tmux on /tmp/tmux-501/ta-216636364606: exit status 1: no server running on /tmp/tmux-501/ta-216636364606"
time=2026-08-09T09:29:32.881+08:00 level=DEBUG msg="discovery: skipping unreachable socket" socket=/tmp/tmux-501/ta-21e91d9e0de3 err="query tmux on /tmp/tmux-501/ta-21e91d9e0de3: exit status 1: no server running on /tmp/tmux-501/ta-21e91d9e0de3"
time=2026-08-09T09:29:32.905+08:00 level=DEBUG msg="discovery: skipping unreachable socket" socket=/tmp/tmux-501/ta-24fce2185904 err="query tmux on /tmp/tmux-501/ta-24fce2185904: exit status 1: no server running on /tmp/tmux-501/ta-24fce2185904"
time=2026-08-09T09:29:32.910+08:00 level=DEBUG msg="discovery: skipping unreachable socket" socket=/tmp/tmux-501/ta-26f28692c57a err="query tmux on /tmp/tmux-501/ta-26f28692c57a: exit status 1: no server running on /tmp/tmux-501/ta-26f28692c57a"
time=2026-08-09T09:29:32.916+08:00 level=DEBUG msg="discovery: skipping unreachable socket" socket=/tmp/tmux-501/ta-282fba4016e1 err="query tmux on /tmp/tmux-501/ta-282fba4016e1: exit status 1: no server running on /tmp/tmux-501/ta-282fba4016e1"
time=2026-08-09T09:29:32.922+08:00 level=DEBUG msg="discovery: skipping unreachable socket" socket=/tmp/tmux-501/ta-286f7286ce54 err="query tmux on /tmp/tmux-501/ta-286f7286ce54: exit status 1: no server running on /tmp/tmux-501/ta-286f7286ce54"
time=2026-08-09T09:29:32.935+08:00 level=DEBUG msg="discovery: skipping unreachable socket" socket=/tmp/tmux-501/ta-288094083c2c err="query tmux on /tmp/tmux-501/ta-288094083c2c: exit status 1: no server running on /tmp/tmux-501/ta-288094083c2c"
time=2026-08-09T09:29:32.947+08:00 level=DEBUG msg="discovery: skipping unreachable socket" socket=/tmp/tmux-501/ta-2aae31361fa1 err="query tmux on /tmp/tmux-501/ta-2aae31361fa1: exit status 1: no server running on /tmp/tmux-501/ta-2aae31361fa1"
time=2026-08-09T09:29:32.953+08:00 level=DEBUG msg="discovery: skipping unreachable socket" socket=/tmp/tmux-501/ta-2ae1025c10d1 err="query tmux on /tmp/tmux-501/ta-2ae1025c10d1: exit status 1: no server running on /tmp/tmux-501/ta-2ae1025c10d1"
time=2026-08-09T09:29:32.958+08:00 level=DEBUG msg="discovery: skipping unreachable socket" socket=/tmp/tmux-501/ta-2cb694214071 err="query tmux on /tmp/tmux-501/ta-2cb694214071: exit status 1: no server running on /tmp/tmux-501/ta-2cb694214071"
time=2026-08-09T09:29:32.976+08:00 level=DEBUG msg="discovery: skipping unreachable socket" socket=/tmp/tmux-501/ta-3274a318dbc9 err="query tmux on /tmp/tmux-501/ta-3274a318dbc9: exit status 1: no server running on /tmp/tmux-501/ta-3274a318dbc9"
time=2026-08-09T09:29:32.987+08:00 level=DEBUG msg="discovery: skipping unreachable socket" socket=/tmp/tmux-501/ta-35ed7d2f51d9 err="query tmux on /tmp/tmux-501/ta-35ed7d2f51d9: exit status 1: no server running on /tmp/tmux-501/ta-35ed7d2f51d9"
time=2026-08-09T09:29:32.993+08:00 level=DEBUG msg="discovery: skipping unreachable socket" socket=/tmp/tmux-501/ta-362b16c58513 err="query tmux on /tmp/tmux-501/ta-362b16c58513: exit status 1: no server running on /tmp/tmux-501/ta-362b16c58513"
time=2026-08-09T09:29:32.999+08:00 level=DEBUG msg="discovery: skipping unreachable socket" socket=/tmp/tmux-501/ta-3833181162ac err="query tmux on /tmp/tmux-501/ta-3833181162ac: exit status 1: no server running on /tmp/tmux-501/ta-3833181162ac"
time=2026-08-09T09:29:33.005+08:00 level=DEBUG msg="discovery: skipping unreachable socket" socket=/tmp/tmux-501/ta-3ce72bbed4f2 err="query tmux on /tmp/tmux-501/ta-3ce72bbed4f2: exit status 1: no server running on /tmp/tmux-501/ta-3ce72bbed4f2"
time=2026-08-09T09:29:33.016+08:00 level=DEBUG msg="discovery: skipping unreachable socket" socket=/tmp/tmux-501/ta-3e93f5065209 err="query tmux on /tmp/tmux-501/ta-3e93f5065209: exit status 1: no server running on /tmp/tmux-501/ta-3e93f5065209"
time=2026-08-09T09:29:33.023+08:00 level=DEBUG msg="discovery: skipping unreachable socket" socket=/tmp/tmux-501/ta-4028cb65384b err="query tmux on /tmp/tmux-501/ta-4028cb65384b: exit status 1: no server running on /tmp/tmux-501/ta-4028cb65384b"
time=2026-08-09T09:29:33.030+08:00 level=DEBUG msg="discovery: skipping unreachable socket" socket=/tmp/tmux-501/ta-406246e480e7 err="query tmux on /tmp/tmux-501/ta-406246e480e7: exit status 1: no server running on /tmp/tmux-501/ta-406246e480e7"
time=2026-08-09T09:29:33.043+08:00 level=DEBUG msg="discovery: skipping unreachable socket" socket=/tmp/tmux-501/ta-438cff265841 err="query tmux on /tmp/tmux-501/ta-438cff265841: exit status 1: no server running on /tmp/tmux-501/ta-438cff265841"
time=2026-08-09T09:29:33.048+08:00 level=DEBUG msg="discovery: skipping unreachable socket" socket=/tmp/tmux-501/ta-43ce27abee3c err="query tmux on /tmp/tmux-501/ta-43ce27abee3c: exit status 1: no server running on /tmp/tmux-501/ta-43ce27abee3c"
time=2026-08-09T09:29:33.059+08:00 level=DEBUG msg="discovery: skipping unreachable socket" socket=/tmp/tmux-501/ta-44e75c59a69f err="query tmux on /tmp/tmux-501/ta-44e75c59a69f: exit status 1: no server running on /tmp/tmux-501/ta-44e75c59a69f"
time=2026-08-09T09:29:33.065+08:00 level=DEBUG msg="discovery: skipping unreachable socket" socket=/tmp/tmux-501/ta-46e0835ad8e4 err="query tmux on /tmp/tmux-501/ta-46e0835ad8e4: exit status 1: no server running on /tmp/tmux-501/ta-46e0835ad8e4"
time=2026-08-09T09:29:33.071+08:00 level=DEBUG msg="discovery: skipping unreachable socket" socket=/tmp/tmux-501/ta-4702165bbeaf err="query tmux on /tmp/tmux-501/ta-4702165bbeaf: exit status 1: no server running on /tmp/tmux-501/ta-4702165bbeaf"
time=2026-08-09T09:29:33.084+08:00 level=DEBUG msg="discovery: skipping unreachable socket" socket=/tmp/tmux-501/ta-4a7c411cbbe6 err="query tmux on /tmp/tmux-501/ta-4a7c411cbbe6: exit status 1: no server running on /tmp/tmux-501/ta-4a7c411cbbe6"
time=2026-08-09T09:29:33.089+08:00 level=DEBUG msg="discovery: skipping unreachable socket" socket=/tmp/tmux-501/ta-4a8e9f0c15b4 err="query tmux on /tmp/tmux-501/ta-4a8e9f0c15b4: exit status 1: no server running on /tmp/tmux-501/ta-4a8e9f0c15b4"
time=2026-08-09T09:29:33.095+08:00 level=DEBUG msg="discovery: skipping unreachable socket" socket=/tmp/tmux-501/ta-4dfb8cf29b53 err="query tmux on /tmp/tmux-501/ta-4dfb8cf29b53: exit status 1: no server running on /tmp/tmux-501/ta-4dfb8cf29b53"
time=2026-08-09T09:29:33.101+08:00 level=DEBUG msg="discovery: skipping unreachable socket" socket=/tmp/tmux-501/ta-4f3924cc4519 err="query tmux on /tmp/tmux-501/ta-4f3924cc4519: exit status 1: no server running on /tmp/tmux-501/ta-4f3924cc4519"
time=2026-08-09T09:29:33.107+08:00 level=DEBUG msg="discovery: skipping unreachable socket" socket=/tmp/tmux-501/ta-52394122babb err="query tmux on /tmp/tmux-501/ta-52394122babb: exit status 1: no server running on /tmp/tmux-501/ta-52394122babb"
time=2026-08-09T09:29:33.124+08:00 level=DEBUG msg="discovery: skipping unreachable socket" socket=/tmp/tmux-501/ta-577561874d9b err="query tmux on /tmp/tmux-501/ta-577561874d9b: exit status 1: no server running on /tmp/tmux-501/ta-577561874d9b"
time=2026-08-09T09:29:33.142+08:00 level=DEBUG msg="discovery: skipping unreachable socket" socket=/tmp/tmux-501/ta-5ba7740fadec err="query tmux on /tmp/tmux-501/ta-5ba7740fadec: exit status 1: no server running on /tmp/tmux-501/ta-5ba7740fadec"
time=2026-08-09T09:29:33.147+08:00 level=DEBUG msg="discovery: skipping unreachable socket" socket=/tmp/tmux-501/ta-5bac69dbfe99 err="query tmux on /tmp/tmux-501/ta-5bac69dbfe99: exit status 1: no server running on /tmp/tmux-501/ta-5bac69dbfe99"
time=2026-08-09T09:29:33.158+08:00 level=DEBUG msg="discovery: skipping unreachable socket" socket=/tmp/tmux-501/ta-5d6d082f74c6 err="query tmux on /tmp/tmux-501/ta-5d6d082f74c6: exit status 1: no server running on /tmp/tmux-501/ta-5d6d082f74c6"
time=2026-08-09T09:29:33.164+08:00 level=DEBUG msg="discovery: skipping unreachable socket" socket=/tmp/tmux-501/ta-5f045cf48619 err="query tmux on /tmp/tmux-501/ta-5f045cf48619: exit status 1: no server running on /tmp/tmux-501/ta-5f045cf48619"
time=2026-08-09T09:29:33.176+08:00 level=DEBUG msg="discovery: skipping unreachable socket" socket=/tmp/tmux-501/ta-63bd43dc1eb7 err="query tmux on /tmp/tmux-501/ta-63bd43dc1eb7: exit status 1: no server running on /tmp/tmux-501/ta-63bd43dc1eb7"
time=2026-08-09T09:29:33.182+08:00 level=DEBUG msg="discovery: skipping unreachable socket" socket=/tmp/tmux-501/ta-648f0b64fb93 err="query tmux on /tmp/tmux-501/ta-648f0b64fb93: exit status 1: no server running on /tmp/tmux-501/ta-648f0b64fb93"
time=2026-08-09T09:29:33.194+08:00 level=DEBUG msg="discovery: skipping unreachable socket" socket=/tmp/tmux-501/ta-69187e22e8b0 err="query tmux on /tmp/tmux-501/ta-69187e22e8b0: exit status 1: no server running on /tmp/tmux-501/ta-69187e22e8b0"
time=2026-08-09T09:29:33.200+08:00 level=DEBUG msg="discovery: skipping unreachable socket" socket=/tmp/tmux-501/ta-69a1521c06b9 err="query tmux on /tmp/tmux-501/ta-69a1521c06b9: exit status 1: no server running on /tmp/tmux-501/ta-69a1521c06b9"
time=2026-08-09T09:29:33.205+08:00 level=DEBUG msg="discovery: skipping unreachable socket" socket=/tmp/tmux-501/ta-6b26f32298f1 err="query tmux on /tmp/tmux-501/ta-6b26f32298f1: exit status 1: no server running on /tmp/tmux-501/ta-6b26f32298f1"
time=2026-08-09T09:29:33.211+08:00 level=DEBUG msg="discovery: skipping unreachable socket" socket=/tmp/tmux-501/ta-6c005e9a3f39 err="query tmux on /tmp/tmux-501/ta-6c005e9a3f39: exit status 1: no server running on /tmp/tmux-501/ta-6c005e9a3f39"
time=2026-08-09T09:29:33.229+08:00 level=DEBUG msg="discovery: skipping unreachable socket" socket=/tmp/tmux-501/ta-7a8416afe095 err="query tmux on /tmp/tmux-501/ta-7a8416afe095: exit status 1: no server running on /tmp/tmux-501/ta-7a8416afe095"
time=2026-08-09T09:29:33.241+08:00 level=DEBUG msg="discovery: skipping unreachable socket" socket=/tmp/tmux-501/ta-7b8b9455aae8 err="query tmux on /tmp/tmux-501/ta-7b8b9455aae8: exit status 1: no server running on /tmp/tmux-501/ta-7b8b9455aae8"
time=2026-08-09T09:29:33.247+08:00 level=DEBUG msg="discovery: skipping unreachable socket" socket=/tmp/tmux-501/ta-7c8b9455ac9b err="query tmux on /tmp/tmux-501/ta-7c8b9455ac9b: exit status 1: no server running on /tmp/tmux-501/ta-7c8b9455ac9b"
time=2026-08-09T09:29:33.252+08:00 level=DEBUG msg="discovery: skipping unreachable socket" socket=/tmp/tmux-501/ta-7d95a33c35bb err="query tmux on /tmp/tmux-501/ta-7d95a33c35bb: exit status 1: no server running on /tmp/tmux-501/ta-7d95a33c35bb"
time=2026-08-09T09:29:33.257+08:00 level=DEBUG msg="discovery: skipping unreachable socket" socket=/tmp/tmux-501/ta-7e656aa70eac err="query tmux on /tmp/tmux-501/ta-7e656aa70eac: exit status 1: no server running on /tmp/tmux-501/ta-7e656aa70eac"
time=2026-08-09T09:29:33.263+08:00 level=DEBUG msg="discovery: skipping unreachable socket" socket=/tmp/tmux-501/ta-7e7d8c51114d err="query tmux on /tmp/tmux-501/ta-7e7d8c51114d: exit status 1: no server running on /tmp/tmux-501/ta-7e7d8c51114d"
time=2026-08-09T09:29:33.269+08:00 level=DEBUG msg="discovery: skipping unreachable socket" socket=/tmp/tmux-501/ta-8048ed81b9df err="query tmux on /tmp/tmux-501/ta-8048ed81b9df: exit status 1: no server running on /tmp/tmux-501/ta-8048ed81b9df"
time=2026-08-09T09:29:33.286+08:00 level=DEBUG msg="discovery: skipping unreachable socket" socket=/tmp/tmux-501/ta-833b364038e0 err="query tmux on /tmp/tmux-501/ta-833b364038e0: exit status 1: no server running on /tmp/tmux-501/ta-833b364038e0"
time=2026-08-09T09:29:33.292+08:00 level=DEBUG msg="discovery: skipping unreachable socket" socket=/tmp/tmux-501/ta-83e508ee7924 err="query tmux on /tmp/tmux-501/ta-83e508ee7924: exit status 1: no server running on /tmp/tmux-501/ta-83e508ee7924"
time=2026-08-09T09:29:33.306+08:00 level=DEBUG msg="discovery: skipping unreachable socket" socket=/tmp/tmux-501/ta-86cf9fb8afc6 err="query tmux on /tmp/tmux-501/ta-86cf9fb8afc6: exit status 1: no server running on /tmp/tmux-501/ta-86cf9fb8afc6"
time=2026-08-09T09:29:33.318+08:00 level=DEBUG msg="discovery: skipping unreachable socket" socket=/tmp/tmux-501/ta-8b8a20c82890 err="query tmux on /tmp/tmux-501/ta-8b8a20c82890: exit status 1: no server running on /tmp/tmux-501/ta-8b8a20c82890"
time=2026-08-09T09:29:33.325+08:00 level=DEBUG msg="discovery: skipping unreachable socket" socket=/tmp/tmux-501/ta-8bcd86c68271 err="query tmux on /tmp/tmux-501/ta-8bcd86c68271: exit status 1: no server running on /tmp/tmux-501/ta-8bcd86c68271"
time=2026-08-09T09:29:33.330+08:00 level=DEBUG msg="discovery: skipping unreachable socket" socket=/tmp/tmux-501/ta-8cedaec15c6c err="query tmux on /tmp/tmux-501/ta-8cedaec15c6c: exit status 1: no server running on /tmp/tmux-501/ta-8cedaec15c6c"
time=2026-08-09T09:29:33.338+08:00 level=DEBUG msg="discovery: skipping unreachable socket" socket=/tmp/tmux-501/ta-8e1d263384bf err="query tmux on /tmp/tmux-501/ta-8e1d263384bf: exit status 1: no server running on /tmp/tmux-501/ta-8e1d263384bf"
time=2026-08-09T09:29:33.344+08:00 level=DEBUG msg="discovery: skipping unreachable socket" socket=/tmp/tmux-501/ta-8f900bc847e5 err="query tmux on /tmp/tmux-501/ta-8f900bc847e5: exit status 1: no server running on /tmp/tmux-501/ta-8f900bc847e5"
time=2026-08-09T09:29:33.355+08:00 level=DEBUG msg="discovery: skipping unreachable socket" socket=/tmp/tmux-501/ta-9354fec1f143 err="query tmux on /tmp/tmux-501/ta-9354fec1f143: exit status 1: no server running on /tmp/tmux-501/ta-9354fec1f143"
time=2026-08-09T09:29:33.362+08:00 level=DEBUG msg="discovery: skipping unreachable socket" socket=/tmp/tmux-501/ta-945d4f57597e err="query tmux on /tmp/tmux-501/ta-945d4f57597e: exit status 1: no server running on /tmp/tmux-501/ta-945d4f57597e"
time=2026-08-09T09:29:33.373+08:00 level=DEBUG msg="discovery: skipping unreachable socket" socket=/tmp/tmux-501/ta-958bed53a01a err="query tmux on /tmp/tmux-501/ta-958bed53a01a: exit status 1: no server running on /tmp/tmux-501/ta-958bed53a01a"
time=2026-08-09T09:29:33.379+08:00 level=DEBUG msg="discovery: skipping unreachable socket" socket=/tmp/tmux-501/ta-960f84496264 err="query tmux on /tmp/tmux-501/ta-960f84496264: exit status 1: no server running on /tmp/tmux-501/ta-960f84496264"
time=2026-08-09T09:29:33.385+08:00 level=DEBUG msg="discovery: skipping unreachable socket" socket=/tmp/tmux-501/ta-97059410728a err="query tmux on /tmp/tmux-501/ta-97059410728a: exit status 1: no server running on /tmp/tmux-501/ta-97059410728a"
time=2026-08-09T09:29:33.390+08:00 level=DEBUG msg="discovery: skipping unreachable socket" socket=/tmp/tmux-501/ta-973a87a2cc74 err="query tmux on /tmp/tmux-501/ta-973a87a2cc74: exit status 1: no server running on /tmp/tmux-501/ta-973a87a2cc74"
time=2026-08-09T09:29:33.396+08:00 level=DEBUG msg="discovery: skipping unreachable socket" socket=/tmp/tmux-501/ta-9757a154bb9c err="query tmux on /tmp/tmux-501/ta-9757a154bb9c: exit status 1: no server running on /tmp/tmux-501/ta-9757a154bb9c"
time=2026-08-09T09:29:33.402+08:00 level=DEBUG msg="discovery: skipping unreachable socket" socket=/tmp/tmux-501/ta-979d8e92c318 err="query tmux on /tmp/tmux-501/ta-979d8e92c318: exit status 1: no server running on /tmp/tmux-501/ta-979d8e92c318"
time=2026-08-09T09:29:33.414+08:00 level=DEBUG msg="discovery: skipping unreachable socket" socket=/tmp/tmux-501/ta-9f9660deef84 err="query tmux on /tmp/tmux-501/ta-9f9660deef84: exit status 1: no server running on /tmp/tmux-501/ta-9f9660deef84"
time=2026-08-09T09:29:33.432+08:00 level=DEBUG msg="discovery: skipping unreachable socket" socket=/tmp/tmux-501/ta-a3613f1b7212 err="query tmux on /tmp/tmux-501/ta-a3613f1b7212: exit status 1: no server running on /tmp/tmux-501/ta-a3613f1b7212"
time=2026-08-09T09:29:33.437+08:00 level=DEBUG msg="discovery: skipping unreachable socket" socket=/tmp/tmux-501/ta-a468707981a6 err="query tmux on /tmp/tmux-501/ta-a468707981a6: exit status 1: no server running on /tmp/tmux-501/ta-a468707981a6"
time=2026-08-09T09:29:33.443+08:00 level=DEBUG msg="discovery: skipping unreachable socket" socket=/tmp/tmux-501/ta-a7343098f3d8 err="query tmux on /tmp/tmux-501/ta-a7343098f3d8: exit status 1: no server running on /tmp/tmux-501/ta-a7343098f3d8"
time=2026-08-09T09:29:33.449+08:00 level=DEBUG msg="discovery: skipping unreachable socket" socket=/tmp/tmux-501/ta-a9c99df321ff err="query tmux on /tmp/tmux-501/ta-a9c99df321ff: exit status 1: no server running on /tmp/tmux-501/ta-a9c99df321ff"
time=2026-08-09T09:29:33.460+08:00 level=DEBUG msg="discovery: skipping unreachable socket" socket=/tmp/tmux-501/ta-aaf9a48911e5 err="query tmux on /tmp/tmux-501/ta-aaf9a48911e5: exit status 1: no server running on /tmp/tmux-501/ta-aaf9a48911e5"
time=2026-08-09T09:29:33.467+08:00 level=DEBUG msg="discovery: skipping unreachable socket" socket=/tmp/tmux-501/ta-abb7129edd07 err="query tmux on /tmp/tmux-501/ta-abb7129edd07: exit status 1: no server running on /tmp/tmux-501/ta-abb7129edd07"
time=2026-08-09T09:29:33.477+08:00 level=DEBUG msg="discovery: skipping unreachable socket" socket=/tmp/tmux-501/ta-ad3662bf2e59 err="query tmux on /tmp/tmux-501/ta-ad3662bf2e59: exit status 1: no server running on /tmp/tmux-501/ta-ad3662bf2e59"
time=2026-08-09T09:29:33.489+08:00 level=DEBUG msg="discovery: skipping unreachable socket" socket=/tmp/tmux-501/ta-b2f7818b50cf err="query tmux on /tmp/tmux-501/ta-b2f7818b50cf: exit status 1: no server running on /tmp/tmux-501/ta-b2f7818b50cf"
time=2026-08-09T09:29:33.501+08:00 level=DEBUG msg="discovery: skipping unreachable socket" socket=/tmp/tmux-501/ta-b387d5c883b9 err="query tmux on /tmp/tmux-501/ta-b387d5c883b9: exit status 1: no server running on /tmp/tmux-501/ta-b387d5c883b9"
time=2026-08-09T09:29:33.506+08:00 level=DEBUG msg="discovery: skipping unreachable socket" socket=/tmp/tmux-501/ta-b3d4bd767a05 err="query tmux on /tmp/tmux-501/ta-b3d4bd767a05: exit status 1: no server running on /tmp/tmux-501/ta-b3d4bd767a05"
time=2026-08-09T09:29:33.512+08:00 level=DEBUG msg="discovery: skipping unreachable socket" socket=/tmp/tmux-501/ta-b4b521c41e9a err="query tmux on /tmp/tmux-501/ta-b4b521c41e9a: exit status 1: no server running on /tmp/tmux-501/ta-b4b521c41e9a"
time=2026-08-09T09:29:33.523+08:00 level=DEBUG msg="discovery: skipping unreachable socket" socket=/tmp/tmux-501/ta-b831b66f70cc err="query tmux on /tmp/tmux-501/ta-b831b66f70cc: exit status 1: no server running on /tmp/tmux-501/ta-b831b66f70cc"
time=2026-08-09T09:29:33.529+08:00 level=DEBUG msg="discovery: skipping unreachable socket" socket=/tmp/tmux-501/ta-b98f12cd39b4 err="query tmux on /tmp/tmux-501/ta-b98f12cd39b4: exit status 1: no server running on /tmp/tmux-501/ta-b98f12cd39b4"
time=2026-08-09T09:29:33.535+08:00 level=DEBUG msg="discovery: skipping unreachable socket" socket=/tmp/tmux-501/ta-baa84c7ccd1b err="query tmux on /tmp/tmux-501/ta-baa84c7ccd1b: exit status 1: no server running on /tmp/tmux-501/ta-baa84c7ccd1b"
time=2026-08-09T09:29:33.541+08:00 level=DEBUG msg="discovery: skipping unreachable socket" socket=/tmp/tmux-501/ta-bccf40f5c109 err="query tmux on /tmp/tmux-501/ta-bccf40f5c109: exit status 1: no server running on /tmp/tmux-501/ta-bccf40f5c109"
time=2026-08-09T09:29:33.546+08:00 level=DEBUG msg="discovery: skipping unreachable socket" socket=/tmp/tmux-501/ta-be68601ef2c2 err="query tmux on /tmp/tmux-501/ta-be68601ef2c2: exit status 1: no server running on /tmp/tmux-501/ta-be68601ef2c2"
time=2026-08-09T09:29:33.557+08:00 level=DEBUG msg="discovery: skipping unreachable socket" socket=/tmp/tmux-501/ta-c013b77ee6d0 err="query tmux on /tmp/tmux-501/ta-c013b77ee6d0: exit status 1: no server running on /tmp/tmux-501/ta-c013b77ee6d0"
time=2026-08-09T09:29:33.568+08:00 level=DEBUG msg="discovery: skipping unreachable socket" socket=/tmp/tmux-501/ta-c47e5da1bbb5 err="query tmux on /tmp/tmux-501/ta-c47e5da1bbb5: exit status 1: no server running on /tmp/tmux-501/ta-c47e5da1bbb5"
time=2026-08-09T09:29:33.574+08:00 level=DEBUG msg="discovery: skipping unreachable socket" socket=/tmp/tmux-501/ta-c4ba37813235 err="query tmux on /tmp/tmux-501/ta-c4ba37813235: exit status 1: no server running on /tmp/tmux-501/ta-c4ba37813235"
time=2026-08-09T09:29:33.580+08:00 level=DEBUG msg="discovery: skipping unreachable socket" socket=/tmp/tmux-501/ta-c8d771f5db35 err="query tmux on /tmp/tmux-501/ta-c8d771f5db35: exit status 1: no server running on /tmp/tmux-501/ta-c8d771f5db35"
time=2026-08-09T09:29:33.597+08:00 level=DEBUG msg="discovery: skipping unreachable socket" socket=/tmp/tmux-501/ta-cc16aeabca59 err="query tmux on /tmp/tmux-501/ta-cc16aeabca59: exit status 1: no server running on /tmp/tmux-501/ta-cc16aeabca59"
time=2026-08-09T09:29:33.603+08:00 level=DEBUG msg="discovery: skipping unreachable socket" socket=/tmp/tmux-501/ta-ce11924e1314 err="query tmux on /tmp/tmux-501/ta-ce11924e1314: exit status 1: no server running on /tmp/tmux-501/ta-ce11924e1314"
time=2026-08-09T09:29:33.609+08:00 level=DEBUG msg="discovery: skipping unreachable socket" socket=/tmp/tmux-501/ta-ce2610e8e580 err="query tmux on /tmp/tmux-501/ta-ce2610e8e580: exit status 1: no server running on /tmp/tmux-501/ta-ce2610e8e580"
time=2026-08-09T09:29:33.615+08:00 level=DEBUG msg="discovery: skipping unreachable socket" socket=/tmp/tmux-501/ta-d11e18966c74 err="query tmux on /tmp/tmux-501/ta-d11e18966c74: exit status 1: no server running on /tmp/tmux-501/ta-d11e18966c74"
time=2026-08-09T09:29:33.626+08:00 level=DEBUG msg="discovery: skipping unreachable socket" socket=/tmp/tmux-501/ta-d40048c2c630 err="query tmux on /tmp/tmux-501/ta-d40048c2c630: exit status 1: no server running on /tmp/tmux-501/ta-d40048c2c630"
time=2026-08-09T09:29:33.631+08:00 level=DEBUG msg="discovery: skipping unreachable socket" socket=/tmp/tmux-501/ta-d415485e29a9 err="query tmux on /tmp/tmux-501/ta-d415485e29a9: exit status 1: no server running on /tmp/tmux-501/ta-d415485e29a9"
time=2026-08-09T09:29:33.637+08:00 level=DEBUG msg="discovery: skipping unreachable socket" socket=/tmp/tmux-501/ta-d5e19fd8f2c0 err="query tmux on /tmp/tmux-501/ta-d5e19fd8f2c0: exit status 1: no server running on /tmp/tmux-501/ta-d5e19fd8f2c0"
time=2026-08-09T09:29:33.649+08:00 level=DEBUG msg="discovery: skipping unreachable socket" socket=/tmp/tmux-501/ta-d9da6ad8da3c err="query tmux on /tmp/tmux-501/ta-d9da6ad8da3c: exit status 1: no server running on /tmp/tmux-501/ta-d9da6ad8da3c"
time=2026-08-09T09:29:33.654+08:00 level=DEBUG msg="discovery: skipping unreachable socket" socket=/tmp/tmux-501/ta-da241611468d err="query tmux on /tmp/tmux-501/ta-da241611468d: exit status 1: no server running on /tmp/tmux-501/ta-da241611468d"
time=2026-08-09T09:29:33.659+08:00 level=DEBUG msg="discovery: skipping unreachable socket" socket=/tmp/tmux-501/ta-daa7d5056abd err="query tmux on /tmp/tmux-501/ta-daa7d5056abd: exit status 1: no server running on /tmp/tmux-501/ta-daa7d5056abd"
time=2026-08-09T09:29:33.683+08:00 level=DEBUG msg="discovery: skipping unreachable socket" socket=/tmp/tmux-501/ta-deea2d344db0 err="query tmux on /tmp/tmux-501/ta-deea2d344db0: exit status 1: no server running on /tmp/tmux-501/ta-deea2d344db0"
time=2026-08-09T09:29:33.689+08:00 level=DEBUG msg="discovery: skipping unreachable socket" socket=/tmp/tmux-501/ta-e0aefe0e13d3 err="query tmux on /tmp/tmux-501/ta-e0aefe0e13d3: exit status 1: no server running on /tmp/tmux-501/ta-e0aefe0e13d3"
time=2026-08-09T09:29:33.695+08:00 level=DEBUG msg="discovery: skipping unreachable socket" socket=/tmp/tmux-501/ta-e0bb903ebcb6 err="query tmux on /tmp/tmux-501/ta-e0bb903ebcb6: exit status 1: no server running on /tmp/tmux-501/ta-e0bb903ebcb6"
time=2026-08-09T09:29:33.707+08:00 level=DEBUG msg="discovery: skipping unreachable socket" socket=/tmp/tmux-501/ta-e3d25594c5b5 err="query tmux on /tmp/tmux-501/ta-e3d25594c5b5: exit status 1: no server running on /tmp/tmux-501/ta-e3d25594c5b5"
time=2026-08-09T09:29:33.713+08:00 level=DEBUG msg="discovery: skipping unreachable socket" socket=/tmp/tmux-501/ta-e6bb8500fc38 err="query tmux on /tmp/tmux-501/ta-e6bb8500fc38: exit status 1: no server running on /tmp/tmux-501/ta-e6bb8500fc38"
time=2026-08-09T09:29:33.719+08:00 level=DEBUG msg="discovery: skipping unreachable socket" socket=/tmp/tmux-501/ta-e6c2187f7096 err="query tmux on /tmp/tmux-501/ta-e6c2187f7096: exit status 1: no server running on /tmp/tmux-501/ta-e6c2187f7096"
time=2026-08-09T09:29:33.730+08:00 level=DEBUG msg="discovery: skipping unreachable socket" socket=/tmp/tmux-501/ta-e9a0c9c79a07 err="query tmux on /tmp/tmux-501/ta-e9a0c9c79a07: exit status 1: no server running on /tmp/tmux-501/ta-e9a0c9c79a07"
time=2026-08-09T09:29:33.742+08:00 level=DEBUG msg="discovery: skipping unreachable socket" socket=/tmp/tmux-501/ta-f11d5c565fda err="query tmux on /tmp/tmux-501/ta-f11d5c565fda: exit status 1: no server running on /tmp/tmux-501/ta-f11d5c565fda"
time=2026-08-09T09:29:33.748+08:00 level=DEBUG msg="discovery: skipping unreachable socket" socket=/tmp/tmux-501/ta-f2f2b8ceb968 err="query tmux on /tmp/tmux-501/ta-f2f2b8ceb968: exit status 1: no server running on /tmp/tmux-501/ta-f2f2b8ceb968"
time=2026-08-09T09:29:33.753+08:00 level=DEBUG msg="discovery: skipping unreachable socket" socket=/tmp/tmux-501/ta-f361188b7539 err="query tmux on /tmp/tmux-501/ta-f361188b7539: exit status 1: no server running on /tmp/tmux-501/ta-f361188b7539"
time=2026-08-09T09:29:33.765+08:00 level=DEBUG msg="discovery: skipping unreachable socket" socket=/tmp/tmux-501/ta-f680dc117b11 err="query tmux on /tmp/tmux-501/ta-f680dc117b11: exit status 1: no server running on /tmp/tmux-501/ta-f680dc117b11"
time=2026-08-09T09:29:33.770+08:00 level=DEBUG msg="discovery: skipping unreachable socket" socket=/tmp/tmux-501/ta-f719270c4c59 err="query tmux on /tmp/tmux-501/ta-f719270c4c59: exit status 1: no server running on /tmp/tmux-501/ta-f719270c4c59"
time=2026-08-09T09:29:33.776+08:00 level=DEBUG msg="discovery: skipping unreachable socket" socket=/tmp/tmux-501/ta-f82b970e1873 err="query tmux on /tmp/tmux-501/ta-f82b970e1873: exit status 1: no server running on /tmp/tmux-501/ta-f82b970e1873"
time=2026-08-09T09:29:33.782+08:00 level=DEBUG msg="discovery: skipping unreachable socket" socket=/tmp/tmux-501/ta-fcd628a94743 err="query tmux on /tmp/tmux-501/ta-fcd628a94743: exit status 1: no server running on /tmp/tmux-501/ta-fcd628a94743"
time=2026-08-09T09:29:33.787+08:00 level=DEBUG msg="discovery: skipping unreachable socket" socket=/tmp/tmux-501/ta-fd52a396a29f err="query tmux on /tmp/tmux-501/ta-fd52a396a29f: exit status 1: no server running on /tmp/tmux-501/ta-fd52a396a29f"
time=2026-08-09T09:29:33.793+08:00 level=DEBUG msg="discovery: skipping unreachable socket" socket=/tmp/tmux-501/ta-fdb0b3d91a30 err="query tmux on /tmp/tmux-501/ta-fdb0b3d91a30: exit status 1: no server running on /tmp/tmux-501/ta-fdb0b3d91a30"
time=2026-08-09T09:29:33.804+08:00 level=DEBUG msg="discovery: skipping unreachable socket" socket=/tmp/tmux-501/ta-ffd3b292ce18 err="query tmux on /tmp/tmux-501/ta-ffd3b292ce18: exit status 1: no server running on /tmp/tmux-501/ta-ffd3b292ce18"
time=2026-08-09T09:29:33.805+08:00 level=DEBUG msg="listing: no changes"
time=2026-08-09T09:29:33.822+08:00 level=DEBUG msg="discovery: skipping unreachable socket" socket=/tmp/tmux-501/ta-01126683e597 err="query tmux on /tmp/tmux-501/ta-01126683e597: exit status 1: no server running on /tmp/tmux-501/ta-01126683e597"
time=2026-08-09T09:29:33.828+08:00 level=DEBUG msg="discovery: skipping unreachable socket" socket=/tmp/tmux-501/ta-013ab1835f3d err="query tmux on /tmp/tmux-501/ta-013ab1835f3d: exit status 1: no server running on /tmp/tmux-501/ta-013ab1835f3d"
time=2026-08-09T09:29:33.834+08:00 level=DEBUG msg="discovery: skipping unreachable socket" socket=/tmp/tmux-501/ta-01ae7229ab34 err="query tmux on /tmp/tmux-501/ta-01ae7229ab34: exit status 1: no server running on /tmp/tmux-501/ta-01ae7229ab34"
time=2026-08-09T09:29:33.852+08:00 level=DEBUG msg="discovery: skipping unreachable socket" socket=/tmp/tmux-501/ta-068e05dab0f2 err="query tmux on /tmp/tmux-501/ta-068e05dab0f2: exit status 1: no server running on /tmp/tmux-501/ta-068e05dab0f2"
time=2026-08-09T09:29:33.858+08:00 level=DEBUG msg="discovery: skipping unreachable socket" socket=/tmp/tmux-501/ta-06c9f392130f err="query tmux on /tmp/tmux-501/ta-06c9f392130f: exit status 1: no server running on /tmp/tmux-501/ta-06c9f392130f"
time=2026-08-09T09:29:33.863+08:00 level=DEBUG msg="discovery: skipping unreachable socket" socket=/tmp/tmux-501/ta-06d4a2ee7518 err="query tmux on /tmp/tmux-501/ta-06d4a2ee7518: exit status 1: no server running on /tmp/tmux-501/ta-06d4a2ee7518"
time=2026-08-09T09:29:33.881+08:00 level=DEBUG msg="discovery: skipping unreachable socket" socket=/tmp/tmux-501/ta-0a72db2d2f8d err="query tmux on /tmp/tmux-501/ta-0a72db2d2f8d: exit status 1: no server running on /tmp/tmux-501/ta-0a72db2d2f8d"
time=2026-08-09T09:29:33.886+08:00 level=DEBUG msg="discovery: skipping unreachable socket" socket=/tmp/tmux-501/ta-0c2f41c7040c err="query tmux on /tmp/tmux-501/ta-0c2f41c7040c: exit status 1: no server running on /tmp/tmux-501/ta-0c2f41c7040c"
time=2026-08-09T09:29:33.891+08:00 level=DEBUG msg="discovery: skipping unreachable socket" socket=/tmp/tmux-501/ta-0d8be8a7829a err="query tmux on /tmp/tmux-501/ta-0d8be8a7829a: exit status 1: no server running on /tmp/tmux-501/ta-0d8be8a7829a"
time=2026-08-09T09:29:33.896+08:00 level=DEBUG msg="discovery: skipping unreachable socket" socket=/tmp/tmux-501/ta-12998fa42bdd err="query tmux on /tmp/tmux-501/ta-12998fa42bdd: exit status 1: no server running on /tmp/tmux-501/ta-12998fa42bdd"
time=2026-08-09T09:29:33.914+08:00 level=DEBUG msg="discovery: skipping unreachable socket" socket=/tmp/tmux-501/ta-179131c0076a err="query tmux on /tmp/tmux-501/ta-179131c0076a: exit status 1: no server running on /tmp/tmux-501/ta-179131c0076a"
time=2026-08-09T09:29:33.925+08:00 level=DEBUG msg="discovery: skipping unreachable socket" socket=/tmp/tmux-501/ta-1949e6b86881 err="query tmux on /tmp/tmux-501/ta-1949e6b86881: exit status 1: no server running on /tmp/tmux-501/ta-1949e6b86881"
time=2026-08-09T09:29:33.936+08:00 level=DEBUG msg="discovery: skipping unreachable socket" socket=/tmp/tmux-501/ta-207c04ef53a0 err="query tmux on /tmp/tmux-501/ta-207c04ef53a0: exit status 1: no server running on /tmp/tmux-501/ta-207c04ef53a0"
time=2026-08-09T09:29:33.942+08:00 level=DEBUG msg="discovery: skipping unreachable socket" socket=/tmp/tmux-501/ta-216636364606 err="query tmux on /tmp/tmux-501/ta-216636364606: exit status 1: no server running on /tmp/tmux-501/ta-216636364606"
time=2026-08-09T09:29:33.947+08:00 level=DEBUG msg="discovery: skipping unreachable socket" socket=/tmp/tmux-501/ta-21e91d9e0de3 err="query tmux on /tmp/tmux-501/ta-21e91d9e0de3: exit status 1: no server running on /tmp/tmux-501/ta-21e91d9e0de3"
time=2026-08-09T09:29:33.969+08:00 level=DEBUG msg="discovery: skipping unreachable socket" socket=/tmp/tmux-501/ta-24fce2185904 err="query tmux on /tmp/tmux-501/ta-24fce2185904: exit status 1: no server running on /tmp/tmux-501/ta-24fce2185904"
time=2026-08-09T09:29:33.975+08:00 level=DEBUG msg="discovery: skipping unreachable socket" socket=/tmp/tmux-501/ta-26f28692c57a err="query tmux on /tmp/tmux-501/ta-26f28692c57a: exit status 1: no server running on /tmp/tmux-501/ta-26f28692c57a"
time=2026-08-09T09:29:33.980+08:00 level=DEBUG msg="discovery: skipping unreachable socket" socket=/tmp/tmux-501/ta-282fba4016e1 err="query tmux on /tmp/tmux-501/ta-282fba4016e1: exit status 1: no server running on /tmp/tmux-501/ta-282fba4016e1"
time=2026-08-09T09:29:33.986+08:00 level=DEBUG msg="discovery: skipping unreachable socket" socket=/tmp/tmux-501/ta-286f7286ce54 err="query tmux on /tmp/tmux-501/ta-286f7286ce54: exit status 1: no server running on /tmp/tmux-501/ta-286f7286ce54"
time=2026-08-09T09:29:33.997+08:00 level=DEBUG msg="discovery: skipping unreachable socket" socket=/tmp/tmux-501/ta-288094083c2c err="query tmux on /tmp/tmux-501/ta-288094083c2c: exit status 1: no server running on /tmp/tmux-501/ta-288094083c2c"
time=2026-08-09T09:29:34.009+08:00 level=DEBUG msg="discovery: skipping unreachable socket" socket=/tmp/tmux-501/ta-2aae31361fa1 err="query tmux on /tmp/tmux-501/ta-2aae31361fa1: exit status 1: no server running on /tmp/tmux-501/ta-2aae31361fa1"
time=2026-08-09T09:29:34.015+08:00 level=DEBUG msg="discovery: skipping unreachable socket" socket=/tmp/tmux-501/ta-2ae1025c10d1 err="query tmux on /tmp/tmux-501/ta-2ae1025c10d1: exit status 1: no server running on /tmp/tmux-501/ta-2ae1025c10d1"
time=2026-08-09T09:29:34.022+08:00 level=DEBUG msg="discovery: skipping unreachable socket" socket=/tmp/tmux-501/ta-2cb694214071 err="query tmux on /tmp/tmux-501/ta-2cb694214071: exit status 1: no server running on /tmp/tmux-501/ta-2cb694214071"
time=2026-08-09T09:29:34.040+08:00 level=DEBUG msg="discovery: skipping unreachable socket" socket=/tmp/tmux-501/ta-3274a318dbc9 err="query tmux on /tmp/tmux-501/ta-3274a318dbc9: exit status 1: no server running on /tmp/tmux-501/ta-3274a318dbc9"
time=2026-08-09T09:29:34.052+08:00 level=DEBUG msg="discovery: skipping unreachable socket" socket=/tmp/tmux-501/ta-35ed7d2f51d9 err="query tmux on /tmp/tmux-501/ta-35ed7d2f51d9: exit status 1: no server running on /tmp/tmux-501/ta-35ed7d2f51d9"
time=2026-08-09T09:29:34.058+08:00 level=DEBUG msg="discovery: skipping unreachable socket" socket=/tmp/tmux-501/ta-362b16c58513 err="query tmux on /tmp/tmux-501/ta-362b16c58513: exit status 1: no server running on /tmp/tmux-501/ta-362b16c58513"
time=2026-08-09T09:29:34.064+08:00 level=DEBUG msg="discovery: skipping unreachable socket" socket=/tmp/tmux-501/ta-3833181162ac err="query tmux on /tmp/tmux-501/ta-3833181162ac: exit status 1: no server running on /tmp/tmux-501/ta-3833181162ac"
time=2026-08-09T09:29:34.069+08:00 level=DEBUG msg="discovery: skipping unreachable socket" socket=/tmp/tmux-501/ta-3ce72bbed4f2 err="query tmux on /tmp/tmux-501/ta-3ce72bbed4f2: exit status 1: no server running on /tmp/tmux-501/ta-3ce72bbed4f2"
time=2026-08-09T09:29:34.081+08:00 level=DEBUG msg="discovery: skipping unreachable socket" socket=/tmp/tmux-501/ta-3e93f5065209 err="query tmux on /tmp/tmux-501/ta-3e93f5065209: exit status 1: no server running on /tmp/tmux-501/ta-3e93f5065209"
time=2026-08-09T09:29:34.087+08:00 level=DEBUG msg="discovery: skipping unreachable socket" socket=/tmp/tmux-501/ta-4028cb65384b err="query tmux on /tmp/tmux-501/ta-4028cb65384b: exit status 1: no server running on /tmp/tmux-501/ta-4028cb65384b"
time=2026-08-09T09:29:34.092+08:00 level=DEBUG msg="discovery: skipping unreachable socket" socket=/tmp/tmux-501/ta-406246e480e7 err="query tmux on /tmp/tmux-501/ta-406246e480e7: exit status 1: no server running on /tmp/tmux-501/ta-406246e480e7"
time=2026-08-09T09:29:34.104+08:00 level=DEBUG msg="discovery: skipping unreachable socket" socket=/tmp/tmux-501/ta-438cff265841 err="query tmux on /tmp/tmux-501/ta-438cff265841: exit status 1: no server running on /tmp/tmux-501/ta-438cff265841"
time=2026-08-09T09:29:34.109+08:00 level=DEBUG msg="discovery: skipping unreachable socket" socket=/tmp/tmux-501/ta-43ce27abee3c err="query tmux on /tmp/tmux-501/ta-43ce27abee3c: exit status 1: no server running on /tmp/tmux-501/ta-43ce27abee3c"
time=2026-08-09T09:29:34.121+08:00 level=DEBUG msg="discovery: skipping unreachable socket" socket=/tmp/tmux-501/ta-44e75c59a69f err="query tmux on /tmp/tmux-501/ta-44e75c59a69f: exit status 1: no server running on /tmp/tmux-501/ta-44e75c59a69f"
time=2026-08-09T09:29:34.126+08:00 level=DEBUG msg="discovery: skipping unreachable socket" socket=/tmp/tmux-501/ta-46e0835ad8e4 err="query tmux on /tmp/tmux-501/ta-46e0835ad8e4: exit status 1: no server running on /tmp/tmux-501/ta-46e0835ad8e4"
time=2026-08-09T09:29:34.132+08:00 level=DEBUG msg="discovery: skipping unreachable socket" socket=/tmp/tmux-501/ta-4702165bbeaf err="query tmux on /tmp/tmux-501/ta-4702165bbeaf: exit status 1: no server running on /tmp/tmux-501/ta-4702165bbeaf"
time=2026-08-09T09:29:34.142+08:00 level=DEBUG msg="discovery: skipping unreachable socket" socket=/tmp/tmux-501/ta-4a7c411cbbe6 err="query tmux on /tmp/tmux-501/ta-4a7c411cbbe6: exit status 1: no server running on /tmp/tmux-501/ta-4a7c411cbbe6"
time=2026-08-09T09:29:34.148+08:00 level=DEBUG msg="discovery: skipping unreachable socket" socket=/tmp/tmux-501/ta-4a8e9f0c15b4 err="query tmux on /tmp/tmux-501/ta-4a8e9f0c15b4: exit status 1: no server running on /tmp/tmux-501/ta-4a8e9f0c15b4"
time=2026-08-09T09:29:34.153+08:00 level=DEBUG msg="discovery: skipping unreachable socket" socket=/tmp/tmux-501/ta-4dfb8cf29b53 err="query tmux on /tmp/tmux-501/ta-4dfb8cf29b53: exit status 1: no server running on /tmp/tmux-501/ta-4dfb8cf29b53"
time=2026-08-09T09:29:34.159+08:00 level=DEBUG msg="discovery: skipping unreachable socket" socket=/tmp/tmux-501/ta-4f3924cc4519 err="query tmux on /tmp/tmux-501/ta-4f3924cc4519: exit status 1: no server running on /tmp/tmux-501/ta-4f3924cc4519"
time=2026-08-09T09:29:34.164+08:00 level=DEBUG msg="discovery: skipping unreachable socket" socket=/tmp/tmux-501/ta-52394122babb err="query tmux on /tmp/tmux-501/ta-52394122babb: exit status 1: no server running on /tmp/tmux-501/ta-52394122babb"
time=2026-08-09T09:29:34.180+08:00 level=DEBUG msg="discovery: skipping unreachable socket" socket=/tmp/tmux-501/ta-577561874d9b err="query tmux on /tmp/tmux-501/ta-577561874d9b: exit status 1: no server running on /tmp/tmux-501/ta-577561874d9b"
time=2026-08-09T09:29:34.197+08:00 level=DEBUG msg="discovery: skipping unreachable socket" socket=/tmp/tmux-501/ta-5ba7740fadec err="query tmux on /tmp/tmux-501/ta-5ba7740fadec: exit status 1: no server running on /tmp/tmux-501/ta-5ba7740fadec"
time=2026-08-09T09:29:34.203+08:00 level=DEBUG msg="discovery: skipping unreachable socket" socket=/tmp/tmux-501/ta-5bac69dbfe99 err="query tmux on /tmp/tmux-501/ta-5bac69dbfe99: exit status 1: no server running on /tmp/tmux-501/ta-5bac69dbfe99"
time=2026-08-09T09:29:34.215+08:00 level=DEBUG msg="discovery: skipping unreachable socket" socket=/tmp/tmux-501/ta-5d6d082f74c6 err="query tmux on /tmp/tmux-501/ta-5d6d082f74c6: exit status 1: no server running on /tmp/tmux-501/ta-5d6d082f74c6"
time=2026-08-09T09:29:34.220+08:00 level=DEBUG msg="discovery: skipping unreachable socket" socket=/tmp/tmux-501/ta-5f045cf48619 err="query tmux on /tmp/tmux-501/ta-5f045cf48619: exit status 1: no server running on /tmp/tmux-501/ta-5f045cf48619"
time=2026-08-09T09:29:34.232+08:00 level=DEBUG msg="discovery: skipping unreachable socket" socket=/tmp/tmux-501/ta-63bd43dc1eb7 err="query tmux on /tmp/tmux-501/ta-63bd43dc1eb7: exit status 1: no server running on /tmp/tmux-501/ta-63bd43dc1eb7"
time=2026-08-09T09:29:34.238+08:00 level=DEBUG msg="discovery: skipping unreachable socket" socket=/tmp/tmux-501/ta-648f0b64fb93 err="query tmux on /tmp/tmux-501/ta-648f0b64fb93: exit status 1: no server running on /tmp/tmux-501/ta-648f0b64fb93"
time=2026-08-09T09:29:34.250+08:00 level=DEBUG msg="discovery: skipping unreachable socket" socket=/tmp/tmux-501/ta-69187e22e8b0 err="query tmux on /tmp/tmux-501/ta-69187e22e8b0: exit status 1: no server running on /tmp/tmux-501/ta-69187e22e8b0"
time=2026-08-09T09:29:34.256+08:00 level=DEBUG msg="discovery: skipping unreachable socket" socket=/tmp/tmux-501/ta-69a1521c06b9 err="query tmux on /tmp/tmux-501/ta-69a1521c06b9: exit status 1: no server running on /tmp/tmux-501/ta-69a1521c06b9"
time=2026-08-09T09:29:34.262+08:00 level=DEBUG msg="discovery: skipping unreachable socket" socket=/tmp/tmux-501/ta-6b26f32298f1 err="query tmux on /tmp/tmux-501/ta-6b26f32298f1: exit status 1: no server running on /tmp/tmux-501/ta-6b26f32298f1"
time=2026-08-09T09:29:34.267+08:00 level=DEBUG msg="discovery: skipping unreachable socket" socket=/tmp/tmux-501/ta-6c005e9a3f39 err="query tmux on /tmp/tmux-501/ta-6c005e9a3f39: exit status 1: no server running on /tmp/tmux-501/ta-6c005e9a3f39"
time=2026-08-09T09:29:34.284+08:00 level=DEBUG msg="discovery: skipping unreachable socket" socket=/tmp/tmux-501/ta-7a8416afe095 err="query tmux on /tmp/tmux-501/ta-7a8416afe095: exit status 1: no server running on /tmp/tmux-501/ta-7a8416afe095"
time=2026-08-09T09:29:34.295+08:00 level=DEBUG msg="discovery: skipping unreachable socket" socket=/tmp/tmux-501/ta-7b8b9455aae8 err="query tmux on /tmp/tmux-501/ta-7b8b9455aae8: exit status 1: no server running on /tmp/tmux-501/ta-7b8b9455aae8"
time=2026-08-09T09:29:34.300+08:00 level=DEBUG msg="discovery: skipping unreachable socket" socket=/tmp/tmux-501/ta-7c8b9455ac9b err="query tmux on /tmp/tmux-501/ta-7c8b9455ac9b: exit status 1: no server running on /tmp/tmux-501/ta-7c8b9455ac9b"
time=2026-08-09T09:29:34.307+08:00 level=DEBUG msg="discovery: skipping unreachable socket" socket=/tmp/tmux-501/ta-7d95a33c35bb err="query tmux on /tmp/tmux-501/ta-7d95a33c35bb: exit status 1: no server running on /tmp/tmux-501/ta-7d95a33c35bb"
time=2026-08-09T09:29:34.312+08:00 level=DEBUG msg="discovery: skipping unreachable socket" socket=/tmp/tmux-501/ta-7e656aa70eac err="query tmux on /tmp/tmux-501/ta-7e656aa70eac: exit status 1: no server running on /tmp/tmux-501/ta-7e656aa70eac"
time=2026-08-09T09:29:34.318+08:00 level=DEBUG msg="discovery: skipping unreachable socket" socket=/tmp/tmux-501/ta-7e7d8c51114d err="query tmux on /tmp/tmux-501/ta-7e7d8c51114d: exit status 1: no server running on /tmp/tmux-501/ta-7e7d8c51114d"
time=2026-08-09T09:29:34.323+08:00 level=DEBUG msg="discovery: skipping unreachable socket" socket=/tmp/tmux-501/ta-8048ed81b9df err="query tmux on /tmp/tmux-501/ta-8048ed81b9df: exit status 1: no server running on /tmp/tmux-501/ta-8048ed81b9df"
time=2026-08-09T09:29:34.340+08:00 level=DEBUG msg="discovery: skipping unreachable socket" socket=/tmp/tmux-501/ta-833b364038e0 err="query tmux on /tmp/tmux-501/ta-833b364038e0: exit status 1: no server running on /tmp/tmux-501/ta-833b364038e0"
time=2026-08-09T09:29:34.346+08:00 level=DEBUG msg="discovery: skipping unreachable socket" socket=/tmp/tmux-501/ta-83e508ee7924 err="query tmux on /tmp/tmux-501/ta-83e508ee7924: exit status 1: no server running on /tmp/tmux-501/ta-83e508ee7924"
time=2026-08-09T09:29:34.357+08:00 level=DEBUG msg="discovery: skipping unreachable socket" socket=/tmp/tmux-501/ta-86cf9fb8afc6 err="query tmux on /tmp/tmux-501/ta-86cf9fb8afc6: exit status 1: no server running on /tmp/tmux-501/ta-86cf9fb8afc6"
time=2026-08-09T09:29:34.369+08:00 level=DEBUG msg="discovery: skipping unreachable socket" socket=/tmp/tmux-501/ta-8b8a20c82890 err="query tmux on /tmp/tmux-501/ta-8b8a20c82890: exit status 1: no server running on /tmp/tmux-501/ta-8b8a20c82890"
time=2026-08-09T09:29:34.375+08:00 level=DEBUG msg="discovery: skipping unreachable socket" socket=/tmp/tmux-501/ta-8bcd86c68271 err="query tmux on /tmp/tmux-501/ta-8bcd86c68271: exit status 1: no server running on /tmp/tmux-501/ta-8bcd86c68271"
time=2026-08-09T09:29:34.380+08:00 level=DEBUG msg="discovery: skipping unreachable socket" socket=/tmp/tmux-501/ta-8cedaec15c6c err="query tmux on /tmp/tmux-501/ta-8cedaec15c6c: exit status 1: no server running on /tmp/tmux-501/ta-8cedaec15c6c"
time=2026-08-09T09:29:34.386+08:00 level=DEBUG msg="discovery: skipping unreachable socket" socket=/tmp/tmux-501/ta-8e1d263384bf err="query tmux on /tmp/tmux-501/ta-8e1d263384bf: exit status 1: no server running on /tmp/tmux-501/ta-8e1d263384bf"
time=2026-08-09T09:29:34.392+08:00 level=DEBUG msg="discovery: skipping unreachable socket" socket=/tmp/tmux-501/ta-8f900bc847e5 err="query tmux on /tmp/tmux-501/ta-8f900bc847e5: exit status 1: no server running on /tmp/tmux-501/ta-8f900bc847e5"
time=2026-08-09T09:29:34.403+08:00 level=DEBUG msg="discovery: skipping unreachable socket" socket=/tmp/tmux-501/ta-9354fec1f143 err="query tmux on /tmp/tmux-501/ta-9354fec1f143: exit status 1: no server running on /tmp/tmux-501/ta-9354fec1f143"
time=2026-08-09T09:29:34.409+08:00 level=DEBUG msg="discovery: skipping unreachable socket" socket=/tmp/tmux-501/ta-945d4f57597e err="query tmux on /tmp/tmux-501/ta-945d4f57597e: exit status 1: no server running on /tmp/tmux-501/ta-945d4f57597e"
time=2026-08-09T09:29:34.420+08:00 level=DEBUG msg="discovery: skipping unreachable socket" socket=/tmp/tmux-501/ta-958bed53a01a err="query tmux on /tmp/tmux-501/ta-958bed53a01a: exit status 1: no server running on /tmp/tmux-501/ta-958bed53a01a"
time=2026-08-09T09:29:34.426+08:00 level=DEBUG msg="discovery: skipping unreachable socket" socket=/tmp/tmux-501/ta-960f84496264 err="query tmux on /tmp/tmux-501/ta-960f84496264: exit status 1: no server running on /tmp/tmux-501/ta-960f84496264"
time=2026-08-09T09:29:34.431+08:00 level=DEBUG msg="discovery: skipping unreachable socket" socket=/tmp/tmux-501/ta-97059410728a err="query tmux on /tmp/tmux-501/ta-97059410728a: exit status 1: no server running on /tmp/tmux-501/ta-97059410728a"
time=2026-08-09T09:29:34.437+08:00 level=DEBUG msg="discovery: skipping unreachable socket" socket=/tmp/tmux-501/ta-973a87a2cc74 err="query tmux on /tmp/tmux-501/ta-973a87a2cc74: exit status 1: no server running on /tmp/tmux-501/ta-973a87a2cc74"
time=2026-08-09T09:29:34.443+08:00 level=DEBUG msg="discovery: skipping unreachable socket" socket=/tmp/tmux-501/ta-9757a154bb9c err="query tmux on /tmp/tmux-501/ta-9757a154bb9c: exit status 1: no server running on /tmp/tmux-501/ta-9757a154bb9c"
time=2026-08-09T09:29:34.448+08:00 level=DEBUG msg="discovery: skipping unreachable socket" socket=/tmp/tmux-501/ta-979d8e92c318 err="query tmux on /tmp/tmux-501/ta-979d8e92c318: exit status 1: no server running on /tmp/tmux-501/ta-979d8e92c318"
time=2026-08-09T09:29:34.459+08:00 level=DEBUG msg="discovery: skipping unreachable socket" socket=/tmp/tmux-501/ta-9f9660deef84 err="query tmux on /tmp/tmux-501/ta-9f9660deef84: exit status 1: no server running on /tmp/tmux-501/ta-9f9660deef84"
time=2026-08-09T09:29:34.476+08:00 level=DEBUG msg="discovery: skipping unreachable socket" socket=/tmp/tmux-501/ta-a3613f1b7212 err="query tmux on /tmp/tmux-501/ta-a3613f1b7212: exit status 1: no server running on /tmp/tmux-501/ta-a3613f1b7212"
time=2026-08-09T09:29:34.481+08:00 level=DEBUG msg="discovery: skipping unreachable socket" socket=/tmp/tmux-501/ta-a468707981a6 err="query tmux on /tmp/tmux-501/ta-a468707981a6: exit status 1: no server running on /tmp/tmux-501/ta-a468707981a6"
time=2026-08-09T09:29:34.486+08:00 level=DEBUG msg="discovery: skipping unreachable socket" socket=/tmp/tmux-501/ta-a7343098f3d8 err="query tmux on /tmp/tmux-501/ta-a7343098f3d8: exit status 1: no server running on /tmp/tmux-501/ta-a7343098f3d8"
time=2026-08-09T09:29:34.492+08:00 level=DEBUG msg="discovery: skipping unreachable socket" socket=/tmp/tmux-501/ta-a9c99df321ff err="query tmux on /tmp/tmux-501/ta-a9c99df321ff: exit status 1: no server running on /tmp/tmux-501/ta-a9c99df321ff"
time=2026-08-09T09:29:34.504+08:00 level=DEBUG msg="discovery: skipping unreachable socket" socket=/tmp/tmux-501/ta-aaf9a48911e5 err="query tmux on /tmp/tmux-501/ta-aaf9a48911e5: exit status 1: no server running on /tmp/tmux-501/ta-aaf9a48911e5"
time=2026-08-09T09:29:34.510+08:00 level=DEBUG msg="discovery: skipping unreachable socket" socket=/tmp/tmux-501/ta-abb7129edd07 err="query tmux on /tmp/tmux-501/ta-abb7129edd07: exit status 1: no server running on /tmp/tmux-501/ta-abb7129edd07"
time=2026-08-09T09:29:34.523+08:00 level=DEBUG msg="discovery: skipping unreachable socket" socket=/tmp/tmux-501/ta-ad3662bf2e59 err="query tmux on /tmp/tmux-501/ta-ad3662bf2e59: exit status 1: no server running on /tmp/tmux-501/ta-ad3662bf2e59"
time=2026-08-09T09:29:34.535+08:00 level=DEBUG msg="discovery: skipping unreachable socket" socket=/tmp/tmux-501/ta-b2f7818b50cf err="query tmux on /tmp/tmux-501/ta-b2f7818b50cf: exit status 1: no server running on /tmp/tmux-501/ta-b2f7818b50cf"
time=2026-08-09T09:29:34.547+08:00 level=DEBUG msg="discovery: skipping unreachable socket" socket=/tmp/tmux-501/ta-b387d5c883b9 err="query tmux on /tmp/tmux-501/ta-b387d5c883b9: exit status 1: no server running on /tmp/tmux-501/ta-b387d5c883b9"
time=2026-08-09T09:29:34.553+08:00 level=DEBUG msg="discovery: skipping unreachable socket" socket=/tmp/tmux-501/ta-b3d4bd767a05 err="query tmux on /tmp/tmux-501/ta-b3d4bd767a05: exit status 1: no server running on /tmp/tmux-501/ta-b3d4bd767a05"
time=2026-08-09T09:29:34.558+08:00 level=DEBUG msg="discovery: skipping unreachable socket" socket=/tmp/tmux-501/ta-b4b521c41e9a err="query tmux on /tmp/tmux-501/ta-b4b521c41e9a: exit status 1: no server running on /tmp/tmux-501/ta-b4b521c41e9a"
time=2026-08-09T09:29:34.569+08:00 level=DEBUG msg="discovery: skipping unreachable socket" socket=/tmp/tmux-501/ta-b831b66f70cc err="query tmux on /tmp/tmux-501/ta-b831b66f70cc: exit status 1: no server running on /tmp/tmux-501/ta-b831b66f70cc"
time=2026-08-09T09:29:34.574+08:00 level=DEBUG msg="discovery: skipping unreachable socket" socket=/tmp/tmux-501/ta-b98f12cd39b4 err="query tmux on /tmp/tmux-501/ta-b98f12cd39b4: exit status 1: no server running on /tmp/tmux-501/ta-b98f12cd39b4"
time=2026-08-09T09:29:34.580+08:00 level=DEBUG msg="discovery: skipping unreachable socket" socket=/tmp/tmux-501/ta-baa84c7ccd1b err="query tmux on /tmp/tmux-501/ta-baa84c7ccd1b: exit status 1: no server running on /tmp/tmux-501/ta-baa84c7ccd1b"
time=2026-08-09T09:29:34.585+08:00 level=DEBUG msg="discovery: skipping unreachable socket" socket=/tmp/tmux-501/ta-bccf40f5c109 err="query tmux on /tmp/tmux-501/ta-bccf40f5c109: exit status 1: no server running on /tmp/tmux-501/ta-bccf40f5c109"
time=2026-08-09T09:29:34.591+08:00 level=DEBUG msg="discovery: skipping unreachable socket" socket=/tmp/tmux-501/ta-be68601ef2c2 err="query tmux on /tmp/tmux-501/ta-be68601ef2c2: exit status 1: no server running on /tmp/tmux-501/ta-be68601ef2c2"
time=2026-08-09T09:29:34.602+08:00 level=DEBUG msg="discovery: skipping unreachable socket" socket=/tmp/tmux-501/ta-c013b77ee6d0 err="query tmux on /tmp/tmux-501/ta-c013b77ee6d0: exit status 1: no server running on /tmp/tmux-501/ta-c013b77ee6d0"
time=2026-08-09T09:29:34.614+08:00 level=DEBUG msg="discovery: skipping unreachable socket" socket=/tmp/tmux-501/ta-c47e5da1bbb5 err="query tmux on /tmp/tmux-501/ta-c47e5da1bbb5: exit status 1: no server running on /tmp/tmux-501/ta-c47e5da1bbb5"
time=2026-08-09T09:29:34.619+08:00 level=DEBUG msg="discovery: skipping unreachable socket" socket=/tmp/tmux-501/ta-c4ba37813235 err="query tmux on /tmp/tmux-501/ta-c4ba37813235: exit status 1: no server running on /tmp/tmux-501/ta-c4ba37813235"
time=2026-08-09T09:29:34.625+08:00 level=DEBUG msg="discovery: skipping unreachable socket" socket=/tmp/tmux-501/ta-c8d771f5db35 err="query tmux on /tmp/tmux-501/ta-c8d771f5db35: exit status 1: no server running on /tmp/tmux-501/ta-c8d771f5db35"
time=2026-08-09T09:29:34.642+08:00 level=DEBUG msg="discovery: skipping unreachable socket" socket=/tmp/tmux-501/ta-cc16aeabca59 err="query tmux on /tmp/tmux-501/ta-cc16aeabca59: exit status 1: no server running on /tmp/tmux-501/ta-cc16aeabca59"
time=2026-08-09T09:29:34.648+08:00 level=DEBUG msg="discovery: skipping unreachable socket" socket=/tmp/tmux-501/ta-ce11924e1314 err="query tmux on /tmp/tmux-501/ta-ce11924e1314: exit status 1: no server running on /tmp/tmux-501/ta-ce11924e1314"
time=2026-08-09T09:29:34.654+08:00 level=DEBUG msg="discovery: skipping unreachable socket" socket=/tmp/tmux-501/ta-ce2610e8e580 err="query tmux on /tmp/tmux-501/ta-ce2610e8e580: exit status 1: no server running on /tmp/tmux-501/ta-ce2610e8e580"
time=2026-08-09T09:29:34.659+08:00 level=DEBUG msg="discovery: skipping unreachable socket" socket=/tmp/tmux-501/ta-d11e18966c74 err="query tmux on /tmp/tmux-501/ta-d11e18966c74: exit status 1: no server running on /tmp/tmux-501/ta-d11e18966c74"
time=2026-08-09T09:29:34.671+08:00 level=DEBUG msg="discovery: skipping unreachable socket" socket=/tmp/tmux-501/ta-d40048c2c630 err="query tmux on /tmp/tmux-501/ta-d40048c2c630: exit status 1: no server running on /tmp/tmux-501/ta-d40048c2c630"
time=2026-08-09T09:29:34.676+08:00 level=DEBUG msg="discovery: skipping unreachable socket" socket=/tmp/tmux-501/ta-d415485e29a9 err="query tmux on /tmp/tmux-501/ta-d415485e29a9: exit status 1: no server running on /tmp/tmux-501/ta-d415485e29a9"
time=2026-08-09T09:29:34.681+08:00 level=DEBUG msg="discovery: skipping unreachable socket" socket=/tmp/tmux-501/ta-d5e19fd8f2c0 err="query tmux on /tmp/tmux-501/ta-d5e19fd8f2c0: exit status 1: no server running on /tmp/tmux-501/ta-d5e19fd8f2c0"
time=2026-08-09T09:29:34.692+08:00 level=DEBUG msg="discovery: skipping unreachable socket" socket=/tmp/tmux-501/ta-d9da6ad8da3c err="query tmux on /tmp/tmux-501/ta-d9da6ad8da3c: exit status 1: no server running on /tmp/tmux-501/ta-d9da6ad8da3c"
time=2026-08-09T09:29:34.697+08:00 level=DEBUG msg="discovery: skipping unreachable socket" socket=/tmp/tmux-501/ta-da241611468d err="query tmux on /tmp/tmux-501/ta-da241611468d: exit status 1: no server running on /tmp/tmux-501/ta-da241611468d"
time=2026-08-09T09:29:34.703+08:00 level=DEBUG msg="discovery: skipping unreachable socket" socket=/tmp/tmux-501/ta-daa7d5056abd err="query tmux on /tmp/tmux-501/ta-daa7d5056abd: exit status 1: no server running on /tmp/tmux-501/ta-daa7d5056abd"
time=2026-08-09T09:29:34.724+08:00 level=DEBUG msg="discovery: skipping unreachable socket" socket=/tmp/tmux-501/ta-deea2d344db0 err="query tmux on /tmp/tmux-501/ta-deea2d344db0: exit status 1: no server running on /tmp/tmux-501/ta-deea2d344db0"
time=2026-08-09T09:29:34.730+08:00 level=DEBUG msg="discovery: skipping unreachable socket" socket=/tmp/tmux-501/ta-e0aefe0e13d3 err="query tmux on /tmp/tmux-501/ta-e0aefe0e13d3: exit status 1: no server running on /tmp/tmux-501/ta-e0aefe0e13d3"
time=2026-08-09T09:29:34.736+08:00 level=DEBUG msg="discovery: skipping unreachable socket" socket=/tmp/tmux-501/ta-e0bb903ebcb6 err="query tmux on /tmp/tmux-501/ta-e0bb903ebcb6: exit status 1: no server running on /tmp/tmux-501/ta-e0bb903ebcb6"
time=2026-08-09T09:29:34.748+08:00 level=DEBUG msg="discovery: skipping unreachable socket" socket=/tmp/tmux-501/ta-e3d25594c5b5 err="query tmux on /tmp/tmux-501/ta-e3d25594c5b5: exit status 1: no server running on /tmp/tmux-501/ta-e3d25594c5b5"
time=2026-08-09T09:29:34.754+08:00 level=DEBUG msg="discovery: skipping unreachable socket" socket=/tmp/tmux-501/ta-e6bb8500fc38 err="query tmux on /tmp/tmux-501/ta-e6bb8500fc38: exit status 1: no server running on /tmp/tmux-501/ta-e6bb8500fc38"
time=2026-08-09T09:29:34.760+08:00 level=DEBUG msg="discovery: skipping unreachable socket" socket=/tmp/tmux-501/ta-e6c2187f7096 err="query tmux on /tmp/tmux-501/ta-e6c2187f7096: exit status 1: no server running on /tmp/tmux-501/ta-e6c2187f7096"
time=2026-08-09T09:29:34.771+08:00 level=DEBUG msg="discovery: skipping unreachable socket" socket=/tmp/tmux-501/ta-e9a0c9c79a07 err="query tmux on /tmp/tmux-501/ta-e9a0c9c79a07: exit status 1: no server running on /tmp/tmux-501/ta-e9a0c9c79a07"
time=2026-08-09T09:29:34.783+08:00 level=DEBUG msg="discovery: skipping unreachable socket" socket=/tmp/tmux-501/ta-f11d5c565fda err="query tmux on /tmp/tmux-501/ta-f11d5c565fda: exit status 1: no server running on /tmp/tmux-501/ta-f11d5c565fda"
time=2026-08-09T09:29:34.789+08:00 level=DEBUG msg="discovery: skipping unreachable socket" socket=/tmp/tmux-501/ta-f2f2b8ceb968 err="query tmux on /tmp/tmux-501/ta-f2f2b8ceb968: exit status 1: no server running on /tmp/tmux-501/ta-f2f2b8ceb968"
time=2026-08-09T09:29:34.794+08:00 level=DEBUG msg="discovery: skipping unreachable socket" socket=/tmp/tmux-501/ta-f361188b7539 err="query tmux on /tmp/tmux-501/ta-f361188b7539: exit status 1: no server running on /tmp/tmux-501/ta-f361188b7539"
time=2026-08-09T09:29:34.806+08:00 level=DEBUG msg="discovery: skipping unreachable socket" socket=/tmp/tmux-501/ta-f680dc117b11 err="query tmux on /tmp/tmux-501/ta-f680dc117b11: exit status 1: no server running on /tmp/tmux-501/ta-f680dc117b11"
time=2026-08-09T09:29:34.812+08:00 level=DEBUG msg="discovery: skipping unreachable socket" socket=/tmp/tmux-501/ta-f719270c4c59 err="query tmux on /tmp/tmux-501/ta-f719270c4c59: exit status 1: no server running on /tmp/tmux-501/ta-f719270c4c59"
time=2026-08-09T09:29:34.818+08:00 level=DEBUG msg="discovery: skipping unreachable socket" socket=/tmp/tmux-501/ta-f82b970e1873 err="query tmux on /tmp/tmux-501/ta-f82b970e1873: exit status 1: no server running on /tmp/tmux-501/ta-f82b970e1873"
time=2026-08-09T09:29:34.825+08:00 level=DEBUG msg="discovery: skipping unreachable socket" socket=/tmp/tmux-501/ta-fcd628a94743 err="query tmux on /tmp/tmux-501/ta-fcd628a94743: exit status 1: no server running on /tmp/tmux-501/ta-fcd628a94743"
time=2026-08-09T09:29:34.832+08:00 level=DEBUG msg="discovery: skipping unreachable socket" socket=/tmp/tmux-501/ta-fd52a396a29f err="query tmux on /tmp/tmux-501/ta-fd52a396a29f: exit status 1: no server running on /tmp/tmux-501/ta-fd52a396a29f"
time=2026-08-09T09:29:34.838+08:00 level=DEBUG msg="discovery: skipping unreachable socket" socket=/tmp/tmux-501/ta-fdb0b3d91a30 err="query tmux on /tmp/tmux-501/ta-fdb0b3d91a30: exit status 1: no server running on /tmp/tmux-501/ta-fdb0b3d91a30"
time=2026-08-09T09:29:34.851+08:00 level=DEBUG msg="discovery: skipping unreachable socket" socket=/tmp/tmux-501/ta-ffd3b292ce18 err="query tmux on /tmp/tmux-501/ta-ffd3b292ce18: exit status 1: no server running on /tmp/tmux-501/ta-ffd3b292ce18"
time=2026-08-09T09:29:34.851+08:00 level=DEBUG msg="listing: no changes"
time=2026-08-09T09:29:34.870+08:00 level=DEBUG msg="discovery: skipping unreachable socket" socket=/tmp/tmux-501/ta-01126683e597 err="query tmux on /tmp/tmux-501/ta-01126683e597: exit status 1: no server running on /tmp/tmux-501/ta-01126683e597"
time=2026-08-09T09:29:34.876+08:00 level=DEBUG msg="discovery: skipping unreachable socket" socket=/tmp/tmux-501/ta-013ab1835f3d err="query tmux on /tmp/tmux-501/ta-013ab1835f3d: exit status 1: no server running on /tmp/tmux-501/ta-013ab1835f3d"
time=2026-08-09T09:29:34.882+08:00 level=DEBUG msg="discovery: skipping unreachable socket" socket=/tmp/tmux-501/ta-01ae7229ab34 err="query tmux on /tmp/tmux-501/ta-01ae7229ab34: exit status 1: no server running on /tmp/tmux-501/ta-01ae7229ab34"
time=2026-08-09T09:29:34.900+08:00 level=DEBUG msg="discovery: skipping unreachable socket" socket=/tmp/tmux-501/ta-068e05dab0f2 err="query tmux on /tmp/tmux-501/ta-068e05dab0f2: exit status 1: no server running on /tmp/tmux-501/ta-068e05dab0f2"
time=2026-08-09T09:29:34.906+08:00 level=DEBUG msg="discovery: skipping unreachable socket" socket=/tmp/tmux-501/ta-06c9f392130f err="query tmux on /tmp/tmux-501/ta-06c9f392130f: exit status 1: no server running on /tmp/tmux-501/ta-06c9f392130f"
time=2026-08-09T09:29:34.912+08:00 level=DEBUG msg="discovery: skipping unreachable socket" socket=/tmp/tmux-501/ta-06d4a2ee7518 err="query tmux on /tmp/tmux-501/ta-06d4a2ee7518: exit status 1: no server running on /tmp/tmux-501/ta-06d4a2ee7518"
time=2026-08-09T09:29:34.929+08:00 level=DEBUG msg="discovery: skipping unreachable socket" socket=/tmp/tmux-501/ta-0a72db2d2f8d err="query tmux on /tmp/tmux-501/ta-0a72db2d2f8d: exit status 1: no server running on /tmp/tmux-501/ta-0a72db2d2f8d"
time=2026-08-09T09:29:34.934+08:00 level=DEBUG msg="discovery: skipping unreachable socket" socket=/tmp/tmux-501/ta-0c2f41c7040c err="query tmux on /tmp/tmux-501/ta-0c2f41c7040c: exit status 1: no server running on /tmp/tmux-501/ta-0c2f41c7040c"
time=2026-08-09T09:29:34.940+08:00 level=DEBUG msg="discovery: skipping unreachable socket" socket=/tmp/tmux-501/ta-0d8be8a7829a err="query tmux on /tmp/tmux-501/ta-0d8be8a7829a: exit status 1: no server running on /tmp/tmux-501/ta-0d8be8a7829a"
time=2026-08-09T09:29:34.947+08:00 level=DEBUG msg="discovery: skipping unreachable socket" socket=/tmp/tmux-501/ta-12998fa42bdd err="query tmux on /tmp/tmux-501/ta-12998fa42bdd: exit status 1: no server running on /tmp/tmux-501/ta-12998fa42bdd"
time=2026-08-09T09:29:34.965+08:00 level=DEBUG msg="discovery: skipping unreachable socket" socket=/tmp/tmux-501/ta-179131c0076a err="query tmux on /tmp/tmux-501/ta-179131c0076a: exit status 1: no server running on /tmp/tmux-501/ta-179131c0076a"
time=2026-08-09T09:29:34.977+08:00 level=DEBUG msg="discovery: skipping unreachable socket" socket=/tmp/tmux-501/ta-1949e6b86881 err="query tmux on /tmp/tmux-501/ta-1949e6b86881: exit status 1: no server running on /tmp/tmux-501/ta-1949e6b86881"
time=2026-08-09T09:29:34.990+08:00 level=DEBUG msg="discovery: skipping unreachable socket" socket=/tmp/tmux-501/ta-207c04ef53a0 err="query tmux on /tmp/tmux-501/ta-207c04ef53a0: exit status 1: no server running on /tmp/tmux-501/ta-207c04ef53a0"
time=2026-08-09T09:29:34.996+08:00 level=DEBUG msg="discovery: skipping unreachable socket" socket=/tmp/tmux-501/ta-216636364606 err="query tmux on /tmp/tmux-501/ta-216636364606: exit status 1: no server running on /tmp/tmux-501/ta-216636364606"
time=2026-08-09T09:29:35.001+08:00 level=DEBUG msg="discovery: skipping unreachable socket" socket=/tmp/tmux-501/ta-21e91d9e0de3 err="query tmux on /tmp/tmux-501/ta-21e91d9e0de3: exit status 1: no server running on /tmp/tmux-501/ta-21e91d9e0de3"
time=2026-08-09T09:29:35.026+08:00 level=DEBUG msg="discovery: skipping unreachable socket" socket=/tmp/tmux-501/ta-24fce2185904 err="query tmux on /tmp/tmux-501/ta-24fce2185904: exit status 1: no server running on /tmp/tmux-501/ta-24fce2185904"
time=2026-08-09T09:29:35.032+08:00 level=DEBUG msg="discovery: skipping unreachable socket" socket=/tmp/tmux-501/ta-26f28692c57a err="query tmux on /tmp/tmux-501/ta-26f28692c57a: exit status 1: no server running on /tmp/tmux-501/ta-26f28692c57a"
time=2026-08-09T09:29:35.037+08:00 level=DEBUG msg="discovery: skipping unreachable socket" socket=/tmp/tmux-501/ta-282fba4016e1 err="query tmux on /tmp/tmux-501/ta-282fba4016e1: exit status 1: no server running on /tmp/tmux-501/ta-282fba4016e1"
time=2026-08-09T09:29:35.043+08:00 level=DEBUG msg="discovery: skipping unreachable socket" socket=/tmp/tmux-501/ta-286f7286ce54 err="query tmux on /tmp/tmux-501/ta-286f7286ce54: exit status 1: no server running on /tmp/tmux-501/ta-286f7286ce54"
time=2026-08-09T09:29:35.055+08:00 level=DEBUG msg="discovery: skipping unreachable socket" socket=/tmp/tmux-501/ta-288094083c2c err="query tmux on /tmp/tmux-501/ta-288094083c2c: exit status 1: no server running on /tmp/tmux-501/ta-288094083c2c"
time=2026-08-09T09:29:35.067+08:00 level=DEBUG msg="discovery: skipping unreachable socket" socket=/tmp/tmux-501/ta-2aae31361fa1 err="query tmux on /tmp/tmux-501/ta-2aae31361fa1: exit status 1: no server running on /tmp/tmux-501/ta-2aae31361fa1"
time=2026-08-09T09:29:35.072+08:00 level=DEBUG msg="discovery: skipping unreachable socket" socket=/tmp/tmux-501/ta-2ae1025c10d1 err="query tmux on /tmp/tmux-501/ta-2ae1025c10d1: exit status 1: no server running on /tmp/tmux-501/ta-2ae1025c10d1"
time=2026-08-09T09:29:35.078+08:00 level=DEBUG msg="discovery: skipping unreachable socket" socket=/tmp/tmux-501/ta-2cb694214071 err="query tmux on /tmp/tmux-501/ta-2cb694214071: exit status 1: no server running on /tmp/tmux-501/ta-2cb694214071"
time=2026-08-09T09:29:35.096+08:00 level=DEBUG msg="discovery: skipping unreachable socket" socket=/tmp/tmux-501/ta-3274a318dbc9 err="query tmux on /tmp/tmux-501/ta-3274a318dbc9: exit status 1: no server running on /tmp/tmux-501/ta-3274a318dbc9"
time=2026-08-09T09:29:35.107+08:00 level=DEBUG msg="discovery: skipping unreachable socket" socket=/tmp/tmux-501/ta-35ed7d2f51d9 err="query tmux on /tmp/tmux-501/ta-35ed7d2f51d9: exit status 1: no server running on /tmp/tmux-501/ta-35ed7d2f51d9"
time=2026-08-09T09:29:35.113+08:00 level=DEBUG msg="discovery: skipping unreachable socket" socket=/tmp/tmux-501/ta-362b16c58513 err="query tmux on /tmp/tmux-501/ta-362b16c58513: exit status 1: no server running on /tmp/tmux-501/ta-362b16c58513"
time=2026-08-09T09:29:35.119+08:00 level=DEBUG msg="discovery: skipping unreachable socket" socket=/tmp/tmux-501/ta-3833181162ac err="query tmux on /tmp/tmux-501/ta-3833181162ac: exit status 1: no server running on /tmp/tmux-501/ta-3833181162ac"
time=2026-08-09T09:29:35.125+08:00 level=DEBUG msg="discovery: skipping unreachable socket" socket=/tmp/tmux-501/ta-3ce72bbed4f2 err="query tmux on /tmp/tmux-501/ta-3ce72bbed4f2: exit status 1: no server running on /tmp/tmux-501/ta-3ce72bbed4f2"
time=2026-08-09T09:29:35.136+08:00 level=DEBUG msg="discovery: skipping unreachable socket" socket=/tmp/tmux-501/ta-3e93f5065209 err="query tmux on /tmp/tmux-501/ta-3e93f5065209: exit status 1: no server running on /tmp/tmux-501/ta-3e93f5065209"
time=2026-08-09T09:29:35.142+08:00 level=DEBUG msg="discovery: skipping unreachable socket" socket=/tmp/tmux-501/ta-4028cb65384b err="query tmux on /tmp/tmux-501/ta-4028cb65384b: exit status 1: no server running on /tmp/tmux-501/ta-4028cb65384b"
time=2026-08-09T09:29:35.148+08:00 level=DEBUG msg="discovery: skipping unreachable socket" socket=/tmp/tmux-501/ta-406246e480e7 err="query tmux on /tmp/tmux-501/ta-406246e480e7: exit status 1: no server running on /tmp/tmux-501/ta-406246e480e7"
time=2026-08-09T09:29:35.159+08:00 level=DEBUG msg="discovery: skipping unreachable socket" socket=/tmp/tmux-501/ta-438cff265841 err="query tmux on /tmp/tmux-501/ta-438cff265841: exit status 1: no server running on /tmp/tmux-501/ta-438cff265841"
time=2026-08-09T09:29:35.165+08:00 level=DEBUG msg="discovery: skipping unreachable socket" socket=/tmp/tmux-501/ta-43ce27abee3c err="query tmux on /tmp/tmux-501/ta-43ce27abee3c: exit status 1: no server running on /tmp/tmux-501/ta-43ce27abee3c"
time=2026-08-09T09:29:35.177+08:00 level=DEBUG msg="discovery: skipping unreachable socket" socket=/tmp/tmux-501/ta-44e75c59a69f err="query tmux on /tmp/tmux-501/ta-44e75c59a69f: exit status 1: no server running on /tmp/tmux-501/ta-44e75c59a69f"
time=2026-08-09T09:29:35.182+08:00 level=DEBUG msg="discovery: skipping unreachable socket" socket=/tmp/tmux-501/ta-46e0835ad8e4 err="query tmux on /tmp/tmux-501/ta-46e0835ad8e4: exit status 1: no server running on /tmp/tmux-501/ta-46e0835ad8e4"
time=2026-08-09T09:29:35.188+08:00 level=DEBUG msg="discovery: skipping unreachable socket" socket=/tmp/tmux-501/ta-4702165bbeaf err="query tmux on /tmp/tmux-501/ta-4702165bbeaf: exit status 1: no server running on /tmp/tmux-501/ta-4702165bbeaf"
time=2026-08-09T09:29:35.200+08:00 level=DEBUG msg="discovery: skipping unreachable socket" socket=/tmp/tmux-501/ta-4a7c411cbbe6 err="query tmux on /tmp/tmux-501/ta-4a7c411cbbe6: exit status 1: no server running on /tmp/tmux-501/ta-4a7c411cbbe6"
time=2026-08-09T09:29:35.206+08:00 level=DEBUG msg="discovery: skipping unreachable socket" socket=/tmp/tmux-501/ta-4a8e9f0c15b4 err="query tmux on /tmp/tmux-501/ta-4a8e9f0c15b4: exit status 1: no server running on /tmp/tmux-501/ta-4a8e9f0c15b4"
time=2026-08-09T09:29:35.211+08:00 level=DEBUG msg="discovery: skipping unreachable socket" socket=/tmp/tmux-501/ta-4dfb8cf29b53 err="query tmux on /tmp/tmux-501/ta-4dfb8cf29b53: exit status 1: no server running on /tmp/tmux-501/ta-4dfb8cf29b53"
time=2026-08-09T09:29:35.217+08:00 level=DEBUG msg="discovery: skipping unreachable socket" socket=/tmp/tmux-501/ta-4f3924cc4519 err="query tmux on /tmp/tmux-501/ta-4f3924cc4519: exit status 1: no server running on /tmp/tmux-501/ta-4f3924cc4519"
time=2026-08-09T09:29:35.222+08:00 level=DEBUG msg="discovery: skipping unreachable socket" socket=/tmp/tmux-501/ta-52394122babb err="query tmux on /tmp/tmux-501/ta-52394122babb: exit status 1: no server running on /tmp/tmux-501/ta-52394122babb"
time=2026-08-09T09:29:35.239+08:00 level=DEBUG msg="discovery: skipping unreachable socket" socket=/tmp/tmux-501/ta-577561874d9b err="query tmux on /tmp/tmux-501/ta-577561874d9b: exit status 1: no server running on /tmp/tmux-501/ta-577561874d9b"
time=2026-08-09T09:29:35.257+08:00 level=DEBUG msg="discovery: skipping unreachable socket" socket=/tmp/tmux-501/ta-5ba7740fadec err="query tmux on /tmp/tmux-501/ta-5ba7740fadec: exit status 1: no server running on /tmp/tmux-501/ta-5ba7740fadec"
time=2026-08-09T09:29:35.263+08:00 level=DEBUG msg="discovery: skipping unreachable socket" socket=/tmp/tmux-501/ta-5bac69dbfe99 err="query tmux on /tmp/tmux-501/ta-5bac69dbfe99: exit status 1: no server running on /tmp/tmux-501/ta-5bac69dbfe99"
time=2026-08-09T09:29:35.275+08:00 level=DEBUG msg="discovery: skipping unreachable socket" socket=/tmp/tmux-501/ta-5d6d082f74c6 err="query tmux on /tmp/tmux-501/ta-5d6d082f74c6: exit status 1: no server running on /tmp/tmux-501/ta-5d6d082f74c6"
time=2026-08-09T09:29:35.281+08:00 level=DEBUG msg="discovery: skipping unreachable socket" socket=/tmp/tmux-501/ta-5f045cf48619 err="query tmux on /tmp/tmux-501/ta-5f045cf48619: exit status 1: no server running on /tmp/tmux-501/ta-5f045cf48619"
time=2026-08-09T09:29:35.293+08:00 level=DEBUG msg="discovery: skipping unreachable socket" socket=/tmp/tmux-501/ta-63bd43dc1eb7 err="query tmux on /tmp/tmux-501/ta-63bd43dc1eb7: exit status 1: no server running on /tmp/tmux-501/ta-63bd43dc1eb7"
time=2026-08-09T09:29:35.298+08:00 level=DEBUG msg="discovery: skipping unreachable socket" socket=/tmp/tmux-501/ta-648f0b64fb93 err="query tmux on /tmp/tmux-501/ta-648f0b64fb93: exit status 1: no server running on /tmp/tmux-501/ta-648f0b64fb93"
time=2026-08-09T09:29:35.310+08:00 level=DEBUG msg="discovery: skipping unreachable socket" socket=/tmp/tmux-501/ta-69187e22e8b0 err="query tmux on /tmp/tmux-501/ta-69187e22e8b0: exit status 1: no server running on /tmp/tmux-501/ta-69187e22e8b0"
time=2026-08-09T09:29:35.316+08:00 level=DEBUG msg="discovery: skipping unreachable socket" socket=/tmp/tmux-501/ta-69a1521c06b9 err="query tmux on /tmp/tmux-501/ta-69a1521c06b9: exit status 1: no server running on /tmp/tmux-501/ta-69a1521c06b9"
time=2026-08-09T09:29:35.322+08:00 level=DEBUG msg="discovery: skipping unreachable socket" socket=/tmp/tmux-501/ta-6b26f32298f1 err="query tmux on /tmp/tmux-501/ta-6b26f32298f1: exit status 1: no server running on /tmp/tmux-501/ta-6b26f32298f1"
time=2026-08-09T09:29:35.327+08:00 level=DEBUG msg="discovery: skipping unreachable socket" socket=/tmp/tmux-501/ta-6c005e9a3f39 err="query tmux on /tmp/tmux-501/ta-6c005e9a3f39: exit status 1: no server running on /tmp/tmux-501/ta-6c005e9a3f39"
time=2026-08-09T09:29:35.344+08:00 level=DEBUG msg="discovery: skipping unreachable socket" socket=/tmp/tmux-501/ta-7a8416afe095 err="query tmux on /tmp/tmux-501/ta-7a8416afe095: exit status 1: no server running on /tmp/tmux-501/ta-7a8416afe095"
time=2026-08-09T09:29:35.356+08:00 level=DEBUG msg="discovery: skipping unreachable socket" socket=/tmp/tmux-501/ta-7b8b9455aae8 err="query tmux on /tmp/tmux-501/ta-7b8b9455aae8: exit status 1: no server running on /tmp/tmux-501/ta-7b8b9455aae8"
time=2026-08-09T09:29:35.361+08:00 level=DEBUG msg="discovery: skipping unreachable socket" socket=/tmp/tmux-501/ta-7c8b9455ac9b err="query tmux on /tmp/tmux-501/ta-7c8b9455ac9b: exit status 1: no server running on /tmp/tmux-501/ta-7c8b9455ac9b"
time=2026-08-09T09:29:35.367+08:00 level=DEBUG msg="discovery: skipping unreachable socket" socket=/tmp/tmux-501/ta-7d95a33c35bb err="query tmux on /tmp/tmux-501/ta-7d95a33c35bb: exit status 1: no server running on /tmp/tmux-501/ta-7d95a33c35bb"
time=2026-08-09T09:29:35.373+08:00 level=DEBUG msg="discovery: skipping unreachable socket" socket=/tmp/tmux-501/ta-7e656aa70eac err="query tmux on /tmp/tmux-501/ta-7e656aa70eac: exit status 1: no server running on /tmp/tmux-501/ta-7e656aa70eac"
time=2026-08-09T09:29:35.379+08:00 level=DEBUG msg="discovery: skipping unreachable socket" socket=/tmp/tmux-501/ta-7e7d8c51114d err="query tmux on /tmp/tmux-501/ta-7e7d8c51114d: exit status 1: no server running on /tmp/tmux-501/ta-7e7d8c51114d"
time=2026-08-09T09:29:35.384+08:00 level=DEBUG msg="discovery: skipping unreachable socket" socket=/tmp/tmux-501/ta-8048ed81b9df err="query tmux on /tmp/tmux-501/ta-8048ed81b9df: exit status 1: no server running on /tmp/tmux-501/ta-8048ed81b9df"
time=2026-08-09T09:29:35.401+08:00 level=DEBUG msg="discovery: skipping unreachable socket" socket=/tmp/tmux-501/ta-833b364038e0 err="query tmux on /tmp/tmux-501/ta-833b364038e0: exit status 1: no server running on /tmp/tmux-501/ta-833b364038e0"
time=2026-08-09T09:29:35.407+08:00 level=DEBUG msg="discovery: skipping unreachable socket" socket=/tmp/tmux-501/ta-83e508ee7924 err="query tmux on /tmp/tmux-501/ta-83e508ee7924: exit status 1: no server running on /tmp/tmux-501/ta-83e508ee7924"
time=2026-08-09T09:29:35.418+08:00 level=DEBUG msg="discovery: skipping unreachable socket" socket=/tmp/tmux-501/ta-86cf9fb8afc6 err="query tmux on /tmp/tmux-501/ta-86cf9fb8afc6: exit status 1: no server running on /tmp/tmux-501/ta-86cf9fb8afc6"
time=2026-08-09T09:29:35.429+08:00 level=DEBUG msg="discovery: skipping unreachable socket" socket=/tmp/tmux-501/ta-8b8a20c82890 err="query tmux on /tmp/tmux-501/ta-8b8a20c82890: exit status 1: no server running on /tmp/tmux-501/ta-8b8a20c82890"
time=2026-08-09T09:29:35.436+08:00 level=DEBUG msg="discovery: skipping unreachable socket" socket=/tmp/tmux-501/ta-8bcd86c68271 err="query tmux on /tmp/tmux-501/ta-8bcd86c68271: exit status 1: no server running on /tmp/tmux-501/ta-8bcd86c68271"
time=2026-08-09T09:29:35.441+08:00 level=DEBUG msg="discovery: skipping unreachable socket" socket=/tmp/tmux-501/ta-8cedaec15c6c err="query tmux on /tmp/tmux-501/ta-8cedaec15c6c: exit status 1: no server running on /tmp/tmux-501/ta-8cedaec15c6c"
time=2026-08-09T09:29:35.447+08:00 level=DEBUG msg="discovery: skipping unreachable socket" socket=/tmp/tmux-501/ta-8e1d263384bf err="query tmux on /tmp/tmux-501/ta-8e1d263384bf: exit status 1: no server running on /tmp/tmux-501/ta-8e1d263384bf"
time=2026-08-09T09:29:35.452+08:00 level=DEBUG msg="discovery: skipping unreachable socket" socket=/tmp/tmux-501/ta-8f900bc847e5 err="query tmux on /tmp/tmux-501/ta-8f900bc847e5: exit status 1: no server running on /tmp/tmux-501/ta-8f900bc847e5"
time=2026-08-09T09:29:35.464+08:00 level=DEBUG msg="discovery: skipping unreachable socket" socket=/tmp/tmux-501/ta-9354fec1f143 err="query tmux on /tmp/tmux-501/ta-9354fec1f143: exit status 1: no server running on /tmp/tmux-501/ta-9354fec1f143"
time=2026-08-09T09:29:35.470+08:00 level=DEBUG msg="discovery: skipping unreachable socket" socket=/tmp/tmux-501/ta-945d4f57597e err="query tmux on /tmp/tmux-501/ta-945d4f57597e: exit status 1: no server running on /tmp/tmux-501/ta-945d4f57597e"
time=2026-08-09T09:29:35.480+08:00 level=DEBUG msg="discovery: skipping unreachable socket" socket=/tmp/tmux-501/ta-958bed53a01a err="query tmux on /tmp/tmux-501/ta-958bed53a01a: exit status 1: no server running on /tmp/tmux-501/ta-958bed53a01a"
time=2026-08-09T09:29:35.486+08:00 level=DEBUG msg="discovery: skipping unreachable socket" socket=/tmp/tmux-501/ta-960f84496264 err="query tmux on /tmp/tmux-501/ta-960f84496264: exit status 1: no server running on /tmp/tmux-501/ta-960f84496264"
time=2026-08-09T09:29:35.492+08:00 level=DEBUG msg="discovery: skipping unreachable socket" socket=/tmp/tmux-501/ta-97059410728a err="query tmux on /tmp/tmux-501/ta-97059410728a: exit status 1: no server running on /tmp/tmux-501/ta-97059410728a"
time=2026-08-09T09:29:35.497+08:00 level=DEBUG msg="discovery: skipping unreachable socket" socket=/tmp/tmux-501/ta-973a87a2cc74 err="query tmux on /tmp/tmux-501/ta-973a87a2cc74: exit status 1: no server running on /tmp/tmux-501/ta-973a87a2cc74"
time=2026-08-09T09:29:35.503+08:00 level=DEBUG msg="discovery: skipping unreachable socket" socket=/tmp/tmux-501/ta-9757a154bb9c err="query tmux on /tmp/tmux-501/ta-9757a154bb9c: exit status 1: no server running on /tmp/tmux-501/ta-9757a154bb9c"
time=2026-08-09T09:29:35.508+08:00 level=DEBUG msg="discovery: skipping unreachable socket" socket=/tmp/tmux-501/ta-979d8e92c318 err="query tmux on /tmp/tmux-501/ta-979d8e92c318: exit status 1: no server running on /tmp/tmux-501/ta-979d8e92c318"
time=2026-08-09T09:29:35.520+08:00 level=DEBUG msg="discovery: skipping unreachable socket" socket=/tmp/tmux-501/ta-9f9660deef84 err="query tmux on /tmp/tmux-501/ta-9f9660deef84: exit status 1: no server running on /tmp/tmux-501/ta-9f9660deef84"
time=2026-08-09T09:29:35.537+08:00 level=DEBUG msg="discovery: skipping unreachable socket" socket=/tmp/tmux-501/ta-a3613f1b7212 err="query tmux on /tmp/tmux-501/ta-a3613f1b7212: exit status 1: no server running on /tmp/tmux-501/ta-a3613f1b7212"
time=2026-08-09T09:29:35.542+08:00 level=DEBUG msg="discovery: skipping unreachable socket" socket=/tmp/tmux-501/ta-a468707981a6 err="query tmux on /tmp/tmux-501/ta-a468707981a6: exit status 1: no server running on /tmp/tmux-501/ta-a468707981a6"
time=2026-08-09T09:29:35.548+08:00 level=DEBUG msg="discovery: skipping unreachable socket" socket=/tmp/tmux-501/ta-a7343098f3d8 err="query tmux on /tmp/tmux-501/ta-a7343098f3d8: exit status 1: no server running on /tmp/tmux-501/ta-a7343098f3d8"
time=2026-08-09T09:29:35.554+08:00 level=DEBUG msg="discovery: skipping unreachable socket" socket=/tmp/tmux-501/ta-a9c99df321ff err="query tmux on /tmp/tmux-501/ta-a9c99df321ff: exit status 1: no server running on /tmp/tmux-501/ta-a9c99df321ff"
time=2026-08-09T09:29:35.565+08:00 level=DEBUG msg="discovery: skipping unreachable socket" socket=/tmp/tmux-501/ta-aaf9a48911e5 err="query tmux on /tmp/tmux-501/ta-aaf9a48911e5: exit status 1: no server running on /tmp/tmux-501/ta-aaf9a48911e5"
time=2026-08-09T09:29:35.571+08:00 level=DEBUG msg="discovery: skipping unreachable socket" socket=/tmp/tmux-501/ta-abb7129edd07 err="query tmux on /tmp/tmux-501/ta-abb7129edd07: exit status 1: no server running on /tmp/tmux-501/ta-abb7129edd07"
time=2026-08-09T09:29:35.583+08:00 level=DEBUG msg="discovery: skipping unreachable socket" socket=/tmp/tmux-501/ta-ad3662bf2e59 err="query tmux on /tmp/tmux-501/ta-ad3662bf2e59: exit status 1: no server running on /tmp/tmux-501/ta-ad3662bf2e59"
time=2026-08-09T09:29:35.594+08:00 level=DEBUG msg="discovery: skipping unreachable socket" socket=/tmp/tmux-501/ta-b2f7818b50cf err="query tmux on /tmp/tmux-501/ta-b2f7818b50cf: exit status 1: no server running on /tmp/tmux-501/ta-b2f7818b50cf"
time=2026-08-09T09:29:35.605+08:00 level=DEBUG msg="discovery: skipping unreachable socket" socket=/tmp/tmux-501/ta-b387d5c883b9 err="query tmux on /tmp/tmux-501/ta-b387d5c883b9: exit status 1: no server running on /tmp/tmux-501/ta-b387d5c883b9"
time=2026-08-09T09:29:35.610+08:00 level=DEBUG msg="discovery: skipping unreachable socket" socket=/tmp/tmux-501/ta-b3d4bd767a05 err="query tmux on /tmp/tmux-501/ta-b3d4bd767a05: exit status 1: no server running on /tmp/tmux-501/ta-b3d4bd767a05"
time=2026-08-09T09:29:35.616+08:00 level=DEBUG msg="discovery: skipping unreachable socket" socket=/tmp/tmux-501/ta-b4b521c41e9a err="query tmux on /tmp/tmux-501/ta-b4b521c41e9a: exit status 1: no server running on /tmp/tmux-501/ta-b4b521c41e9a"
time=2026-08-09T09:29:35.628+08:00 level=DEBUG msg="discovery: skipping unreachable socket" socket=/tmp/tmux-501/ta-b831b66f70cc err="query tmux on /tmp/tmux-501/ta-b831b66f70cc: exit status 1: no server running on /tmp/tmux-501/ta-b831b66f70cc"
time=2026-08-09T09:29:35.634+08:00 level=DEBUG msg="discovery: skipping unreachable socket" socket=/tmp/tmux-501/ta-b98f12cd39b4 err="query tmux on /tmp/tmux-501/ta-b98f12cd39b4: exit status 1: no server running on /tmp/tmux-501/ta-b98f12cd39b4"
time=2026-08-09T09:29:35.639+08:00 level=DEBUG msg="discovery: skipping unreachable socket" socket=/tmp/tmux-501/ta-baa84c7ccd1b err="query tmux on /tmp/tmux-501/ta-baa84c7ccd1b: exit status 1: no server running on /tmp/tmux-501/ta-baa84c7ccd1b"
time=2026-08-09T09:29:35.645+08:00 level=DEBUG msg="discovery: skipping unreachable socket" socket=/tmp/tmux-501/ta-bccf40f5c109 err="query tmux on /tmp/tmux-501/ta-bccf40f5c109: exit status 1: no server running on /tmp/tmux-501/ta-bccf40f5c109"
time=2026-08-09T09:29:35.651+08:00 level=DEBUG msg="discovery: skipping unreachable socket" socket=/tmp/tmux-501/ta-be68601ef2c2 err="query tmux on /tmp/tmux-501/ta-be68601ef2c2: exit status 1: no server running on /tmp/tmux-501/ta-be68601ef2c2"
time=2026-08-09T09:29:35.663+08:00 level=DEBUG msg="discovery: skipping unreachable socket" socket=/tmp/tmux-501/ta-c013b77ee6d0 err="query tmux on /tmp/tmux-501/ta-c013b77ee6d0: exit status 1: no server running on /tmp/tmux-501/ta-c013b77ee6d0"
time=2026-08-09T09:29:35.674+08:00 level=DEBUG msg="discovery: skipping unreachable socket" socket=/tmp/tmux-501/ta-c47e5da1bbb5 err="query tmux on /tmp/tmux-501/ta-c47e5da1bbb5: exit status 1: no server running on /tmp/tmux-501/ta-c47e5da1bbb5"
time=2026-08-09T09:29:35.679+08:00 level=DEBUG msg="discovery: skipping unreachable socket" socket=/tmp/tmux-501/ta-c4ba37813235 err="query tmux on /tmp/tmux-501/ta-c4ba37813235: exit status 1: no server running on /tmp/tmux-501/ta-c4ba37813235"
time=2026-08-09T09:29:35.685+08:00 level=DEBUG msg="discovery: skipping unreachable socket" socket=/tmp/tmux-501/ta-c8d771f5db35 err="query tmux on /tmp/tmux-501/ta-c8d771f5db35: exit status 1: no server running on /tmp/tmux-501/ta-c8d771f5db35"
time=2026-08-09T09:29:35.702+08:00 level=DEBUG msg="discovery: skipping unreachable socket" socket=/tmp/tmux-501/ta-cc16aeabca59 err="query tmux on /tmp/tmux-501/ta-cc16aeabca59: exit status 1: no server running on /tmp/tmux-501/ta-cc16aeabca59"
time=2026-08-09T09:29:35.707+08:00 level=DEBUG msg="discovery: skipping unreachable socket" socket=/tmp/tmux-501/ta-ce11924e1314 err="query tmux on /tmp/tmux-501/ta-ce11924e1314: exit status 1: no server running on /tmp/tmux-501/ta-ce11924e1314"
time=2026-08-09T09:29:35.713+08:00 level=DEBUG msg="discovery: skipping unreachable socket" socket=/tmp/tmux-501/ta-ce2610e8e580 err="query tmux on /tmp/tmux-501/ta-ce2610e8e580: exit status 1: no server running on /tmp/tmux-501/ta-ce2610e8e580"
time=2026-08-09T09:29:35.718+08:00 level=DEBUG msg="discovery: skipping unreachable socket" socket=/tmp/tmux-501/ta-d11e18966c74 err="query tmux on /tmp/tmux-501/ta-d11e18966c74: exit status 1: no server running on /tmp/tmux-501/ta-d11e18966c74"
time=2026-08-09T09:29:35.730+08:00 level=DEBUG msg="discovery: skipping unreachable socket" socket=/tmp/tmux-501/ta-d40048c2c630 err="query tmux on /tmp/tmux-501/ta-d40048c2c630: exit status 1: no server running on /tmp/tmux-501/ta-d40048c2c630"
time=2026-08-09T09:29:35.735+08:00 level=DEBUG msg="discovery: skipping unreachable socket" socket=/tmp/tmux-501/ta-d415485e29a9 err="query tmux on /tmp/tmux-501/ta-d415485e29a9: exit status 1: no server running on /tmp/tmux-501/ta-d415485e29a9"
time=2026-08-09T09:29:35.740+08:00 level=DEBUG msg="discovery: skipping unreachable socket" socket=/tmp/tmux-501/ta-d5e19fd8f2c0 err="query tmux on /tmp/tmux-501/ta-d5e19fd8f2c0: exit status 1: no server running on /tmp/tmux-501/ta-d5e19fd8f2c0"
time=2026-08-09T09:29:35.752+08:00 level=DEBUG msg="discovery: skipping unreachable socket" socket=/tmp/tmux-501/ta-d9da6ad8da3c err="query tmux on /tmp/tmux-501/ta-d9da6ad8da3c: exit status 1: no server running on /tmp/tmux-501/ta-d9da6ad8da3c"
time=2026-08-09T09:29:35.757+08:00 level=DEBUG msg="discovery: skipping unreachable socket" socket=/tmp/tmux-501/ta-da241611468d err="query tmux on /tmp/tmux-501/ta-da241611468d: exit status 1: no server running on /tmp/tmux-501/ta-da241611468d"
time=2026-08-09T09:29:35.763+08:00 level=DEBUG msg="discovery: skipping unreachable socket" socket=/tmp/tmux-501/ta-daa7d5056abd err="query tmux on /tmp/tmux-501/ta-daa7d5056abd: exit status 1: no server running on /tmp/tmux-501/ta-daa7d5056abd"
time=2026-08-09T09:29:35.786+08:00 level=DEBUG msg="discovery: skipping unreachable socket" socket=/tmp/tmux-501/ta-deea2d344db0 err="query tmux on /tmp/tmux-501/ta-deea2d344db0: exit status 1: no server running on /tmp/tmux-501/ta-deea2d344db0"
time=2026-08-09T09:29:35.792+08:00 level=DEBUG msg="discovery: skipping unreachable socket" socket=/tmp/tmux-501/ta-e0aefe0e13d3 err="query tmux on /tmp/tmux-501/ta-e0aefe0e13d3: exit status 1: no server running on /tmp/tmux-501/ta-e0aefe0e13d3"
time=2026-08-09T09:29:35.798+08:00 level=DEBUG msg="discovery: skipping unreachable socket" socket=/tmp/tmux-501/ta-e0bb903ebcb6 err="query tmux on /tmp/tmux-501/ta-e0bb903ebcb6: exit status 1: no server running on /tmp/tmux-501/ta-e0bb903ebcb6"
time=2026-08-09T09:29:35.809+08:00 level=DEBUG msg="discovery: skipping unreachable socket" socket=/tmp/tmux-501/ta-e3d25594c5b5 err="query tmux on /tmp/tmux-501/ta-e3d25594c5b5: exit status 1: no server running on /tmp/tmux-501/ta-e3d25594c5b5"
time=2026-08-09T09:29:35.814+08:00 level=DEBUG msg="discovery: skipping unreachable socket" socket=/tmp/tmux-501/ta-e6bb8500fc38 err="query tmux on /tmp/tmux-501/ta-e6bb8500fc38: exit status 1: no server running on /tmp/tmux-501/ta-e6bb8500fc38"
time=2026-08-09T09:29:35.820+08:00 level=DEBUG msg="discovery: skipping unreachable socket" socket=/tmp/tmux-501/ta-e6c2187f7096 err="query tmux on /tmp/tmux-501/ta-e6c2187f7096: exit status 1: no server running on /tmp/tmux-501/ta-e6c2187f7096"
time=2026-08-09T09:29:35.831+08:00 level=DEBUG msg="discovery: skipping unreachable socket" socket=/tmp/tmux-501/ta-e9a0c9c79a07 err="query tmux on /tmp/tmux-501/ta-e9a0c9c79a07: exit status 1: no server running on /tmp/tmux-501/ta-e9a0c9c79a07"
time=2026-08-09T09:29:35.842+08:00 level=DEBUG msg="discovery: skipping unreachable socket" socket=/tmp/tmux-501/ta-f11d5c565fda err="query tmux on /tmp/tmux-501/ta-f11d5c565fda: exit status 1: no server running on /tmp/tmux-501/ta-f11d5c565fda"
time=2026-08-09T09:29:35.848+08:00 level=DEBUG msg="discovery: skipping unreachable socket" socket=/tmp/tmux-501/ta-f2f2b8ceb968 err="query tmux on /tmp/tmux-501/ta-f2f2b8ceb968: exit status 1: no server running on /tmp/tmux-501/ta-f2f2b8ceb968"
time=2026-08-09T09:29:35.854+08:00 level=DEBUG msg="discovery: skipping unreachable socket" socket=/tmp/tmux-501/ta-f361188b7539 err="query tmux on /tmp/tmux-501/ta-f361188b7539: exit status 1: no server running on /tmp/tmux-501/ta-f361188b7539"
time=2026-08-09T09:29:35.865+08:00 level=DEBUG msg="discovery: skipping unreachable socket" socket=/tmp/tmux-501/ta-f680dc117b11 err="query tmux on /tmp/tmux-501/ta-f680dc117b11: exit status 1: no server running on /tmp/tmux-501/ta-f680dc117b11"
time=2026-08-09T09:29:35.871+08:00 level=DEBUG msg="discovery: skipping unreachable socket" socket=/tmp/tmux-501/ta-f719270c4c59 err="query tmux on /tmp/tmux-501/ta-f719270c4c59: exit status 1: no server running on /tmp/tmux-501/ta-f719270c4c59"
time=2026-08-09T09:29:35.876+08:00 level=DEBUG msg="discovery: skipping unreachable socket" socket=/tmp/tmux-501/ta-f82b970e1873 err="query tmux on /tmp/tmux-501/ta-f82b970e1873: exit status 1: no server running on /tmp/tmux-501/ta-f82b970e1873"
time=2026-08-09T09:29:35.881+08:00 level=DEBUG msg="discovery: skipping unreachable socket" socket=/tmp/tmux-501/ta-fcd628a94743 err="query tmux on /tmp/tmux-501/ta-fcd628a94743: exit status 1: no server running on /tmp/tmux-501/ta-fcd628a94743"
time=2026-08-09T09:29:35.888+08:00 level=DEBUG msg="discovery: skipping unreachable socket" socket=/tmp/tmux-501/ta-fd52a396a29f err="query tmux on /tmp/tmux-501/ta-fd52a396a29f: exit status 1: no server running on /tmp/tmux-501/ta-fd52a396a29f"
time=2026-08-09T09:29:35.894+08:00 level=DEBUG msg="discovery: skipping unreachable socket" socket=/tmp/tmux-501/ta-fdb0b3d91a30 err="query tmux on /tmp/tmux-501/ta-fdb0b3d91a30: exit status 1: no server running on /tmp/tmux-501/ta-fdb0b3d91a30"
time=2026-08-09T09:29:35.906+08:00 level=DEBUG msg="discovery: skipping unreachable socket" socket=/tmp/tmux-501/ta-ffd3b292ce18 err="query tmux on /tmp/tmux-501/ta-ffd3b292ce18: exit status 1: no server running on /tmp/tmux-501/ta-ffd3b292ce18"
time=2026-08-09T09:29:35.906+08:00 level=DEBUG msg="listing: no changes"
time=2026-08-09T09:29:35.923+08:00 level=DEBUG msg="discovery: skipping unreachable socket" socket=/tmp/tmux-501/ta-01126683e597 err="query tmux on /tmp/tmux-501/ta-01126683e597: exit status 1: no server running on /tmp/tmux-501/ta-01126683e597"
time=2026-08-09T09:29:35.929+08:00 level=DEBUG msg="discovery: skipping unreachable socket" socket=/tmp/tmux-501/ta-013ab1835f3d err="query tmux on /tmp/tmux-501/ta-013ab1835f3d: exit status 1: no server running on /tmp/tmux-501/ta-013ab1835f3d"
time=2026-08-09T09:29:35.934+08:00 level=DEBUG msg="discovery: skipping unreachable socket" socket=/tmp/tmux-501/ta-01ae7229ab34 err="query tmux on /tmp/tmux-501/ta-01ae7229ab34: exit status 1: no server running on /tmp/tmux-501/ta-01ae7229ab34"
time=2026-08-09T09:29:35.952+08:00 level=DEBUG msg="discovery: skipping unreachable socket" socket=/tmp/tmux-501/ta-068e05dab0f2 err="query tmux on /tmp/tmux-501/ta-068e05dab0f2: exit status 1: no server running on /tmp/tmux-501/ta-068e05dab0f2"
time=2026-08-09T09:29:35.958+08:00 level=DEBUG msg="discovery: skipping unreachable socket" socket=/tmp/tmux-501/ta-06c9f392130f err="query tmux on /tmp/tmux-501/ta-06c9f392130f: exit status 1: no server running on /tmp/tmux-501/ta-06c9f392130f"
time=2026-08-09T09:29:35.963+08:00 level=DEBUG msg="discovery: skipping unreachable socket" socket=/tmp/tmux-501/ta-06d4a2ee7518 err="query tmux on /tmp/tmux-501/ta-06d4a2ee7518: exit status 1: no server running on /tmp/tmux-501/ta-06d4a2ee7518"
time=2026-08-09T09:29:35.980+08:00 level=DEBUG msg="discovery: skipping unreachable socket" socket=/tmp/tmux-501/ta-0a72db2d2f8d err="query tmux on /tmp/tmux-501/ta-0a72db2d2f8d: exit status 1: no server running on /tmp/tmux-501/ta-0a72db2d2f8d"
time=2026-08-09T09:29:35.986+08:00 level=DEBUG msg="discovery: skipping unreachable socket" socket=/tmp/tmux-501/ta-0c2f41c7040c err="query tmux on /tmp/tmux-501/ta-0c2f41c7040c: exit status 1: no server running on /tmp/tmux-501/ta-0c2f41c7040c"
time=2026-08-09T09:29:35.992+08:00 level=DEBUG msg="discovery: skipping unreachable socket" socket=/tmp/tmux-501/ta-0d8be8a7829a err="query tmux on /tmp/tmux-501/ta-0d8be8a7829a: exit status 1: no server running on /tmp/tmux-501/ta-0d8be8a7829a"
time=2026-08-09T09:29:35.998+08:00 level=DEBUG msg="discovery: skipping unreachable socket" socket=/tmp/tmux-501/ta-12998fa42bdd err="query tmux on /tmp/tmux-501/ta-12998fa42bdd: exit status 1: no server running on /tmp/tmux-501/ta-12998fa42bdd"
time=2026-08-09T09:29:36.015+08:00 level=DEBUG msg="discovery: skipping unreachable socket" socket=/tmp/tmux-501/ta-179131c0076a err="query tmux on /tmp/tmux-501/ta-179131c0076a: exit status 1: no server running on /tmp/tmux-501/ta-179131c0076a"
