time=2026-08-21T22:14:19.330+08:00 level=INFO msg="provider whitelist loaded" entries=6
time=2026-08-21T22:14:19.334+08:00 level=INFO msg="single-instance guard acquired" pidfile=/Volumes/nvme/Projects/远程Agent安卓/.team/nodes/hl1-uiicon/tmp/iso/state/agentmirrord.pid
time=2026-08-21T22:14:19.334+08:00 level=INFO msg="pairing token source=explicit"
time=2026-08-21T22:14:19.334+08:00 level=INFO msg="agentmirrord starting" listen=0.0.0.0:9892 qr_listen="" token_source=explicit upload_dir=/Volumes/nvme/Projects/远程Agent安卓/.team/nodes/hl1-uiicon/tmp/iso/uploads max_upload_mib=20 list_interval=500ms
time=2026-08-21T22:14:19.335+08:00 level=DEBUG msg="listing loop started" interval=500ms
time=2026-08-21T22:14:19.335+08:00 level=DEBUG msg="level2 loop started" interval=2s heartbeat=8s
time=2026-08-21T22:14:19.335+08:00 level=WARN msg="tailnet 未启用：未配置 TS authkey，仅 LAN 监听"
                                                             
                                                             
    █▀▀▀▀▀█ ▄▄ █▀▀▀▄▄▄▀█ ▄▀██▀██▄██ ███▄ ▄ █▄ █▄  █▀▀▀▀▀█    
    █ ███ █ █ █▄▄ ▄ ▄ █▀  █▄▀█▄▀█▄█▄ █  ▄  ▄█ ▄▀▄ █ ███ █    
    █ ▀▀▀ █  ▀▀█ ▀▀ ▄ ▀█   ▄█▀▀▀██▀▄▄▄▀███▄▄▀▀█   █ ▀▀▀ █    
    ▀▀▀▀▀▀▀ █▄█▄█▄▀▄█▄▀ ▀▄█ █ ▀ █ █▄▀ ▀ █ █ ▀▄█▄█ ▀▀▀▀▀▀▀    
    █▄▄▄ ▄▀ ▀▀▀▄▄ ▀ █▀█ ▄ ▄▄▀▀▀█▀▄ ▀▄█▀ █ ▀█ ████▀█  █▀▀     
    █▄ ▄▀▄▀▄▄  ▄▄▄▀█▀ ▄ ██▄ █▄█▄ ██ █▄▄▄█ █▀ █ █▀▄▀  ▄██▄    
    ▀▀ ▀▄▀▀▄  ▄▀ █▀▄  ▀█ ██ █▀▄█▀▀█████▄▄ ▄ ▀▀▀▀▀█▀  ▀▄▀     
     ▀▀▄ ▀▀▀▄▄▀▄ ▀▄██ ▀██▄█  ▄▀█▀ ▀▄▄█  █ █    ▀▀▀▄▀▄▀▄      
     █▄▀▄ ▀█   ▄▄▄▀▄ █▀   ▄▀ ▀▀▀  ▄█▀▀▀ ▀▀▀▀▄█▄▄▀▄  ▄▀▄      
    █▄█▄ ▀▀▀▀▄█▀▀▀▄▀ █▀▄▀ ▄ ▀▀█▀█▀▄▀  ▀▀▀  ▀  ▄▄█▀▄█▄▄ ██    
    ▀██▄█▀▀▄ █▄ ▄▄▀▀▄   ▄ █ ▄ ▄▀▀███▄ ▄▄▀▄██▄▀▄███▄▄██▄ ▄    
    ▀▄▄ ██▀ ███  ▀██▄ ██▄█ ▄▀▄▀█▄     █▀ ▄ █▄ ▄ ▀▄  █▄ ▄█    
    ▄▄ ▄█▀▀▀█▀ █ ▀ ▀█▄▄▄█▀▀██▀▀▀█▄█▀▀▄ ▄█▄  █▀█ █▀▀▀█ ▀▀▄    
    ▄█▄ █ ▀ ██ ▄  ▄▄▀ ▀▀▄█ ██ ▀ ██  ▄ ▀▄█▀▀▀ ▀█▀█ ▀ █▄█▀     
      ▄ ██▀▀█▀█▀▄▀█ ██▄▄▀▄  ▀██▀▀▀▀ ▀  ▄▀▀ █▄▄▄▄█▀█▀▀███▄    
    █▀▄███▀   █▄█ ████ ▀▀█▄█ ▄ ▀█▄█▀▄ ▀▄▄▀ ▀ █ ▄▄▄█▄██  █    
    █▀▀  ▄▀▀█  ▀▄ █▄  ▀█ ▄▄  █  ▀███ ▀▄▄█▀█▄ █▀▄▄█▄▀▄ █      
    ██▀██▀▀█▄█  ▀▄ ▀ █▄ ▀▀▀▄▀▄ ▀▄▀▄█▀██ ▄ █▄▄ █▀▀▀▄ ▄█▄ █    
    ▄▀█  ▄▀▀▀▀ ▄   ▀▄▄█ ██▀██ █ ████▄  ▄▄▀ ▀█ ▄█  ▄█ ▄█▄     
    █  ▄▄█▀▀█▄██ ▀█ ▀▀█ ██▄█▄▄▀▀▀ ▄ ▀ ▄   █▀▄ ▄▄ ▀█▄█▀█ ▄    
     ▄▀▀  ▀▀██ ▄▀  █ ▀▀█ █ █▀   ▀▀█ ▀▀  ▀▄█   ▄▀██ ▀ ▀▄▀▄    
    ▀█▄▀▀▀▀█▄█▀ █    ▀█   ▀▄▄▀▀█  ▀▄▀▀▄█▄▀▀▀▄▀ ▄▀█▀███▀██    
       ▀  ▀ ▄ █▀█▄ █▀  ▀▄ ▀▀█▀▀▀█▀▀   ▀▀ ▀█▀▄▄▀ █▀▀▀█▄▄▀█    
    █▀▀▀▀▀█    █▀▀▄▄ ▀▀▀▀ █ █ ▀ █▄███▀▀ ▀▀█ ▀▄▀▄█ ▀ █ ▀▀█    
    █ ███ █  ▄▀▀▀▄▀ █ ▀▀▀  ███▀██▀█▀  ▄█▀█▀▄█▀█▄▀█▀███ █     
    █ ▀▀▀ █  █▀ ▀▀▄▄▀█ ▀█▀ ▀ ▄█▄ ▄▄▀▄ ██▄ ▀▀▄▄▄▀▄▀▄▄█▄▄▀▄    
    ▀▀▀▀▀▀▀ ▀  ▀  ▀ ▀ ▀ ▀ ▀▀▀    ▀  ▀▀   ▀▀   ▀▀ ▀  ▀        
                                                             
                                                             

──────────────────────────────────────────────
配对信息 · 用 App 扫码，或手填以下内容：
  服务端 ws 地址 : ws://10.202.81.20:9892/ws
  配对 token      : UICN7318849
  其他可达地址（若上面的连不上，改用下列之一）：
    ws://10.202.81.20:9892/ws   [lan]
    ws://192.168.31.116:9892/ws   [lan]
    ws://100.75.207.88:9892/ws   [tailnet]
time=2026-08-21T22:14:27.079+08:00 level=DEBUG msg="discovery: skipping unreachable socket" socket=/tmp/tmux-501/t115d24675 err="query tmux on /tmp/tmux-501/t115d24675: exit status 1: no server running on /tmp/tmux-501/t115d24675"
time=2026-08-21T22:14:27.105+08:00 level=DEBUG msg="discovery: skipping unreachable socket" socket=/tmp/tmux-501/t115d24675 err="query tmux on /tmp/tmux-501/t115d24675: exit status 1: no server running on /tmp/tmux-501/t115d24675"
time=2026-08-21T22:14:27.106+08:00 level=DEBUG msg="discovery: skipping unreachable socket" socket=/tmp/tmux-501/t115e31319 err="query tmux on /tmp/tmux-501/t115e31319: exit status 1: no server running on /tmp/tmux-501/t115e31319"
time=2026-08-21T22:14:27.117+08:00 level=DEBUG msg="discovery: skipping unreachable socket" socket=/tmp/tmux-501/t115e31319 err="query tmux on /tmp/tmux-501/t115e31319: exit status 1: no server running on /tmp/tmux-501/t115e31319"
time=2026-08-21T22:14:27.117+08:00 level=DEBUG msg="discovery: skipping unreachable socket" socket=/tmp/tmux-501/t115f44898 err="query tmux on /tmp/tmux-501/t115f44898: exit status 1: no server running on /tmp/tmux-501/t115f44898"
time=2026-08-21T22:14:27.128+08:00 level=DEBUG msg="discovery: skipping unreachable socket" socket=/tmp/tmux-501/t115f44898 err="query tmux on /tmp/tmux-501/t115f44898: exit status 1: no server running on /tmp/tmux-501/t115f44898"
time=2026-08-21T22:14:27.130+08:00 level=DEBUG msg="discovery: skipping unreachable socket" socket=/tmp/tmux-501/t115g47728 err="query tmux on /tmp/tmux-501/t115g47728: exit status 1: no server running on /tmp/tmux-501/t115g47728"
time=2026-08-21T22:14:27.140+08:00 level=DEBUG msg="discovery: skipping unreachable socket" socket=/tmp/tmux-501/t115g47728 err="query tmux on /tmp/tmux-501/t115g47728: exit status 1: no server running on /tmp/tmux-501/t115g47728"
time=2026-08-21T22:14:27.141+08:00 level=DEBUG msg="discovery: skipping unreachable socket" socket=/tmp/tmux-501/ta-0bafa3965ade err="query tmux on /tmp/tmux-501/ta-0bafa3965ade: exit status 1: no server running on /tmp/tmux-501/ta-0bafa3965ade"
time=2026-08-21T22:14:27.157+08:00 level=DEBUG msg="discovery: skipping unreachable socket" socket=/tmp/tmux-501/ta-0bafa3965ade err="query tmux on /tmp/tmux-501/ta-0bafa3965ade: exit status 1: no server running on /tmp/tmux-501/ta-0bafa3965ade"
time=2026-08-21T22:14:27.211+08:00 level=DEBUG msg="discovery: skipping unreachable socket" socket=/tmp/tmux-501/ta-61709dcf801e err="query tmux on /tmp/tmux-501/ta-61709dcf801e: exit status 1: no server running on /tmp/tmux-501/ta-61709dcf801e"
time=2026-08-21T22:14:27.216+08:00 level=DEBUG msg="discovery: skipping unreachable socket" socket=/tmp/tmux-501/ta-61709dcf801e err="query tmux on /tmp/tmux-501/ta-61709dcf801e: exit status 1: no server running on /tmp/tmux-501/ta-61709dcf801e"
time=2026-08-21T22:14:27.248+08:00 level=DEBUG msg="discovery: skipping unparsable pane line" socket=/tmp/tmux-501/ta-a9fd5b7defbd line="team-refactor-maintainability|6|%39|/Users/alauda/Documents/code/agent前沿探索/多agent协作|bash|87458|t.p9.review 零上下文设计审查已通过<|eos|> - grok|235x50|tester-t124"
time=2026-08-21T22:14:27.256+08:00 level=DEBUG msg="discovery: skipping unparsable pane line" socket=/tmp/tmux-501/ta-a9fd5b7defbd line="team-refactor-maintainability|6|%39|/Users/alauda/Documents/code/agent前沿探索/多agent协作|bash|87458|t.p9.review 零上下文设计审查已通过<|eos|> - grok|235x50|tester-t124"
time=2026-08-21T22:14:27.281+08:00 level=DEBUG msg="discovery: skipping unreachable socket" socket=/tmp/tmux-501/ta-ed81bd4d8c17 err="query tmux on /tmp/tmux-501/ta-ed81bd4d8c17: exit status 1: no server running on /tmp/tmux-501/ta-ed81bd4d8c17"
time=2026-08-21T22:14:27.283+08:00 level=DEBUG msg="discovery: skipping unreachable socket" socket=/tmp/tmux-501/ta-ed81bd4d8c17 err="query tmux on /tmp/tmux-501/ta-ed81bd4d8c17: exit status 1: no server running on /tmp/tmux-501/ta-ed81bd4d8c17"
time=2026-08-21T22:14:27.304+08:00 level=DEBUG msg="discovery: skipping unreachable socket" socket=/tmp/tmux-501/ta-f1ad1b378fc7 err="query tmux on /tmp/tmux-501/ta-f1ad1b378fc7: exit status 1: no server running on /tmp/tmux-501/ta-f1ad1b378fc7"
time=2026-08-21T22:14:27.307+08:00 level=DEBUG msg="discovery: skipping unreachable socket" socket=/tmp/tmux-501/ta-f1ad1b378fc7 err="query tmux on /tmp/tmux-501/ta-f1ad1b378fc7: exit status 1: no server running on /tmp/tmux-501/ta-f1ad1b378fc7"
time=2026-08-21T22:14:27.332+08:00 level=DEBUG msg="discovery: skipping unreachable socket" socket=/tmp/tmux-501/ta-t121u01 err="query tmux on /tmp/tmux-501/ta-t121u01: exit status 1: no server running on /tmp/tmux-501/ta-t121u01"
time=2026-08-21T22:14:27.333+08:00 level=DEBUG msg="discovery: skipping unreachable socket" socket=/tmp/tmux-501/ta-t121u01 err="query tmux on /tmp/tmux-501/ta-t121u01: exit status 1: no server running on /tmp/tmux-501/ta-t121u01"
time=2026-08-21T22:14:27.349+08:00 level=DEBUG msg="discovery: skipping unreachable socket" socket=/tmp/tmux-501/ta-t121u01b err="query tmux on /tmp/tmux-501/ta-t121u01b: exit status 1: no server running on /tmp/tmux-501/ta-t121u01b"
time=2026-08-21T22:14:27.350+08:00 level=DEBUG msg="discovery: skipping unreachable socket" socket=/tmp/tmux-501/ta-t121u01b err="query tmux on /tmp/tmux-501/ta-t121u01b: exit status 1: no server running on /tmp/tmux-501/ta-t121u01b"
time=2026-08-21T22:14:27.373+08:00 level=DEBUG msg="discovery: skipping unreachable socket" socket=/tmp/tmux-501/ta-user-agents err="query tmux on /tmp/tmux-501/ta-user-agents: exit status 1: no server running on /tmp/tmux-501/ta-user-agents"
time=2026-08-21T22:14:27.373+08:00 level=DEBUG msg="discovery: skipping unreachable socket" socket=/tmp/tmux-501/ta-user-agents err="query tmux on /tmp/tmux-501/ta-user-agents: exit status 1: no server running on /tmp/tmux-501/ta-user-agents"
time=2026-08-21T22:14:34.599+08:00 level=DEBUG msg="listing: first snapshot" seq=1
time=2026-08-21T22:14:34.600+08:00 level=INFO msg="listing: refresh on open" req_id=1 had_cache=false prev_seq=0 prev_sessions=0 cur_sessions=67 cur_seq=1 refresh_err=""
time=2026-08-21T22:14:34.707+08:00 level=DEBUG msg="discovery: skipping unreachable socket" socket=/tmp/tmux-501/t115d24675 err="query tmux on /tmp/tmux-501/t115d24675: exit status 1: no server running on /tmp/tmux-501/t115d24675"
time=2026-08-21T22:14:34.728+08:00 level=DEBUG msg="discovery: skipping unreachable socket" socket=/tmp/tmux-501/t115e31319 err="query tmux on /tmp/tmux-501/t115e31319: exit status 1: no server running on /tmp/tmux-501/t115e31319"
time=2026-08-21T22:14:34.749+08:00 level=DEBUG msg="discovery: skipping unreachable socket" socket=/tmp/tmux-501/t115f44898 err="query tmux on /tmp/tmux-501/t115f44898: exit status 1: no server running on /tmp/tmux-501/t115f44898"
time=2026-08-21T22:14:34.765+08:00 level=DEBUG msg="discovery: skipping unreachable socket" socket=/tmp/tmux-501/t115g47728 err="query tmux on /tmp/tmux-501/t115g47728: exit status 1: no server running on /tmp/tmux-501/t115g47728"
time=2026-08-21T22:14:34.778+08:00 level=DEBUG msg="discovery: skipping unreachable socket" socket=/tmp/tmux-501/ta-0bafa3965ade err="query tmux on /tmp/tmux-501/ta-0bafa3965ade: exit status 1: no server running on /tmp/tmux-501/ta-0bafa3965ade"
time=2026-08-21T22:14:34.810+08:00 level=DEBUG msg="listing: first snapshot" seq=1
time=2026-08-21T22:14:34.822+08:00 level=DEBUG msg="discovery: skipping unreachable socket" socket=/tmp/tmux-501/ta-61709dcf801e err="query tmux on /tmp/tmux-501/ta-61709dcf801e: exit status 1: no server running on /tmp/tmux-501/ta-61709dcf801e"
time=2026-08-21T22:14:34.848+08:00 level=DEBUG msg="discovery: skipping unparsable pane line" socket=/tmp/tmux-501/ta-a9fd5b7defbd line="team-refactor-maintainability|6|%39|/Users/alauda/Documents/code/agent前沿探索/多agent协作|bash|87458|t.p9.review 零上下文设计审查已通过<|eos|> - grok|235x50|tester-t124"
time=2026-08-21T22:14:34.869+08:00 level=DEBUG msg="discovery: skipping unreachable socket" socket=/tmp/tmux-501/ta-ed81bd4d8c17 err="query tmux on /tmp/tmux-501/ta-ed81bd4d8c17: exit status 1: no server running on /tmp/tmux-501/ta-ed81bd4d8c17"
time=2026-08-21T22:14:34.878+08:00 level=DEBUG msg="discovery: skipping unreachable socket" socket=/tmp/tmux-501/ta-f1ad1b378fc7 err="query tmux on /tmp/tmux-501/ta-f1ad1b378fc7: exit status 1: no server running on /tmp/tmux-501/ta-f1ad1b378fc7"
time=2026-08-21T22:14:34.899+08:00 level=DEBUG msg="discovery: skipping unreachable socket" socket=/tmp/tmux-501/ta-t121u01 err="query tmux on /tmp/tmux-501/ta-t121u01: exit status 1: no server running on /tmp/tmux-501/ta-t121u01"
time=2026-08-21T22:14:34.909+08:00 level=DEBUG msg="discovery: skipping unreachable socket" socket=/tmp/tmux-501/ta-t121u01b err="query tmux on /tmp/tmux-501/ta-t121u01b: exit status 1: no server running on /tmp/tmux-501/ta-t121u01b"
time=2026-08-21T22:14:34.919+08:00 level=DEBUG msg="discovery: skipping unreachable socket" socket=/tmp/tmux-501/ta-user-agents err="query tmux on /tmp/tmux-501/ta-user-agents: exit status 1: no server running on /tmp/tmux-501/ta-user-agents"
time=2026-08-21T22:14:35.411+08:00 level=DEBUG msg="discovery: skipping unreachable socket" socket=/tmp/tmux-501/t115d24675 err="query tmux on /tmp/tmux-501/t115d24675: exit status 1: no server running on /tmp/tmux-501/t115d24675"
time=2026-08-21T22:14:35.441+08:00 level=DEBUG msg="discovery: skipping unreachable socket" socket=/tmp/tmux-501/t115e31319 err="query tmux on /tmp/tmux-501/t115e31319: exit status 1: no server running on /tmp/tmux-501/t115e31319"
time=2026-08-21T22:14:35.460+08:00 level=DEBUG msg="discovery: skipping unreachable socket" socket=/tmp/tmux-501/t115f44898 err="query tmux on /tmp/tmux-501/t115f44898: exit status 1: no server running on /tmp/tmux-501/t115f44898"
time=2026-08-21T22:14:35.478+08:00 level=DEBUG msg="discovery: skipping unreachable socket" socket=/tmp/tmux-501/t115g47728 err="query tmux on /tmp/tmux-501/t115g47728: exit status 1: no server running on /tmp/tmux-501/t115g47728"
time=2026-08-21T22:14:35.494+08:00 level=DEBUG msg="discovery: skipping unreachable socket" socket=/tmp/tmux-501/ta-0bafa3965ade err="query tmux on /tmp/tmux-501/ta-0bafa3965ade: exit status 1: no server running on /tmp/tmux-501/ta-0bafa3965ade"
time=2026-08-21T22:14:35.596+08:00 level=DEBUG msg="discovery: skipping unreachable socket" socket=/tmp/tmux-501/ta-61709dcf801e err="query tmux on /tmp/tmux-501/ta-61709dcf801e: exit status 1: no server running on /tmp/tmux-501/ta-61709dcf801e"
time=2026-08-21T22:14:35.651+08:00 level=DEBUG msg="discovery: skipping unparsable pane line" socket=/tmp/tmux-501/ta-a9fd5b7defbd line="team-refactor-maintainability|6|%39|/Users/alauda/Documents/code/agent前沿探索/多agent协作|bash|87458|t.p9.review 零上下文设计审查已通过<|eos|> - grok|235x50|tester-t124"
time=2026-08-21T22:14:35.703+08:00 level=DEBUG msg="discovery: skipping unreachable socket" socket=/tmp/tmux-501/ta-ed81bd4d8c17 err="query tmux on /tmp/tmux-501/ta-ed81bd4d8c17: exit status 1: no server running on /tmp/tmux-501/ta-ed81bd4d8c17"
time=2026-08-21T22:14:35.718+08:00 level=DEBUG msg="discovery: skipping unreachable socket" socket=/tmp/tmux-501/ta-f1ad1b378fc7 err="query tmux on /tmp/tmux-501/ta-f1ad1b378fc7: exit status 1: no server running on /tmp/tmux-501/ta-f1ad1b378fc7"
time=2026-08-21T22:14:35.750+08:00 level=DEBUG msg="discovery: skipping unreachable socket" socket=/tmp/tmux-501/ta-t121u01 err="query tmux on /tmp/tmux-501/ta-t121u01: exit status 1: no server running on /tmp/tmux-501/ta-t121u01"
time=2026-08-21T22:14:35.778+08:00 level=DEBUG msg="discovery: skipping unreachable socket" socket=/tmp/tmux-501/ta-t121u01b err="query tmux on /tmp/tmux-501/ta-t121u01b: exit status 1: no server running on /tmp/tmux-501/ta-t121u01b"
time=2026-08-21T22:14:35.793+08:00 level=DEBUG msg="discovery: skipping unreachable socket" socket=/tmp/tmux-501/ta-user-agents err="query tmux on /tmp/tmux-501/ta-user-agents: exit status 1: no server running on /tmp/tmux-501/ta-user-agents"
time=2026-08-21T22:14:42.383+08:00 level=DEBUG msg="listing: no changes"
time=2026-08-21T22:14:42.392+08:00 level=INFO msg="listing: refresh on open" req_id=2 had_cache=true prev_seq=1 prev_sessions=67 cur_sessions=67 cur_seq=1 refresh_err=""
time=2026-08-21T22:14:43.121+08:00 level=DEBUG msg="listing: no changes"
time=2026-08-21T22:14:43.659+08:00 level=DEBUG msg="discovery: skipping unreachable socket" socket=/tmp/tmux-501/t115d24675 err="query tmux on /tmp/tmux-501/t115d24675: exit status 1: no server running on /tmp/tmux-501/t115d24675"
time=2026-08-21T22:14:43.673+08:00 level=DEBUG msg="discovery: skipping unreachable socket" socket=/tmp/tmux-501/t115e31319 err="query tmux on /tmp/tmux-501/t115e31319: exit status 1: no server running on /tmp/tmux-501/t115e31319"
time=2026-08-21T22:14:43.683+08:00 level=DEBUG msg="discovery: skipping unreachable socket" socket=/tmp/tmux-501/t115f44898 err="query tmux on /tmp/tmux-501/t115f44898: exit status 1: no server running on /tmp/tmux-501/t115f44898"
time=2026-08-21T22:14:43.693+08:00 level=DEBUG msg="discovery: skipping unreachable socket" socket=/tmp/tmux-501/t115g47728 err="query tmux on /tmp/tmux-501/t115g47728: exit status 1: no server running on /tmp/tmux-501/t115g47728"
time=2026-08-21T22:14:43.704+08:00 level=DEBUG msg="discovery: skipping unreachable socket" socket=/tmp/tmux-501/ta-0bafa3965ade err="query tmux on /tmp/tmux-501/ta-0bafa3965ade: exit status 1: no server running on /tmp/tmux-501/ta-0bafa3965ade"
time=2026-08-21T22:14:43.747+08:00 level=DEBUG msg="discovery: skipping unreachable socket" socket=/tmp/tmux-501/ta-61709dcf801e err="query tmux on /tmp/tmux-501/ta-61709dcf801e: exit status 1: no server running on /tmp/tmux-501/ta-61709dcf801e"
time=2026-08-21T22:14:43.766+08:00 level=DEBUG msg="discovery: skipping unparsable pane line" socket=/tmp/tmux-501/ta-a9fd5b7defbd line="team-refactor-maintainability|6|%39|/Users/alauda/Documents/code/agent前沿探索/多agent协作|bash|87458|t.p9.review 零上下文设计审查已通过<|eos|> - grok|235x50|tester-t124"
time=2026-08-21T22:14:43.785+08:00 level=DEBUG msg="discovery: skipping unreachable socket" socket=/tmp/tmux-501/ta-ed81bd4d8c17 err="query tmux on /tmp/tmux-501/ta-ed81bd4d8c17: exit status 1: no server running on /tmp/tmux-501/ta-ed81bd4d8c17"
time=2026-08-21T22:14:43.796+08:00 level=DEBUG msg="discovery: skipping unreachable socket" socket=/tmp/tmux-501/ta-f1ad1b378fc7 err="query tmux on /tmp/tmux-501/ta-f1ad1b378fc7: exit status 1: no server running on /tmp/tmux-501/ta-f1ad1b378fc7"
time=2026-08-21T22:14:43.818+08:00 level=DEBUG msg="discovery: skipping unreachable socket" socket=/tmp/tmux-501/ta-t121u01 err="query tmux on /tmp/tmux-501/ta-t121u01: exit status 1: no server running on /tmp/tmux-501/ta-t121u01"
time=2026-08-21T22:14:43.826+08:00 level=DEBUG msg="discovery: skipping unreachable socket" socket=/tmp/tmux-501/ta-t121u01b err="query tmux on /tmp/tmux-501/ta-t121u01b: exit status 1: no server running on /tmp/tmux-501/ta-t121u01b"
time=2026-08-21T22:14:43.835+08:00 level=DEBUG msg="discovery: skipping unreachable socket" socket=/tmp/tmux-501/ta-user-agents err="query tmux on /tmp/tmux-501/ta-user-agents: exit status 1: no server running on /tmp/tmux-501/ta-user-agents"
time=2026-08-21T22:14:47.665+08:00 level=DEBUG msg="listing: no changes"
time=2026-08-21T22:14:48.208+08:00 level=DEBUG msg="discovery: skipping unreachable socket" socket=/tmp/tmux-501/t115d24675 err="query tmux on /tmp/tmux-501/t115d24675: exit status 1: no server running on /tmp/tmux-501/t115d24675"
time=2026-08-21T22:14:48.223+08:00 level=DEBUG msg="discovery: skipping unreachable socket" socket=/tmp/tmux-501/t115e31319 err="query tmux on /tmp/tmux-501/t115e31319: exit status 1: no server running on /tmp/tmux-501/t115e31319"
time=2026-08-21T22:14:48.238+08:00 level=DEBUG msg="discovery: skipping unreachable socket" socket=/tmp/tmux-501/t115f44898 err="query tmux on /tmp/tmux-501/t115f44898: exit status 1: no server running on /tmp/tmux-501/t115f44898"
time=2026-08-21T22:14:48.250+08:00 level=DEBUG msg="discovery: skipping unreachable socket" socket=/tmp/tmux-501/t115g47728 err="query tmux on /tmp/tmux-501/t115g47728: exit status 1: no server running on /tmp/tmux-501/t115g47728"
time=2026-08-21T22:14:48.261+08:00 level=DEBUG msg="discovery: skipping unreachable socket" socket=/tmp/tmux-501/ta-0bafa3965ade err="query tmux on /tmp/tmux-501/ta-0bafa3965ade: exit status 1: no server running on /tmp/tmux-501/ta-0bafa3965ade"
time=2026-08-21T22:14:48.317+08:00 level=DEBUG msg="discovery: skipping unreachable socket" socket=/tmp/tmux-501/ta-61709dcf801e err="query tmux on /tmp/tmux-501/ta-61709dcf801e: exit status 1: no server running on /tmp/tmux-501/ta-61709dcf801e"
time=2026-08-21T22:14:48.355+08:00 level=DEBUG msg="discovery: skipping unparsable pane line" socket=/tmp/tmux-501/ta-a9fd5b7defbd line="team-refactor-maintainability|6|%39|/Users/alauda/Documents/code/agent前沿探索/多agent协作|bash|87458|t.p9.review 零上下文设计审查已通过<|eos|> - grok|235x50|tester-t124"
time=2026-08-21T22:14:48.381+08:00 level=DEBUG msg="discovery: skipping unreachable socket" socket=/tmp/tmux-501/ta-ed81bd4d8c17 err="query tmux on /tmp/tmux-501/ta-ed81bd4d8c17: exit status 1: no server running on /tmp/tmux-501/ta-ed81bd4d8c17"
time=2026-08-21T22:14:48.394+08:00 level=DEBUG msg="discovery: skipping unreachable socket" socket=/tmp/tmux-501/ta-f1ad1b378fc7 err="query tmux on /tmp/tmux-501/ta-f1ad1b378fc7: exit status 1: no server running on /tmp/tmux-501/ta-f1ad1b378fc7"
time=2026-08-21T22:14:48.424+08:00 level=DEBUG msg="discovery: skipping unreachable socket" socket=/tmp/tmux-501/ta-t121u01 err="query tmux on /tmp/tmux-501/ta-t121u01: exit status 1: no server running on /tmp/tmux-501/ta-t121u01"
time=2026-08-21T22:14:48.437+08:00 level=DEBUG msg="discovery: skipping unreachable socket" socket=/tmp/tmux-501/ta-t121u01b err="query tmux on /tmp/tmux-501/ta-t121u01b: exit status 1: no server running on /tmp/tmux-501/ta-t121u01b"
time=2026-08-21T22:14:48.458+08:00 level=DEBUG msg="discovery: skipping unreachable socket" socket=/tmp/tmux-501/ta-user-agents err="query tmux on /tmp/tmux-501/ta-user-agents: exit status 1: no server running on /tmp/tmux-501/ta-user-agents"
time=2026-08-21T22:14:52.030+08:00 level=DEBUG msg="listing: no changes"
time=2026-08-21T22:14:52.630+08:00 level=DEBUG msg="discovery: skipping unreachable socket" socket=/tmp/tmux-501/t115d24675 err="query tmux on /tmp/tmux-501/t115d24675: exit status 1: no server running on /tmp/tmux-501/t115d24675"
time=2026-08-21T22:14:52.644+08:00 level=DEBUG msg="discovery: skipping unreachable socket" socket=/tmp/tmux-501/t115e31319 err="query tmux on /tmp/tmux-501/t115e31319: exit status 1: no server running on /tmp/tmux-501/t115e31319"
time=2026-08-21T22:14:52.659+08:00 level=DEBUG msg="discovery: skipping unreachable socket" socket=/tmp/tmux-501/t115f44898 err="query tmux on /tmp/tmux-501/t115f44898: exit status 1: no server running on /tmp/tmux-501/t115f44898"
time=2026-08-21T22:14:52.669+08:00 level=DEBUG msg="discovery: skipping unreachable socket" socket=/tmp/tmux-501/t115g47728 err="query tmux on /tmp/tmux-501/t115g47728: exit status 1: no server running on /tmp/tmux-501/t115g47728"
time=2026-08-21T22:14:52.679+08:00 level=DEBUG msg="discovery: skipping unreachable socket" socket=/tmp/tmux-501/ta-0bafa3965ade err="query tmux on /tmp/tmux-501/ta-0bafa3965ade: exit status 1: no server running on /tmp/tmux-501/ta-0bafa3965ade"
time=2026-08-21T22:14:52.731+08:00 level=DEBUG msg="discovery: skipping unreachable socket" socket=/tmp/tmux-501/ta-61709dcf801e err="query tmux on /tmp/tmux-501/ta-61709dcf801e: exit status 1: no server running on /tmp/tmux-501/ta-61709dcf801e"
time=2026-08-21T22:14:52.751+08:00 level=DEBUG msg="discovery: skipping unparsable pane line" socket=/tmp/tmux-501/ta-a9fd5b7defbd line="team-refactor-maintainability|6|%39|/Users/alauda/Documents/code/agent前沿探索/多agent协作|bash|87458|t.p9.review 零上下文设计审查已通过<|eos|> - grok|235x50|tester-t124"
time=2026-08-21T22:14:52.770+08:00 level=DEBUG msg="discovery: skipping unreachable socket" socket=/tmp/tmux-501/ta-ed81bd4d8c17 err="query tmux on /tmp/tmux-501/ta-ed81bd4d8c17: exit status 1: no server running on /tmp/tmux-501/ta-ed81bd4d8c17"
time=2026-08-21T22:14:52.779+08:00 level=DEBUG msg="discovery: skipping unreachable socket" socket=/tmp/tmux-501/ta-f1ad1b378fc7 err="query tmux on /tmp/tmux-501/ta-f1ad1b378fc7: exit status 1: no server running on /tmp/tmux-501/ta-f1ad1b378fc7"
time=2026-08-21T22:14:52.798+08:00 level=DEBUG msg="discovery: skipping unreachable socket" socket=/tmp/tmux-501/ta-t121u01 err="query tmux on /tmp/tmux-501/ta-t121u01: exit status 1: no server running on /tmp/tmux-501/ta-t121u01"
time=2026-08-21T22:14:52.807+08:00 level=DEBUG msg="discovery: skipping unreachable socket" socket=/tmp/tmux-501/ta-t121u01b err="query tmux on /tmp/tmux-501/ta-t121u01b: exit status 1: no server running on /tmp/tmux-501/ta-t121u01b"
time=2026-08-21T22:14:52.816+08:00 level=DEBUG msg="discovery: skipping unreachable socket" socket=/tmp/tmux-501/ta-user-agents err="query tmux on /tmp/tmux-501/ta-user-agents: exit status 1: no server running on /tmp/tmux-501/ta-user-agents"
time=2026-08-21T22:14:56.354+08:00 level=DEBUG msg="listing: no changes"
time=2026-08-21T22:14:56.892+08:00 level=DEBUG msg="discovery: skipping unreachable socket" socket=/tmp/tmux-501/t115d24675 err="query tmux on /tmp/tmux-501/t115d24675: exit status 1: no server running on /tmp/tmux-501/t115d24675"
time=2026-08-21T22:14:56.901+08:00 level=DEBUG msg="discovery: skipping unreachable socket" socket=/tmp/tmux-501/t115e31319 err="query tmux on /tmp/tmux-501/t115e31319: exit status 1: no server running on /tmp/tmux-501/t115e31319"
time=2026-08-21T22:14:56.913+08:00 level=DEBUG msg="discovery: skipping unreachable socket" socket=/tmp/tmux-501/t115f44898 err="query tmux on /tmp/tmux-501/t115f44898: exit status 1: no server running on /tmp/tmux-501/t115f44898"
time=2026-08-21T22:14:56.922+08:00 level=DEBUG msg="discovery: skipping unreachable socket" socket=/tmp/tmux-501/t115g47728 err="query tmux on /tmp/tmux-501/t115g47728: exit status 1: no server running on /tmp/tmux-501/t115g47728"
time=2026-08-21T22:14:56.932+08:00 level=DEBUG msg="discovery: skipping unreachable socket" socket=/tmp/tmux-501/ta-0bafa3965ade err="query tmux on /tmp/tmux-501/ta-0bafa3965ade: exit status 1: no server running on /tmp/tmux-501/ta-0bafa3965ade"
time=2026-08-21T22:14:56.975+08:00 level=DEBUG msg="discovery: skipping unreachable socket" socket=/tmp/tmux-501/ta-61709dcf801e err="query tmux on /tmp/tmux-501/ta-61709dcf801e: exit status 1: no server running on /tmp/tmux-501/ta-61709dcf801e"
time=2026-08-21T22:14:56.999+08:00 level=DEBUG msg="discovery: skipping unparsable pane line" socket=/tmp/tmux-501/ta-a9fd5b7defbd line="team-refactor-maintainability|6|%39|/Users/alauda/Documents/code/agent前沿探索/多agent协作|bash|87458|t.p9.review 零上下文设计审查已通过<|eos|> - grok|235x50|tester-t124"
time=2026-08-21T22:14:57.031+08:00 level=DEBUG msg="discovery: skipping unreachable socket" socket=/tmp/tmux-501/ta-ed81bd4d8c17 err="query tmux on /tmp/tmux-501/ta-ed81bd4d8c17: exit status 1: no server running on /tmp/tmux-501/ta-ed81bd4d8c17"
time=2026-08-21T22:14:57.043+08:00 level=DEBUG msg="discovery: skipping unreachable socket" socket=/tmp/tmux-501/ta-f1ad1b378fc7 err="query tmux on /tmp/tmux-501/ta-f1ad1b378fc7: exit status 1: no server running on /tmp/tmux-501/ta-f1ad1b378fc7"
time=2026-08-21T22:14:57.065+08:00 level=DEBUG msg="discovery: skipping unreachable socket" socket=/tmp/tmux-501/ta-t121u01 err="query tmux on /tmp/tmux-501/ta-t121u01: exit status 1: no server running on /tmp/tmux-501/ta-t121u01"
time=2026-08-21T22:14:57.076+08:00 level=DEBUG msg="discovery: skipping unreachable socket" socket=/tmp/tmux-501/ta-t121u01b err="query tmux on /tmp/tmux-501/ta-t121u01b: exit status 1: no server running on /tmp/tmux-501/ta-t121u01b"
time=2026-08-21T22:14:57.095+08:00 level=DEBUG msg="discovery: skipping unreachable socket" socket=/tmp/tmux-501/ta-user-agents err="query tmux on /tmp/tmux-501/ta-user-agents: exit status 1: no server running on /tmp/tmux-501/ta-user-agents"
time=2026-08-21T22:15:01.466+08:00 level=DEBUG msg="listing: no changes"
time=2026-08-21T22:15:02.025+08:00 level=DEBUG msg="discovery: skipping unreachable socket" socket=/tmp/tmux-501/t115d24675 err="query tmux on /tmp/tmux-501/t115d24675: exit status 1: no server running on /tmp/tmux-501/t115d24675"
time=2026-08-21T22:15:02.055+08:00 level=DEBUG msg="discovery: skipping unreachable socket" socket=/tmp/tmux-501/t115e31319 err="query tmux on /tmp/tmux-501/t115e31319: exit status 1: no server running on /tmp/tmux-501/t115e31319"
time=2026-08-21T22:15:02.070+08:00 level=DEBUG msg="discovery: skipping unreachable socket" socket=/tmp/tmux-501/t115f44898 err="query tmux on /tmp/tmux-501/t115f44898: exit status 1: no server running on /tmp/tmux-501/t115f44898"
time=2026-08-21T22:15:02.082+08:00 level=DEBUG msg="discovery: skipping unreachable socket" socket=/tmp/tmux-501/t115g47728 err="query tmux on /tmp/tmux-501/t115g47728: exit status 1: no server running on /tmp/tmux-501/t115g47728"
time=2026-08-21T22:15:02.102+08:00 level=DEBUG msg="discovery: skipping unreachable socket" socket=/tmp/tmux-501/ta-0bafa3965ade err="query tmux on /tmp/tmux-501/ta-0bafa3965ade: exit status 1: no server running on /tmp/tmux-501/ta-0bafa3965ade"
time=2026-08-21T22:15:02.368+08:00 level=DEBUG msg="discovery: skipping unreachable socket" socket=/tmp/tmux-501/ta-61709dcf801e err="query tmux on /tmp/tmux-501/ta-61709dcf801e: exit status 1: no server running on /tmp/tmux-501/ta-61709dcf801e"
time=2026-08-21T22:15:02.396+08:00 level=DEBUG msg="discovery: skipping unparsable pane line" socket=/tmp/tmux-501/ta-a9fd5b7defbd line="team-refactor-maintainability|6|%39|/Users/alauda/Documents/code/agent前沿探索/多agent协作|bash|87458|t.p9.review 零上下文设计审查已通过<|eos|> - grok|235x50|tester-t124"
time=2026-08-21T22:15:02.426+08:00 level=DEBUG msg="discovery: skipping unreachable socket" socket=/tmp/tmux-501/ta-ed81bd4d8c17 err="query tmux on /tmp/tmux-501/ta-ed81bd4d8c17: exit status 1: no server running on /tmp/tmux-501/ta-ed81bd4d8c17"
time=2026-08-21T22:15:02.439+08:00 level=DEBUG msg="discovery: skipping unreachable socket" socket=/tmp/tmux-501/ta-f1ad1b378fc7 err="query tmux on /tmp/tmux-501/ta-f1ad1b378fc7: exit status 1: no server running on /tmp/tmux-501/ta-f1ad1b378fc7"
time=2026-08-21T22:15:02.477+08:00 level=DEBUG msg="discovery: skipping unreachable socket" socket=/tmp/tmux-501/ta-t121u01 err="query tmux on /tmp/tmux-501/ta-t121u01: exit status 1: no server running on /tmp/tmux-501/ta-t121u01"
time=2026-08-21T22:15:02.491+08:00 level=DEBUG msg="discovery: skipping unreachable socket" socket=/tmp/tmux-501/ta-t121u01b err="query tmux on /tmp/tmux-501/ta-t121u01b: exit status 1: no server running on /tmp/tmux-501/ta-t121u01b"
time=2026-08-21T22:15:02.503+08:00 level=DEBUG msg="discovery: skipping unreachable socket" socket=/tmp/tmux-501/ta-user-agents err="query tmux on /tmp/tmux-501/ta-user-agents: exit status 1: no server running on /tmp/tmux-501/ta-user-agents"
time=2026-08-21T22:15:06.367+08:00 level=DEBUG msg="listing: no changes"
time=2026-08-21T22:15:06.908+08:00 level=DEBUG msg="discovery: skipping unreachable socket" socket=/tmp/tmux-501/t115d24675 err="query tmux on /tmp/tmux-501/t115d24675: exit status 1: no server running on /tmp/tmux-501/t115d24675"
time=2026-08-21T22:15:06.923+08:00 level=DEBUG msg="discovery: skipping unreachable socket" socket=/tmp/tmux-501/t115e31319 err="query tmux on /tmp/tmux-501/t115e31319: exit status 1: no server running on /tmp/tmux-501/t115e31319"
time=2026-08-21T22:15:06.933+08:00 level=DEBUG msg="discovery: skipping unreachable socket" socket=/tmp/tmux-501/t115f44898 err="query tmux on /tmp/tmux-501/t115f44898: exit status 1: no server running on /tmp/tmux-501/t115f44898"
time=2026-08-21T22:15:06.943+08:00 level=DEBUG msg="discovery: skipping unreachable socket" socket=/tmp/tmux-501/t115g47728 err="query tmux on /tmp/tmux-501/t115g47728: exit status 1: no server running on /tmp/tmux-501/t115g47728"
time=2026-08-21T22:15:06.953+08:00 level=DEBUG msg="discovery: skipping unreachable socket" socket=/tmp/tmux-501/ta-0bafa3965ade err="query tmux on /tmp/tmux-501/ta-0bafa3965ade: exit status 1: no server running on /tmp/tmux-501/ta-0bafa3965ade"
time=2026-08-21T22:15:07.004+08:00 level=DEBUG msg="discovery: skipping unreachable socket" socket=/tmp/tmux-501/ta-61709dcf801e err="query tmux on /tmp/tmux-501/ta-61709dcf801e: exit status 1: no server running on /tmp/tmux-501/ta-61709dcf801e"
time=2026-08-21T22:15:07.036+08:00 level=DEBUG msg="discovery: skipping unparsable pane line" socket=/tmp/tmux-501/ta-a9fd5b7defbd line="team-refactor-maintainability|6|%39|/Users/alauda/Documents/code/agent前沿探索/多agent协作|bash|87458|t.p9.review 零上下文设计审查已通过<|eos|> - grok|235x50|tester-t124"
time=2026-08-21T22:15:07.064+08:00 level=DEBUG msg="discovery: skipping unreachable socket" socket=/tmp/tmux-501/ta-ed81bd4d8c17 err="query tmux on /tmp/tmux-501/ta-ed81bd4d8c17: exit status 1: no server running on /tmp/tmux-501/ta-ed81bd4d8c17"
time=2026-08-21T22:15:07.075+08:00 level=DEBUG msg="discovery: skipping unreachable socket" socket=/tmp/tmux-501/ta-f1ad1b378fc7 err="query tmux on /tmp/tmux-501/ta-f1ad1b378fc7: exit status 1: no server running on /tmp/tmux-501/ta-f1ad1b378fc7"
time=2026-08-21T22:15:07.114+08:00 level=DEBUG msg="discovery: skipping unreachable socket" socket=/tmp/tmux-501/ta-t121u01 err="query tmux on /tmp/tmux-501/ta-t121u01: exit status 1: no server running on /tmp/tmux-501/ta-t121u01"
time=2026-08-21T22:15:07.126+08:00 level=DEBUG msg="discovery: skipping unreachable socket" socket=/tmp/tmux-501/ta-t121u01b err="query tmux on /tmp/tmux-501/ta-t121u01b: exit status 1: no server running on /tmp/tmux-501/ta-t121u01b"
time=2026-08-21T22:15:07.138+08:00 level=DEBUG msg="discovery: skipping unreachable socket" socket=/tmp/tmux-501/ta-user-agents err="query tmux on /tmp/tmux-501/ta-user-agents: exit status 1: no server running on /tmp/tmux-501/ta-user-agents"
time=2026-08-21T22:15:11.209+08:00 level=DEBUG msg="listing: no changes"
time=2026-08-21T22:15:11.756+08:00 level=DEBUG msg="discovery: skipping unreachable socket" socket=/tmp/tmux-501/t115d24675 err="query tmux on /tmp/tmux-501/t115d24675: exit status 1: no server running on /tmp/tmux-501/t115d24675"
time=2026-08-21T22:15:11.771+08:00 level=DEBUG msg="discovery: skipping unreachable socket" socket=/tmp/tmux-501/t115e31319 err="query tmux on /tmp/tmux-501/t115e31319: exit status 1: no server running on /tmp/tmux-501/t115e31319"
time=2026-08-21T22:15:11.780+08:00 level=DEBUG msg="discovery: skipping unreachable socket" socket=/tmp/tmux-501/t115f44898 err="query tmux on /tmp/tmux-501/t115f44898: exit status 1: no server running on /tmp/tmux-501/t115f44898"
time=2026-08-21T22:15:11.791+08:00 level=DEBUG msg="discovery: skipping unreachable socket" socket=/tmp/tmux-501/t115g47728 err="query tmux on /tmp/tmux-501/t115g47728: exit status 1: no server running on /tmp/tmux-501/t115g47728"
time=2026-08-21T22:15:11.805+08:00 level=DEBUG msg="discovery: skipping unreachable socket" socket=/tmp/tmux-501/ta-0bafa3965ade err="query tmux on /tmp/tmux-501/ta-0bafa3965ade: exit status 1: no server running on /tmp/tmux-501/ta-0bafa3965ade"
time=2026-08-21T22:15:11.863+08:00 level=DEBUG msg="discovery: skipping unreachable socket" socket=/tmp/tmux-501/ta-61709dcf801e err="query tmux on /tmp/tmux-501/ta-61709dcf801e: exit status 1: no server running on /tmp/tmux-501/ta-61709dcf801e"
time=2026-08-21T22:15:11.897+08:00 level=DEBUG msg="discovery: skipping unparsable pane line" socket=/tmp/tmux-501/ta-a9fd5b7defbd line="team-refactor-maintainability|6|%39|/Users/alauda/Documents/code/agent前沿探索/多agent协作|bash|87458|t.p9.review 零上下文设计审查已通过<|eos|> - grok|235x50|tester-t124"
time=2026-08-21T22:15:11.919+08:00 level=DEBUG msg="discovery: skipping unreachable socket" socket=/tmp/tmux-501/ta-ed81bd4d8c17 err="query tmux on /tmp/tmux-501/ta-ed81bd4d8c17: exit status 1: no server running on /tmp/tmux-501/ta-ed81bd4d8c17"
time=2026-08-21T22:15:11.929+08:00 level=DEBUG msg="discovery: skipping unreachable socket" socket=/tmp/tmux-501/ta-f1ad1b378fc7 err="query tmux on /tmp/tmux-501/ta-f1ad1b378fc7: exit status 1: no server running on /tmp/tmux-501/ta-f1ad1b378fc7"
time=2026-08-21T22:15:11.958+08:00 level=DEBUG msg="discovery: skipping unreachable socket" socket=/tmp/tmux-501/ta-t121u01 err="query tmux on /tmp/tmux-501/ta-t121u01: exit status 1: no server running on /tmp/tmux-501/ta-t121u01"
time=2026-08-21T22:15:11.968+08:00 level=DEBUG msg="discovery: skipping unreachable socket" socket=/tmp/tmux-501/ta-t121u01b err="query tmux on /tmp/tmux-501/ta-t121u01b: exit status 1: no server running on /tmp/tmux-501/ta-t121u01b"
time=2026-08-21T22:15:11.978+08:00 level=DEBUG msg="discovery: skipping unreachable socket" socket=/tmp/tmux-501/ta-user-agents err="query tmux on /tmp/tmux-501/ta-user-agents: exit status 1: no server running on /tmp/tmux-501/ta-user-agents"
time=2026-08-21T22:15:15.857+08:00 level=DEBUG msg="listing: no changes"
time=2026-08-21T22:15:16.403+08:00 level=DEBUG msg="discovery: skipping unreachable socket" socket=/tmp/tmux-501/t115d24675 err="query tmux on /tmp/tmux-501/t115d24675: exit status 1: no server running on /tmp/tmux-501/t115d24675"
time=2026-08-21T22:15:16.414+08:00 level=DEBUG msg="discovery: skipping unreachable socket" socket=/tmp/tmux-501/t115e31319 err="query tmux on /tmp/tmux-501/t115e31319: exit status 1: no server running on /tmp/tmux-501/t115e31319"
time=2026-08-21T22:15:16.425+08:00 level=DEBUG msg="discovery: skipping unreachable socket" socket=/tmp/tmux-501/t115f44898 err="query tmux on /tmp/tmux-501/t115f44898: exit status 1: no server running on /tmp/tmux-501/t115f44898"
time=2026-08-21T22:15:16.437+08:00 level=DEBUG msg="discovery: skipping unreachable socket" socket=/tmp/tmux-501/t115g47728 err="query tmux on /tmp/tmux-501/t115g47728: exit status 1: no server running on /tmp/tmux-501/t115g47728"
time=2026-08-21T22:15:16.449+08:00 level=DEBUG msg="discovery: skipping unreachable socket" socket=/tmp/tmux-501/ta-0bafa3965ade err="query tmux on /tmp/tmux-501/ta-0bafa3965ade: exit status 1: no server running on /tmp/tmux-501/ta-0bafa3965ade"
time=2026-08-21T22:15:16.499+08:00 level=DEBUG msg="discovery: skipping unreachable socket" socket=/tmp/tmux-501/ta-61709dcf801e err="query tmux on /tmp/tmux-501/ta-61709dcf801e: exit status 1: no server running on /tmp/tmux-501/ta-61709dcf801e"
time=2026-08-21T22:15:16.526+08:00 level=DEBUG msg="discovery: skipping unparsable pane line" socket=/tmp/tmux-501/ta-a9fd5b7defbd line="team-refactor-maintainability|6|%39|/Users/alauda/Documents/code/agent前沿探索/多agent协作|bash|87458|t.p9.review 零上下文设计审查已通过<|eos|> - grok|235x50|tester-t124"
time=2026-08-21T22:15:16.553+08:00 level=DEBUG msg="discovery: skipping unreachable socket" socket=/tmp/tmux-501/ta-ed81bd4d8c17 err="query tmux on /tmp/tmux-501/ta-ed81bd4d8c17: exit status 1: no server running on /tmp/tmux-501/ta-ed81bd4d8c17"
time=2026-08-21T22:15:16.567+08:00 level=DEBUG msg="discovery: skipping unreachable socket" socket=/tmp/tmux-501/ta-f1ad1b378fc7 err="query tmux on /tmp/tmux-501/ta-f1ad1b378fc7: exit status 1: no server running on /tmp/tmux-501/ta-f1ad1b378fc7"
time=2026-08-21T22:15:16.596+08:00 level=DEBUG msg="discovery: skipping unreachable socket" socket=/tmp/tmux-501/ta-t121u01 err="query tmux on /tmp/tmux-501/ta-t121u01: exit status 1: no server running on /tmp/tmux-501/ta-t121u01"
time=2026-08-21T22:15:16.608+08:00 level=DEBUG msg="discovery: skipping unreachable socket" socket=/tmp/tmux-501/ta-t121u01b err="query tmux on /tmp/tmux-501/ta-t121u01b: exit status 1: no server running on /tmp/tmux-501/ta-t121u01b"
time=2026-08-21T22:15:16.620+08:00 level=DEBUG msg="discovery: skipping unreachable socket" socket=/tmp/tmux-501/ta-user-agents err="query tmux on /tmp/tmux-501/ta-user-agents: exit status 1: no server running on /tmp/tmux-501/ta-user-agents"
time=2026-08-21T22:15:20.754+08:00 level=DEBUG msg="listing: no changes"
time=2026-08-21T22:15:21.292+08:00 level=DEBUG msg="discovery: skipping unreachable socket" socket=/tmp/tmux-501/t115d24675 err="query tmux on /tmp/tmux-501/t115d24675: exit status 1: no server running on /tmp/tmux-501/t115d24675"
time=2026-08-21T22:15:21.302+08:00 level=DEBUG msg="discovery: skipping unreachable socket" socket=/tmp/tmux-501/t115e31319 err="query tmux on /tmp/tmux-501/t115e31319: exit status 1: no server running on /tmp/tmux-501/t115e31319"
time=2026-08-21T22:15:21.313+08:00 level=DEBUG msg="discovery: skipping unreachable socket" socket=/tmp/tmux-501/t115f44898 err="query tmux on /tmp/tmux-501/t115f44898: exit status 1: no server running on /tmp/tmux-501/t115f44898"
time=2026-08-21T22:15:21.323+08:00 level=DEBUG msg="discovery: skipping unreachable socket" socket=/tmp/tmux-501/t115g47728 err="query tmux on /tmp/tmux-501/t115g47728: exit status 1: no server running on /tmp/tmux-501/t115g47728"
time=2026-08-21T22:15:21.335+08:00 level=DEBUG msg="discovery: skipping unreachable socket" socket=/tmp/tmux-501/ta-0bafa3965ade err="query tmux on /tmp/tmux-501/ta-0bafa3965ade: exit status 1: no server running on /tmp/tmux-501/ta-0bafa3965ade"
time=2026-08-21T22:15:21.378+08:00 level=DEBUG msg="discovery: skipping unreachable socket" socket=/tmp/tmux-501/ta-61709dcf801e err="query tmux on /tmp/tmux-501/ta-61709dcf801e: exit status 1: no server running on /tmp/tmux-501/ta-61709dcf801e"
time=2026-08-21T22:15:21.403+08:00 level=DEBUG msg="discovery: skipping unparsable pane line" socket=/tmp/tmux-501/ta-a9fd5b7defbd line="team-refactor-maintainability|6|%39|/Users/alauda/Documents/code/agent前沿探索/多agent协作|bash|87458|t.p9.review 零上下文设计审查已通过<|eos|> - grok|235x50|tester-t124"
time=2026-08-21T22:15:21.440+08:00 level=DEBUG msg="discovery: skipping unreachable socket" socket=/tmp/tmux-501/ta-ed81bd4d8c17 err="query tmux on /tmp/tmux-501/ta-ed81bd4d8c17: exit status 1: no server running on /tmp/tmux-501/ta-ed81bd4d8c17"
time=2026-08-21T22:15:21.452+08:00 level=DEBUG msg="discovery: skipping unreachable socket" socket=/tmp/tmux-501/ta-f1ad1b378fc7 err="query tmux on /tmp/tmux-501/ta-f1ad1b378fc7: exit status 1: no server running on /tmp/tmux-501/ta-f1ad1b378fc7"
time=2026-08-21T22:15:21.474+08:00 level=DEBUG msg="discovery: skipping unreachable socket" socket=/tmp/tmux-501/ta-t121u01 err="query tmux on /tmp/tmux-501/ta-t121u01: exit status 1: no server running on /tmp/tmux-501/ta-t121u01"
time=2026-08-21T22:15:21.485+08:00 level=DEBUG msg="discovery: skipping unreachable socket" socket=/tmp/tmux-501/ta-t121u01b err="query tmux on /tmp/tmux-501/ta-t121u01b: exit status 1: no server running on /tmp/tmux-501/ta-t121u01b"
time=2026-08-21T22:15:21.500+08:00 level=DEBUG msg="discovery: skipping unreachable socket" socket=/tmp/tmux-501/ta-user-agents err="query tmux on /tmp/tmux-501/ta-user-agents: exit status 1: no server running on /tmp/tmux-501/ta-user-agents"
time=2026-08-21T22:15:25.456+08:00 level=DEBUG msg="listing: no changes"
time=2026-08-21T22:15:25.999+08:00 level=DEBUG msg="discovery: skipping unreachable socket" socket=/tmp/tmux-501/t115d24675 err="query tmux on /tmp/tmux-501/t115d24675: exit status 1: no server running on /tmp/tmux-501/t115d24675"
time=2026-08-21T22:15:26.010+08:00 level=DEBUG msg="discovery: skipping unreachable socket" socket=/tmp/tmux-501/t115e31319 err="query tmux on /tmp/tmux-501/t115e31319: exit status 1: no server running on /tmp/tmux-501/t115e31319"
time=2026-08-21T22:15:26.020+08:00 level=DEBUG msg="discovery: skipping unreachable socket" socket=/tmp/tmux-501/t115f44898 err="query tmux on /tmp/tmux-501/t115f44898: exit status 1: no server running on /tmp/tmux-501/t115f44898"
time=2026-08-21T22:15:26.047+08:00 level=DEBUG msg="discovery: skipping unreachable socket" socket=/tmp/tmux-501/t115g47728 err="query tmux on /tmp/tmux-501/t115g47728: exit status 1: no server running on /tmp/tmux-501/t115g47728"
time=2026-08-21T22:15:26.062+08:00 level=DEBUG msg="discovery: skipping unreachable socket" socket=/tmp/tmux-501/ta-0bafa3965ade err="query tmux on /tmp/tmux-501/ta-0bafa3965ade: exit status 1: no server running on /tmp/tmux-501/ta-0bafa3965ade"
time=2026-08-21T22:15:26.112+08:00 level=DEBUG msg="discovery: skipping unreachable socket" socket=/tmp/tmux-501/ta-61709dcf801e err="query tmux on /tmp/tmux-501/ta-61709dcf801e: exit status 1: no server running on /tmp/tmux-501/ta-61709dcf801e"
time=2026-08-21T22:15:26.136+08:00 level=DEBUG msg="discovery: skipping unparsable pane line" socket=/tmp/tmux-501/ta-a9fd5b7defbd line="team-refactor-maintainability|6|%39|/Users/alauda/Documents/code/agent前沿探索/多agent协作|bash|87458|t.p9.review 零上下文设计审查已通过<|eos|> - grok|235x50|tester-t124"
time=2026-08-21T22:15:26.166+08:00 level=DEBUG msg="discovery: skipping unreachable socket" socket=/tmp/tmux-501/ta-ed81bd4d8c17 err="query tmux on /tmp/tmux-501/ta-ed81bd4d8c17: exit status 1: no server running on /tmp/tmux-501/ta-ed81bd4d8c17"
time=2026-08-21T22:15:26.185+08:00 level=DEBUG msg="discovery: skipping unreachable socket" socket=/tmp/tmux-501/ta-f1ad1b378fc7 err="query tmux on /tmp/tmux-501/ta-f1ad1b378fc7: exit status 1: no server running on /tmp/tmux-501/ta-f1ad1b378fc7"
time=2026-08-21T22:15:26.205+08:00 level=DEBUG msg="discovery: skipping unreachable socket" socket=/tmp/tmux-501/ta-t121u01 err="query tmux on /tmp/tmux-501/ta-t121u01: exit status 1: no server running on /tmp/tmux-501/ta-t121u01"
time=2026-08-21T22:15:26.215+08:00 level=DEBUG msg="discovery: skipping unreachable socket" socket=/tmp/tmux-501/ta-t121u01b err="query tmux on /tmp/tmux-501/ta-t121u01b: exit status 1: no server running on /tmp/tmux-501/ta-t121u01b"
time=2026-08-21T22:15:26.239+08:00 level=DEBUG msg="discovery: skipping unreachable socket" socket=/tmp/tmux-501/ta-user-agents err="query tmux on /tmp/tmux-501/ta-user-agents: exit status 1: no server running on /tmp/tmux-501/ta-user-agents"
time=2026-08-21T22:15:29.704+08:00 level=DEBUG msg="listing: no changes"
time=2026-08-21T22:15:30.238+08:00 level=DEBUG msg="discovery: skipping unreachable socket" socket=/tmp/tmux-501/t115d24675 err="query tmux on /tmp/tmux-501/t115d24675: exit status 1: no server running on /tmp/tmux-501/t115d24675"
time=2026-08-21T22:15:30.248+08:00 level=DEBUG msg="discovery: skipping unreachable socket" socket=/tmp/tmux-501/t115e31319 err="query tmux on /tmp/tmux-501/t115e31319: exit status 1: no server running on /tmp/tmux-501/t115e31319"
time=2026-08-21T22:15:30.258+08:00 level=DEBUG msg="discovery: skipping unreachable socket" socket=/tmp/tmux-501/t115f44898 err="query tmux on /tmp/tmux-501/t115f44898: exit status 1: no server running on /tmp/tmux-501/t115f44898"
time=2026-08-21T22:15:30.267+08:00 level=DEBUG msg="discovery: skipping unreachable socket" socket=/tmp/tmux-501/t115g47728 err="query tmux on /tmp/tmux-501/t115g47728: exit status 1: no server running on /tmp/tmux-501/t115g47728"
time=2026-08-21T22:15:30.277+08:00 level=DEBUG msg="discovery: skipping unreachable socket" socket=/tmp/tmux-501/ta-0bafa3965ade err="query tmux on /tmp/tmux-501/ta-0bafa3965ade: exit status 1: no server running on /tmp/tmux-501/ta-0bafa3965ade"
time=2026-08-21T22:15:30.317+08:00 level=DEBUG msg="discovery: skipping unreachable socket" socket=/tmp/tmux-501/ta-61709dcf801e err="query tmux on /tmp/tmux-501/ta-61709dcf801e: exit status 1: no server running on /tmp/tmux-501/ta-61709dcf801e"
time=2026-08-21T22:15:30.340+08:00 level=DEBUG msg="discovery: skipping unparsable pane line" socket=/tmp/tmux-501/ta-a9fd5b7defbd line="team-refactor-maintainability|6|%39|/Users/alauda/Documents/code/agent前沿探索/多agent协作|bash|87458|t.p9.review 零上下文设计审查已通过<|eos|> - grok|235x50|tester-t124"
time=2026-08-21T22:15:30.363+08:00 level=DEBUG msg="discovery: skipping unreachable socket" socket=/tmp/tmux-501/ta-ed81bd4d8c17 err="query tmux on /tmp/tmux-501/ta-ed81bd4d8c17: exit status 1: no server running on /tmp/tmux-501/ta-ed81bd4d8c17"
time=2026-08-21T22:15:30.373+08:00 level=DEBUG msg="discovery: skipping unreachable socket" socket=/tmp/tmux-501/ta-f1ad1b378fc7 err="query tmux on /tmp/tmux-501/ta-f1ad1b378fc7: exit status 1: no server running on /tmp/tmux-501/ta-f1ad1b378fc7"
time=2026-08-21T22:15:30.393+08:00 level=DEBUG msg="discovery: skipping unreachable socket" socket=/tmp/tmux-501/ta-t121u01 err="query tmux on /tmp/tmux-501/ta-t121u01: exit status 1: no server running on /tmp/tmux-501/ta-t121u01"
time=2026-08-21T22:15:30.403+08:00 level=DEBUG msg="discovery: skipping unreachable socket" socket=/tmp/tmux-501/ta-t121u01b err="query tmux on /tmp/tmux-501/ta-t121u01b: exit status 1: no server running on /tmp/tmux-501/ta-t121u01b"
time=2026-08-21T22:15:30.414+08:00 level=DEBUG msg="discovery: skipping unreachable socket" socket=/tmp/tmux-501/ta-user-agents err="query tmux on /tmp/tmux-501/ta-user-agents: exit status 1: no server running on /tmp/tmux-501/ta-user-agents"
time=2026-08-21T22:15:34.182+08:00 level=DEBUG msg="listing: no changes"
time=2026-08-21T22:15:34.724+08:00 level=DEBUG msg="discovery: skipping unreachable socket" socket=/tmp/tmux-501/t115d24675 err="query tmux on /tmp/tmux-501/t115d24675: exit status 1: no server running on /tmp/tmux-501/t115d24675"
time=2026-08-21T22:15:34.733+08:00 level=DEBUG msg="discovery: skipping unreachable socket" socket=/tmp/tmux-501/t115e31319 err="query tmux on /tmp/tmux-501/t115e31319: exit status 1: no server running on /tmp/tmux-501/t115e31319"
time=2026-08-21T22:15:34.743+08:00 level=DEBUG msg="discovery: skipping unreachable socket" socket=/tmp/tmux-501/t115f44898 err="query tmux on /tmp/tmux-501/t115f44898: exit status 1: no server running on /tmp/tmux-501/t115f44898"
time=2026-08-21T22:15:34.752+08:00 level=DEBUG msg="discovery: skipping unreachable socket" socket=/tmp/tmux-501/t115g47728 err="query tmux on /tmp/tmux-501/t115g47728: exit status 1: no server running on /tmp/tmux-501/t115g47728"
time=2026-08-21T22:15:34.765+08:00 level=DEBUG msg="discovery: skipping unreachable socket" socket=/tmp/tmux-501/ta-0bafa3965ade err="query tmux on /tmp/tmux-501/ta-0bafa3965ade: exit status 1: no server running on /tmp/tmux-501/ta-0bafa3965ade"
time=2026-08-21T22:15:34.803+08:00 level=DEBUG msg="discovery: skipping unreachable socket" socket=/tmp/tmux-501/ta-61709dcf801e err="query tmux on /tmp/tmux-501/ta-61709dcf801e: exit status 1: no server running on /tmp/tmux-501/ta-61709dcf801e"
time=2026-08-21T22:15:34.825+08:00 level=DEBUG msg="discovery: skipping unparsable pane line" socket=/tmp/tmux-501/ta-a9fd5b7defbd line="team-refactor-maintainability|6|%39|/Users/alauda/Documents/code/agent前沿探索/多agent协作|bash|87458|t.p9.review 零上下文设计审查已通过<|eos|> - grok|235x50|tester-t124"
time=2026-08-21T22:15:34.857+08:00 level=DEBUG msg="discovery: skipping unreachable socket" socket=/tmp/tmux-501/ta-ed81bd4d8c17 err="query tmux on /tmp/tmux-501/ta-ed81bd4d8c17: exit status 1: no server running on /tmp/tmux-501/ta-ed81bd4d8c17"
time=2026-08-21T22:15:34.866+08:00 level=DEBUG msg="discovery: skipping unreachable socket" socket=/tmp/tmux-501/ta-f1ad1b378fc7 err="query tmux on /tmp/tmux-501/ta-f1ad1b378fc7: exit status 1: no server running on /tmp/tmux-501/ta-f1ad1b378fc7"
time=2026-08-21T22:15:34.884+08:00 level=DEBUG msg="discovery: skipping unreachable socket" socket=/tmp/tmux-501/ta-t121u01 err="query tmux on /tmp/tmux-501/ta-t121u01: exit status 1: no server running on /tmp/tmux-501/ta-t121u01"
time=2026-08-21T22:15:34.893+08:00 level=DEBUG msg="discovery: skipping unreachable socket" socket=/tmp/tmux-501/ta-t121u01b err="query tmux on /tmp/tmux-501/ta-t121u01b: exit status 1: no server running on /tmp/tmux-501/ta-t121u01b"
time=2026-08-21T22:15:34.906+08:00 level=DEBUG msg="discovery: skipping unreachable socket" socket=/tmp/tmux-501/ta-user-agents err="query tmux on /tmp/tmux-501/ta-user-agents: exit status 1: no server running on /tmp/tmux-501/ta-user-agents"
time=2026-08-21T22:15:37.573+08:00 level=DEBUG msg="discovery: skipping unreachable socket" socket=/tmp/tmux-501/t115d24675 err="query tmux on /tmp/tmux-501/t115d24675: exit status 1: no server running on /tmp/tmux-501/t115d24675"
time=2026-08-21T22:15:37.574+08:00 level=DEBUG msg="discovery: skipping unreachable socket" socket=/tmp/tmux-501/t115d24675 err="query tmux on /tmp/tmux-501/t115d24675: exit status 1: no server running on /tmp/tmux-501/t115d24675"
time=2026-08-21T22:15:37.586+08:00 level=DEBUG msg="discovery: skipping unreachable socket" socket=/tmp/tmux-501/t115e31319 err="query tmux on /tmp/tmux-501/t115e31319: exit status 1: no server running on /tmp/tmux-501/t115e31319"
time=2026-08-21T22:15:37.587+08:00 level=DEBUG msg="discovery: skipping unreachable socket" socket=/tmp/tmux-501/t115e31319 err="query tmux on /tmp/tmux-501/t115e31319: exit status 1: no server running on /tmp/tmux-501/t115e31319"
time=2026-08-21T22:15:37.598+08:00 level=DEBUG msg="discovery: skipping unreachable socket" socket=/tmp/tmux-501/t115f44898 err="query tmux on /tmp/tmux-501/t115f44898: exit status 1: no server running on /tmp/tmux-501/t115f44898"
time=2026-08-21T22:15:37.598+08:00 level=DEBUG msg="discovery: skipping unreachable socket" socket=/tmp/tmux-501/t115f44898 err="query tmux on /tmp/tmux-501/t115f44898: exit status 1: no server running on /tmp/tmux-501/t115f44898"
time=2026-08-21T22:15:37.609+08:00 level=DEBUG msg="discovery: skipping unreachable socket" socket=/tmp/tmux-501/t115g47728 err="query tmux on /tmp/tmux-501/t115g47728: exit status 1: no server running on /tmp/tmux-501/t115g47728"
time=2026-08-21T22:15:37.609+08:00 level=DEBUG msg="discovery: skipping unreachable socket" socket=/tmp/tmux-501/t115g47728 err="query tmux on /tmp/tmux-501/t115g47728: exit status 1: no server running on /tmp/tmux-501/t115g47728"
time=2026-08-21T22:15:37.620+08:00 level=DEBUG msg="discovery: skipping unreachable socket" socket=/tmp/tmux-501/ta-0bafa3965ade err="query tmux on /tmp/tmux-501/ta-0bafa3965ade: exit status 1: no server running on /tmp/tmux-501/ta-0bafa3965ade"
time=2026-08-21T22:15:37.620+08:00 level=DEBUG msg="discovery: skipping unreachable socket" socket=/tmp/tmux-501/ta-0bafa3965ade err="query tmux on /tmp/tmux-501/ta-0bafa3965ade: exit status 1: no server running on /tmp/tmux-501/ta-0bafa3965ade"
time=2026-08-21T22:15:37.665+08:00 level=DEBUG msg="discovery: skipping unreachable socket" socket=/tmp/tmux-501/ta-61709dcf801e err="query tmux on /tmp/tmux-501/ta-61709dcf801e: exit status 1: no server running on /tmp/tmux-501/ta-61709dcf801e"
time=2026-08-21T22:15:37.665+08:00 level=DEBUG msg="discovery: skipping unreachable socket" socket=/tmp/tmux-501/ta-61709dcf801e err="query tmux on /tmp/tmux-501/ta-61709dcf801e: exit status 1: no server running on /tmp/tmux-501/ta-61709dcf801e"
time=2026-08-21T22:15:37.689+08:00 level=DEBUG msg="discovery: skipping unparsable pane line" socket=/tmp/tmux-501/ta-a9fd5b7defbd line="team-refactor-maintainability|6|%39|/Users/alauda/Documents/code/agent前沿探索/多agent协作|bash|87458|t.p9.review 零上下文设计审查已通过<|eos|> - grok|235x50|tester-t124"
time=2026-08-21T22:15:37.690+08:00 level=DEBUG msg="discovery: skipping unparsable pane line" socket=/tmp/tmux-501/ta-a9fd5b7defbd line="team-refactor-maintainability|6|%39|/Users/alauda/Documents/code/agent前沿探索/多agent协作|bash|87458|t.p9.review 零上下文设计审查已通过<|eos|> - grok|235x50|tester-t124"
time=2026-08-21T22:15:37.718+08:00 level=DEBUG msg="discovery: skipping unreachable socket" socket=/tmp/tmux-501/ta-ed81bd4d8c17 err="query tmux on /tmp/tmux-501/ta-ed81bd4d8c17: exit status 1: no server running on /tmp/tmux-501/ta-ed81bd4d8c17"
time=2026-08-21T22:15:37.718+08:00 level=DEBUG msg="discovery: skipping unreachable socket" socket=/tmp/tmux-501/ta-ed81bd4d8c17 err="query tmux on /tmp/tmux-501/ta-ed81bd4d8c17: exit status 1: no server running on /tmp/tmux-501/ta-ed81bd4d8c17"
time=2026-08-21T22:15:37.730+08:00 level=DEBUG msg="discovery: skipping unreachable socket" socket=/tmp/tmux-501/ta-f1ad1b378fc7 err="query tmux on /tmp/tmux-501/ta-f1ad1b378fc7: exit status 1: no server running on /tmp/tmux-501/ta-f1ad1b378fc7"
time=2026-08-21T22:15:37.730+08:00 level=DEBUG msg="discovery: skipping unreachable socket" socket=/tmp/tmux-501/ta-f1ad1b378fc7 err="query tmux on /tmp/tmux-501/ta-f1ad1b378fc7: exit status 1: no server running on /tmp/tmux-501/ta-f1ad1b378fc7"
time=2026-08-21T22:15:37.749+08:00 level=DEBUG msg="discovery: skipping unreachable socket" socket=/tmp/tmux-501/ta-t121u01 err="query tmux on /tmp/tmux-501/ta-t121u01: exit status 1: no server running on /tmp/tmux-501/ta-t121u01"
time=2026-08-21T22:15:37.750+08:00 level=DEBUG msg="discovery: skipping unreachable socket" socket=/tmp/tmux-501/ta-t121u01 err="query tmux on /tmp/tmux-501/ta-t121u01: exit status 1: no server running on /tmp/tmux-501/ta-t121u01"
time=2026-08-21T22:15:37.765+08:00 level=DEBUG msg="discovery: skipping unreachable socket" socket=/tmp/tmux-501/ta-t121u01b err="query tmux on /tmp/tmux-501/ta-t121u01b: exit status 1: no server running on /tmp/tmux-501/ta-t121u01b"
time=2026-08-21T22:15:37.765+08:00 level=DEBUG msg="discovery: skipping unreachable socket" socket=/tmp/tmux-501/ta-t121u01b err="query tmux on /tmp/tmux-501/ta-t121u01b: exit status 1: no server running on /tmp/tmux-501/ta-t121u01b"
time=2026-08-21T22:15:37.775+08:00 level=DEBUG msg="discovery: skipping unreachable socket" socket=/tmp/tmux-501/ta-user-agents err="query tmux on /tmp/tmux-501/ta-user-agents: exit status 1: no server running on /tmp/tmux-501/ta-user-agents"
time=2026-08-21T22:15:37.775+08:00 level=DEBUG msg="discovery: skipping unreachable socket" socket=/tmp/tmux-501/ta-user-agents err="query tmux on /tmp/tmux-501/ta-user-agents: exit status 1: no server running on /tmp/tmux-501/ta-user-agents"
time=2026-08-21T22:15:37.904+08:00 level=WARN msg="level2: title unknown for provider" provider=grok codepoint=U+002B title="+ Agent 弹窗图标卡片重做 - grok" is_letter=false is_number=false leading_glyph=true status=unknown
time=2026-08-21T22:15:37.904+08:00 level=WARN msg="level2: title unknown for provider" provider=grok codepoint=U+002B title="+ Agent 弹窗图标卡片重做 - grok" is_letter=false is_number=false leading_glyph=true status=unknown
time=2026-08-21T22:15:37.939+08:00 level=DEBUG msg="discovery: skipping unreachable socket" socket=/tmp/tmux-501/t115d24675 err="query tmux on /tmp/tmux-501/t115d24675: exit status 1: no server running on /tmp/tmux-501/t115d24675"
time=2026-08-21T22:15:37.950+08:00 level=DEBUG msg="discovery: skipping unreachable socket" socket=/tmp/tmux-501/t115e31319 err="query tmux on /tmp/tmux-501/t115e31319: exit status 1: no server running on /tmp/tmux-501/t115e31319"
time=2026-08-21T22:15:37.960+08:00 level=DEBUG msg="discovery: skipping unreachable socket" socket=/tmp/tmux-501/t115f44898 err="query tmux on /tmp/tmux-501/t115f44898: exit status 1: no server running on /tmp/tmux-501/t115f44898"
time=2026-08-21T22:15:37.969+08:00 level=DEBUG msg="discovery: skipping unreachable socket" socket=/tmp/tmux-501/t115g47728 err="query tmux on /tmp/tmux-501/t115g47728: exit status 1: no server running on /tmp/tmux-501/t115g47728"
time=2026-08-21T22:15:37.979+08:00 level=DEBUG msg="discovery: skipping unreachable socket" socket=/tmp/tmux-501/ta-0bafa3965ade err="query tmux on /tmp/tmux-501/ta-0bafa3965ade: exit status 1: no server running on /tmp/tmux-501/ta-0bafa3965ade"
time=2026-08-21T22:15:38.028+08:00 level=DEBUG msg="discovery: skipping unreachable socket" socket=/tmp/tmux-501/ta-61709dcf801e err="query tmux on /tmp/tmux-501/ta-61709dcf801e: exit status 1: no server running on /tmp/tmux-501/ta-61709dcf801e"
time=2026-08-21T22:15:38.054+08:00 level=DEBUG msg="discovery: skipping unparsable pane line" socket=/tmp/tmux-501/ta-a9fd5b7defbd line="team-refactor-maintainability|6|%39|/Users/alauda/Documents/code/agent前沿探索/多agent协作|bash|87458|t.p9.review 零上下文设计审查已通过<|eos|> - grok|235x50|tester-t124"
time=2026-08-21T22:15:38.079+08:00 level=DEBUG msg="discovery: skipping unreachable socket" socket=/tmp/tmux-501/ta-ed81bd4d8c17 err="query tmux on /tmp/tmux-501/ta-ed81bd4d8c17: exit status 1: no server running on /tmp/tmux-501/ta-ed81bd4d8c17"
time=2026-08-21T22:15:38.089+08:00 level=DEBUG msg="discovery: skipping unreachable socket" socket=/tmp/tmux-501/ta-f1ad1b378fc7 err="query tmux on /tmp/tmux-501/ta-f1ad1b378fc7: exit status 1: no server running on /tmp/tmux-501/ta-f1ad1b378fc7"
time=2026-08-21T22:15:38.112+08:00 level=DEBUG msg="discovery: skipping unreachable socket" socket=/tmp/tmux-501/ta-t121u01 err="query tmux on /tmp/tmux-501/ta-t121u01: exit status 1: no server running on /tmp/tmux-501/ta-t121u01"
time=2026-08-21T22:15:38.121+08:00 level=DEBUG msg="discovery: skipping unreachable socket" socket=/tmp/tmux-501/ta-t121u01b err="query tmux on /tmp/tmux-501/ta-t121u01b: exit status 1: no server running on /tmp/tmux-501/ta-t121u01b"
time=2026-08-21T22:15:38.131+08:00 level=DEBUG msg="discovery: skipping unreachable socket" socket=/tmp/tmux-501/ta-user-agents err="query tmux on /tmp/tmux-501/ta-user-agents: exit status 1: no server running on /tmp/tmux-501/ta-user-agents"
time=2026-08-21T22:15:38.347+08:00 level=DEBUG msg="listing: no changes"
time=2026-08-21T22:15:38.879+08:00 level=DEBUG msg="discovery: skipping unreachable socket" socket=/tmp/tmux-501/t115d24675 err="query tmux on /tmp/tmux-501/t115d24675: exit status 1: no server running on /tmp/tmux-501/t115d24675"
time=2026-08-21T22:15:38.889+08:00 level=DEBUG msg="discovery: skipping unreachable socket" socket=/tmp/tmux-501/t115e31319 err="query tmux on /tmp/tmux-501/t115e31319: exit status 1: no server running on /tmp/tmux-501/t115e31319"
time=2026-08-21T22:15:38.899+08:00 level=DEBUG msg="discovery: skipping unreachable socket" socket=/tmp/tmux-501/t115f44898 err="query tmux on /tmp/tmux-501/t115f44898: exit status 1: no server running on /tmp/tmux-501/t115f44898"
time=2026-08-21T22:15:38.910+08:00 level=DEBUG msg="discovery: skipping unreachable socket" socket=/tmp/tmux-501/t115g47728 err="query tmux on /tmp/tmux-501/t115g47728: exit status 1: no server running on /tmp/tmux-501/t115g47728"
time=2026-08-21T22:15:38.919+08:00 level=DEBUG msg="discovery: skipping unreachable socket" socket=/tmp/tmux-501/ta-0bafa3965ade err="query tmux on /tmp/tmux-501/ta-0bafa3965ade: exit status 1: no server running on /tmp/tmux-501/ta-0bafa3965ade"
time=2026-08-21T22:15:38.960+08:00 level=DEBUG msg="discovery: skipping unreachable socket" socket=/tmp/tmux-501/ta-61709dcf801e err="query tmux on /tmp/tmux-501/ta-61709dcf801e: exit status 1: no server running on /tmp/tmux-501/ta-61709dcf801e"
time=2026-08-21T22:15:38.982+08:00 level=DEBUG msg="discovery: skipping unparsable pane line" socket=/tmp/tmux-501/ta-a9fd5b7defbd line="team-refactor-maintainability|6|%39|/Users/alauda/Documents/code/agent前沿探索/多agent协作|bash|87458|t.p9.review 零上下文设计审查已通过<|eos|> - grok|235x50|tester-t124"
time=2026-08-21T22:15:39.006+08:00 level=DEBUG msg="discovery: skipping unreachable socket" socket=/tmp/tmux-501/ta-ed81bd4d8c17 err="query tmux on /tmp/tmux-501/ta-ed81bd4d8c17: exit status 1: no server running on /tmp/tmux-501/ta-ed81bd4d8c17"
time=2026-08-21T22:15:39.016+08:00 level=DEBUG msg="discovery: skipping unreachable socket" socket=/tmp/tmux-501/ta-f1ad1b378fc7 err="query tmux on /tmp/tmux-501/ta-f1ad1b378fc7: exit status 1: no server running on /tmp/tmux-501/ta-f1ad1b378fc7"
time=2026-08-21T22:15:39.037+08:00 level=DEBUG msg="discovery: skipping unreachable socket" socket=/tmp/tmux-501/ta-t121u01 err="query tmux on /tmp/tmux-501/ta-t121u01: exit status 1: no server running on /tmp/tmux-501/ta-t121u01"
time=2026-08-21T22:15:39.047+08:00 level=DEBUG msg="discovery: skipping unreachable socket" socket=/tmp/tmux-501/ta-t121u01b err="query tmux on /tmp/tmux-501/ta-t121u01b: exit status 1: no server running on /tmp/tmux-501/ta-t121u01b"
time=2026-08-21T22:15:39.057+08:00 level=DEBUG msg="discovery: skipping unreachable socket" socket=/tmp/tmux-501/ta-user-agents err="query tmux on /tmp/tmux-501/ta-user-agents: exit status 1: no server running on /tmp/tmux-501/ta-user-agents"
time=2026-08-21T22:15:39.934+08:00 level=DEBUG msg="discovery: skipping unreachable socket" socket=/tmp/tmux-501/t115d24675 err="query tmux on /tmp/tmux-501/t115d24675: exit status 1: no server running on /tmp/tmux-501/t115d24675"
time=2026-08-21T22:15:39.945+08:00 level=DEBUG msg="discovery: skipping unreachable socket" socket=/tmp/tmux-501/t115e31319 err="query tmux on /tmp/tmux-501/t115e31319: exit status 1: no server running on /tmp/tmux-501/t115e31319"
time=2026-08-21T22:15:39.955+08:00 level=DEBUG msg="discovery: skipping unreachable socket" socket=/tmp/tmux-501/t115f44898 err="query tmux on /tmp/tmux-501/t115f44898: exit status 1: no server running on /tmp/tmux-501/t115f44898"
time=2026-08-21T22:15:39.973+08:00 level=DEBUG msg="discovery: skipping unreachable socket" socket=/tmp/tmux-501/t115g47728 err="query tmux on /tmp/tmux-501/t115g47728: exit status 1: no server running on /tmp/tmux-501/t115g47728"
time=2026-08-21T22:15:39.986+08:00 level=DEBUG msg="discovery: skipping unreachable socket" socket=/tmp/tmux-501/ta-0bafa3965ade err="query tmux on /tmp/tmux-501/ta-0bafa3965ade: exit status 1: no server running on /tmp/tmux-501/ta-0bafa3965ade"
time=2026-08-21T22:15:40.030+08:00 level=DEBUG msg="discovery: skipping unreachable socket" socket=/tmp/tmux-501/ta-61709dcf801e err="query tmux on /tmp/tmux-501/ta-61709dcf801e: exit status 1: no server running on /tmp/tmux-501/ta-61709dcf801e"
time=2026-08-21T22:15:40.053+08:00 level=DEBUG msg="discovery: skipping unparsable pane line" socket=/tmp/tmux-501/ta-a9fd5b7defbd line="team-refactor-maintainability|6|%39|/Users/alauda/Documents/code/agent前沿探索/多agent协作|bash|87458|t.p9.review 零上下文设计审查已通过<|eos|> - grok|235x50|tester-t124"
time=2026-08-21T22:15:40.075+08:00 level=DEBUG msg="discovery: skipping unreachable socket" socket=/tmp/tmux-501/ta-ed81bd4d8c17 err="query tmux on /tmp/tmux-501/ta-ed81bd4d8c17: exit status 1: no server running on /tmp/tmux-501/ta-ed81bd4d8c17"
time=2026-08-21T22:15:40.085+08:00 level=DEBUG msg="discovery: skipping unreachable socket" socket=/tmp/tmux-501/ta-f1ad1b378fc7 err="query tmux on /tmp/tmux-501/ta-f1ad1b378fc7: exit status 1: no server running on /tmp/tmux-501/ta-f1ad1b378fc7"
time=2026-08-21T22:15:40.106+08:00 level=DEBUG msg="discovery: skipping unreachable socket" socket=/tmp/tmux-501/ta-t121u01 err="query tmux on /tmp/tmux-501/ta-t121u01: exit status 1: no server running on /tmp/tmux-501/ta-t121u01"
time=2026-08-21T22:15:40.117+08:00 level=DEBUG msg="discovery: skipping unreachable socket" socket=/tmp/tmux-501/ta-t121u01b err="query tmux on /tmp/tmux-501/ta-t121u01b: exit status 1: no server running on /tmp/tmux-501/ta-t121u01b"
time=2026-08-21T22:15:40.129+08:00 level=DEBUG msg="discovery: skipping unreachable socket" socket=/tmp/tmux-501/ta-user-agents err="query tmux on /tmp/tmux-501/ta-user-agents: exit status 1: no server running on /tmp/tmux-501/ta-user-agents"
time=2026-08-21T22:15:40.296+08:00 level=WARN msg="level2: title unknown for provider" provider=grok codepoint=U+002B title="+ Agent 弹窗图标卡片重做 - grok" is_letter=false is_number=false leading_glyph=true status=unknown
time=2026-08-21T22:15:42.346+08:00 level=DEBUG msg="discovery: skipping unreachable socket" socket=/tmp/tmux-501/t115d24675 err="query tmux on /tmp/tmux-501/t115d24675: exit status 1: no server running on /tmp/tmux-501/t115d24675"
time=2026-08-21T22:15:42.356+08:00 level=DEBUG msg="discovery: skipping unreachable socket" socket=/tmp/tmux-501/t115e31319 err="query tmux on /tmp/tmux-501/t115e31319: exit status 1: no server running on /tmp/tmux-501/t115e31319"
time=2026-08-21T22:15:42.367+08:00 level=DEBUG msg="discovery: skipping unreachable socket" socket=/tmp/tmux-501/t115f44898 err="query tmux on /tmp/tmux-501/t115f44898: exit status 1: no server running on /tmp/tmux-501/t115f44898"
time=2026-08-21T22:15:42.381+08:00 level=DEBUG msg="discovery: skipping unreachable socket" socket=/tmp/tmux-501/t115g47728 err="query tmux on /tmp/tmux-501/t115g47728: exit status 1: no server running on /tmp/tmux-501/t115g47728"
time=2026-08-21T22:15:42.396+08:00 level=DEBUG msg="discovery: skipping unreachable socket" socket=/tmp/tmux-501/ta-0bafa3965ade err="query tmux on /tmp/tmux-501/ta-0bafa3965ade: exit status 1: no server running on /tmp/tmux-501/ta-0bafa3965ade"
time=2026-08-21T22:15:42.446+08:00 level=DEBUG msg="discovery: skipping unreachable socket" socket=/tmp/tmux-501/ta-61709dcf801e err="query tmux on /tmp/tmux-501/ta-61709dcf801e: exit status 1: no server running on /tmp/tmux-501/ta-61709dcf801e"
time=2026-08-21T22:15:42.471+08:00 level=DEBUG msg="discovery: skipping unparsable pane line" socket=/tmp/tmux-501/ta-a9fd5b7defbd line="team-refactor-maintainability|6|%39|/Users/alauda/Documents/code/agent前沿探索/多agent协作|bash|87458|t.p9.review 零上下文设计审查已通过<|eos|> - grok|235x50|tester-t124"
time=2026-08-21T22:15:42.497+08:00 level=DEBUG msg="discovery: skipping unreachable socket" socket=/tmp/tmux-501/ta-ed81bd4d8c17 err="query tmux on /tmp/tmux-501/ta-ed81bd4d8c17: exit status 1: no server running on /tmp/tmux-501/ta-ed81bd4d8c17"
time=2026-08-21T22:15:42.511+08:00 level=DEBUG msg="discovery: skipping unreachable socket" socket=/tmp/tmux-501/ta-f1ad1b378fc7 err="query tmux on /tmp/tmux-501/ta-f1ad1b378fc7: exit status 1: no server running on /tmp/tmux-501/ta-f1ad1b378fc7"
time=2026-08-21T22:15:42.533+08:00 level=DEBUG msg="discovery: skipping unreachable socket" socket=/tmp/tmux-501/ta-t121u01 err="query tmux on /tmp/tmux-501/ta-t121u01: exit status 1: no server running on /tmp/tmux-501/ta-t121u01"
time=2026-08-21T22:15:42.544+08:00 level=DEBUG msg="discovery: skipping unreachable socket" socket=/tmp/tmux-501/ta-t121u01b err="query tmux on /tmp/tmux-501/ta-t121u01b: exit status 1: no server running on /tmp/tmux-501/ta-t121u01b"
time=2026-08-21T22:15:42.563+08:00 level=DEBUG msg="discovery: skipping unreachable socket" socket=/tmp/tmux-501/ta-user-agents err="query tmux on /tmp/tmux-501/ta-user-agents: exit status 1: no server running on /tmp/tmux-501/ta-user-agents"
time=2026-08-21T22:15:42.742+08:00 level=WARN msg="level2: title unknown for provider" provider=grok codepoint=U+002B title="+ Agent 弹窗图标卡片重做 - grok" is_letter=false is_number=false leading_glyph=true status=unknown
time=2026-08-21T22:15:44.219+08:00 level=DEBUG msg="listing: no changes"
time=2026-08-21T22:15:44.219+08:00 level=INFO msg="listing: refresh on open" req_id=3 had_cache=true prev_seq=1 prev_sessions=67 cur_sessions=67 cur_seq=1 refresh_err=""
time=2026-08-21T22:15:44.774+08:00 level=DEBUG msg="discovery: skipping unreachable socket" socket=/tmp/tmux-501/t115d24675 err="query tmux on /tmp/tmux-501/t115d24675: exit status 1: no server running on /tmp/tmux-501/t115d24675"
time=2026-08-21T22:15:44.785+08:00 level=DEBUG msg="discovery: skipping unreachable socket" socket=/tmp/tmux-501/t115e31319 err="query tmux on /tmp/tmux-501/t115e31319: exit status 1: no server running on /tmp/tmux-501/t115e31319"
time=2026-08-21T22:15:44.797+08:00 level=DEBUG msg="discovery: skipping unreachable socket" socket=/tmp/tmux-501/t115f44898 err="query tmux on /tmp/tmux-501/t115f44898: exit status 1: no server running on /tmp/tmux-501/t115f44898"
time=2026-08-21T22:15:44.807+08:00 level=DEBUG msg="discovery: skipping unreachable socket" socket=/tmp/tmux-501/t115g47728 err="query tmux on /tmp/tmux-501/t115g47728: exit status 1: no server running on /tmp/tmux-501/t115g47728"
time=2026-08-21T22:15:44.816+08:00 level=DEBUG msg="discovery: skipping unreachable socket" socket=/tmp/tmux-501/ta-0bafa3965ade err="query tmux on /tmp/tmux-501/ta-0bafa3965ade: exit status 1: no server running on /tmp/tmux-501/ta-0bafa3965ade"
time=2026-08-21T22:15:44.862+08:00 level=DEBUG msg="discovery: skipping unreachable socket" socket=/tmp/tmux-501/ta-61709dcf801e err="query tmux on /tmp/tmux-501/ta-61709dcf801e: exit status 1: no server running on /tmp/tmux-501/ta-61709dcf801e"
time=2026-08-21T22:15:44.882+08:00 level=DEBUG msg="discovery: skipping unparsable pane line" socket=/tmp/tmux-501/ta-a9fd5b7defbd line="team-refactor-maintainability|6|%39|/Users/alauda/Documents/code/agent前沿探索/多agent协作|bash|87458|t.p9.review 零上下文设计审查已通过<|eos|> - grok|235x50|tester-t124"
time=2026-08-21T22:15:44.916+08:00 level=DEBUG msg="discovery: skipping unreachable socket" socket=/tmp/tmux-501/ta-ed81bd4d8c17 err="query tmux on /tmp/tmux-501/ta-ed81bd4d8c17: exit status 1: no server running on /tmp/tmux-501/ta-ed81bd4d8c17"
time=2026-08-21T22:15:44.926+08:00 level=DEBUG msg="discovery: skipping unreachable socket" socket=/tmp/tmux-501/ta-f1ad1b378fc7 err="query tmux on /tmp/tmux-501/ta-f1ad1b378fc7: exit status 1: no server running on /tmp/tmux-501/ta-f1ad1b378fc7"
time=2026-08-21T22:15:44.951+08:00 level=DEBUG msg="discovery: skipping unreachable socket" socket=/tmp/tmux-501/ta-t121u01 err="query tmux on /tmp/tmux-501/ta-t121u01: exit status 1: no server running on /tmp/tmux-501/ta-t121u01"
time=2026-08-21T22:15:44.961+08:00 level=DEBUG msg="discovery: skipping unreachable socket" socket=/tmp/tmux-501/ta-t121u01b err="query tmux on /tmp/tmux-501/ta-t121u01b: exit status 1: no server running on /tmp/tmux-501/ta-t121u01b"
time=2026-08-21T22:15:44.970+08:00 level=DEBUG msg="discovery: skipping unreachable socket" socket=/tmp/tmux-501/ta-user-agents err="query tmux on /tmp/tmux-501/ta-user-agents: exit status 1: no server running on /tmp/tmux-501/ta-user-agents"
time=2026-08-21T22:15:45.109+08:00 level=WARN msg="level2: title unknown for provider" provider=grok codepoint=U+002B title="+ Agent 弹窗图标卡片重做 - grok" is_letter=false is_number=false leading_glyph=true status=unknown
time=2026-08-21T22:15:45.215+08:00 level=DEBUG msg="listing: no changes"
time=2026-08-21T22:15:45.751+08:00 level=DEBUG msg="discovery: skipping unreachable socket" socket=/tmp/tmux-501/t115d24675 err="query tmux on /tmp/tmux-501/t115d24675: exit status 1: no server running on /tmp/tmux-501/t115d24675"
time=2026-08-21T22:15:45.760+08:00 level=DEBUG msg="discovery: skipping unreachable socket" socket=/tmp/tmux-501/t115e31319 err="query tmux on /tmp/tmux-501/t115e31319: exit status 1: no server running on /tmp/tmux-501/t115e31319"
time=2026-08-21T22:15:45.769+08:00 level=DEBUG msg="discovery: skipping unreachable socket" socket=/tmp/tmux-501/t115f44898 err="query tmux on /tmp/tmux-501/t115f44898: exit status 1: no server running on /tmp/tmux-501/t115f44898"
time=2026-08-21T22:15:45.779+08:00 level=DEBUG msg="discovery: skipping unreachable socket" socket=/tmp/tmux-501/t115g47728 err="query tmux on /tmp/tmux-501/t115g47728: exit status 1: no server running on /tmp/tmux-501/t115g47728"
time=2026-08-21T22:15:45.789+08:00 level=DEBUG msg="discovery: skipping unreachable socket" socket=/tmp/tmux-501/ta-0bafa3965ade err="query tmux on /tmp/tmux-501/ta-0bafa3965ade: exit status 1: no server running on /tmp/tmux-501/ta-0bafa3965ade"
time=2026-08-21T22:15:45.827+08:00 level=DEBUG msg="discovery: skipping unreachable socket" socket=/tmp/tmux-501/ta-61709dcf801e err="query tmux on /tmp/tmux-501/ta-61709dcf801e: exit status 1: no server running on /tmp/tmux-501/ta-61709dcf801e"
time=2026-08-21T22:15:45.851+08:00 level=DEBUG msg="discovery: skipping unparsable pane line" socket=/tmp/tmux-501/ta-a9fd5b7defbd line="team-refactor-maintainability|6|%39|/Users/alauda/Documents/code/agent前沿探索/多agent协作|bash|87458|t.p9.review 零上下文设计审查已通过<|eos|> - grok|235x50|tester-t124"
time=2026-08-21T22:15:45.872+08:00 level=DEBUG msg="discovery: skipping unreachable socket" socket=/tmp/tmux-501/ta-ed81bd4d8c17 err="query tmux on /tmp/tmux-501/ta-ed81bd4d8c17: exit status 1: no server running on /tmp/tmux-501/ta-ed81bd4d8c17"
time=2026-08-21T22:15:45.884+08:00 level=DEBUG msg="discovery: skipping unreachable socket" socket=/tmp/tmux-501/ta-f1ad1b378fc7 err="query tmux on /tmp/tmux-501/ta-f1ad1b378fc7: exit status 1: no server running on /tmp/tmux-501/ta-f1ad1b378fc7"
time=2026-08-21T22:15:45.903+08:00 level=DEBUG msg="discovery: skipping unreachable socket" socket=/tmp/tmux-501/ta-t121u01 err="query tmux on /tmp/tmux-501/ta-t121u01: exit status 1: no server running on /tmp/tmux-501/ta-t121u01"
time=2026-08-21T22:15:45.912+08:00 level=DEBUG msg="discovery: skipping unreachable socket" socket=/tmp/tmux-501/ta-t121u01b err="query tmux on /tmp/tmux-501/ta-t121u01b: exit status 1: no server running on /tmp/tmux-501/ta-t121u01b"
time=2026-08-21T22:15:45.922+08:00 level=DEBUG msg="discovery: skipping unreachable socket" socket=/tmp/tmux-501/ta-user-agents err="query tmux on /tmp/tmux-501/ta-user-agents: exit status 1: no server running on /tmp/tmux-501/ta-user-agents"
time=2026-08-21T22:15:47.145+08:00 level=DEBUG msg="discovery: skipping unreachable socket" socket=/tmp/tmux-501/t115d24675 err="query tmux on /tmp/tmux-501/t115d24675: exit status 1: no server running on /tmp/tmux-501/t115d24675"
time=2026-08-21T22:15:47.155+08:00 level=DEBUG msg="discovery: skipping unreachable socket" socket=/tmp/tmux-501/t115e31319 err="query tmux on /tmp/tmux-501/t115e31319: exit status 1: no server running on /tmp/tmux-501/t115e31319"
time=2026-08-21T22:15:47.167+08:00 level=DEBUG msg="discovery: skipping unreachable socket" socket=/tmp/tmux-501/t115f44898 err="query tmux on /tmp/tmux-501/t115f44898: exit status 1: no server running on /tmp/tmux-501/t115f44898"
time=2026-08-21T22:15:47.185+08:00 level=DEBUG msg="discovery: skipping unreachable socket" socket=/tmp/tmux-501/t115g47728 err="query tmux on /tmp/tmux-501/t115g47728: exit status 1: no server running on /tmp/tmux-501/t115g47728"
time=2026-08-21T22:15:47.201+08:00 level=DEBUG msg="discovery: skipping unreachable socket" socket=/tmp/tmux-501/ta-0bafa3965ade err="query tmux on /tmp/tmux-501/ta-0bafa3965ade: exit status 1: no server running on /tmp/tmux-501/ta-0bafa3965ade"
time=2026-08-21T22:15:47.245+08:00 level=DEBUG msg="discovery: skipping unreachable socket" socket=/tmp/tmux-501/ta-61709dcf801e err="query tmux on /tmp/tmux-501/ta-61709dcf801e: exit status 1: no server running on /tmp/tmux-501/ta-61709dcf801e"
time=2026-08-21T22:15:47.267+08:00 level=DEBUG msg="discovery: skipping unparsable pane line" socket=/tmp/tmux-501/ta-a9fd5b7defbd line="team-refactor-maintainability|6|%39|/Users/alauda/Documents/code/agent前沿探索/多agent协作|bash|87458|t.p9.review 零上下文设计审查已通过<|eos|> - grok|235x50|tester-t124"
time=2026-08-21T22:15:47.302+08:00 level=DEBUG msg="discovery: skipping unreachable socket" socket=/tmp/tmux-501/ta-ed81bd4d8c17 err="query tmux on /tmp/tmux-501/ta-ed81bd4d8c17: exit status 1: no server running on /tmp/tmux-501/ta-ed81bd4d8c17"
time=2026-08-21T22:15:47.313+08:00 level=DEBUG msg="discovery: skipping unreachable socket" socket=/tmp/tmux-501/ta-f1ad1b378fc7 err="query tmux on /tmp/tmux-501/ta-f1ad1b378fc7: exit status 1: no server running on /tmp/tmux-501/ta-f1ad1b378fc7"
time=2026-08-21T22:15:47.343+08:00 level=DEBUG msg="discovery: skipping unreachable socket" socket=/tmp/tmux-501/ta-t121u01 err="query tmux on /tmp/tmux-501/ta-t121u01: exit status 1: no server running on /tmp/tmux-501/ta-t121u01"
time=2026-08-21T22:15:47.355+08:00 level=DEBUG msg="discovery: skipping unreachable socket" socket=/tmp/tmux-501/ta-t121u01b err="query tmux on /tmp/tmux-501/ta-t121u01b: exit status 1: no server running on /tmp/tmux-501/ta-t121u01b"
time=2026-08-21T22:15:47.366+08:00 level=DEBUG msg="discovery: skipping unreachable socket" socket=/tmp/tmux-501/ta-user-agents err="query tmux on /tmp/tmux-501/ta-user-agents: exit status 1: no server running on /tmp/tmux-501/ta-user-agents"
time=2026-08-21T22:15:47.488+08:00 level=WARN msg="level2: title unknown for provider" provider=grok codepoint=U+002B title="+ Agent 弹窗图标卡片重做 - grok" is_letter=false is_number=false leading_glyph=true status=unknown
time=2026-08-21T22:15:49.526+08:00 level=DEBUG msg="discovery: skipping unreachable socket" socket=/tmp/tmux-501/t115d24675 err="query tmux on /tmp/tmux-501/t115d24675: exit status 1: no server running on /tmp/tmux-501/t115d24675"
time=2026-08-21T22:15:49.549+08:00 level=DEBUG msg="discovery: skipping unreachable socket" socket=/tmp/tmux-501/t115e31319 err="query tmux on /tmp/tmux-501/t115e31319: exit status 1: no server running on /tmp/tmux-501/t115e31319"
time=2026-08-21T22:15:49.561+08:00 level=DEBUG msg="discovery: skipping unreachable socket" socket=/tmp/tmux-501/t115f44898 err="query tmux on /tmp/tmux-501/t115f44898: exit status 1: no server running on /tmp/tmux-501/t115f44898"
time=2026-08-21T22:15:49.572+08:00 level=DEBUG msg="discovery: skipping unreachable socket" socket=/tmp/tmux-501/t115g47728 err="query tmux on /tmp/tmux-501/t115g47728: exit status 1: no server running on /tmp/tmux-501/t115g47728"
time=2026-08-21T22:15:49.583+08:00 level=DEBUG msg="discovery: skipping unreachable socket" socket=/tmp/tmux-501/ta-0bafa3965ade err="query tmux on /tmp/tmux-501/ta-0bafa3965ade: exit status 1: no server running on /tmp/tmux-501/ta-0bafa3965ade"
time=2026-08-21T22:15:49.649+08:00 level=DEBUG msg="discovery: skipping unreachable socket" socket=/tmp/tmux-501/ta-61709dcf801e err="query tmux on /tmp/tmux-501/ta-61709dcf801e: exit status 1: no server running on /tmp/tmux-501/ta-61709dcf801e"
time=2026-08-21T22:15:49.693+08:00 level=DEBUG msg="discovery: skipping unparsable pane line" socket=/tmp/tmux-501/ta-a9fd5b7defbd line="team-refactor-maintainability|6|%39|/Users/alauda/Documents/code/agent前沿探索/多agent协作|bash|87458|t.p9.review 零上下文设计审查已通过<|eos|> - grok|235x50|tester-t124"
time=2026-08-21T22:15:49.719+08:00 level=DEBUG msg="discovery: skipping unreachable socket" socket=/tmp/tmux-501/ta-ed81bd4d8c17 err="query tmux on /tmp/tmux-501/ta-ed81bd4d8c17: exit status 1: no server running on /tmp/tmux-501/ta-ed81bd4d8c17"
time=2026-08-21T22:15:49.737+08:00 level=DEBUG msg="discovery: skipping unreachable socket" socket=/tmp/tmux-501/ta-f1ad1b378fc7 err="query tmux on /tmp/tmux-501/ta-f1ad1b378fc7: exit status 1: no server running on /tmp/tmux-501/ta-f1ad1b378fc7"
time=2026-08-21T22:15:49.762+08:00 level=DEBUG msg="discovery: skipping unreachable socket" socket=/tmp/tmux-501/ta-t121u01 err="query tmux on /tmp/tmux-501/ta-t121u01: exit status 1: no server running on /tmp/tmux-501/ta-t121u01"
time=2026-08-21T22:15:49.775+08:00 level=DEBUG msg="discovery: skipping unreachable socket" socket=/tmp/tmux-501/ta-t121u01b err="query tmux on /tmp/tmux-501/ta-t121u01b: exit status 1: no server running on /tmp/tmux-501/ta-t121u01b"
time=2026-08-21T22:15:49.791+08:00 level=DEBUG msg="discovery: skipping unreachable socket" socket=/tmp/tmux-501/ta-user-agents err="query tmux on /tmp/tmux-501/ta-user-agents: exit status 1: no server running on /tmp/tmux-501/ta-user-agents"
time=2026-08-21T22:15:49.895+08:00 level=WARN msg="level2: title unknown for provider" provider=grok codepoint=U+002B title="+ Agent 弹窗图标卡片重做 - grok" is_letter=false is_number=false leading_glyph=true status=unknown
time=2026-08-21T22:15:49.942+08:00 level=DEBUG msg="listing: no changes"
time=2026-08-21T22:15:50.480+08:00 level=DEBUG msg="discovery: skipping unreachable socket" socket=/tmp/tmux-501/t115d24675 err="query tmux on /tmp/tmux-501/t115d24675: exit status 1: no server running on /tmp/tmux-501/t115d24675"
time=2026-08-21T22:15:50.491+08:00 level=DEBUG msg="discovery: skipping unreachable socket" socket=/tmp/tmux-501/t115e31319 err="query tmux on /tmp/tmux-501/t115e31319: exit status 1: no server running on /tmp/tmux-501/t115e31319"
time=2026-08-21T22:15:50.502+08:00 level=DEBUG msg="discovery: skipping unreachable socket" socket=/tmp/tmux-501/t115f44898 err="query tmux on /tmp/tmux-501/t115f44898: exit status 1: no server running on /tmp/tmux-501/t115f44898"
time=2026-08-21T22:15:50.513+08:00 level=DEBUG msg="discovery: skipping unreachable socket" socket=/tmp/tmux-501/t115g47728 err="query tmux on /tmp/tmux-501/t115g47728: exit status 1: no server running on /tmp/tmux-501/t115g47728"
time=2026-08-21T22:15:50.529+08:00 level=DEBUG msg="discovery: skipping unreachable socket" socket=/tmp/tmux-501/ta-0bafa3965ade err="query tmux on /tmp/tmux-501/ta-0bafa3965ade: exit status 1: no server running on /tmp/tmux-501/ta-0bafa3965ade"
time=2026-08-21T22:15:50.571+08:00 level=DEBUG msg="discovery: skipping unreachable socket" socket=/tmp/tmux-501/ta-61709dcf801e err="query tmux on /tmp/tmux-501/ta-61709dcf801e: exit status 1: no server running on /tmp/tmux-501/ta-61709dcf801e"
time=2026-08-21T22:15:50.595+08:00 level=DEBUG msg="discovery: skipping unparsable pane line" socket=/tmp/tmux-501/ta-a9fd5b7defbd line="team-refactor-maintainability|6|%39|/Users/alauda/Documents/code/agent前沿探索/多agent协作|bash|87458|t.p9.review 零上下文设计审查已通过<|eos|> - grok|235x50|tester-t124"
time=2026-08-21T22:15:50.617+08:00 level=DEBUG msg="discovery: skipping unreachable socket" socket=/tmp/tmux-501/ta-ed81bd4d8c17 err="query tmux on /tmp/tmux-501/ta-ed81bd4d8c17: exit status 1: no server running on /tmp/tmux-501/ta-ed81bd4d8c17"
time=2026-08-21T22:15:50.630+08:00 level=DEBUG msg="discovery: skipping unreachable socket" socket=/tmp/tmux-501/ta-f1ad1b378fc7 err="query tmux on /tmp/tmux-501/ta-f1ad1b378fc7: exit status 1: no server running on /tmp/tmux-501/ta-f1ad1b378fc7"
time=2026-08-21T22:15:50.656+08:00 level=DEBUG msg="discovery: skipping unreachable socket" socket=/tmp/tmux-501/ta-t121u01 err="query tmux on /tmp/tmux-501/ta-t121u01: exit status 1: no server running on /tmp/tmux-501/ta-t121u01"
time=2026-08-21T22:15:50.666+08:00 level=DEBUG msg="discovery: skipping unreachable socket" socket=/tmp/tmux-501/ta-t121u01b err="query tmux on /tmp/tmux-501/ta-t121u01b: exit status 1: no server running on /tmp/tmux-501/ta-t121u01b"
time=2026-08-21T22:15:50.679+08:00 level=DEBUG msg="discovery: skipping unreachable socket" socket=/tmp/tmux-501/ta-user-agents err="query tmux on /tmp/tmux-501/ta-user-agents: exit status 1: no server running on /tmp/tmux-501/ta-user-agents"
time=2026-08-21T22:15:51.954+08:00 level=DEBUG msg="discovery: skipping unreachable socket" socket=/tmp/tmux-501/t115d24675 err="query tmux on /tmp/tmux-501/t115d24675: exit status 1: no server running on /tmp/tmux-501/t115d24675"
time=2026-08-21T22:15:51.967+08:00 level=DEBUG msg="discovery: skipping unreachable socket" socket=/tmp/tmux-501/t115e31319 err="query tmux on /tmp/tmux-501/t115e31319: exit status 1: no server running on /tmp/tmux-501/t115e31319"
time=2026-08-21T22:15:51.996+08:00 level=DEBUG msg="discovery: skipping unreachable socket" socket=/tmp/tmux-501/t115f44898 err="query tmux on /tmp/tmux-501/t115f44898: exit status 1: no server running on /tmp/tmux-501/t115f44898"
time=2026-08-21T22:15:52.022+08:00 level=DEBUG msg="discovery: skipping unreachable socket" socket=/tmp/tmux-501/t115g47728 err="query tmux on /tmp/tmux-501/t115g47728: exit status 1: no server running on /tmp/tmux-501/t115g47728"
time=2026-08-21T22:15:52.038+08:00 level=DEBUG msg="discovery: skipping unreachable socket" socket=/tmp/tmux-501/ta-0bafa3965ade err="query tmux on /tmp/tmux-501/ta-0bafa3965ade: exit status 1: no server running on /tmp/tmux-501/ta-0bafa3965ade"
time=2026-08-21T22:15:52.113+08:00 level=DEBUG msg="discovery: skipping unreachable socket" socket=/tmp/tmux-501/ta-61709dcf801e err="query tmux on /tmp/tmux-501/ta-61709dcf801e: exit status 1: no server running on /tmp/tmux-501/ta-61709dcf801e"
time=2026-08-21T22:15:52.152+08:00 level=DEBUG msg="discovery: skipping unparsable pane line" socket=/tmp/tmux-501/ta-a9fd5b7defbd line="team-refactor-maintainability|6|%39|/Users/alauda/Documents/code/agent前沿探索/多agent协作|bash|87458|t.p9.review 零上下文设计审查已通过<|eos|> - grok|235x50|tester-t124"
time=2026-08-21T22:15:52.182+08:00 level=DEBUG msg="discovery: skipping unreachable socket" socket=/tmp/tmux-501/ta-ed81bd4d8c17 err="query tmux on /tmp/tmux-501/ta-ed81bd4d8c17: exit status 1: no server running on /tmp/tmux-501/ta-ed81bd4d8c17"
time=2026-08-21T22:15:52.195+08:00 level=DEBUG msg="discovery: skipping unreachable socket" socket=/tmp/tmux-501/ta-f1ad1b378fc7 err="query tmux on /tmp/tmux-501/ta-f1ad1b378fc7: exit status 1: no server running on /tmp/tmux-501/ta-f1ad1b378fc7"
time=2026-08-21T22:15:52.231+08:00 level=DEBUG msg="discovery: skipping unreachable socket" socket=/tmp/tmux-501/ta-t121u01 err="query tmux on /tmp/tmux-501/ta-t121u01: exit status 1: no server running on /tmp/tmux-501/ta-t121u01"
time=2026-08-21T22:15:52.244+08:00 level=DEBUG msg="discovery: skipping unreachable socket" socket=/tmp/tmux-501/ta-t121u01b err="query tmux on /tmp/tmux-501/ta-t121u01b: exit status 1: no server running on /tmp/tmux-501/ta-t121u01b"
time=2026-08-21T22:15:52.255+08:00 level=DEBUG msg="discovery: skipping unreachable socket" socket=/tmp/tmux-501/ta-user-agents err="query tmux on /tmp/tmux-501/ta-user-agents: exit status 1: no server running on /tmp/tmux-501/ta-user-agents"
time=2026-08-21T22:15:52.501+08:00 level=WARN msg="level2: title unknown for provider" provider=grok codepoint=U+002B title="+ Agent 弹窗图标卡片重做 - grok" is_letter=false is_number=false leading_glyph=true status=unknown
time=2026-08-21T22:15:54.537+08:00 level=DEBUG msg="discovery: skipping unreachable socket" socket=/tmp/tmux-501/t115d24675 err="query tmux on /tmp/tmux-501/t115d24675: exit status 1: no server running on /tmp/tmux-501/t115d24675"
time=2026-08-21T22:15:54.552+08:00 level=DEBUG msg="discovery: skipping unreachable socket" socket=/tmp/tmux-501/t115e31319 err="query tmux on /tmp/tmux-501/t115e31319: exit status 1: no server running on /tmp/tmux-501/t115e31319"
time=2026-08-21T22:15:54.564+08:00 level=DEBUG msg="discovery: skipping unreachable socket" socket=/tmp/tmux-501/t115f44898 err="query tmux on /tmp/tmux-501/t115f44898: exit status 1: no server running on /tmp/tmux-501/t115f44898"
time=2026-08-21T22:15:54.575+08:00 level=DEBUG msg="discovery: skipping unreachable socket" socket=/tmp/tmux-501/t115g47728 err="query tmux on /tmp/tmux-501/t115g47728: exit status 1: no server running on /tmp/tmux-501/t115g47728"
time=2026-08-21T22:15:54.585+08:00 level=DEBUG msg="discovery: skipping unreachable socket" socket=/tmp/tmux-501/ta-0bafa3965ade err="query tmux on /tmp/tmux-501/ta-0bafa3965ade: exit status 1: no server running on /tmp/tmux-501/ta-0bafa3965ade"
time=2026-08-21T22:15:54.634+08:00 level=DEBUG msg="discovery: skipping unreachable socket" socket=/tmp/tmux-501/ta-61709dcf801e err="query tmux on /tmp/tmux-501/ta-61709dcf801e: exit status 1: no server running on /tmp/tmux-501/ta-61709dcf801e"
time=2026-08-21T22:15:54.663+08:00 level=DEBUG msg="discovery: skipping unparsable pane line" socket=/tmp/tmux-501/ta-a9fd5b7defbd line="team-refactor-maintainability|6|%39|/Users/alauda/Documents/code/agent前沿探索/多agent协作|bash|87458|t.p9.review 零上下文设计审查已通过<|eos|> - grok|235x50|tester-t124"
time=2026-08-21T22:15:54.685+08:00 level=DEBUG msg="discovery: skipping unreachable socket" socket=/tmp/tmux-501/ta-ed81bd4d8c17 err="query tmux on /tmp/tmux-501/ta-ed81bd4d8c17: exit status 1: no server running on /tmp/tmux-501/ta-ed81bd4d8c17"
time=2026-08-21T22:15:54.696+08:00 level=DEBUG msg="discovery: skipping unreachable socket" socket=/tmp/tmux-501/ta-f1ad1b378fc7 err="query tmux on /tmp/tmux-501/ta-f1ad1b378fc7: exit status 1: no server running on /tmp/tmux-501/ta-f1ad1b378fc7"
time=2026-08-21T22:15:54.713+08:00 level=DEBUG msg="listing: no changes"
time=2026-08-21T22:15:54.725+08:00 level=DEBUG msg="discovery: skipping unreachable socket" socket=/tmp/tmux-501/ta-t121u01 err="query tmux on /tmp/tmux-501/ta-t121u01: exit status 1: no server running on /tmp/tmux-501/ta-t121u01"
time=2026-08-21T22:15:54.735+08:00 level=DEBUG msg="discovery: skipping unreachable socket" socket=/tmp/tmux-501/ta-t121u01b err="query tmux on /tmp/tmux-501/ta-t121u01b: exit status 1: no server running on /tmp/tmux-501/ta-t121u01b"
time=2026-08-21T22:15:54.744+08:00 level=DEBUG msg="discovery: skipping unreachable socket" socket=/tmp/tmux-501/ta-user-agents err="query tmux on /tmp/tmux-501/ta-user-agents: exit status 1: no server running on /tmp/tmux-501/ta-user-agents"
time=2026-08-21T22:15:54.790+08:00 level=WARN msg="level2: title unknown for provider" provider=grok codepoint=U+002B title="+ Agent 弹窗图标卡片重做 - grok" is_letter=false is_number=false leading_glyph=true status=unknown
time=2026-08-21T22:15:55.250+08:00 level=DEBUG msg="discovery: skipping unreachable socket" socket=/tmp/tmux-501/t115d24675 err="query tmux on /tmp/tmux-501/t115d24675: exit status 1: no server running on /tmp/tmux-501/t115d24675"
time=2026-08-21T22:15:55.262+08:00 level=DEBUG msg="discovery: skipping unreachable socket" socket=/tmp/tmux-501/t115e31319 err="query tmux on /tmp/tmux-501/t115e31319: exit status 1: no server running on /tmp/tmux-501/t115e31319"
time=2026-08-21T22:15:55.271+08:00 level=DEBUG msg="discovery: skipping unreachable socket" socket=/tmp/tmux-501/t115f44898 err="query tmux on /tmp/tmux-501/t115f44898: exit status 1: no server running on /tmp/tmux-501/t115f44898"
time=2026-08-21T22:15:55.283+08:00 level=DEBUG msg="discovery: skipping unreachable socket" socket=/tmp/tmux-501/t115g47728 err="query tmux on /tmp/tmux-501/t115g47728: exit status 1: no server running on /tmp/tmux-501/t115g47728"
time=2026-08-21T22:15:55.294+08:00 level=DEBUG msg="discovery: skipping unreachable socket" socket=/tmp/tmux-501/ta-0bafa3965ade err="query tmux on /tmp/tmux-501/ta-0bafa3965ade: exit status 1: no server running on /tmp/tmux-501/ta-0bafa3965ade"
time=2026-08-21T22:15:55.339+08:00 level=DEBUG msg="discovery: skipping unreachable socket" socket=/tmp/tmux-501/ta-61709dcf801e err="query tmux on /tmp/tmux-501/ta-61709dcf801e: exit status 1: no server running on /tmp/tmux-501/ta-61709dcf801e"
time=2026-08-21T22:15:55.361+08:00 level=DEBUG msg="discovery: skipping unparsable pane line" socket=/tmp/tmux-501/ta-a9fd5b7defbd line="team-refactor-maintainability|6|%39|/Users/alauda/Documents/code/agent前沿探索/多agent协作|bash|87458|t.p9.review 零上下文设计审查已通过<|eos|> - grok|235x50|tester-t124"
time=2026-08-21T22:15:55.389+08:00 level=DEBUG msg="discovery: skipping unreachable socket" socket=/tmp/tmux-501/ta-ed81bd4d8c17 err="query tmux on /tmp/tmux-501/ta-ed81bd4d8c17: exit status 1: no server running on /tmp/tmux-501/ta-ed81bd4d8c17"
time=2026-08-21T22:15:55.400+08:00 level=DEBUG msg="discovery: skipping unreachable socket" socket=/tmp/tmux-501/ta-f1ad1b378fc7 err="query tmux on /tmp/tmux-501/ta-f1ad1b378fc7: exit status 1: no server running on /tmp/tmux-501/ta-f1ad1b378fc7"
time=2026-08-21T22:15:55.422+08:00 level=DEBUG msg="discovery: skipping unreachable socket" socket=/tmp/tmux-501/ta-t121u01 err="query tmux on /tmp/tmux-501/ta-t121u01: exit status 1: no server running on /tmp/tmux-501/ta-t121u01"
time=2026-08-21T22:15:55.434+08:00 level=DEBUG msg="discovery: skipping unreachable socket" socket=/tmp/tmux-501/ta-t121u01b err="query tmux on /tmp/tmux-501/ta-t121u01b: exit status 1: no server running on /tmp/tmux-501/ta-t121u01b"
time=2026-08-21T22:15:55.444+08:00 level=DEBUG msg="discovery: skipping unreachable socket" socket=/tmp/tmux-501/ta-user-agents err="query tmux on /tmp/tmux-501/ta-user-agents: exit status 1: no server running on /tmp/tmux-501/ta-user-agents"
time=2026-08-21T22:15:56.822+08:00 level=DEBUG msg="discovery: skipping unreachable socket" socket=/tmp/tmux-501/t115d24675 err="query tmux on /tmp/tmux-501/t115d24675: exit status 1: no server running on /tmp/tmux-501/t115d24675"
time=2026-08-21T22:15:56.831+08:00 level=DEBUG msg="discovery: skipping unreachable socket" socket=/tmp/tmux-501/t115e31319 err="query tmux on /tmp/tmux-501/t115e31319: exit status 1: no server running on /tmp/tmux-501/t115e31319"
time=2026-08-21T22:15:56.841+08:00 level=DEBUG msg="discovery: skipping unreachable socket" socket=/tmp/tmux-501/t115f44898 err="query tmux on /tmp/tmux-501/t115f44898: exit status 1: no server running on /tmp/tmux-501/t115f44898"
time=2026-08-21T22:15:56.851+08:00 level=DEBUG msg="discovery: skipping unreachable socket" socket=/tmp/tmux-501/t115g47728 err="query tmux on /tmp/tmux-501/t115g47728: exit status 1: no server running on /tmp/tmux-501/t115g47728"
time=2026-08-21T22:15:56.860+08:00 level=DEBUG msg="discovery: skipping unreachable socket" socket=/tmp/tmux-501/ta-0bafa3965ade err="query tmux on /tmp/tmux-501/ta-0bafa3965ade: exit status 1: no server running on /tmp/tmux-501/ta-0bafa3965ade"
time=2026-08-21T22:15:56.899+08:00 level=DEBUG msg="discovery: skipping unreachable socket" socket=/tmp/tmux-501/ta-61709dcf801e err="query tmux on /tmp/tmux-501/ta-61709dcf801e: exit status 1: no server running on /tmp/tmux-501/ta-61709dcf801e"
time=2026-08-21T22:15:56.919+08:00 level=DEBUG msg="discovery: skipping unparsable pane line" socket=/tmp/tmux-501/ta-a9fd5b7defbd line="team-refactor-maintainability|6|%39|/Users/alauda/Documents/code/agent前沿探索/多agent协作|bash|87458|t.p9.review 零上下文设计审查已通过<|eos|> - grok|235x50|tester-t124"
time=2026-08-21T22:15:56.940+08:00 level=DEBUG msg="discovery: skipping unreachable socket" socket=/tmp/tmux-501/ta-ed81bd4d8c17 err="query tmux on /tmp/tmux-501/ta-ed81bd4d8c17: exit status 1: no server running on /tmp/tmux-501/ta-ed81bd4d8c17"
time=2026-08-21T22:15:56.950+08:00 level=DEBUG msg="discovery: skipping unreachable socket" socket=/tmp/tmux-501/ta-f1ad1b378fc7 err="query tmux on /tmp/tmux-501/ta-f1ad1b378fc7: exit status 1: no server running on /tmp/tmux-501/ta-f1ad1b378fc7"
time=2026-08-21T22:15:56.969+08:00 level=DEBUG msg="discovery: skipping unreachable socket" socket=/tmp/tmux-501/ta-t121u01 err="query tmux on /tmp/tmux-501/ta-t121u01: exit status 1: no server running on /tmp/tmux-501/ta-t121u01"
time=2026-08-21T22:15:56.980+08:00 level=DEBUG msg="discovery: skipping unreachable socket" socket=/tmp/tmux-501/ta-t121u01b err="query tmux on /tmp/tmux-501/ta-t121u01b: exit status 1: no server running on /tmp/tmux-501/ta-t121u01b"
time=2026-08-21T22:15:56.990+08:00 level=DEBUG msg="discovery: skipping unreachable socket" socket=/tmp/tmux-501/ta-user-agents err="query tmux on /tmp/tmux-501/ta-user-agents: exit status 1: no server running on /tmp/tmux-501/ta-user-agents"
time=2026-08-21T22:15:57.131+08:00 level=WARN msg="level2: title unknown for provider" provider=grok codepoint=U+002B title="+ Agent 弹窗图标卡片重做 - grok" is_letter=false is_number=false leading_glyph=true status=unknown
time=2026-08-21T22:15:59.241+08:00 level=DEBUG msg="discovery: skipping unreachable socket" socket=/tmp/tmux-501/t115d24675 err="query tmux on /tmp/tmux-501/t115d24675: exit status 1: no server running on /tmp/tmux-501/t115d24675"
time=2026-08-21T22:15:59.255+08:00 level=DEBUG msg="discovery: skipping unreachable socket" socket=/tmp/tmux-501/t115e31319 err="query tmux on /tmp/tmux-501/t115e31319: exit status 1: no server running on /tmp/tmux-501/t115e31319"
time=2026-08-21T22:15:59.268+08:00 level=DEBUG msg="discovery: skipping unreachable socket" socket=/tmp/tmux-501/t115f44898 err="query tmux on /tmp/tmux-501/t115f44898: exit status 1: no server running on /tmp/tmux-501/t115f44898"
time=2026-08-21T22:15:59.287+08:00 level=DEBUG msg="listing: no changes"
time=2026-08-21T22:15:59.288+08:00 level=DEBUG msg="discovery: skipping unreachable socket" socket=/tmp/tmux-501/t115g47728 err="query tmux on /tmp/tmux-501/t115g47728: exit status 1: no server running on /tmp/tmux-501/t115g47728"
time=2026-08-21T22:15:59.317+08:00 level=DEBUG msg="discovery: skipping unreachable socket" socket=/tmp/tmux-501/ta-0bafa3965ade err="query tmux on /tmp/tmux-501/ta-0bafa3965ade: exit status 1: no server running on /tmp/tmux-501/ta-0bafa3965ade"
time=2026-08-21T22:15:59.385+08:00 level=DEBUG msg="discovery: skipping unreachable socket" socket=/tmp/tmux-501/ta-61709dcf801e err="query tmux on /tmp/tmux-501/ta-61709dcf801e: exit status 1: no server running on /tmp/tmux-501/ta-61709dcf801e"
time=2026-08-21T22:15:59.414+08:00 level=DEBUG msg="discovery: skipping unparsable pane line" socket=/tmp/tmux-501/ta-a9fd5b7defbd line="team-refactor-maintainability|6|%39|/Users/alauda/Documents/code/agent前沿探索/多agent协作|bash|87458|t.p9.review 零上下文设计审查已通过<|eos|> - grok|235x50|tester-t124"
time=2026-08-21T22:15:59.444+08:00 level=DEBUG msg="discovery: skipping unreachable socket" socket=/tmp/tmux-501/ta-ed81bd4d8c17 err="query tmux on /tmp/tmux-501/ta-ed81bd4d8c17: exit status 1: no server running on /tmp/tmux-501/ta-ed81bd4d8c17"
time=2026-08-21T22:15:59.455+08:00 level=DEBUG msg="discovery: skipping unreachable socket" socket=/tmp/tmux-501/ta-f1ad1b378fc7 err="query tmux on /tmp/tmux-501/ta-f1ad1b378fc7: exit status 1: no server running on /tmp/tmux-501/ta-f1ad1b378fc7"
time=2026-08-21T22:15:59.477+08:00 level=DEBUG msg="discovery: skipping unreachable socket" socket=/tmp/tmux-501/ta-t121u01 err="query tmux on /tmp/tmux-501/ta-t121u01: exit status 1: no server running on /tmp/tmux-501/ta-t121u01"
time=2026-08-21T22:15:59.490+08:00 level=DEBUG msg="discovery: skipping unreachable socket" socket=/tmp/tmux-501/ta-t121u01b err="query tmux on /tmp/tmux-501/ta-t121u01b: exit status 1: no server running on /tmp/tmux-501/ta-t121u01b"
time=2026-08-21T22:15:59.501+08:00 level=DEBUG msg="discovery: skipping unreachable socket" socket=/tmp/tmux-501/ta-user-agents err="query tmux on /tmp/tmux-501/ta-user-agents: exit status 1: no server running on /tmp/tmux-501/ta-user-agents"
time=2026-08-21T22:15:59.557+08:00 level=WARN msg="level2: title unknown for provider" provider=grok codepoint=U+002B title="+ Agent 弹窗图标卡片重做 - grok" is_letter=false is_number=false leading_glyph=true status=unknown
time=2026-08-21T22:15:59.824+08:00 level=DEBUG msg="discovery: skipping unreachable socket" socket=/tmp/tmux-501/t115d24675 err="query tmux on /tmp/tmux-501/t115d24675: exit status 1: no server running on /tmp/tmux-501/t115d24675"
time=2026-08-21T22:15:59.833+08:00 level=DEBUG msg="discovery: skipping unreachable socket" socket=/tmp/tmux-501/t115e31319 err="query tmux on /tmp/tmux-501/t115e31319: exit status 1: no server running on /tmp/tmux-501/t115e31319"
time=2026-08-21T22:15:59.845+08:00 level=DEBUG msg="discovery: skipping unreachable socket" socket=/tmp/tmux-501/t115f44898 err="query tmux on /tmp/tmux-501/t115f44898: exit status 1: no server running on /tmp/tmux-501/t115f44898"
time=2026-08-21T22:15:59.855+08:00 level=DEBUG msg="discovery: skipping unreachable socket" socket=/tmp/tmux-501/t115g47728 err="query tmux on /tmp/tmux-501/t115g47728: exit status 1: no server running on /tmp/tmux-501/t115g47728"
time=2026-08-21T22:15:59.864+08:00 level=DEBUG msg="discovery: skipping unreachable socket" socket=/tmp/tmux-501/ta-0bafa3965ade err="query tmux on /tmp/tmux-501/ta-0bafa3965ade: exit status 1: no server running on /tmp/tmux-501/ta-0bafa3965ade"
time=2026-08-21T22:15:59.903+08:00 level=DEBUG msg="discovery: skipping unreachable socket" socket=/tmp/tmux-501/ta-61709dcf801e err="query tmux on /tmp/tmux-501/ta-61709dcf801e: exit status 1: no server running on /tmp/tmux-501/ta-61709dcf801e"
time=2026-08-21T22:15:59.933+08:00 level=DEBUG msg="discovery: skipping unparsable pane line" socket=/tmp/tmux-501/ta-a9fd5b7defbd line="team-refactor-maintainability|6|%39|/Users/alauda/Documents/code/agent前沿探索/多agent协作|bash|87458|t.p9.review 零上下文设计审查已通过<|eos|> - grok|235x50|tester-t124"
time=2026-08-21T22:15:59.953+08:00 level=DEBUG msg="discovery: skipping unreachable socket" socket=/tmp/tmux-501/ta-ed81bd4d8c17 err="query tmux on /tmp/tmux-501/ta-ed81bd4d8c17: exit status 1: no server running on /tmp/tmux-501/ta-ed81bd4d8c17"
time=2026-08-21T22:15:59.962+08:00 level=DEBUG msg="discovery: skipping unreachable socket" socket=/tmp/tmux-501/ta-f1ad1b378fc7 err="query tmux on /tmp/tmux-501/ta-f1ad1b378fc7: exit status 1: no server running on /tmp/tmux-501/ta-f1ad1b378fc7"
time=2026-08-21T22:15:59.984+08:00 level=DEBUG msg="discovery: skipping unreachable socket" socket=/tmp/tmux-501/ta-t121u01 err="query tmux on /tmp/tmux-501/ta-t121u01: exit status 1: no server running on /tmp/tmux-501/ta-t121u01"
time=2026-08-21T22:15:59.994+08:00 level=DEBUG msg="discovery: skipping unreachable socket" socket=/tmp/tmux-501/ta-t121u01b err="query tmux on /tmp/tmux-501/ta-t121u01b: exit status 1: no server running on /tmp/tmux-501/ta-t121u01b"
time=2026-08-21T22:16:00.004+08:00 level=DEBUG msg="discovery: skipping unreachable socket" socket=/tmp/tmux-501/ta-user-agents err="query tmux on /tmp/tmux-501/ta-user-agents: exit status 1: no server running on /tmp/tmux-501/ta-user-agents"
time=2026-08-21T22:16:01.609+08:00 level=DEBUG msg="discovery: skipping unreachable socket" socket=/tmp/tmux-501/t115d24675 err="query tmux on /tmp/tmux-501/t115d24675: exit status 1: no server running on /tmp/tmux-501/t115d24675"
time=2026-08-21T22:16:01.624+08:00 level=DEBUG msg="discovery: skipping unreachable socket" socket=/tmp/tmux-501/t115e31319 err="query tmux on /tmp/tmux-501/t115e31319: exit status 1: no server running on /tmp/tmux-501/t115e31319"
time=2026-08-21T22:16:01.662+08:00 level=DEBUG msg="discovery: skipping unreachable socket" socket=/tmp/tmux-501/t115f44898 err="query tmux on /tmp/tmux-501/t115f44898: exit status 1: no server running on /tmp/tmux-501/t115f44898"
time=2026-08-21T22:16:01.673+08:00 level=DEBUG msg="discovery: skipping unreachable socket" socket=/tmp/tmux-501/t115g47728 err="query tmux on /tmp/tmux-501/t115g47728: exit status 1: no server running on /tmp/tmux-501/t115g47728"
time=2026-08-21T22:16:01.684+08:00 level=DEBUG msg="discovery: skipping unreachable socket" socket=/tmp/tmux-501/ta-0bafa3965ade err="query tmux on /tmp/tmux-501/ta-0bafa3965ade: exit status 1: no server running on /tmp/tmux-501/ta-0bafa3965ade"
time=2026-08-21T22:16:01.742+08:00 level=DEBUG msg="discovery: skipping unreachable socket" socket=/tmp/tmux-501/ta-61709dcf801e err="query tmux on /tmp/tmux-501/ta-61709dcf801e: exit status 1: no server running on /tmp/tmux-501/ta-61709dcf801e"
time=2026-08-21T22:16:01.784+08:00 level=DEBUG msg="discovery: skipping unparsable pane line" socket=/tmp/tmux-501/ta-a9fd5b7defbd line="team-refactor-maintainability|6|%39|/Users/alauda/Documents/code/agent前沿探索/多agent协作|bash|87458|t.p9.review 零上下文设计审查已通过<|eos|> - grok|235x50|tester-t124"
time=2026-08-21T22:16:01.806+08:00 level=DEBUG msg="discovery: skipping unreachable socket" socket=/tmp/tmux-501/ta-ed81bd4d8c17 err="query tmux on /tmp/tmux-501/ta-ed81bd4d8c17: exit status 1: no server running on /tmp/tmux-501/ta-ed81bd4d8c17"
time=2026-08-21T22:16:01.816+08:00 level=DEBUG msg="discovery: skipping unreachable socket" socket=/tmp/tmux-501/ta-f1ad1b378fc7 err="query tmux on /tmp/tmux-501/ta-f1ad1b378fc7: exit status 1: no server running on /tmp/tmux-501/ta-f1ad1b378fc7"
time=2026-08-21T22:16:01.867+08:00 level=DEBUG msg="discovery: skipping unreachable socket" socket=/tmp/tmux-501/ta-t121u01 err="query tmux on /tmp/tmux-501/ta-t121u01: exit status 1: no server running on /tmp/tmux-501/ta-t121u01"
time=2026-08-21T22:16:01.877+08:00 level=DEBUG msg="discovery: skipping unreachable socket" socket=/tmp/tmux-501/ta-t121u01b err="query tmux on /tmp/tmux-501/ta-t121u01b: exit status 1: no server running on /tmp/tmux-501/ta-t121u01b"
time=2026-08-21T22:16:01.886+08:00 level=DEBUG msg="discovery: skipping unreachable socket" socket=/tmp/tmux-501/ta-user-agents err="query tmux on /tmp/tmux-501/ta-user-agents: exit status 1: no server running on /tmp/tmux-501/ta-user-agents"
time=2026-08-21T22:16:02.009+08:00 level=WARN msg="level2: title unknown for provider" provider=grok codepoint=U+002B title="+ Agent 弹窗图标卡片重做 - grok" is_letter=false is_number=false leading_glyph=true status=unknown
time=2026-08-21T22:16:04.067+08:00 level=DEBUG msg="discovery: skipping unreachable socket" socket=/tmp/tmux-501/t115d24675 err="query tmux on /tmp/tmux-501/t115d24675: exit status 1: no server running on /tmp/tmux-501/t115d24675"
time=2026-08-21T22:16:04.079+08:00 level=DEBUG msg="discovery: skipping unreachable socket" socket=/tmp/tmux-501/t115e31319 err="query tmux on /tmp/tmux-501/t115e31319: exit status 1: no server running on /tmp/tmux-501/t115e31319"
time=2026-08-21T22:16:04.097+08:00 level=DEBUG msg="discovery: skipping unreachable socket" socket=/tmp/tmux-501/t115f44898 err="query tmux on /tmp/tmux-501/t115f44898: exit status 1: no server running on /tmp/tmux-501/t115f44898"
time=2026-08-21T22:16:04.110+08:00 level=DEBUG msg="discovery: skipping unreachable socket" socket=/tmp/tmux-501/t115g47728 err="query tmux on /tmp/tmux-501/t115g47728: exit status 1: no server running on /tmp/tmux-501/t115g47728"
time=2026-08-21T22:16:04.120+08:00 level=DEBUG msg="discovery: skipping unreachable socket" socket=/tmp/tmux-501/ta-0bafa3965ade err="query tmux on /tmp/tmux-501/ta-0bafa3965ade: exit status 1: no server running on /tmp/tmux-501/ta-0bafa3965ade"
time=2026-08-21T22:16:04.155+08:00 level=DEBUG msg="listing: no changes"
time=2026-08-21T22:16:04.173+08:00 level=DEBUG msg="discovery: skipping unreachable socket" socket=/tmp/tmux-501/ta-61709dcf801e err="query tmux on /tmp/tmux-501/ta-61709dcf801e: exit status 1: no server running on /tmp/tmux-501/ta-61709dcf801e"
time=2026-08-21T22:16:04.199+08:00 level=DEBUG msg="discovery: skipping unparsable pane line" socket=/tmp/tmux-501/ta-a9fd5b7defbd line="team-refactor-maintainability|6|%39|/Users/alauda/Documents/code/agent前沿探索/多agent协作|bash|87458|t.p9.review 零上下文设计审查已通过<|eos|> - grok|235x50|tester-t124"
time=2026-08-21T22:16:04.227+08:00 level=DEBUG msg="discovery: skipping unreachable socket" socket=/tmp/tmux-501/ta-ed81bd4d8c17 err="query tmux on /tmp/tmux-501/ta-ed81bd4d8c17: exit status 1: no server running on /tmp/tmux-501/ta-ed81bd4d8c17"
time=2026-08-21T22:16:04.237+08:00 level=DEBUG msg="discovery: skipping unreachable socket" socket=/tmp/tmux-501/ta-f1ad1b378fc7 err="query tmux on /tmp/tmux-501/ta-f1ad1b378fc7: exit status 1: no server running on /tmp/tmux-501/ta-f1ad1b378fc7"
time=2026-08-21T22:16:04.257+08:00 level=DEBUG msg="discovery: skipping unreachable socket" socket=/tmp/tmux-501/ta-t121u01 err="query tmux on /tmp/tmux-501/ta-t121u01: exit status 1: no server running on /tmp/tmux-501/ta-t121u01"
time=2026-08-21T22:16:04.273+08:00 level=DEBUG msg="discovery: skipping unreachable socket" socket=/tmp/tmux-501/ta-t121u01b err="query tmux on /tmp/tmux-501/ta-t121u01b: exit status 1: no server running on /tmp/tmux-501/ta-t121u01b"
time=2026-08-21T22:16:04.283+08:00 level=DEBUG msg="discovery: skipping unreachable socket" socket=/tmp/tmux-501/ta-user-agents err="query tmux on /tmp/tmux-501/ta-user-agents: exit status 1: no server running on /tmp/tmux-501/ta-user-agents"
time=2026-08-21T22:16:04.338+08:00 level=WARN msg="level2: title unknown for provider" provider=grok codepoint=U+002B title="+ Agent 弹窗图标卡片重做 - grok" is_letter=false is_number=false leading_glyph=true status=unknown
time=2026-08-21T22:16:04.698+08:00 level=DEBUG msg="discovery: skipping unreachable socket" socket=/tmp/tmux-501/t115d24675 err="query tmux on /tmp/tmux-501/t115d24675: exit status 1: no server running on /tmp/tmux-501/t115d24675"
time=2026-08-21T22:16:04.718+08:00 level=DEBUG msg="discovery: skipping unreachable socket" socket=/tmp/tmux-501/t115e31319 err="query tmux on /tmp/tmux-501/t115e31319: exit status 1: no server running on /tmp/tmux-501/t115e31319"
time=2026-08-21T22:16:04.733+08:00 level=DEBUG msg="discovery: skipping unreachable socket" socket=/tmp/tmux-501/t115f44898 err="query tmux on /tmp/tmux-501/t115f44898: exit status 1: no server running on /tmp/tmux-501/t115f44898"
time=2026-08-21T22:16:04.745+08:00 level=DEBUG msg="discovery: skipping unreachable socket" socket=/tmp/tmux-501/t115g47728 err="query tmux on /tmp/tmux-501/t115g47728: exit status 1: no server running on /tmp/tmux-501/t115g47728"
time=2026-08-21T22:16:04.756+08:00 level=DEBUG msg="discovery: skipping unreachable socket" socket=/tmp/tmux-501/ta-0bafa3965ade err="query tmux on /tmp/tmux-501/ta-0bafa3965ade: exit status 1: no server running on /tmp/tmux-501/ta-0bafa3965ade"
time=2026-08-21T22:16:04.814+08:00 level=DEBUG msg="discovery: skipping unreachable socket" socket=/tmp/tmux-501/ta-61709dcf801e err="query tmux on /tmp/tmux-501/ta-61709dcf801e: exit status 1: no server running on /tmp/tmux-501/ta-61709dcf801e"
time=2026-08-21T22:16:04.844+08:00 level=DEBUG msg="discovery: skipping unparsable pane line" socket=/tmp/tmux-501/ta-a9fd5b7defbd line="team-refactor-maintainability|6|%39|/Users/alauda/Documents/code/agent前沿探索/多agent协作|bash|87458|t.p9.review 零上下文设计审查已通过<|eos|> - grok|235x50|tester-t124"
time=2026-08-21T22:16:04.863+08:00 level=DEBUG msg="discovery: skipping unreachable socket" socket=/tmp/tmux-501/ta-ed81bd4d8c17 err="query tmux on /tmp/tmux-501/ta-ed81bd4d8c17: exit status 1: no server running on /tmp/tmux-501/ta-ed81bd4d8c17"
time=2026-08-21T22:16:04.874+08:00 level=DEBUG msg="discovery: skipping unreachable socket" socket=/tmp/tmux-501/ta-f1ad1b378fc7 err="query tmux on /tmp/tmux-501/ta-f1ad1b378fc7: exit status 1: no server running on /tmp/tmux-501/ta-f1ad1b378fc7"
time=2026-08-21T22:16:04.897+08:00 level=DEBUG msg="discovery: skipping unreachable socket" socket=/tmp/tmux-501/ta-t121u01 err="query tmux on /tmp/tmux-501/ta-t121u01: exit status 1: no server running on /tmp/tmux-501/ta-t121u01"
time=2026-08-21T22:16:04.907+08:00 level=DEBUG msg="discovery: skipping unreachable socket" socket=/tmp/tmux-501/ta-t121u01b err="query tmux on /tmp/tmux-501/ta-t121u01b: exit status 1: no server running on /tmp/tmux-501/ta-t121u01b"
time=2026-08-21T22:16:04.919+08:00 level=DEBUG msg="discovery: skipping unreachable socket" socket=/tmp/tmux-501/ta-user-agents err="query tmux on /tmp/tmux-501/ta-user-agents: exit status 1: no server running on /tmp/tmux-501/ta-user-agents"
time=2026-08-21T22:16:06.392+08:00 level=DEBUG msg="discovery: skipping unreachable socket" socket=/tmp/tmux-501/t115d24675 err="query tmux on /tmp/tmux-501/t115d24675: exit status 1: no server running on /tmp/tmux-501/t115d24675"
time=2026-08-21T22:16:06.406+08:00 level=DEBUG msg="discovery: skipping unreachable socket" socket=/tmp/tmux-501/t115e31319 err="query tmux on /tmp/tmux-501/t115e31319: exit status 1: no server running on /tmp/tmux-501/t115e31319"
time=2026-08-21T22:16:06.421+08:00 level=DEBUG msg="discovery: skipping unreachable socket" socket=/tmp/tmux-501/t115f44898 err="query tmux on /tmp/tmux-501/t115f44898: exit status 1: no server running on /tmp/tmux-501/t115f44898"
time=2026-08-21T22:16:06.440+08:00 level=DEBUG msg="discovery: skipping unreachable socket" socket=/tmp/tmux-501/t115g47728 err="query tmux on /tmp/tmux-501/t115g47728: exit status 1: no server running on /tmp/tmux-501/t115g47728"
time=2026-08-21T22:16:06.451+08:00 level=DEBUG msg="discovery: skipping unreachable socket" socket=/tmp/tmux-501/ta-0bafa3965ade err="query tmux on /tmp/tmux-501/ta-0bafa3965ade: exit status 1: no server running on /tmp/tmux-501/ta-0bafa3965ade"
time=2026-08-21T22:16:06.506+08:00 level=DEBUG msg="discovery: skipping unreachable socket" socket=/tmp/tmux-501/ta-61709dcf801e err="query tmux on /tmp/tmux-501/ta-61709dcf801e: exit status 1: no server running on /tmp/tmux-501/ta-61709dcf801e"
time=2026-08-21T22:16:06.531+08:00 level=DEBUG msg="discovery: skipping unparsable pane line" socket=/tmp/tmux-501/ta-a9fd5b7defbd line="team-refactor-maintainability|6|%39|/Users/alauda/Documents/code/agent前沿探索/多agent协作|bash|87458|t.p9.review 零上下文设计审查已通过<|eos|> - grok|235x50|tester-t124"
time=2026-08-21T22:16:06.560+08:00 level=DEBUG msg="discovery: skipping unreachable socket" socket=/tmp/tmux-501/ta-ed81bd4d8c17 err="query tmux on /tmp/tmux-501/ta-ed81bd4d8c17: exit status 1: no server running on /tmp/tmux-501/ta-ed81bd4d8c17"
time=2026-08-21T22:16:06.571+08:00 level=DEBUG msg="discovery: skipping unreachable socket" socket=/tmp/tmux-501/ta-f1ad1b378fc7 err="query tmux on /tmp/tmux-501/ta-f1ad1b378fc7: exit status 1: no server running on /tmp/tmux-501/ta-f1ad1b378fc7"
time=2026-08-21T22:16:06.592+08:00 level=DEBUG msg="discovery: skipping unreachable socket" socket=/tmp/tmux-501/ta-t121u01 err="query tmux on /tmp/tmux-501/ta-t121u01: exit status 1: no server running on /tmp/tmux-501/ta-t121u01"
time=2026-08-21T22:16:06.601+08:00 level=DEBUG msg="discovery: skipping unreachable socket" socket=/tmp/tmux-501/ta-t121u01b err="query tmux on /tmp/tmux-501/ta-t121u01b: exit status 1: no server running on /tmp/tmux-501/ta-t121u01b"
time=2026-08-21T22:16:06.611+08:00 level=DEBUG msg="discovery: skipping unreachable socket" socket=/tmp/tmux-501/ta-user-agents err="query tmux on /tmp/tmux-501/ta-user-agents: exit status 1: no server running on /tmp/tmux-501/ta-user-agents"
time=2026-08-21T22:16:06.751+08:00 level=WARN msg="level2: title unknown for provider" provider=grok codepoint=U+002B title="+ Agent 弹窗图标卡片重做 - grok" is_letter=false is_number=false leading_glyph=true status=unknown
time=2026-08-21T22:16:08.423+08:00 level=DEBUG msg="listing: no changes"
time=2026-08-21T22:16:08.794+08:00 level=DEBUG msg="discovery: skipping unreachable socket" socket=/tmp/tmux-501/t115d24675 err="query tmux on /tmp/tmux-501/t115d24675: exit status 1: no server running on /tmp/tmux-501/t115d24675"
time=2026-08-21T22:16:08.802+08:00 level=DEBUG msg="discovery: skipping unreachable socket" socket=/tmp/tmux-501/t115e31319 err="query tmux on /tmp/tmux-501/t115e31319: exit status 1: no server running on /tmp/tmux-501/t115e31319"
time=2026-08-21T22:16:08.813+08:00 level=DEBUG msg="discovery: skipping unreachable socket" socket=/tmp/tmux-501/t115f44898 err="query tmux on /tmp/tmux-501/t115f44898: exit status 1: no server running on /tmp/tmux-501/t115f44898"
time=2026-08-21T22:16:08.994+08:00 level=DEBUG msg="discovery: skipping unreachable socket" socket=/tmp/tmux-501/t115g47728 err="query tmux on /tmp/tmux-501/t115g47728: exit status 1: no server running on /tmp/tmux-501/t115g47728"
time=2026-08-21T22:16:09.005+08:00 level=DEBUG msg="discovery: skipping unreachable socket" socket=/tmp/tmux-501/ta-0bafa3965ade err="query tmux on /tmp/tmux-501/ta-0bafa3965ade: exit status 1: no server running on /tmp/tmux-501/ta-0bafa3965ade"
time=2026-08-21T22:16:09.020+08:00 level=DEBUG msg="discovery: skipping unreachable socket" socket=/tmp/tmux-501/t115d24675 err="query tmux on /tmp/tmux-501/t115d24675: exit status 1: no server running on /tmp/tmux-501/t115d24675"
time=2026-08-21T22:16:09.036+08:00 level=DEBUG msg="discovery: skipping unreachable socket" socket=/tmp/tmux-501/t115e31319 err="query tmux on /tmp/tmux-501/t115e31319: exit status 1: no server running on /tmp/tmux-501/t115e31319"
time=2026-08-21T22:16:09.047+08:00 level=DEBUG msg="discovery: skipping unreachable socket" socket=/tmp/tmux-501/t115f44898 err="query tmux on /tmp/tmux-501/t115f44898: exit status 1: no server running on /tmp/tmux-501/t115f44898"
time=2026-08-21T22:16:09.050+08:00 level=DEBUG msg="discovery: skipping unreachable socket" socket=/tmp/tmux-501/ta-61709dcf801e err="query tmux on /tmp/tmux-501/ta-61709dcf801e: exit status 1: no server running on /tmp/tmux-501/ta-61709dcf801e"
time=2026-08-21T22:16:09.057+08:00 level=DEBUG msg="discovery: skipping unreachable socket" socket=/tmp/tmux-501/t115g47728 err="query tmux on /tmp/tmux-501/t115g47728: exit status 1: no server running on /tmp/tmux-501/t115g47728"
time=2026-08-21T22:16:09.069+08:00 level=DEBUG msg="discovery: skipping unreachable socket" socket=/tmp/tmux-501/ta-0bafa3965ade err="query tmux on /tmp/tmux-501/ta-0bafa3965ade: exit status 1: no server running on /tmp/tmux-501/ta-0bafa3965ade"
time=2026-08-21T22:16:09.076+08:00 level=DEBUG msg="discovery: skipping unparsable pane line" socket=/tmp/tmux-501/ta-a9fd5b7defbd line="team-refactor-maintainability|6|%39|/Users/alauda/Documents/code/agent前沿探索/多agent协作|bash|87458|t.p9.review 零上下文设计审查已通过<|eos|> - grok|235x50|tester-t124"
time=2026-08-21T22:16:09.106+08:00 level=DEBUG msg="discovery: skipping unreachable socket" socket=/tmp/tmux-501/ta-ed81bd4d8c17 err="query tmux on /tmp/tmux-501/ta-ed81bd4d8c17: exit status 1: no server running on /tmp/tmux-501/ta-ed81bd4d8c17"
time=2026-08-21T22:16:09.116+08:00 level=DEBUG msg="discovery: skipping unreachable socket" socket=/tmp/tmux-501/ta-f1ad1b378fc7 err="query tmux on /tmp/tmux-501/ta-f1ad1b378fc7: exit status 1: no server running on /tmp/tmux-501/ta-f1ad1b378fc7"
time=2026-08-21T22:16:09.119+08:00 level=DEBUG msg="discovery: skipping unreachable socket" socket=/tmp/tmux-501/ta-61709dcf801e err="query tmux on /tmp/tmux-501/ta-61709dcf801e: exit status 1: no server running on /tmp/tmux-501/ta-61709dcf801e"
time=2026-08-21T22:16:09.139+08:00 level=DEBUG msg="discovery: skipping unreachable socket" socket=/tmp/tmux-501/ta-t121u01 err="query tmux on /tmp/tmux-501/ta-t121u01: exit status 1: no server running on /tmp/tmux-501/ta-t121u01"
time=2026-08-21T22:16:09.146+08:00 level=DEBUG msg="discovery: skipping unparsable pane line" socket=/tmp/tmux-501/ta-a9fd5b7defbd line="team-refactor-maintainability|6|%39|/Users/alauda/Documents/code/agent前沿探索/多agent协作|bash|87458|t.p9.review 零上下文设计审查已通过<|eos|> - grok|235x50|tester-t124"
time=2026-08-21T22:16:09.150+08:00 level=DEBUG msg="discovery: skipping unreachable socket" socket=/tmp/tmux-501/ta-t121u01b err="query tmux on /tmp/tmux-501/ta-t121u01b: exit status 1: no server running on /tmp/tmux-501/ta-t121u01b"
time=2026-08-21T22:16:09.160+08:00 level=DEBUG msg="discovery: skipping unreachable socket" socket=/tmp/tmux-501/ta-user-agents err="query tmux on /tmp/tmux-501/ta-user-agents: exit status 1: no server running on /tmp/tmux-501/ta-user-agents"
time=2026-08-21T22:16:09.167+08:00 level=DEBUG msg="discovery: skipping unreachable socket" socket=/tmp/tmux-501/ta-ed81bd4d8c17 err="query tmux on /tmp/tmux-501/ta-ed81bd4d8c17: exit status 1: no server running on /tmp/tmux-501/ta-ed81bd4d8c17"
time=2026-08-21T22:16:09.177+08:00 level=DEBUG msg="discovery: skipping unreachable socket" socket=/tmp/tmux-501/ta-f1ad1b378fc7 err="query tmux on /tmp/tmux-501/ta-f1ad1b378fc7: exit status 1: no server running on /tmp/tmux-501/ta-f1ad1b378fc7"
time=2026-08-21T22:16:09.203+08:00 level=DEBUG msg="discovery: skipping unreachable socket" socket=/tmp/tmux-501/ta-t121u01 err="query tmux on /tmp/tmux-501/ta-t121u01: exit status 1: no server running on /tmp/tmux-501/ta-t121u01"
time=2026-08-21T22:16:09.211+08:00 level=WARN msg="level2: title unknown for provider" provider=grok codepoint=U+002B title="+ Agent 弹窗图标卡片重做 - grok" is_letter=false is_number=false leading_glyph=true status=unknown
time=2026-08-21T22:16:09.215+08:00 level=DEBUG msg="discovery: skipping unreachable socket" socket=/tmp/tmux-501/ta-t121u01b err="query tmux on /tmp/tmux-501/ta-t121u01b: exit status 1: no server running on /tmp/tmux-501/ta-t121u01b"
time=2026-08-21T22:16:09.225+08:00 level=DEBUG msg="discovery: skipping unreachable socket" socket=/tmp/tmux-501/ta-user-agents err="query tmux on /tmp/tmux-501/ta-user-agents: exit status 1: no server running on /tmp/tmux-501/ta-user-agents"
time=2026-08-21T22:16:11.245+08:00 level=DEBUG msg="discovery: skipping unreachable socket" socket=/tmp/tmux-501/t115d24675 err="query tmux on /tmp/tmux-501/t115d24675: exit status 1: no server running on /tmp/tmux-501/t115d24675"
time=2026-08-21T22:16:11.257+08:00 level=DEBUG msg="discovery: skipping unreachable socket" socket=/tmp/tmux-501/t115e31319 err="query tmux on /tmp/tmux-501/t115e31319: exit status 1: no server running on /tmp/tmux-501/t115e31319"
time=2026-08-21T22:16:11.267+08:00 level=DEBUG msg="discovery: skipping unreachable socket" socket=/tmp/tmux-501/t115f44898 err="query tmux on /tmp/tmux-501/t115f44898: exit status 1: no server running on /tmp/tmux-501/t115f44898"
time=2026-08-21T22:16:11.276+08:00 level=DEBUG msg="discovery: skipping unreachable socket" socket=/tmp/tmux-501/t115g47728 err="query tmux on /tmp/tmux-501/t115g47728: exit status 1: no server running on /tmp/tmux-501/t115g47728"
time=2026-08-21T22:16:11.285+08:00 level=DEBUG msg="discovery: skipping unreachable socket" socket=/tmp/tmux-501/ta-0bafa3965ade err="query tmux on /tmp/tmux-501/ta-0bafa3965ade: exit status 1: no server running on /tmp/tmux-501/ta-0bafa3965ade"
time=2026-08-21T22:16:11.332+08:00 level=DEBUG msg="discovery: skipping unreachable socket" socket=/tmp/tmux-501/ta-61709dcf801e err="query tmux on /tmp/tmux-501/ta-61709dcf801e: exit status 1: no server running on /tmp/tmux-501/ta-61709dcf801e"
time=2026-08-21T22:16:11.357+08:00 level=DEBUG msg="discovery: skipping unparsable pane line" socket=/tmp/tmux-501/ta-a9fd5b7defbd line="team-refactor-maintainability|6|%39|/Users/alauda/Documents/code/agent前沿探索/多agent协作|bash|87458|t.p9.review 零上下文设计审查已通过<|eos|> - grok|235x50|tester-t124"
time=2026-08-21T22:16:11.377+08:00 level=DEBUG msg="discovery: skipping unreachable socket" socket=/tmp/tmux-501/ta-ed81bd4d8c17 err="query tmux on /tmp/tmux-501/ta-ed81bd4d8c17: exit status 1: no server running on /tmp/tmux-501/ta-ed81bd4d8c17"
time=2026-08-21T22:16:11.386+08:00 level=DEBUG msg="discovery: skipping unreachable socket" socket=/tmp/tmux-501/ta-f1ad1b378fc7 err="query tmux on /tmp/tmux-501/ta-f1ad1b378fc7: exit status 1: no server running on /tmp/tmux-501/ta-f1ad1b378fc7"
time=2026-08-21T22:16:11.411+08:00 level=DEBUG msg="discovery: skipping unreachable socket" socket=/tmp/tmux-501/ta-t121u01 err="query tmux on /tmp/tmux-501/ta-t121u01: exit status 1: no server running on /tmp/tmux-501/ta-t121u01"
time=2026-08-21T22:16:11.421+08:00 level=DEBUG msg="discovery: skipping unreachable socket" socket=/tmp/tmux-501/ta-t121u01b err="query tmux on /tmp/tmux-501/ta-t121u01b: exit status 1: no server running on /tmp/tmux-501/ta-t121u01b"
time=2026-08-21T22:16:11.431+08:00 level=DEBUG msg="discovery: skipping unreachable socket" socket=/tmp/tmux-501/ta-user-agents err="query tmux on /tmp/tmux-501/ta-user-agents: exit status 1: no server running on /tmp/tmux-501/ta-user-agents"
time=2026-08-21T22:16:11.540+08:00 level=WARN msg="level2: title unknown for provider" provider=grok codepoint=U+002B title="+ Agent 弹窗图标卡片重做 - grok" is_letter=false is_number=false leading_glyph=true status=unknown
time=2026-08-21T22:16:12.771+08:00 level=DEBUG msg="listing: no changes"
time=2026-08-21T22:16:13.314+08:00 level=DEBUG msg="discovery: skipping unreachable socket" socket=/tmp/tmux-501/t115d24675 err="query tmux on /tmp/tmux-501/t115d24675: exit status 1: no server running on /tmp/tmux-501/t115d24675"
time=2026-08-21T22:16:13.324+08:00 level=DEBUG msg="discovery: skipping unreachable socket" socket=/tmp/tmux-501/t115e31319 err="query tmux on /tmp/tmux-501/t115e31319: exit status 1: no server running on /tmp/tmux-501/t115e31319"
time=2026-08-21T22:16:13.339+08:00 level=DEBUG msg="discovery: skipping unreachable socket" socket=/tmp/tmux-501/t115f44898 err="query tmux on /tmp/tmux-501/t115f44898: exit status 1: no server running on /tmp/tmux-501/t115f44898"
time=2026-08-21T22:16:13.348+08:00 level=DEBUG msg="discovery: skipping unreachable socket" socket=/tmp/tmux-501/t115g47728 err="query tmux on /tmp/tmux-501/t115g47728: exit status 1: no server running on /tmp/tmux-501/t115g47728"
time=2026-08-21T22:16:13.357+08:00 level=DEBUG msg="discovery: skipping unreachable socket" socket=/tmp/tmux-501/ta-0bafa3965ade err="query tmux on /tmp/tmux-501/ta-0bafa3965ade: exit status 1: no server running on /tmp/tmux-501/ta-0bafa3965ade"
time=2026-08-21T22:16:13.398+08:00 level=DEBUG msg="discovery: skipping unreachable socket" socket=/tmp/tmux-501/ta-61709dcf801e err="query tmux on /tmp/tmux-501/ta-61709dcf801e: exit status 1: no server running on /tmp/tmux-501/ta-61709dcf801e"
time=2026-08-21T22:16:13.418+08:00 level=DEBUG msg="discovery: skipping unparsable pane line" socket=/tmp/tmux-501/ta-a9fd5b7defbd line="team-refactor-maintainability|6|%39|/Users/alauda/Documents/code/agent前沿探索/多agent协作|bash|87458|t.p9.review 零上下文设计审查已通过<|eos|> - grok|235x50|tester-t124"
time=2026-08-21T22:16:13.442+08:00 level=DEBUG msg="discovery: skipping unreachable socket" socket=/tmp/tmux-501/ta-ed81bd4d8c17 err="query tmux on /tmp/tmux-501/ta-ed81bd4d8c17: exit status 1: no server running on /tmp/tmux-501/ta-ed81bd4d8c17"
time=2026-08-21T22:16:13.451+08:00 level=DEBUG msg="discovery: skipping unreachable socket" socket=/tmp/tmux-501/ta-f1ad1b378fc7 err="query tmux on /tmp/tmux-501/ta-f1ad1b378fc7: exit status 1: no server running on /tmp/tmux-501/ta-f1ad1b378fc7"
time=2026-08-21T22:16:13.469+08:00 level=DEBUG msg="discovery: skipping unreachable socket" socket=/tmp/tmux-501/ta-t121u01 err="query tmux on /tmp/tmux-501/ta-t121u01: exit status 1: no server running on /tmp/tmux-501/ta-t121u01"
time=2026-08-21T22:16:13.486+08:00 level=DEBUG msg="discovery: skipping unreachable socket" socket=/tmp/tmux-501/ta-t121u01b err="query tmux on /tmp/tmux-501/ta-t121u01b: exit status 1: no server running on /tmp/tmux-501/ta-t121u01b"
time=2026-08-21T22:16:13.495+08:00 level=DEBUG msg="discovery: skipping unreachable socket" socket=/tmp/tmux-501/ta-user-agents err="query tmux on /tmp/tmux-501/ta-user-agents: exit status 1: no server running on /tmp/tmux-501/ta-user-agents"
time=2026-08-21T22:16:13.572+08:00 level=DEBUG msg="discovery: skipping unreachable socket" socket=/tmp/tmux-501/t115d24675 err="query tmux on /tmp/tmux-501/t115d24675: exit status 1: no server running on /tmp/tmux-501/t115d24675"
time=2026-08-21T22:16:13.591+08:00 level=DEBUG msg="discovery: skipping unreachable socket" socket=/tmp/tmux-501/t115e31319 err="query tmux on /tmp/tmux-501/t115e31319: exit status 1: no server running on /tmp/tmux-501/t115e31319"
time=2026-08-21T22:16:13.601+08:00 level=DEBUG msg="discovery: skipping unreachable socket" socket=/tmp/tmux-501/t115f44898 err="query tmux on /tmp/tmux-501/t115f44898: exit status 1: no server running on /tmp/tmux-501/t115f44898"
time=2026-08-21T22:16:13.612+08:00 level=DEBUG msg="discovery: skipping unreachable socket" socket=/tmp/tmux-501/t115g47728 err="query tmux on /tmp/tmux-501/t115g47728: exit status 1: no server running on /tmp/tmux-501/t115g47728"
time=2026-08-21T22:16:13.621+08:00 level=DEBUG msg="discovery: skipping unreachable socket" socket=/tmp/tmux-501/ta-0bafa3965ade err="query tmux on /tmp/tmux-501/ta-0bafa3965ade: exit status 1: no server running on /tmp/tmux-501/ta-0bafa3965ade"
time=2026-08-21T22:16:13.667+08:00 level=DEBUG msg="discovery: skipping unreachable socket" socket=/tmp/tmux-501/ta-61709dcf801e err="query tmux on /tmp/tmux-501/ta-61709dcf801e: exit status 1: no server running on /tmp/tmux-501/ta-61709dcf801e"
time=2026-08-21T22:16:13.696+08:00 level=DEBUG msg="discovery: skipping unparsable pane line" socket=/tmp/tmux-501/ta-a9fd5b7defbd line="team-refactor-maintainability|6|%39|/Users/alauda/Documents/code/agent前沿探索/多agent协作|bash|87458|t.p9.review 零上下文设计审查已通过<|eos|> - grok|235x50|tester-t124"
time=2026-08-21T22:16:13.716+08:00 level=DEBUG msg="discovery: skipping unreachable socket" socket=/tmp/tmux-501/ta-ed81bd4d8c17 err="query tmux on /tmp/tmux-501/ta-ed81bd4d8c17: exit status 1: no server running on /tmp/tmux-501/ta-ed81bd4d8c17"
time=2026-08-21T22:16:13.726+08:00 level=DEBUG msg="discovery: skipping unreachable socket" socket=/tmp/tmux-501/ta-f1ad1b378fc7 err="query tmux on /tmp/tmux-501/ta-f1ad1b378fc7: exit status 1: no server running on /tmp/tmux-501/ta-f1ad1b378fc7"
time=2026-08-21T22:16:13.749+08:00 level=DEBUG msg="discovery: skipping unreachable socket" socket=/tmp/tmux-501/ta-t121u01 err="query tmux on /tmp/tmux-501/ta-t121u01: exit status 1: no server running on /tmp/tmux-501/ta-t121u01"
time=2026-08-21T22:16:13.759+08:00 level=DEBUG msg="discovery: skipping unreachable socket" socket=/tmp/tmux-501/ta-t121u01b err="query tmux on /tmp/tmux-501/ta-t121u01b: exit status 1: no server running on /tmp/tmux-501/ta-t121u01b"
time=2026-08-21T22:16:13.767+08:00 level=DEBUG msg="discovery: skipping unreachable socket" socket=/tmp/tmux-501/ta-user-agents err="query tmux on /tmp/tmux-501/ta-user-agents: exit status 1: no server running on /tmp/tmux-501/ta-user-agents"
time=2026-08-21T22:16:13.881+08:00 level=WARN msg="level2: title unknown for provider" provider=grok codepoint=U+002B title="+ Agent 弹窗图标卡片重做 - grok" is_letter=false is_number=false leading_glyph=true status=unknown
time=2026-08-21T22:16:15.912+08:00 level=DEBUG msg="discovery: skipping unreachable socket" socket=/tmp/tmux-501/t115d24675 err="query tmux on /tmp/tmux-501/t115d24675: exit status 1: no server running on /tmp/tmux-501/t115d24675"
time=2026-08-21T22:16:15.925+08:00 level=DEBUG msg="discovery: skipping unreachable socket" socket=/tmp/tmux-501/t115e31319 err="query tmux on /tmp/tmux-501/t115e31319: exit status 1: no server running on /tmp/tmux-501/t115e31319"
time=2026-08-21T22:16:15.937+08:00 level=DEBUG msg="discovery: skipping unreachable socket" socket=/tmp/tmux-501/t115f44898 err="query tmux on /tmp/tmux-501/t115f44898: exit status 1: no server running on /tmp/tmux-501/t115f44898"
time=2026-08-21T22:16:15.948+08:00 level=DEBUG msg="discovery: skipping unreachable socket" socket=/tmp/tmux-501/t115g47728 err="query tmux on /tmp/tmux-501/t115g47728: exit status 1: no server running on /tmp/tmux-501/t115g47728"
time=2026-08-21T22:16:15.957+08:00 level=DEBUG msg="discovery: skipping unreachable socket" socket=/tmp/tmux-501/ta-0bafa3965ade err="query tmux on /tmp/tmux-501/ta-0bafa3965ade: exit status 1: no server running on /tmp/tmux-501/ta-0bafa3965ade"
time=2026-08-21T22:16:16.001+08:00 level=DEBUG msg="discovery: skipping unreachable socket" socket=/tmp/tmux-501/ta-61709dcf801e err="query tmux on /tmp/tmux-501/ta-61709dcf801e: exit status 1: no server running on /tmp/tmux-501/ta-61709dcf801e"
time=2026-08-21T22:16:16.025+08:00 level=DEBUG msg="discovery: skipping unparsable pane line" socket=/tmp/tmux-501/ta-a9fd5b7defbd line="team-refactor-maintainability|6|%39|/Users/alauda/Documents/code/agent前沿探索/多agent协作|bash|87458|t.p9.review 零上下文设计审查已通过<|eos|> - grok|235x50|tester-t124"
time=2026-08-21T22:16:16.050+08:00 level=DEBUG msg="discovery: skipping unreachable socket" socket=/tmp/tmux-501/ta-ed81bd4d8c17 err="query tmux on /tmp/tmux-501/ta-ed81bd4d8c17: exit status 1: no server running on /tmp/tmux-501/ta-ed81bd4d8c17"
time=2026-08-21T22:16:16.060+08:00 level=DEBUG msg="discovery: skipping unreachable socket" socket=/tmp/tmux-501/ta-f1ad1b378fc7 err="query tmux on /tmp/tmux-501/ta-f1ad1b378fc7: exit status 1: no server running on /tmp/tmux-501/ta-f1ad1b378fc7"
time=2026-08-21T22:16:16.088+08:00 level=DEBUG msg="discovery: skipping unreachable socket" socket=/tmp/tmux-501/ta-t121u01 err="query tmux on /tmp/tmux-501/ta-t121u01: exit status 1: no server running on /tmp/tmux-501/ta-t121u01"
time=2026-08-21T22:16:16.098+08:00 level=DEBUG msg="discovery: skipping unreachable socket" socket=/tmp/tmux-501/ta-t121u01b err="query tmux on /tmp/tmux-501/ta-t121u01b: exit status 1: no server running on /tmp/tmux-501/ta-t121u01b"
time=2026-08-21T22:16:16.107+08:00 level=DEBUG msg="discovery: skipping unreachable socket" socket=/tmp/tmux-501/ta-user-agents err="query tmux on /tmp/tmux-501/ta-user-agents: exit status 1: no server running on /tmp/tmux-501/ta-user-agents"
time=2026-08-21T22:16:16.220+08:00 level=WARN msg="level2: title unknown for provider" provider=grok codepoint=U+002B title="+ Agent 弹窗图标卡片重做 - grok" is_letter=false is_number=false leading_glyph=true status=unknown
time=2026-08-21T22:16:16.781+08:00 level=DEBUG msg="listing: no changes"
time=2026-08-21T22:16:17.313+08:00 level=DEBUG msg="discovery: skipping unreachable socket" socket=/tmp/tmux-501/t115d24675 err="query tmux on /tmp/tmux-501/t115d24675: exit status 1: no server running on /tmp/tmux-501/t115d24675"
time=2026-08-21T22:16:17.322+08:00 level=DEBUG msg="discovery: skipping unreachable socket" socket=/tmp/tmux-501/t115e31319 err="query tmux on /tmp/tmux-501/t115e31319: exit status 1: no server running on /tmp/tmux-501/t115e31319"
time=2026-08-21T22:16:17.332+08:00 level=DEBUG msg="discovery: skipping unreachable socket" socket=/tmp/tmux-501/t115f44898 err="query tmux on /tmp/tmux-501/t115f44898: exit status 1: no server running on /tmp/tmux-501/t115f44898"
time=2026-08-21T22:16:17.343+08:00 level=DEBUG msg="discovery: skipping unreachable socket" socket=/tmp/tmux-501/t115g47728 err="query tmux on /tmp/tmux-501/t115g47728: exit status 1: no server running on /tmp/tmux-501/t115g47728"
time=2026-08-21T22:16:17.353+08:00 level=DEBUG msg="discovery: skipping unreachable socket" socket=/tmp/tmux-501/ta-0bafa3965ade err="query tmux on /tmp/tmux-501/ta-0bafa3965ade: exit status 1: no server running on /tmp/tmux-501/ta-0bafa3965ade"
time=2026-08-21T22:16:17.396+08:00 level=DEBUG msg="discovery: skipping unreachable socket" socket=/tmp/tmux-501/ta-61709dcf801e err="query tmux on /tmp/tmux-501/ta-61709dcf801e: exit status 1: no server running on /tmp/tmux-501/ta-61709dcf801e"
time=2026-08-21T22:16:17.418+08:00 level=DEBUG msg="discovery: skipping unparsable pane line" socket=/tmp/tmux-501/ta-a9fd5b7defbd line="team-refactor-maintainability|6|%39|/Users/alauda/Documents/code/agent前沿探索/多agent协作|bash|87458|t.p9.review 零上下文设计审查已通过<|eos|> - grok|235x50|tester-t124"
time=2026-08-21T22:16:17.440+08:00 level=DEBUG msg="discovery: skipping unreachable socket" socket=/tmp/tmux-501/ta-ed81bd4d8c17 err="query tmux on /tmp/tmux-501/ta-ed81bd4d8c17: exit status 1: no server running on /tmp/tmux-501/ta-ed81bd4d8c17"
time=2026-08-21T22:16:17.459+08:00 level=DEBUG msg="discovery: skipping unreachable socket" socket=/tmp/tmux-501/ta-f1ad1b378fc7 err="query tmux on /tmp/tmux-501/ta-f1ad1b378fc7: exit status 1: no server running on /tmp/tmux-501/ta-f1ad1b378fc7"
time=2026-08-21T22:16:17.479+08:00 level=DEBUG msg="discovery: skipping unreachable socket" socket=/tmp/tmux-501/ta-t121u01 err="query tmux on /tmp/tmux-501/ta-t121u01: exit status 1: no server running on /tmp/tmux-501/ta-t121u01"
time=2026-08-21T22:16:17.488+08:00 level=DEBUG msg="discovery: skipping unreachable socket" socket=/tmp/tmux-501/ta-t121u01b err="query tmux on /tmp/tmux-501/ta-t121u01b: exit status 1: no server running on /tmp/tmux-501/ta-t121u01b"
time=2026-08-21T22:16:17.497+08:00 level=DEBUG msg="discovery: skipping unreachable socket" socket=/tmp/tmux-501/ta-user-agents err="query tmux on /tmp/tmux-501/ta-user-agents: exit status 1: no server running on /tmp/tmux-501/ta-user-agents"
time=2026-08-21T22:16:18.250+08:00 level=DEBUG msg="discovery: skipping unreachable socket" socket=/tmp/tmux-501/t115d24675 err="query tmux on /tmp/tmux-501/t115d24675: exit status 1: no server running on /tmp/tmux-501/t115d24675"
time=2026-08-21T22:16:18.260+08:00 level=DEBUG msg="discovery: skipping unreachable socket" socket=/tmp/tmux-501/t115e31319 err="query tmux on /tmp/tmux-501/t115e31319: exit status 1: no server running on /tmp/tmux-501/t115e31319"
time=2026-08-21T22:16:18.273+08:00 level=DEBUG msg="discovery: skipping unreachable socket" socket=/tmp/tmux-501/t115f44898 err="query tmux on /tmp/tmux-501/t115f44898: exit status 1: no server running on /tmp/tmux-501/t115f44898"
time=2026-08-21T22:16:18.283+08:00 level=DEBUG msg="discovery: skipping unreachable socket" socket=/tmp/tmux-501/t115g47728 err="query tmux on /tmp/tmux-501/t115g47728: exit status 1: no server running on /tmp/tmux-501/t115g47728"
time=2026-08-21T22:16:18.293+08:00 level=DEBUG msg="discovery: skipping unreachable socket" socket=/tmp/tmux-501/ta-0bafa3965ade err="query tmux on /tmp/tmux-501/ta-0bafa3965ade: exit status 1: no server running on /tmp/tmux-501/ta-0bafa3965ade"
time=2026-08-21T22:16:18.334+08:00 level=DEBUG msg="discovery: skipping unreachable socket" socket=/tmp/tmux-501/ta-61709dcf801e err="query tmux on /tmp/tmux-501/ta-61709dcf801e: exit status 1: no server running on /tmp/tmux-501/ta-61709dcf801e"
time=2026-08-21T22:16:18.361+08:00 level=DEBUG msg="discovery: skipping unparsable pane line" socket=/tmp/tmux-501/ta-a9fd5b7defbd line="team-refactor-maintainability|6|%39|/Users/alauda/Documents/code/agent前沿探索/多agent协作|bash|87458|t.p9.review 零上下文设计审查已通过<|eos|> - grok|235x50|tester-t124"
time=2026-08-21T22:16:18.380+08:00 level=DEBUG msg="discovery: skipping unreachable socket" socket=/tmp/tmux-501/ta-ed81bd4d8c17 err="query tmux on /tmp/tmux-501/ta-ed81bd4d8c17: exit status 1: no server running on /tmp/tmux-501/ta-ed81bd4d8c17"
time=2026-08-21T22:16:18.390+08:00 level=DEBUG msg="discovery: skipping unreachable socket" socket=/tmp/tmux-501/ta-f1ad1b378fc7 err="query tmux on /tmp/tmux-501/ta-f1ad1b378fc7: exit status 1: no server running on /tmp/tmux-501/ta-f1ad1b378fc7"
time=2026-08-21T22:16:18.417+08:00 level=DEBUG msg="discovery: skipping unreachable socket" socket=/tmp/tmux-501/ta-t121u01 err="query tmux on /tmp/tmux-501/ta-t121u01: exit status 1: no server running on /tmp/tmux-501/ta-t121u01"
time=2026-08-21T22:16:18.426+08:00 level=DEBUG msg="discovery: skipping unreachable socket" socket=/tmp/tmux-501/ta-t121u01b err="query tmux on /tmp/tmux-501/ta-t121u01b: exit status 1: no server running on /tmp/tmux-501/ta-t121u01b"
time=2026-08-21T22:16:18.436+08:00 level=DEBUG msg="discovery: skipping unreachable socket" socket=/tmp/tmux-501/ta-user-agents err="query tmux on /tmp/tmux-501/ta-user-agents: exit status 1: no server running on /tmp/tmux-501/ta-user-agents"
time=2026-08-21T22:16:18.662+08:00 level=WARN msg="level2: title unknown for provider" provider=grok codepoint=U+002B title="+ Agent 弹窗图标卡片重做 - grok" is_letter=false is_number=false leading_glyph=true status=unknown
time=2026-08-21T22:16:20.693+08:00 level=DEBUG msg="discovery: skipping unreachable socket" socket=/tmp/tmux-501/t115d24675 err="query tmux on /tmp/tmux-501/t115d24675: exit status 1: no server running on /tmp/tmux-501/t115d24675"
time=2026-08-21T22:16:20.703+08:00 level=DEBUG msg="discovery: skipping unreachable socket" socket=/tmp/tmux-501/t115e31319 err="query tmux on /tmp/tmux-501/t115e31319: exit status 1: no server running on /tmp/tmux-501/t115e31319"
time=2026-08-21T22:16:20.712+08:00 level=DEBUG msg="discovery: skipping unreachable socket" socket=/tmp/tmux-501/t115f44898 err="query tmux on /tmp/tmux-501/t115f44898: exit status 1: no server running on /tmp/tmux-501/t115f44898"
time=2026-08-21T22:16:20.726+08:00 level=DEBUG msg="discovery: skipping unreachable socket" socket=/tmp/tmux-501/t115g47728 err="query tmux on /tmp/tmux-501/t115g47728: exit status 1: no server running on /tmp/tmux-501/t115g47728"
time=2026-08-21T22:16:20.734+08:00 level=DEBUG msg="discovery: skipping unreachable socket" socket=/tmp/tmux-501/ta-0bafa3965ade err="query tmux on /tmp/tmux-501/ta-0bafa3965ade: exit status 1: no server running on /tmp/tmux-501/ta-0bafa3965ade"
time=2026-08-21T22:16:20.758+08:00 level=DEBUG msg="listing: no changes"
time=2026-08-21T22:16:20.771+08:00 level=DEBUG msg="discovery: skipping unreachable socket" socket=/tmp/tmux-501/ta-61709dcf801e err="query tmux on /tmp/tmux-501/ta-61709dcf801e: exit status 1: no server running on /tmp/tmux-501/ta-61709dcf801e"
time=2026-08-21T22:16:20.790+08:00 level=DEBUG msg="discovery: skipping unparsable pane line" socket=/tmp/tmux-501/ta-a9fd5b7defbd line="team-refactor-maintainability|6|%39|/Users/alauda/Documents/code/agent前沿探索/多agent协作|bash|87458|t.p9.review 零上下文设计审查已通过<|eos|> - grok|235x50|tester-t124"
time=2026-08-21T22:16:20.808+08:00 level=DEBUG msg="discovery: skipping unreachable socket" socket=/tmp/tmux-501/ta-ed81bd4d8c17 err="query tmux on /tmp/tmux-501/ta-ed81bd4d8c17: exit status 1: no server running on /tmp/tmux-501/ta-ed81bd4d8c17"
time=2026-08-21T22:16:20.817+08:00 level=DEBUG msg="discovery: skipping unreachable socket" socket=/tmp/tmux-501/ta-f1ad1b378fc7 err="query tmux on /tmp/tmux-501/ta-f1ad1b378fc7: exit status 1: no server running on /tmp/tmux-501/ta-f1ad1b378fc7"
time=2026-08-21T22:16:20.834+08:00 level=DEBUG msg="discovery: skipping unreachable socket" socket=/tmp/tmux-501/ta-t121u01 err="query tmux on /tmp/tmux-501/ta-t121u01: exit status 1: no server running on /tmp/tmux-501/ta-t121u01"
time=2026-08-21T22:16:20.842+08:00 level=DEBUG msg="discovery: skipping unreachable socket" socket=/tmp/tmux-501/ta-t121u01b err="query tmux on /tmp/tmux-501/ta-t121u01b: exit status 1: no server running on /tmp/tmux-501/ta-t121u01b"
time=2026-08-21T22:16:20.850+08:00 level=DEBUG msg="discovery: skipping unreachable socket" socket=/tmp/tmux-501/ta-user-agents err="query tmux on /tmp/tmux-501/ta-user-agents: exit status 1: no server running on /tmp/tmux-501/ta-user-agents"
time=2026-08-21T22:16:20.894+08:00 level=WARN msg="level2: title unknown for provider" provider=grok codepoint=U+002B title="+ Agent 弹窗图标卡片重做 - grok" is_letter=false is_number=false leading_glyph=true status=unknown
time=2026-08-21T22:16:21.307+08:00 level=DEBUG msg="discovery: skipping unreachable socket" socket=/tmp/tmux-501/t115d24675 err="query tmux on /tmp/tmux-501/t115d24675: exit status 1: no server running on /tmp/tmux-501/t115d24675"
time=2026-08-21T22:16:21.316+08:00 level=DEBUG msg="discovery: skipping unreachable socket" socket=/tmp/tmux-501/t115e31319 err="query tmux on /tmp/tmux-501/t115e31319: exit status 1: no server running on /tmp/tmux-501/t115e31319"
time=2026-08-21T22:16:21.325+08:00 level=DEBUG msg="discovery: skipping unreachable socket" socket=/tmp/tmux-501/t115f44898 err="query tmux on /tmp/tmux-501/t115f44898: exit status 1: no server running on /tmp/tmux-501/t115f44898"
time=2026-08-21T22:16:21.337+08:00 level=DEBUG msg="discovery: skipping unreachable socket" socket=/tmp/tmux-501/t115g47728 err="query tmux on /tmp/tmux-501/t115g47728: exit status 1: no server running on /tmp/tmux-501/t115g47728"
time=2026-08-21T22:16:21.345+08:00 level=DEBUG msg="discovery: skipping unreachable socket" socket=/tmp/tmux-501/ta-0bafa3965ade err="query tmux on /tmp/tmux-501/ta-0bafa3965ade: exit status 1: no server running on /tmp/tmux-501/ta-0bafa3965ade"
time=2026-08-21T22:16:21.389+08:00 level=DEBUG msg="discovery: skipping unreachable socket" socket=/tmp/tmux-501/ta-61709dcf801e err="query tmux on /tmp/tmux-501/ta-61709dcf801e: exit status 1: no server running on /tmp/tmux-501/ta-61709dcf801e"
time=2026-08-21T22:16:21.409+08:00 level=DEBUG msg="discovery: skipping unparsable pane line" socket=/tmp/tmux-501/ta-a9fd5b7defbd line="team-refactor-maintainability|6|%39|/Users/alauda/Documents/code/agent前沿探索/多agent协作|bash|87458|t.p9.review 零上下文设计审查已通过<|eos|> - grok|235x50|tester-t124"
time=2026-08-21T22:16:21.430+08:00 level=DEBUG msg="discovery: skipping unreachable socket" socket=/tmp/tmux-501/ta-ed81bd4d8c17 err="query tmux on /tmp/tmux-501/ta-ed81bd4d8c17: exit status 1: no server running on /tmp/tmux-501/ta-ed81bd4d8c17"
time=2026-08-21T22:16:21.448+08:00 level=DEBUG msg="discovery: skipping unreachable socket" socket=/tmp/tmux-501/ta-f1ad1b378fc7 err="query tmux on /tmp/tmux-501/ta-f1ad1b378fc7: exit status 1: no server running on /tmp/tmux-501/ta-f1ad1b378fc7"
time=2026-08-21T22:16:21.468+08:00 level=DEBUG msg="discovery: skipping unreachable socket" socket=/tmp/tmux-501/ta-t121u01 err="query tmux on /tmp/tmux-501/ta-t121u01: exit status 1: no server running on /tmp/tmux-501/ta-t121u01"
time=2026-08-21T22:16:21.478+08:00 level=DEBUG msg="discovery: skipping unreachable socket" socket=/tmp/tmux-501/ta-t121u01b err="query tmux on /tmp/tmux-501/ta-t121u01b: exit status 1: no server running on /tmp/tmux-501/ta-t121u01b"
time=2026-08-21T22:16:21.487+08:00 level=DEBUG msg="discovery: skipping unreachable socket" socket=/tmp/tmux-501/ta-user-agents err="query tmux on /tmp/tmux-501/ta-user-agents: exit status 1: no server running on /tmp/tmux-501/ta-user-agents"
time=2026-08-21T22:16:22.922+08:00 level=DEBUG msg="discovery: skipping unreachable socket" socket=/tmp/tmux-501/t115d24675 err="query tmux on /tmp/tmux-501/t115d24675: exit status 1: no server running on /tmp/tmux-501/t115d24675"
time=2026-08-21T22:16:22.931+08:00 level=DEBUG msg="discovery: skipping unreachable socket" socket=/tmp/tmux-501/t115e31319 err="query tmux on /tmp/tmux-501/t115e31319: exit status 1: no server running on /tmp/tmux-501/t115e31319"
time=2026-08-21T22:16:22.943+08:00 level=DEBUG msg="discovery: skipping unreachable socket" socket=/tmp/tmux-501/t115f44898 err="query tmux on /tmp/tmux-501/t115f44898: exit status 1: no server running on /tmp/tmux-501/t115f44898"
time=2026-08-21T22:16:22.952+08:00 level=DEBUG msg="discovery: skipping unreachable socket" socket=/tmp/tmux-501/t115g47728 err="query tmux on /tmp/tmux-501/t115g47728: exit status 1: no server running on /tmp/tmux-501/t115g47728"
time=2026-08-21T22:16:22.961+08:00 level=DEBUG msg="discovery: skipping unreachable socket" socket=/tmp/tmux-501/ta-0bafa3965ade err="query tmux on /tmp/tmux-501/ta-0bafa3965ade: exit status 1: no server running on /tmp/tmux-501/ta-0bafa3965ade"
time=2026-08-21T22:16:22.999+08:00 level=DEBUG msg="discovery: skipping unreachable socket" socket=/tmp/tmux-501/ta-61709dcf801e err="query tmux on /tmp/tmux-501/ta-61709dcf801e: exit status 1: no server running on /tmp/tmux-501/ta-61709dcf801e"
time=2026-08-21T22:16:23.019+08:00 level=DEBUG msg="discovery: skipping unparsable pane line" socket=/tmp/tmux-501/ta-a9fd5b7defbd line="team-refactor-maintainability|6|%39|/Users/alauda/Documents/code/agent前沿探索/多agent协作|bash|87458|t.p9.review 零上下文设计审查已通过<|eos|> - grok|235x50|tester-t124"
time=2026-08-21T22:16:23.041+08:00 level=DEBUG msg="discovery: skipping unreachable socket" socket=/tmp/tmux-501/ta-ed81bd4d8c17 err="query tmux on /tmp/tmux-501/ta-ed81bd4d8c17: exit status 1: no server running on /tmp/tmux-501/ta-ed81bd4d8c17"
time=2026-08-21T22:16:23.050+08:00 level=DEBUG msg="discovery: skipping unreachable socket" socket=/tmp/tmux-501/ta-f1ad1b378fc7 err="query tmux on /tmp/tmux-501/ta-f1ad1b378fc7: exit status 1: no server running on /tmp/tmux-501/ta-f1ad1b378fc7"
time=2026-08-21T22:16:23.070+08:00 level=DEBUG msg="discovery: skipping unreachable socket" socket=/tmp/tmux-501/ta-t121u01 err="query tmux on /tmp/tmux-501/ta-t121u01: exit status 1: no server running on /tmp/tmux-501/ta-t121u01"
time=2026-08-21T22:16:23.078+08:00 level=DEBUG msg="discovery: skipping unreachable socket" socket=/tmp/tmux-501/ta-t121u01b err="query tmux on /tmp/tmux-501/ta-t121u01b: exit status 1: no server running on /tmp/tmux-501/ta-t121u01b"
time=2026-08-21T22:16:23.089+08:00 level=DEBUG msg="discovery: skipping unreachable socket" socket=/tmp/tmux-501/ta-user-agents err="query tmux on /tmp/tmux-501/ta-user-agents: exit status 1: no server running on /tmp/tmux-501/ta-user-agents"
time=2026-08-21T22:16:23.207+08:00 level=WARN msg="level2: title unknown for provider" provider=grok codepoint=U+002B title="+ Agent 弹窗图标卡片重做 - grok" is_letter=false is_number=false leading_glyph=true status=unknown
time=2026-08-21T22:16:24.139+08:00 level=INFO msg="shutting down"
time=2026-08-21T22:16:24.139+08:00 level=DEBUG msg="level2 loop stopped"
