time=2026-08-21T23:10:06.126+08:00 level=INFO msg="provider whitelist loaded" entries=6
time=2026-08-21T23:10:06.127+08:00 level=INFO msg="single-instance guard acquired" pidfile=/Volumes/nvme/Projects/远程Agent安卓/.team/nodes/hl1-probe16/tmp/state/agentmirrord.pid
time=2026-08-21T23:10:06.127+08:00 level=INFO msg="pairing token source=explicit"
time=2026-08-21T23:10:06.127+08:00 level=INFO msg="agentmirrord starting" listen=0.0.0.0:22461 qr_listen="" token_source=explicit upload_dir=/Volumes/nvme/Projects/远程Agent安卓/.team/nodes/hl1-probe16/tmp/uploads max_upload_mib=20 list_interval=500ms
time=2026-08-21T23:10:06.127+08:00 level=DEBUG msg="listing loop started" interval=500ms
time=2026-08-21T23:10:06.127+08:00 level=DEBUG msg="level2 loop started" interval=2s heartbeat=8s
time=2026-08-21T23:10:06.127+08:00 level=WARN msg="tailnet 未启用：未配置 TS authkey，仅 LAN 监听"
                                                             
                                                             
    █▀▀▀▀▀█ ▀█▀▄▀▄▄▀▀█▀▄██▀ ▀ █ █ ▀▀▀██▄▄  ▀▀▄█▄  █▀▀▀▀▀█    
    █ ███ █ ▀ ▀▄▀▀▀▀▀▀▄▄▄▄█▄█▀ ▄█ ▄██▄█ ▀▀█▀ ▀▄▀▄ █ ███ █    
    █ ▀▀▀ █ ▄  █ ███▀▀▄  ▀  █▀▀▀█ ▄██▀▄▀ ▄█▀ ▄█   █ ▀▀▀ █    
    ▀▀▀▀▀▀▀ ▀▄█▄█ ▀▄▀▄▀ ▀ █ █ ▀ █ ▀▄█▄▀ █ ▀▄▀▄▀▄▀ ▀▀▀▀▀▀▀    
    ▀ ▀▄▄ ▀▀▄██▄█▀▄▄▄▀██▀ ▄ ▀▀█▀█▀█  █ ▀█ ▀  ▄▀ ▄  ▀▄ █ █    
    ▄▄▄██▀▀▄▀▀█ ▄  ▄▄  ▀▀█  ▀█▄ █▄▀▀███▀▄▀ █ ▄ █▄▄ ▀▄ ███    
    █▄███ ▀▄▀ ▀█ ▀██   █▄█ ▀▀█   ▄▄▀▀   ▄█▄█▀ ██▀▀ ▀█▄ ▀     
    ▀ ██▀█▀▀  ▄▄▄ ▄ ██▀▀█ ▀████ ▀▀█▀██ ▀▄██ ▄▄ ▀█▄▀███▄ ▀    
    ▄▀▄█  ▀ █▄▄▀▀▄▀ ▀▀▀▀██▀█▄▀ ▀ ▀   ▀ ▀█▀▀▀███ ▄█▀█▄█▀█     
    ▄  ▀█▀▀▄▄▄▀  ▀▀▀▄▀ ▄▄█▄▀▀█ ▀█▀▄ ▀ ▀▀▄█ ▀ █▀▄ ██▄█▀▀ ▄    
     ▀█▄█▀▀ ▄▄█▀  ▄▀▀  ▄▀▀▄▄▄█ █ █▀▀▄ ▀███ █▀▀▀▄ ▀  ▀ ▀▄     
    ▀█▄▀▄█▀ █ ▄  ▄▀█▄█▀▀ ▀██ ▀▀▄▄▄▀▀▀▄ ▄ █▀▀█▀▀▀ ▀▀▄▀▀█      
    ▄▄▀██▀▀▀█ ▀▀▀▀██▀▀▀▀██▀██▀▀▀██ ▀▀ █▀▄▄ ██ ▄▄█▀▀▀█▀ ▀▀    
    ▄█▀ █ ▀ ██▄ ▀█ █▀▀ █▀▀▄▄█ ▀ █▄ ███▀▄█ ▄▀▀▀  █ ▀ ██ ▀█    
     ▀█▄█▀▀▀█▄▀█▄ ▀ ▄██▄▄ ▄██▀██▀▄ ▄▀█▀██▀▀  █ ▄█▀█▀▀ ▄█▄    
      █▄██▀ █ ▄▀▀ █▀██▄▀▄ ▀▄▀▀▀▄█▀ ▀ ▄▄▀▀ █▄ ▀ █    ▀ ▄ █    
    ▄▀▀ ▀ ▀   ▀▄▄▀█▄█  ▄▄ ▀█▀▀▄▀ ▄▀      ███▀▀▄▀██▀   ▄▄▀    
     █ █ ▄▀▀▀▀█▄▀▀ █▄█ ▀▀▄█▀██▀▄▀    ▄▀▀▄▀▀██▄ ▀▄▀█▀ █▄ ▀    
    ▄▄█ ▀▀▀▀ ▄▄▄ █▄█▄▀▀ ▀▀▀▄  ██▄█▀ █▀▄███ ▀██▄▀██▀  ▄ █▀    
    ▀▀ ▀▄ ▀  ▄▄▀▀██▄▄▄█ █▄▄▄█▀ ▄▀▀  █▀▀▀▄  ██▀██ ██▄ ▄█      
      ██▀▄▀▄▄█▀██  █▀▄▀▄▄▀▄▀▄ ▄█▀█ ▀ ▀▀▀█▀  ▄█ █▀ ▀▄██▀█▀    
    ▀█▄▀▀▀▀▀▀▄▀▄ █▄█▀▀▄█ ▄▀▄ ▀▀█ █▀▄ ▀▄█▄▀▀██  ▄▀ ▀▀ ▄       
       ▀  ▀ ▄  █▄ █▄ ▄  ▀▄  █▀▀▀██▀▀█▀▀    ▄██▄▀█▀▀▀█▄ █     
    █▀▀▀▀▀█ ▀██▀█▀▄▀ ▀▄▀▀▀▀▄█ ▀ █ ▀ ▄█▀█▄ ▄▄▀▄▄██ ▀ █▀ ▄█    
    █ ███ █  ▄ ▀▄▄  ▀▄▄ █▀▀ ██▀██  ██▀█▄█▀█ ▄▀▀ █▀█▀▀▀▄▄     
    █ ▀▀▀ █ ▀▀▀ █▄▄▀▄ ▄ ▄ ▄   █  ▀▄▀    █ ▀█▀█ ▀█▄▄ █ █▀▀    
    ▀▀▀▀▀▀▀ ▀▀▀ ▀ ▀▀ ▀▀ ▀  ▀   ▀ ▀▀▀▀▀▀  ▀ ▀▀  ▀▀▀▀▀▀ ▀ ▀    
                                                             
                                                             

──────────────────────────────────────────────
配对信息 · 用 App 扫码，或手填以下内容：
  服务端 ws 地址 : ws://10.202.81.20:22461/ws
  配对 token      : P16TOK325002
  其他可达地址（若上面的连不上，改用下列之一）：
    ws://10.202.81.20:22461/ws   [lan]
    ws://192.168.31.116:22461/ws   [lan]
    ws://100.75.207.88:22461/ws   [tailnet]
time=2026-08-21T23:10:25.347+08:00 level=INFO msg="ws: sendq health" conn=1 conn.deltas_dropped=0 conn.snapshots_pushed=0 conn.snapshots_from_resize=0 conn.snapshots_from_subscribe=0 conn.frames_sent=0 total.deltas_dropped=0 total.snapshots_pushed=0 total.snapshots_from_resize=0 total.subscribes=0 total.snapshots_from_subscribe=0 total.connections=1 total.queue_peak=0 total.frames_sent=0 close_reason="read_error: failed to get reader: received close frame: status = StatusNormalClosure and reason = \"client close\""
time=2026-08-21T23:10:25.372+08:00 level=DEBUG msg="discovery: skipping unreachable socket" socket=/tmp/tmux-501/t115d24675 err="query tmux on /tmp/tmux-501/t115d24675: exit status 1: no server running on /tmp/tmux-501/t115d24675"
time=2026-08-21T23:10:25.381+08:00 level=DEBUG msg="discovery: skipping unreachable socket" socket=/tmp/tmux-501/t115e31319 err="query tmux on /tmp/tmux-501/t115e31319: exit status 1: no server running on /tmp/tmux-501/t115e31319"
time=2026-08-21T23:10:25.393+08:00 level=DEBUG msg="discovery: skipping unreachable socket" socket=/tmp/tmux-501/t115f44898 err="query tmux on /tmp/tmux-501/t115f44898: exit status 1: no server running on /tmp/tmux-501/t115f44898"
time=2026-08-21T23:10:25.404+08:00 level=DEBUG msg="discovery: skipping unreachable socket" socket=/tmp/tmux-501/t115g47728 err="query tmux on /tmp/tmux-501/t115g47728: exit status 1: no server running on /tmp/tmux-501/t115g47728"
time=2026-08-21T23:10:25.413+08:00 level=DEBUG msg="discovery: skipping unreachable socket" socket=/tmp/tmux-501/ta-0bafa3965ade err="query tmux on /tmp/tmux-501/ta-0bafa3965ade: exit status 1: no server running on /tmp/tmux-501/ta-0bafa3965ade"
time=2026-08-21T23:10:25.459+08:00 level=DEBUG msg="discovery: skipping unreachable socket" socket=/tmp/tmux-501/ta-61709dcf801e err="query tmux on /tmp/tmux-501/ta-61709dcf801e: exit status 1: no server running on /tmp/tmux-501/ta-61709dcf801e"
time=2026-08-21T23:10:25.481+08:00 level=DEBUG msg="discovery: skipping unparsable pane line" socket=/tmp/tmux-501/ta-a9fd5b7defbd line="team-refactor-maintainability|6|%39|/Users/alauda/Documents/code/agent前沿探索/多agent协作|bash|87458|t.p9.review 零上下文设计审查已通过<|eos|> - grok|235x50|tester-t124"
time=2026-08-21T23:10:25.502+08:00 level=DEBUG msg="discovery: skipping unreachable socket" socket=/tmp/tmux-501/ta-ed81bd4d8c17 err="query tmux on /tmp/tmux-501/ta-ed81bd4d8c17: exit status 1: no server running on /tmp/tmux-501/ta-ed81bd4d8c17"
time=2026-08-21T23:10:25.513+08:00 level=DEBUG msg="discovery: skipping unreachable socket" socket=/tmp/tmux-501/ta-f1ad1b378fc7 err="query tmux on /tmp/tmux-501/ta-f1ad1b378fc7: exit status 1: no server running on /tmp/tmux-501/ta-f1ad1b378fc7"
time=2026-08-21T23:10:25.536+08:00 level=DEBUG msg="discovery: skipping unreachable socket" socket=/tmp/tmux-501/ta-t121u01 err="query tmux on /tmp/tmux-501/ta-t121u01: exit status 1: no server running on /tmp/tmux-501/ta-t121u01"
time=2026-08-21T23:10:25.545+08:00 level=DEBUG msg="discovery: skipping unreachable socket" socket=/tmp/tmux-501/ta-t121u01b err="query tmux on /tmp/tmux-501/ta-t121u01b: exit status 1: no server running on /tmp/tmux-501/ta-t121u01b"
time=2026-08-21T23:10:25.557+08:00 level=DEBUG msg="discovery: skipping unreachable socket" socket=/tmp/tmux-501/ta-user-agents err="query tmux on /tmp/tmux-501/ta-user-agents: exit status 1: no server running on /tmp/tmux-501/ta-user-agents"
time=2026-08-21T23:10:26.402+08:00 level=DEBUG msg="discovery: skipping unreachable socket" socket=/tmp/tmux-501/t115d24675 err="query tmux on /tmp/tmux-501/t115d24675: exit status 1: no server running on /tmp/tmux-501/t115d24675"
time=2026-08-21T23:10:26.412+08:00 level=DEBUG msg="discovery: skipping unreachable socket" socket=/tmp/tmux-501/t115e31319 err="query tmux on /tmp/tmux-501/t115e31319: exit status 1: no server running on /tmp/tmux-501/t115e31319"
time=2026-08-21T23:10:26.422+08:00 level=DEBUG msg="discovery: skipping unreachable socket" socket=/tmp/tmux-501/t115f44898 err="query tmux on /tmp/tmux-501/t115f44898: exit status 1: no server running on /tmp/tmux-501/t115f44898"
time=2026-08-21T23:10:26.440+08:00 level=DEBUG msg="discovery: skipping unreachable socket" socket=/tmp/tmux-501/t115g47728 err="query tmux on /tmp/tmux-501/t115g47728: exit status 1: no server running on /tmp/tmux-501/t115g47728"
time=2026-08-21T23:10:26.452+08:00 level=DEBUG msg="discovery: skipping unreachable socket" socket=/tmp/tmux-501/ta-0bafa3965ade err="query tmux on /tmp/tmux-501/ta-0bafa3965ade: exit status 1: no server running on /tmp/tmux-501/ta-0bafa3965ade"
time=2026-08-21T23:10:26.502+08:00 level=DEBUG msg="discovery: skipping unreachable socket" socket=/tmp/tmux-501/ta-61709dcf801e err="query tmux on /tmp/tmux-501/ta-61709dcf801e: exit status 1: no server running on /tmp/tmux-501/ta-61709dcf801e"
time=2026-08-21T23:10:26.569+08:00 level=DEBUG msg="discovery: skipping unparsable pane line" socket=/tmp/tmux-501/ta-a9fd5b7defbd line="team-refactor-maintainability|6|%39|/Users/alauda/Documents/code/agent前沿探索/多agent协作|bash|87458|t.p9.review 零上下文设计审查已通过<|eos|> - grok|235x50|tester-t124"
time=2026-08-21T23:10:26.595+08:00 level=DEBUG msg="discovery: skipping unreachable socket" socket=/tmp/tmux-501/ta-ed81bd4d8c17 err="query tmux on /tmp/tmux-501/ta-ed81bd4d8c17: exit status 1: no server running on /tmp/tmux-501/ta-ed81bd4d8c17"
time=2026-08-21T23:10:26.610+08:00 level=DEBUG msg="discovery: skipping unreachable socket" socket=/tmp/tmux-501/ta-f1ad1b378fc7 err="query tmux on /tmp/tmux-501/ta-f1ad1b378fc7: exit status 1: no server running on /tmp/tmux-501/ta-f1ad1b378fc7"
time=2026-08-21T23:10:26.631+08:00 level=DEBUG msg="discovery: skipping unreachable socket" socket=/tmp/tmux-501/ta-t121u01 err="query tmux on /tmp/tmux-501/ta-t121u01: exit status 1: no server running on /tmp/tmux-501/ta-t121u01"
time=2026-08-21T23:10:26.642+08:00 level=DEBUG msg="discovery: skipping unreachable socket" socket=/tmp/tmux-501/ta-t121u01b err="query tmux on /tmp/tmux-501/ta-t121u01b: exit status 1: no server running on /tmp/tmux-501/ta-t121u01b"
time=2026-08-21T23:10:26.652+08:00 level=DEBUG msg="discovery: skipping unreachable socket" socket=/tmp/tmux-501/ta-user-agents err="query tmux on /tmp/tmux-501/ta-user-agents: exit status 1: no server running on /tmp/tmux-501/ta-user-agents"
time=2026-08-21T23:10:31.528+08:00 level=DEBUG msg="listing: first snapshot" seq=1
time=2026-08-21T23:10:31.564+08:00 level=DEBUG msg="discovery: skipping unreachable socket" socket=/tmp/tmux-501/t115d24675 err="query tmux on /tmp/tmux-501/t115d24675: exit status 1: no server running on /tmp/tmux-501/t115d24675"
time=2026-08-21T23:10:31.574+08:00 level=DEBUG msg="discovery: skipping unreachable socket" socket=/tmp/tmux-501/t115e31319 err="query tmux on /tmp/tmux-501/t115e31319: exit status 1: no server running on /tmp/tmux-501/t115e31319"
time=2026-08-21T23:10:31.589+08:00 level=DEBUG msg="discovery: skipping unreachable socket" socket=/tmp/tmux-501/t115f44898 err="query tmux on /tmp/tmux-501/t115f44898: exit status 1: no server running on /tmp/tmux-501/t115f44898"
time=2026-08-21T23:10:31.599+08:00 level=DEBUG msg="discovery: skipping unreachable socket" socket=/tmp/tmux-501/t115g47728 err="query tmux on /tmp/tmux-501/t115g47728: exit status 1: no server running on /tmp/tmux-501/t115g47728"
time=2026-08-21T23:10:31.609+08:00 level=DEBUG msg="discovery: skipping unreachable socket" socket=/tmp/tmux-501/ta-0bafa3965ade err="query tmux on /tmp/tmux-501/ta-0bafa3965ade: exit status 1: no server running on /tmp/tmux-501/ta-0bafa3965ade"
time=2026-08-21T23:10:31.655+08:00 level=DEBUG msg="discovery: skipping unreachable socket" socket=/tmp/tmux-501/ta-61709dcf801e err="query tmux on /tmp/tmux-501/ta-61709dcf801e: exit status 1: no server running on /tmp/tmux-501/ta-61709dcf801e"
time=2026-08-21T23:10:31.677+08:00 level=DEBUG msg="discovery: skipping unparsable pane line" socket=/tmp/tmux-501/ta-a9fd5b7defbd line="team-refactor-maintainability|6|%39|/Users/alauda/Documents/code/agent前沿探索/多agent协作|bash|87458|t.p9.review 零上下文设计审查已通过<|eos|> - grok|235x50|tester-t124"
time=2026-08-21T23:10:31.703+08:00 level=DEBUG msg="discovery: skipping unreachable socket" socket=/tmp/tmux-501/ta-ed81bd4d8c17 err="query tmux on /tmp/tmux-501/ta-ed81bd4d8c17: exit status 1: no server running on /tmp/tmux-501/ta-ed81bd4d8c17"
time=2026-08-21T23:10:31.713+08:00 level=DEBUG msg="discovery: skipping unreachable socket" socket=/tmp/tmux-501/ta-f1ad1b378fc7 err="query tmux on /tmp/tmux-501/ta-f1ad1b378fc7: exit status 1: no server running on /tmp/tmux-501/ta-f1ad1b378fc7"
time=2026-08-21T23:10:31.733+08:00 level=DEBUG msg="discovery: skipping unreachable socket" socket=/tmp/tmux-501/ta-t121u01 err="query tmux on /tmp/tmux-501/ta-t121u01: exit status 1: no server running on /tmp/tmux-501/ta-t121u01"
time=2026-08-21T23:10:31.746+08:00 level=DEBUG msg="discovery: skipping unreachable socket" socket=/tmp/tmux-501/ta-t121u01b err="query tmux on /tmp/tmux-501/ta-t121u01b: exit status 1: no server running on /tmp/tmux-501/ta-t121u01b"
time=2026-08-21T23:10:31.757+08:00 level=DEBUG msg="discovery: skipping unreachable socket" socket=/tmp/tmux-501/ta-user-agents err="query tmux on /tmp/tmux-501/ta-user-agents: exit status 1: no server running on /tmp/tmux-501/ta-user-agents"
time=2026-08-21T23:10:33.106+08:00 level=DEBUG msg="listing: first snapshot" seq=1
time=2026-08-21T23:10:33.106+08:00 level=INFO msg="listing: refresh on open" req_id=1 had_cache=false prev_seq=0 prev_sessions=0 cur_sessions=58 cur_seq=1 refresh_err=""
time=2026-08-21T23:10:35.625+08:00 level=DEBUG msg="listing: no changes"
time=2026-08-21T23:10:35.967+08:00 level=INFO msg="ws: sendq health" conn=2 conn.deltas_dropped=0 conn.snapshots_pushed=0 conn.snapshots_from_resize=0 conn.snapshots_from_subscribe=0 conn.frames_sent=0 total.deltas_dropped=0 total.snapshots_pushed=0 total.snapshots_from_resize=0 total.subscribes=0 total.snapshots_from_subscribe=0 total.connections=2 total.queue_peak=0 total.frames_sent=0 close_reason="read_error: failed to get reader: failed to read frame header: EOF"
time=2026-08-21T23:10:36.157+08:00 level=DEBUG msg="discovery: skipping unreachable socket" socket=/tmp/tmux-501/t115d24675 err="query tmux on /tmp/tmux-501/t115d24675: exit status 1: no server running on /tmp/tmux-501/t115d24675"
time=2026-08-21T23:10:36.167+08:00 level=DEBUG msg="discovery: skipping unreachable socket" socket=/tmp/tmux-501/t115e31319 err="query tmux on /tmp/tmux-501/t115e31319: exit status 1: no server running on /tmp/tmux-501/t115e31319"
time=2026-08-21T23:10:36.178+08:00 level=DEBUG msg="discovery: skipping unreachable socket" socket=/tmp/tmux-501/t115f44898 err="query tmux on /tmp/tmux-501/t115f44898: exit status 1: no server running on /tmp/tmux-501/t115f44898"
time=2026-08-21T23:10:36.188+08:00 level=DEBUG msg="discovery: skipping unreachable socket" socket=/tmp/tmux-501/t115g47728 err="query tmux on /tmp/tmux-501/t115g47728: exit status 1: no server running on /tmp/tmux-501/t115g47728"
time=2026-08-21T23:10:36.198+08:00 level=DEBUG msg="discovery: skipping unreachable socket" socket=/tmp/tmux-501/ta-0bafa3965ade err="query tmux on /tmp/tmux-501/ta-0bafa3965ade: exit status 1: no server running on /tmp/tmux-501/ta-0bafa3965ade"
time=2026-08-21T23:10:36.241+08:00 level=DEBUG msg="discovery: skipping unreachable socket" socket=/tmp/tmux-501/ta-61709dcf801e err="query tmux on /tmp/tmux-501/ta-61709dcf801e: exit status 1: no server running on /tmp/tmux-501/ta-61709dcf801e"
time=2026-08-21T23:10:36.264+08:00 level=DEBUG msg="discovery: skipping unparsable pane line" socket=/tmp/tmux-501/ta-a9fd5b7defbd line="team-refactor-maintainability|6|%39|/Users/alauda/Documents/code/agent前沿探索/多agent协作|bash|87458|t.p9.review 零上下文设计审查已通过<|eos|> - grok|235x50|tester-t124"
time=2026-08-21T23:10:36.289+08:00 level=DEBUG msg="discovery: skipping unreachable socket" socket=/tmp/tmux-501/ta-ed81bd4d8c17 err="query tmux on /tmp/tmux-501/ta-ed81bd4d8c17: exit status 1: no server running on /tmp/tmux-501/ta-ed81bd4d8c17"
time=2026-08-21T23:10:36.307+08:00 level=DEBUG msg="discovery: skipping unreachable socket" socket=/tmp/tmux-501/ta-f1ad1b378fc7 err="query tmux on /tmp/tmux-501/ta-f1ad1b378fc7: exit status 1: no server running on /tmp/tmux-501/ta-f1ad1b378fc7"
time=2026-08-21T23:10:36.331+08:00 level=DEBUG msg="discovery: skipping unreachable socket" socket=/tmp/tmux-501/ta-t121u01 err="query tmux on /tmp/tmux-501/ta-t121u01: exit status 1: no server running on /tmp/tmux-501/ta-t121u01"
time=2026-08-21T23:10:36.346+08:00 level=DEBUG msg="discovery: skipping unreachable socket" socket=/tmp/tmux-501/ta-t121u01b err="query tmux on /tmp/tmux-501/ta-t121u01b: exit status 1: no server running on /tmp/tmux-501/ta-t121u01b"
time=2026-08-21T23:10:36.356+08:00 level=DEBUG msg="discovery: skipping unreachable socket" socket=/tmp/tmux-501/ta-user-agents err="query tmux on /tmp/tmux-501/ta-user-agents: exit status 1: no server running on /tmp/tmux-501/ta-user-agents"
time=2026-08-21T23:10:39.222+08:00 level=DEBUG msg="discovery: skipping unreachable socket" socket=/tmp/tmux-501/t115d24675 err="query tmux on /tmp/tmux-501/t115d24675: exit status 1: no server running on /tmp/tmux-501/t115d24675"
time=2026-08-21T23:10:39.232+08:00 level=DEBUG msg="discovery: skipping unreachable socket" socket=/tmp/tmux-501/t115e31319 err="query tmux on /tmp/tmux-501/t115e31319: exit status 1: no server running on /tmp/tmux-501/t115e31319"
time=2026-08-21T23:10:39.242+08:00 level=DEBUG msg="discovery: skipping unreachable socket" socket=/tmp/tmux-501/t115f44898 err="query tmux on /tmp/tmux-501/t115f44898: exit status 1: no server running on /tmp/tmux-501/t115f44898"
time=2026-08-21T23:10:39.256+08:00 level=DEBUG msg="discovery: skipping unreachable socket" socket=/tmp/tmux-501/t115g47728 err="query tmux on /tmp/tmux-501/t115g47728: exit status 1: no server running on /tmp/tmux-501/t115g47728"
time=2026-08-21T23:10:39.265+08:00 level=DEBUG msg="discovery: skipping unreachable socket" socket=/tmp/tmux-501/ta-0bafa3965ade err="query tmux on /tmp/tmux-501/ta-0bafa3965ade: exit status 1: no server running on /tmp/tmux-501/ta-0bafa3965ade"
time=2026-08-21T23:10:39.310+08:00 level=DEBUG msg="discovery: skipping unreachable socket" socket=/tmp/tmux-501/ta-61709dcf801e err="query tmux on /tmp/tmux-501/ta-61709dcf801e: exit status 1: no server running on /tmp/tmux-501/ta-61709dcf801e"
time=2026-08-21T23:10:39.331+08:00 level=DEBUG msg="discovery: skipping unparsable pane line" socket=/tmp/tmux-501/ta-a9fd5b7defbd line="team-refactor-maintainability|6|%39|/Users/alauda/Documents/code/agent前沿探索/多agent协作|bash|87458|t.p9.review 零上下文设计审查已通过<|eos|> - grok|235x50|tester-t124"
time=2026-08-21T23:10:39.356+08:00 level=DEBUG msg="discovery: skipping unreachable socket" socket=/tmp/tmux-501/ta-ed81bd4d8c17 err="query tmux on /tmp/tmux-501/ta-ed81bd4d8c17: exit status 1: no server running on /tmp/tmux-501/ta-ed81bd4d8c17"
time=2026-08-21T23:10:39.367+08:00 level=DEBUG msg="discovery: skipping unreachable socket" socket=/tmp/tmux-501/ta-f1ad1b378fc7 err="query tmux on /tmp/tmux-501/ta-f1ad1b378fc7: exit status 1: no server running on /tmp/tmux-501/ta-f1ad1b378fc7"
time=2026-08-21T23:10:39.387+08:00 level=DEBUG msg="discovery: skipping unreachable socket" socket=/tmp/tmux-501/ta-t121u01 err="query tmux on /tmp/tmux-501/ta-t121u01: exit status 1: no server running on /tmp/tmux-501/ta-t121u01"
time=2026-08-21T23:10:39.397+08:00 level=DEBUG msg="discovery: skipping unreachable socket" socket=/tmp/tmux-501/ta-t121u01b err="query tmux on /tmp/tmux-501/ta-t121u01b: exit status 1: no server running on /tmp/tmux-501/ta-t121u01b"
time=2026-08-21T23:10:39.409+08:00 level=DEBUG msg="discovery: skipping unreachable socket" socket=/tmp/tmux-501/ta-user-agents err="query tmux on /tmp/tmux-501/ta-user-agents: exit status 1: no server running on /tmp/tmux-501/ta-user-agents"
time=2026-08-21T23:10:39.483+08:00 level=DEBUG msg="listing: no changes"
time=2026-08-21T23:10:39.519+08:00 level=DEBUG msg="discovery: skipping unreachable socket" socket=/tmp/tmux-501/t115d24675 err="query tmux on /tmp/tmux-501/t115d24675: exit status 1: no server running on /tmp/tmux-501/t115d24675"
time=2026-08-21T23:10:39.529+08:00 level=DEBUG msg="discovery: skipping unreachable socket" socket=/tmp/tmux-501/t115e31319 err="query tmux on /tmp/tmux-501/t115e31319: exit status 1: no server running on /tmp/tmux-501/t115e31319"
time=2026-08-21T23:10:39.539+08:00 level=DEBUG msg="discovery: skipping unreachable socket" socket=/tmp/tmux-501/t115f44898 err="query tmux on /tmp/tmux-501/t115f44898: exit status 1: no server running on /tmp/tmux-501/t115f44898"
time=2026-08-21T23:10:39.549+08:00 level=DEBUG msg="discovery: skipping unreachable socket" socket=/tmp/tmux-501/t115g47728 err="query tmux on /tmp/tmux-501/t115g47728: exit status 1: no server running on /tmp/tmux-501/t115g47728"
time=2026-08-21T23:10:39.560+08:00 level=DEBUG msg="discovery: skipping unreachable socket" socket=/tmp/tmux-501/ta-0bafa3965ade err="query tmux on /tmp/tmux-501/ta-0bafa3965ade: exit status 1: no server running on /tmp/tmux-501/ta-0bafa3965ade"
time=2026-08-21T23:10:39.603+08:00 level=DEBUG msg="discovery: skipping unreachable socket" socket=/tmp/tmux-501/ta-61709dcf801e err="query tmux on /tmp/tmux-501/ta-61709dcf801e: exit status 1: no server running on /tmp/tmux-501/ta-61709dcf801e"
time=2026-08-21T23:10:39.627+08:00 level=DEBUG msg="discovery: skipping unparsable pane line" socket=/tmp/tmux-501/ta-a9fd5b7defbd line="team-refactor-maintainability|6|%39|/Users/alauda/Documents/code/agent前沿探索/多agent协作|bash|87458|t.p9.review 零上下文设计审查已通过<|eos|> - grok|235x50|tester-t124"
time=2026-08-21T23:10:39.652+08:00 level=DEBUG msg="discovery: skipping unreachable socket" socket=/tmp/tmux-501/ta-ed81bd4d8c17 err="query tmux on /tmp/tmux-501/ta-ed81bd4d8c17: exit status 1: no server running on /tmp/tmux-501/ta-ed81bd4d8c17"
time=2026-08-21T23:10:39.665+08:00 level=DEBUG msg="discovery: skipping unreachable socket" socket=/tmp/tmux-501/ta-f1ad1b378fc7 err="query tmux on /tmp/tmux-501/ta-f1ad1b378fc7: exit status 1: no server running on /tmp/tmux-501/ta-f1ad1b378fc7"
time=2026-08-21T23:10:39.687+08:00 level=DEBUG msg="discovery: skipping unreachable socket" socket=/tmp/tmux-501/ta-t121u01 err="query tmux on /tmp/tmux-501/ta-t121u01: exit status 1: no server running on /tmp/tmux-501/ta-t121u01"
time=2026-08-21T23:10:39.708+08:00 level=DEBUG msg="discovery: skipping unreachable socket" socket=/tmp/tmux-501/ta-t121u01b err="query tmux on /tmp/tmux-501/ta-t121u01b: exit status 1: no server running on /tmp/tmux-501/ta-t121u01b"
time=2026-08-21T23:10:39.723+08:00 level=DEBUG msg="discovery: skipping unreachable socket" socket=/tmp/tmux-501/ta-user-agents err="query tmux on /tmp/tmux-501/ta-user-agents: exit status 1: no server running on /tmp/tmux-501/ta-user-agents"
time=2026-08-21T23:10:45.129+08:00 level=DEBUG msg="listing: no changes"
time=2026-08-21T23:10:45.129+08:00 level=INFO msg="listing: refresh on open" req_id=1 had_cache=true prev_seq=1 prev_sessions=58 cur_sessions=58 cur_seq=1 refresh_err=""
time=2026-08-21T23:10:45.496+08:00 level=DEBUG msg="listing: no changes"
time=2026-08-21T23:10:46.029+08:00 level=DEBUG msg="discovery: skipping unreachable socket" socket=/tmp/tmux-501/t115d24675 err="query tmux on /tmp/tmux-501/t115d24675: exit status 1: no server running on /tmp/tmux-501/t115d24675"
time=2026-08-21T23:10:46.038+08:00 level=DEBUG msg="discovery: skipping unreachable socket" socket=/tmp/tmux-501/t115e31319 err="query tmux on /tmp/tmux-501/t115e31319: exit status 1: no server running on /tmp/tmux-501/t115e31319"
time=2026-08-21T23:10:46.047+08:00 level=DEBUG msg="discovery: skipping unreachable socket" socket=/tmp/tmux-501/t115f44898 err="query tmux on /tmp/tmux-501/t115f44898: exit status 1: no server running on /tmp/tmux-501/t115f44898"
time=2026-08-21T23:10:46.057+08:00 level=DEBUG msg="discovery: skipping unreachable socket" socket=/tmp/tmux-501/t115g47728 err="query tmux on /tmp/tmux-501/t115g47728: exit status 1: no server running on /tmp/tmux-501/t115g47728"
time=2026-08-21T23:10:46.065+08:00 level=DEBUG msg="discovery: skipping unreachable socket" socket=/tmp/tmux-501/ta-0bafa3965ade err="query tmux on /tmp/tmux-501/ta-0bafa3965ade: exit status 1: no server running on /tmp/tmux-501/ta-0bafa3965ade"
time=2026-08-21T23:10:46.099+08:00 level=DEBUG msg="discovery: skipping unreachable socket" socket=/tmp/tmux-501/ta-61709dcf801e err="query tmux on /tmp/tmux-501/ta-61709dcf801e: exit status 1: no server running on /tmp/tmux-501/ta-61709dcf801e"
time=2026-08-21T23:10:46.116+08:00 level=DEBUG msg="discovery: skipping unparsable pane line" socket=/tmp/tmux-501/ta-a9fd5b7defbd line="team-refactor-maintainability|6|%39|/Users/alauda/Documents/code/agent前沿探索/多agent协作|bash|87458|t.p9.review 零上下文设计审查已通过<|eos|> - grok|235x50|tester-t124"
time=2026-08-21T23:10:46.135+08:00 level=DEBUG msg="discovery: skipping unreachable socket" socket=/tmp/tmux-501/ta-ed81bd4d8c17 err="query tmux on /tmp/tmux-501/ta-ed81bd4d8c17: exit status 1: no server running on /tmp/tmux-501/ta-ed81bd4d8c17"
time=2026-08-21T23:10:46.145+08:00 level=DEBUG msg="discovery: skipping unreachable socket" socket=/tmp/tmux-501/ta-f1ad1b378fc7 err="query tmux on /tmp/tmux-501/ta-f1ad1b378fc7: exit status 1: no server running on /tmp/tmux-501/ta-f1ad1b378fc7"
time=2026-08-21T23:10:46.163+08:00 level=DEBUG msg="discovery: skipping unreachable socket" socket=/tmp/tmux-501/ta-t121u01 err="query tmux on /tmp/tmux-501/ta-t121u01: exit status 1: no server running on /tmp/tmux-501/ta-t121u01"
time=2026-08-21T23:10:46.172+08:00 level=DEBUG msg="discovery: skipping unreachable socket" socket=/tmp/tmux-501/ta-t121u01b err="query tmux on /tmp/tmux-501/ta-t121u01b: exit status 1: no server running on /tmp/tmux-501/ta-t121u01b"
time=2026-08-21T23:10:46.181+08:00 level=DEBUG msg="discovery: skipping unreachable socket" socket=/tmp/tmux-501/ta-user-agents err="query tmux on /tmp/tmux-501/ta-user-agents: exit status 1: no server running on /tmp/tmux-501/ta-user-agents"
time=2026-08-21T23:10:48.701+08:00 level=DEBUG msg="discovery: skipping unreachable socket" socket=/tmp/tmux-501/t115d24675 err="query tmux on /tmp/tmux-501/t115d24675: exit status 1: no server running on /tmp/tmux-501/t115d24675"
time=2026-08-21T23:10:48.705+08:00 level=DEBUG msg="discovery: skipping unreachable socket" socket=/tmp/tmux-501/t115d24675 err="query tmux on /tmp/tmux-501/t115d24675: exit status 1: no server running on /tmp/tmux-501/t115d24675"
time=2026-08-21T23:10:48.718+08:00 level=DEBUG msg="discovery: skipping unreachable socket" socket=/tmp/tmux-501/t115e31319 err="query tmux on /tmp/tmux-501/t115e31319: exit status 1: no server running on /tmp/tmux-501/t115e31319"
time=2026-08-21T23:10:48.726+08:00 level=DEBUG msg="discovery: skipping unreachable socket" socket=/tmp/tmux-501/t115e31319 err="query tmux on /tmp/tmux-501/t115e31319: exit status 1: no server running on /tmp/tmux-501/t115e31319"
time=2026-08-21T23:10:48.734+08:00 level=DEBUG msg="discovery: skipping unreachable socket" socket=/tmp/tmux-501/t115f44898 err="query tmux on /tmp/tmux-501/t115f44898: exit status 1: no server running on /tmp/tmux-501/t115f44898"
time=2026-08-21T23:10:48.739+08:00 level=DEBUG msg="discovery: skipping unreachable socket" socket=/tmp/tmux-501/t115f44898 err="query tmux on /tmp/tmux-501/t115f44898: exit status 1: no server running on /tmp/tmux-501/t115f44898"
time=2026-08-21T23:10:48.747+08:00 level=DEBUG msg="discovery: skipping unreachable socket" socket=/tmp/tmux-501/t115g47728 err="query tmux on /tmp/tmux-501/t115g47728: exit status 1: no server running on /tmp/tmux-501/t115g47728"
time=2026-08-21T23:10:48.751+08:00 level=DEBUG msg="discovery: skipping unreachable socket" socket=/tmp/tmux-501/t115g47728 err="query tmux on /tmp/tmux-501/t115g47728: exit status 1: no server running on /tmp/tmux-501/t115g47728"
time=2026-08-21T23:10:48.761+08:00 level=DEBUG msg="discovery: skipping unreachable socket" socket=/tmp/tmux-501/ta-0bafa3965ade err="query tmux on /tmp/tmux-501/ta-0bafa3965ade: exit status 1: no server running on /tmp/tmux-501/ta-0bafa3965ade"
time=2026-08-21T23:10:48.764+08:00 level=DEBUG msg="discovery: skipping unreachable socket" socket=/tmp/tmux-501/ta-0bafa3965ade err="query tmux on /tmp/tmux-501/ta-0bafa3965ade: exit status 1: no server running on /tmp/tmux-501/ta-0bafa3965ade"
time=2026-08-21T23:10:48.816+08:00 level=DEBUG msg="discovery: skipping unreachable socket" socket=/tmp/tmux-501/ta-61709dcf801e err="query tmux on /tmp/tmux-501/ta-61709dcf801e: exit status 1: no server running on /tmp/tmux-501/ta-61709dcf801e"
time=2026-08-21T23:10:48.817+08:00 level=DEBUG msg="discovery: skipping unreachable socket" socket=/tmp/tmux-501/ta-61709dcf801e err="query tmux on /tmp/tmux-501/ta-61709dcf801e: exit status 1: no server running on /tmp/tmux-501/ta-61709dcf801e"
time=2026-08-21T23:10:48.851+08:00 level=DEBUG msg="discovery: skipping unparsable pane line" socket=/tmp/tmux-501/ta-a9fd5b7defbd line="team-refactor-maintainability|6|%39|/Users/alauda/Documents/code/agent前沿探索/多agent协作|bash|87458|t.p9.review 零上下文设计审查已通过<|eos|> - grok|235x50|tester-t124"
time=2026-08-21T23:10:48.856+08:00 level=DEBUG msg="discovery: skipping unparsable pane line" socket=/tmp/tmux-501/ta-a9fd5b7defbd line="team-refactor-maintainability|6|%39|/Users/alauda/Documents/code/agent前沿探索/多agent协作|bash|87458|t.p9.review 零上下文设计审查已通过<|eos|> - grok|235x50|tester-t124"
time=2026-08-21T23:10:48.879+08:00 level=DEBUG msg="discovery: skipping unreachable socket" socket=/tmp/tmux-501/ta-ed81bd4d8c17 err="query tmux on /tmp/tmux-501/ta-ed81bd4d8c17: exit status 1: no server running on /tmp/tmux-501/ta-ed81bd4d8c17"
time=2026-08-21T23:10:48.884+08:00 level=DEBUG msg="discovery: skipping unreachable socket" socket=/tmp/tmux-501/ta-ed81bd4d8c17 err="query tmux on /tmp/tmux-501/ta-ed81bd4d8c17: exit status 1: no server running on /tmp/tmux-501/ta-ed81bd4d8c17"
time=2026-08-21T23:10:48.897+08:00 level=DEBUG msg="discovery: skipping unreachable socket" socket=/tmp/tmux-501/ta-f1ad1b378fc7 err="query tmux on /tmp/tmux-501/ta-f1ad1b378fc7: exit status 1: no server running on /tmp/tmux-501/ta-f1ad1b378fc7"
time=2026-08-21T23:10:48.902+08:00 level=DEBUG msg="discovery: skipping unreachable socket" socket=/tmp/tmux-501/ta-f1ad1b378fc7 err="query tmux on /tmp/tmux-501/ta-f1ad1b378fc7: exit status 1: no server running on /tmp/tmux-501/ta-f1ad1b378fc7"
time=2026-08-21T23:10:48.926+08:00 level=DEBUG msg="discovery: skipping unreachable socket" socket=/tmp/tmux-501/ta-t121u01 err="query tmux on /tmp/tmux-501/ta-t121u01: exit status 1: no server running on /tmp/tmux-501/ta-t121u01"
time=2026-08-21T23:10:48.927+08:00 level=DEBUG msg="discovery: skipping unreachable socket" socket=/tmp/tmux-501/ta-t121u01 err="query tmux on /tmp/tmux-501/ta-t121u01: exit status 1: no server running on /tmp/tmux-501/ta-t121u01"
time=2026-08-21T23:10:48.940+08:00 level=DEBUG msg="discovery: skipping unreachable socket" socket=/tmp/tmux-501/ta-t121u01b err="query tmux on /tmp/tmux-501/ta-t121u01b: exit status 1: no server running on /tmp/tmux-501/ta-t121u01b"
time=2026-08-21T23:10:48.940+08:00 level=DEBUG msg="discovery: skipping unreachable socket" socket=/tmp/tmux-501/ta-t121u01b err="query tmux on /tmp/tmux-501/ta-t121u01b: exit status 1: no server running on /tmp/tmux-501/ta-t121u01b"
time=2026-08-21T23:10:48.957+08:00 level=DEBUG msg="discovery: skipping unreachable socket" socket=/tmp/tmux-501/ta-user-agents err="query tmux on /tmp/tmux-501/ta-user-agents: exit status 1: no server running on /tmp/tmux-501/ta-user-agents"
time=2026-08-21T23:10:48.959+08:00 level=DEBUG msg="discovery: skipping unreachable socket" socket=/tmp/tmux-501/ta-user-agents err="query tmux on /tmp/tmux-501/ta-user-agents: exit status 1: no server running on /tmp/tmux-501/ta-user-agents"
time=2026-08-21T23:10:49.079+08:00 level=WARN msg="level2: title unknown for provider" provider=grok codepoint=U+002B title="+ Agent 弹窗图标卡片重做 - grok" is_letter=false is_number=false leading_glyph=true status=unknown
time=2026-08-21T23:10:49.079+08:00 level=WARN msg="level2: title unknown for provider" provider=grok codepoint=U+002B title="+ Agent 弹窗图标卡片重做 - grok" is_letter=false is_number=false leading_glyph=true status=unknown
time=2026-08-21T23:10:49.113+08:00 level=DEBUG msg="discovery: skipping unreachable socket" socket=/tmp/tmux-501/t115d24675 err="query tmux on /tmp/tmux-501/t115d24675: exit status 1: no server running on /tmp/tmux-501/t115d24675"
time=2026-08-21T23:10:49.133+08:00 level=DEBUG msg="discovery: skipping unreachable socket" socket=/tmp/tmux-501/t115e31319 err="query tmux on /tmp/tmux-501/t115e31319: exit status 1: no server running on /tmp/tmux-501/t115e31319"
time=2026-08-21T23:10:49.146+08:00 level=DEBUG msg="discovery: skipping unreachable socket" socket=/tmp/tmux-501/t115f44898 err="query tmux on /tmp/tmux-501/t115f44898: exit status 1: no server running on /tmp/tmux-501/t115f44898"
time=2026-08-21T23:10:49.159+08:00 level=DEBUG msg="discovery: skipping unreachable socket" socket=/tmp/tmux-501/t115g47728 err="query tmux on /tmp/tmux-501/t115g47728: exit status 1: no server running on /tmp/tmux-501/t115g47728"
time=2026-08-21T23:10:49.171+08:00 level=DEBUG msg="discovery: skipping unreachable socket" socket=/tmp/tmux-501/ta-0bafa3965ade err="query tmux on /tmp/tmux-501/ta-0bafa3965ade: exit status 1: no server running on /tmp/tmux-501/ta-0bafa3965ade"
time=2026-08-21T23:10:49.232+08:00 level=DEBUG msg="discovery: skipping unreachable socket" socket=/tmp/tmux-501/ta-61709dcf801e err="query tmux on /tmp/tmux-501/ta-61709dcf801e: exit status 1: no server running on /tmp/tmux-501/ta-61709dcf801e"
time=2026-08-21T23:10:49.262+08:00 level=DEBUG msg="discovery: skipping unparsable pane line" socket=/tmp/tmux-501/ta-a9fd5b7defbd line="team-refactor-maintainability|6|%39|/Users/alauda/Documents/code/agent前沿探索/多agent协作|bash|87458|t.p9.review 零上下文设计审查已通过<|eos|> - grok|235x50|tester-t124"
time=2026-08-21T23:10:49.285+08:00 level=DEBUG msg="discovery: skipping unreachable socket" socket=/tmp/tmux-501/ta-ed81bd4d8c17 err="query tmux on /tmp/tmux-501/ta-ed81bd4d8c17: exit status 1: no server running on /tmp/tmux-501/ta-ed81bd4d8c17"
time=2026-08-21T23:10:49.302+08:00 level=DEBUG msg="discovery: skipping unreachable socket" socket=/tmp/tmux-501/ta-f1ad1b378fc7 err="query tmux on /tmp/tmux-501/ta-f1ad1b378fc7: exit status 1: no server running on /tmp/tmux-501/ta-f1ad1b378fc7"
time=2026-08-21T23:10:49.326+08:00 level=DEBUG msg="discovery: skipping unreachable socket" socket=/tmp/tmux-501/ta-t121u01 err="query tmux on /tmp/tmux-501/ta-t121u01: exit status 1: no server running on /tmp/tmux-501/ta-t121u01"
time=2026-08-21T23:10:49.337+08:00 level=DEBUG msg="discovery: skipping unreachable socket" socket=/tmp/tmux-501/ta-t121u01b err="query tmux on /tmp/tmux-501/ta-t121u01b: exit status 1: no server running on /tmp/tmux-501/ta-t121u01b"
time=2026-08-21T23:10:49.354+08:00 level=DEBUG msg="discovery: skipping unreachable socket" socket=/tmp/tmux-501/ta-user-agents err="query tmux on /tmp/tmux-501/ta-user-agents: exit status 1: no server running on /tmp/tmux-501/ta-user-agents"
time=2026-08-21T23:10:49.617+08:00 level=DEBUG msg="listing: no changes"
time=2026-08-21T23:10:50.152+08:00 level=DEBUG msg="discovery: skipping unreachable socket" socket=/tmp/tmux-501/t115d24675 err="query tmux on /tmp/tmux-501/t115d24675: exit status 1: no server running on /tmp/tmux-501/t115d24675"
time=2026-08-21T23:10:50.163+08:00 level=DEBUG msg="discovery: skipping unreachable socket" socket=/tmp/tmux-501/t115e31319 err="query tmux on /tmp/tmux-501/t115e31319: exit status 1: no server running on /tmp/tmux-501/t115e31319"
time=2026-08-21T23:10:50.174+08:00 level=DEBUG msg="discovery: skipping unreachable socket" socket=/tmp/tmux-501/t115f44898 err="query tmux on /tmp/tmux-501/t115f44898: exit status 1: no server running on /tmp/tmux-501/t115f44898"
time=2026-08-21T23:10:50.198+08:00 level=DEBUG msg="discovery: skipping unreachable socket" socket=/tmp/tmux-501/t115g47728 err="query tmux on /tmp/tmux-501/t115g47728: exit status 1: no server running on /tmp/tmux-501/t115g47728"
time=2026-08-21T23:10:50.207+08:00 level=DEBUG msg="discovery: skipping unreachable socket" socket=/tmp/tmux-501/ta-0bafa3965ade err="query tmux on /tmp/tmux-501/ta-0bafa3965ade: exit status 1: no server running on /tmp/tmux-501/ta-0bafa3965ade"
time=2026-08-21T23:10:50.271+08:00 level=DEBUG msg="discovery: skipping unreachable socket" socket=/tmp/tmux-501/ta-61709dcf801e err="query tmux on /tmp/tmux-501/ta-61709dcf801e: exit status 1: no server running on /tmp/tmux-501/ta-61709dcf801e"
time=2026-08-21T23:10:50.292+08:00 level=DEBUG msg="discovery: skipping unparsable pane line" socket=/tmp/tmux-501/ta-a9fd5b7defbd line="team-refactor-maintainability|6|%39|/Users/alauda/Documents/code/agent前沿探索/多agent协作|bash|87458|t.p9.review 零上下文设计审查已通过<|eos|> - grok|235x50|tester-t124"
time=2026-08-21T23:10:50.319+08:00 level=DEBUG msg="discovery: skipping unreachable socket" socket=/tmp/tmux-501/ta-ed81bd4d8c17 err="query tmux on /tmp/tmux-501/ta-ed81bd4d8c17: exit status 1: no server running on /tmp/tmux-501/ta-ed81bd4d8c17"
time=2026-08-21T23:10:50.329+08:00 level=DEBUG msg="discovery: skipping unreachable socket" socket=/tmp/tmux-501/ta-f1ad1b378fc7 err="query tmux on /tmp/tmux-501/ta-f1ad1b378fc7: exit status 1: no server running on /tmp/tmux-501/ta-f1ad1b378fc7"
time=2026-08-21T23:10:50.359+08:00 level=DEBUG msg="discovery: skipping unreachable socket" socket=/tmp/tmux-501/ta-t121u01 err="query tmux on /tmp/tmux-501/ta-t121u01: exit status 1: no server running on /tmp/tmux-501/ta-t121u01"
time=2026-08-21T23:10:50.368+08:00 level=DEBUG msg="discovery: skipping unreachable socket" socket=/tmp/tmux-501/ta-t121u01b err="query tmux on /tmp/tmux-501/ta-t121u01b: exit status 1: no server running on /tmp/tmux-501/ta-t121u01b"
time=2026-08-21T23:10:50.382+08:00 level=DEBUG msg="discovery: skipping unreachable socket" socket=/tmp/tmux-501/ta-user-agents err="query tmux on /tmp/tmux-501/ta-user-agents: exit status 1: no server running on /tmp/tmux-501/ta-user-agents"
time=2026-08-21T23:10:51.110+08:00 level=DEBUG msg="discovery: skipping unreachable socket" socket=/tmp/tmux-501/t115d24675 err="query tmux on /tmp/tmux-501/t115d24675: exit status 1: no server running on /tmp/tmux-501/t115d24675"
time=2026-08-21T23:10:51.130+08:00 level=DEBUG msg="discovery: skipping unreachable socket" socket=/tmp/tmux-501/t115e31319 err="query tmux on /tmp/tmux-501/t115e31319: exit status 1: no server running on /tmp/tmux-501/t115e31319"
time=2026-08-21T23:10:51.142+08:00 level=DEBUG msg="discovery: skipping unreachable socket" socket=/tmp/tmux-501/t115f44898 err="query tmux on /tmp/tmux-501/t115f44898: exit status 1: no server running on /tmp/tmux-501/t115f44898"
time=2026-08-21T23:10:51.152+08:00 level=DEBUG msg="discovery: skipping unreachable socket" socket=/tmp/tmux-501/t115g47728 err="query tmux on /tmp/tmux-501/t115g47728: exit status 1: no server running on /tmp/tmux-501/t115g47728"
time=2026-08-21T23:10:51.161+08:00 level=DEBUG msg="discovery: skipping unreachable socket" socket=/tmp/tmux-501/ta-0bafa3965ade err="query tmux on /tmp/tmux-501/ta-0bafa3965ade: exit status 1: no server running on /tmp/tmux-501/ta-0bafa3965ade"
time=2026-08-21T23:10:51.216+08:00 level=DEBUG msg="discovery: skipping unreachable socket" socket=/tmp/tmux-501/ta-61709dcf801e err="query tmux on /tmp/tmux-501/ta-61709dcf801e: exit status 1: no server running on /tmp/tmux-501/ta-61709dcf801e"
time=2026-08-21T23:10:51.236+08:00 level=DEBUG msg="discovery: skipping unparsable pane line" socket=/tmp/tmux-501/ta-a9fd5b7defbd line="team-refactor-maintainability|6|%39|/Users/alauda/Documents/code/agent前沿探索/多agent协作|bash|87458|t.p9.review 零上下文设计审查已通过<|eos|> - grok|235x50|tester-t124"
time=2026-08-21T23:10:51.272+08:00 level=DEBUG msg="discovery: skipping unreachable socket" socket=/tmp/tmux-501/ta-ed81bd4d8c17 err="query tmux on /tmp/tmux-501/ta-ed81bd4d8c17: exit status 1: no server running on /tmp/tmux-501/ta-ed81bd4d8c17"
time=2026-08-21T23:10:51.283+08:00 level=DEBUG msg="discovery: skipping unreachable socket" socket=/tmp/tmux-501/ta-f1ad1b378fc7 err="query tmux on /tmp/tmux-501/ta-f1ad1b378fc7: exit status 1: no server running on /tmp/tmux-501/ta-f1ad1b378fc7"
time=2026-08-21T23:10:51.302+08:00 level=DEBUG msg="discovery: skipping unreachable socket" socket=/tmp/tmux-501/ta-t121u01 err="query tmux on /tmp/tmux-501/ta-t121u01: exit status 1: no server running on /tmp/tmux-501/ta-t121u01"
time=2026-08-21T23:10:51.323+08:00 level=DEBUG msg="discovery: skipping unreachable socket" socket=/tmp/tmux-501/ta-t121u01b err="query tmux on /tmp/tmux-501/ta-t121u01b: exit status 1: no server running on /tmp/tmux-501/ta-t121u01b"
time=2026-08-21T23:10:51.339+08:00 level=DEBUG msg="discovery: skipping unreachable socket" socket=/tmp/tmux-501/ta-user-agents err="query tmux on /tmp/tmux-501/ta-user-agents: exit status 1: no server running on /tmp/tmux-501/ta-user-agents"
time=2026-08-21T23:10:51.538+08:00 level=WARN msg="level2: title unknown for provider" provider=grok codepoint=U+002B title="+ Agent 弹窗图标卡片重做 - grok" is_letter=false is_number=false leading_glyph=true status=unknown
time=2026-08-21T23:10:53.595+08:00 level=DEBUG msg="discovery: skipping unreachable socket" socket=/tmp/tmux-501/t115d24675 err="query tmux on /tmp/tmux-501/t115d24675: exit status 1: no server running on /tmp/tmux-501/t115d24675"
time=2026-08-21T23:10:53.609+08:00 level=DEBUG msg="discovery: skipping unreachable socket" socket=/tmp/tmux-501/t115e31319 err="query tmux on /tmp/tmux-501/t115e31319: exit status 1: no server running on /tmp/tmux-501/t115e31319"
time=2026-08-21T23:10:53.620+08:00 level=DEBUG msg="discovery: skipping unreachable socket" socket=/tmp/tmux-501/t115f44898 err="query tmux on /tmp/tmux-501/t115f44898: exit status 1: no server running on /tmp/tmux-501/t115f44898"
time=2026-08-21T23:10:53.640+08:00 level=DEBUG msg="discovery: skipping unreachable socket" socket=/tmp/tmux-501/t115g47728 err="query tmux on /tmp/tmux-501/t115g47728: exit status 1: no server running on /tmp/tmux-501/t115g47728"
time=2026-08-21T23:10:53.652+08:00 level=DEBUG msg="discovery: skipping unreachable socket" socket=/tmp/tmux-501/ta-0bafa3965ade err="query tmux on /tmp/tmux-501/ta-0bafa3965ade: exit status 1: no server running on /tmp/tmux-501/ta-0bafa3965ade"
time=2026-08-21T23:10:53.708+08:00 level=DEBUG msg="discovery: skipping unreachable socket" socket=/tmp/tmux-501/ta-61709dcf801e err="query tmux on /tmp/tmux-501/ta-61709dcf801e: exit status 1: no server running on /tmp/tmux-501/ta-61709dcf801e"
time=2026-08-21T23:10:53.741+08:00 level=DEBUG msg="discovery: skipping unparsable pane line" socket=/tmp/tmux-501/ta-a9fd5b7defbd line="team-refactor-maintainability|6|%39|/Users/alauda/Documents/code/agent前沿探索/多agent协作|bash|87458|t.p9.review 零上下文设计审查已通过<|eos|> - grok|235x50|tester-t124"
time=2026-08-21T23:10:53.766+08:00 level=DEBUG msg="discovery: skipping unreachable socket" socket=/tmp/tmux-501/ta-ed81bd4d8c17 err="query tmux on /tmp/tmux-501/ta-ed81bd4d8c17: exit status 1: no server running on /tmp/tmux-501/ta-ed81bd4d8c17"
time=2026-08-21T23:10:53.776+08:00 level=DEBUG msg="discovery: skipping unreachable socket" socket=/tmp/tmux-501/ta-f1ad1b378fc7 err="query tmux on /tmp/tmux-501/ta-f1ad1b378fc7: exit status 1: no server running on /tmp/tmux-501/ta-f1ad1b378fc7"
time=2026-08-21T23:10:53.801+08:00 level=DEBUG msg="discovery: skipping unreachable socket" socket=/tmp/tmux-501/ta-t121u01 err="query tmux on /tmp/tmux-501/ta-t121u01: exit status 1: no server running on /tmp/tmux-501/ta-t121u01"
time=2026-08-21T23:10:53.813+08:00 level=DEBUG msg="discovery: skipping unreachable socket" socket=/tmp/tmux-501/ta-t121u01b err="query tmux on /tmp/tmux-501/ta-t121u01b: exit status 1: no server running on /tmp/tmux-501/ta-t121u01b"
time=2026-08-21T23:10:53.825+08:00 level=DEBUG msg="discovery: skipping unreachable socket" socket=/tmp/tmux-501/ta-user-agents err="query tmux on /tmp/tmux-501/ta-user-agents: exit status 1: no server running on /tmp/tmux-501/ta-user-agents"
time=2026-08-21T23:10:54.016+08:00 level=WARN msg="level2: title unknown for provider" provider=grok codepoint=U+002B title="+ Agent 弹窗图标卡片重做 - grok" is_letter=false is_number=false leading_glyph=true status=unknown
time=2026-08-21T23:10:55.292+08:00 level=DEBUG msg="listing: no changes"
time=2026-08-21T23:10:55.292+08:00 level=INFO msg="listing: refresh on open" req_id=2 had_cache=true prev_seq=1 prev_sessions=58 cur_sessions=58 cur_seq=1 refresh_err=""
time=2026-08-21T23:10:56.048+08:00 level=DEBUG msg="discovery: skipping unreachable socket" socket=/tmp/tmux-501/t115d24675 err="query tmux on /tmp/tmux-501/t115d24675: exit status 1: no server running on /tmp/tmux-501/t115d24675"
time=2026-08-21T23:10:56.057+08:00 level=DEBUG msg="discovery: skipping unreachable socket" socket=/tmp/tmux-501/t115e31319 err="query tmux on /tmp/tmux-501/t115e31319: exit status 1: no server running on /tmp/tmux-501/t115e31319"
time=2026-08-21T23:10:56.066+08:00 level=DEBUG msg="discovery: skipping unreachable socket" socket=/tmp/tmux-501/t115f44898 err="query tmux on /tmp/tmux-501/t115f44898: exit status 1: no server running on /tmp/tmux-501/t115f44898"
time=2026-08-21T23:10:56.075+08:00 level=DEBUG msg="discovery: skipping unreachable socket" socket=/tmp/tmux-501/t115g47728 err="query tmux on /tmp/tmux-501/t115g47728: exit status 1: no server running on /tmp/tmux-501/t115g47728"
time=2026-08-21T23:10:56.084+08:00 level=DEBUG msg="discovery: skipping unreachable socket" socket=/tmp/tmux-501/ta-0bafa3965ade err="query tmux on /tmp/tmux-501/ta-0bafa3965ade: exit status 1: no server running on /tmp/tmux-501/ta-0bafa3965ade"
time=2026-08-21T23:10:56.121+08:00 level=DEBUG msg="discovery: skipping unreachable socket" socket=/tmp/tmux-501/ta-61709dcf801e err="query tmux on /tmp/tmux-501/ta-61709dcf801e: exit status 1: no server running on /tmp/tmux-501/ta-61709dcf801e"
time=2026-08-21T23:10:56.141+08:00 level=DEBUG msg="discovery: skipping unparsable pane line" socket=/tmp/tmux-501/ta-a9fd5b7defbd line="team-refactor-maintainability|6|%39|/Users/alauda/Documents/code/agent前沿探索/多agent协作|bash|87458|t.p9.review 零上下文设计审查已通过<|eos|> - grok|235x50|tester-t124"
time=2026-08-21T23:10:56.160+08:00 level=DEBUG msg="discovery: skipping unreachable socket" socket=/tmp/tmux-501/ta-ed81bd4d8c17 err="query tmux on /tmp/tmux-501/ta-ed81bd4d8c17: exit status 1: no server running on /tmp/tmux-501/ta-ed81bd4d8c17"
time=2026-08-21T23:10:56.170+08:00 level=DEBUG msg="discovery: skipping unreachable socket" socket=/tmp/tmux-501/ta-f1ad1b378fc7 err="query tmux on /tmp/tmux-501/ta-f1ad1b378fc7: exit status 1: no server running on /tmp/tmux-501/ta-f1ad1b378fc7"
time=2026-08-21T23:10:56.172+08:00 level=DEBUG msg="listing: no changes"
time=2026-08-21T23:10:56.188+08:00 level=DEBUG msg="discovery: skipping unreachable socket" socket=/tmp/tmux-501/ta-t121u01 err="query tmux on /tmp/tmux-501/ta-t121u01: exit status 1: no server running on /tmp/tmux-501/ta-t121u01"
time=2026-08-21T23:10:56.196+08:00 level=DEBUG msg="discovery: skipping unreachable socket" socket=/tmp/tmux-501/ta-t121u01b err="query tmux on /tmp/tmux-501/ta-t121u01b: exit status 1: no server running on /tmp/tmux-501/ta-t121u01b"
time=2026-08-21T23:10:56.205+08:00 level=DEBUG msg="discovery: skipping unreachable socket" socket=/tmp/tmux-501/ta-user-agents err="query tmux on /tmp/tmux-501/ta-user-agents: exit status 1: no server running on /tmp/tmux-501/ta-user-agents"
time=2026-08-21T23:10:56.251+08:00 level=WARN msg="level2: title unknown for provider" provider=grok codepoint=U+002B title="+ Agent 弹窗图标卡片重做 - grok" is_letter=false is_number=false leading_glyph=true status=unknown
time=2026-08-21T23:10:56.705+08:00 level=DEBUG msg="discovery: skipping unreachable socket" socket=/tmp/tmux-501/t115d24675 err="query tmux on /tmp/tmux-501/t115d24675: exit status 1: no server running on /tmp/tmux-501/t115d24675"
time=2026-08-21T23:10:56.716+08:00 level=DEBUG msg="discovery: skipping unreachable socket" socket=/tmp/tmux-501/t115e31319 err="query tmux on /tmp/tmux-501/t115e31319: exit status 1: no server running on /tmp/tmux-501/t115e31319"
time=2026-08-21T23:10:56.731+08:00 level=DEBUG msg="discovery: skipping unreachable socket" socket=/tmp/tmux-501/t115f44898 err="query tmux on /tmp/tmux-501/t115f44898: exit status 1: no server running on /tmp/tmux-501/t115f44898"
time=2026-08-21T23:10:56.741+08:00 level=DEBUG msg="discovery: skipping unreachable socket" socket=/tmp/tmux-501/t115g47728 err="query tmux on /tmp/tmux-501/t115g47728: exit status 1: no server running on /tmp/tmux-501/t115g47728"
time=2026-08-21T23:10:56.750+08:00 level=DEBUG msg="discovery: skipping unreachable socket" socket=/tmp/tmux-501/ta-0bafa3965ade err="query tmux on /tmp/tmux-501/ta-0bafa3965ade: exit status 1: no server running on /tmp/tmux-501/ta-0bafa3965ade"
time=2026-08-21T23:10:56.793+08:00 level=DEBUG msg="discovery: skipping unreachable socket" socket=/tmp/tmux-501/ta-61709dcf801e err="query tmux on /tmp/tmux-501/ta-61709dcf801e: exit status 1: no server running on /tmp/tmux-501/ta-61709dcf801e"
time=2026-08-21T23:10:56.814+08:00 level=DEBUG msg="discovery: skipping unparsable pane line" socket=/tmp/tmux-501/ta-a9fd5b7defbd line="team-refactor-maintainability|6|%39|/Users/alauda/Documents/code/agent前沿探索/多agent协作|bash|87458|t.p9.review 零上下文设计审查已通过<|eos|> - grok|235x50|tester-t124"
time=2026-08-21T23:10:56.840+08:00 level=DEBUG msg="discovery: skipping unreachable socket" socket=/tmp/tmux-501/ta-ed81bd4d8c17 err="query tmux on /tmp/tmux-501/ta-ed81bd4d8c17: exit status 1: no server running on /tmp/tmux-501/ta-ed81bd4d8c17"
time=2026-08-21T23:10:56.850+08:00 level=DEBUG msg="discovery: skipping unreachable socket" socket=/tmp/tmux-501/ta-f1ad1b378fc7 err="query tmux on /tmp/tmux-501/ta-f1ad1b378fc7: exit status 1: no server running on /tmp/tmux-501/ta-f1ad1b378fc7"
time=2026-08-21T23:10:56.869+08:00 level=DEBUG msg="discovery: skipping unreachable socket" socket=/tmp/tmux-501/ta-t121u01 err="query tmux on /tmp/tmux-501/ta-t121u01: exit status 1: no server running on /tmp/tmux-501/ta-t121u01"
time=2026-08-21T23:10:56.879+08:00 level=DEBUG msg="discovery: skipping unreachable socket" socket=/tmp/tmux-501/ta-t121u01b err="query tmux on /tmp/tmux-501/ta-t121u01b: exit status 1: no server running on /tmp/tmux-501/ta-t121u01b"
time=2026-08-21T23:10:56.892+08:00 level=DEBUG msg="discovery: skipping unreachable socket" socket=/tmp/tmux-501/ta-user-agents err="query tmux on /tmp/tmux-501/ta-user-agents: exit status 1: no server running on /tmp/tmux-501/ta-user-agents"
time=2026-08-21T23:10:58.283+08:00 level=DEBUG msg="discovery: skipping unreachable socket" socket=/tmp/tmux-501/t115d24675 err="query tmux on /tmp/tmux-501/t115d24675: exit status 1: no server running on /tmp/tmux-501/t115d24675"
time=2026-08-21T23:10:58.299+08:00 level=DEBUG msg="discovery: skipping unreachable socket" socket=/tmp/tmux-501/t115e31319 err="query tmux on /tmp/tmux-501/t115e31319: exit status 1: no server running on /tmp/tmux-501/t115e31319"
time=2026-08-21T23:10:58.308+08:00 level=DEBUG msg="discovery: skipping unreachable socket" socket=/tmp/tmux-501/t115f44898 err="query tmux on /tmp/tmux-501/t115f44898: exit status 1: no server running on /tmp/tmux-501/t115f44898"
time=2026-08-21T23:10:58.318+08:00 level=DEBUG msg="discovery: skipping unreachable socket" socket=/tmp/tmux-501/t115g47728 err="query tmux on /tmp/tmux-501/t115g47728: exit status 1: no server running on /tmp/tmux-501/t115g47728"
time=2026-08-21T23:10:58.327+08:00 level=DEBUG msg="discovery: skipping unreachable socket" socket=/tmp/tmux-501/ta-0bafa3965ade err="query tmux on /tmp/tmux-501/ta-0bafa3965ade: exit status 1: no server running on /tmp/tmux-501/ta-0bafa3965ade"
time=2026-08-21T23:10:58.374+08:00 level=DEBUG msg="discovery: skipping unreachable socket" socket=/tmp/tmux-501/ta-61709dcf801e err="query tmux on /tmp/tmux-501/ta-61709dcf801e: exit status 1: no server running on /tmp/tmux-501/ta-61709dcf801e"
time=2026-08-21T23:10:58.400+08:00 level=DEBUG msg="discovery: skipping unparsable pane line" socket=/tmp/tmux-501/ta-a9fd5b7defbd line="team-refactor-maintainability|6|%39|/Users/alauda/Documents/code/agent前沿探索/多agent协作|bash|87458|t.p9.review 零上下文设计审查已通过<|eos|> - grok|235x50|tester-t124"
time=2026-08-21T23:10:58.424+08:00 level=DEBUG msg="discovery: skipping unreachable socket" socket=/tmp/tmux-501/ta-ed81bd4d8c17 err="query tmux on /tmp/tmux-501/ta-ed81bd4d8c17: exit status 1: no server running on /tmp/tmux-501/ta-ed81bd4d8c17"
time=2026-08-21T23:10:58.434+08:00 level=DEBUG msg="discovery: skipping unreachable socket" socket=/tmp/tmux-501/ta-f1ad1b378fc7 err="query tmux on /tmp/tmux-501/ta-f1ad1b378fc7: exit status 1: no server running on /tmp/tmux-501/ta-f1ad1b378fc7"
time=2026-08-21T23:10:58.457+08:00 level=DEBUG msg="discovery: skipping unreachable socket" socket=/tmp/tmux-501/ta-t121u01 err="query tmux on /tmp/tmux-501/ta-t121u01: exit status 1: no server running on /tmp/tmux-501/ta-t121u01"
time=2026-08-21T23:10:58.467+08:00 level=DEBUG msg="discovery: skipping unreachable socket" socket=/tmp/tmux-501/ta-t121u01b err="query tmux on /tmp/tmux-501/ta-t121u01b: exit status 1: no server running on /tmp/tmux-501/ta-t121u01b"
time=2026-08-21T23:10:58.477+08:00 level=DEBUG msg="discovery: skipping unreachable socket" socket=/tmp/tmux-501/ta-user-agents err="query tmux on /tmp/tmux-501/ta-user-agents: exit status 1: no server running on /tmp/tmux-501/ta-user-agents"
time=2026-08-21T23:10:58.576+08:00 level=WARN msg="level2: title unknown for provider" provider=grok codepoint=U+002B title="+ Agent 弹窗图标卡片重做 - grok" is_letter=false is_number=false leading_glyph=true status=unknown
time=2026-08-21T23:11:00.448+08:00 level=DEBUG msg="discovery: skipping unreachable socket" socket=/tmp/tmux-501/t115d24675 err="query tmux on /tmp/tmux-501/t115d24675: exit status 1: no server running on /tmp/tmux-501/t115d24675"
time=2026-08-21T23:11:00.462+08:00 level=DEBUG msg="discovery: skipping unreachable socket" socket=/tmp/tmux-501/t115e31319 err="query tmux on /tmp/tmux-501/t115e31319: exit status 1: no server running on /tmp/tmux-501/t115e31319"
time=2026-08-21T23:11:00.483+08:00 level=DEBUG msg="discovery: skipping unreachable socket" socket=/tmp/tmux-501/t115f44898 err="query tmux on /tmp/tmux-501/t115f44898: exit status 1: no server running on /tmp/tmux-501/t115f44898"
time=2026-08-21T23:11:00.492+08:00 level=DEBUG msg="discovery: skipping unreachable socket" socket=/tmp/tmux-501/t115g47728 err="query tmux on /tmp/tmux-501/t115g47728: exit status 1: no server running on /tmp/tmux-501/t115g47728"
time=2026-08-21T23:11:00.509+08:00 level=DEBUG msg="discovery: skipping unreachable socket" socket=/tmp/tmux-501/ta-0bafa3965ade err="query tmux on /tmp/tmux-501/ta-0bafa3965ade: exit status 1: no server running on /tmp/tmux-501/ta-0bafa3965ade"
time=2026-08-21T23:11:00.568+08:00 level=DEBUG msg="discovery: skipping unreachable socket" socket=/tmp/tmux-501/ta-61709dcf801e err="query tmux on /tmp/tmux-501/ta-61709dcf801e: exit status 1: no server running on /tmp/tmux-501/ta-61709dcf801e"
time=2026-08-21T23:11:00.598+08:00 level=DEBUG msg="discovery: skipping unparsable pane line" socket=/tmp/tmux-501/ta-a9fd5b7defbd line="team-refactor-maintainability|6|%39|/Users/alauda/Documents/code/agent前沿探索/多agent协作|bash|87458|t.p9.review 零上下文设计审查已通过<|eos|> - grok|235x50|tester-t124"
time=2026-08-21T23:11:00.627+08:00 level=DEBUG msg="discovery: skipping unreachable socket" socket=/tmp/tmux-501/t115d24675 err="query tmux on /tmp/tmux-501/t115d24675: exit status 1: no server running on /tmp/tmux-501/t115d24675"
time=2026-08-21T23:11:00.635+08:00 level=DEBUG msg="discovery: skipping unreachable socket" socket=/tmp/tmux-501/ta-ed81bd4d8c17 err="query tmux on /tmp/tmux-501/ta-ed81bd4d8c17: exit status 1: no server running on /tmp/tmux-501/ta-ed81bd4d8c17"
time=2026-08-21T23:11:00.639+08:00 level=DEBUG msg="discovery: skipping unreachable socket" socket=/tmp/tmux-501/t115e31319 err="query tmux on /tmp/tmux-501/t115e31319: exit status 1: no server running on /tmp/tmux-501/t115e31319"
time=2026-08-21T23:11:00.644+08:00 level=DEBUG msg="discovery: skipping unreachable socket" socket=/tmp/tmux-501/ta-f1ad1b378fc7 err="query tmux on /tmp/tmux-501/ta-f1ad1b378fc7: exit status 1: no server running on /tmp/tmux-501/ta-f1ad1b378fc7"
time=2026-08-21T23:11:00.649+08:00 level=DEBUG msg="discovery: skipping unreachable socket" socket=/tmp/tmux-501/t115f44898 err="query tmux on /tmp/tmux-501/t115f44898: exit status 1: no server running on /tmp/tmux-501/t115f44898"
time=2026-08-21T23:11:00.658+08:00 level=DEBUG msg="discovery: skipping unreachable socket" socket=/tmp/tmux-501/t115g47728 err="query tmux on /tmp/tmux-501/t115g47728: exit status 1: no server running on /tmp/tmux-501/t115g47728"
time=2026-08-21T23:11:00.666+08:00 level=DEBUG msg="discovery: skipping unreachable socket" socket=/tmp/tmux-501/ta-t121u01 err="query tmux on /tmp/tmux-501/ta-t121u01: exit status 1: no server running on /tmp/tmux-501/ta-t121u01"
time=2026-08-21T23:11:00.668+08:00 level=DEBUG msg="discovery: skipping unreachable socket" socket=/tmp/tmux-501/ta-0bafa3965ade err="query tmux on /tmp/tmux-501/ta-0bafa3965ade: exit status 1: no server running on /tmp/tmux-501/ta-0bafa3965ade"
time=2026-08-21T23:11:00.675+08:00 level=DEBUG msg="discovery: skipping unreachable socket" socket=/tmp/tmux-501/ta-t121u01b err="query tmux on /tmp/tmux-501/ta-t121u01b: exit status 1: no server running on /tmp/tmux-501/ta-t121u01b"
time=2026-08-21T23:11:00.692+08:00 level=DEBUG msg="discovery: skipping unreachable socket" socket=/tmp/tmux-501/ta-user-agents err="query tmux on /tmp/tmux-501/ta-user-agents: exit status 1: no server running on /tmp/tmux-501/ta-user-agents"
time=2026-08-21T23:11:00.718+08:00 level=DEBUG msg="discovery: skipping unreachable socket" socket=/tmp/tmux-501/ta-61709dcf801e err="query tmux on /tmp/tmux-501/ta-61709dcf801e: exit status 1: no server running on /tmp/tmux-501/ta-61709dcf801e"
time=2026-08-21T23:11:00.738+08:00 level=DEBUG msg="discovery: skipping unparsable pane line" socket=/tmp/tmux-501/ta-a9fd5b7defbd line="team-refactor-maintainability|6|%39|/Users/alauda/Documents/code/agent前沿探索/多agent协作|bash|87458|t.p9.review 零上下文设计审查已通过<|eos|> - grok|235x50|tester-t124"
time=2026-08-21T23:11:00.771+08:00 level=DEBUG msg="discovery: skipping unreachable socket" socket=/tmp/tmux-501/ta-ed81bd4d8c17 err="query tmux on /tmp/tmux-501/ta-ed81bd4d8c17: exit status 1: no server running on /tmp/tmux-501/ta-ed81bd4d8c17"
time=2026-08-21T23:11:00.781+08:00 level=DEBUG msg="discovery: skipping unreachable socket" socket=/tmp/tmux-501/ta-f1ad1b378fc7 err="query tmux on /tmp/tmux-501/ta-f1ad1b378fc7: exit status 1: no server running on /tmp/tmux-501/ta-f1ad1b378fc7"
time=2026-08-21T23:11:00.800+08:00 level=DEBUG msg="discovery: skipping unreachable socket" socket=/tmp/tmux-501/ta-t121u01 err="query tmux on /tmp/tmux-501/ta-t121u01: exit status 1: no server running on /tmp/tmux-501/ta-t121u01"
time=2026-08-21T23:11:00.816+08:00 level=DEBUG msg="discovery: skipping unreachable socket" socket=/tmp/tmux-501/ta-t121u01b err="query tmux on /tmp/tmux-501/ta-t121u01b: exit status 1: no server running on /tmp/tmux-501/ta-t121u01b"
time=2026-08-21T23:11:00.831+08:00 level=DEBUG msg="discovery: skipping unreachable socket" socket=/tmp/tmux-501/ta-user-agents err="query tmux on /tmp/tmux-501/ta-user-agents: exit status 1: no server running on /tmp/tmux-501/ta-user-agents"
time=2026-08-21T23:11:00.892+08:00 level=WARN msg="level2: title unknown for provider" provider=grok codepoint=U+002B title="+ Agent 弹窗图标卡片重做 - grok" is_letter=false is_number=false leading_glyph=true status=unknown
time=2026-08-21T23:11:02.928+08:00 level=DEBUG msg="discovery: skipping unreachable socket" socket=/tmp/tmux-501/t115d24675 err="query tmux on /tmp/tmux-501/t115d24675: exit status 1: no server running on /tmp/tmux-501/t115d24675"
time=2026-08-21T23:11:02.937+08:00 level=DEBUG msg="discovery: skipping unreachable socket" socket=/tmp/tmux-501/t115e31319 err="query tmux on /tmp/tmux-501/t115e31319: exit status 1: no server running on /tmp/tmux-501/t115e31319"
time=2026-08-21T23:11:02.950+08:00 level=DEBUG msg="discovery: skipping unreachable socket" socket=/tmp/tmux-501/t115f44898 err="query tmux on /tmp/tmux-501/t115f44898: exit status 1: no server running on /tmp/tmux-501/t115f44898"
time=2026-08-21T23:11:02.961+08:00 level=DEBUG msg="discovery: skipping unreachable socket" socket=/tmp/tmux-501/t115g47728 err="query tmux on /tmp/tmux-501/t115g47728: exit status 1: no server running on /tmp/tmux-501/t115g47728"
time=2026-08-21T23:11:02.971+08:00 level=DEBUG msg="discovery: skipping unreachable socket" socket=/tmp/tmux-501/ta-0bafa3965ade err="query tmux on /tmp/tmux-501/ta-0bafa3965ade: exit status 1: no server running on /tmp/tmux-501/ta-0bafa3965ade"
time=2026-08-21T23:11:03.022+08:00 level=DEBUG msg="discovery: skipping unreachable socket" socket=/tmp/tmux-501/ta-61709dcf801e err="query tmux on /tmp/tmux-501/ta-61709dcf801e: exit status 1: no server running on /tmp/tmux-501/ta-61709dcf801e"
time=2026-08-21T23:11:03.047+08:00 level=DEBUG msg="discovery: skipping unparsable pane line" socket=/tmp/tmux-501/ta-a9fd5b7defbd line="team-refactor-maintainability|6|%39|/Users/alauda/Documents/code/agent前沿探索/多agent协作|bash|87458|t.p9.review 零上下文设计审查已通过<|eos|> - grok|235x50|tester-t124"
time=2026-08-21T23:11:03.072+08:00 level=DEBUG msg="discovery: skipping unreachable socket" socket=/tmp/tmux-501/ta-ed81bd4d8c17 err="query tmux on /tmp/tmux-501/ta-ed81bd4d8c17: exit status 1: no server running on /tmp/tmux-501/ta-ed81bd4d8c17"
time=2026-08-21T23:11:03.082+08:00 level=DEBUG msg="discovery: skipping unreachable socket" socket=/tmp/tmux-501/ta-f1ad1b378fc7 err="query tmux on /tmp/tmux-501/ta-f1ad1b378fc7: exit status 1: no server running on /tmp/tmux-501/ta-f1ad1b378fc7"
time=2026-08-21T23:11:03.113+08:00 level=DEBUG msg="discovery: skipping unreachable socket" socket=/tmp/tmux-501/ta-t121u01 err="query tmux on /tmp/tmux-501/ta-t121u01: exit status 1: no server running on /tmp/tmux-501/ta-t121u01"
time=2026-08-21T23:11:03.128+08:00 level=DEBUG msg="discovery: skipping unreachable socket" socket=/tmp/tmux-501/ta-t121u01b err="query tmux on /tmp/tmux-501/ta-t121u01b: exit status 1: no server running on /tmp/tmux-501/ta-t121u01b"
time=2026-08-21T23:11:03.138+08:00 level=DEBUG msg="discovery: skipping unreachable socket" socket=/tmp/tmux-501/ta-user-agents err="query tmux on /tmp/tmux-501/ta-user-agents: exit status 1: no server running on /tmp/tmux-501/ta-user-agents"
time=2026-08-21T23:11:03.259+08:00 level=WARN msg="level2: title unknown for provider" provider=grok codepoint=U+002B title="+ Agent 弹窗图标卡片重做 - grok" is_letter=false is_number=false leading_glyph=true status=unknown
time=2026-08-21T23:11:03.744+08:00 level=DEBUG msg="listing: no changes"
time=2026-08-21T23:11:04.275+08:00 level=DEBUG msg="discovery: skipping unreachable socket" socket=/tmp/tmux-501/t115d24675 err="query tmux on /tmp/tmux-501/t115d24675: exit status 1: no server running on /tmp/tmux-501/t115d24675"
time=2026-08-21T23:11:04.284+08:00 level=DEBUG msg="discovery: skipping unreachable socket" socket=/tmp/tmux-501/t115e31319 err="query tmux on /tmp/tmux-501/t115e31319: exit status 1: no server running on /tmp/tmux-501/t115e31319"
time=2026-08-21T23:11:04.294+08:00 level=DEBUG msg="discovery: skipping unreachable socket" socket=/tmp/tmux-501/t115f44898 err="query tmux on /tmp/tmux-501/t115f44898: exit status 1: no server running on /tmp/tmux-501/t115f44898"
time=2026-08-21T23:11:04.302+08:00 level=DEBUG msg="discovery: skipping unreachable socket" socket=/tmp/tmux-501/t115g47728 err="query tmux on /tmp/tmux-501/t115g47728: exit status 1: no server running on /tmp/tmux-501/t115g47728"
time=2026-08-21T23:11:04.310+08:00 level=DEBUG msg="discovery: skipping unreachable socket" socket=/tmp/tmux-501/ta-0bafa3965ade err="query tmux on /tmp/tmux-501/ta-0bafa3965ade: exit status 1: no server running on /tmp/tmux-501/ta-0bafa3965ade"
time=2026-08-21T23:11:04.350+08:00 level=DEBUG msg="discovery: skipping unreachable socket" socket=/tmp/tmux-501/ta-61709dcf801e err="query tmux on /tmp/tmux-501/ta-61709dcf801e: exit status 1: no server running on /tmp/tmux-501/ta-61709dcf801e"
time=2026-08-21T23:11:04.371+08:00 level=DEBUG msg="discovery: skipping unparsable pane line" socket=/tmp/tmux-501/ta-a9fd5b7defbd line="team-refactor-maintainability|6|%39|/Users/alauda/Documents/code/agent前沿探索/多agent协作|bash|87458|t.p9.review 零上下文设计审查已通过<|eos|> - grok|235x50|tester-t124"
time=2026-08-21T23:11:04.390+08:00 level=DEBUG msg="discovery: skipping unreachable socket" socket=/tmp/tmux-501/ta-ed81bd4d8c17 err="query tmux on /tmp/tmux-501/ta-ed81bd4d8c17: exit status 1: no server running on /tmp/tmux-501/ta-ed81bd4d8c17"
time=2026-08-21T23:11:04.398+08:00 level=DEBUG msg="discovery: skipping unreachable socket" socket=/tmp/tmux-501/ta-f1ad1b378fc7 err="query tmux on /tmp/tmux-501/ta-f1ad1b378fc7: exit status 1: no server running on /tmp/tmux-501/ta-f1ad1b378fc7"
time=2026-08-21T23:11:04.418+08:00 level=DEBUG msg="discovery: skipping unreachable socket" socket=/tmp/tmux-501/ta-t121u01 err="query tmux on /tmp/tmux-501/ta-t121u01: exit status 1: no server running on /tmp/tmux-501/ta-t121u01"
time=2026-08-21T23:11:04.427+08:00 level=DEBUG msg="discovery: skipping unreachable socket" socket=/tmp/tmux-501/ta-t121u01b err="query tmux on /tmp/tmux-501/ta-t121u01b: exit status 1: no server running on /tmp/tmux-501/ta-t121u01b"
time=2026-08-21T23:11:04.436+08:00 level=DEBUG msg="discovery: skipping unreachable socket" socket=/tmp/tmux-501/ta-user-agents err="query tmux on /tmp/tmux-501/ta-user-agents: exit status 1: no server running on /tmp/tmux-501/ta-user-agents"
time=2026-08-21T23:11:05.287+08:00 level=DEBUG msg="discovery: skipping unreachable socket" socket=/tmp/tmux-501/t115d24675 err="query tmux on /tmp/tmux-501/t115d24675: exit status 1: no server running on /tmp/tmux-501/t115d24675"
time=2026-08-21T23:11:05.296+08:00 level=DEBUG msg="discovery: skipping unreachable socket" socket=/tmp/tmux-501/t115e31319 err="query tmux on /tmp/tmux-501/t115e31319: exit status 1: no server running on /tmp/tmux-501/t115e31319"
time=2026-08-21T23:11:05.305+08:00 level=DEBUG msg="discovery: skipping unreachable socket" socket=/tmp/tmux-501/t115f44898 err="query tmux on /tmp/tmux-501/t115f44898: exit status 1: no server running on /tmp/tmux-501/t115f44898"
time=2026-08-21T23:11:05.313+08:00 level=DEBUG msg="discovery: skipping unreachable socket" socket=/tmp/tmux-501/t115g47728 err="query tmux on /tmp/tmux-501/t115g47728: exit status 1: no server running on /tmp/tmux-501/t115g47728"
time=2026-08-21T23:11:05.322+08:00 level=DEBUG msg="discovery: skipping unreachable socket" socket=/tmp/tmux-501/ta-0bafa3965ade err="query tmux on /tmp/tmux-501/ta-0bafa3965ade: exit status 1: no server running on /tmp/tmux-501/ta-0bafa3965ade"
time=2026-08-21T23:11:05.358+08:00 level=DEBUG msg="discovery: skipping unreachable socket" socket=/tmp/tmux-501/ta-61709dcf801e err="query tmux on /tmp/tmux-501/ta-61709dcf801e: exit status 1: no server running on /tmp/tmux-501/ta-61709dcf801e"
time=2026-08-21T23:11:05.377+08:00 level=DEBUG msg="discovery: skipping unparsable pane line" socket=/tmp/tmux-501/ta-a9fd5b7defbd line="team-refactor-maintainability|6|%39|/Users/alauda/Documents/code/agent前沿探索/多agent协作|bash|87458|t.p9.review 零上下文设计审查已通过<|eos|> - grok|235x50|tester-t124"
time=2026-08-21T23:11:05.397+08:00 level=DEBUG msg="discovery: skipping unreachable socket" socket=/tmp/tmux-501/ta-ed81bd4d8c17 err="query tmux on /tmp/tmux-501/ta-ed81bd4d8c17: exit status 1: no server running on /tmp/tmux-501/ta-ed81bd4d8c17"
time=2026-08-21T23:11:05.406+08:00 level=DEBUG msg="discovery: skipping unreachable socket" socket=/tmp/tmux-501/ta-f1ad1b378fc7 err="query tmux on /tmp/tmux-501/ta-f1ad1b378fc7: exit status 1: no server running on /tmp/tmux-501/ta-f1ad1b378fc7"
time=2026-08-21T23:11:05.425+08:00 level=DEBUG msg="discovery: skipping unreachable socket" socket=/tmp/tmux-501/ta-t121u01 err="query tmux on /tmp/tmux-501/ta-t121u01: exit status 1: no server running on /tmp/tmux-501/ta-t121u01"
time=2026-08-21T23:11:05.433+08:00 level=DEBUG msg="discovery: skipping unreachable socket" socket=/tmp/tmux-501/ta-t121u01b err="query tmux on /tmp/tmux-501/ta-t121u01b: exit status 1: no server running on /tmp/tmux-501/ta-t121u01b"
time=2026-08-21T23:11:05.442+08:00 level=DEBUG msg="discovery: skipping unreachable socket" socket=/tmp/tmux-501/ta-user-agents err="query tmux on /tmp/tmux-501/ta-user-agents: exit status 1: no server running on /tmp/tmux-501/ta-user-agents"
time=2026-08-21T23:11:05.580+08:00 level=WARN msg="level2: title unknown for provider" provider=grok codepoint=U+002B title="+ Agent 弹窗图标卡片重做 - grok" is_letter=false is_number=false leading_glyph=true status=unknown
time=2026-08-21T23:11:07.259+08:00 level=DEBUG msg="listing: no changes"
time=2026-08-21T23:11:07.609+08:00 level=DEBUG msg="discovery: skipping unreachable socket" socket=/tmp/tmux-501/t115d24675 err="query tmux on /tmp/tmux-501/t115d24675: exit status 1: no server running on /tmp/tmux-501/t115d24675"
time=2026-08-21T23:11:07.618+08:00 level=DEBUG msg="discovery: skipping unreachable socket" socket=/tmp/tmux-501/t115e31319 err="query tmux on /tmp/tmux-501/t115e31319: exit status 1: no server running on /tmp/tmux-501/t115e31319"
time=2026-08-21T23:11:07.627+08:00 level=DEBUG msg="discovery: skipping unreachable socket" socket=/tmp/tmux-501/t115f44898 err="query tmux on /tmp/tmux-501/t115f44898: exit status 1: no server running on /tmp/tmux-501/t115f44898"
time=2026-08-21T23:11:07.637+08:00 level=DEBUG msg="discovery: skipping unreachable socket" socket=/tmp/tmux-501/t115g47728 err="query tmux on /tmp/tmux-501/t115g47728: exit status 1: no server running on /tmp/tmux-501/t115g47728"
time=2026-08-21T23:11:07.647+08:00 level=DEBUG msg="discovery: skipping unreachable socket" socket=/tmp/tmux-501/ta-0bafa3965ade err="query tmux on /tmp/tmux-501/ta-0bafa3965ade: exit status 1: no server running on /tmp/tmux-501/ta-0bafa3965ade"
time=2026-08-21T23:11:07.685+08:00 level=DEBUG msg="discovery: skipping unreachable socket" socket=/tmp/tmux-501/ta-61709dcf801e err="query tmux on /tmp/tmux-501/ta-61709dcf801e: exit status 1: no server running on /tmp/tmux-501/ta-61709dcf801e"
time=2026-08-21T23:11:07.821+08:00 level=DEBUG msg="discovery: skipping unparsable pane line" socket=/tmp/tmux-501/ta-a9fd5b7defbd line="team-refactor-maintainability|6|%39|/Users/alauda/Documents/code/agent前沿探索/多agent协作|bash|87458|t.p9.review 零上下文设计审查已通过<|eos|> - grok|235x50|tester-t124"
time=2026-08-21T23:11:07.858+08:00 level=DEBUG msg="discovery: skipping unreachable socket" socket=/tmp/tmux-501/t115d24675 err="query tmux on /tmp/tmux-501/t115d24675: exit status 1: no server running on /tmp/tmux-501/t115d24675"
time=2026-08-21T23:11:07.862+08:00 level=DEBUG msg="discovery: skipping unreachable socket" socket=/tmp/tmux-501/ta-ed81bd4d8c17 err="query tmux on /tmp/tmux-501/ta-ed81bd4d8c17: exit status 1: no server running on /tmp/tmux-501/ta-ed81bd4d8c17"
time=2026-08-21T23:11:07.869+08:00 level=DEBUG msg="discovery: skipping unreachable socket" socket=/tmp/tmux-501/t115e31319 err="query tmux on /tmp/tmux-501/t115e31319: exit status 1: no server running on /tmp/tmux-501/t115e31319"
time=2026-08-21T23:11:07.872+08:00 level=DEBUG msg="discovery: skipping unreachable socket" socket=/tmp/tmux-501/ta-f1ad1b378fc7 err="query tmux on /tmp/tmux-501/ta-f1ad1b378fc7: exit status 1: no server running on /tmp/tmux-501/ta-f1ad1b378fc7"
time=2026-08-21T23:11:07.878+08:00 level=DEBUG msg="discovery: skipping unreachable socket" socket=/tmp/tmux-501/t115f44898 err="query tmux on /tmp/tmux-501/t115f44898: exit status 1: no server running on /tmp/tmux-501/t115f44898"
time=2026-08-21T23:11:07.888+08:00 level=DEBUG msg="discovery: skipping unreachable socket" socket=/tmp/tmux-501/t115g47728 err="query tmux on /tmp/tmux-501/t115g47728: exit status 1: no server running on /tmp/tmux-501/t115g47728"
time=2026-08-21T23:11:07.891+08:00 level=DEBUG msg="discovery: skipping unreachable socket" socket=/tmp/tmux-501/ta-t121u01 err="query tmux on /tmp/tmux-501/ta-t121u01: exit status 1: no server running on /tmp/tmux-501/ta-t121u01"
time=2026-08-21T23:11:07.902+08:00 level=DEBUG msg="discovery: skipping unreachable socket" socket=/tmp/tmux-501/ta-0bafa3965ade err="query tmux on /tmp/tmux-501/ta-0bafa3965ade: exit status 1: no server running on /tmp/tmux-501/ta-0bafa3965ade"
time=2026-08-21T23:11:07.904+08:00 level=DEBUG msg="discovery: skipping unreachable socket" socket=/tmp/tmux-501/ta-t121u01b err="query tmux on /tmp/tmux-501/ta-t121u01b: exit status 1: no server running on /tmp/tmux-501/ta-t121u01b"
time=2026-08-21T23:11:07.914+08:00 level=DEBUG msg="discovery: skipping unreachable socket" socket=/tmp/tmux-501/ta-user-agents err="query tmux on /tmp/tmux-501/ta-user-agents: exit status 1: no server running on /tmp/tmux-501/ta-user-agents"
time=2026-08-21T23:11:07.942+08:00 level=DEBUG msg="discovery: skipping unreachable socket" socket=/tmp/tmux-501/ta-61709dcf801e err="query tmux on /tmp/tmux-501/ta-61709dcf801e: exit status 1: no server running on /tmp/tmux-501/ta-61709dcf801e"
time=2026-08-21T23:11:07.966+08:00 level=WARN msg="level2: title unknown for provider" provider=grok codepoint=U+002B title="+ Agent 弹窗图标卡片重做 - grok" is_letter=false is_number=false leading_glyph=true status=unknown
time=2026-08-21T23:11:07.968+08:00 level=DEBUG msg="discovery: skipping unparsable pane line" socket=/tmp/tmux-501/ta-a9fd5b7defbd line="team-refactor-maintainability|6|%39|/Users/alauda/Documents/code/agent前沿探索/多agent协作|bash|87458|t.p9.review 零上下文设计审查已通过<|eos|> - grok|235x50|tester-t124"
time=2026-08-21T23:11:07.986+08:00 level=DEBUG msg="discovery: skipping unreachable socket" socket=/tmp/tmux-501/ta-ed81bd4d8c17 err="query tmux on /tmp/tmux-501/ta-ed81bd4d8c17: exit status 1: no server running on /tmp/tmux-501/ta-ed81bd4d8c17"
time=2026-08-21T23:11:07.997+08:00 level=DEBUG msg="discovery: skipping unreachable socket" socket=/tmp/tmux-501/ta-f1ad1b378fc7 err="query tmux on /tmp/tmux-501/ta-f1ad1b378fc7: exit status 1: no server running on /tmp/tmux-501/ta-f1ad1b378fc7"
time=2026-08-21T23:11:08.018+08:00 level=DEBUG msg="discovery: skipping unreachable socket" socket=/tmp/tmux-501/ta-t121u01 err="query tmux on /tmp/tmux-501/ta-t121u01: exit status 1: no server running on /tmp/tmux-501/ta-t121u01"
time=2026-08-21T23:11:08.027+08:00 level=DEBUG msg="discovery: skipping unreachable socket" socket=/tmp/tmux-501/ta-t121u01b err="query tmux on /tmp/tmux-501/ta-t121u01b: exit status 1: no server running on /tmp/tmux-501/ta-t121u01b"
time=2026-08-21T23:11:08.036+08:00 level=DEBUG msg="discovery: skipping unreachable socket" socket=/tmp/tmux-501/ta-user-agents err="query tmux on /tmp/tmux-501/ta-user-agents: exit status 1: no server running on /tmp/tmux-501/ta-user-agents"
time=2026-08-21T23:11:10.003+08:00 level=DEBUG msg="discovery: skipping unreachable socket" socket=/tmp/tmux-501/t115d24675 err="query tmux on /tmp/tmux-501/t115d24675: exit status 1: no server running on /tmp/tmux-501/t115d24675"
time=2026-08-21T23:11:10.012+08:00 level=DEBUG msg="discovery: skipping unreachable socket" socket=/tmp/tmux-501/t115e31319 err="query tmux on /tmp/tmux-501/t115e31319: exit status 1: no server running on /tmp/tmux-501/t115e31319"
time=2026-08-21T23:11:10.024+08:00 level=DEBUG msg="discovery: skipping unreachable socket" socket=/tmp/tmux-501/t115f44898 err="query tmux on /tmp/tmux-501/t115f44898: exit status 1: no server running on /tmp/tmux-501/t115f44898"
time=2026-08-21T23:11:10.037+08:00 level=DEBUG msg="discovery: skipping unreachable socket" socket=/tmp/tmux-501/t115g47728 err="query tmux on /tmp/tmux-501/t115g47728: exit status 1: no server running on /tmp/tmux-501/t115g47728"
time=2026-08-21T23:11:10.053+08:00 level=DEBUG msg="discovery: skipping unreachable socket" socket=/tmp/tmux-501/ta-0bafa3965ade err="query tmux on /tmp/tmux-501/ta-0bafa3965ade: exit status 1: no server running on /tmp/tmux-501/ta-0bafa3965ade"
time=2026-08-21T23:11:10.098+08:00 level=DEBUG msg="discovery: skipping unreachable socket" socket=/tmp/tmux-501/ta-61709dcf801e err="query tmux on /tmp/tmux-501/ta-61709dcf801e: exit status 1: no server running on /tmp/tmux-501/ta-61709dcf801e"
time=2026-08-21T23:11:10.125+08:00 level=DEBUG msg="discovery: skipping unparsable pane line" socket=/tmp/tmux-501/ta-a9fd5b7defbd line="team-refactor-maintainability|6|%39|/Users/alauda/Documents/code/agent前沿探索/多agent协作|bash|87458|t.p9.review 零上下文设计审查已通过<|eos|> - grok|235x50|tester-t124"
time=2026-08-21T23:11:10.147+08:00 level=DEBUG msg="discovery: skipping unreachable socket" socket=/tmp/tmux-501/ta-ed81bd4d8c17 err="query tmux on /tmp/tmux-501/ta-ed81bd4d8c17: exit status 1: no server running on /tmp/tmux-501/ta-ed81bd4d8c17"
time=2026-08-21T23:11:10.167+08:00 level=DEBUG msg="discovery: skipping unreachable socket" socket=/tmp/tmux-501/ta-f1ad1b378fc7 err="query tmux on /tmp/tmux-501/ta-f1ad1b378fc7: exit status 1: no server running on /tmp/tmux-501/ta-f1ad1b378fc7"
time=2026-08-21T23:11:10.196+08:00 level=DEBUG msg="discovery: skipping unreachable socket" socket=/tmp/tmux-501/ta-t121u01 err="query tmux on /tmp/tmux-501/ta-t121u01: exit status 1: no server running on /tmp/tmux-501/ta-t121u01"
time=2026-08-21T23:11:10.207+08:00 level=DEBUG msg="discovery: skipping unreachable socket" socket=/tmp/tmux-501/ta-t121u01b err="query tmux on /tmp/tmux-501/ta-t121u01b: exit status 1: no server running on /tmp/tmux-501/ta-t121u01b"
time=2026-08-21T23:11:10.218+08:00 level=DEBUG msg="discovery: skipping unreachable socket" socket=/tmp/tmux-501/ta-user-agents err="query tmux on /tmp/tmux-501/ta-user-agents: exit status 1: no server running on /tmp/tmux-501/ta-user-agents"
time=2026-08-21T23:11:10.341+08:00 level=WARN msg="level2: title unknown for provider" provider=grok codepoint=U+002B title="+ Agent 弹窗图标卡片重做 - grok" is_letter=false is_number=false leading_glyph=true status=unknown
time=2026-08-21T23:11:11.199+08:00 level=DEBUG msg="listing: no changes"
time=2026-08-21T23:11:11.731+08:00 level=DEBUG msg="discovery: skipping unreachable socket" socket=/tmp/tmux-501/t115d24675 err="query tmux on /tmp/tmux-501/t115d24675: exit status 1: no server running on /tmp/tmux-501/t115d24675"
time=2026-08-21T23:11:11.740+08:00 level=DEBUG msg="discovery: skipping unreachable socket" socket=/tmp/tmux-501/t115e31319 err="query tmux on /tmp/tmux-501/t115e31319: exit status 1: no server running on /tmp/tmux-501/t115e31319"
time=2026-08-21T23:11:11.751+08:00 level=DEBUG msg="discovery: skipping unreachable socket" socket=/tmp/tmux-501/t115f44898 err="query tmux on /tmp/tmux-501/t115f44898: exit status 1: no server running on /tmp/tmux-501/t115f44898"
time=2026-08-21T23:11:11.761+08:00 level=DEBUG msg="discovery: skipping unreachable socket" socket=/tmp/tmux-501/t115g47728 err="query tmux on /tmp/tmux-501/t115g47728: exit status 1: no server running on /tmp/tmux-501/t115g47728"
time=2026-08-21T23:11:11.770+08:00 level=DEBUG msg="discovery: skipping unreachable socket" socket=/tmp/tmux-501/ta-0bafa3965ade err="query tmux on /tmp/tmux-501/ta-0bafa3965ade: exit status 1: no server running on /tmp/tmux-501/ta-0bafa3965ade"
time=2026-08-21T23:11:11.810+08:00 level=DEBUG msg="discovery: skipping unreachable socket" socket=/tmp/tmux-501/ta-61709dcf801e err="query tmux on /tmp/tmux-501/ta-61709dcf801e: exit status 1: no server running on /tmp/tmux-501/ta-61709dcf801e"
time=2026-08-21T23:11:11.831+08:00 level=DEBUG msg="discovery: skipping unparsable pane line" socket=/tmp/tmux-501/ta-a9fd5b7defbd line="team-refactor-maintainability|6|%39|/Users/alauda/Documents/code/agent前沿探索/多agent协作|bash|87458|t.p9.review 零上下文设计审查已通过<|eos|> - grok|235x50|tester-t124"
time=2026-08-21T23:11:11.855+08:00 level=DEBUG msg="discovery: skipping unreachable socket" socket=/tmp/tmux-501/ta-ed81bd4d8c17 err="query tmux on /tmp/tmux-501/ta-ed81bd4d8c17: exit status 1: no server running on /tmp/tmux-501/ta-ed81bd4d8c17"
time=2026-08-21T23:11:11.864+08:00 level=DEBUG msg="discovery: skipping unreachable socket" socket=/tmp/tmux-501/ta-f1ad1b378fc7 err="query tmux on /tmp/tmux-501/ta-f1ad1b378fc7: exit status 1: no server running on /tmp/tmux-501/ta-f1ad1b378fc7"
time=2026-08-21T23:11:11.883+08:00 level=DEBUG msg="discovery: skipping unreachable socket" socket=/tmp/tmux-501/ta-t121u01 err="query tmux on /tmp/tmux-501/ta-t121u01: exit status 1: no server running on /tmp/tmux-501/ta-t121u01"
time=2026-08-21T23:11:11.893+08:00 level=DEBUG msg="discovery: skipping unreachable socket" socket=/tmp/tmux-501/ta-t121u01b err="query tmux on /tmp/tmux-501/ta-t121u01b: exit status 1: no server running on /tmp/tmux-501/ta-t121u01b"
time=2026-08-21T23:11:11.905+08:00 level=DEBUG msg="discovery: skipping unreachable socket" socket=/tmp/tmux-501/ta-user-agents err="query tmux on /tmp/tmux-501/ta-user-agents: exit status 1: no server running on /tmp/tmux-501/ta-user-agents"
time=2026-08-21T23:11:12.378+08:00 level=DEBUG msg="discovery: skipping unreachable socket" socket=/tmp/tmux-501/t115d24675 err="query tmux on /tmp/tmux-501/t115d24675: exit status 1: no server running on /tmp/tmux-501/t115d24675"
time=2026-08-21T23:11:12.389+08:00 level=DEBUG msg="discovery: skipping unreachable socket" socket=/tmp/tmux-501/t115e31319 err="query tmux on /tmp/tmux-501/t115e31319: exit status 1: no server running on /tmp/tmux-501/t115e31319"
time=2026-08-21T23:11:12.399+08:00 level=DEBUG msg="discovery: skipping unreachable socket" socket=/tmp/tmux-501/t115f44898 err="query tmux on /tmp/tmux-501/t115f44898: exit status 1: no server running on /tmp/tmux-501/t115f44898"
time=2026-08-21T23:11:12.415+08:00 level=DEBUG msg="discovery: skipping unreachable socket" socket=/tmp/tmux-501/t115g47728 err="query tmux on /tmp/tmux-501/t115g47728: exit status 1: no server running on /tmp/tmux-501/t115g47728"
time=2026-08-21T23:11:12.426+08:00 level=DEBUG msg="discovery: skipping unreachable socket" socket=/tmp/tmux-501/ta-0bafa3965ade err="query tmux on /tmp/tmux-501/ta-0bafa3965ade: exit status 1: no server running on /tmp/tmux-501/ta-0bafa3965ade"
time=2026-08-21T23:11:12.473+08:00 level=DEBUG msg="discovery: skipping unreachable socket" socket=/tmp/tmux-501/ta-61709dcf801e err="query tmux on /tmp/tmux-501/ta-61709dcf801e: exit status 1: no server running on /tmp/tmux-501/ta-61709dcf801e"
time=2026-08-21T23:11:12.496+08:00 level=DEBUG msg="discovery: skipping unparsable pane line" socket=/tmp/tmux-501/ta-a9fd5b7defbd line="team-refactor-maintainability|6|%39|/Users/alauda/Documents/code/agent前沿探索/多agent协作|bash|87458|t.p9.review 零上下文设计审查已通过<|eos|> - grok|235x50|tester-t124"
time=2026-08-21T23:11:12.520+08:00 level=DEBUG msg="discovery: skipping unreachable socket" socket=/tmp/tmux-501/ta-ed81bd4d8c17 err="query tmux on /tmp/tmux-501/ta-ed81bd4d8c17: exit status 1: no server running on /tmp/tmux-501/ta-ed81bd4d8c17"
time=2026-08-21T23:11:12.534+08:00 level=DEBUG msg="discovery: skipping unreachable socket" socket=/tmp/tmux-501/ta-f1ad1b378fc7 err="query tmux on /tmp/tmux-501/ta-f1ad1b378fc7: exit status 1: no server running on /tmp/tmux-501/ta-f1ad1b378fc7"
time=2026-08-21T23:11:12.554+08:00 level=DEBUG msg="discovery: skipping unreachable socket" socket=/tmp/tmux-501/ta-t121u01 err="query tmux on /tmp/tmux-501/ta-t121u01: exit status 1: no server running on /tmp/tmux-501/ta-t121u01"
time=2026-08-21T23:11:12.563+08:00 level=DEBUG msg="discovery: skipping unreachable socket" socket=/tmp/tmux-501/ta-t121u01b err="query tmux on /tmp/tmux-501/ta-t121u01b: exit status 1: no server running on /tmp/tmux-501/ta-t121u01b"
time=2026-08-21T23:11:12.579+08:00 level=DEBUG msg="discovery: skipping unreachable socket" socket=/tmp/tmux-501/ta-user-agents err="query tmux on /tmp/tmux-501/ta-user-agents: exit status 1: no server running on /tmp/tmux-501/ta-user-agents"
time=2026-08-21T23:11:12.693+08:00 level=WARN msg="level2: title unknown for provider" provider=grok codepoint=U+002B title="+ Agent 弹窗图标卡片重做 - grok" is_letter=false is_number=false leading_glyph=true status=unknown
time=2026-08-21T23:11:14.749+08:00 level=DEBUG msg="discovery: skipping unreachable socket" socket=/tmp/tmux-501/t115d24675 err="query tmux on /tmp/tmux-501/t115d24675: exit status 1: no server running on /tmp/tmux-501/t115d24675"
time=2026-08-21T23:11:14.758+08:00 level=DEBUG msg="discovery: skipping unreachable socket" socket=/tmp/tmux-501/t115e31319 err="query tmux on /tmp/tmux-501/t115e31319: exit status 1: no server running on /tmp/tmux-501/t115e31319"
time=2026-08-21T23:11:14.768+08:00 level=DEBUG msg="discovery: skipping unreachable socket" socket=/tmp/tmux-501/t115f44898 err="query tmux on /tmp/tmux-501/t115f44898: exit status 1: no server running on /tmp/tmux-501/t115f44898"
time=2026-08-21T23:11:14.778+08:00 level=DEBUG msg="discovery: skipping unreachable socket" socket=/tmp/tmux-501/t115g47728 err="query tmux on /tmp/tmux-501/t115g47728: exit status 1: no server running on /tmp/tmux-501/t115g47728"
time=2026-08-21T23:11:14.787+08:00 level=DEBUG msg="discovery: skipping unreachable socket" socket=/tmp/tmux-501/ta-0bafa3965ade err="query tmux on /tmp/tmux-501/ta-0bafa3965ade: exit status 1: no server running on /tmp/tmux-501/ta-0bafa3965ade"
time=2026-08-21T23:11:14.834+08:00 level=DEBUG msg="discovery: skipping unreachable socket" socket=/tmp/tmux-501/ta-61709dcf801e err="query tmux on /tmp/tmux-501/ta-61709dcf801e: exit status 1: no server running on /tmp/tmux-501/ta-61709dcf801e"
time=2026-08-21T23:11:14.861+08:00 level=DEBUG msg="discovery: skipping unparsable pane line" socket=/tmp/tmux-501/ta-a9fd5b7defbd line="team-refactor-maintainability|6|%39|/Users/alauda/Documents/code/agent前沿探索/多agent协作|bash|87458|t.p9.review 零上下文设计审查已通过<|eos|> - grok|235x50|tester-t124"
time=2026-08-21T23:11:14.883+08:00 level=DEBUG msg="discovery: skipping unreachable socket" socket=/tmp/tmux-501/ta-ed81bd4d8c17 err="query tmux on /tmp/tmux-501/ta-ed81bd4d8c17: exit status 1: no server running on /tmp/tmux-501/ta-ed81bd4d8c17"
time=2026-08-21T23:11:14.892+08:00 level=DEBUG msg="discovery: skipping unreachable socket" socket=/tmp/tmux-501/ta-f1ad1b378fc7 err="query tmux on /tmp/tmux-501/ta-f1ad1b378fc7: exit status 1: no server running on /tmp/tmux-501/ta-f1ad1b378fc7"
time=2026-08-21T23:11:14.912+08:00 level=DEBUG msg="discovery: skipping unreachable socket" socket=/tmp/tmux-501/ta-t121u01 err="query tmux on /tmp/tmux-501/ta-t121u01: exit status 1: no server running on /tmp/tmux-501/ta-t121u01"
time=2026-08-21T23:11:14.921+08:00 level=DEBUG msg="discovery: skipping unreachable socket" socket=/tmp/tmux-501/ta-t121u01b err="query tmux on /tmp/tmux-501/ta-t121u01b: exit status 1: no server running on /tmp/tmux-501/ta-t121u01b"
time=2026-08-21T23:11:14.930+08:00 level=DEBUG msg="discovery: skipping unreachable socket" socket=/tmp/tmux-501/ta-user-agents err="query tmux on /tmp/tmux-501/ta-user-agents: exit status 1: no server running on /tmp/tmux-501/ta-user-agents"
time=2026-08-21T23:11:15.021+08:00 level=WARN msg="level2: title unknown for provider" provider=grok codepoint=U+002B title="+ Agent 弹窗图标卡片重做 - grok" is_letter=false is_number=false leading_glyph=true status=unknown
time=2026-08-21T23:11:15.070+08:00 level=DEBUG msg="listing: no changes"
time=2026-08-21T23:11:15.599+08:00 level=DEBUG msg="discovery: skipping unreachable socket" socket=/tmp/tmux-501/t115d24675 err="query tmux on /tmp/tmux-501/t115d24675: exit status 1: no server running on /tmp/tmux-501/t115d24675"
time=2026-08-21T23:11:15.607+08:00 level=DEBUG msg="discovery: skipping unreachable socket" socket=/tmp/tmux-501/t115e31319 err="query tmux on /tmp/tmux-501/t115e31319: exit status 1: no server running on /tmp/tmux-501/t115e31319"
time=2026-08-21T23:11:15.615+08:00 level=DEBUG msg="discovery: skipping unreachable socket" socket=/tmp/tmux-501/t115f44898 err="query tmux on /tmp/tmux-501/t115f44898: exit status 1: no server running on /tmp/tmux-501/t115f44898"
time=2026-08-21T23:11:15.623+08:00 level=DEBUG msg="discovery: skipping unreachable socket" socket=/tmp/tmux-501/t115g47728 err="query tmux on /tmp/tmux-501/t115g47728: exit status 1: no server running on /tmp/tmux-501/t115g47728"
time=2026-08-21T23:11:15.631+08:00 level=DEBUG msg="discovery: skipping unreachable socket" socket=/tmp/tmux-501/ta-0bafa3965ade err="query tmux on /tmp/tmux-501/ta-0bafa3965ade: exit status 1: no server running on /tmp/tmux-501/ta-0bafa3965ade"
time=2026-08-21T23:11:15.663+08:00 level=DEBUG msg="discovery: skipping unreachable socket" socket=/tmp/tmux-501/ta-61709dcf801e err="query tmux on /tmp/tmux-501/ta-61709dcf801e: exit status 1: no server running on /tmp/tmux-501/ta-61709dcf801e"
time=2026-08-21T23:11:15.681+08:00 level=DEBUG msg="discovery: skipping unparsable pane line" socket=/tmp/tmux-501/ta-a9fd5b7defbd line="team-refactor-maintainability|6|%39|/Users/alauda/Documents/code/agent前沿探索/多agent协作|bash|87458|t.p9.review 零上下文设计审查已通过<|eos|> - grok|235x50|tester-t124"
time=2026-08-21T23:11:15.698+08:00 level=DEBUG msg="discovery: skipping unreachable socket" socket=/tmp/tmux-501/ta-ed81bd4d8c17 err="query tmux on /tmp/tmux-501/ta-ed81bd4d8c17: exit status 1: no server running on /tmp/tmux-501/ta-ed81bd4d8c17"
time=2026-08-21T23:11:15.706+08:00 level=DEBUG msg="discovery: skipping unreachable socket" socket=/tmp/tmux-501/ta-f1ad1b378fc7 err="query tmux on /tmp/tmux-501/ta-f1ad1b378fc7: exit status 1: no server running on /tmp/tmux-501/ta-f1ad1b378fc7"
time=2026-08-21T23:11:15.722+08:00 level=DEBUG msg="discovery: skipping unreachable socket" socket=/tmp/tmux-501/ta-t121u01 err="query tmux on /tmp/tmux-501/ta-t121u01: exit status 1: no server running on /tmp/tmux-501/ta-t121u01"
time=2026-08-21T23:11:15.730+08:00 level=DEBUG msg="discovery: skipping unreachable socket" socket=/tmp/tmux-501/ta-t121u01b err="query tmux on /tmp/tmux-501/ta-t121u01b: exit status 1: no server running on /tmp/tmux-501/ta-t121u01b"
time=2026-08-21T23:11:15.738+08:00 level=DEBUG msg="discovery: skipping unreachable socket" socket=/tmp/tmux-501/ta-user-agents err="query tmux on /tmp/tmux-501/ta-user-agents: exit status 1: no server running on /tmp/tmux-501/ta-user-agents"
time=2026-08-21T23:11:17.061+08:00 level=DEBUG msg="discovery: skipping unreachable socket" socket=/tmp/tmux-501/t115d24675 err="query tmux on /tmp/tmux-501/t115d24675: exit status 1: no server running on /tmp/tmux-501/t115d24675"
time=2026-08-21T23:11:17.070+08:00 level=DEBUG msg="discovery: skipping unreachable socket" socket=/tmp/tmux-501/t115e31319 err="query tmux on /tmp/tmux-501/t115e31319: exit status 1: no server running on /tmp/tmux-501/t115e31319"
time=2026-08-21T23:11:17.080+08:00 level=DEBUG msg="discovery: skipping unreachable socket" socket=/tmp/tmux-501/t115f44898 err="query tmux on /tmp/tmux-501/t115f44898: exit status 1: no server running on /tmp/tmux-501/t115f44898"
time=2026-08-21T23:11:17.089+08:00 level=DEBUG msg="discovery: skipping unreachable socket" socket=/tmp/tmux-501/t115g47728 err="query tmux on /tmp/tmux-501/t115g47728: exit status 1: no server running on /tmp/tmux-501/t115g47728"
time=2026-08-21T23:11:17.103+08:00 level=DEBUG msg="discovery: skipping unreachable socket" socket=/tmp/tmux-501/ta-0bafa3965ade err="query tmux on /tmp/tmux-501/ta-0bafa3965ade: exit status 1: no server running on /tmp/tmux-501/ta-0bafa3965ade"
time=2026-08-21T23:11:17.141+08:00 level=DEBUG msg="discovery: skipping unreachable socket" socket=/tmp/tmux-501/ta-61709dcf801e err="query tmux on /tmp/tmux-501/ta-61709dcf801e: exit status 1: no server running on /tmp/tmux-501/ta-61709dcf801e"
time=2026-08-21T23:11:17.167+08:00 level=DEBUG msg="discovery: skipping unparsable pane line" socket=/tmp/tmux-501/ta-a9fd5b7defbd line="team-refactor-maintainability|6|%39|/Users/alauda/Documents/code/agent前沿探索/多agent协作|bash|87458|t.p9.review 零上下文设计审查已通过<|eos|> - grok|235x50|tester-t124"
time=2026-08-21T23:11:17.186+08:00 level=DEBUG msg="discovery: skipping unreachable socket" socket=/tmp/tmux-501/ta-ed81bd4d8c17 err="query tmux on /tmp/tmux-501/ta-ed81bd4d8c17: exit status 1: no server running on /tmp/tmux-501/ta-ed81bd4d8c17"
time=2026-08-21T23:11:17.196+08:00 level=DEBUG msg="discovery: skipping unreachable socket" socket=/tmp/tmux-501/ta-f1ad1b378fc7 err="query tmux on /tmp/tmux-501/ta-f1ad1b378fc7: exit status 1: no server running on /tmp/tmux-501/ta-f1ad1b378fc7"
time=2026-08-21T23:11:17.218+08:00 level=DEBUG msg="discovery: skipping unreachable socket" socket=/tmp/tmux-501/ta-t121u01 err="query tmux on /tmp/tmux-501/ta-t121u01: exit status 1: no server running on /tmp/tmux-501/ta-t121u01"
time=2026-08-21T23:11:17.227+08:00 level=DEBUG msg="discovery: skipping unreachable socket" socket=/tmp/tmux-501/ta-t121u01b err="query tmux on /tmp/tmux-501/ta-t121u01b: exit status 1: no server running on /tmp/tmux-501/ta-t121u01b"
time=2026-08-21T23:11:17.236+08:00 level=DEBUG msg="discovery: skipping unreachable socket" socket=/tmp/tmux-501/ta-user-agents err="query tmux on /tmp/tmux-501/ta-user-agents: exit status 1: no server running on /tmp/tmux-501/ta-user-agents"
time=2026-08-21T23:11:17.309+08:00 level=WARN msg="level2: title unknown for provider" provider=grok codepoint=U+002B title="+ Agent 弹窗图标卡片重做 - grok" is_letter=false is_number=false leading_glyph=true status=unknown
time=2026-08-21T23:11:18.749+08:00 level=DEBUG msg="listing: no changes"
time=2026-08-21T23:11:19.277+08:00 level=DEBUG msg="discovery: skipping unreachable socket" socket=/tmp/tmux-501/t115d24675 err="query tmux on /tmp/tmux-501/t115d24675: exit status 1: no server running on /tmp/tmux-501/t115d24675"
time=2026-08-21T23:11:19.287+08:00 level=DEBUG msg="discovery: skipping unreachable socket" socket=/tmp/tmux-501/t115e31319 err="query tmux on /tmp/tmux-501/t115e31319: exit status 1: no server running on /tmp/tmux-501/t115e31319"
time=2026-08-21T23:11:19.296+08:00 level=DEBUG msg="discovery: skipping unreachable socket" socket=/tmp/tmux-501/t115f44898 err="query tmux on /tmp/tmux-501/t115f44898: exit status 1: no server running on /tmp/tmux-501/t115f44898"
time=2026-08-21T23:11:19.306+08:00 level=DEBUG msg="discovery: skipping unreachable socket" socket=/tmp/tmux-501/t115g47728 err="query tmux on /tmp/tmux-501/t115g47728: exit status 1: no server running on /tmp/tmux-501/t115g47728"
time=2026-08-21T23:11:19.314+08:00 level=DEBUG msg="discovery: skipping unreachable socket" socket=/tmp/tmux-501/ta-0bafa3965ade err="query tmux on /tmp/tmux-501/ta-0bafa3965ade: exit status 1: no server running on /tmp/tmux-501/ta-0bafa3965ade"
time=2026-08-21T23:11:19.341+08:00 level=DEBUG msg="discovery: skipping unreachable socket" socket=/tmp/tmux-501/t115d24675 err="query tmux on /tmp/tmux-501/t115d24675: exit status 1: no server running on /tmp/tmux-501/t115d24675"
time=2026-08-21T23:11:19.350+08:00 level=DEBUG msg="discovery: skipping unreachable socket" socket=/tmp/tmux-501/t115e31319 err="query tmux on /tmp/tmux-501/t115e31319: exit status 1: no server running on /tmp/tmux-501/t115e31319"
time=2026-08-21T23:11:19.354+08:00 level=DEBUG msg="discovery: skipping unreachable socket" socket=/tmp/tmux-501/ta-61709dcf801e err="query tmux on /tmp/tmux-501/ta-61709dcf801e: exit status 1: no server running on /tmp/tmux-501/ta-61709dcf801e"
time=2026-08-21T23:11:19.358+08:00 level=DEBUG msg="discovery: skipping unreachable socket" socket=/tmp/tmux-501/t115f44898 err="query tmux on /tmp/tmux-501/t115f44898: exit status 1: no server running on /tmp/tmux-501/t115f44898"
time=2026-08-21T23:11:19.367+08:00 level=DEBUG msg="discovery: skipping unreachable socket" socket=/tmp/tmux-501/t115g47728 err="query tmux on /tmp/tmux-501/t115g47728: exit status 1: no server running on /tmp/tmux-501/t115g47728"
time=2026-08-21T23:11:19.374+08:00 level=DEBUG msg="discovery: skipping unparsable pane line" socket=/tmp/tmux-501/ta-a9fd5b7defbd line="team-refactor-maintainability|6|%39|/Users/alauda/Documents/code/agent前沿探索/多agent协作|bash|87458|t.p9.review 零上下文设计审查已通过<|eos|> - grok|235x50|tester-t124"
time=2026-08-21T23:11:19.377+08:00 level=DEBUG msg="discovery: skipping unreachable socket" socket=/tmp/tmux-501/ta-0bafa3965ade err="query tmux on /tmp/tmux-501/ta-0bafa3965ade: exit status 1: no server running on /tmp/tmux-501/ta-0bafa3965ade"
time=2026-08-21T23:11:19.393+08:00 level=DEBUG msg="discovery: skipping unreachable socket" socket=/tmp/tmux-501/ta-ed81bd4d8c17 err="query tmux on /tmp/tmux-501/ta-ed81bd4d8c17: exit status 1: no server running on /tmp/tmux-501/ta-ed81bd4d8c17"
time=2026-08-21T23:11:19.402+08:00 level=DEBUG msg="discovery: skipping unreachable socket" socket=/tmp/tmux-501/ta-f1ad1b378fc7 err="query tmux on /tmp/tmux-501/ta-f1ad1b378fc7: exit status 1: no server running on /tmp/tmux-501/ta-f1ad1b378fc7"
time=2026-08-21T23:11:19.411+08:00 level=DEBUG msg="discovery: skipping unreachable socket" socket=/tmp/tmux-501/ta-61709dcf801e err="query tmux on /tmp/tmux-501/ta-61709dcf801e: exit status 1: no server running on /tmp/tmux-501/ta-61709dcf801e"
time=2026-08-21T23:11:19.420+08:00 level=DEBUG msg="discovery: skipping unreachable socket" socket=/tmp/tmux-501/ta-t121u01 err="query tmux on /tmp/tmux-501/ta-t121u01: exit status 1: no server running on /tmp/tmux-501/ta-t121u01"
time=2026-08-21T23:11:19.429+08:00 level=DEBUG msg="discovery: skipping unreachable socket" socket=/tmp/tmux-501/ta-t121u01b err="query tmux on /tmp/tmux-501/ta-t121u01b: exit status 1: no server running on /tmp/tmux-501/ta-t121u01b"
time=2026-08-21T23:11:19.433+08:00 level=DEBUG msg="discovery: skipping unparsable pane line" socket=/tmp/tmux-501/ta-a9fd5b7defbd line="team-refactor-maintainability|6|%39|/Users/alauda/Documents/code/agent前沿探索/多agent协作|bash|87458|t.p9.review 零上下文设计审查已通过<|eos|> - grok|235x50|tester-t124"
time=2026-08-21T23:11:19.438+08:00 level=DEBUG msg="discovery: skipping unreachable socket" socket=/tmp/tmux-501/ta-user-agents err="query tmux on /tmp/tmux-501/ta-user-agents: exit status 1: no server running on /tmp/tmux-501/ta-user-agents"
time=2026-08-21T23:11:19.452+08:00 level=DEBUG msg="discovery: skipping unreachable socket" socket=/tmp/tmux-501/ta-ed81bd4d8c17 err="query tmux on /tmp/tmux-501/ta-ed81bd4d8c17: exit status 1: no server running on /tmp/tmux-501/ta-ed81bd4d8c17"
time=2026-08-21T23:11:19.461+08:00 level=DEBUG msg="discovery: skipping unreachable socket" socket=/tmp/tmux-501/ta-f1ad1b378fc7 err="query tmux on /tmp/tmux-501/ta-f1ad1b378fc7: exit status 1: no server running on /tmp/tmux-501/ta-f1ad1b378fc7"
time=2026-08-21T23:11:19.494+08:00 level=DEBUG msg="discovery: skipping unreachable socket" socket=/tmp/tmux-501/ta-t121u01 err="query tmux on /tmp/tmux-501/ta-t121u01: exit status 1: no server running on /tmp/tmux-501/ta-t121u01"
time=2026-08-21T23:11:19.504+08:00 level=DEBUG msg="discovery: skipping unreachable socket" socket=/tmp/tmux-501/ta-t121u01b err="query tmux on /tmp/tmux-501/ta-t121u01b: exit status 1: no server running on /tmp/tmux-501/ta-t121u01b"
time=2026-08-21T23:11:19.513+08:00 level=DEBUG msg="discovery: skipping unreachable socket" socket=/tmp/tmux-501/ta-user-agents err="query tmux on /tmp/tmux-501/ta-user-agents: exit status 1: no server running on /tmp/tmux-501/ta-user-agents"
time=2026-08-21T23:11:19.649+08:00 level=WARN msg="level2: title unknown for provider" provider=grok codepoint=U+002B title="+ Agent 弹窗图标卡片重做 - grok" is_letter=false is_number=false leading_glyph=true status=unknown
time=2026-08-21T23:11:21.683+08:00 level=DEBUG msg="discovery: skipping unreachable socket" socket=/tmp/tmux-501/t115d24675 err="query tmux on /tmp/tmux-501/t115d24675: exit status 1: no server running on /tmp/tmux-501/t115d24675"
time=2026-08-21T23:11:21.691+08:00 level=DEBUG msg="discovery: skipping unreachable socket" socket=/tmp/tmux-501/t115e31319 err="query tmux on /tmp/tmux-501/t115e31319: exit status 1: no server running on /tmp/tmux-501/t115e31319"
time=2026-08-21T23:11:21.700+08:00 level=DEBUG msg="discovery: skipping unreachable socket" socket=/tmp/tmux-501/t115f44898 err="query tmux on /tmp/tmux-501/t115f44898: exit status 1: no server running on /tmp/tmux-501/t115f44898"
time=2026-08-21T23:11:21.712+08:00 level=DEBUG msg="discovery: skipping unreachable socket" socket=/tmp/tmux-501/t115g47728 err="query tmux on /tmp/tmux-501/t115g47728: exit status 1: no server running on /tmp/tmux-501/t115g47728"
time=2026-08-21T23:11:21.726+08:00 level=DEBUG msg="discovery: skipping unreachable socket" socket=/tmp/tmux-501/ta-0bafa3965ade err="query tmux on /tmp/tmux-501/ta-0bafa3965ade: exit status 1: no server running on /tmp/tmux-501/ta-0bafa3965ade"
time=2026-08-21T23:11:21.768+08:00 level=DEBUG msg="discovery: skipping unreachable socket" socket=/tmp/tmux-501/ta-61709dcf801e err="query tmux on /tmp/tmux-501/ta-61709dcf801e: exit status 1: no server running on /tmp/tmux-501/ta-61709dcf801e"
time=2026-08-21T23:11:21.791+08:00 level=DEBUG msg="discovery: skipping unparsable pane line" socket=/tmp/tmux-501/ta-a9fd5b7defbd line="team-refactor-maintainability|6|%39|/Users/alauda/Documents/code/agent前沿探索/多agent协作|bash|87458|t.p9.review 零上下文设计审查已通过<|eos|> - grok|235x50|tester-t124"
time=2026-08-21T23:11:21.810+08:00 level=DEBUG msg="discovery: skipping unreachable socket" socket=/tmp/tmux-501/ta-ed81bd4d8c17 err="query tmux on /tmp/tmux-501/ta-ed81bd4d8c17: exit status 1: no server running on /tmp/tmux-501/ta-ed81bd4d8c17"
time=2026-08-21T23:11:21.826+08:00 level=DEBUG msg="discovery: skipping unreachable socket" socket=/tmp/tmux-501/ta-f1ad1b378fc7 err="query tmux on /tmp/tmux-501/ta-f1ad1b378fc7: exit status 1: no server running on /tmp/tmux-501/ta-f1ad1b378fc7"
time=2026-08-21T23:11:21.843+08:00 level=DEBUG msg="discovery: skipping unreachable socket" socket=/tmp/tmux-501/ta-t121u01 err="query tmux on /tmp/tmux-501/ta-t121u01: exit status 1: no server running on /tmp/tmux-501/ta-t121u01"
time=2026-08-21T23:11:21.852+08:00 level=DEBUG msg="discovery: skipping unreachable socket" socket=/tmp/tmux-501/ta-t121u01b err="query tmux on /tmp/tmux-501/ta-t121u01b: exit status 1: no server running on /tmp/tmux-501/ta-t121u01b"
time=2026-08-21T23:11:21.861+08:00 level=DEBUG msg="discovery: skipping unreachable socket" socket=/tmp/tmux-501/ta-user-agents err="query tmux on /tmp/tmux-501/ta-user-agents: exit status 1: no server running on /tmp/tmux-501/ta-user-agents"
time=2026-08-21T23:11:22.001+08:00 level=WARN msg="level2: title unknown for provider" provider=grok codepoint=U+002B title="+ Agent 弹窗图标卡片重做 - grok" is_letter=false is_number=false leading_glyph=true status=unknown
time=2026-08-21T23:11:22.597+08:00 level=DEBUG msg="listing: no changes"
time=2026-08-21T23:11:23.126+08:00 level=DEBUG msg="discovery: skipping unreachable socket" socket=/tmp/tmux-501/t115d24675 err="query tmux on /tmp/tmux-501/t115d24675: exit status 1: no server running on /tmp/tmux-501/t115d24675"
time=2026-08-21T23:11:23.135+08:00 level=DEBUG msg="discovery: skipping unreachable socket" socket=/tmp/tmux-501/t115e31319 err="query tmux on /tmp/tmux-501/t115e31319: exit status 1: no server running on /tmp/tmux-501/t115e31319"
time=2026-08-21T23:11:23.147+08:00 level=DEBUG msg="discovery: skipping unreachable socket" socket=/tmp/tmux-501/t115f44898 err="query tmux on /tmp/tmux-501/t115f44898: exit status 1: no server running on /tmp/tmux-501/t115f44898"
time=2026-08-21T23:11:23.156+08:00 level=DEBUG msg="discovery: skipping unreachable socket" socket=/tmp/tmux-501/t115g47728 err="query tmux on /tmp/tmux-501/t115g47728: exit status 1: no server running on /tmp/tmux-501/t115g47728"
time=2026-08-21T23:11:23.165+08:00 level=DEBUG msg="discovery: skipping unreachable socket" socket=/tmp/tmux-501/ta-0bafa3965ade err="query tmux on /tmp/tmux-501/ta-0bafa3965ade: exit status 1: no server running on /tmp/tmux-501/ta-0bafa3965ade"
time=2026-08-21T23:11:23.201+08:00 level=DEBUG msg="discovery: skipping unreachable socket" socket=/tmp/tmux-501/ta-61709dcf801e err="query tmux on /tmp/tmux-501/ta-61709dcf801e: exit status 1: no server running on /tmp/tmux-501/ta-61709dcf801e"
time=2026-08-21T23:11:23.222+08:00 level=DEBUG msg="discovery: skipping unparsable pane line" socket=/tmp/tmux-501/ta-a9fd5b7defbd line="team-refactor-maintainability|6|%39|/Users/alauda/Documents/code/agent前沿探索/多agent协作|bash|87458|t.p9.review 零上下文设计审查已通过<|eos|> - grok|235x50|tester-t124"
time=2026-08-21T23:11:23.244+08:00 level=DEBUG msg="discovery: skipping unreachable socket" socket=/tmp/tmux-501/ta-ed81bd4d8c17 err="query tmux on /tmp/tmux-501/ta-ed81bd4d8c17: exit status 1: no server running on /tmp/tmux-501/ta-ed81bd4d8c17"
time=2026-08-21T23:11:23.253+08:00 level=DEBUG msg="discovery: skipping unreachable socket" socket=/tmp/tmux-501/ta-f1ad1b378fc7 err="query tmux on /tmp/tmux-501/ta-f1ad1b378fc7: exit status 1: no server running on /tmp/tmux-501/ta-f1ad1b378fc7"
time=2026-08-21T23:11:23.270+08:00 level=DEBUG msg="discovery: skipping unreachable socket" socket=/tmp/tmux-501/ta-t121u01 err="query tmux on /tmp/tmux-501/ta-t121u01: exit status 1: no server running on /tmp/tmux-501/ta-t121u01"
time=2026-08-21T23:11:23.279+08:00 level=DEBUG msg="discovery: skipping unreachable socket" socket=/tmp/tmux-501/ta-t121u01b err="query tmux on /tmp/tmux-501/ta-t121u01b: exit status 1: no server running on /tmp/tmux-501/ta-t121u01b"
time=2026-08-21T23:11:23.293+08:00 level=DEBUG msg="discovery: skipping unreachable socket" socket=/tmp/tmux-501/ta-user-agents err="query tmux on /tmp/tmux-501/ta-user-agents: exit status 1: no server running on /tmp/tmux-501/ta-user-agents"
time=2026-08-21T23:11:24.035+08:00 level=DEBUG msg="discovery: skipping unreachable socket" socket=/tmp/tmux-501/t115d24675 err="query tmux on /tmp/tmux-501/t115d24675: exit status 1: no server running on /tmp/tmux-501/t115d24675"
time=2026-08-21T23:11:24.044+08:00 level=DEBUG msg="discovery: skipping unreachable socket" socket=/tmp/tmux-501/t115e31319 err="query tmux on /tmp/tmux-501/t115e31319: exit status 1: no server running on /tmp/tmux-501/t115e31319"
time=2026-08-21T23:11:24.054+08:00 level=DEBUG msg="discovery: skipping unreachable socket" socket=/tmp/tmux-501/t115f44898 err="query tmux on /tmp/tmux-501/t115f44898: exit status 1: no server running on /tmp/tmux-501/t115f44898"
time=2026-08-21T23:11:24.064+08:00 level=DEBUG msg="discovery: skipping unreachable socket" socket=/tmp/tmux-501/t115g47728 err="query tmux on /tmp/tmux-501/t115g47728: exit status 1: no server running on /tmp/tmux-501/t115g47728"
time=2026-08-21T23:11:24.073+08:00 level=DEBUG msg="discovery: skipping unreachable socket" socket=/tmp/tmux-501/ta-0bafa3965ade err="query tmux on /tmp/tmux-501/ta-0bafa3965ade: exit status 1: no server running on /tmp/tmux-501/ta-0bafa3965ade"
time=2026-08-21T23:11:24.109+08:00 level=DEBUG msg="discovery: skipping unreachable socket" socket=/tmp/tmux-501/ta-61709dcf801e err="query tmux on /tmp/tmux-501/ta-61709dcf801e: exit status 1: no server running on /tmp/tmux-501/ta-61709dcf801e"
time=2026-08-21T23:11:24.128+08:00 level=DEBUG msg="discovery: skipping unparsable pane line" socket=/tmp/tmux-501/ta-a9fd5b7defbd line="team-refactor-maintainability|6|%39|/Users/alauda/Documents/code/agent前沿探索/多agent协作|bash|87458|t.p9.review 零上下文设计审查已通过<|eos|> - grok|235x50|tester-t124"
time=2026-08-21T23:11:24.146+08:00 level=DEBUG msg="discovery: skipping unreachable socket" socket=/tmp/tmux-501/ta-ed81bd4d8c17 err="query tmux on /tmp/tmux-501/ta-ed81bd4d8c17: exit status 1: no server running on /tmp/tmux-501/ta-ed81bd4d8c17"
time=2026-08-21T23:11:24.154+08:00 level=DEBUG msg="discovery: skipping unreachable socket" socket=/tmp/tmux-501/ta-f1ad1b378fc7 err="query tmux on /tmp/tmux-501/ta-f1ad1b378fc7: exit status 1: no server running on /tmp/tmux-501/ta-f1ad1b378fc7"
time=2026-08-21T23:11:24.172+08:00 level=DEBUG msg="discovery: skipping unreachable socket" socket=/tmp/tmux-501/ta-t121u01 err="query tmux on /tmp/tmux-501/ta-t121u01: exit status 1: no server running on /tmp/tmux-501/ta-t121u01"
time=2026-08-21T23:11:24.180+08:00 level=DEBUG msg="discovery: skipping unreachable socket" socket=/tmp/tmux-501/ta-t121u01b err="query tmux on /tmp/tmux-501/ta-t121u01b: exit status 1: no server running on /tmp/tmux-501/ta-t121u01b"
time=2026-08-21T23:11:24.189+08:00 level=DEBUG msg="discovery: skipping unreachable socket" socket=/tmp/tmux-501/ta-user-agents err="query tmux on /tmp/tmux-501/ta-user-agents: exit status 1: no server running on /tmp/tmux-501/ta-user-agents"
time=2026-08-21T23:11:24.306+08:00 level=WARN msg="level2: title unknown for provider" provider=grok codepoint=U+002B title="+ Agent 弹窗图标卡片重做 - grok" is_letter=false is_number=false leading_glyph=true status=unknown
time=2026-08-21T23:11:26.079+08:00 level=DEBUG msg="listing: no changes"
time=2026-08-21T23:11:26.336+08:00 level=DEBUG msg="discovery: skipping unreachable socket" socket=/tmp/tmux-501/t115d24675 err="query tmux on /tmp/tmux-501/t115d24675: exit status 1: no server running on /tmp/tmux-501/t115d24675"
time=2026-08-21T23:11:26.345+08:00 level=DEBUG msg="discovery: skipping unreachable socket" socket=/tmp/tmux-501/t115e31319 err="query tmux on /tmp/tmux-501/t115e31319: exit status 1: no server running on /tmp/tmux-501/t115e31319"
time=2026-08-21T23:11:26.354+08:00 level=DEBUG msg="discovery: skipping unreachable socket" socket=/tmp/tmux-501/t115f44898 err="query tmux on /tmp/tmux-501/t115f44898: exit status 1: no server running on /tmp/tmux-501/t115f44898"
time=2026-08-21T23:11:26.368+08:00 level=DEBUG msg="discovery: skipping unreachable socket" socket=/tmp/tmux-501/t115g47728 err="query tmux on /tmp/tmux-501/t115g47728: exit status 1: no server running on /tmp/tmux-501/t115g47728"
time=2026-08-21T23:11:26.381+08:00 level=DEBUG msg="discovery: skipping unreachable socket" socket=/tmp/tmux-501/ta-0bafa3965ade err="query tmux on /tmp/tmux-501/ta-0bafa3965ade: exit status 1: no server running on /tmp/tmux-501/ta-0bafa3965ade"
time=2026-08-21T23:11:26.416+08:00 level=DEBUG msg="discovery: skipping unreachable socket" socket=/tmp/tmux-501/ta-61709dcf801e err="query tmux on /tmp/tmux-501/ta-61709dcf801e: exit status 1: no server running on /tmp/tmux-501/ta-61709dcf801e"
time=2026-08-21T23:11:26.438+08:00 level=DEBUG msg="discovery: skipping unparsable pane line" socket=/tmp/tmux-501/ta-a9fd5b7defbd line="team-refactor-maintainability|6|%39|/Users/alauda/Documents/code/agent前沿探索/多agent协作|bash|87458|t.p9.review 零上下文设计审查已通过<|eos|> - grok|235x50|tester-t124"
time=2026-08-21T23:11:26.457+08:00 level=DEBUG msg="discovery: skipping unreachable socket" socket=/tmp/tmux-501/ta-ed81bd4d8c17 err="query tmux on /tmp/tmux-501/ta-ed81bd4d8c17: exit status 1: no server running on /tmp/tmux-501/ta-ed81bd4d8c17"
time=2026-08-21T23:11:26.466+08:00 level=DEBUG msg="discovery: skipping unreachable socket" socket=/tmp/tmux-501/ta-f1ad1b378fc7 err="query tmux on /tmp/tmux-501/ta-f1ad1b378fc7: exit status 1: no server running on /tmp/tmux-501/ta-f1ad1b378fc7"
time=2026-08-21T23:11:26.488+08:00 level=DEBUG msg="discovery: skipping unreachable socket" socket=/tmp/tmux-501/ta-t121u01 err="query tmux on /tmp/tmux-501/ta-t121u01: exit status 1: no server running on /tmp/tmux-501/ta-t121u01"
time=2026-08-21T23:11:26.500+08:00 level=DEBUG msg="discovery: skipping unreachable socket" socket=/tmp/tmux-501/ta-t121u01b err="query tmux on /tmp/tmux-501/ta-t121u01b: exit status 1: no server running on /tmp/tmux-501/ta-t121u01b"
time=2026-08-21T23:11:26.510+08:00 level=DEBUG msg="discovery: skipping unreachable socket" socket=/tmp/tmux-501/ta-user-agents err="query tmux on /tmp/tmux-501/ta-user-agents: exit status 1: no server running on /tmp/tmux-501/ta-user-agents"
time=2026-08-21T23:11:26.560+08:00 level=WARN msg="level2: title unknown for provider" provider=grok codepoint=U+002B title="+ Agent 弹窗图标卡片重做 - grok" is_letter=false is_number=false leading_glyph=true status=unknown
time=2026-08-21T23:11:26.614+08:00 level=DEBUG msg="discovery: skipping unreachable socket" socket=/tmp/tmux-501/t115d24675 err="query tmux on /tmp/tmux-501/t115d24675: exit status 1: no server running on /tmp/tmux-501/t115d24675"
time=2026-08-21T23:11:26.622+08:00 level=DEBUG msg="discovery: skipping unreachable socket" socket=/tmp/tmux-501/t115e31319 err="query tmux on /tmp/tmux-501/t115e31319: exit status 1: no server running on /tmp/tmux-501/t115e31319"
time=2026-08-21T23:11:26.631+08:00 level=DEBUG msg="discovery: skipping unreachable socket" socket=/tmp/tmux-501/t115f44898 err="query tmux on /tmp/tmux-501/t115f44898: exit status 1: no server running on /tmp/tmux-501/t115f44898"
time=2026-08-21T23:11:26.645+08:00 level=DEBUG msg="discovery: skipping unreachable socket" socket=/tmp/tmux-501/t115g47728 err="query tmux on /tmp/tmux-501/t115g47728: exit status 1: no server running on /tmp/tmux-501/t115g47728"
time=2026-08-21T23:11:26.655+08:00 level=DEBUG msg="discovery: skipping unreachable socket" socket=/tmp/tmux-501/ta-0bafa3965ade err="query tmux on /tmp/tmux-501/ta-0bafa3965ade: exit status 1: no server running on /tmp/tmux-501/ta-0bafa3965ade"
time=2026-08-21T23:11:26.696+08:00 level=DEBUG msg="discovery: skipping unreachable socket" socket=/tmp/tmux-501/ta-61709dcf801e err="query tmux on /tmp/tmux-501/ta-61709dcf801e: exit status 1: no server running on /tmp/tmux-501/ta-61709dcf801e"
time=2026-08-21T23:11:26.722+08:00 level=DEBUG msg="discovery: skipping unparsable pane line" socket=/tmp/tmux-501/ta-a9fd5b7defbd line="team-refactor-maintainability|6|%39|/Users/alauda/Documents/code/agent前沿探索/多agent协作|bash|87458|t.p9.review 零上下文设计审查已通过<|eos|> - grok|235x50|tester-t124"
time=2026-08-21T23:11:26.741+08:00 level=DEBUG msg="discovery: skipping unreachable socket" socket=/tmp/tmux-501/ta-ed81bd4d8c17 err="query tmux on /tmp/tmux-501/ta-ed81bd4d8c17: exit status 1: no server running on /tmp/tmux-501/ta-ed81bd4d8c17"
time=2026-08-21T23:11:26.749+08:00 level=DEBUG msg="discovery: skipping unreachable socket" socket=/tmp/tmux-501/ta-f1ad1b378fc7 err="query tmux on /tmp/tmux-501/ta-f1ad1b378fc7: exit status 1: no server running on /tmp/tmux-501/ta-f1ad1b378fc7"
time=2026-08-21T23:11:26.770+08:00 level=DEBUG msg="discovery: skipping unreachable socket" socket=/tmp/tmux-501/ta-t121u01 err="query tmux on /tmp/tmux-501/ta-t121u01: exit status 1: no server running on /tmp/tmux-501/ta-t121u01"
time=2026-08-21T23:11:26.779+08:00 level=DEBUG msg="discovery: skipping unreachable socket" socket=/tmp/tmux-501/ta-t121u01b err="query tmux on /tmp/tmux-501/ta-t121u01b: exit status 1: no server running on /tmp/tmux-501/ta-t121u01b"
time=2026-08-21T23:11:26.788+08:00 level=DEBUG msg="discovery: skipping unreachable socket" socket=/tmp/tmux-501/ta-user-agents err="query tmux on /tmp/tmux-501/ta-user-agents: exit status 1: no server running on /tmp/tmux-501/ta-user-agents"
time=2026-08-21T23:11:28.596+08:00 level=DEBUG msg="discovery: skipping unreachable socket" socket=/tmp/tmux-501/t115d24675 err="query tmux on /tmp/tmux-501/t115d24675: exit status 1: no server running on /tmp/tmux-501/t115d24675"
time=2026-08-21T23:11:28.608+08:00 level=DEBUG msg="discovery: skipping unreachable socket" socket=/tmp/tmux-501/t115e31319 err="query tmux on /tmp/tmux-501/t115e31319: exit status 1: no server running on /tmp/tmux-501/t115e31319"
time=2026-08-21T23:11:28.625+08:00 level=DEBUG msg="discovery: skipping unreachable socket" socket=/tmp/tmux-501/t115f44898 err="query tmux on /tmp/tmux-501/t115f44898: exit status 1: no server running on /tmp/tmux-501/t115f44898"
time=2026-08-21T23:11:28.638+08:00 level=DEBUG msg="discovery: skipping unreachable socket" socket=/tmp/tmux-501/t115g47728 err="query tmux on /tmp/tmux-501/t115g47728: exit status 1: no server running on /tmp/tmux-501/t115g47728"
time=2026-08-21T23:11:28.648+08:00 level=DEBUG msg="discovery: skipping unreachable socket" socket=/tmp/tmux-501/ta-0bafa3965ade err="query tmux on /tmp/tmux-501/ta-0bafa3965ade: exit status 1: no server running on /tmp/tmux-501/ta-0bafa3965ade"
time=2026-08-21T23:11:28.696+08:00 level=DEBUG msg="discovery: skipping unreachable socket" socket=/tmp/tmux-501/ta-61709dcf801e err="query tmux on /tmp/tmux-501/ta-61709dcf801e: exit status 1: no server running on /tmp/tmux-501/ta-61709dcf801e"
time=2026-08-21T23:11:28.719+08:00 level=DEBUG msg="discovery: skipping unparsable pane line" socket=/tmp/tmux-501/ta-a9fd5b7defbd line="team-refactor-maintainability|6|%39|/Users/alauda/Documents/code/agent前沿探索/多agent协作|bash|87458|t.p9.review 零上下文设计审查已通过<|eos|> - grok|235x50|tester-t124"
time=2026-08-21T23:11:28.741+08:00 level=DEBUG msg="discovery: skipping unreachable socket" socket=/tmp/tmux-501/ta-ed81bd4d8c17 err="query tmux on /tmp/tmux-501/ta-ed81bd4d8c17: exit status 1: no server running on /tmp/tmux-501/ta-ed81bd4d8c17"
time=2026-08-21T23:11:28.750+08:00 level=DEBUG msg="discovery: skipping unreachable socket" socket=/tmp/tmux-501/ta-f1ad1b378fc7 err="query tmux on /tmp/tmux-501/ta-f1ad1b378fc7: exit status 1: no server running on /tmp/tmux-501/ta-f1ad1b378fc7"
time=2026-08-21T23:11:28.774+08:00 level=DEBUG msg="discovery: skipping unreachable socket" socket=/tmp/tmux-501/ta-t121u01 err="query tmux on /tmp/tmux-501/ta-t121u01: exit status 1: no server running on /tmp/tmux-501/ta-t121u01"
time=2026-08-21T23:11:28.787+08:00 level=DEBUG msg="discovery: skipping unreachable socket" socket=/tmp/tmux-501/ta-t121u01b err="query tmux on /tmp/tmux-501/ta-t121u01b: exit status 1: no server running on /tmp/tmux-501/ta-t121u01b"
time=2026-08-21T23:11:28.820+08:00 level=DEBUG msg="discovery: skipping unreachable socket" socket=/tmp/tmux-501/ta-user-agents err="query tmux on /tmp/tmux-501/ta-user-agents: exit status 1: no server running on /tmp/tmux-501/ta-user-agents"
time=2026-08-21T23:11:28.932+08:00 level=WARN msg="level2: title unknown for provider" provider=grok codepoint=U+002B title="+ Agent 弹窗图标卡片重做 - grok" is_letter=false is_number=false leading_glyph=true status=unknown
time=2026-08-21T23:11:30.274+08:00 level=DEBUG msg="listing: no changes"
time=2026-08-21T23:11:30.824+08:00 level=DEBUG msg="discovery: skipping unreachable socket" socket=/tmp/tmux-501/t115d24675 err="query tmux on /tmp/tmux-501/t115d24675: exit status 1: no server running on /tmp/tmux-501/t115d24675"
time=2026-08-21T23:11:30.836+08:00 level=DEBUG msg="discovery: skipping unreachable socket" socket=/tmp/tmux-501/t115e31319 err="query tmux on /tmp/tmux-501/t115e31319: exit status 1: no server running on /tmp/tmux-501/t115e31319"
time=2026-08-21T23:11:30.847+08:00 level=DEBUG msg="discovery: skipping unreachable socket" socket=/tmp/tmux-501/t115f44898 err="query tmux on /tmp/tmux-501/t115f44898: exit status 1: no server running on /tmp/tmux-501/t115f44898"
time=2026-08-21T23:11:30.857+08:00 level=DEBUG msg="discovery: skipping unreachable socket" socket=/tmp/tmux-501/t115g47728 err="query tmux on /tmp/tmux-501/t115g47728: exit status 1: no server running on /tmp/tmux-501/t115g47728"
time=2026-08-21T23:11:30.871+08:00 level=DEBUG msg="discovery: skipping unreachable socket" socket=/tmp/tmux-501/ta-0bafa3965ade err="query tmux on /tmp/tmux-501/ta-0bafa3965ade: exit status 1: no server running on /tmp/tmux-501/ta-0bafa3965ade"
time=2026-08-21T23:11:30.918+08:00 level=DEBUG msg="discovery: skipping unreachable socket" socket=/tmp/tmux-501/ta-61709dcf801e err="query tmux on /tmp/tmux-501/ta-61709dcf801e: exit status 1: no server running on /tmp/tmux-501/ta-61709dcf801e"
time=2026-08-21T23:11:30.948+08:00 level=DEBUG msg="discovery: skipping unparsable pane line" socket=/tmp/tmux-501/ta-a9fd5b7defbd line="team-refactor-maintainability|6|%39|/Users/alauda/Documents/code/agent前沿探索/多agent协作|bash|87458|t.p9.review 零上下文设计审查已通过<|eos|> - grok|235x50|tester-t124"
time=2026-08-21T23:11:30.973+08:00 level=DEBUG msg="discovery: skipping unreachable socket" socket=/tmp/tmux-501/ta-ed81bd4d8c17 err="query tmux on /tmp/tmux-501/ta-ed81bd4d8c17: exit status 1: no server running on /tmp/tmux-501/ta-ed81bd4d8c17"
time=2026-08-21T23:11:30.974+08:00 level=DEBUG msg="discovery: skipping unreachable socket" socket=/tmp/tmux-501/t115d24675 err="query tmux on /tmp/tmux-501/t115d24675: exit status 1: no server running on /tmp/tmux-501/t115d24675"
time=2026-08-21T23:11:30.987+08:00 level=DEBUG msg="discovery: skipping unreachable socket" socket=/tmp/tmux-501/ta-f1ad1b378fc7 err="query tmux on /tmp/tmux-501/ta-f1ad1b378fc7: exit status 1: no server running on /tmp/tmux-501/ta-f1ad1b378fc7"
time=2026-08-21T23:11:30.989+08:00 level=DEBUG msg="discovery: skipping unreachable socket" socket=/tmp/tmux-501/t115e31319 err="query tmux on /tmp/tmux-501/t115e31319: exit status 1: no server running on /tmp/tmux-501/t115e31319"
time=2026-08-21T23:11:31.002+08:00 level=DEBUG msg="discovery: skipping unreachable socket" socket=/tmp/tmux-501/t115f44898 err="query tmux on /tmp/tmux-501/t115f44898: exit status 1: no server running on /tmp/tmux-501/t115f44898"
time=2026-08-21T23:11:31.012+08:00 level=DEBUG msg="discovery: skipping unreachable socket" socket=/tmp/tmux-501/ta-t121u01 err="query tmux on /tmp/tmux-501/ta-t121u01: exit status 1: no server running on /tmp/tmux-501/ta-t121u01"
time=2026-08-21T23:11:31.014+08:00 level=DEBUG msg="discovery: skipping unreachable socket" socket=/tmp/tmux-501/t115g47728 err="query tmux on /tmp/tmux-501/t115g47728: exit status 1: no server running on /tmp/tmux-501/t115g47728"
time=2026-08-21T23:11:31.030+08:00 level=DEBUG msg="discovery: skipping unreachable socket" socket=/tmp/tmux-501/ta-t121u01b err="query tmux on /tmp/tmux-501/ta-t121u01b: exit status 1: no server running on /tmp/tmux-501/ta-t121u01b"
time=2026-08-21T23:11:31.032+08:00 level=DEBUG msg="discovery: skipping unreachable socket" socket=/tmp/tmux-501/ta-0bafa3965ade err="query tmux on /tmp/tmux-501/ta-0bafa3965ade: exit status 1: no server running on /tmp/tmux-501/ta-0bafa3965ade"
time=2026-08-21T23:11:31.042+08:00 level=DEBUG msg="discovery: skipping unreachable socket" socket=/tmp/tmux-501/ta-user-agents err="query tmux on /tmp/tmux-501/ta-user-agents: exit status 1: no server running on /tmp/tmux-501/ta-user-agents"
time=2026-08-21T23:11:31.085+08:00 level=DEBUG msg="discovery: skipping unreachable socket" socket=/tmp/tmux-501/ta-61709dcf801e err="query tmux on /tmp/tmux-501/ta-61709dcf801e: exit status 1: no server running on /tmp/tmux-501/ta-61709dcf801e"
time=2026-08-21T23:11:31.115+08:00 level=DEBUG msg="discovery: skipping unparsable pane line" socket=/tmp/tmux-501/ta-a9fd5b7defbd line="team-refactor-maintainability|6|%39|/Users/alauda/Documents/code/agent前沿探索/多agent协作|bash|87458|t.p9.review 零上下文设计审查已通过<|eos|> - grok|235x50|tester-t124"
time=2026-08-21T23:11:31.139+08:00 level=DEBUG msg="discovery: skipping unreachable socket" socket=/tmp/tmux-501/ta-ed81bd4d8c17 err="query tmux on /tmp/tmux-501/ta-ed81bd4d8c17: exit status 1: no server running on /tmp/tmux-501/ta-ed81bd4d8c17"
time=2026-08-21T23:11:31.158+08:00 level=DEBUG msg="discovery: skipping unreachable socket" socket=/tmp/tmux-501/ta-f1ad1b378fc7 err="query tmux on /tmp/tmux-501/ta-f1ad1b378fc7: exit status 1: no server running on /tmp/tmux-501/ta-f1ad1b378fc7"
time=2026-08-21T23:11:31.181+08:00 level=DEBUG msg="discovery: skipping unreachable socket" socket=/tmp/tmux-501/ta-t121u01 err="query tmux on /tmp/tmux-501/ta-t121u01: exit status 1: no server running on /tmp/tmux-501/ta-t121u01"
time=2026-08-21T23:11:31.192+08:00 level=DEBUG msg="discovery: skipping unreachable socket" socket=/tmp/tmux-501/ta-t121u01b err="query tmux on /tmp/tmux-501/ta-t121u01b: exit status 1: no server running on /tmp/tmux-501/ta-t121u01b"
time=2026-08-21T23:11:31.204+08:00 level=DEBUG msg="discovery: skipping unreachable socket" socket=/tmp/tmux-501/ta-user-agents err="query tmux on /tmp/tmux-501/ta-user-agents: exit status 1: no server running on /tmp/tmux-501/ta-user-agents"
time=2026-08-21T23:11:31.353+08:00 level=WARN msg="level2: title unknown for provider" provider=grok codepoint=U+002B title="+ Agent 弹窗图标卡片重做 - grok" is_letter=false is_number=false leading_glyph=true status=unknown
time=2026-08-21T23:11:33.422+08:00 level=DEBUG msg="discovery: skipping unreachable socket" socket=/tmp/tmux-501/t115d24675 err="query tmux on /tmp/tmux-501/t115d24675: exit status 1: no server running on /tmp/tmux-501/t115d24675"
time=2026-08-21T23:11:33.438+08:00 level=DEBUG msg="discovery: skipping unreachable socket" socket=/tmp/tmux-501/t115e31319 err="query tmux on /tmp/tmux-501/t115e31319: exit status 1: no server running on /tmp/tmux-501/t115e31319"
time=2026-08-21T23:11:33.455+08:00 level=DEBUG msg="discovery: skipping unreachable socket" socket=/tmp/tmux-501/t115f44898 err="query tmux on /tmp/tmux-501/t115f44898: exit status 1: no server running on /tmp/tmux-501/t115f44898"
time=2026-08-21T23:11:33.477+08:00 level=DEBUG msg="discovery: skipping unreachable socket" socket=/tmp/tmux-501/t115g47728 err="query tmux on /tmp/tmux-501/t115g47728: exit status 1: no server running on /tmp/tmux-501/t115g47728"
time=2026-08-21T23:11:33.499+08:00 level=DEBUG msg="discovery: skipping unreachable socket" socket=/tmp/tmux-501/ta-0bafa3965ade err="query tmux on /tmp/tmux-501/ta-0bafa3965ade: exit status 1: no server running on /tmp/tmux-501/ta-0bafa3965ade"
time=2026-08-21T23:11:33.590+08:00 level=DEBUG msg="discovery: skipping unreachable socket" socket=/tmp/tmux-501/ta-61709dcf801e err="query tmux on /tmp/tmux-501/ta-61709dcf801e: exit status 1: no server running on /tmp/tmux-501/ta-61709dcf801e"
time=2026-08-21T23:11:33.735+08:00 level=DEBUG msg="discovery: skipping unparsable pane line" socket=/tmp/tmux-501/ta-a9fd5b7defbd line="team-refactor-maintainability|6|%39|/Users/alauda/Documents/code/agent前沿探索/多agent协作|bash|87458|t.p9.review 零上下文设计审查已通过<|eos|> - grok|235x50|tester-t124"
time=2026-08-21T23:11:33.823+08:00 level=DEBUG msg="discovery: skipping unreachable socket" socket=/tmp/tmux-501/ta-ed81bd4d8c17 err="query tmux on /tmp/tmux-501/ta-ed81bd4d8c17: exit status 1: no server running on /tmp/tmux-501/ta-ed81bd4d8c17"
time=2026-08-21T23:11:33.853+08:00 level=DEBUG msg="discovery: skipping unreachable socket" socket=/tmp/tmux-501/ta-f1ad1b378fc7 err="query tmux on /tmp/tmux-501/ta-f1ad1b378fc7: exit status 1: no server running on /tmp/tmux-501/ta-f1ad1b378fc7"
time=2026-08-21T23:11:33.939+08:00 level=DEBUG msg="discovery: skipping unreachable socket" socket=/tmp/tmux-501/ta-t121u01 err="query tmux on /tmp/tmux-501/ta-t121u01: exit status 1: no server running on /tmp/tmux-501/ta-t121u01"
time=2026-08-21T23:11:33.958+08:00 level=DEBUG msg="discovery: skipping unreachable socket" socket=/tmp/tmux-501/ta-t121u01b err="query tmux on /tmp/tmux-501/ta-t121u01b: exit status 1: no server running on /tmp/tmux-501/ta-t121u01b"
time=2026-08-21T23:11:33.978+08:00 level=DEBUG msg="discovery: skipping unreachable socket" socket=/tmp/tmux-501/ta-user-agents err="query tmux on /tmp/tmux-501/ta-user-agents: exit status 1: no server running on /tmp/tmux-501/ta-user-agents"
time=2026-08-21T23:11:34.218+08:00 level=WARN msg="level2: title unknown for provider" provider=grok codepoint=U+002B title="+ Agent 弹窗图标卡片重做 - grok" is_letter=false is_number=false leading_glyph=true status=unknown
time=2026-08-21T23:11:36.305+08:00 level=DEBUG msg="discovery: skipping unreachable socket" socket=/tmp/tmux-501/t115d24675 err="query tmux on /tmp/tmux-501/t115d24675: exit status 1: no server running on /tmp/tmux-501/t115d24675"
time=2026-08-21T23:11:36.323+08:00 level=DEBUG msg="discovery: skipping unreachable socket" socket=/tmp/tmux-501/t115e31319 err="query tmux on /tmp/tmux-501/t115e31319: exit status 1: no server running on /tmp/tmux-501/t115e31319"
time=2026-08-21T23:11:36.338+08:00 level=DEBUG msg="discovery: skipping unreachable socket" socket=/tmp/tmux-501/t115f44898 err="query tmux on /tmp/tmux-501/t115f44898: exit status 1: no server running on /tmp/tmux-501/t115f44898"
time=2026-08-21T23:11:36.382+08:00 level=DEBUG msg="discovery: skipping unreachable socket" socket=/tmp/tmux-501/t115g47728 err="query tmux on /tmp/tmux-501/t115g47728: exit status 1: no server running on /tmp/tmux-501/t115g47728"
time=2026-08-21T23:11:36.415+08:00 level=DEBUG msg="discovery: skipping unreachable socket" socket=/tmp/tmux-501/ta-0bafa3965ade err="query tmux on /tmp/tmux-501/ta-0bafa3965ade: exit status 1: no server running on /tmp/tmux-501/ta-0bafa3965ade"
time=2026-08-21T23:11:36.529+08:00 level=DEBUG msg="discovery: skipping unreachable socket" socket=/tmp/tmux-501/ta-61709dcf801e err="query tmux on /tmp/tmux-501/ta-61709dcf801e: exit status 1: no server running on /tmp/tmux-501/ta-61709dcf801e"
time=2026-08-21T23:11:36.570+08:00 level=DEBUG msg="discovery: skipping unparsable pane line" socket=/tmp/tmux-501/ta-a9fd5b7defbd line="team-refactor-maintainability|6|%39|/Users/alauda/Documents/code/agent前沿探索/多agent协作|bash|87458|t.p9.review 零上下文设计审查已通过<|eos|> - grok|235x50|tester-t124"
time=2026-08-21T23:11:36.605+08:00 level=DEBUG msg="discovery: skipping unreachable socket" socket=/tmp/tmux-501/ta-ed81bd4d8c17 err="query tmux on /tmp/tmux-501/ta-ed81bd4d8c17: exit status 1: no server running on /tmp/tmux-501/ta-ed81bd4d8c17"
time=2026-08-21T23:11:36.629+08:00 level=DEBUG msg="discovery: skipping unreachable socket" socket=/tmp/tmux-501/ta-f1ad1b378fc7 err="query tmux on /tmp/tmux-501/ta-f1ad1b378fc7: exit status 1: no server running on /tmp/tmux-501/ta-f1ad1b378fc7"
time=2026-08-21T23:11:36.666+08:00 level=DEBUG msg="discovery: skipping unreachable socket" socket=/tmp/tmux-501/ta-t121u01 err="query tmux on /tmp/tmux-501/ta-t121u01: exit status 1: no server running on /tmp/tmux-501/ta-t121u01"
time=2026-08-21T23:11:36.679+08:00 level=DEBUG msg="discovery: skipping unreachable socket" socket=/tmp/tmux-501/ta-t121u01b err="query tmux on /tmp/tmux-501/ta-t121u01b: exit status 1: no server running on /tmp/tmux-501/ta-t121u01b"
time=2026-08-21T23:11:36.697+08:00 level=DEBUG msg="discovery: skipping unreachable socket" socket=/tmp/tmux-501/ta-user-agents err="query tmux on /tmp/tmux-501/ta-user-agents: exit status 1: no server running on /tmp/tmux-501/ta-user-agents"
time=2026-08-21T23:11:36.785+08:00 level=WARN msg="level2: title unknown for provider" provider=grok codepoint=U+002B title="+ Agent 弹窗图标卡片重做 - grok" is_letter=false is_number=false leading_glyph=true status=unknown
time=2026-08-21T23:11:36.929+08:00 level=DEBUG msg="listing: no changes"
time=2026-08-21T23:11:37.505+08:00 level=DEBUG msg="discovery: skipping unreachable socket" socket=/tmp/tmux-501/t115d24675 err="query tmux on /tmp/tmux-501/t115d24675: exit status 1: no server running on /tmp/tmux-501/t115d24675"
time=2026-08-21T23:11:37.540+08:00 level=DEBUG msg="discovery: skipping unreachable socket" socket=/tmp/tmux-501/t115e31319 err="query tmux on /tmp/tmux-501/t115e31319: exit status 1: no server running on /tmp/tmux-501/t115e31319"
time=2026-08-21T23:11:37.574+08:00 level=DEBUG msg="discovery: skipping unreachable socket" socket=/tmp/tmux-501/t115f44898 err="query tmux on /tmp/tmux-501/t115f44898: exit status 1: no server running on /tmp/tmux-501/t115f44898"
time=2026-08-21T23:11:37.595+08:00 level=DEBUG msg="discovery: skipping unreachable socket" socket=/tmp/tmux-501/t115g47728 err="query tmux on /tmp/tmux-501/t115g47728: exit status 1: no server running on /tmp/tmux-501/t115g47728"
time=2026-08-21T23:11:37.625+08:00 level=DEBUG msg="discovery: skipping unreachable socket" socket=/tmp/tmux-501/ta-0bafa3965ade err="query tmux on /tmp/tmux-501/ta-0bafa3965ade: exit status 1: no server running on /tmp/tmux-501/ta-0bafa3965ade"
time=2026-08-21T23:11:38.006+08:00 level=DEBUG msg="discovery: skipping unreachable socket" socket=/tmp/tmux-501/ta-61709dcf801e err="query tmux on /tmp/tmux-501/ta-61709dcf801e: exit status 1: no server running on /tmp/tmux-501/ta-61709dcf801e"
time=2026-08-21T23:11:38.048+08:00 level=DEBUG msg="discovery: skipping unparsable pane line" socket=/tmp/tmux-501/ta-a9fd5b7defbd line="team-refactor-maintainability|6|%39|/Users/alauda/Documents/code/agent前沿探索/多agent协作|bash|87458|t.p9.review 零上下文设计审查已通过<|eos|> - grok|235x50|tester-t124"
time=2026-08-21T23:11:38.098+08:00 level=DEBUG msg="discovery: skipping unreachable socket" socket=/tmp/tmux-501/ta-ed81bd4d8c17 err="query tmux on /tmp/tmux-501/ta-ed81bd4d8c17: exit status 1: no server running on /tmp/tmux-501/ta-ed81bd4d8c17"
time=2026-08-21T23:11:38.129+08:00 level=DEBUG msg="discovery: skipping unreachable socket" socket=/tmp/tmux-501/ta-f1ad1b378fc7 err="query tmux on /tmp/tmux-501/ta-f1ad1b378fc7: exit status 1: no server running on /tmp/tmux-501/ta-f1ad1b378fc7"
time=2026-08-21T23:11:38.174+08:00 level=DEBUG msg="discovery: skipping unreachable socket" socket=/tmp/tmux-501/ta-t121u01 err="query tmux on /tmp/tmux-501/ta-t121u01: exit status 1: no server running on /tmp/tmux-501/ta-t121u01"
time=2026-08-21T23:11:38.195+08:00 level=DEBUG msg="discovery: skipping unreachable socket" socket=/tmp/tmux-501/ta-t121u01b err="query tmux on /tmp/tmux-501/ta-t121u01b: exit status 1: no server running on /tmp/tmux-501/ta-t121u01b"
time=2026-08-21T23:11:38.213+08:00 level=DEBUG msg="discovery: skipping unreachable socket" socket=/tmp/tmux-501/ta-user-agents err="query tmux on /tmp/tmux-501/ta-user-agents: exit status 1: no server running on /tmp/tmux-501/ta-user-agents"
time=2026-08-21T23:11:38.884+08:00 level=DEBUG msg="discovery: skipping unreachable socket" socket=/tmp/tmux-501/t115d24675 err="query tmux on /tmp/tmux-501/t115d24675: exit status 1: no server running on /tmp/tmux-501/t115d24675"
time=2026-08-21T23:11:38.905+08:00 level=DEBUG msg="discovery: skipping unreachable socket" socket=/tmp/tmux-501/t115e31319 err="query tmux on /tmp/tmux-501/t115e31319: exit status 1: no server running on /tmp/tmux-501/t115e31319"
time=2026-08-21T23:11:38.945+08:00 level=DEBUG msg="discovery: skipping unreachable socket" socket=/tmp/tmux-501/t115f44898 err="query tmux on /tmp/tmux-501/t115f44898: exit status 1: no server running on /tmp/tmux-501/t115f44898"
time=2026-08-21T23:11:38.960+08:00 level=DEBUG msg="discovery: skipping unreachable socket" socket=/tmp/tmux-501/t115g47728 err="query tmux on /tmp/tmux-501/t115g47728: exit status 1: no server running on /tmp/tmux-501/t115g47728"
time=2026-08-21T23:11:38.979+08:00 level=DEBUG msg="discovery: skipping unreachable socket" socket=/tmp/tmux-501/ta-0bafa3965ade err="query tmux on /tmp/tmux-501/ta-0bafa3965ade: exit status 1: no server running on /tmp/tmux-501/ta-0bafa3965ade"
time=2026-08-21T23:11:39.079+08:00 level=DEBUG msg="discovery: skipping unreachable socket" socket=/tmp/tmux-501/ta-61709dcf801e err="query tmux on /tmp/tmux-501/ta-61709dcf801e: exit status 1: no server running on /tmp/tmux-501/ta-61709dcf801e"
time=2026-08-21T23:11:39.124+08:00 level=DEBUG msg="discovery: skipping unparsable pane line" socket=/tmp/tmux-501/ta-a9fd5b7defbd line="team-refactor-maintainability|6|%39|/Users/alauda/Documents/code/agent前沿探索/多agent协作|bash|87458|t.p9.review 零上下文设计审查已通过<|eos|> - grok|235x50|tester-t124"
time=2026-08-21T23:11:39.170+08:00 level=DEBUG msg="discovery: skipping unreachable socket" socket=/tmp/tmux-501/ta-ed81bd4d8c17 err="query tmux on /tmp/tmux-501/ta-ed81bd4d8c17: exit status 1: no server running on /tmp/tmux-501/ta-ed81bd4d8c17"
time=2026-08-21T23:11:39.205+08:00 level=DEBUG msg="discovery: skipping unreachable socket" socket=/tmp/tmux-501/ta-f1ad1b378fc7 err="query tmux on /tmp/tmux-501/ta-f1ad1b378fc7: exit status 1: no server running on /tmp/tmux-501/ta-f1ad1b378fc7"
time=2026-08-21T23:11:39.243+08:00 level=DEBUG msg="discovery: skipping unreachable socket" socket=/tmp/tmux-501/ta-t121u01 err="query tmux on /tmp/tmux-501/ta-t121u01: exit status 1: no server running on /tmp/tmux-501/ta-t121u01"
time=2026-08-21T23:11:39.273+08:00 level=DEBUG msg="discovery: skipping unreachable socket" socket=/tmp/tmux-501/ta-t121u01b err="query tmux on /tmp/tmux-501/ta-t121u01b: exit status 1: no server running on /tmp/tmux-501/ta-t121u01b"
time=2026-08-21T23:11:39.288+08:00 level=DEBUG msg="discovery: skipping unreachable socket" socket=/tmp/tmux-501/ta-user-agents err="query tmux on /tmp/tmux-501/ta-user-agents: exit status 1: no server running on /tmp/tmux-501/ta-user-agents"
time=2026-08-21T23:11:39.575+08:00 level=WARN msg="level2: title unknown for provider" provider=grok codepoint=U+002B title="+ Agent 弹窗图标卡片重做 - grok" is_letter=false is_number=false leading_glyph=true status=unknown
time=2026-08-21T23:11:41.614+08:00 level=DEBUG msg="discovery: skipping unreachable socket" socket=/tmp/tmux-501/t115d24675 err="query tmux on /tmp/tmux-501/t115d24675: exit status 1: no server running on /tmp/tmux-501/t115d24675"
time=2026-08-21T23:11:41.623+08:00 level=DEBUG msg="discovery: skipping unreachable socket" socket=/tmp/tmux-501/t115e31319 err="query tmux on /tmp/tmux-501/t115e31319: exit status 1: no server running on /tmp/tmux-501/t115e31319"
time=2026-08-21T23:11:41.634+08:00 level=DEBUG msg="discovery: skipping unreachable socket" socket=/tmp/tmux-501/t115f44898 err="query tmux on /tmp/tmux-501/t115f44898: exit status 1: no server running on /tmp/tmux-501/t115f44898"
time=2026-08-21T23:11:41.652+08:00 level=DEBUG msg="discovery: skipping unreachable socket" socket=/tmp/tmux-501/t115g47728 err="query tmux on /tmp/tmux-501/t115g47728: exit status 1: no server running on /tmp/tmux-501/t115g47728"
time=2026-08-21T23:11:41.664+08:00 level=DEBUG msg="discovery: skipping unreachable socket" socket=/tmp/tmux-501/ta-0bafa3965ade err="query tmux on /tmp/tmux-501/ta-0bafa3965ade: exit status 1: no server running on /tmp/tmux-501/ta-0bafa3965ade"
time=2026-08-21T23:11:41.726+08:00 level=DEBUG msg="discovery: skipping unreachable socket" socket=/tmp/tmux-501/ta-61709dcf801e err="query tmux on /tmp/tmux-501/ta-61709dcf801e: exit status 1: no server running on /tmp/tmux-501/ta-61709dcf801e"
time=2026-08-21T23:11:41.754+08:00 level=DEBUG msg="discovery: skipping unparsable pane line" socket=/tmp/tmux-501/ta-a9fd5b7defbd line="team-refactor-maintainability|6|%39|/Users/alauda/Documents/code/agent前沿探索/多agent协作|bash|87458|t.p9.review 零上下文设计审查已通过<|eos|> - grok|235x50|tester-t124"
time=2026-08-21T23:11:41.777+08:00 level=DEBUG msg="discovery: skipping unreachable socket" socket=/tmp/tmux-501/ta-ed81bd4d8c17 err="query tmux on /tmp/tmux-501/ta-ed81bd4d8c17: exit status 1: no server running on /tmp/tmux-501/ta-ed81bd4d8c17"
time=2026-08-21T23:11:41.792+08:00 level=DEBUG msg="discovery: skipping unreachable socket" socket=/tmp/tmux-501/ta-f1ad1b378fc7 err="query tmux on /tmp/tmux-501/ta-f1ad1b378fc7: exit status 1: no server running on /tmp/tmux-501/ta-f1ad1b378fc7"
time=2026-08-21T23:11:41.815+08:00 level=DEBUG msg="discovery: skipping unreachable socket" socket=/tmp/tmux-501/ta-t121u01 err="query tmux on /tmp/tmux-501/ta-t121u01: exit status 1: no server running on /tmp/tmux-501/ta-t121u01"
time=2026-08-21T23:11:41.825+08:00 level=DEBUG msg="discovery: skipping unreachable socket" socket=/tmp/tmux-501/ta-t121u01b err="query tmux on /tmp/tmux-501/ta-t121u01b: exit status 1: no server running on /tmp/tmux-501/ta-t121u01b"
time=2026-08-21T23:11:41.836+08:00 level=DEBUG msg="discovery: skipping unreachable socket" socket=/tmp/tmux-501/ta-user-agents err="query tmux on /tmp/tmux-501/ta-user-agents: exit status 1: no server running on /tmp/tmux-501/ta-user-agents"
time=2026-08-21T23:11:42.053+08:00 level=WARN msg="level2: title unknown for provider" provider=grok codepoint=U+002B title="+ Agent 弹窗图标卡片重做 - grok" is_letter=false is_number=false leading_glyph=true status=unknown
time=2026-08-21T23:11:43.232+08:00 level=DEBUG msg="listing: no changes"
time=2026-08-21T23:11:43.764+08:00 level=DEBUG msg="discovery: skipping unreachable socket" socket=/tmp/tmux-501/t115d24675 err="query tmux on /tmp/tmux-501/t115d24675: exit status 1: no server running on /tmp/tmux-501/t115d24675"
time=2026-08-21T23:11:43.775+08:00 level=DEBUG msg="discovery: skipping unreachable socket" socket=/tmp/tmux-501/t115e31319 err="query tmux on /tmp/tmux-501/t115e31319: exit status 1: no server running on /tmp/tmux-501/t115e31319"
time=2026-08-21T23:11:43.788+08:00 level=DEBUG msg="discovery: skipping unreachable socket" socket=/tmp/tmux-501/t115f44898 err="query tmux on /tmp/tmux-501/t115f44898: exit status 1: no server running on /tmp/tmux-501/t115f44898"
time=2026-08-21T23:11:43.798+08:00 level=DEBUG msg="discovery: skipping unreachable socket" socket=/tmp/tmux-501/t115g47728 err="query tmux on /tmp/tmux-501/t115g47728: exit status 1: no server running on /tmp/tmux-501/t115g47728"
time=2026-08-21T23:11:43.808+08:00 level=DEBUG msg="discovery: skipping unreachable socket" socket=/tmp/tmux-501/ta-0bafa3965ade err="query tmux on /tmp/tmux-501/ta-0bafa3965ade: exit status 1: no server running on /tmp/tmux-501/ta-0bafa3965ade"
time=2026-08-21T23:11:43.853+08:00 level=DEBUG msg="discovery: skipping unreachable socket" socket=/tmp/tmux-501/ta-61709dcf801e err="query tmux on /tmp/tmux-501/ta-61709dcf801e: exit status 1: no server running on /tmp/tmux-501/ta-61709dcf801e"
time=2026-08-21T23:11:43.875+08:00 level=DEBUG msg="discovery: skipping unparsable pane line" socket=/tmp/tmux-501/ta-a9fd5b7defbd line="team-refactor-maintainability|6|%39|/Users/alauda/Documents/code/agent前沿探索/多agent协作|bash|87458|t.p9.review 零上下文设计审查已通过<|eos|> - grok|235x50|tester-t124"
time=2026-08-21T23:11:43.894+08:00 level=DEBUG msg="discovery: skipping unreachable socket" socket=/tmp/tmux-501/ta-ed81bd4d8c17 err="query tmux on /tmp/tmux-501/ta-ed81bd4d8c17: exit status 1: no server running on /tmp/tmux-501/ta-ed81bd4d8c17"
time=2026-08-21T23:11:43.903+08:00 level=DEBUG msg="discovery: skipping unreachable socket" socket=/tmp/tmux-501/ta-f1ad1b378fc7 err="query tmux on /tmp/tmux-501/ta-f1ad1b378fc7: exit status 1: no server running on /tmp/tmux-501/ta-f1ad1b378fc7"
time=2026-08-21T23:11:43.926+08:00 level=DEBUG msg="discovery: skipping unreachable socket" socket=/tmp/tmux-501/ta-t121u01 err="query tmux on /tmp/tmux-501/ta-t121u01: exit status 1: no server running on /tmp/tmux-501/ta-t121u01"
time=2026-08-21T23:11:43.934+08:00 level=DEBUG msg="discovery: skipping unreachable socket" socket=/tmp/tmux-501/ta-t121u01b err="query tmux on /tmp/tmux-501/ta-t121u01b: exit status 1: no server running on /tmp/tmux-501/ta-t121u01b"
time=2026-08-21T23:11:43.944+08:00 level=DEBUG msg="discovery: skipping unreachable socket" socket=/tmp/tmux-501/ta-user-agents err="query tmux on /tmp/tmux-501/ta-user-agents: exit status 1: no server running on /tmp/tmux-501/ta-user-agents"
time=2026-08-21T23:11:44.087+08:00 level=DEBUG msg="discovery: skipping unreachable socket" socket=/tmp/tmux-501/t115d24675 err="query tmux on /tmp/tmux-501/t115d24675: exit status 1: no server running on /tmp/tmux-501/t115d24675"
time=2026-08-21T23:11:44.096+08:00 level=DEBUG msg="discovery: skipping unreachable socket" socket=/tmp/tmux-501/t115e31319 err="query tmux on /tmp/tmux-501/t115e31319: exit status 1: no server running on /tmp/tmux-501/t115e31319"
time=2026-08-21T23:11:44.107+08:00 level=DEBUG msg="discovery: skipping unreachable socket" socket=/tmp/tmux-501/t115f44898 err="query tmux on /tmp/tmux-501/t115f44898: exit status 1: no server running on /tmp/tmux-501/t115f44898"
time=2026-08-21T23:11:44.117+08:00 level=DEBUG msg="discovery: skipping unreachable socket" socket=/tmp/tmux-501/t115g47728 err="query tmux on /tmp/tmux-501/t115g47728: exit status 1: no server running on /tmp/tmux-501/t115g47728"
time=2026-08-21T23:11:44.133+08:00 level=DEBUG msg="discovery: skipping unreachable socket" socket=/tmp/tmux-501/ta-0bafa3965ade err="query tmux on /tmp/tmux-501/ta-0bafa3965ade: exit status 1: no server running on /tmp/tmux-501/ta-0bafa3965ade"
time=2026-08-21T23:11:44.178+08:00 level=DEBUG msg="discovery: skipping unreachable socket" socket=/tmp/tmux-501/ta-61709dcf801e err="query tmux on /tmp/tmux-501/ta-61709dcf801e: exit status 1: no server running on /tmp/tmux-501/ta-61709dcf801e"
time=2026-08-21T23:11:44.207+08:00 level=DEBUG msg="discovery: skipping unparsable pane line" socket=/tmp/tmux-501/ta-a9fd5b7defbd line="team-refactor-maintainability|6|%39|/Users/alauda/Documents/code/agent前沿探索/多agent协作|bash|87458|t.p9.review 零上下文设计审查已通过<|eos|> - grok|235x50|tester-t124"
time=2026-08-21T23:11:44.229+08:00 level=DEBUG msg="discovery: skipping unreachable socket" socket=/tmp/tmux-501/ta-ed81bd4d8c17 err="query tmux on /tmp/tmux-501/ta-ed81bd4d8c17: exit status 1: no server running on /tmp/tmux-501/ta-ed81bd4d8c17"
time=2026-08-21T23:11:44.239+08:00 level=DEBUG msg="discovery: skipping unreachable socket" socket=/tmp/tmux-501/ta-f1ad1b378fc7 err="query tmux on /tmp/tmux-501/ta-f1ad1b378fc7: exit status 1: no server running on /tmp/tmux-501/ta-f1ad1b378fc7"
time=2026-08-21T23:11:44.257+08:00 level=DEBUG msg="discovery: skipping unreachable socket" socket=/tmp/tmux-501/ta-t121u01 err="query tmux on /tmp/tmux-501/ta-t121u01: exit status 1: no server running on /tmp/tmux-501/ta-t121u01"
time=2026-08-21T23:11:44.266+08:00 level=DEBUG msg="discovery: skipping unreachable socket" socket=/tmp/tmux-501/ta-t121u01b err="query tmux on /tmp/tmux-501/ta-t121u01b: exit status 1: no server running on /tmp/tmux-501/ta-t121u01b"
time=2026-08-21T23:11:44.275+08:00 level=DEBUG msg="discovery: skipping unreachable socket" socket=/tmp/tmux-501/ta-user-agents err="query tmux on /tmp/tmux-501/ta-user-agents: exit status 1: no server running on /tmp/tmux-501/ta-user-agents"
time=2026-08-21T23:11:44.385+08:00 level=WARN msg="level2: title unknown for provider" provider=grok codepoint=U+002B title="+ Agent 弹窗图标卡片重做 - grok" is_letter=false is_number=false leading_glyph=true status=unknown
time=2026-08-21T23:11:46.414+08:00 level=DEBUG msg="discovery: skipping unreachable socket" socket=/tmp/tmux-501/t115d24675 err="query tmux on /tmp/tmux-501/t115d24675: exit status 1: no server running on /tmp/tmux-501/t115d24675"
time=2026-08-21T23:11:46.423+08:00 level=DEBUG msg="discovery: skipping unreachable socket" socket=/tmp/tmux-501/t115e31319 err="query tmux on /tmp/tmux-501/t115e31319: exit status 1: no server running on /tmp/tmux-501/t115e31319"
time=2026-08-21T23:11:46.432+08:00 level=DEBUG msg="discovery: skipping unreachable socket" socket=/tmp/tmux-501/t115f44898 err="query tmux on /tmp/tmux-501/t115f44898: exit status 1: no server running on /tmp/tmux-501/t115f44898"
time=2026-08-21T23:11:46.441+08:00 level=DEBUG msg="discovery: skipping unreachable socket" socket=/tmp/tmux-501/t115g47728 err="query tmux on /tmp/tmux-501/t115g47728: exit status 1: no server running on /tmp/tmux-501/t115g47728"
time=2026-08-21T23:11:46.450+08:00 level=DEBUG msg="discovery: skipping unreachable socket" socket=/tmp/tmux-501/ta-0bafa3965ade err="query tmux on /tmp/tmux-501/ta-0bafa3965ade: exit status 1: no server running on /tmp/tmux-501/ta-0bafa3965ade"
time=2026-08-21T23:11:46.486+08:00 level=DEBUG msg="discovery: skipping unreachable socket" socket=/tmp/tmux-501/ta-61709dcf801e err="query tmux on /tmp/tmux-501/ta-61709dcf801e: exit status 1: no server running on /tmp/tmux-501/ta-61709dcf801e"
time=2026-08-21T23:11:46.506+08:00 level=DEBUG msg="discovery: skipping unparsable pane line" socket=/tmp/tmux-501/ta-a9fd5b7defbd line="team-refactor-maintainability|6|%39|/Users/alauda/Documents/code/agent前沿探索/多agent协作|bash|87458|t.p9.review 零上下文设计审查已通过<|eos|> - grok|235x50|tester-t124"
time=2026-08-21T23:11:46.525+08:00 level=DEBUG msg="discovery: skipping unreachable socket" socket=/tmp/tmux-501/ta-ed81bd4d8c17 err="query tmux on /tmp/tmux-501/ta-ed81bd4d8c17: exit status 1: no server running on /tmp/tmux-501/ta-ed81bd4d8c17"
time=2026-08-21T23:11:46.534+08:00 level=DEBUG msg="discovery: skipping unreachable socket" socket=/tmp/tmux-501/ta-f1ad1b378fc7 err="query tmux on /tmp/tmux-501/ta-f1ad1b378fc7: exit status 1: no server running on /tmp/tmux-501/ta-f1ad1b378fc7"
time=2026-08-21T23:11:46.552+08:00 level=DEBUG msg="discovery: skipping unreachable socket" socket=/tmp/tmux-501/ta-t121u01 err="query tmux on /tmp/tmux-501/ta-t121u01: exit status 1: no server running on /tmp/tmux-501/ta-t121u01"
time=2026-08-21T23:11:46.561+08:00 level=DEBUG msg="discovery: skipping unreachable socket" socket=/tmp/tmux-501/ta-t121u01b err="query tmux on /tmp/tmux-501/ta-t121u01b: exit status 1: no server running on /tmp/tmux-501/ta-t121u01b"
time=2026-08-21T23:11:46.569+08:00 level=DEBUG msg="discovery: skipping unreachable socket" socket=/tmp/tmux-501/ta-user-agents err="query tmux on /tmp/tmux-501/ta-user-agents: exit status 1: no server running on /tmp/tmux-501/ta-user-agents"
time=2026-08-21T23:11:46.672+08:00 level=WARN msg="level2: title unknown for provider" provider=grok codepoint=U+002B title="+ Agent 弹窗图标卡片重做 - grok" is_letter=false is_number=false leading_glyph=true status=unknown
time=2026-08-21T23:11:46.904+08:00 level=DEBUG msg="listing: no changes"
time=2026-08-21T23:11:47.433+08:00 level=DEBUG msg="discovery: skipping unreachable socket" socket=/tmp/tmux-501/t115d24675 err="query tmux on /tmp/tmux-501/t115d24675: exit status 1: no server running on /tmp/tmux-501/t115d24675"
time=2026-08-21T23:11:47.442+08:00 level=DEBUG msg="discovery: skipping unreachable socket" socket=/tmp/tmux-501/t115e31319 err="query tmux on /tmp/tmux-501/t115e31319: exit status 1: no server running on /tmp/tmux-501/t115e31319"
time=2026-08-21T23:11:47.451+08:00 level=DEBUG msg="discovery: skipping unreachable socket" socket=/tmp/tmux-501/t115f44898 err="query tmux on /tmp/tmux-501/t115f44898: exit status 1: no server running on /tmp/tmux-501/t115f44898"
time=2026-08-21T23:11:47.460+08:00 level=DEBUG msg="discovery: skipping unreachable socket" socket=/tmp/tmux-501/t115g47728 err="query tmux on /tmp/tmux-501/t115g47728: exit status 1: no server running on /tmp/tmux-501/t115g47728"
time=2026-08-21T23:11:47.469+08:00 level=DEBUG msg="discovery: skipping unreachable socket" socket=/tmp/tmux-501/ta-0bafa3965ade err="query tmux on /tmp/tmux-501/ta-0bafa3965ade: exit status 1: no server running on /tmp/tmux-501/ta-0bafa3965ade"
time=2026-08-21T23:11:47.504+08:00 level=DEBUG msg="discovery: skipping unreachable socket" socket=/tmp/tmux-501/ta-61709dcf801e err="query tmux on /tmp/tmux-501/ta-61709dcf801e: exit status 1: no server running on /tmp/tmux-501/ta-61709dcf801e"
time=2026-08-21T23:11:47.523+08:00 level=DEBUG msg="discovery: skipping unparsable pane line" socket=/tmp/tmux-501/ta-a9fd5b7defbd line="team-refactor-maintainability|6|%39|/Users/alauda/Documents/code/agent前沿探索/多agent协作|bash|87458|t.p9.review 零上下文设计审查已通过<|eos|> - grok|235x50|tester-t124"
time=2026-08-21T23:11:47.543+08:00 level=DEBUG msg="discovery: skipping unreachable socket" socket=/tmp/tmux-501/ta-ed81bd4d8c17 err="query tmux on /tmp/tmux-501/ta-ed81bd4d8c17: exit status 1: no server running on /tmp/tmux-501/ta-ed81bd4d8c17"
time=2026-08-21T23:11:47.552+08:00 level=DEBUG msg="discovery: skipping unreachable socket" socket=/tmp/tmux-501/ta-f1ad1b378fc7 err="query tmux on /tmp/tmux-501/ta-f1ad1b378fc7: exit status 1: no server running on /tmp/tmux-501/ta-f1ad1b378fc7"
time=2026-08-21T23:11:47.570+08:00 level=DEBUG msg="discovery: skipping unreachable socket" socket=/tmp/tmux-501/ta-t121u01 err="query tmux on /tmp/tmux-501/ta-t121u01: exit status 1: no server running on /tmp/tmux-501/ta-t121u01"
time=2026-08-21T23:11:47.579+08:00 level=DEBUG msg="discovery: skipping unreachable socket" socket=/tmp/tmux-501/ta-t121u01b err="query tmux on /tmp/tmux-501/ta-t121u01b: exit status 1: no server running on /tmp/tmux-501/ta-t121u01b"
time=2026-08-21T23:11:47.588+08:00 level=DEBUG msg="discovery: skipping unreachable socket" socket=/tmp/tmux-501/ta-user-agents err="query tmux on /tmp/tmux-501/ta-user-agents: exit status 1: no server running on /tmp/tmux-501/ta-user-agents"
time=2026-08-21T23:11:48.701+08:00 level=DEBUG msg="discovery: skipping unreachable socket" socket=/tmp/tmux-501/t115d24675 err="query tmux on /tmp/tmux-501/t115d24675: exit status 1: no server running on /tmp/tmux-501/t115d24675"
time=2026-08-21T23:11:48.710+08:00 level=DEBUG msg="discovery: skipping unreachable socket" socket=/tmp/tmux-501/t115e31319 err="query tmux on /tmp/tmux-501/t115e31319: exit status 1: no server running on /tmp/tmux-501/t115e31319"
time=2026-08-21T23:11:48.720+08:00 level=DEBUG msg="discovery: skipping unreachable socket" socket=/tmp/tmux-501/t115f44898 err="query tmux on /tmp/tmux-501/t115f44898: exit status 1: no server running on /tmp/tmux-501/t115f44898"
time=2026-08-21T23:11:48.729+08:00 level=DEBUG msg="discovery: skipping unreachable socket" socket=/tmp/tmux-501/t115g47728 err="query tmux on /tmp/tmux-501/t115g47728: exit status 1: no server running on /tmp/tmux-501/t115g47728"
time=2026-08-21T23:11:48.738+08:00 level=DEBUG msg="discovery: skipping unreachable socket" socket=/tmp/tmux-501/ta-0bafa3965ade err="query tmux on /tmp/tmux-501/ta-0bafa3965ade: exit status 1: no server running on /tmp/tmux-501/ta-0bafa3965ade"
time=2026-08-21T23:11:48.775+08:00 level=DEBUG msg="discovery: skipping unreachable socket" socket=/tmp/tmux-501/ta-61709dcf801e err="query tmux on /tmp/tmux-501/ta-61709dcf801e: exit status 1: no server running on /tmp/tmux-501/ta-61709dcf801e"
time=2026-08-21T23:11:48.795+08:00 level=DEBUG msg="discovery: skipping unparsable pane line" socket=/tmp/tmux-501/ta-a9fd5b7defbd line="team-refactor-maintainability|6|%39|/Users/alauda/Documents/code/agent前沿探索/多agent协作|bash|87458|t.p9.review 零上下文设计审查已通过<|eos|> - grok|235x50|tester-t124"
time=2026-08-21T23:11:48.815+08:00 level=DEBUG msg="discovery: skipping unreachable socket" socket=/tmp/tmux-501/ta-ed81bd4d8c17 err="query tmux on /tmp/tmux-501/ta-ed81bd4d8c17: exit status 1: no server running on /tmp/tmux-501/ta-ed81bd4d8c17"
time=2026-08-21T23:11:48.825+08:00 level=DEBUG msg="discovery: skipping unreachable socket" socket=/tmp/tmux-501/ta-f1ad1b378fc7 err="query tmux on /tmp/tmux-501/ta-f1ad1b378fc7: exit status 1: no server running on /tmp/tmux-501/ta-f1ad1b378fc7"
time=2026-08-21T23:11:48.842+08:00 level=DEBUG msg="discovery: skipping unreachable socket" socket=/tmp/tmux-501/ta-t121u01 err="query tmux on /tmp/tmux-501/ta-t121u01: exit status 1: no server running on /tmp/tmux-501/ta-t121u01"
time=2026-08-21T23:11:48.852+08:00 level=DEBUG msg="discovery: skipping unreachable socket" socket=/tmp/tmux-501/ta-t121u01b err="query tmux on /tmp/tmux-501/ta-t121u01b: exit status 1: no server running on /tmp/tmux-501/ta-t121u01b"
time=2026-08-21T23:11:48.860+08:00 level=DEBUG msg="discovery: skipping unreachable socket" socket=/tmp/tmux-501/ta-user-agents err="query tmux on /tmp/tmux-501/ta-user-agents: exit status 1: no server running on /tmp/tmux-501/ta-user-agents"
time=2026-08-21T23:11:48.958+08:00 level=WARN msg="level2: title unknown for provider" provider=grok codepoint=U+002B title="+ Agent 弹窗图标卡片重做 - grok" is_letter=false is_number=false leading_glyph=true status=unknown
time=2026-08-21T23:11:50.492+08:00 level=DEBUG msg="listing: no changes"
time=2026-08-21T23:11:50.988+08:00 level=DEBUG msg="discovery: skipping unreachable socket" socket=/tmp/tmux-501/t115d24675 err="query tmux on /tmp/tmux-501/t115d24675: exit status 1: no server running on /tmp/tmux-501/t115d24675"
time=2026-08-21T23:11:51.001+08:00 level=DEBUG msg="discovery: skipping unreachable socket" socket=/tmp/tmux-501/t115e31319 err="query tmux on /tmp/tmux-501/t115e31319: exit status 1: no server running on /tmp/tmux-501/t115e31319"
time=2026-08-21T23:11:51.012+08:00 level=DEBUG msg="discovery: skipping unreachable socket" socket=/tmp/tmux-501/t115f44898 err="query tmux on /tmp/tmux-501/t115f44898: exit status 1: no server running on /tmp/tmux-501/t115f44898"
time=2026-08-21T23:11:51.021+08:00 level=DEBUG msg="discovery: skipping unreachable socket" socket=/tmp/tmux-501/t115g47728 err="query tmux on /tmp/tmux-501/t115g47728: exit status 1: no server running on /tmp/tmux-501/t115g47728"
time=2026-08-21T23:11:51.024+08:00 level=DEBUG msg="discovery: skipping unreachable socket" socket=/tmp/tmux-501/t115d24675 err="query tmux on /tmp/tmux-501/t115d24675: exit status 1: no server running on /tmp/tmux-501/t115d24675"
time=2026-08-21T23:11:51.030+08:00 level=DEBUG msg="discovery: skipping unreachable socket" socket=/tmp/tmux-501/ta-0bafa3965ade err="query tmux on /tmp/tmux-501/ta-0bafa3965ade: exit status 1: no server running on /tmp/tmux-501/ta-0bafa3965ade"
time=2026-08-21T23:11:51.034+08:00 level=DEBUG msg="discovery: skipping unreachable socket" socket=/tmp/tmux-501/t115e31319 err="query tmux on /tmp/tmux-501/t115e31319: exit status 1: no server running on /tmp/tmux-501/t115e31319"
time=2026-08-21T23:11:51.043+08:00 level=DEBUG msg="discovery: skipping unreachable socket" socket=/tmp/tmux-501/t115f44898 err="query tmux on /tmp/tmux-501/t115f44898: exit status 1: no server running on /tmp/tmux-501/t115f44898"
time=2026-08-21T23:11:51.056+08:00 level=DEBUG msg="discovery: skipping unreachable socket" socket=/tmp/tmux-501/t115g47728 err="query tmux on /tmp/tmux-501/t115g47728: exit status 1: no server running on /tmp/tmux-501/t115g47728"
time=2026-08-21T23:11:51.067+08:00 level=DEBUG msg="discovery: skipping unreachable socket" socket=/tmp/tmux-501/ta-0bafa3965ade err="query tmux on /tmp/tmux-501/ta-0bafa3965ade: exit status 1: no server running on /tmp/tmux-501/ta-0bafa3965ade"
time=2026-08-21T23:11:51.076+08:00 level=DEBUG msg="discovery: skipping unreachable socket" socket=/tmp/tmux-501/ta-61709dcf801e err="query tmux on /tmp/tmux-501/ta-61709dcf801e: exit status 1: no server running on /tmp/tmux-501/ta-61709dcf801e"
time=2026-08-21T23:11:51.098+08:00 level=DEBUG msg="discovery: skipping unparsable pane line" socket=/tmp/tmux-501/ta-a9fd5b7defbd line="team-refactor-maintainability|6|%39|/Users/alauda/Documents/code/agent前沿探索/多agent协作|bash|87458|t.p9.review 零上下文设计审查已通过<|eos|> - grok|235x50|tester-t124"
time=2026-08-21T23:11:51.110+08:00 level=DEBUG msg="discovery: skipping unreachable socket" socket=/tmp/tmux-501/ta-61709dcf801e err="query tmux on /tmp/tmux-501/ta-61709dcf801e: exit status 1: no server running on /tmp/tmux-501/ta-61709dcf801e"
time=2026-08-21T23:11:51.121+08:00 level=DEBUG msg="discovery: skipping unreachable socket" socket=/tmp/tmux-501/ta-ed81bd4d8c17 err="query tmux on /tmp/tmux-501/ta-ed81bd4d8c17: exit status 1: no server running on /tmp/tmux-501/ta-ed81bd4d8c17"
time=2026-08-21T23:11:51.129+08:00 level=DEBUG msg="discovery: skipping unreachable socket" socket=/tmp/tmux-501/ta-f1ad1b378fc7 err="query tmux on /tmp/tmux-501/ta-f1ad1b378fc7: exit status 1: no server running on /tmp/tmux-501/ta-f1ad1b378fc7"
time=2026-08-21T23:11:51.131+08:00 level=DEBUG msg="discovery: skipping unparsable pane line" socket=/tmp/tmux-501/ta-a9fd5b7defbd line="team-refactor-maintainability|6|%39|/Users/alauda/Documents/code/agent前沿探索/多agent协作|bash|87458|t.p9.review 零上下文设计审查已通过<|eos|> - grok|235x50|tester-t124"
time=2026-08-21T23:11:51.146+08:00 level=DEBUG msg="discovery: skipping unreachable socket" socket=/tmp/tmux-501/ta-t121u01 err="query tmux on /tmp/tmux-501/ta-t121u01: exit status 1: no server running on /tmp/tmux-501/ta-t121u01"
time=2026-08-21T23:11:51.149+08:00 level=DEBUG msg="discovery: skipping unreachable socket" socket=/tmp/tmux-501/ta-ed81bd4d8c17 err="query tmux on /tmp/tmux-501/ta-ed81bd4d8c17: exit status 1: no server running on /tmp/tmux-501/ta-ed81bd4d8c17"
time=2026-08-21T23:11:51.156+08:00 level=DEBUG msg="discovery: skipping unreachable socket" socket=/tmp/tmux-501/ta-t121u01b err="query tmux on /tmp/tmux-501/ta-t121u01b: exit status 1: no server running on /tmp/tmux-501/ta-t121u01b"
time=2026-08-21T23:11:51.159+08:00 level=DEBUG msg="discovery: skipping unreachable socket" socket=/tmp/tmux-501/ta-f1ad1b378fc7 err="query tmux on /tmp/tmux-501/ta-f1ad1b378fc7: exit status 1: no server running on /tmp/tmux-501/ta-f1ad1b378fc7"
time=2026-08-21T23:11:51.166+08:00 level=DEBUG msg="discovery: skipping unreachable socket" socket=/tmp/tmux-501/ta-user-agents err="query tmux on /tmp/tmux-501/ta-user-agents: exit status 1: no server running on /tmp/tmux-501/ta-user-agents"
time=2026-08-21T23:11:51.177+08:00 level=DEBUG msg="discovery: skipping unreachable socket" socket=/tmp/tmux-501/ta-t121u01 err="query tmux on /tmp/tmux-501/ta-t121u01: exit status 1: no server running on /tmp/tmux-501/ta-t121u01"
time=2026-08-21T23:11:51.186+08:00 level=DEBUG msg="discovery: skipping unreachable socket" socket=/tmp/tmux-501/ta-t121u01b err="query tmux on /tmp/tmux-501/ta-t121u01b: exit status 1: no server running on /tmp/tmux-501/ta-t121u01b"
time=2026-08-21T23:11:51.199+08:00 level=DEBUG msg="discovery: skipping unreachable socket" socket=/tmp/tmux-501/ta-user-agents err="query tmux on /tmp/tmux-501/ta-user-agents: exit status 1: no server running on /tmp/tmux-501/ta-user-agents"
time=2026-08-21T23:11:51.236+08:00 level=WARN msg="level2: title unknown for provider" provider=grok codepoint=U+002B title="+ Agent 弹窗图标卡片重做 - grok" is_letter=false is_number=false leading_glyph=true status=unknown
time=2026-08-21T23:11:53.279+08:00 level=DEBUG msg="discovery: skipping unreachable socket" socket=/tmp/tmux-501/t115d24675 err="query tmux on /tmp/tmux-501/t115d24675: exit status 1: no server running on /tmp/tmux-501/t115d24675"
time=2026-08-21T23:11:53.289+08:00 level=DEBUG msg="discovery: skipping unreachable socket" socket=/tmp/tmux-501/t115e31319 err="query tmux on /tmp/tmux-501/t115e31319: exit status 1: no server running on /tmp/tmux-501/t115e31319"
time=2026-08-21T23:11:53.302+08:00 level=DEBUG msg="discovery: skipping unreachable socket" socket=/tmp/tmux-501/t115f44898 err="query tmux on /tmp/tmux-501/t115f44898: exit status 1: no server running on /tmp/tmux-501/t115f44898"
time=2026-08-21T23:11:53.317+08:00 level=DEBUG msg="discovery: skipping unreachable socket" socket=/tmp/tmux-501/t115g47728 err="query tmux on /tmp/tmux-501/t115g47728: exit status 1: no server running on /tmp/tmux-501/t115g47728"
time=2026-08-21T23:11:53.330+08:00 level=DEBUG msg="discovery: skipping unreachable socket" socket=/tmp/tmux-501/ta-0bafa3965ade err="query tmux on /tmp/tmux-501/ta-0bafa3965ade: exit status 1: no server running on /tmp/tmux-501/ta-0bafa3965ade"
time=2026-08-21T23:11:53.381+08:00 level=DEBUG msg="discovery: skipping unreachable socket" socket=/tmp/tmux-501/ta-61709dcf801e err="query tmux on /tmp/tmux-501/ta-61709dcf801e: exit status 1: no server running on /tmp/tmux-501/ta-61709dcf801e"
time=2026-08-21T23:11:53.406+08:00 level=DEBUG msg="discovery: skipping unparsable pane line" socket=/tmp/tmux-501/ta-a9fd5b7defbd line="team-refactor-maintainability|6|%39|/Users/alauda/Documents/code/agent前沿探索/多agent协作|bash|87458|t.p9.review 零上下文设计审查已通过<|eos|> - grok|235x50|tester-t124"
time=2026-08-21T23:11:53.439+08:00 level=DEBUG msg="discovery: skipping unreachable socket" socket=/tmp/tmux-501/ta-ed81bd4d8c17 err="query tmux on /tmp/tmux-501/ta-ed81bd4d8c17: exit status 1: no server running on /tmp/tmux-501/ta-ed81bd4d8c17"
time=2026-08-21T23:11:53.449+08:00 level=DEBUG msg="discovery: skipping unreachable socket" socket=/tmp/tmux-501/ta-f1ad1b378fc7 err="query tmux on /tmp/tmux-501/ta-f1ad1b378fc7: exit status 1: no server running on /tmp/tmux-501/ta-f1ad1b378fc7"
time=2026-08-21T23:11:53.470+08:00 level=DEBUG msg="discovery: skipping unreachable socket" socket=/tmp/tmux-501/ta-t121u01 err="query tmux on /tmp/tmux-501/ta-t121u01: exit status 1: no server running on /tmp/tmux-501/ta-t121u01"
time=2026-08-21T23:11:53.483+08:00 level=DEBUG msg="discovery: skipping unreachable socket" socket=/tmp/tmux-501/ta-t121u01b err="query tmux on /tmp/tmux-501/ta-t121u01b: exit status 1: no server running on /tmp/tmux-501/ta-t121u01b"
time=2026-08-21T23:11:53.497+08:00 level=DEBUG msg="discovery: skipping unreachable socket" socket=/tmp/tmux-501/ta-user-agents err="query tmux on /tmp/tmux-501/ta-user-agents: exit status 1: no server running on /tmp/tmux-501/ta-user-agents"
time=2026-08-21T23:11:53.558+08:00 level=WARN msg="level2: title unknown for provider" provider=grok codepoint=U+002B title="+ Agent 弹窗图标卡片重做 - grok" is_letter=false is_number=false leading_glyph=true status=unknown
time=2026-08-21T23:11:54.383+08:00 level=DEBUG msg="listing: no changes"
time=2026-08-21T23:11:54.912+08:00 level=DEBUG msg="discovery: skipping unreachable socket" socket=/tmp/tmux-501/t115d24675 err="query tmux on /tmp/tmux-501/t115d24675: exit status 1: no server running on /tmp/tmux-501/t115d24675"
time=2026-08-21T23:11:54.922+08:00 level=DEBUG msg="discovery: skipping unreachable socket" socket=/tmp/tmux-501/t115e31319 err="query tmux on /tmp/tmux-501/t115e31319: exit status 1: no server running on /tmp/tmux-501/t115e31319"
time=2026-08-21T23:11:54.931+08:00 level=DEBUG msg="discovery: skipping unreachable socket" socket=/tmp/tmux-501/t115f44898 err="query tmux on /tmp/tmux-501/t115f44898: exit status 1: no server running on /tmp/tmux-501/t115f44898"
time=2026-08-21T23:11:54.941+08:00 level=DEBUG msg="discovery: skipping unreachable socket" socket=/tmp/tmux-501/t115g47728 err="query tmux on /tmp/tmux-501/t115g47728: exit status 1: no server running on /tmp/tmux-501/t115g47728"
time=2026-08-21T23:11:54.950+08:00 level=DEBUG msg="discovery: skipping unreachable socket" socket=/tmp/tmux-501/ta-0bafa3965ade err="query tmux on /tmp/tmux-501/ta-0bafa3965ade: exit status 1: no server running on /tmp/tmux-501/ta-0bafa3965ade"
time=2026-08-21T23:11:54.988+08:00 level=DEBUG msg="discovery: skipping unreachable socket" socket=/tmp/tmux-501/ta-61709dcf801e err="query tmux on /tmp/tmux-501/ta-61709dcf801e: exit status 1: no server running on /tmp/tmux-501/ta-61709dcf801e"
time=2026-08-21T23:11:55.009+08:00 level=DEBUG msg="discovery: skipping unparsable pane line" socket=/tmp/tmux-501/ta-a9fd5b7defbd line="team-refactor-maintainability|6|%39|/Users/alauda/Documents/code/agent前沿探索/多agent协作|bash|87458|t.p9.review 零上下文设计审查已通过<|eos|> - grok|235x50|tester-t124"
time=2026-08-21T23:11:55.032+08:00 level=DEBUG msg="discovery: skipping unreachable socket" socket=/tmp/tmux-501/ta-ed81bd4d8c17 err="query tmux on /tmp/tmux-501/ta-ed81bd4d8c17: exit status 1: no server running on /tmp/tmux-501/ta-ed81bd4d8c17"
time=2026-08-21T23:11:55.042+08:00 level=DEBUG msg="discovery: skipping unreachable socket" socket=/tmp/tmux-501/ta-f1ad1b378fc7 err="query tmux on /tmp/tmux-501/ta-f1ad1b378fc7: exit status 1: no server running on /tmp/tmux-501/ta-f1ad1b378fc7"
time=2026-08-21T23:11:55.061+08:00 level=DEBUG msg="discovery: skipping unreachable socket" socket=/tmp/tmux-501/ta-t121u01 err="query tmux on /tmp/tmux-501/ta-t121u01: exit status 1: no server running on /tmp/tmux-501/ta-t121u01"
time=2026-08-21T23:11:55.071+08:00 level=DEBUG msg="discovery: skipping unreachable socket" socket=/tmp/tmux-501/ta-t121u01b err="query tmux on /tmp/tmux-501/ta-t121u01b: exit status 1: no server running on /tmp/tmux-501/ta-t121u01b"
time=2026-08-21T23:11:55.081+08:00 level=DEBUG msg="discovery: skipping unreachable socket" socket=/tmp/tmux-501/ta-user-agents err="query tmux on /tmp/tmux-501/ta-user-agents: exit status 1: no server running on /tmp/tmux-501/ta-user-agents"
time=2026-08-21T23:11:55.595+08:00 level=DEBUG msg="discovery: skipping unreachable socket" socket=/tmp/tmux-501/t115d24675 err="query tmux on /tmp/tmux-501/t115d24675: exit status 1: no server running on /tmp/tmux-501/t115d24675"
time=2026-08-21T23:11:55.605+08:00 level=DEBUG msg="discovery: skipping unreachable socket" socket=/tmp/tmux-501/t115e31319 err="query tmux on /tmp/tmux-501/t115e31319: exit status 1: no server running on /tmp/tmux-501/t115e31319"
time=2026-08-21T23:11:55.615+08:00 level=DEBUG msg="discovery: skipping unreachable socket" socket=/tmp/tmux-501/t115f44898 err="query tmux on /tmp/tmux-501/t115f44898: exit status 1: no server running on /tmp/tmux-501/t115f44898"
time=2026-08-21T23:11:55.624+08:00 level=DEBUG msg="discovery: skipping unreachable socket" socket=/tmp/tmux-501/t115g47728 err="query tmux on /tmp/tmux-501/t115g47728: exit status 1: no server running on /tmp/tmux-501/t115g47728"
time=2026-08-21T23:11:55.635+08:00 level=DEBUG msg="discovery: skipping unreachable socket" socket=/tmp/tmux-501/ta-0bafa3965ade err="query tmux on /tmp/tmux-501/ta-0bafa3965ade: exit status 1: no server running on /tmp/tmux-501/ta-0bafa3965ade"
time=2026-08-21T23:11:55.681+08:00 level=DEBUG msg="discovery: skipping unreachable socket" socket=/tmp/tmux-501/ta-61709dcf801e err="query tmux on /tmp/tmux-501/ta-61709dcf801e: exit status 1: no server running on /tmp/tmux-501/ta-61709dcf801e"
time=2026-08-21T23:11:55.709+08:00 level=DEBUG msg="discovery: skipping unparsable pane line" socket=/tmp/tmux-501/ta-a9fd5b7defbd line="team-refactor-maintainability|6|%39|/Users/alauda/Documents/code/agent前沿探索/多agent协作|bash|87458|t.p9.review 零上下文设计审查已通过<|eos|> - grok|235x50|tester-t124"
time=2026-08-21T23:11:55.729+08:00 level=DEBUG msg="discovery: skipping unreachable socket" socket=/tmp/tmux-501/ta-ed81bd4d8c17 err="query tmux on /tmp/tmux-501/ta-ed81bd4d8c17: exit status 1: no server running on /tmp/tmux-501/ta-ed81bd4d8c17"
time=2026-08-21T23:11:55.741+08:00 level=DEBUG msg="discovery: skipping unreachable socket" socket=/tmp/tmux-501/ta-f1ad1b378fc7 err="query tmux on /tmp/tmux-501/ta-f1ad1b378fc7: exit status 1: no server running on /tmp/tmux-501/ta-f1ad1b378fc7"
time=2026-08-21T23:11:55.764+08:00 level=DEBUG msg="discovery: skipping unreachable socket" socket=/tmp/tmux-501/ta-t121u01 err="query tmux on /tmp/tmux-501/ta-t121u01: exit status 1: no server running on /tmp/tmux-501/ta-t121u01"
time=2026-08-21T23:11:55.774+08:00 level=DEBUG msg="discovery: skipping unreachable socket" socket=/tmp/tmux-501/ta-t121u01b err="query tmux on /tmp/tmux-501/ta-t121u01b: exit status 1: no server running on /tmp/tmux-501/ta-t121u01b"
time=2026-08-21T23:11:55.783+08:00 level=DEBUG msg="discovery: skipping unreachable socket" socket=/tmp/tmux-501/ta-user-agents err="query tmux on /tmp/tmux-501/ta-user-agents: exit status 1: no server running on /tmp/tmux-501/ta-user-agents"
time=2026-08-21T23:11:56.050+08:00 level=WARN msg="level2: title unknown for provider" provider=grok codepoint=U+002B title="+ Agent 弹窗图标卡片重做 - grok" is_letter=false is_number=false leading_glyph=true status=unknown
time=2026-08-21T23:11:58.086+08:00 level=DEBUG msg="discovery: skipping unreachable socket" socket=/tmp/tmux-501/t115d24675 err="query tmux on /tmp/tmux-501/t115d24675: exit status 1: no server running on /tmp/tmux-501/t115d24675"
time=2026-08-21T23:11:58.096+08:00 level=DEBUG msg="discovery: skipping unreachable socket" socket=/tmp/tmux-501/t115e31319 err="query tmux on /tmp/tmux-501/t115e31319: exit status 1: no server running on /tmp/tmux-501/t115e31319"
time=2026-08-21T23:11:58.105+08:00 level=DEBUG msg="discovery: skipping unreachable socket" socket=/tmp/tmux-501/t115f44898 err="query tmux on /tmp/tmux-501/t115f44898: exit status 1: no server running on /tmp/tmux-501/t115f44898"
time=2026-08-21T23:11:58.116+08:00 level=DEBUG msg="discovery: skipping unreachable socket" socket=/tmp/tmux-501/t115g47728 err="query tmux on /tmp/tmux-501/t115g47728: exit status 1: no server running on /tmp/tmux-501/t115g47728"
time=2026-08-21T23:11:58.128+08:00 level=DEBUG msg="discovery: skipping unreachable socket" socket=/tmp/tmux-501/ta-0bafa3965ade err="query tmux on /tmp/tmux-501/ta-0bafa3965ade: exit status 1: no server running on /tmp/tmux-501/ta-0bafa3965ade"
time=2026-08-21T23:11:58.172+08:00 level=DEBUG msg="discovery: skipping unreachable socket" socket=/tmp/tmux-501/ta-61709dcf801e err="query tmux on /tmp/tmux-501/ta-61709dcf801e: exit status 1: no server running on /tmp/tmux-501/ta-61709dcf801e"
time=2026-08-21T23:11:58.194+08:00 level=DEBUG msg="discovery: skipping unparsable pane line" socket=/tmp/tmux-501/ta-a9fd5b7defbd line="team-refactor-maintainability|6|%39|/Users/alauda/Documents/code/agent前沿探索/多agent协作|bash|87458|t.p9.review 零上下文设计审查已通过<|eos|> - grok|235x50|tester-t124"
time=2026-08-21T23:11:58.213+08:00 level=DEBUG msg="discovery: skipping unreachable socket" socket=/tmp/tmux-501/ta-ed81bd4d8c17 err="query tmux on /tmp/tmux-501/ta-ed81bd4d8c17: exit status 1: no server running on /tmp/tmux-501/ta-ed81bd4d8c17"
time=2026-08-21T23:11:58.225+08:00 level=DEBUG msg="discovery: skipping unreachable socket" socket=/tmp/tmux-501/ta-f1ad1b378fc7 err="query tmux on /tmp/tmux-501/ta-f1ad1b378fc7: exit status 1: no server running on /tmp/tmux-501/ta-f1ad1b378fc7"
time=2026-08-21T23:11:58.244+08:00 level=DEBUG msg="discovery: skipping unreachable socket" socket=/tmp/tmux-501/ta-t121u01 err="query tmux on /tmp/tmux-501/ta-t121u01: exit status 1: no server running on /tmp/tmux-501/ta-t121u01"
time=2026-08-21T23:11:58.254+08:00 level=DEBUG msg="discovery: skipping unreachable socket" socket=/tmp/tmux-501/ta-t121u01b err="query tmux on /tmp/tmux-501/ta-t121u01b: exit status 1: no server running on /tmp/tmux-501/ta-t121u01b"
time=2026-08-21T23:11:58.263+08:00 level=DEBUG msg="discovery: skipping unreachable socket" socket=/tmp/tmux-501/ta-user-agents err="query tmux on /tmp/tmux-501/ta-user-agents: exit status 1: no server running on /tmp/tmux-501/ta-user-agents"
time=2026-08-21T23:11:58.326+08:00 level=DEBUG msg="listing: no changes"
time=2026-08-21T23:11:58.374+08:00 level=WARN msg="level2: title unknown for provider" provider=grok codepoint=U+002B title="+ Agent 弹窗图标卡片重做 - grok" is_letter=false is_number=false leading_glyph=true status=unknown
time=2026-08-21T23:11:58.860+08:00 level=DEBUG msg="discovery: skipping unreachable socket" socket=/tmp/tmux-501/t115d24675 err="query tmux on /tmp/tmux-501/t115d24675: exit status 1: no server running on /tmp/tmux-501/t115d24675"
time=2026-08-21T23:11:58.869+08:00 level=DEBUG msg="discovery: skipping unreachable socket" socket=/tmp/tmux-501/t115e31319 err="query tmux on /tmp/tmux-501/t115e31319: exit status 1: no server running on /tmp/tmux-501/t115e31319"
time=2026-08-21T23:11:58.878+08:00 level=DEBUG msg="discovery: skipping unreachable socket" socket=/tmp/tmux-501/t115f44898 err="query tmux on /tmp/tmux-501/t115f44898: exit status 1: no server running on /tmp/tmux-501/t115f44898"
time=2026-08-21T23:11:58.890+08:00 level=DEBUG msg="discovery: skipping unreachable socket" socket=/tmp/tmux-501/t115g47728 err="query tmux on /tmp/tmux-501/t115g47728: exit status 1: no server running on /tmp/tmux-501/t115g47728"
time=2026-08-21T23:11:58.900+08:00 level=DEBUG msg="discovery: skipping unreachable socket" socket=/tmp/tmux-501/ta-0bafa3965ade err="query tmux on /tmp/tmux-501/ta-0bafa3965ade: exit status 1: no server running on /tmp/tmux-501/ta-0bafa3965ade"
time=2026-08-21T23:11:58.940+08:00 level=DEBUG msg="discovery: skipping unreachable socket" socket=/tmp/tmux-501/ta-61709dcf801e err="query tmux on /tmp/tmux-501/ta-61709dcf801e: exit status 1: no server running on /tmp/tmux-501/ta-61709dcf801e"
time=2026-08-21T23:11:58.961+08:00 level=DEBUG msg="discovery: skipping unparsable pane line" socket=/tmp/tmux-501/ta-a9fd5b7defbd line="team-refactor-maintainability|6|%39|/Users/alauda/Documents/code/agent前沿探索/多agent协作|bash|87458|t.p9.review 零上下文设计审查已通过<|eos|> - grok|235x50|tester-t124"
time=2026-08-21T23:11:58.982+08:00 level=DEBUG msg="discovery: skipping unreachable socket" socket=/tmp/tmux-501/ta-ed81bd4d8c17 err="query tmux on /tmp/tmux-501/ta-ed81bd4d8c17: exit status 1: no server running on /tmp/tmux-501/ta-ed81bd4d8c17"
time=2026-08-21T23:11:58.993+08:00 level=DEBUG msg="discovery: skipping unreachable socket" socket=/tmp/tmux-501/ta-f1ad1b378fc7 err="query tmux on /tmp/tmux-501/ta-f1ad1b378fc7: exit status 1: no server running on /tmp/tmux-501/ta-f1ad1b378fc7"
time=2026-08-21T23:11:59.012+08:00 level=DEBUG msg="discovery: skipping unreachable socket" socket=/tmp/tmux-501/ta-t121u01 err="query tmux on /tmp/tmux-501/ta-t121u01: exit status 1: no server running on /tmp/tmux-501/ta-t121u01"
time=2026-08-21T23:11:59.022+08:00 level=DEBUG msg="discovery: skipping unreachable socket" socket=/tmp/tmux-501/ta-t121u01b err="query tmux on /tmp/tmux-501/ta-t121u01b: exit status 1: no server running on /tmp/tmux-501/ta-t121u01b"
time=2026-08-21T23:11:59.033+08:00 level=DEBUG msg="discovery: skipping unreachable socket" socket=/tmp/tmux-501/ta-user-agents err="query tmux on /tmp/tmux-501/ta-user-agents: exit status 1: no server running on /tmp/tmux-501/ta-user-agents"
time=2026-08-21T23:12:00.409+08:00 level=DEBUG msg="discovery: skipping unreachable socket" socket=/tmp/tmux-501/t115d24675 err="query tmux on /tmp/tmux-501/t115d24675: exit status 1: no server running on /tmp/tmux-501/t115d24675"
time=2026-08-21T23:12:00.418+08:00 level=DEBUG msg="discovery: skipping unreachable socket" socket=/tmp/tmux-501/t115e31319 err="query tmux on /tmp/tmux-501/t115e31319: exit status 1: no server running on /tmp/tmux-501/t115e31319"
time=2026-08-21T23:12:00.429+08:00 level=DEBUG msg="discovery: skipping unreachable socket" socket=/tmp/tmux-501/t115f44898 err="query tmux on /tmp/tmux-501/t115f44898: exit status 1: no server running on /tmp/tmux-501/t115f44898"
time=2026-08-21T23:12:00.439+08:00 level=DEBUG msg="discovery: skipping unreachable socket" socket=/tmp/tmux-501/t115g47728 err="query tmux on /tmp/tmux-501/t115g47728: exit status 1: no server running on /tmp/tmux-501/t115g47728"
time=2026-08-21T23:12:00.449+08:00 level=DEBUG msg="discovery: skipping unreachable socket" socket=/tmp/tmux-501/ta-0bafa3965ade err="query tmux on /tmp/tmux-501/ta-0bafa3965ade: exit status 1: no server running on /tmp/tmux-501/ta-0bafa3965ade"
time=2026-08-21T23:12:00.491+08:00 level=DEBUG msg="discovery: skipping unreachable socket" socket=/tmp/tmux-501/ta-61709dcf801e err="query tmux on /tmp/tmux-501/ta-61709dcf801e: exit status 1: no server running on /tmp/tmux-501/ta-61709dcf801e"
time=2026-08-21T23:12:00.514+08:00 level=DEBUG msg="discovery: skipping unparsable pane line" socket=/tmp/tmux-501/ta-a9fd5b7defbd line="team-refactor-maintainability|6|%39|/Users/alauda/Documents/code/agent前沿探索/多agent协作|bash|87458|t.p9.review 零上下文设计审查已通过<|eos|> - grok|235x50|tester-t124"
time=2026-08-21T23:12:00.535+08:00 level=DEBUG msg="discovery: skipping unreachable socket" socket=/tmp/tmux-501/ta-ed81bd4d8c17 err="query tmux on /tmp/tmux-501/ta-ed81bd4d8c17: exit status 1: no server running on /tmp/tmux-501/ta-ed81bd4d8c17"
time=2026-08-21T23:12:00.545+08:00 level=DEBUG msg="discovery: skipping unreachable socket" socket=/tmp/tmux-501/ta-f1ad1b378fc7 err="query tmux on /tmp/tmux-501/ta-f1ad1b378fc7: exit status 1: no server running on /tmp/tmux-501/ta-f1ad1b378fc7"
time=2026-08-21T23:12:00.570+08:00 level=DEBUG msg="discovery: skipping unreachable socket" socket=/tmp/tmux-501/ta-t121u01 err="query tmux on /tmp/tmux-501/ta-t121u01: exit status 1: no server running on /tmp/tmux-501/ta-t121u01"
time=2026-08-21T23:12:00.648+08:00 level=DEBUG msg="discovery: skipping unreachable socket" socket=/tmp/tmux-501/ta-t121u01b err="query tmux on /tmp/tmux-501/ta-t121u01b: exit status 1: no server running on /tmp/tmux-501/ta-t121u01b"
time=2026-08-21T23:12:00.696+08:00 level=DEBUG msg="discovery: skipping unreachable socket" socket=/tmp/tmux-501/ta-user-agents err="query tmux on /tmp/tmux-501/ta-user-agents: exit status 1: no server running on /tmp/tmux-501/ta-user-agents"
time=2026-08-21T23:12:00.862+08:00 level=WARN msg="level2: title unknown for provider" provider=grok codepoint=U+002B title="+ Agent 弹窗图标卡片重做 - grok" is_letter=false is_number=false leading_glyph=true status=unknown
time=2026-08-21T23:12:02.028+08:00 level=DEBUG msg="listing: no changes"
time=2026-08-21T23:12:02.559+08:00 level=DEBUG msg="discovery: skipping unreachable socket" socket=/tmp/tmux-501/t115d24675 err="query tmux on /tmp/tmux-501/t115d24675: exit status 1: no server running on /tmp/tmux-501/t115d24675"
time=2026-08-21T23:12:02.568+08:00 level=DEBUG msg="discovery: skipping unreachable socket" socket=/tmp/tmux-501/t115e31319 err="query tmux on /tmp/tmux-501/t115e31319: exit status 1: no server running on /tmp/tmux-501/t115e31319"
time=2026-08-21T23:12:02.577+08:00 level=DEBUG msg="discovery: skipping unreachable socket" socket=/tmp/tmux-501/t115f44898 err="query tmux on /tmp/tmux-501/t115f44898: exit status 1: no server running on /tmp/tmux-501/t115f44898"
time=2026-08-21T23:12:02.588+08:00 level=DEBUG msg="discovery: skipping unreachable socket" socket=/tmp/tmux-501/t115g47728 err="query tmux on /tmp/tmux-501/t115g47728: exit status 1: no server running on /tmp/tmux-501/t115g47728"
time=2026-08-21T23:12:02.597+08:00 level=DEBUG msg="discovery: skipping unreachable socket" socket=/tmp/tmux-501/ta-0bafa3965ade err="query tmux on /tmp/tmux-501/ta-0bafa3965ade: exit status 1: no server running on /tmp/tmux-501/ta-0bafa3965ade"
time=2026-08-21T23:12:02.637+08:00 level=DEBUG msg="discovery: skipping unreachable socket" socket=/tmp/tmux-501/ta-61709dcf801e err="query tmux on /tmp/tmux-501/ta-61709dcf801e: exit status 1: no server running on /tmp/tmux-501/ta-61709dcf801e"
time=2026-08-21T23:12:02.657+08:00 level=DEBUG msg="discovery: skipping unparsable pane line" socket=/tmp/tmux-501/ta-a9fd5b7defbd line="team-refactor-maintainability|6|%39|/Users/alauda/Documents/code/agent前沿探索/多agent协作|bash|87458|t.p9.review 零上下文设计审查已通过<|eos|> - grok|235x50|tester-t124"
time=2026-08-21T23:12:02.677+08:00 level=DEBUG msg="discovery: skipping unreachable socket" socket=/tmp/tmux-501/ta-ed81bd4d8c17 err="query tmux on /tmp/tmux-501/ta-ed81bd4d8c17: exit status 1: no server running on /tmp/tmux-501/ta-ed81bd4d8c17"
time=2026-08-21T23:12:02.687+08:00 level=DEBUG msg="discovery: skipping unreachable socket" socket=/tmp/tmux-501/ta-f1ad1b378fc7 err="query tmux on /tmp/tmux-501/ta-f1ad1b378fc7: exit status 1: no server running on /tmp/tmux-501/ta-f1ad1b378fc7"
time=2026-08-21T23:12:02.705+08:00 level=DEBUG msg="discovery: skipping unreachable socket" socket=/tmp/tmux-501/ta-t121u01 err="query tmux on /tmp/tmux-501/ta-t121u01: exit status 1: no server running on /tmp/tmux-501/ta-t121u01"
time=2026-08-21T23:12:02.714+08:00 level=DEBUG msg="discovery: skipping unreachable socket" socket=/tmp/tmux-501/ta-t121u01b err="query tmux on /tmp/tmux-501/ta-t121u01b: exit status 1: no server running on /tmp/tmux-501/ta-t121u01b"
time=2026-08-21T23:12:02.725+08:00 level=DEBUG msg="discovery: skipping unreachable socket" socket=/tmp/tmux-501/ta-user-agents err="query tmux on /tmp/tmux-501/ta-user-agents: exit status 1: no server running on /tmp/tmux-501/ta-user-agents"
time=2026-08-21T23:12:02.894+08:00 level=DEBUG msg="discovery: skipping unreachable socket" socket=/tmp/tmux-501/t115d24675 err="query tmux on /tmp/tmux-501/t115d24675: exit status 1: no server running on /tmp/tmux-501/t115d24675"
time=2026-08-21T23:12:02.903+08:00 level=DEBUG msg="discovery: skipping unreachable socket" socket=/tmp/tmux-501/t115e31319 err="query tmux on /tmp/tmux-501/t115e31319: exit status 1: no server running on /tmp/tmux-501/t115e31319"
time=2026-08-21T23:12:02.913+08:00 level=DEBUG msg="discovery: skipping unreachable socket" socket=/tmp/tmux-501/t115f44898 err="query tmux on /tmp/tmux-501/t115f44898: exit status 1: no server running on /tmp/tmux-501/t115f44898"
time=2026-08-21T23:12:02.924+08:00 level=DEBUG msg="discovery: skipping unreachable socket" socket=/tmp/tmux-501/t115g47728 err="query tmux on /tmp/tmux-501/t115g47728: exit status 1: no server running on /tmp/tmux-501/t115g47728"
time=2026-08-21T23:12:02.933+08:00 level=DEBUG msg="discovery: skipping unreachable socket" socket=/tmp/tmux-501/ta-0bafa3965ade err="query tmux on /tmp/tmux-501/ta-0bafa3965ade: exit status 1: no server running on /tmp/tmux-501/ta-0bafa3965ade"
time=2026-08-21T23:12:02.977+08:00 level=DEBUG msg="discovery: skipping unreachable socket" socket=/tmp/tmux-501/ta-61709dcf801e err="query tmux on /tmp/tmux-501/ta-61709dcf801e: exit status 1: no server running on /tmp/tmux-501/ta-61709dcf801e"
time=2026-08-21T23:12:02.998+08:00 level=DEBUG msg="discovery: skipping unparsable pane line" socket=/tmp/tmux-501/ta-a9fd5b7defbd line="team-refactor-maintainability|6|%39|/Users/alauda/Documents/code/agent前沿探索/多agent协作|bash|87458|t.p9.review 零上下文设计审查已通过<|eos|> - grok|235x50|tester-t124"
time=2026-08-21T23:12:03.022+08:00 level=DEBUG msg="discovery: skipping unreachable socket" socket=/tmp/tmux-501/ta-ed81bd4d8c17 err="query tmux on /tmp/tmux-501/ta-ed81bd4d8c17: exit status 1: no server running on /tmp/tmux-501/ta-ed81bd4d8c17"
time=2026-08-21T23:12:03.033+08:00 level=DEBUG msg="discovery: skipping unreachable socket" socket=/tmp/tmux-501/ta-f1ad1b378fc7 err="query tmux on /tmp/tmux-501/ta-f1ad1b378fc7: exit status 1: no server running on /tmp/tmux-501/ta-f1ad1b378fc7"
time=2026-08-21T23:12:03.054+08:00 level=DEBUG msg="discovery: skipping unreachable socket" socket=/tmp/tmux-501/ta-t121u01 err="query tmux on /tmp/tmux-501/ta-t121u01: exit status 1: no server running on /tmp/tmux-501/ta-t121u01"
time=2026-08-21T23:12:03.064+08:00 level=DEBUG msg="discovery: skipping unreachable socket" socket=/tmp/tmux-501/ta-t121u01b err="query tmux on /tmp/tmux-501/ta-t121u01b: exit status 1: no server running on /tmp/tmux-501/ta-t121u01b"
time=2026-08-21T23:12:03.074+08:00 level=DEBUG msg="discovery: skipping unreachable socket" socket=/tmp/tmux-501/ta-user-agents err="query tmux on /tmp/tmux-501/ta-user-agents: exit status 1: no server running on /tmp/tmux-501/ta-user-agents"
time=2026-08-21T23:12:03.214+08:00 level=WARN msg="level2: title unknown for provider" provider=grok codepoint=U+002B title="+ Agent 弹窗图标卡片重做 - grok" is_letter=false is_number=false leading_glyph=true status=unknown
time=2026-08-21T23:12:05.248+08:00 level=DEBUG msg="discovery: skipping unreachable socket" socket=/tmp/tmux-501/t115d24675 err="query tmux on /tmp/tmux-501/t115d24675: exit status 1: no server running on /tmp/tmux-501/t115d24675"
time=2026-08-21T23:12:05.258+08:00 level=DEBUG msg="discovery: skipping unreachable socket" socket=/tmp/tmux-501/t115e31319 err="query tmux on /tmp/tmux-501/t115e31319: exit status 1: no server running on /tmp/tmux-501/t115e31319"
time=2026-08-21T23:12:05.268+08:00 level=DEBUG msg="discovery: skipping unreachable socket" socket=/tmp/tmux-501/t115f44898 err="query tmux on /tmp/tmux-501/t115f44898: exit status 1: no server running on /tmp/tmux-501/t115f44898"
time=2026-08-21T23:12:05.278+08:00 level=DEBUG msg="discovery: skipping unreachable socket" socket=/tmp/tmux-501/t115g47728 err="query tmux on /tmp/tmux-501/t115g47728: exit status 1: no server running on /tmp/tmux-501/t115g47728"
time=2026-08-21T23:12:05.289+08:00 level=DEBUG msg="discovery: skipping unreachable socket" socket=/tmp/tmux-501/ta-0bafa3965ade err="query tmux on /tmp/tmux-501/ta-0bafa3965ade: exit status 1: no server running on /tmp/tmux-501/ta-0bafa3965ade"
time=2026-08-21T23:12:05.329+08:00 level=DEBUG msg="discovery: skipping unreachable socket" socket=/tmp/tmux-501/ta-61709dcf801e err="query tmux on /tmp/tmux-501/ta-61709dcf801e: exit status 1: no server running on /tmp/tmux-501/ta-61709dcf801e"
time=2026-08-21T23:12:05.353+08:00 level=DEBUG msg="discovery: skipping unparsable pane line" socket=/tmp/tmux-501/ta-a9fd5b7defbd line="team-refactor-maintainability|6|%39|/Users/alauda/Documents/code/agent前沿探索/多agent协作|bash|87458|t.p9.review 零上下文设计审查已通过<|eos|> - grok|235x50|tester-t124"
time=2026-08-21T23:12:05.376+08:00 level=DEBUG msg="discovery: skipping unreachable socket" socket=/tmp/tmux-501/ta-ed81bd4d8c17 err="query tmux on /tmp/tmux-501/ta-ed81bd4d8c17: exit status 1: no server running on /tmp/tmux-501/ta-ed81bd4d8c17"
time=2026-08-21T23:12:05.449+08:00 level=DEBUG msg="discovery: skipping unreachable socket" socket=/tmp/tmux-501/ta-f1ad1b378fc7 err="query tmux on /tmp/tmux-501/ta-f1ad1b378fc7: exit status 1: no server running on /tmp/tmux-501/ta-f1ad1b378fc7"
time=2026-08-21T23:12:05.527+08:00 level=DEBUG msg="discovery: skipping unreachable socket" socket=/tmp/tmux-501/ta-t121u01 err="query tmux on /tmp/tmux-501/ta-t121u01: exit status 1: no server running on /tmp/tmux-501/ta-t121u01"
time=2026-08-21T23:12:05.539+08:00 level=DEBUG msg="discovery: skipping unreachable socket" socket=/tmp/tmux-501/ta-t121u01b err="query tmux on /tmp/tmux-501/ta-t121u01b: exit status 1: no server running on /tmp/tmux-501/ta-t121u01b"
time=2026-08-21T23:12:05.551+08:00 level=DEBUG msg="discovery: skipping unreachable socket" socket=/tmp/tmux-501/ta-user-agents err="query tmux on /tmp/tmux-501/ta-user-agents: exit status 1: no server running on /tmp/tmux-501/ta-user-agents"
time=2026-08-21T23:12:05.653+08:00 level=WARN msg="level2: title unknown for provider" provider=grok codepoint=U+002B title="+ Agent 弹窗图标卡片重做 - grok" is_letter=false is_number=false leading_glyph=true status=unknown
time=2026-08-21T23:12:05.750+08:00 level=DEBUG msg="listing: no changes"
time=2026-08-21T23:12:06.282+08:00 level=DEBUG msg="discovery: skipping unreachable socket" socket=/tmp/tmux-501/t115d24675 err="query tmux on /tmp/tmux-501/t115d24675: exit status 1: no server running on /tmp/tmux-501/t115d24675"
time=2026-08-21T23:12:06.291+08:00 level=DEBUG msg="discovery: skipping unreachable socket" socket=/tmp/tmux-501/t115e31319 err="query tmux on /tmp/tmux-501/t115e31319: exit status 1: no server running on /tmp/tmux-501/t115e31319"
time=2026-08-21T23:12:06.301+08:00 level=DEBUG msg="discovery: skipping unreachable socket" socket=/tmp/tmux-501/t115f44898 err="query tmux on /tmp/tmux-501/t115f44898: exit status 1: no server running on /tmp/tmux-501/t115f44898"
time=2026-08-21T23:12:06.313+08:00 level=DEBUG msg="discovery: skipping unreachable socket" socket=/tmp/tmux-501/t115g47728 err="query tmux on /tmp/tmux-501/t115g47728: exit status 1: no server running on /tmp/tmux-501/t115g47728"
time=2026-08-21T23:12:06.321+08:00 level=DEBUG msg="discovery: skipping unreachable socket" socket=/tmp/tmux-501/ta-0bafa3965ade err="query tmux on /tmp/tmux-501/ta-0bafa3965ade: exit status 1: no server running on /tmp/tmux-501/ta-0bafa3965ade"
time=2026-08-21T23:12:06.361+08:00 level=DEBUG msg="discovery: skipping unreachable socket" socket=/tmp/tmux-501/ta-61709dcf801e err="query tmux on /tmp/tmux-501/ta-61709dcf801e: exit status 1: no server running on /tmp/tmux-501/ta-61709dcf801e"
time=2026-08-21T23:12:06.380+08:00 level=DEBUG msg="discovery: skipping unparsable pane line" socket=/tmp/tmux-501/ta-a9fd5b7defbd line="team-refactor-maintainability|6|%39|/Users/alauda/Documents/code/agent前沿探索/多agent协作|bash|87458|t.p9.review 零上下文设计审查已通过<|eos|> - grok|235x50|tester-t124"
time=2026-08-21T23:12:06.399+08:00 level=DEBUG msg="discovery: skipping unreachable socket" socket=/tmp/tmux-501/ta-ed81bd4d8c17 err="query tmux on /tmp/tmux-501/ta-ed81bd4d8c17: exit status 1: no server running on /tmp/tmux-501/ta-ed81bd4d8c17"
time=2026-08-21T23:12:06.411+08:00 level=DEBUG msg="discovery: skipping unreachable socket" socket=/tmp/tmux-501/ta-f1ad1b378fc7 err="query tmux on /tmp/tmux-501/ta-f1ad1b378fc7: exit status 1: no server running on /tmp/tmux-501/ta-f1ad1b378fc7"
time=2026-08-21T23:12:06.429+08:00 level=DEBUG msg="discovery: skipping unreachable socket" socket=/tmp/tmux-501/ta-t121u01 err="query tmux on /tmp/tmux-501/ta-t121u01: exit status 1: no server running on /tmp/tmux-501/ta-t121u01"
time=2026-08-21T23:12:06.439+08:00 level=DEBUG msg="discovery: skipping unreachable socket" socket=/tmp/tmux-501/ta-t121u01b err="query tmux on /tmp/tmux-501/ta-t121u01b: exit status 1: no server running on /tmp/tmux-501/ta-t121u01b"
time=2026-08-21T23:12:06.449+08:00 level=DEBUG msg="discovery: skipping unreachable socket" socket=/tmp/tmux-501/ta-user-agents err="query tmux on /tmp/tmux-501/ta-user-agents: exit status 1: no server running on /tmp/tmux-501/ta-user-agents"
time=2026-08-21T23:12:07.686+08:00 level=DEBUG msg="discovery: skipping unreachable socket" socket=/tmp/tmux-501/t115d24675 err="query tmux on /tmp/tmux-501/t115d24675: exit status 1: no server running on /tmp/tmux-501/t115d24675"
time=2026-08-21T23:12:07.697+08:00 level=DEBUG msg="discovery: skipping unreachable socket" socket=/tmp/tmux-501/t115e31319 err="query tmux on /tmp/tmux-501/t115e31319: exit status 1: no server running on /tmp/tmux-501/t115e31319"
time=2026-08-21T23:12:07.706+08:00 level=DEBUG msg="discovery: skipping unreachable socket" socket=/tmp/tmux-501/t115f44898 err="query tmux on /tmp/tmux-501/t115f44898: exit status 1: no server running on /tmp/tmux-501/t115f44898"
time=2026-08-21T23:12:07.715+08:00 level=DEBUG msg="discovery: skipping unreachable socket" socket=/tmp/tmux-501/t115g47728 err="query tmux on /tmp/tmux-501/t115g47728: exit status 1: no server running on /tmp/tmux-501/t115g47728"
time=2026-08-21T23:12:07.725+08:00 level=DEBUG msg="discovery: skipping unreachable socket" socket=/tmp/tmux-501/ta-0bafa3965ade err="query tmux on /tmp/tmux-501/ta-0bafa3965ade: exit status 1: no server running on /tmp/tmux-501/ta-0bafa3965ade"
time=2026-08-21T23:12:07.771+08:00 level=DEBUG msg="discovery: skipping unreachable socket" socket=/tmp/tmux-501/ta-61709dcf801e err="query tmux on /tmp/tmux-501/ta-61709dcf801e: exit status 1: no server running on /tmp/tmux-501/ta-61709dcf801e"
time=2026-08-21T23:12:07.804+08:00 level=DEBUG msg="discovery: skipping unparsable pane line" socket=/tmp/tmux-501/ta-a9fd5b7defbd line="team-refactor-maintainability|6|%39|/Users/alauda/Documents/code/agent前沿探索/多agent协作|bash|87458|t.p9.review 零上下文设计审查已通过<|eos|> - grok|235x50|tester-t124"
time=2026-08-21T23:12:07.826+08:00 level=DEBUG msg="discovery: skipping unreachable socket" socket=/tmp/tmux-501/ta-ed81bd4d8c17 err="query tmux on /tmp/tmux-501/ta-ed81bd4d8c17: exit status 1: no server running on /tmp/tmux-501/ta-ed81bd4d8c17"
time=2026-08-21T23:12:07.835+08:00 level=DEBUG msg="discovery: skipping unreachable socket" socket=/tmp/tmux-501/ta-f1ad1b378fc7 err="query tmux on /tmp/tmux-501/ta-f1ad1b378fc7: exit status 1: no server running on /tmp/tmux-501/ta-f1ad1b378fc7"
time=2026-08-21T23:12:07.857+08:00 level=DEBUG msg="discovery: skipping unreachable socket" socket=/tmp/tmux-501/ta-t121u01 err="query tmux on /tmp/tmux-501/ta-t121u01: exit status 1: no server running on /tmp/tmux-501/ta-t121u01"
time=2026-08-21T23:12:07.866+08:00 level=DEBUG msg="discovery: skipping unreachable socket" socket=/tmp/tmux-501/ta-t121u01b err="query tmux on /tmp/tmux-501/ta-t121u01b: exit status 1: no server running on /tmp/tmux-501/ta-t121u01b"
time=2026-08-21T23:12:07.875+08:00 level=DEBUG msg="discovery: skipping unreachable socket" socket=/tmp/tmux-501/ta-user-agents err="query tmux on /tmp/tmux-501/ta-user-agents: exit status 1: no server running on /tmp/tmux-501/ta-user-agents"
time=2026-08-21T23:12:07.937+08:00 level=WARN msg="level2: title unknown for provider" provider=grok codepoint=U+002B title="+ Agent 弹窗图标卡片重做 - grok" is_letter=false is_number=false leading_glyph=true status=unknown
time=2026-08-21T23:12:09.297+08:00 level=DEBUG msg="listing: no changes"
time=2026-08-21T23:12:09.830+08:00 level=DEBUG msg="discovery: skipping unreachable socket" socket=/tmp/tmux-501/t115d24675 err="query tmux on /tmp/tmux-501/t115d24675: exit status 1: no server running on /tmp/tmux-501/t115d24675"
time=2026-08-21T23:12:09.840+08:00 level=DEBUG msg="discovery: skipping unreachable socket" socket=/tmp/tmux-501/t115e31319 err="query tmux on /tmp/tmux-501/t115e31319: exit status 1: no server running on /tmp/tmux-501/t115e31319"
time=2026-08-21T23:12:09.850+08:00 level=DEBUG msg="discovery: skipping unreachable socket" socket=/tmp/tmux-501/t115f44898 err="query tmux on /tmp/tmux-501/t115f44898: exit status 1: no server running on /tmp/tmux-501/t115f44898"
time=2026-08-21T23:12:09.859+08:00 level=DEBUG msg="discovery: skipping unreachable socket" socket=/tmp/tmux-501/t115g47728 err="query tmux on /tmp/tmux-501/t115g47728: exit status 1: no server running on /tmp/tmux-501/t115g47728"
time=2026-08-21T23:12:09.869+08:00 level=DEBUG msg="discovery: skipping unreachable socket" socket=/tmp/tmux-501/ta-0bafa3965ade err="query tmux on /tmp/tmux-501/ta-0bafa3965ade: exit status 1: no server running on /tmp/tmux-501/ta-0bafa3965ade"
time=2026-08-21T23:12:09.907+08:00 level=DEBUG msg="discovery: skipping unreachable socket" socket=/tmp/tmux-501/ta-61709dcf801e err="query tmux on /tmp/tmux-501/ta-61709dcf801e: exit status 1: no server running on /tmp/tmux-501/ta-61709dcf801e"
time=2026-08-21T23:12:09.927+08:00 level=DEBUG msg="discovery: skipping unparsable pane line" socket=/tmp/tmux-501/ta-a9fd5b7defbd line="team-refactor-maintainability|6|%39|/Users/alauda/Documents/code/agent前沿探索/多agent协作|bash|87458|t.p9.review 零上下文设计审查已通过<|eos|> - grok|235x50|tester-t124"
time=2026-08-21T23:12:09.947+08:00 level=DEBUG msg="discovery: skipping unreachable socket" socket=/tmp/tmux-501/ta-ed81bd4d8c17 err="query tmux on /tmp/tmux-501/ta-ed81bd4d8c17: exit status 1: no server running on /tmp/tmux-501/ta-ed81bd4d8c17"
time=2026-08-21T23:12:09.956+08:00 level=DEBUG msg="discovery: skipping unreachable socket" socket=/tmp/tmux-501/ta-f1ad1b378fc7 err="query tmux on /tmp/tmux-501/ta-f1ad1b378fc7: exit status 1: no server running on /tmp/tmux-501/ta-f1ad1b378fc7"
time=2026-08-21T23:12:09.965+08:00 level=DEBUG msg="discovery: skipping unreachable socket" socket=/tmp/tmux-501/t115d24675 err="query tmux on /tmp/tmux-501/t115d24675: exit status 1: no server running on /tmp/tmux-501/t115d24675"
time=2026-08-21T23:12:09.975+08:00 level=DEBUG msg="discovery: skipping unreachable socket" socket=/tmp/tmux-501/t115e31319 err="query tmux on /tmp/tmux-501/t115e31319: exit status 1: no server running on /tmp/tmux-501/t115e31319"
time=2026-08-21T23:12:09.976+08:00 level=DEBUG msg="discovery: skipping unreachable socket" socket=/tmp/tmux-501/ta-t121u01 err="query tmux on /tmp/tmux-501/ta-t121u01: exit status 1: no server running on /tmp/tmux-501/ta-t121u01"
time=2026-08-21T23:12:09.987+08:00 level=DEBUG msg="discovery: skipping unreachable socket" socket=/tmp/tmux-501/t115f44898 err="query tmux on /tmp/tmux-501/t115f44898: exit status 1: no server running on /tmp/tmux-501/t115f44898"
time=2026-08-21T23:12:09.988+08:00 level=DEBUG msg="discovery: skipping unreachable socket" socket=/tmp/tmux-501/ta-t121u01b err="query tmux on /tmp/tmux-501/ta-t121u01b: exit status 1: no server running on /tmp/tmux-501/ta-t121u01b"
time=2026-08-21T23:12:09.995+08:00 level=DEBUG msg="discovery: skipping unreachable socket" socket=/tmp/tmux-501/t115g47728 err="query tmux on /tmp/tmux-501/t115g47728: exit status 1: no server running on /tmp/tmux-501/t115g47728"
time=2026-08-21T23:12:09.996+08:00 level=DEBUG msg="discovery: skipping unreachable socket" socket=/tmp/tmux-501/ta-user-agents err="query tmux on /tmp/tmux-501/ta-user-agents: exit status 1: no server running on /tmp/tmux-501/ta-user-agents"
time=2026-08-21T23:12:10.004+08:00 level=DEBUG msg="discovery: skipping unreachable socket" socket=/tmp/tmux-501/ta-0bafa3965ade err="query tmux on /tmp/tmux-501/ta-0bafa3965ade: exit status 1: no server running on /tmp/tmux-501/ta-0bafa3965ade"
time=2026-08-21T23:12:10.139+08:00 level=DEBUG msg="discovery: skipping unreachable socket" socket=/tmp/tmux-501/ta-61709dcf801e err="query tmux on /tmp/tmux-501/ta-61709dcf801e: exit status 1: no server running on /tmp/tmux-501/ta-61709dcf801e"
time=2026-08-21T23:12:10.181+08:00 level=DEBUG msg="discovery: skipping unparsable pane line" socket=/tmp/tmux-501/ta-a9fd5b7defbd line="team-refactor-maintainability|6|%39|/Users/alauda/Documents/code/agent前沿探索/多agent协作|bash|87458|t.p9.review 零上下文设计审查已通过<|eos|> - grok|235x50|tester-t124"
time=2026-08-21T23:12:10.204+08:00 level=DEBUG msg="discovery: skipping unreachable socket" socket=/tmp/tmux-501/ta-ed81bd4d8c17 err="query tmux on /tmp/tmux-501/ta-ed81bd4d8c17: exit status 1: no server running on /tmp/tmux-501/ta-ed81bd4d8c17"
time=2026-08-21T23:12:10.215+08:00 level=DEBUG msg="discovery: skipping unreachable socket" socket=/tmp/tmux-501/ta-f1ad1b378fc7 err="query tmux on /tmp/tmux-501/ta-f1ad1b378fc7: exit status 1: no server running on /tmp/tmux-501/ta-f1ad1b378fc7"
time=2026-08-21T23:12:10.235+08:00 level=DEBUG msg="discovery: skipping unreachable socket" socket=/tmp/tmux-501/ta-t121u01 err="query tmux on /tmp/tmux-501/ta-t121u01: exit status 1: no server running on /tmp/tmux-501/ta-t121u01"
time=2026-08-21T23:12:10.244+08:00 level=DEBUG msg="discovery: skipping unreachable socket" socket=/tmp/tmux-501/ta-t121u01b err="query tmux on /tmp/tmux-501/ta-t121u01b: exit status 1: no server running on /tmp/tmux-501/ta-t121u01b"
time=2026-08-21T23:12:10.254+08:00 level=DEBUG msg="discovery: skipping unreachable socket" socket=/tmp/tmux-501/ta-user-agents err="query tmux on /tmp/tmux-501/ta-user-agents: exit status 1: no server running on /tmp/tmux-501/ta-user-agents"
time=2026-08-21T23:12:10.351+08:00 level=WARN msg="level2: title unknown for provider" provider=grok codepoint=U+002B title="+ Agent 弹窗图标卡片重做 - grok" is_letter=false is_number=false leading_glyph=true status=unknown
time=2026-08-21T23:12:12.385+08:00 level=DEBUG msg="discovery: skipping unreachable socket" socket=/tmp/tmux-501/t115d24675 err="query tmux on /tmp/tmux-501/t115d24675: exit status 1: no server running on /tmp/tmux-501/t115d24675"
time=2026-08-21T23:12:12.394+08:00 level=DEBUG msg="discovery: skipping unreachable socket" socket=/tmp/tmux-501/t115e31319 err="query tmux on /tmp/tmux-501/t115e31319: exit status 1: no server running on /tmp/tmux-501/t115e31319"
time=2026-08-21T23:12:12.403+08:00 level=DEBUG msg="discovery: skipping unreachable socket" socket=/tmp/tmux-501/t115f44898 err="query tmux on /tmp/tmux-501/t115f44898: exit status 1: no server running on /tmp/tmux-501/t115f44898"
time=2026-08-21T23:12:12.412+08:00 level=DEBUG msg="discovery: skipping unreachable socket" socket=/tmp/tmux-501/t115g47728 err="query tmux on /tmp/tmux-501/t115g47728: exit status 1: no server running on /tmp/tmux-501/t115g47728"
time=2026-08-21T23:12:12.428+08:00 level=DEBUG msg="discovery: skipping unreachable socket" socket=/tmp/tmux-501/ta-0bafa3965ade err="query tmux on /tmp/tmux-501/ta-0bafa3965ade: exit status 1: no server running on /tmp/tmux-501/ta-0bafa3965ade"
time=2026-08-21T23:12:12.466+08:00 level=DEBUG msg="discovery: skipping unreachable socket" socket=/tmp/tmux-501/ta-61709dcf801e err="query tmux on /tmp/tmux-501/ta-61709dcf801e: exit status 1: no server running on /tmp/tmux-501/ta-61709dcf801e"
time=2026-08-21T23:12:12.488+08:00 level=DEBUG msg="discovery: skipping unparsable pane line" socket=/tmp/tmux-501/ta-a9fd5b7defbd line="team-refactor-maintainability|6|%39|/Users/alauda/Documents/code/agent前沿探索/多agent协作|bash|87458|t.p9.review 零上下文设计审查已通过<|eos|> - grok|235x50|tester-t124"
time=2026-08-21T23:12:12.507+08:00 level=DEBUG msg="discovery: skipping unreachable socket" socket=/tmp/tmux-501/ta-ed81bd4d8c17 err="query tmux on /tmp/tmux-501/ta-ed81bd4d8c17: exit status 1: no server running on /tmp/tmux-501/ta-ed81bd4d8c17"
time=2026-08-21T23:12:12.517+08:00 level=DEBUG msg="discovery: skipping unreachable socket" socket=/tmp/tmux-501/ta-f1ad1b378fc7 err="query tmux on /tmp/tmux-501/ta-f1ad1b378fc7: exit status 1: no server running on /tmp/tmux-501/ta-f1ad1b378fc7"
time=2026-08-21T23:12:12.537+08:00 level=DEBUG msg="discovery: skipping unreachable socket" socket=/tmp/tmux-501/ta-t121u01 err="query tmux on /tmp/tmux-501/ta-t121u01: exit status 1: no server running on /tmp/tmux-501/ta-t121u01"
time=2026-08-21T23:12:12.545+08:00 level=DEBUG msg="discovery: skipping unreachable socket" socket=/tmp/tmux-501/ta-t121u01b err="query tmux on /tmp/tmux-501/ta-t121u01b: exit status 1: no server running on /tmp/tmux-501/ta-t121u01b"
time=2026-08-21T23:12:12.554+08:00 level=DEBUG msg="discovery: skipping unreachable socket" socket=/tmp/tmux-501/ta-user-agents err="query tmux on /tmp/tmux-501/ta-user-agents: exit status 1: no server running on /tmp/tmux-501/ta-user-agents"
time=2026-08-21T23:12:12.672+08:00 level=WARN msg="level2: title unknown for provider" provider=grok codepoint=U+002B title="+ Agent 弹窗图标卡片重做 - grok" is_letter=false is_number=false leading_glyph=true status=unknown
time=2026-08-21T23:12:13.000+08:00 level=DEBUG msg="listing: no changes"
time=2026-08-21T23:12:13.528+08:00 level=DEBUG msg="discovery: skipping unreachable socket" socket=/tmp/tmux-501/t115d24675 err="query tmux on /tmp/tmux-501/t115d24675: exit status 1: no server running on /tmp/tmux-501/t115d24675"
time=2026-08-21T23:12:13.536+08:00 level=DEBUG msg="discovery: skipping unreachable socket" socket=/tmp/tmux-501/t115e31319 err="query tmux on /tmp/tmux-501/t115e31319: exit status 1: no server running on /tmp/tmux-501/t115e31319"
time=2026-08-21T23:12:13.543+08:00 level=DEBUG msg="discovery: skipping unreachable socket" socket=/tmp/tmux-501/t115f44898 err="query tmux on /tmp/tmux-501/t115f44898: exit status 1: no server running on /tmp/tmux-501/t115f44898"
time=2026-08-21T23:12:13.551+08:00 level=DEBUG msg="discovery: skipping unreachable socket" socket=/tmp/tmux-501/t115g47728 err="query tmux on /tmp/tmux-501/t115g47728: exit status 1: no server running on /tmp/tmux-501/t115g47728"
time=2026-08-21T23:12:13.558+08:00 level=DEBUG msg="discovery: skipping unreachable socket" socket=/tmp/tmux-501/ta-0bafa3965ade err="query tmux on /tmp/tmux-501/ta-0bafa3965ade: exit status 1: no server running on /tmp/tmux-501/ta-0bafa3965ade"
time=2026-08-21T23:12:13.594+08:00 level=DEBUG msg="discovery: skipping unreachable socket" socket=/tmp/tmux-501/ta-61709dcf801e err="query tmux on /tmp/tmux-501/ta-61709dcf801e: exit status 1: no server running on /tmp/tmux-501/ta-61709dcf801e"
time=2026-08-21T23:12:13.617+08:00 level=DEBUG msg="discovery: skipping unparsable pane line" socket=/tmp/tmux-501/ta-a9fd5b7defbd line="team-refactor-maintainability|6|%39|/Users/alauda/Documents/code/agent前沿探索/多agent协作|bash|87458|t.p9.review 零上下文设计审查已通过<|eos|> - grok|235x50|tester-t124"
time=2026-08-21T23:12:13.634+08:00 level=DEBUG msg="discovery: skipping unreachable socket" socket=/tmp/tmux-501/ta-ed81bd4d8c17 err="query tmux on /tmp/tmux-501/ta-ed81bd4d8c17: exit status 1: no server running on /tmp/tmux-501/ta-ed81bd4d8c17"
time=2026-08-21T23:12:13.643+08:00 level=DEBUG msg="discovery: skipping unreachable socket" socket=/tmp/tmux-501/ta-f1ad1b378fc7 err="query tmux on /tmp/tmux-501/ta-f1ad1b378fc7: exit status 1: no server running on /tmp/tmux-501/ta-f1ad1b378fc7"
time=2026-08-21T23:12:13.660+08:00 level=DEBUG msg="discovery: skipping unreachable socket" socket=/tmp/tmux-501/ta-t121u01 err="query tmux on /tmp/tmux-501/ta-t121u01: exit status 1: no server running on /tmp/tmux-501/ta-t121u01"
time=2026-08-21T23:12:13.668+08:00 level=DEBUG msg="discovery: skipping unreachable socket" socket=/tmp/tmux-501/ta-t121u01b err="query tmux on /tmp/tmux-501/ta-t121u01b: exit status 1: no server running on /tmp/tmux-501/ta-t121u01b"
time=2026-08-21T23:12:13.677+08:00 level=DEBUG msg="discovery: skipping unreachable socket" socket=/tmp/tmux-501/ta-user-agents err="query tmux on /tmp/tmux-501/ta-user-agents: exit status 1: no server running on /tmp/tmux-501/ta-user-agents"
time=2026-08-21T23:12:14.709+08:00 level=DEBUG msg="discovery: skipping unreachable socket" socket=/tmp/tmux-501/t115d24675 err="query tmux on /tmp/tmux-501/t115d24675: exit status 1: no server running on /tmp/tmux-501/t115d24675"
time=2026-08-21T23:12:14.718+08:00 level=DEBUG msg="discovery: skipping unreachable socket" socket=/tmp/tmux-501/t115e31319 err="query tmux on /tmp/tmux-501/t115e31319: exit status 1: no server running on /tmp/tmux-501/t115e31319"
time=2026-08-21T23:12:14.729+08:00 level=DEBUG msg="discovery: skipping unreachable socket" socket=/tmp/tmux-501/t115f44898 err="query tmux on /tmp/tmux-501/t115f44898: exit status 1: no server running on /tmp/tmux-501/t115f44898"
time=2026-08-21T23:12:14.741+08:00 level=DEBUG msg="discovery: skipping unreachable socket" socket=/tmp/tmux-501/t115g47728 err="query tmux on /tmp/tmux-501/t115g47728: exit status 1: no server running on /tmp/tmux-501/t115g47728"
time=2026-08-21T23:12:14.753+08:00 level=DEBUG msg="discovery: skipping unreachable socket" socket=/tmp/tmux-501/ta-0bafa3965ade err="query tmux on /tmp/tmux-501/ta-0bafa3965ade: exit status 1: no server running on /tmp/tmux-501/ta-0bafa3965ade"
time=2026-08-21T23:12:14.815+08:00 level=DEBUG msg="discovery: skipping unreachable socket" socket=/tmp/tmux-501/ta-61709dcf801e err="query tmux on /tmp/tmux-501/ta-61709dcf801e: exit status 1: no server running on /tmp/tmux-501/ta-61709dcf801e"
time=2026-08-21T23:12:14.918+08:00 level=DEBUG msg="discovery: skipping unparsable pane line" socket=/tmp/tmux-501/ta-a9fd5b7defbd line="team-refactor-maintainability|6|%39|/Users/alauda/Documents/code/agent前沿探索/多agent协作|bash|87458|t.p9.review 零上下文设计审查已通过<|eos|> - grok|235x50|tester-t124"
time=2026-08-21T23:12:14.954+08:00 level=DEBUG msg="discovery: skipping unreachable socket" socket=/tmp/tmux-501/ta-ed81bd4d8c17 err="query tmux on /tmp/tmux-501/ta-ed81bd4d8c17: exit status 1: no server running on /tmp/tmux-501/ta-ed81bd4d8c17"
time=2026-08-21T23:12:14.968+08:00 level=DEBUG msg="discovery: skipping unreachable socket" socket=/tmp/tmux-501/ta-f1ad1b378fc7 err="query tmux on /tmp/tmux-501/ta-f1ad1b378fc7: exit status 1: no server running on /tmp/tmux-501/ta-f1ad1b378fc7"
time=2026-08-21T23:12:14.990+08:00 level=DEBUG msg="discovery: skipping unreachable socket" socket=/tmp/tmux-501/ta-t121u01 err="query tmux on /tmp/tmux-501/ta-t121u01: exit status 1: no server running on /tmp/tmux-501/ta-t121u01"
time=2026-08-21T23:12:15.004+08:00 level=DEBUG msg="discovery: skipping unreachable socket" socket=/tmp/tmux-501/ta-t121u01b err="query tmux on /tmp/tmux-501/ta-t121u01b: exit status 1: no server running on /tmp/tmux-501/ta-t121u01b"
time=2026-08-21T23:12:15.014+08:00 level=DEBUG msg="discovery: skipping unreachable socket" socket=/tmp/tmux-501/ta-user-agents err="query tmux on /tmp/tmux-501/ta-user-agents: exit status 1: no server running on /tmp/tmux-501/ta-user-agents"
time=2026-08-21T23:12:15.083+08:00 level=WARN msg="level2: title unknown for provider" provider=grok codepoint=U+002B title="+ Agent 弹窗图标卡片重做 - grok" is_letter=false is_number=false leading_glyph=true status=unknown
time=2026-08-21T23:12:16.655+08:00 level=DEBUG msg="listing: no changes"
time=2026-08-21T23:12:17.111+08:00 level=DEBUG msg="discovery: skipping unreachable socket" socket=/tmp/tmux-501/t115d24675 err="query tmux on /tmp/tmux-501/t115d24675: exit status 1: no server running on /tmp/tmux-501/t115d24675"
time=2026-08-21T23:12:17.120+08:00 level=DEBUG msg="discovery: skipping unreachable socket" socket=/tmp/tmux-501/t115e31319 err="query tmux on /tmp/tmux-501/t115e31319: exit status 1: no server running on /tmp/tmux-501/t115e31319"
time=2026-08-21T23:12:17.129+08:00 level=DEBUG msg="discovery: skipping unreachable socket" socket=/tmp/tmux-501/t115f44898 err="query tmux on /tmp/tmux-501/t115f44898: exit status 1: no server running on /tmp/tmux-501/t115f44898"
time=2026-08-21T23:12:17.137+08:00 level=DEBUG msg="discovery: skipping unreachable socket" socket=/tmp/tmux-501/t115g47728 err="query tmux on /tmp/tmux-501/t115g47728: exit status 1: no server running on /tmp/tmux-501/t115g47728"
time=2026-08-21T23:12:17.145+08:00 level=DEBUG msg="discovery: skipping unreachable socket" socket=/tmp/tmux-501/ta-0bafa3965ade err="query tmux on /tmp/tmux-501/ta-0bafa3965ade: exit status 1: no server running on /tmp/tmux-501/ta-0bafa3965ade"
time=2026-08-21T23:12:17.181+08:00 level=DEBUG msg="discovery: skipping unreachable socket" socket=/tmp/tmux-501/ta-61709dcf801e err="query tmux on /tmp/tmux-501/ta-61709dcf801e: exit status 1: no server running on /tmp/tmux-501/ta-61709dcf801e"
time=2026-08-21T23:12:17.182+08:00 level=DEBUG msg="discovery: skipping unreachable socket" socket=/tmp/tmux-501/t115d24675 err="query tmux on /tmp/tmux-501/t115d24675: exit status 1: no server running on /tmp/tmux-501/t115d24675"
time=2026-08-21T23:12:17.190+08:00 level=DEBUG msg="discovery: skipping unreachable socket" socket=/tmp/tmux-501/t115e31319 err="query tmux on /tmp/tmux-501/t115e31319: exit status 1: no server running on /tmp/tmux-501/t115e31319"
time=2026-08-21T23:12:17.199+08:00 level=DEBUG msg="discovery: skipping unreachable socket" socket=/tmp/tmux-501/t115f44898 err="query tmux on /tmp/tmux-501/t115f44898: exit status 1: no server running on /tmp/tmux-501/t115f44898"
time=2026-08-21T23:12:17.201+08:00 level=DEBUG msg="discovery: skipping unparsable pane line" socket=/tmp/tmux-501/ta-a9fd5b7defbd line="team-refactor-maintainability|6|%39|/Users/alauda/Documents/code/agent前沿探索/多agent协作|bash|87458|t.p9.review 零上下文设计审查已通过<|eos|> - grok|235x50|tester-t124"
time=2026-08-21T23:12:17.207+08:00 level=DEBUG msg="discovery: skipping unreachable socket" socket=/tmp/tmux-501/t115g47728 err="query tmux on /tmp/tmux-501/t115g47728: exit status 1: no server running on /tmp/tmux-501/t115g47728"
time=2026-08-21T23:12:17.217+08:00 level=DEBUG msg="discovery: skipping unreachable socket" socket=/tmp/tmux-501/ta-0bafa3965ade err="query tmux on /tmp/tmux-501/ta-0bafa3965ade: exit status 1: no server running on /tmp/tmux-501/ta-0bafa3965ade"
time=2026-08-21T23:12:17.219+08:00 level=DEBUG msg="discovery: skipping unreachable socket" socket=/tmp/tmux-501/ta-ed81bd4d8c17 err="query tmux on /tmp/tmux-501/ta-ed81bd4d8c17: exit status 1: no server running on /tmp/tmux-501/ta-ed81bd4d8c17"
time=2026-08-21T23:12:17.227+08:00 level=DEBUG msg="discovery: skipping unreachable socket" socket=/tmp/tmux-501/ta-f1ad1b378fc7 err="query tmux on /tmp/tmux-501/ta-f1ad1b378fc7: exit status 1: no server running on /tmp/tmux-501/ta-f1ad1b378fc7"
time=2026-08-21T23:12:17.245+08:00 level=DEBUG msg="discovery: skipping unreachable socket" socket=/tmp/tmux-501/ta-t121u01 err="query tmux on /tmp/tmux-501/ta-t121u01: exit status 1: no server running on /tmp/tmux-501/ta-t121u01"
time=2026-08-21T23:12:17.252+08:00 level=DEBUG msg="discovery: skipping unreachable socket" socket=/tmp/tmux-501/ta-61709dcf801e err="query tmux on /tmp/tmux-501/ta-61709dcf801e: exit status 1: no server running on /tmp/tmux-501/ta-61709dcf801e"
time=2026-08-21T23:12:17.253+08:00 level=DEBUG msg="discovery: skipping unreachable socket" socket=/tmp/tmux-501/ta-t121u01b err="query tmux on /tmp/tmux-501/ta-t121u01b: exit status 1: no server running on /tmp/tmux-501/ta-t121u01b"
time=2026-08-21T23:12:17.262+08:00 level=DEBUG msg="discovery: skipping unreachable socket" socket=/tmp/tmux-501/ta-user-agents err="query tmux on /tmp/tmux-501/ta-user-agents: exit status 1: no server running on /tmp/tmux-501/ta-user-agents"
time=2026-08-21T23:12:17.272+08:00 level=DEBUG msg="discovery: skipping unparsable pane line" socket=/tmp/tmux-501/ta-a9fd5b7defbd line="team-refactor-maintainability|6|%39|/Users/alauda/Documents/code/agent前沿探索/多agent协作|bash|87458|t.p9.review 零上下文设计审查已通过<|eos|> - grok|235x50|tester-t124"
time=2026-08-21T23:12:17.289+08:00 level=DEBUG msg="discovery: skipping unreachable socket" socket=/tmp/tmux-501/ta-ed81bd4d8c17 err="query tmux on /tmp/tmux-501/ta-ed81bd4d8c17: exit status 1: no server running on /tmp/tmux-501/ta-ed81bd4d8c17"
time=2026-08-21T23:12:17.298+08:00 level=DEBUG msg="discovery: skipping unreachable socket" socket=/tmp/tmux-501/ta-f1ad1b378fc7 err="query tmux on /tmp/tmux-501/ta-f1ad1b378fc7: exit status 1: no server running on /tmp/tmux-501/ta-f1ad1b378fc7"
time=2026-08-21T23:12:17.310+08:00 level=WARN msg="level2: title unknown for provider" provider=grok codepoint=U+002B title="+ Agent 弹窗图标卡片重做 - grok" is_letter=false is_number=false leading_glyph=true status=unknown
time=2026-08-21T23:12:17.316+08:00 level=DEBUG msg="discovery: skipping unreachable socket" socket=/tmp/tmux-501/ta-t121u01 err="query tmux on /tmp/tmux-501/ta-t121u01: exit status 1: no server running on /tmp/tmux-501/ta-t121u01"
time=2026-08-21T23:12:17.325+08:00 level=DEBUG msg="discovery: skipping unreachable socket" socket=/tmp/tmux-501/ta-t121u01b err="query tmux on /tmp/tmux-501/ta-t121u01b: exit status 1: no server running on /tmp/tmux-501/ta-t121u01b"
time=2026-08-21T23:12:17.334+08:00 level=DEBUG msg="discovery: skipping unreachable socket" socket=/tmp/tmux-501/ta-user-agents err="query tmux on /tmp/tmux-501/ta-user-agents: exit status 1: no server running on /tmp/tmux-501/ta-user-agents"
time=2026-08-21T23:12:19.438+08:00 level=DEBUG msg="discovery: skipping unreachable socket" socket=/tmp/tmux-501/t115d24675 err="query tmux on /tmp/tmux-501/t115d24675: exit status 1: no server running on /tmp/tmux-501/t115d24675"
time=2026-08-21T23:12:19.454+08:00 level=DEBUG msg="discovery: skipping unreachable socket" socket=/tmp/tmux-501/t115e31319 err="query tmux on /tmp/tmux-501/t115e31319: exit status 1: no server running on /tmp/tmux-501/t115e31319"
time=2026-08-21T23:12:19.468+08:00 level=DEBUG msg="discovery: skipping unreachable socket" socket=/tmp/tmux-501/t115f44898 err="query tmux on /tmp/tmux-501/t115f44898: exit status 1: no server running on /tmp/tmux-501/t115f44898"
time=2026-08-21T23:12:19.477+08:00 level=DEBUG msg="discovery: skipping unreachable socket" socket=/tmp/tmux-501/t115g47728 err="query tmux on /tmp/tmux-501/t115g47728: exit status 1: no server running on /tmp/tmux-501/t115g47728"
time=2026-08-21T23:12:19.486+08:00 level=DEBUG msg="discovery: skipping unreachable socket" socket=/tmp/tmux-501/ta-0bafa3965ade err="query tmux on /tmp/tmux-501/ta-0bafa3965ade: exit status 1: no server running on /tmp/tmux-501/ta-0bafa3965ade"
time=2026-08-21T23:12:19.527+08:00 level=DEBUG msg="discovery: skipping unreachable socket" socket=/tmp/tmux-501/ta-61709dcf801e err="query tmux on /tmp/tmux-501/ta-61709dcf801e: exit status 1: no server running on /tmp/tmux-501/ta-61709dcf801e"
time=2026-08-21T23:12:19.551+08:00 level=DEBUG msg="discovery: skipping unparsable pane line" socket=/tmp/tmux-501/ta-a9fd5b7defbd line="team-refactor-maintainability|6|%39|/Users/alauda/Documents/code/agent前沿探索/多agent协作|bash|87458|t.p9.review 零上下文设计审查已通过<|eos|> - grok|235x50|tester-t124"
time=2026-08-21T23:12:19.572+08:00 level=DEBUG msg="discovery: skipping unreachable socket" socket=/tmp/tmux-501/ta-ed81bd4d8c17 err="query tmux on /tmp/tmux-501/ta-ed81bd4d8c17: exit status 1: no server running on /tmp/tmux-501/ta-ed81bd4d8c17"
time=2026-08-21T23:12:19.580+08:00 level=DEBUG msg="discovery: skipping unreachable socket" socket=/tmp/tmux-501/ta-f1ad1b378fc7 err="query tmux on /tmp/tmux-501/ta-f1ad1b378fc7: exit status 1: no server running on /tmp/tmux-501/ta-f1ad1b378fc7"
time=2026-08-21T23:12:19.601+08:00 level=DEBUG msg="discovery: skipping unreachable socket" socket=/tmp/tmux-501/ta-t121u01 err="query tmux on /tmp/tmux-501/ta-t121u01: exit status 1: no server running on /tmp/tmux-501/ta-t121u01"
time=2026-08-21T23:12:19.612+08:00 level=DEBUG msg="discovery: skipping unreachable socket" socket=/tmp/tmux-501/ta-t121u01b err="query tmux on /tmp/tmux-501/ta-t121u01b: exit status 1: no server running on /tmp/tmux-501/ta-t121u01b"
time=2026-08-21T23:12:19.621+08:00 level=DEBUG msg="discovery: skipping unreachable socket" socket=/tmp/tmux-501/ta-user-agents err="query tmux on /tmp/tmux-501/ta-user-agents: exit status 1: no server running on /tmp/tmux-501/ta-user-agents"
time=2026-08-21T23:12:19.741+08:00 level=WARN msg="level2: title unknown for provider" provider=grok codepoint=U+002B title="+ Agent 弹窗图标卡片重做 - grok" is_letter=false is_number=false leading_glyph=true status=unknown
time=2026-08-21T23:12:20.102+08:00 level=DEBUG msg="listing: no changes"
time=2026-08-21T23:12:20.631+08:00 level=DEBUG msg="discovery: skipping unreachable socket" socket=/tmp/tmux-501/t115d24675 err="query tmux on /tmp/tmux-501/t115d24675: exit status 1: no server running on /tmp/tmux-501/t115d24675"
time=2026-08-21T23:12:20.639+08:00 level=DEBUG msg="discovery: skipping unreachable socket" socket=/tmp/tmux-501/t115e31319 err="query tmux on /tmp/tmux-501/t115e31319: exit status 1: no server running on /tmp/tmux-501/t115e31319"
time=2026-08-21T23:12:20.647+08:00 level=DEBUG msg="discovery: skipping unreachable socket" socket=/tmp/tmux-501/t115f44898 err="query tmux on /tmp/tmux-501/t115f44898: exit status 1: no server running on /tmp/tmux-501/t115f44898"
time=2026-08-21T23:12:20.656+08:00 level=DEBUG msg="discovery: skipping unreachable socket" socket=/tmp/tmux-501/t115g47728 err="query tmux on /tmp/tmux-501/t115g47728: exit status 1: no server running on /tmp/tmux-501/t115g47728"
time=2026-08-21T23:12:20.665+08:00 level=DEBUG msg="discovery: skipping unreachable socket" socket=/tmp/tmux-501/ta-0bafa3965ade err="query tmux on /tmp/tmux-501/ta-0bafa3965ade: exit status 1: no server running on /tmp/tmux-501/ta-0bafa3965ade"
time=2026-08-21T23:12:20.700+08:00 level=DEBUG msg="discovery: skipping unreachable socket" socket=/tmp/tmux-501/ta-61709dcf801e err="query tmux on /tmp/tmux-501/ta-61709dcf801e: exit status 1: no server running on /tmp/tmux-501/ta-61709dcf801e"
time=2026-08-21T23:12:20.720+08:00 level=DEBUG msg="discovery: skipping unparsable pane line" socket=/tmp/tmux-501/ta-a9fd5b7defbd line="team-refactor-maintainability|6|%39|/Users/alauda/Documents/code/agent前沿探索/多agent协作|bash|87458|t.p9.review 零上下文设计审查已通过<|eos|> - grok|235x50|tester-t124"
time=2026-08-21T23:12:20.737+08:00 level=DEBUG msg="discovery: skipping unreachable socket" socket=/tmp/tmux-501/ta-ed81bd4d8c17 err="query tmux on /tmp/tmux-501/ta-ed81bd4d8c17: exit status 1: no server running on /tmp/tmux-501/ta-ed81bd4d8c17"
time=2026-08-21T23:12:20.745+08:00 level=DEBUG msg="discovery: skipping unreachable socket" socket=/tmp/tmux-501/ta-f1ad1b378fc7 err="query tmux on /tmp/tmux-501/ta-f1ad1b378fc7: exit status 1: no server running on /tmp/tmux-501/ta-f1ad1b378fc7"
time=2026-08-21T23:12:20.764+08:00 level=DEBUG msg="discovery: skipping unreachable socket" socket=/tmp/tmux-501/ta-t121u01 err="query tmux on /tmp/tmux-501/ta-t121u01: exit status 1: no server running on /tmp/tmux-501/ta-t121u01"
time=2026-08-21T23:12:20.772+08:00 level=DEBUG msg="discovery: skipping unreachable socket" socket=/tmp/tmux-501/ta-t121u01b err="query tmux on /tmp/tmux-501/ta-t121u01b: exit status 1: no server running on /tmp/tmux-501/ta-t121u01b"
time=2026-08-21T23:12:20.781+08:00 level=DEBUG msg="discovery: skipping unreachable socket" socket=/tmp/tmux-501/ta-user-agents err="query tmux on /tmp/tmux-501/ta-user-agents: exit status 1: no server running on /tmp/tmux-501/ta-user-agents"
time=2026-08-21T23:12:21.773+08:00 level=DEBUG msg="discovery: skipping unreachable socket" socket=/tmp/tmux-501/t115d24675 err="query tmux on /tmp/tmux-501/t115d24675: exit status 1: no server running on /tmp/tmux-501/t115d24675"
time=2026-08-21T23:12:21.782+08:00 level=DEBUG msg="discovery: skipping unreachable socket" socket=/tmp/tmux-501/t115e31319 err="query tmux on /tmp/tmux-501/t115e31319: exit status 1: no server running on /tmp/tmux-501/t115e31319"
time=2026-08-21T23:12:21.791+08:00 level=DEBUG msg="discovery: skipping unreachable socket" socket=/tmp/tmux-501/t115f44898 err="query tmux on /tmp/tmux-501/t115f44898: exit status 1: no server running on /tmp/tmux-501/t115f44898"
time=2026-08-21T23:12:21.800+08:00 level=DEBUG msg="discovery: skipping unreachable socket" socket=/tmp/tmux-501/t115g47728 err="query tmux on /tmp/tmux-501/t115g47728: exit status 1: no server running on /tmp/tmux-501/t115g47728"
time=2026-08-21T23:12:21.809+08:00 level=DEBUG msg="discovery: skipping unreachable socket" socket=/tmp/tmux-501/ta-0bafa3965ade err="query tmux on /tmp/tmux-501/ta-0bafa3965ade: exit status 1: no server running on /tmp/tmux-501/ta-0bafa3965ade"
time=2026-08-21T23:12:21.846+08:00 level=DEBUG msg="discovery: skipping unreachable socket" socket=/tmp/tmux-501/ta-61709dcf801e err="query tmux on /tmp/tmux-501/ta-61709dcf801e: exit status 1: no server running on /tmp/tmux-501/ta-61709dcf801e"
time=2026-08-21T23:12:21.868+08:00 level=DEBUG msg="discovery: skipping unparsable pane line" socket=/tmp/tmux-501/ta-a9fd5b7defbd line="team-refactor-maintainability|6|%39|/Users/alauda/Documents/code/agent前沿探索/多agent协作|bash|87458|t.p9.review 零上下文设计审查已通过<|eos|> - grok|235x50|tester-t124"
time=2026-08-21T23:12:21.893+08:00 level=DEBUG msg="discovery: skipping unreachable socket" socket=/tmp/tmux-501/ta-ed81bd4d8c17 err="query tmux on /tmp/tmux-501/ta-ed81bd4d8c17: exit status 1: no server running on /tmp/tmux-501/ta-ed81bd4d8c17"
time=2026-08-21T23:12:21.902+08:00 level=DEBUG msg="discovery: skipping unreachable socket" socket=/tmp/tmux-501/ta-f1ad1b378fc7 err="query tmux on /tmp/tmux-501/ta-f1ad1b378fc7: exit status 1: no server running on /tmp/tmux-501/ta-f1ad1b378fc7"
time=2026-08-21T23:12:21.920+08:00 level=DEBUG msg="discovery: skipping unreachable socket" socket=/tmp/tmux-501/ta-t121u01 err="query tmux on /tmp/tmux-501/ta-t121u01: exit status 1: no server running on /tmp/tmux-501/ta-t121u01"
time=2026-08-21T23:12:21.929+08:00 level=DEBUG msg="discovery: skipping unreachable socket" socket=/tmp/tmux-501/ta-t121u01b err="query tmux on /tmp/tmux-501/ta-t121u01b: exit status 1: no server running on /tmp/tmux-501/ta-t121u01b"
time=2026-08-21T23:12:21.941+08:00 level=DEBUG msg="discovery: skipping unreachable socket" socket=/tmp/tmux-501/ta-user-agents err="query tmux on /tmp/tmux-501/ta-user-agents: exit status 1: no server running on /tmp/tmux-501/ta-user-agents"
time=2026-08-21T23:12:22.047+08:00 level=WARN msg="level2: title unknown for provider" provider=grok codepoint=U+002B title="+ Agent 弹窗图标卡片重做 - grok" is_letter=false is_number=false leading_glyph=true status=unknown
time=2026-08-21T23:12:23.488+08:00 level=DEBUG msg="listing: no changes"
time=2026-08-21T23:12:24.017+08:00 level=DEBUG msg="discovery: skipping unreachable socket" socket=/tmp/tmux-501/t115d24675 err="query tmux on /tmp/tmux-501/t115d24675: exit status 1: no server running on /tmp/tmux-501/t115d24675"
time=2026-08-21T23:12:24.025+08:00 level=DEBUG msg="discovery: skipping unreachable socket" socket=/tmp/tmux-501/t115e31319 err="query tmux on /tmp/tmux-501/t115e31319: exit status 1: no server running on /tmp/tmux-501/t115e31319"
time=2026-08-21T23:12:24.037+08:00 level=DEBUG msg="discovery: skipping unreachable socket" socket=/tmp/tmux-501/t115f44898 err="query tmux on /tmp/tmux-501/t115f44898: exit status 1: no server running on /tmp/tmux-501/t115f44898"
time=2026-08-21T23:12:24.047+08:00 level=DEBUG msg="discovery: skipping unreachable socket" socket=/tmp/tmux-501/t115g47728 err="query tmux on /tmp/tmux-501/t115g47728: exit status 1: no server running on /tmp/tmux-501/t115g47728"
time=2026-08-21T23:12:24.058+08:00 level=DEBUG msg="discovery: skipping unreachable socket" socket=/tmp/tmux-501/ta-0bafa3965ade err="query tmux on /tmp/tmux-501/ta-0bafa3965ade: exit status 1: no server running on /tmp/tmux-501/ta-0bafa3965ade"
time=2026-08-21T23:12:24.176+08:00 level=DEBUG msg="discovery: skipping unreachable socket" socket=/tmp/tmux-501/t115d24675 err="query tmux on /tmp/tmux-501/t115d24675: exit status 1: no server running on /tmp/tmux-501/t115d24675"
time=2026-08-21T23:12:24.185+08:00 level=DEBUG msg="discovery: skipping unreachable socket" socket=/tmp/tmux-501/t115e31319 err="query tmux on /tmp/tmux-501/t115e31319: exit status 1: no server running on /tmp/tmux-501/t115e31319"
time=2026-08-21T23:12:24.193+08:00 level=DEBUG msg="discovery: skipping unreachable socket" socket=/tmp/tmux-501/t115f44898 err="query tmux on /tmp/tmux-501/t115f44898: exit status 1: no server running on /tmp/tmux-501/t115f44898"
time=2026-08-21T23:12:24.196+08:00 level=DEBUG msg="discovery: skipping unreachable socket" socket=/tmp/tmux-501/ta-61709dcf801e err="query tmux on /tmp/tmux-501/ta-61709dcf801e: exit status 1: no server running on /tmp/tmux-501/ta-61709dcf801e"
time=2026-08-21T23:12:24.201+08:00 level=DEBUG msg="discovery: skipping unreachable socket" socket=/tmp/tmux-501/t115g47728 err="query tmux on /tmp/tmux-501/t115g47728: exit status 1: no server running on /tmp/tmux-501/t115g47728"
time=2026-08-21T23:12:24.209+08:00 level=DEBUG msg="discovery: skipping unreachable socket" socket=/tmp/tmux-501/ta-0bafa3965ade err="query tmux on /tmp/tmux-501/ta-0bafa3965ade: exit status 1: no server running on /tmp/tmux-501/ta-0bafa3965ade"
time=2026-08-21T23:12:24.214+08:00 level=DEBUG msg="discovery: skipping unparsable pane line" socket=/tmp/tmux-501/ta-a9fd5b7defbd line="team-refactor-maintainability|6|%39|/Users/alauda/Documents/code/agent前沿探索/多agent协作|bash|87458|t.p9.review 零上下文设计审查已通过<|eos|> - grok|235x50|tester-t124"
time=2026-08-21T23:12:24.234+08:00 level=DEBUG msg="discovery: skipping unreachable socket" socket=/tmp/tmux-501/ta-ed81bd4d8c17 err="query tmux on /tmp/tmux-501/ta-ed81bd4d8c17: exit status 1: no server running on /tmp/tmux-501/ta-ed81bd4d8c17"
time=2026-08-21T23:12:24.243+08:00 level=DEBUG msg="discovery: skipping unreachable socket" socket=/tmp/tmux-501/ta-f1ad1b378fc7 err="query tmux on /tmp/tmux-501/ta-f1ad1b378fc7: exit status 1: no server running on /tmp/tmux-501/ta-f1ad1b378fc7"
time=2026-08-21T23:12:24.246+08:00 level=DEBUG msg="discovery: skipping unreachable socket" socket=/tmp/tmux-501/ta-61709dcf801e err="query tmux on /tmp/tmux-501/ta-61709dcf801e: exit status 1: no server running on /tmp/tmux-501/ta-61709dcf801e"
time=2026-08-21T23:12:24.260+08:00 level=DEBUG msg="discovery: skipping unreachable socket" socket=/tmp/tmux-501/ta-t121u01 err="query tmux on /tmp/tmux-501/ta-t121u01: exit status 1: no server running on /tmp/tmux-501/ta-t121u01"
time=2026-08-21T23:12:24.264+08:00 level=DEBUG msg="discovery: skipping unparsable pane line" socket=/tmp/tmux-501/ta-a9fd5b7defbd line="team-refactor-maintainability|6|%39|/Users/alauda/Documents/code/agent前沿探索/多agent协作|bash|87458|t.p9.review 零上下文设计审查已通过<|eos|> - grok|235x50|tester-t124"
time=2026-08-21T23:12:24.270+08:00 level=DEBUG msg="discovery: skipping unreachable socket" socket=/tmp/tmux-501/ta-t121u01b err="query tmux on /tmp/tmux-501/ta-t121u01b: exit status 1: no server running on /tmp/tmux-501/ta-t121u01b"
time=2026-08-21T23:12:24.278+08:00 level=DEBUG msg="discovery: skipping unreachable socket" socket=/tmp/tmux-501/ta-user-agents err="query tmux on /tmp/tmux-501/ta-user-agents: exit status 1: no server running on /tmp/tmux-501/ta-user-agents"
time=2026-08-21T23:12:24.283+08:00 level=DEBUG msg="discovery: skipping unreachable socket" socket=/tmp/tmux-501/ta-ed81bd4d8c17 err="query tmux on /tmp/tmux-501/ta-ed81bd4d8c17: exit status 1: no server running on /tmp/tmux-501/ta-ed81bd4d8c17"
time=2026-08-21T23:12:24.291+08:00 level=DEBUG msg="discovery: skipping unreachable socket" socket=/tmp/tmux-501/ta-f1ad1b378fc7 err="query tmux on /tmp/tmux-501/ta-f1ad1b378fc7: exit status 1: no server running on /tmp/tmux-501/ta-f1ad1b378fc7"
time=2026-08-21T23:12:24.309+08:00 level=DEBUG msg="discovery: skipping unreachable socket" socket=/tmp/tmux-501/ta-t121u01 err="query tmux on /tmp/tmux-501/ta-t121u01: exit status 1: no server running on /tmp/tmux-501/ta-t121u01"
time=2026-08-21T23:12:24.320+08:00 level=DEBUG msg="discovery: skipping unreachable socket" socket=/tmp/tmux-501/ta-t121u01b err="query tmux on /tmp/tmux-501/ta-t121u01b: exit status 1: no server running on /tmp/tmux-501/ta-t121u01b"
time=2026-08-21T23:12:24.329+08:00 level=DEBUG msg="discovery: skipping unreachable socket" socket=/tmp/tmux-501/ta-user-agents err="query tmux on /tmp/tmux-501/ta-user-agents: exit status 1: no server running on /tmp/tmux-501/ta-user-agents"
time=2026-08-21T23:12:24.463+08:00 level=WARN msg="level2: title unknown for provider" provider=grok codepoint=U+002B title="+ Agent 弹窗图标卡片重做 - grok" is_letter=false is_number=false leading_glyph=true status=unknown
time=2026-08-21T23:12:26.493+08:00 level=DEBUG msg="discovery: skipping unreachable socket" socket=/tmp/tmux-501/t115d24675 err="query tmux on /tmp/tmux-501/t115d24675: exit status 1: no server running on /tmp/tmux-501/t115d24675"
time=2026-08-21T23:12:26.503+08:00 level=DEBUG msg="discovery: skipping unreachable socket" socket=/tmp/tmux-501/t115e31319 err="query tmux on /tmp/tmux-501/t115e31319: exit status 1: no server running on /tmp/tmux-501/t115e31319"
time=2026-08-21T23:12:26.512+08:00 level=DEBUG msg="discovery: skipping unreachable socket" socket=/tmp/tmux-501/t115f44898 err="query tmux on /tmp/tmux-501/t115f44898: exit status 1: no server running on /tmp/tmux-501/t115f44898"
time=2026-08-21T23:12:26.521+08:00 level=DEBUG msg="discovery: skipping unreachable socket" socket=/tmp/tmux-501/t115g47728 err="query tmux on /tmp/tmux-501/t115g47728: exit status 1: no server running on /tmp/tmux-501/t115g47728"
time=2026-08-21T23:12:26.531+08:00 level=DEBUG msg="discovery: skipping unreachable socket" socket=/tmp/tmux-501/ta-0bafa3965ade err="query tmux on /tmp/tmux-501/ta-0bafa3965ade: exit status 1: no server running on /tmp/tmux-501/ta-0bafa3965ade"
time=2026-08-21T23:12:26.574+08:00 level=DEBUG msg="discovery: skipping unreachable socket" socket=/tmp/tmux-501/ta-61709dcf801e err="query tmux on /tmp/tmux-501/ta-61709dcf801e: exit status 1: no server running on /tmp/tmux-501/ta-61709dcf801e"
time=2026-08-21T23:12:26.598+08:00 level=DEBUG msg="discovery: skipping unparsable pane line" socket=/tmp/tmux-501/ta-a9fd5b7defbd line="team-refactor-maintainability|6|%39|/Users/alauda/Documents/code/agent前沿探索/多agent协作|bash|87458|t.p9.review 零上下文设计审查已通过<|eos|> - grok|235x50|tester-t124"
time=2026-08-21T23:12:26.618+08:00 level=DEBUG msg="discovery: skipping unreachable socket" socket=/tmp/tmux-501/ta-ed81bd4d8c17 err="query tmux on /tmp/tmux-501/ta-ed81bd4d8c17: exit status 1: no server running on /tmp/tmux-501/ta-ed81bd4d8c17"
time=2026-08-21T23:12:26.627+08:00 level=DEBUG msg="discovery: skipping unreachable socket" socket=/tmp/tmux-501/ta-f1ad1b378fc7 err="query tmux on /tmp/tmux-501/ta-f1ad1b378fc7: exit status 1: no server running on /tmp/tmux-501/ta-f1ad1b378fc7"
time=2026-08-21T23:12:26.649+08:00 level=DEBUG msg="discovery: skipping unreachable socket" socket=/tmp/tmux-501/ta-t121u01 err="query tmux on /tmp/tmux-501/ta-t121u01: exit status 1: no server running on /tmp/tmux-501/ta-t121u01"
time=2026-08-21T23:12:26.658+08:00 level=DEBUG msg="discovery: skipping unreachable socket" socket=/tmp/tmux-501/ta-t121u01b err="query tmux on /tmp/tmux-501/ta-t121u01b: exit status 1: no server running on /tmp/tmux-501/ta-t121u01b"
time=2026-08-21T23:12:26.667+08:00 level=DEBUG msg="discovery: skipping unreachable socket" socket=/tmp/tmux-501/ta-user-agents err="query tmux on /tmp/tmux-501/ta-user-agents: exit status 1: no server running on /tmp/tmux-501/ta-user-agents"
time=2026-08-21T23:12:26.782+08:00 level=WARN msg="level2: title unknown for provider" provider=grok codepoint=U+002B title="+ Agent 弹窗图标卡片重做 - grok" is_letter=false is_number=false leading_glyph=true status=unknown
time=2026-08-21T23:12:27.059+08:00 level=DEBUG msg="listing: no changes"
time=2026-08-21T23:12:27.588+08:00 level=DEBUG msg="discovery: skipping unreachable socket" socket=/tmp/tmux-501/t115d24675 err="query tmux on /tmp/tmux-501/t115d24675: exit status 1: no server running on /tmp/tmux-501/t115d24675"
time=2026-08-21T23:12:27.600+08:00 level=DEBUG msg="discovery: skipping unreachable socket" socket=/tmp/tmux-501/t115e31319 err="query tmux on /tmp/tmux-501/t115e31319: exit status 1: no server running on /tmp/tmux-501/t115e31319"
time=2026-08-21T23:12:27.609+08:00 level=DEBUG msg="discovery: skipping unreachable socket" socket=/tmp/tmux-501/t115f44898 err="query tmux on /tmp/tmux-501/t115f44898: exit status 1: no server running on /tmp/tmux-501/t115f44898"
time=2026-08-21T23:12:27.617+08:00 level=DEBUG msg="discovery: skipping unreachable socket" socket=/tmp/tmux-501/t115g47728 err="query tmux on /tmp/tmux-501/t115g47728: exit status 1: no server running on /tmp/tmux-501/t115g47728"
time=2026-08-21T23:12:27.626+08:00 level=DEBUG msg="discovery: skipping unreachable socket" socket=/tmp/tmux-501/ta-0bafa3965ade err="query tmux on /tmp/tmux-501/ta-0bafa3965ade: exit status 1: no server running on /tmp/tmux-501/ta-0bafa3965ade"
time=2026-08-21T23:12:27.662+08:00 level=DEBUG msg="discovery: skipping unreachable socket" socket=/tmp/tmux-501/ta-61709dcf801e err="query tmux on /tmp/tmux-501/ta-61709dcf801e: exit status 1: no server running on /tmp/tmux-501/ta-61709dcf801e"
time=2026-08-21T23:12:27.680+08:00 level=DEBUG msg="discovery: skipping unparsable pane line" socket=/tmp/tmux-501/ta-a9fd5b7defbd line="team-refactor-maintainability|6|%39|/Users/alauda/Documents/code/agent前沿探索/多agent协作|bash|87458|t.p9.review 零上下文设计审查已通过<|eos|> - grok|235x50|tester-t124"
time=2026-08-21T23:12:27.700+08:00 level=DEBUG msg="discovery: skipping unreachable socket" socket=/tmp/tmux-501/ta-ed81bd4d8c17 err="query tmux on /tmp/tmux-501/ta-ed81bd4d8c17: exit status 1: no server running on /tmp/tmux-501/ta-ed81bd4d8c17"
time=2026-08-21T23:12:27.709+08:00 level=DEBUG msg="discovery: skipping unreachable socket" socket=/tmp/tmux-501/ta-f1ad1b378fc7 err="query tmux on /tmp/tmux-501/ta-f1ad1b378fc7: exit status 1: no server running on /tmp/tmux-501/ta-f1ad1b378fc7"
time=2026-08-21T23:12:27.726+08:00 level=DEBUG msg="discovery: skipping unreachable socket" socket=/tmp/tmux-501/ta-t121u01 err="query tmux on /tmp/tmux-501/ta-t121u01: exit status 1: no server running on /tmp/tmux-501/ta-t121u01"
time=2026-08-21T23:12:27.736+08:00 level=DEBUG msg="discovery: skipping unreachable socket" socket=/tmp/tmux-501/ta-t121u01b err="query tmux on /tmp/tmux-501/ta-t121u01b: exit status 1: no server running on /tmp/tmux-501/ta-t121u01b"
time=2026-08-21T23:12:27.745+08:00 level=DEBUG msg="discovery: skipping unreachable socket" socket=/tmp/tmux-501/ta-user-agents err="query tmux on /tmp/tmux-501/ta-user-agents: exit status 1: no server running on /tmp/tmux-501/ta-user-agents"
time=2026-08-21T23:12:28.816+08:00 level=DEBUG msg="discovery: skipping unreachable socket" socket=/tmp/tmux-501/t115d24675 err="query tmux on /tmp/tmux-501/t115d24675: exit status 1: no server running on /tmp/tmux-501/t115d24675"
time=2026-08-21T23:12:28.825+08:00 level=DEBUG msg="discovery: skipping unreachable socket" socket=/tmp/tmux-501/t115e31319 err="query tmux on /tmp/tmux-501/t115e31319: exit status 1: no server running on /tmp/tmux-501/t115e31319"
time=2026-08-21T23:12:28.835+08:00 level=DEBUG msg="discovery: skipping unreachable socket" socket=/tmp/tmux-501/t115f44898 err="query tmux on /tmp/tmux-501/t115f44898: exit status 1: no server running on /tmp/tmux-501/t115f44898"
time=2026-08-21T23:12:28.845+08:00 level=DEBUG msg="discovery: skipping unreachable socket" socket=/tmp/tmux-501/t115g47728 err="query tmux on /tmp/tmux-501/t115g47728: exit status 1: no server running on /tmp/tmux-501/t115g47728"
time=2026-08-21T23:12:28.858+08:00 level=DEBUG msg="discovery: skipping unreachable socket" socket=/tmp/tmux-501/ta-0bafa3965ade err="query tmux on /tmp/tmux-501/ta-0bafa3965ade: exit status 1: no server running on /tmp/tmux-501/ta-0bafa3965ade"
time=2026-08-21T23:12:28.898+08:00 level=DEBUG msg="discovery: skipping unreachable socket" socket=/tmp/tmux-501/ta-61709dcf801e err="query tmux on /tmp/tmux-501/ta-61709dcf801e: exit status 1: no server running on /tmp/tmux-501/ta-61709dcf801e"
time=2026-08-21T23:12:28.921+08:00 level=DEBUG msg="discovery: skipping unparsable pane line" socket=/tmp/tmux-501/ta-a9fd5b7defbd line="team-refactor-maintainability|6|%39|/Users/alauda/Documents/code/agent前沿探索/多agent协作|bash|87458|t.p9.review 零上下文设计审查已通过<|eos|> - grok|235x50|tester-t124"
time=2026-08-21T23:12:28.940+08:00 level=DEBUG msg="discovery: skipping unreachable socket" socket=/tmp/tmux-501/ta-ed81bd4d8c17 err="query tmux on /tmp/tmux-501/ta-ed81bd4d8c17: exit status 1: no server running on /tmp/tmux-501/ta-ed81bd4d8c17"
time=2026-08-21T23:12:28.951+08:00 level=DEBUG msg="discovery: skipping unreachable socket" socket=/tmp/tmux-501/ta-f1ad1b378fc7 err="query tmux on /tmp/tmux-501/ta-f1ad1b378fc7: exit status 1: no server running on /tmp/tmux-501/ta-f1ad1b378fc7"
time=2026-08-21T23:12:28.970+08:00 level=DEBUG msg="discovery: skipping unreachable socket" socket=/tmp/tmux-501/ta-t121u01 err="query tmux on /tmp/tmux-501/ta-t121u01: exit status 1: no server running on /tmp/tmux-501/ta-t121u01"
time=2026-08-21T23:12:28.978+08:00 level=DEBUG msg="discovery: skipping unreachable socket" socket=/tmp/tmux-501/ta-t121u01b err="query tmux on /tmp/tmux-501/ta-t121u01b: exit status 1: no server running on /tmp/tmux-501/ta-t121u01b"
time=2026-08-21T23:12:28.987+08:00 level=DEBUG msg="discovery: skipping unreachable socket" socket=/tmp/tmux-501/ta-user-agents err="query tmux on /tmp/tmux-501/ta-user-agents: exit status 1: no server running on /tmp/tmux-501/ta-user-agents"
time=2026-08-21T23:12:29.105+08:00 level=WARN msg="level2: title unknown for provider" provider=grok codepoint=U+002B title="+ Agent 弹窗图标卡片重做 - grok" is_letter=false is_number=false leading_glyph=true status=unknown
time=2026-08-21T23:12:30.834+08:00 level=DEBUG msg="listing: no changes"
time=2026-08-21T23:12:31.136+08:00 level=DEBUG msg="discovery: skipping unreachable socket" socket=/tmp/tmux-501/t115d24675 err="query tmux on /tmp/tmux-501/t115d24675: exit status 1: no server running on /tmp/tmux-501/t115d24675"
time=2026-08-21T23:12:31.149+08:00 level=DEBUG msg="discovery: skipping unreachable socket" socket=/tmp/tmux-501/t115e31319 err="query tmux on /tmp/tmux-501/t115e31319: exit status 1: no server running on /tmp/tmux-501/t115e31319"
time=2026-08-21T23:12:31.160+08:00 level=DEBUG msg="discovery: skipping unreachable socket" socket=/tmp/tmux-501/t115f44898 err="query tmux on /tmp/tmux-501/t115f44898: exit status 1: no server running on /tmp/tmux-501/t115f44898"
time=2026-08-21T23:12:31.170+08:00 level=DEBUG msg="discovery: skipping unreachable socket" socket=/tmp/tmux-501/t115g47728 err="query tmux on /tmp/tmux-501/t115g47728: exit status 1: no server running on /tmp/tmux-501/t115g47728"
time=2026-08-21T23:12:31.179+08:00 level=DEBUG msg="discovery: skipping unreachable socket" socket=/tmp/tmux-501/ta-0bafa3965ade err="query tmux on /tmp/tmux-501/ta-0bafa3965ade: exit status 1: no server running on /tmp/tmux-501/ta-0bafa3965ade"
time=2026-08-21T23:12:31.221+08:00 level=DEBUG msg="discovery: skipping unreachable socket" socket=/tmp/tmux-501/ta-61709dcf801e err="query tmux on /tmp/tmux-501/ta-61709dcf801e: exit status 1: no server running on /tmp/tmux-501/ta-61709dcf801e"
time=2026-08-21T23:12:31.242+08:00 level=DEBUG msg="discovery: skipping unparsable pane line" socket=/tmp/tmux-501/ta-a9fd5b7defbd line="team-refactor-maintainability|6|%39|/Users/alauda/Documents/code/agent前沿探索/多agent协作|bash|87458|t.p9.review 零上下文设计审查已通过<|eos|> - grok|235x50|tester-t124"
time=2026-08-21T23:12:31.263+08:00 level=DEBUG msg="discovery: skipping unreachable socket" socket=/tmp/tmux-501/ta-ed81bd4d8c17 err="query tmux on /tmp/tmux-501/ta-ed81bd4d8c17: exit status 1: no server running on /tmp/tmux-501/ta-ed81bd4d8c17"
time=2026-08-21T23:12:31.272+08:00 level=DEBUG msg="discovery: skipping unreachable socket" socket=/tmp/tmux-501/ta-f1ad1b378fc7 err="query tmux on /tmp/tmux-501/ta-f1ad1b378fc7: exit status 1: no server running on /tmp/tmux-501/ta-f1ad1b378fc7"
time=2026-08-21T23:12:31.296+08:00 level=DEBUG msg="discovery: skipping unreachable socket" socket=/tmp/tmux-501/ta-t121u01 err="query tmux on /tmp/tmux-501/ta-t121u01: exit status 1: no server running on /tmp/tmux-501/ta-t121u01"
time=2026-08-21T23:12:31.305+08:00 level=DEBUG msg="discovery: skipping unreachable socket" socket=/tmp/tmux-501/ta-t121u01b err="query tmux on /tmp/tmux-501/ta-t121u01b: exit status 1: no server running on /tmp/tmux-501/ta-t121u01b"
time=2026-08-21T23:12:31.314+08:00 level=DEBUG msg="discovery: skipping unreachable socket" socket=/tmp/tmux-501/ta-user-agents err="query tmux on /tmp/tmux-501/ta-user-agents: exit status 1: no server running on /tmp/tmux-501/ta-user-agents"
time=2026-08-21T23:12:31.365+08:00 level=WARN msg="level2: title unknown for provider" provider=grok codepoint=U+002B title="+ Agent 弹窗图标卡片重做 - grok" is_letter=false is_number=false leading_glyph=true status=unknown
time=2026-08-21T23:12:31.370+08:00 level=DEBUG msg="discovery: skipping unreachable socket" socket=/tmp/tmux-501/t115d24675 err="query tmux on /tmp/tmux-501/t115d24675: exit status 1: no server running on /tmp/tmux-501/t115d24675"
time=2026-08-21T23:12:31.379+08:00 level=DEBUG msg="discovery: skipping unreachable socket" socket=/tmp/tmux-501/t115e31319 err="query tmux on /tmp/tmux-501/t115e31319: exit status 1: no server running on /tmp/tmux-501/t115e31319"
time=2026-08-21T23:12:31.393+08:00 level=DEBUG msg="discovery: skipping unreachable socket" socket=/tmp/tmux-501/t115f44898 err="query tmux on /tmp/tmux-501/t115f44898: exit status 1: no server running on /tmp/tmux-501/t115f44898"
time=2026-08-21T23:12:31.403+08:00 level=DEBUG msg="discovery: skipping unreachable socket" socket=/tmp/tmux-501/t115g47728 err="query tmux on /tmp/tmux-501/t115g47728: exit status 1: no server running on /tmp/tmux-501/t115g47728"
time=2026-08-21T23:12:31.412+08:00 level=DEBUG msg="discovery: skipping unreachable socket" socket=/tmp/tmux-501/ta-0bafa3965ade err="query tmux on /tmp/tmux-501/ta-0bafa3965ade: exit status 1: no server running on /tmp/tmux-501/ta-0bafa3965ade"
time=2026-08-21T23:12:31.451+08:00 level=DEBUG msg="discovery: skipping unreachable socket" socket=/tmp/tmux-501/ta-61709dcf801e err="query tmux on /tmp/tmux-501/ta-61709dcf801e: exit status 1: no server running on /tmp/tmux-501/ta-61709dcf801e"
time=2026-08-21T23:12:31.470+08:00 level=DEBUG msg="discovery: skipping unparsable pane line" socket=/tmp/tmux-501/ta-a9fd5b7defbd line="team-refactor-maintainability|6|%39|/Users/alauda/Documents/code/agent前沿探索/多agent协作|bash|87458|t.p9.review 零上下文设计审查已通过<|eos|> - grok|235x50|tester-t124"
time=2026-08-21T23:12:31.492+08:00 level=DEBUG msg="discovery: skipping unreachable socket" socket=/tmp/tmux-501/ta-ed81bd4d8c17 err="query tmux on /tmp/tmux-501/ta-ed81bd4d8c17: exit status 1: no server running on /tmp/tmux-501/ta-ed81bd4d8c17"
time=2026-08-21T23:12:31.501+08:00 level=DEBUG msg="discovery: skipping unreachable socket" socket=/tmp/tmux-501/ta-f1ad1b378fc7 err="query tmux on /tmp/tmux-501/ta-f1ad1b378fc7: exit status 1: no server running on /tmp/tmux-501/ta-f1ad1b378fc7"
time=2026-08-21T23:12:31.521+08:00 level=DEBUG msg="discovery: skipping unreachable socket" socket=/tmp/tmux-501/ta-t121u01 err="query tmux on /tmp/tmux-501/ta-t121u01: exit status 1: no server running on /tmp/tmux-501/ta-t121u01"
time=2026-08-21T23:12:31.530+08:00 level=DEBUG msg="discovery: skipping unreachable socket" socket=/tmp/tmux-501/ta-t121u01b err="query tmux on /tmp/tmux-501/ta-t121u01b: exit status 1: no server running on /tmp/tmux-501/ta-t121u01b"
time=2026-08-21T23:12:31.541+08:00 level=DEBUG msg="discovery: skipping unreachable socket" socket=/tmp/tmux-501/ta-user-agents err="query tmux on /tmp/tmux-501/ta-user-agents: exit status 1: no server running on /tmp/tmux-501/ta-user-agents"
time=2026-08-21T23:12:33.446+08:00 level=DEBUG msg="discovery: skipping unreachable socket" socket=/tmp/tmux-501/t115d24675 err="query tmux on /tmp/tmux-501/t115d24675: exit status 1: no server running on /tmp/tmux-501/t115d24675"
time=2026-08-21T23:12:33.458+08:00 level=DEBUG msg="discovery: skipping unreachable socket" socket=/tmp/tmux-501/t115e31319 err="query tmux on /tmp/tmux-501/t115e31319: exit status 1: no server running on /tmp/tmux-501/t115e31319"
time=2026-08-21T23:12:33.470+08:00 level=DEBUG msg="discovery: skipping unreachable socket" socket=/tmp/tmux-501/t115f44898 err="query tmux on /tmp/tmux-501/t115f44898: exit status 1: no server running on /tmp/tmux-501/t115f44898"
time=2026-08-21T23:12:33.479+08:00 level=DEBUG msg="discovery: skipping unreachable socket" socket=/tmp/tmux-501/t115g47728 err="query tmux on /tmp/tmux-501/t115g47728: exit status 1: no server running on /tmp/tmux-501/t115g47728"
time=2026-08-21T23:12:33.489+08:00 level=DEBUG msg="discovery: skipping unreachable socket" socket=/tmp/tmux-501/ta-0bafa3965ade err="query tmux on /tmp/tmux-501/ta-0bafa3965ade: exit status 1: no server running on /tmp/tmux-501/ta-0bafa3965ade"
time=2026-08-21T23:12:33.537+08:00 level=DEBUG msg="discovery: skipping unreachable socket" socket=/tmp/tmux-501/ta-61709dcf801e err="query tmux on /tmp/tmux-501/ta-61709dcf801e: exit status 1: no server running on /tmp/tmux-501/ta-61709dcf801e"
time=2026-08-21T23:12:33.558+08:00 level=DEBUG msg="discovery: skipping unparsable pane line" socket=/tmp/tmux-501/ta-a9fd5b7defbd line="team-refactor-maintainability|6|%39|/Users/alauda/Documents/code/agent前沿探索/多agent协作|bash|87458|t.p9.review 零上下文设计审查已通过<|eos|> - grok|235x50|tester-t124"
time=2026-08-21T23:12:33.582+08:00 level=DEBUG msg="discovery: skipping unreachable socket" socket=/tmp/tmux-501/ta-ed81bd4d8c17 err="query tmux on /tmp/tmux-501/ta-ed81bd4d8c17: exit status 1: no server running on /tmp/tmux-501/ta-ed81bd4d8c17"
time=2026-08-21T23:12:33.592+08:00 level=DEBUG msg="discovery: skipping unreachable socket" socket=/tmp/tmux-501/ta-f1ad1b378fc7 err="query tmux on /tmp/tmux-501/ta-f1ad1b378fc7: exit status 1: no server running on /tmp/tmux-501/ta-f1ad1b378fc7"
time=2026-08-21T23:12:33.611+08:00 level=DEBUG msg="discovery: skipping unreachable socket" socket=/tmp/tmux-501/ta-t121u01 err="query tmux on /tmp/tmux-501/ta-t121u01: exit status 1: no server running on /tmp/tmux-501/ta-t121u01"
time=2026-08-21T23:12:33.630+08:00 level=DEBUG msg="discovery: skipping unreachable socket" socket=/tmp/tmux-501/ta-t121u01b err="query tmux on /tmp/tmux-501/ta-t121u01b: exit status 1: no server running on /tmp/tmux-501/ta-t121u01b"
time=2026-08-21T23:12:33.640+08:00 level=DEBUG msg="discovery: skipping unreachable socket" socket=/tmp/tmux-501/ta-user-agents err="query tmux on /tmp/tmux-501/ta-user-agents: exit status 1: no server running on /tmp/tmux-501/ta-user-agents"
time=2026-08-21T23:12:33.771+08:00 level=WARN msg="level2: title unknown for provider" provider=grok codepoint=U+002B title="+ Agent 弹窗图标卡片重做 - grok" is_letter=false is_number=false leading_glyph=true status=unknown
time=2026-08-21T23:12:34.540+08:00 level=DEBUG msg="listing: no changes"
time=2026-08-21T23:12:35.072+08:00 level=DEBUG msg="discovery: skipping unreachable socket" socket=/tmp/tmux-501/t115d24675 err="query tmux on /tmp/tmux-501/t115d24675: exit status 1: no server running on /tmp/tmux-501/t115d24675"
time=2026-08-21T23:12:35.083+08:00 level=DEBUG msg="discovery: skipping unreachable socket" socket=/tmp/tmux-501/t115e31319 err="query tmux on /tmp/tmux-501/t115e31319: exit status 1: no server running on /tmp/tmux-501/t115e31319"
time=2026-08-21T23:12:35.094+08:00 level=DEBUG msg="discovery: skipping unreachable socket" socket=/tmp/tmux-501/t115f44898 err="query tmux on /tmp/tmux-501/t115f44898: exit status 1: no server running on /tmp/tmux-501/t115f44898"
time=2026-08-21T23:12:35.102+08:00 level=DEBUG msg="discovery: skipping unreachable socket" socket=/tmp/tmux-501/t115g47728 err="query tmux on /tmp/tmux-501/t115g47728: exit status 1: no server running on /tmp/tmux-501/t115g47728"
time=2026-08-21T23:12:35.111+08:00 level=DEBUG msg="discovery: skipping unreachable socket" socket=/tmp/tmux-501/ta-0bafa3965ade err="query tmux on /tmp/tmux-501/ta-0bafa3965ade: exit status 1: no server running on /tmp/tmux-501/ta-0bafa3965ade"
time=2026-08-21T23:12:35.148+08:00 level=DEBUG msg="discovery: skipping unreachable socket" socket=/tmp/tmux-501/ta-61709dcf801e err="query tmux on /tmp/tmux-501/ta-61709dcf801e: exit status 1: no server running on /tmp/tmux-501/ta-61709dcf801e"
time=2026-08-21T23:12:35.170+08:00 level=DEBUG msg="discovery: skipping unparsable pane line" socket=/tmp/tmux-501/ta-a9fd5b7defbd line="team-refactor-maintainability|6|%39|/Users/alauda/Documents/code/agent前沿探索/多agent协作|bash|87458|t.p9.review 零上下文设计审查已通过<|eos|> - grok|235x50|tester-t124"
time=2026-08-21T23:12:35.189+08:00 level=DEBUG msg="discovery: skipping unreachable socket" socket=/tmp/tmux-501/ta-ed81bd4d8c17 err="query tmux on /tmp/tmux-501/ta-ed81bd4d8c17: exit status 1: no server running on /tmp/tmux-501/ta-ed81bd4d8c17"
time=2026-08-21T23:12:35.199+08:00 level=DEBUG msg="discovery: skipping unreachable socket" socket=/tmp/tmux-501/ta-f1ad1b378fc7 err="query tmux on /tmp/tmux-501/ta-f1ad1b378fc7: exit status 1: no server running on /tmp/tmux-501/ta-f1ad1b378fc7"
time=2026-08-21T23:12:35.223+08:00 level=DEBUG msg="discovery: skipping unreachable socket" socket=/tmp/tmux-501/ta-t121u01 err="query tmux on /tmp/tmux-501/ta-t121u01: exit status 1: no server running on /tmp/tmux-501/ta-t121u01"
time=2026-08-21T23:12:35.233+08:00 level=DEBUG msg="discovery: skipping unreachable socket" socket=/tmp/tmux-501/ta-t121u01b err="query tmux on /tmp/tmux-501/ta-t121u01b: exit status 1: no server running on /tmp/tmux-501/ta-t121u01b"
time=2026-08-21T23:12:35.244+08:00 level=DEBUG msg="discovery: skipping unreachable socket" socket=/tmp/tmux-501/ta-user-agents err="query tmux on /tmp/tmux-501/ta-user-agents: exit status 1: no server running on /tmp/tmux-501/ta-user-agents"
time=2026-08-21T23:12:35.805+08:00 level=DEBUG msg="discovery: skipping unreachable socket" socket=/tmp/tmux-501/t115d24675 err="query tmux on /tmp/tmux-501/t115d24675: exit status 1: no server running on /tmp/tmux-501/t115d24675"
time=2026-08-21T23:12:35.816+08:00 level=DEBUG msg="discovery: skipping unreachable socket" socket=/tmp/tmux-501/t115e31319 err="query tmux on /tmp/tmux-501/t115e31319: exit status 1: no server running on /tmp/tmux-501/t115e31319"
time=2026-08-21T23:12:35.829+08:00 level=DEBUG msg="discovery: skipping unreachable socket" socket=/tmp/tmux-501/t115f44898 err="query tmux on /tmp/tmux-501/t115f44898: exit status 1: no server running on /tmp/tmux-501/t115f44898"
time=2026-08-21T23:12:35.839+08:00 level=DEBUG msg="discovery: skipping unreachable socket" socket=/tmp/tmux-501/t115g47728 err="query tmux on /tmp/tmux-501/t115g47728: exit status 1: no server running on /tmp/tmux-501/t115g47728"
time=2026-08-21T23:12:35.848+08:00 level=DEBUG msg="discovery: skipping unreachable socket" socket=/tmp/tmux-501/ta-0bafa3965ade err="query tmux on /tmp/tmux-501/ta-0bafa3965ade: exit status 1: no server running on /tmp/tmux-501/ta-0bafa3965ade"
time=2026-08-21T23:12:35.890+08:00 level=DEBUG msg="discovery: skipping unreachable socket" socket=/tmp/tmux-501/ta-61709dcf801e err="query tmux on /tmp/tmux-501/ta-61709dcf801e: exit status 1: no server running on /tmp/tmux-501/ta-61709dcf801e"
time=2026-08-21T23:12:35.911+08:00 level=DEBUG msg="discovery: skipping unparsable pane line" socket=/tmp/tmux-501/ta-a9fd5b7defbd line="team-refactor-maintainability|6|%39|/Users/alauda/Documents/code/agent前沿探索/多agent协作|bash|87458|t.p9.review 零上下文设计审查已通过<|eos|> - grok|235x50|tester-t124"
time=2026-08-21T23:12:35.932+08:00 level=DEBUG msg="discovery: skipping unreachable socket" socket=/tmp/tmux-501/ta-ed81bd4d8c17 err="query tmux on /tmp/tmux-501/ta-ed81bd4d8c17: exit status 1: no server running on /tmp/tmux-501/ta-ed81bd4d8c17"
time=2026-08-21T23:12:35.941+08:00 level=DEBUG msg="discovery: skipping unreachable socket" socket=/tmp/tmux-501/ta-f1ad1b378fc7 err="query tmux on /tmp/tmux-501/ta-f1ad1b378fc7: exit status 1: no server running on /tmp/tmux-501/ta-f1ad1b378fc7"
time=2026-08-21T23:12:35.959+08:00 level=DEBUG msg="discovery: skipping unreachable socket" socket=/tmp/tmux-501/ta-t121u01 err="query tmux on /tmp/tmux-501/ta-t121u01: exit status 1: no server running on /tmp/tmux-501/ta-t121u01"
time=2026-08-21T23:12:35.969+08:00 level=DEBUG msg="discovery: skipping unreachable socket" socket=/tmp/tmux-501/ta-t121u01b err="query tmux on /tmp/tmux-501/ta-t121u01b: exit status 1: no server running on /tmp/tmux-501/ta-t121u01b"
time=2026-08-21T23:12:35.979+08:00 level=DEBUG msg="discovery: skipping unreachable socket" socket=/tmp/tmux-501/ta-user-agents err="query tmux on /tmp/tmux-501/ta-user-agents: exit status 1: no server running on /tmp/tmux-501/ta-user-agents"
time=2026-08-21T23:12:36.109+08:00 level=WARN msg="level2: title unknown for provider" provider=grok codepoint=U+002B title="+ Agent 弹窗图标卡片重做 - grok" is_letter=false is_number=false leading_glyph=true status=unknown
time=2026-08-21T23:12:38.129+08:00 level=DEBUG msg="listing: no changes"
time=2026-08-21T23:12:38.139+08:00 level=DEBUG msg="discovery: skipping unreachable socket" socket=/tmp/tmux-501/t115d24675 err="query tmux on /tmp/tmux-501/t115d24675: exit status 1: no server running on /tmp/tmux-501/t115d24675"
time=2026-08-21T23:12:38.148+08:00 level=DEBUG msg="discovery: skipping unreachable socket" socket=/tmp/tmux-501/t115e31319 err="query tmux on /tmp/tmux-501/t115e31319: exit status 1: no server running on /tmp/tmux-501/t115e31319"
time=2026-08-21T23:12:38.156+08:00 level=DEBUG msg="discovery: skipping unreachable socket" socket=/tmp/tmux-501/t115f44898 err="query tmux on /tmp/tmux-501/t115f44898: exit status 1: no server running on /tmp/tmux-501/t115f44898"
time=2026-08-21T23:12:38.164+08:00 level=DEBUG msg="discovery: skipping unreachable socket" socket=/tmp/tmux-501/t115g47728 err="query tmux on /tmp/tmux-501/t115g47728: exit status 1: no server running on /tmp/tmux-501/t115g47728"
time=2026-08-21T23:12:38.173+08:00 level=DEBUG msg="discovery: skipping unreachable socket" socket=/tmp/tmux-501/ta-0bafa3965ade err="query tmux on /tmp/tmux-501/ta-0bafa3965ade: exit status 1: no server running on /tmp/tmux-501/ta-0bafa3965ade"
time=2026-08-21T23:12:38.206+08:00 level=DEBUG msg="discovery: skipping unreachable socket" socket=/tmp/tmux-501/ta-61709dcf801e err="query tmux on /tmp/tmux-501/ta-61709dcf801e: exit status 1: no server running on /tmp/tmux-501/ta-61709dcf801e"
time=2026-08-21T23:12:38.225+08:00 level=DEBUG msg="discovery: skipping unparsable pane line" socket=/tmp/tmux-501/ta-a9fd5b7defbd line="team-refactor-maintainability|6|%39|/Users/alauda/Documents/code/agent前沿探索/多agent协作|bash|87458|t.p9.review 零上下文设计审查已通过<|eos|> - grok|235x50|tester-t124"
time=2026-08-21T23:12:38.243+08:00 level=DEBUG msg="discovery: skipping unreachable socket" socket=/tmp/tmux-501/ta-ed81bd4d8c17 err="query tmux on /tmp/tmux-501/ta-ed81bd4d8c17: exit status 1: no server running on /tmp/tmux-501/ta-ed81bd4d8c17"
time=2026-08-21T23:12:38.252+08:00 level=DEBUG msg="discovery: skipping unreachable socket" socket=/tmp/tmux-501/ta-f1ad1b378fc7 err="query tmux on /tmp/tmux-501/ta-f1ad1b378fc7: exit status 1: no server running on /tmp/tmux-501/ta-f1ad1b378fc7"
time=2026-08-21T23:12:38.271+08:00 level=DEBUG msg="discovery: skipping unreachable socket" socket=/tmp/tmux-501/ta-t121u01 err="query tmux on /tmp/tmux-501/ta-t121u01: exit status 1: no server running on /tmp/tmux-501/ta-t121u01"
time=2026-08-21T23:12:38.279+08:00 level=DEBUG msg="discovery: skipping unreachable socket" socket=/tmp/tmux-501/ta-t121u01b err="query tmux on /tmp/tmux-501/ta-t121u01b: exit status 1: no server running on /tmp/tmux-501/ta-t121u01b"
time=2026-08-21T23:12:38.288+08:00 level=DEBUG msg="discovery: skipping unreachable socket" socket=/tmp/tmux-501/ta-user-agents err="query tmux on /tmp/tmux-501/ta-user-agents: exit status 1: no server running on /tmp/tmux-501/ta-user-agents"
time=2026-08-21T23:12:38.333+08:00 level=WARN msg="level2: title unknown for provider" provider=grok codepoint=U+002B title="+ Agent 弹窗图标卡片重做 - grok" is_letter=false is_number=false leading_glyph=true status=unknown
time=2026-08-21T23:12:38.678+08:00 level=DEBUG msg="discovery: skipping unreachable socket" socket=/tmp/tmux-501/t115d24675 err="query tmux on /tmp/tmux-501/t115d24675: exit status 1: no server running on /tmp/tmux-501/t115d24675"
time=2026-08-21T23:12:38.689+08:00 level=DEBUG msg="discovery: skipping unreachable socket" socket=/tmp/tmux-501/t115e31319 err="query tmux on /tmp/tmux-501/t115e31319: exit status 1: no server running on /tmp/tmux-501/t115e31319"
time=2026-08-21T23:12:38.699+08:00 level=DEBUG msg="discovery: skipping unreachable socket" socket=/tmp/tmux-501/t115f44898 err="query tmux on /tmp/tmux-501/t115f44898: exit status 1: no server running on /tmp/tmux-501/t115f44898"
time=2026-08-21T23:12:38.709+08:00 level=DEBUG msg="discovery: skipping unreachable socket" socket=/tmp/tmux-501/t115g47728 err="query tmux on /tmp/tmux-501/t115g47728: exit status 1: no server running on /tmp/tmux-501/t115g47728"
time=2026-08-21T23:12:38.719+08:00 level=DEBUG msg="discovery: skipping unreachable socket" socket=/tmp/tmux-501/ta-0bafa3965ade err="query tmux on /tmp/tmux-501/ta-0bafa3965ade: exit status 1: no server running on /tmp/tmux-501/ta-0bafa3965ade"
time=2026-08-21T23:12:38.757+08:00 level=DEBUG msg="discovery: skipping unreachable socket" socket=/tmp/tmux-501/ta-61709dcf801e err="query tmux on /tmp/tmux-501/ta-61709dcf801e: exit status 1: no server running on /tmp/tmux-501/ta-61709dcf801e"
time=2026-08-21T23:12:38.779+08:00 level=DEBUG msg="discovery: skipping unparsable pane line" socket=/tmp/tmux-501/ta-a9fd5b7defbd line="team-refactor-maintainability|6|%39|/Users/alauda/Documents/code/agent前沿探索/多agent协作|bash|87458|t.p9.review 零上下文设计审查已通过<|eos|> - grok|235x50|tester-t124"
time=2026-08-21T23:12:38.798+08:00 level=DEBUG msg="discovery: skipping unreachable socket" socket=/tmp/tmux-501/ta-ed81bd4d8c17 err="query tmux on /tmp/tmux-501/ta-ed81bd4d8c17: exit status 1: no server running on /tmp/tmux-501/ta-ed81bd4d8c17"
time=2026-08-21T23:12:38.807+08:00 level=DEBUG msg="discovery: skipping unreachable socket" socket=/tmp/tmux-501/ta-f1ad1b378fc7 err="query tmux on /tmp/tmux-501/ta-f1ad1b378fc7: exit status 1: no server running on /tmp/tmux-501/ta-f1ad1b378fc7"
time=2026-08-21T23:12:38.831+08:00 level=DEBUG msg="discovery: skipping unreachable socket" socket=/tmp/tmux-501/ta-t121u01 err="query tmux on /tmp/tmux-501/ta-t121u01: exit status 1: no server running on /tmp/tmux-501/ta-t121u01"
time=2026-08-21T23:12:38.840+08:00 level=DEBUG msg="discovery: skipping unreachable socket" socket=/tmp/tmux-501/ta-t121u01b err="query tmux on /tmp/tmux-501/ta-t121u01b: exit status 1: no server running on /tmp/tmux-501/ta-t121u01b"
time=2026-08-21T23:12:38.849+08:00 level=DEBUG msg="discovery: skipping unreachable socket" socket=/tmp/tmux-501/ta-user-agents err="query tmux on /tmp/tmux-501/ta-user-agents: exit status 1: no server running on /tmp/tmux-501/ta-user-agents"
time=2026-08-21T23:12:40.369+08:00 level=DEBUG msg="discovery: skipping unreachable socket" socket=/tmp/tmux-501/t115d24675 err="query tmux on /tmp/tmux-501/t115d24675: exit status 1: no server running on /tmp/tmux-501/t115d24675"
time=2026-08-21T23:12:40.379+08:00 level=DEBUG msg="discovery: skipping unreachable socket" socket=/tmp/tmux-501/t115e31319 err="query tmux on /tmp/tmux-501/t115e31319: exit status 1: no server running on /tmp/tmux-501/t115e31319"
time=2026-08-21T23:12:40.389+08:00 level=DEBUG msg="discovery: skipping unreachable socket" socket=/tmp/tmux-501/t115f44898 err="query tmux on /tmp/tmux-501/t115f44898: exit status 1: no server running on /tmp/tmux-501/t115f44898"
time=2026-08-21T23:12:40.399+08:00 level=DEBUG msg="discovery: skipping unreachable socket" socket=/tmp/tmux-501/t115g47728 err="query tmux on /tmp/tmux-501/t115g47728: exit status 1: no server running on /tmp/tmux-501/t115g47728"
time=2026-08-21T23:12:40.408+08:00 level=DEBUG msg="discovery: skipping unreachable socket" socket=/tmp/tmux-501/ta-0bafa3965ade err="query tmux on /tmp/tmux-501/ta-0bafa3965ade: exit status 1: no server running on /tmp/tmux-501/ta-0bafa3965ade"
time=2026-08-21T23:12:40.448+08:00 level=DEBUG msg="discovery: skipping unreachable socket" socket=/tmp/tmux-501/ta-61709dcf801e err="query tmux on /tmp/tmux-501/ta-61709dcf801e: exit status 1: no server running on /tmp/tmux-501/ta-61709dcf801e"
time=2026-08-21T23:12:40.476+08:00 level=DEBUG msg="discovery: skipping unparsable pane line" socket=/tmp/tmux-501/ta-a9fd5b7defbd line="team-refactor-maintainability|6|%39|/Users/alauda/Documents/code/agent前沿探索/多agent协作|bash|87458|t.p9.review 零上下文设计审查已通过<|eos|> - grok|235x50|tester-t124"
time=2026-08-21T23:12:40.496+08:00 level=DEBUG msg="discovery: skipping unreachable socket" socket=/tmp/tmux-501/ta-ed81bd4d8c17 err="query tmux on /tmp/tmux-501/ta-ed81bd4d8c17: exit status 1: no server running on /tmp/tmux-501/ta-ed81bd4d8c17"
time=2026-08-21T23:12:40.505+08:00 level=DEBUG msg="discovery: skipping unreachable socket" socket=/tmp/tmux-501/ta-f1ad1b378fc7 err="query tmux on /tmp/tmux-501/ta-f1ad1b378fc7: exit status 1: no server running on /tmp/tmux-501/ta-f1ad1b378fc7"
time=2026-08-21T23:12:40.527+08:00 level=DEBUG msg="discovery: skipping unreachable socket" socket=/tmp/tmux-501/ta-t121u01 err="query tmux on /tmp/tmux-501/ta-t121u01: exit status 1: no server running on /tmp/tmux-501/ta-t121u01"
time=2026-08-21T23:12:40.536+08:00 level=DEBUG msg="discovery: skipping unreachable socket" socket=/tmp/tmux-501/ta-t121u01b err="query tmux on /tmp/tmux-501/ta-t121u01b: exit status 1: no server running on /tmp/tmux-501/ta-t121u01b"
time=2026-08-21T23:12:40.545+08:00 level=DEBUG msg="discovery: skipping unreachable socket" socket=/tmp/tmux-501/ta-user-agents err="query tmux on /tmp/tmux-501/ta-user-agents: exit status 1: no server running on /tmp/tmux-501/ta-user-agents"
time=2026-08-21T23:12:40.654+08:00 level=WARN msg="level2: title unknown for provider" provider=grok codepoint=U+002B title="+ Agent 弹窗图标卡片重做 - grok" is_letter=false is_number=false leading_glyph=true status=unknown
time=2026-08-21T23:12:41.593+08:00 level=DEBUG msg="listing: no changes"
time=2026-08-21T23:12:42.125+08:00 level=DEBUG msg="discovery: skipping unreachable socket" socket=/tmp/tmux-501/t115d24675 err="query tmux on /tmp/tmux-501/t115d24675: exit status 1: no server running on /tmp/tmux-501/t115d24675"
time=2026-08-21T23:12:42.135+08:00 level=DEBUG msg="discovery: skipping unreachable socket" socket=/tmp/tmux-501/t115e31319 err="query tmux on /tmp/tmux-501/t115e31319: exit status 1: no server running on /tmp/tmux-501/t115e31319"
time=2026-08-21T23:12:42.148+08:00 level=DEBUG msg="discovery: skipping unreachable socket" socket=/tmp/tmux-501/t115f44898 err="query tmux on /tmp/tmux-501/t115f44898: exit status 1: no server running on /tmp/tmux-501/t115f44898"
time=2026-08-21T23:12:42.158+08:00 level=DEBUG msg="discovery: skipping unreachable socket" socket=/tmp/tmux-501/t115g47728 err="query tmux on /tmp/tmux-501/t115g47728: exit status 1: no server running on /tmp/tmux-501/t115g47728"
time=2026-08-21T23:12:42.167+08:00 level=DEBUG msg="discovery: skipping unreachable socket" socket=/tmp/tmux-501/ta-0bafa3965ade err="query tmux on /tmp/tmux-501/ta-0bafa3965ade: exit status 1: no server running on /tmp/tmux-501/ta-0bafa3965ade"
time=2026-08-21T23:12:42.207+08:00 level=DEBUG msg="discovery: skipping unreachable socket" socket=/tmp/tmux-501/ta-61709dcf801e err="query tmux on /tmp/tmux-501/ta-61709dcf801e: exit status 1: no server running on /tmp/tmux-501/ta-61709dcf801e"
time=2026-08-21T23:12:42.227+08:00 level=DEBUG msg="discovery: skipping unparsable pane line" socket=/tmp/tmux-501/ta-a9fd5b7defbd line="team-refactor-maintainability|6|%39|/Users/alauda/Documents/code/agent前沿探索/多agent协作|bash|87458|t.p9.review 零上下文设计审查已通过<|eos|> - grok|235x50|tester-t124"
time=2026-08-21T23:12:42.246+08:00 level=DEBUG msg="discovery: skipping unreachable socket" socket=/tmp/tmux-501/ta-ed81bd4d8c17 err="query tmux on /tmp/tmux-501/ta-ed81bd4d8c17: exit status 1: no server running on /tmp/tmux-501/ta-ed81bd4d8c17"
time=2026-08-21T23:12:42.255+08:00 level=DEBUG msg="discovery: skipping unreachable socket" socket=/tmp/tmux-501/ta-f1ad1b378fc7 err="query tmux on /tmp/tmux-501/ta-f1ad1b378fc7: exit status 1: no server running on /tmp/tmux-501/ta-f1ad1b378fc7"
time=2026-08-21T23:12:42.276+08:00 level=DEBUG msg="discovery: skipping unreachable socket" socket=/tmp/tmux-501/ta-t121u01 err="query tmux on /tmp/tmux-501/ta-t121u01: exit status 1: no server running on /tmp/tmux-501/ta-t121u01"
time=2026-08-21T23:12:42.285+08:00 level=DEBUG msg="discovery: skipping unreachable socket" socket=/tmp/tmux-501/ta-t121u01b err="query tmux on /tmp/tmux-501/ta-t121u01b: exit status 1: no server running on /tmp/tmux-501/ta-t121u01b"
time=2026-08-21T23:12:42.294+08:00 level=DEBUG msg="discovery: skipping unreachable socket" socket=/tmp/tmux-501/ta-user-agents err="query tmux on /tmp/tmux-501/ta-user-agents: exit status 1: no server running on /tmp/tmux-501/ta-user-agents"
time=2026-08-21T23:12:42.685+08:00 level=DEBUG msg="discovery: skipping unreachable socket" socket=/tmp/tmux-501/t115d24675 err="query tmux on /tmp/tmux-501/t115d24675: exit status 1: no server running on /tmp/tmux-501/t115d24675"
time=2026-08-21T23:12:42.694+08:00 level=DEBUG msg="discovery: skipping unreachable socket" socket=/tmp/tmux-501/t115e31319 err="query tmux on /tmp/tmux-501/t115e31319: exit status 1: no server running on /tmp/tmux-501/t115e31319"
time=2026-08-21T23:12:42.703+08:00 level=DEBUG msg="discovery: skipping unreachable socket" socket=/tmp/tmux-501/t115f44898 err="query tmux on /tmp/tmux-501/t115f44898: exit status 1: no server running on /tmp/tmux-501/t115f44898"
time=2026-08-21T23:12:42.711+08:00 level=DEBUG msg="discovery: skipping unreachable socket" socket=/tmp/tmux-501/t115g47728 err="query tmux on /tmp/tmux-501/t115g47728: exit status 1: no server running on /tmp/tmux-501/t115g47728"
time=2026-08-21T23:12:42.723+08:00 level=DEBUG msg="discovery: skipping unreachable socket" socket=/tmp/tmux-501/ta-0bafa3965ade err="query tmux on /tmp/tmux-501/ta-0bafa3965ade: exit status 1: no server running on /tmp/tmux-501/ta-0bafa3965ade"
time=2026-08-21T23:12:42.760+08:00 level=DEBUG msg="discovery: skipping unreachable socket" socket=/tmp/tmux-501/ta-61709dcf801e err="query tmux on /tmp/tmux-501/ta-61709dcf801e: exit status 1: no server running on /tmp/tmux-501/ta-61709dcf801e"
time=2026-08-21T23:12:42.783+08:00 level=DEBUG msg="discovery: skipping unparsable pane line" socket=/tmp/tmux-501/ta-a9fd5b7defbd line="team-refactor-maintainability|6|%39|/Users/alauda/Documents/code/agent前沿探索/多agent协作|bash|87458|t.p9.review 零上下文设计审查已通过<|eos|> - grok|235x50|tester-t124"
time=2026-08-21T23:12:42.870+08:00 level=DEBUG msg="discovery: skipping unreachable socket" socket=/tmp/tmux-501/ta-ed81bd4d8c17 err="query tmux on /tmp/tmux-501/ta-ed81bd4d8c17: exit status 1: no server running on /tmp/tmux-501/ta-ed81bd4d8c17"
time=2026-08-21T23:12:42.917+08:00 level=DEBUG msg="discovery: skipping unreachable socket" socket=/tmp/tmux-501/ta-f1ad1b378fc7 err="query tmux on /tmp/tmux-501/ta-f1ad1b378fc7: exit status 1: no server running on /tmp/tmux-501/ta-f1ad1b378fc7"
time=2026-08-21T23:12:42.944+08:00 level=DEBUG msg="discovery: skipping unreachable socket" socket=/tmp/tmux-501/ta-t121u01 err="query tmux on /tmp/tmux-501/ta-t121u01: exit status 1: no server running on /tmp/tmux-501/ta-t121u01"
time=2026-08-21T23:12:42.953+08:00 level=DEBUG msg="discovery: skipping unreachable socket" socket=/tmp/tmux-501/ta-t121u01b err="query tmux on /tmp/tmux-501/ta-t121u01b: exit status 1: no server running on /tmp/tmux-501/ta-t121u01b"
time=2026-08-21T23:12:42.962+08:00 level=DEBUG msg="discovery: skipping unreachable socket" socket=/tmp/tmux-501/ta-user-agents err="query tmux on /tmp/tmux-501/ta-user-agents: exit status 1: no server running on /tmp/tmux-501/ta-user-agents"
time=2026-08-21T23:12:43.060+08:00 level=WARN msg="level2: title unknown for provider" provider=grok codepoint=U+002B title="+ Agent 弹窗图标卡片重做 - grok" is_letter=false is_number=false leading_glyph=true status=unknown
time=2026-08-21T23:12:45.092+08:00 level=DEBUG msg="discovery: skipping unreachable socket" socket=/tmp/tmux-501/t115d24675 err="query tmux on /tmp/tmux-501/t115d24675: exit status 1: no server running on /tmp/tmux-501/t115d24675"
time=2026-08-21T23:12:45.099+08:00 level=DEBUG msg="listing: no changes"
time=2026-08-21T23:12:45.101+08:00 level=DEBUG msg="discovery: skipping unreachable socket" socket=/tmp/tmux-501/t115e31319 err="query tmux on /tmp/tmux-501/t115e31319: exit status 1: no server running on /tmp/tmux-501/t115e31319"
time=2026-08-21T23:12:45.111+08:00 level=DEBUG msg="discovery: skipping unreachable socket" socket=/tmp/tmux-501/t115f44898 err="query tmux on /tmp/tmux-501/t115f44898: exit status 1: no server running on /tmp/tmux-501/t115f44898"
time=2026-08-21T23:12:45.120+08:00 level=DEBUG msg="discovery: skipping unreachable socket" socket=/tmp/tmux-501/t115g47728 err="query tmux on /tmp/tmux-501/t115g47728: exit status 1: no server running on /tmp/tmux-501/t115g47728"
time=2026-08-21T23:12:45.128+08:00 level=DEBUG msg="discovery: skipping unreachable socket" socket=/tmp/tmux-501/ta-0bafa3965ade err="query tmux on /tmp/tmux-501/ta-0bafa3965ade: exit status 1: no server running on /tmp/tmux-501/ta-0bafa3965ade"
time=2026-08-21T23:12:45.167+08:00 level=DEBUG msg="discovery: skipping unreachable socket" socket=/tmp/tmux-501/ta-61709dcf801e err="query tmux on /tmp/tmux-501/ta-61709dcf801e: exit status 1: no server running on /tmp/tmux-501/ta-61709dcf801e"
time=2026-08-21T23:12:45.185+08:00 level=DEBUG msg="discovery: skipping unparsable pane line" socket=/tmp/tmux-501/ta-a9fd5b7defbd line="team-refactor-maintainability|6|%39|/Users/alauda/Documents/code/agent前沿探索/多agent协作|bash|87458|t.p9.review 零上下文设计审查已通过<|eos|> - grok|235x50|tester-t124"
time=2026-08-21T23:12:45.204+08:00 level=DEBUG msg="discovery: skipping unreachable socket" socket=/tmp/tmux-501/ta-ed81bd4d8c17 err="query tmux on /tmp/tmux-501/ta-ed81bd4d8c17: exit status 1: no server running on /tmp/tmux-501/ta-ed81bd4d8c17"
time=2026-08-21T23:12:45.212+08:00 level=DEBUG msg="discovery: skipping unreachable socket" socket=/tmp/tmux-501/ta-f1ad1b378fc7 err="query tmux on /tmp/tmux-501/ta-f1ad1b378fc7: exit status 1: no server running on /tmp/tmux-501/ta-f1ad1b378fc7"
time=2026-08-21T23:12:45.229+08:00 level=DEBUG msg="discovery: skipping unreachable socket" socket=/tmp/tmux-501/ta-t121u01 err="query tmux on /tmp/tmux-501/ta-t121u01: exit status 1: no server running on /tmp/tmux-501/ta-t121u01"
time=2026-08-21T23:12:45.238+08:00 level=DEBUG msg="discovery: skipping unreachable socket" socket=/tmp/tmux-501/ta-t121u01b err="query tmux on /tmp/tmux-501/ta-t121u01b: exit status 1: no server running on /tmp/tmux-501/ta-t121u01b"
time=2026-08-21T23:12:45.247+08:00 level=DEBUG msg="discovery: skipping unreachable socket" socket=/tmp/tmux-501/ta-user-agents err="query tmux on /tmp/tmux-501/ta-user-agents: exit status 1: no server running on /tmp/tmux-501/ta-user-agents"
time=2026-08-21T23:12:45.291+08:00 level=WARN msg="level2: title unknown for provider" provider=grok codepoint=U+002B title="+ Agent 弹窗图标卡片重做 - grok" is_letter=false is_number=false leading_glyph=true status=unknown
time=2026-08-21T23:12:45.628+08:00 level=DEBUG msg="discovery: skipping unreachable socket" socket=/tmp/tmux-501/t115d24675 err="query tmux on /tmp/tmux-501/t115d24675: exit status 1: no server running on /tmp/tmux-501/t115d24675"
time=2026-08-21T23:12:45.637+08:00 level=DEBUG msg="discovery: skipping unreachable socket" socket=/tmp/tmux-501/t115e31319 err="query tmux on /tmp/tmux-501/t115e31319: exit status 1: no server running on /tmp/tmux-501/t115e31319"
time=2026-08-21T23:12:45.646+08:00 level=DEBUG msg="discovery: skipping unreachable socket" socket=/tmp/tmux-501/t115f44898 err="query tmux on /tmp/tmux-501/t115f44898: exit status 1: no server running on /tmp/tmux-501/t115f44898"
time=2026-08-21T23:12:45.655+08:00 level=DEBUG msg="discovery: skipping unreachable socket" socket=/tmp/tmux-501/t115g47728 err="query tmux on /tmp/tmux-501/t115g47728: exit status 1: no server running on /tmp/tmux-501/t115g47728"
time=2026-08-21T23:12:45.663+08:00 level=DEBUG msg="discovery: skipping unreachable socket" socket=/tmp/tmux-501/ta-0bafa3965ade err="query tmux on /tmp/tmux-501/ta-0bafa3965ade: exit status 1: no server running on /tmp/tmux-501/ta-0bafa3965ade"
time=2026-08-21T23:12:45.701+08:00 level=DEBUG msg="discovery: skipping unreachable socket" socket=/tmp/tmux-501/ta-61709dcf801e err="query tmux on /tmp/tmux-501/ta-61709dcf801e: exit status 1: no server running on /tmp/tmux-501/ta-61709dcf801e"
time=2026-08-21T23:12:45.722+08:00 level=DEBUG msg="discovery: skipping unparsable pane line" socket=/tmp/tmux-501/ta-a9fd5b7defbd line="team-refactor-maintainability|6|%39|/Users/alauda/Documents/code/agent前沿探索/多agent协作|bash|87458|t.p9.review 零上下文设计审查已通过<|eos|> - grok|235x50|tester-t124"
time=2026-08-21T23:12:45.741+08:00 level=DEBUG msg="discovery: skipping unreachable socket" socket=/tmp/tmux-501/ta-ed81bd4d8c17 err="query tmux on /tmp/tmux-501/ta-ed81bd4d8c17: exit status 1: no server running on /tmp/tmux-501/ta-ed81bd4d8c17"
time=2026-08-21T23:12:45.750+08:00 level=DEBUG msg="discovery: skipping unreachable socket" socket=/tmp/tmux-501/ta-f1ad1b378fc7 err="query tmux on /tmp/tmux-501/ta-f1ad1b378fc7: exit status 1: no server running on /tmp/tmux-501/ta-f1ad1b378fc7"
time=2026-08-21T23:12:45.767+08:00 level=DEBUG msg="discovery: skipping unreachable socket" socket=/tmp/tmux-501/ta-t121u01 err="query tmux on /tmp/tmux-501/ta-t121u01: exit status 1: no server running on /tmp/tmux-501/ta-t121u01"
time=2026-08-21T23:12:45.775+08:00 level=DEBUG msg="discovery: skipping unreachable socket" socket=/tmp/tmux-501/ta-t121u01b err="query tmux on /tmp/tmux-501/ta-t121u01b: exit status 1: no server running on /tmp/tmux-501/ta-t121u01b"
time=2026-08-21T23:12:45.783+08:00 level=DEBUG msg="discovery: skipping unreachable socket" socket=/tmp/tmux-501/ta-user-agents err="query tmux on /tmp/tmux-501/ta-user-agents: exit status 1: no server running on /tmp/tmux-501/ta-user-agents"
time=2026-08-21T23:12:47.372+08:00 level=DEBUG msg="discovery: skipping unreachable socket" socket=/tmp/tmux-501/t115d24675 err="query tmux on /tmp/tmux-501/t115d24675: exit status 1: no server running on /tmp/tmux-501/t115d24675"
time=2026-08-21T23:12:47.474+08:00 level=DEBUG msg="discovery: skipping unreachable socket" socket=/tmp/tmux-501/t115e31319 err="query tmux on /tmp/tmux-501/t115e31319: exit status 1: no server running on /tmp/tmux-501/t115e31319"
time=2026-08-21T23:12:47.496+08:00 level=DEBUG msg="discovery: skipping unreachable socket" socket=/tmp/tmux-501/t115f44898 err="query tmux on /tmp/tmux-501/t115f44898: exit status 1: no server running on /tmp/tmux-501/t115f44898"
time=2026-08-21T23:12:47.506+08:00 level=DEBUG msg="discovery: skipping unreachable socket" socket=/tmp/tmux-501/t115g47728 err="query tmux on /tmp/tmux-501/t115g47728: exit status 1: no server running on /tmp/tmux-501/t115g47728"
time=2026-08-21T23:12:47.515+08:00 level=DEBUG msg="discovery: skipping unreachable socket" socket=/tmp/tmux-501/ta-0bafa3965ade err="query tmux on /tmp/tmux-501/ta-0bafa3965ade: exit status 1: no server running on /tmp/tmux-501/ta-0bafa3965ade"
time=2026-08-21T23:12:47.561+08:00 level=DEBUG msg="discovery: skipping unreachable socket" socket=/tmp/tmux-501/ta-61709dcf801e err="query tmux on /tmp/tmux-501/ta-61709dcf801e: exit status 1: no server running on /tmp/tmux-501/ta-61709dcf801e"
time=2026-08-21T23:12:47.584+08:00 level=DEBUG msg="discovery: skipping unparsable pane line" socket=/tmp/tmux-501/ta-a9fd5b7defbd line="team-refactor-maintainability|6|%39|/Users/alauda/Documents/code/agent前沿探索/多agent协作|bash|87458|t.p9.review 零上下文设计审查已通过<|eos|> - grok|235x50|tester-t124"
time=2026-08-21T23:12:47.604+08:00 level=DEBUG msg="discovery: skipping unreachable socket" socket=/tmp/tmux-501/ta-ed81bd4d8c17 err="query tmux on /tmp/tmux-501/ta-ed81bd4d8c17: exit status 1: no server running on /tmp/tmux-501/ta-ed81bd4d8c17"
time=2026-08-21T23:12:47.613+08:00 level=DEBUG msg="discovery: skipping unreachable socket" socket=/tmp/tmux-501/ta-f1ad1b378fc7 err="query tmux on /tmp/tmux-501/ta-f1ad1b378fc7: exit status 1: no server running on /tmp/tmux-501/ta-f1ad1b378fc7"
time=2026-08-21T23:12:47.633+08:00 level=DEBUG msg="discovery: skipping unreachable socket" socket=/tmp/tmux-501/ta-t121u01 err="query tmux on /tmp/tmux-501/ta-t121u01: exit status 1: no server running on /tmp/tmux-501/ta-t121u01"
time=2026-08-21T23:12:47.643+08:00 level=DEBUG msg="discovery: skipping unreachable socket" socket=/tmp/tmux-501/ta-t121u01b err="query tmux on /tmp/tmux-501/ta-t121u01b: exit status 1: no server running on /tmp/tmux-501/ta-t121u01b"
time=2026-08-21T23:12:47.652+08:00 level=DEBUG msg="discovery: skipping unreachable socket" socket=/tmp/tmux-501/ta-user-agents err="query tmux on /tmp/tmux-501/ta-user-agents: exit status 1: no server running on /tmp/tmux-501/ta-user-agents"
time=2026-08-21T23:12:47.767+08:00 level=WARN msg="level2: title unknown for provider" provider=grok codepoint=U+002B title="+ Agent 弹窗图标卡片重做 - grok" is_letter=false is_number=false leading_glyph=true status=unknown
time=2026-08-21T23:12:48.621+08:00 level=DEBUG msg="listing: no changes"
time=2026-08-21T23:12:49.152+08:00 level=DEBUG msg="discovery: skipping unreachable socket" socket=/tmp/tmux-501/t115d24675 err="query tmux on /tmp/tmux-501/t115d24675: exit status 1: no server running on /tmp/tmux-501/t115d24675"
time=2026-08-21T23:12:49.163+08:00 level=DEBUG msg="discovery: skipping unreachable socket" socket=/tmp/tmux-501/t115e31319 err="query tmux on /tmp/tmux-501/t115e31319: exit status 1: no server running on /tmp/tmux-501/t115e31319"
time=2026-08-21T23:12:49.172+08:00 level=DEBUG msg="discovery: skipping unreachable socket" socket=/tmp/tmux-501/t115f44898 err="query tmux on /tmp/tmux-501/t115f44898: exit status 1: no server running on /tmp/tmux-501/t115f44898"
time=2026-08-21T23:12:49.180+08:00 level=DEBUG msg="discovery: skipping unreachable socket" socket=/tmp/tmux-501/t115g47728 err="query tmux on /tmp/tmux-501/t115g47728: exit status 1: no server running on /tmp/tmux-501/t115g47728"
time=2026-08-21T23:12:49.188+08:00 level=DEBUG msg="discovery: skipping unreachable socket" socket=/tmp/tmux-501/ta-0bafa3965ade err="query tmux on /tmp/tmux-501/ta-0bafa3965ade: exit status 1: no server running on /tmp/tmux-501/ta-0bafa3965ade"
time=2026-08-21T23:12:49.224+08:00 level=DEBUG msg="discovery: skipping unreachable socket" socket=/tmp/tmux-501/ta-61709dcf801e err="query tmux on /tmp/tmux-501/ta-61709dcf801e: exit status 1: no server running on /tmp/tmux-501/ta-61709dcf801e"
time=2026-08-21T23:12:49.243+08:00 level=DEBUG msg="discovery: skipping unparsable pane line" socket=/tmp/tmux-501/ta-a9fd5b7defbd line="team-refactor-maintainability|6|%39|/Users/alauda/Documents/code/agent前沿探索/多agent协作|bash|87458|t.p9.review 零上下文设计审查已通过<|eos|> - grok|235x50|tester-t124"
time=2026-08-21T23:12:49.263+08:00 level=DEBUG msg="discovery: skipping unreachable socket" socket=/tmp/tmux-501/ta-ed81bd4d8c17 err="query tmux on /tmp/tmux-501/ta-ed81bd4d8c17: exit status 1: no server running on /tmp/tmux-501/ta-ed81bd4d8c17"
time=2026-08-21T23:12:49.272+08:00 level=DEBUG msg="discovery: skipping unreachable socket" socket=/tmp/tmux-501/ta-f1ad1b378fc7 err="query tmux on /tmp/tmux-501/ta-f1ad1b378fc7: exit status 1: no server running on /tmp/tmux-501/ta-f1ad1b378fc7"
time=2026-08-21T23:12:49.290+08:00 level=DEBUG msg="discovery: skipping unreachable socket" socket=/tmp/tmux-501/ta-t121u01 err="query tmux on /tmp/tmux-501/ta-t121u01: exit status 1: no server running on /tmp/tmux-501/ta-t121u01"
time=2026-08-21T23:12:49.300+08:00 level=DEBUG msg="discovery: skipping unreachable socket" socket=/tmp/tmux-501/ta-t121u01b err="query tmux on /tmp/tmux-501/ta-t121u01b: exit status 1: no server running on /tmp/tmux-501/ta-t121u01b"
time=2026-08-21T23:12:49.308+08:00 level=DEBUG msg="discovery: skipping unreachable socket" socket=/tmp/tmux-501/ta-user-agents err="query tmux on /tmp/tmux-501/ta-user-agents: exit status 1: no server running on /tmp/tmux-501/ta-user-agents"
time=2026-08-21T23:12:49.812+08:00 level=DEBUG msg="discovery: skipping unreachable socket" socket=/tmp/tmux-501/t115d24675 err="query tmux on /tmp/tmux-501/t115d24675: exit status 1: no server running on /tmp/tmux-501/t115d24675"
time=2026-08-21T23:12:49.852+08:00 level=DEBUG msg="discovery: skipping unreachable socket" socket=/tmp/tmux-501/t115e31319 err="query tmux on /tmp/tmux-501/t115e31319: exit status 1: no server running on /tmp/tmux-501/t115e31319"
time=2026-08-21T23:12:49.872+08:00 level=DEBUG msg="discovery: skipping unreachable socket" socket=/tmp/tmux-501/t115f44898 err="query tmux on /tmp/tmux-501/t115f44898: exit status 1: no server running on /tmp/tmux-501/t115f44898"
time=2026-08-21T23:12:49.891+08:00 level=DEBUG msg="discovery: skipping unreachable socket" socket=/tmp/tmux-501/t115g47728 err="query tmux on /tmp/tmux-501/t115g47728: exit status 1: no server running on /tmp/tmux-501/t115g47728"
time=2026-08-21T23:12:49.903+08:00 level=DEBUG msg="discovery: skipping unreachable socket" socket=/tmp/tmux-501/ta-0bafa3965ade err="query tmux on /tmp/tmux-501/ta-0bafa3965ade: exit status 1: no server running on /tmp/tmux-501/ta-0bafa3965ade"
time=2026-08-21T23:12:49.951+08:00 level=DEBUG msg="discovery: skipping unreachable socket" socket=/tmp/tmux-501/ta-61709dcf801e err="query tmux on /tmp/tmux-501/ta-61709dcf801e: exit status 1: no server running on /tmp/tmux-501/ta-61709dcf801e"
time=2026-08-21T23:12:49.973+08:00 level=DEBUG msg="discovery: skipping unparsable pane line" socket=/tmp/tmux-501/ta-a9fd5b7defbd line="team-refactor-maintainability|6|%39|/Users/alauda/Documents/code/agent前沿探索/多agent协作|bash|87458|t.p9.review 零上下文设计审查已通过<|eos|> - grok|235x50|tester-t124"
time=2026-08-21T23:12:49.995+08:00 level=DEBUG msg="discovery: skipping unreachable socket" socket=/tmp/tmux-501/ta-ed81bd4d8c17 err="query tmux on /tmp/tmux-501/ta-ed81bd4d8c17: exit status 1: no server running on /tmp/tmux-501/ta-ed81bd4d8c17"
time=2026-08-21T23:12:50.008+08:00 level=DEBUG msg="discovery: skipping unreachable socket" socket=/tmp/tmux-501/ta-f1ad1b378fc7 err="query tmux on /tmp/tmux-501/ta-f1ad1b378fc7: exit status 1: no server running on /tmp/tmux-501/ta-f1ad1b378fc7"
time=2026-08-21T23:12:50.029+08:00 level=DEBUG msg="discovery: skipping unreachable socket" socket=/tmp/tmux-501/ta-t121u01 err="query tmux on /tmp/tmux-501/ta-t121u01: exit status 1: no server running on /tmp/tmux-501/ta-t121u01"
time=2026-08-21T23:12:50.039+08:00 level=DEBUG msg="discovery: skipping unreachable socket" socket=/tmp/tmux-501/ta-t121u01b err="query tmux on /tmp/tmux-501/ta-t121u01b: exit status 1: no server running on /tmp/tmux-501/ta-t121u01b"
time=2026-08-21T23:12:50.055+08:00 level=DEBUG msg="discovery: skipping unreachable socket" socket=/tmp/tmux-501/ta-user-agents err="query tmux on /tmp/tmux-501/ta-user-agents: exit status 1: no server running on /tmp/tmux-501/ta-user-agents"
time=2026-08-21T23:12:50.195+08:00 level=WARN msg="level2: title unknown for provider" provider=grok codepoint=U+002B title="+ Agent 弹窗图标卡片重做 - grok" is_letter=false is_number=false leading_glyph=true status=unknown
time=2026-08-21T23:12:52.245+08:00 level=DEBUG msg="discovery: skipping unreachable socket" socket=/tmp/tmux-501/t115d24675 err="query tmux on /tmp/tmux-501/t115d24675: exit status 1: no server running on /tmp/tmux-501/t115d24675"
time=2026-08-21T23:12:52.254+08:00 level=DEBUG msg="discovery: skipping unreachable socket" socket=/tmp/tmux-501/t115e31319 err="query tmux on /tmp/tmux-501/t115e31319: exit status 1: no server running on /tmp/tmux-501/t115e31319"
time=2026-08-21T23:12:52.263+08:00 level=DEBUG msg="discovery: skipping unreachable socket" socket=/tmp/tmux-501/t115f44898 err="query tmux on /tmp/tmux-501/t115f44898: exit status 1: no server running on /tmp/tmux-501/t115f44898"
time=2026-08-21T23:12:52.278+08:00 level=DEBUG msg="discovery: skipping unreachable socket" socket=/tmp/tmux-501/t115g47728 err="query tmux on /tmp/tmux-501/t115g47728: exit status 1: no server running on /tmp/tmux-501/t115g47728"
time=2026-08-21T23:12:52.287+08:00 level=DEBUG msg="discovery: skipping unreachable socket" socket=/tmp/tmux-501/ta-0bafa3965ade err="query tmux on /tmp/tmux-501/ta-0bafa3965ade: exit status 1: no server running on /tmp/tmux-501/ta-0bafa3965ade"
time=2026-08-21T23:12:52.331+08:00 level=DEBUG msg="discovery: skipping unreachable socket" socket=/tmp/tmux-501/ta-61709dcf801e err="query tmux on /tmp/tmux-501/ta-61709dcf801e: exit status 1: no server running on /tmp/tmux-501/ta-61709dcf801e"
time=2026-08-21T23:12:52.356+08:00 level=DEBUG msg="discovery: skipping unparsable pane line" socket=/tmp/tmux-501/ta-a9fd5b7defbd line="team-refactor-maintainability|6|%39|/Users/alauda/Documents/code/agent前沿探索/多agent协作|bash|87458|t.p9.review 零上下文设计审查已通过<|eos|> - grok|235x50|tester-t124"
time=2026-08-21T23:12:52.384+08:00 level=DEBUG msg="discovery: skipping unreachable socket" socket=/tmp/tmux-501/ta-ed81bd4d8c17 err="query tmux on /tmp/tmux-501/ta-ed81bd4d8c17: exit status 1: no server running on /tmp/tmux-501/ta-ed81bd4d8c17"
time=2026-08-21T23:12:52.391+08:00 level=DEBUG msg="listing: no changes"
time=2026-08-21T23:12:52.394+08:00 level=DEBUG msg="discovery: skipping unreachable socket" socket=/tmp/tmux-501/ta-f1ad1b378fc7 err="query tmux on /tmp/tmux-501/ta-f1ad1b378fc7: exit status 1: no server running on /tmp/tmux-501/ta-f1ad1b378fc7"
time=2026-08-21T23:12:52.412+08:00 level=DEBUG msg="discovery: skipping unreachable socket" socket=/tmp/tmux-501/ta-t121u01 err="query tmux on /tmp/tmux-501/ta-t121u01: exit status 1: no server running on /tmp/tmux-501/ta-t121u01"
time=2026-08-21T23:12:52.422+08:00 level=DEBUG msg="discovery: skipping unreachable socket" socket=/tmp/tmux-501/ta-t121u01b err="query tmux on /tmp/tmux-501/ta-t121u01b: exit status 1: no server running on /tmp/tmux-501/ta-t121u01b"
time=2026-08-21T23:12:52.432+08:00 level=DEBUG msg="discovery: skipping unreachable socket" socket=/tmp/tmux-501/ta-user-agents err="query tmux on /tmp/tmux-501/ta-user-agents: exit status 1: no server running on /tmp/tmux-501/ta-user-agents"
time=2026-08-21T23:12:52.480+08:00 level=WARN msg="level2: title unknown for provider" provider=grok codepoint=U+002B title="+ Agent 弹窗图标卡片重做 - grok" is_letter=false is_number=false leading_glyph=true status=unknown
time=2026-08-21T23:12:52.920+08:00 level=DEBUG msg="discovery: skipping unreachable socket" socket=/tmp/tmux-501/t115d24675 err="query tmux on /tmp/tmux-501/t115d24675: exit status 1: no server running on /tmp/tmux-501/t115d24675"
time=2026-08-21T23:12:52.928+08:00 level=DEBUG msg="discovery: skipping unreachable socket" socket=/tmp/tmux-501/t115e31319 err="query tmux on /tmp/tmux-501/t115e31319: exit status 1: no server running on /tmp/tmux-501/t115e31319"
time=2026-08-21T23:12:52.936+08:00 level=DEBUG msg="discovery: skipping unreachable socket" socket=/tmp/tmux-501/t115f44898 err="query tmux on /tmp/tmux-501/t115f44898: exit status 1: no server running on /tmp/tmux-501/t115f44898"
time=2026-08-21T23:12:52.946+08:00 level=DEBUG msg="discovery: skipping unreachable socket" socket=/tmp/tmux-501/t115g47728 err="query tmux on /tmp/tmux-501/t115g47728: exit status 1: no server running on /tmp/tmux-501/t115g47728"
time=2026-08-21T23:12:52.956+08:00 level=DEBUG msg="discovery: skipping unreachable socket" socket=/tmp/tmux-501/ta-0bafa3965ade err="query tmux on /tmp/tmux-501/ta-0bafa3965ade: exit status 1: no server running on /tmp/tmux-501/ta-0bafa3965ade"
time=2026-08-21T23:12:52.992+08:00 level=DEBUG msg="discovery: skipping unreachable socket" socket=/tmp/tmux-501/ta-61709dcf801e err="query tmux on /tmp/tmux-501/ta-61709dcf801e: exit status 1: no server running on /tmp/tmux-501/ta-61709dcf801e"
time=2026-08-21T23:12:53.013+08:00 level=DEBUG msg="discovery: skipping unparsable pane line" socket=/tmp/tmux-501/ta-a9fd5b7defbd line="team-refactor-maintainability|6|%39|/Users/alauda/Documents/code/agent前沿探索/多agent协作|bash|87458|t.p9.review 零上下文设计审查已通过<|eos|> - grok|235x50|tester-t124"
time=2026-08-21T23:12:53.031+08:00 level=DEBUG msg="discovery: skipping unreachable socket" socket=/tmp/tmux-501/ta-ed81bd4d8c17 err="query tmux on /tmp/tmux-501/ta-ed81bd4d8c17: exit status 1: no server running on /tmp/tmux-501/ta-ed81bd4d8c17"
time=2026-08-21T23:12:53.041+08:00 level=DEBUG msg="discovery: skipping unreachable socket" socket=/tmp/tmux-501/ta-f1ad1b378fc7 err="query tmux on /tmp/tmux-501/ta-f1ad1b378fc7: exit status 1: no server running on /tmp/tmux-501/ta-f1ad1b378fc7"
time=2026-08-21T23:12:53.060+08:00 level=DEBUG msg="discovery: skipping unreachable socket" socket=/tmp/tmux-501/ta-t121u01 err="query tmux on /tmp/tmux-501/ta-t121u01: exit status 1: no server running on /tmp/tmux-501/ta-t121u01"
time=2026-08-21T23:12:53.069+08:00 level=DEBUG msg="discovery: skipping unreachable socket" socket=/tmp/tmux-501/ta-t121u01b err="query tmux on /tmp/tmux-501/ta-t121u01b: exit status 1: no server running on /tmp/tmux-501/ta-t121u01b"
time=2026-08-21T23:12:53.078+08:00 level=DEBUG msg="discovery: skipping unreachable socket" socket=/tmp/tmux-501/ta-user-agents err="query tmux on /tmp/tmux-501/ta-user-agents: exit status 1: no server running on /tmp/tmux-501/ta-user-agents"
time=2026-08-21T23:12:54.513+08:00 level=DEBUG msg="discovery: skipping unreachable socket" socket=/tmp/tmux-501/t115d24675 err="query tmux on /tmp/tmux-501/t115d24675: exit status 1: no server running on /tmp/tmux-501/t115d24675"
time=2026-08-21T23:12:54.523+08:00 level=DEBUG msg="discovery: skipping unreachable socket" socket=/tmp/tmux-501/t115e31319 err="query tmux on /tmp/tmux-501/t115e31319: exit status 1: no server running on /tmp/tmux-501/t115e31319"
time=2026-08-21T23:12:54.534+08:00 level=DEBUG msg="discovery: skipping unreachable socket" socket=/tmp/tmux-501/t115f44898 err="query tmux on /tmp/tmux-501/t115f44898: exit status 1: no server running on /tmp/tmux-501/t115f44898"
time=2026-08-21T23:12:54.548+08:00 level=DEBUG msg="discovery: skipping unreachable socket" socket=/tmp/tmux-501/t115g47728 err="query tmux on /tmp/tmux-501/t115g47728: exit status 1: no server running on /tmp/tmux-501/t115g47728"
time=2026-08-21T23:12:54.557+08:00 level=DEBUG msg="discovery: skipping unreachable socket" socket=/tmp/tmux-501/ta-0bafa3965ade err="query tmux on /tmp/tmux-501/ta-0bafa3965ade: exit status 1: no server running on /tmp/tmux-501/ta-0bafa3965ade"
time=2026-08-21T23:12:54.600+08:00 level=DEBUG msg="discovery: skipping unreachable socket" socket=/tmp/tmux-501/ta-61709dcf801e err="query tmux on /tmp/tmux-501/ta-61709dcf801e: exit status 1: no server running on /tmp/tmux-501/ta-61709dcf801e"
time=2026-08-21T23:12:54.622+08:00 level=DEBUG msg="discovery: skipping unparsable pane line" socket=/tmp/tmux-501/ta-a9fd5b7defbd line="team-refactor-maintainability|6|%39|/Users/alauda/Documents/code/agent前沿探索/多agent协作|bash|87458|t.p9.review 零上下文设计审查已通过<|eos|> - grok|235x50|tester-t124"
time=2026-08-21T23:12:54.646+08:00 level=DEBUG msg="discovery: skipping unreachable socket" socket=/tmp/tmux-501/ta-ed81bd4d8c17 err="query tmux on /tmp/tmux-501/ta-ed81bd4d8c17: exit status 1: no server running on /tmp/tmux-501/ta-ed81bd4d8c17"
time=2026-08-21T23:12:54.657+08:00 level=DEBUG msg="discovery: skipping unreachable socket" socket=/tmp/tmux-501/ta-f1ad1b378fc7 err="query tmux on /tmp/tmux-501/ta-f1ad1b378fc7: exit status 1: no server running on /tmp/tmux-501/ta-f1ad1b378fc7"
time=2026-08-21T23:12:54.677+08:00 level=DEBUG msg="discovery: skipping unreachable socket" socket=/tmp/tmux-501/ta-t121u01 err="query tmux on /tmp/tmux-501/ta-t121u01: exit status 1: no server running on /tmp/tmux-501/ta-t121u01"
time=2026-08-21T23:12:54.689+08:00 level=DEBUG msg="discovery: skipping unreachable socket" socket=/tmp/tmux-501/ta-t121u01b err="query tmux on /tmp/tmux-501/ta-t121u01b: exit status 1: no server running on /tmp/tmux-501/ta-t121u01b"
time=2026-08-21T23:12:54.700+08:00 level=DEBUG msg="discovery: skipping unreachable socket" socket=/tmp/tmux-501/ta-user-agents err="query tmux on /tmp/tmux-501/ta-user-agents: exit status 1: no server running on /tmp/tmux-501/ta-user-agents"
time=2026-08-21T23:12:54.795+08:00 level=WARN msg="level2: title unknown for provider" provider=grok codepoint=U+002B title="+ Agent 弹窗图标卡片重做 - grok" is_letter=false is_number=false leading_glyph=true status=unknown
time=2026-08-21T23:12:55.865+08:00 level=DEBUG msg="listing: no changes"
time=2026-08-21T23:12:56.393+08:00 level=DEBUG msg="discovery: skipping unreachable socket" socket=/tmp/tmux-501/t115d24675 err="query tmux on /tmp/tmux-501/t115d24675: exit status 1: no server running on /tmp/tmux-501/t115d24675"
time=2026-08-21T23:12:56.402+08:00 level=DEBUG msg="discovery: skipping unreachable socket" socket=/tmp/tmux-501/t115e31319 err="query tmux on /tmp/tmux-501/t115e31319: exit status 1: no server running on /tmp/tmux-501/t115e31319"
time=2026-08-21T23:12:56.411+08:00 level=DEBUG msg="discovery: skipping unreachable socket" socket=/tmp/tmux-501/t115f44898 err="query tmux on /tmp/tmux-501/t115f44898: exit status 1: no server running on /tmp/tmux-501/t115f44898"
time=2026-08-21T23:12:56.419+08:00 level=DEBUG msg="discovery: skipping unreachable socket" socket=/tmp/tmux-501/t115g47728 err="query tmux on /tmp/tmux-501/t115g47728: exit status 1: no server running on /tmp/tmux-501/t115g47728"
time=2026-08-21T23:12:56.428+08:00 level=DEBUG msg="discovery: skipping unreachable socket" socket=/tmp/tmux-501/ta-0bafa3965ade err="query tmux on /tmp/tmux-501/ta-0bafa3965ade: exit status 1: no server running on /tmp/tmux-501/ta-0bafa3965ade"
time=2026-08-21T23:12:56.464+08:00 level=DEBUG msg="discovery: skipping unreachable socket" socket=/tmp/tmux-501/ta-61709dcf801e err="query tmux on /tmp/tmux-501/ta-61709dcf801e: exit status 1: no server running on /tmp/tmux-501/ta-61709dcf801e"
time=2026-08-21T23:12:56.481+08:00 level=DEBUG msg="discovery: skipping unparsable pane line" socket=/tmp/tmux-501/ta-a9fd5b7defbd line="team-refactor-maintainability|6|%39|/Users/alauda/Documents/code/agent前沿探索/多agent协作|bash|87458|t.p9.review 零上下文设计审查已通过<|eos|> - grok|235x50|tester-t124"
time=2026-08-21T23:12:56.500+08:00 level=DEBUG msg="discovery: skipping unreachable socket" socket=/tmp/tmux-501/ta-ed81bd4d8c17 err="query tmux on /tmp/tmux-501/ta-ed81bd4d8c17: exit status 1: no server running on /tmp/tmux-501/ta-ed81bd4d8c17"
time=2026-08-21T23:12:56.509+08:00 level=DEBUG msg="discovery: skipping unreachable socket" socket=/tmp/tmux-501/ta-f1ad1b378fc7 err="query tmux on /tmp/tmux-501/ta-f1ad1b378fc7: exit status 1: no server running on /tmp/tmux-501/ta-f1ad1b378fc7"
time=2026-08-21T23:12:56.526+08:00 level=DEBUG msg="discovery: skipping unreachable socket" socket=/tmp/tmux-501/ta-t121u01 err="query tmux on /tmp/tmux-501/ta-t121u01: exit status 1: no server running on /tmp/tmux-501/ta-t121u01"
time=2026-08-21T23:12:56.535+08:00 level=DEBUG msg="discovery: skipping unreachable socket" socket=/tmp/tmux-501/ta-t121u01b err="query tmux on /tmp/tmux-501/ta-t121u01b: exit status 1: no server running on /tmp/tmux-501/ta-t121u01b"
time=2026-08-21T23:12:56.544+08:00 level=DEBUG msg="discovery: skipping unreachable socket" socket=/tmp/tmux-501/ta-user-agents err="query tmux on /tmp/tmux-501/ta-user-agents: exit status 1: no server running on /tmp/tmux-501/ta-user-agents"
time=2026-08-21T23:12:56.951+08:00 level=DEBUG msg="discovery: skipping unreachable socket" socket=/tmp/tmux-501/t115d24675 err="query tmux on /tmp/tmux-501/t115d24675: exit status 1: no server running on /tmp/tmux-501/t115d24675"
time=2026-08-21T23:12:56.963+08:00 level=DEBUG msg="discovery: skipping unreachable socket" socket=/tmp/tmux-501/t115e31319 err="query tmux on /tmp/tmux-501/t115e31319: exit status 1: no server running on /tmp/tmux-501/t115e31319"
time=2026-08-21T23:12:56.979+08:00 level=DEBUG msg="discovery: skipping unreachable socket" socket=/tmp/tmux-501/t115f44898 err="query tmux on /tmp/tmux-501/t115f44898: exit status 1: no server running on /tmp/tmux-501/t115f44898"
time=2026-08-21T23:12:56.989+08:00 level=DEBUG msg="discovery: skipping unreachable socket" socket=/tmp/tmux-501/t115g47728 err="query tmux on /tmp/tmux-501/t115g47728: exit status 1: no server running on /tmp/tmux-501/t115g47728"
time=2026-08-21T23:12:56.999+08:00 level=DEBUG msg="discovery: skipping unreachable socket" socket=/tmp/tmux-501/ta-0bafa3965ade err="query tmux on /tmp/tmux-501/ta-0bafa3965ade: exit status 1: no server running on /tmp/tmux-501/ta-0bafa3965ade"
time=2026-08-21T23:12:57.040+08:00 level=DEBUG msg="discovery: skipping unreachable socket" socket=/tmp/tmux-501/ta-61709dcf801e err="query tmux on /tmp/tmux-501/ta-61709dcf801e: exit status 1: no server running on /tmp/tmux-501/ta-61709dcf801e"
time=2026-08-21T23:12:57.059+08:00 level=DEBUG msg="discovery: skipping unparsable pane line" socket=/tmp/tmux-501/ta-a9fd5b7defbd line="team-refactor-maintainability|6|%39|/Users/alauda/Documents/code/agent前沿探索/多agent协作|bash|87458|t.p9.review 零上下文设计审查已通过<|eos|> - grok|235x50|tester-t124"
time=2026-08-21T23:12:57.082+08:00 level=DEBUG msg="discovery: skipping unreachable socket" socket=/tmp/tmux-501/ta-ed81bd4d8c17 err="query tmux on /tmp/tmux-501/ta-ed81bd4d8c17: exit status 1: no server running on /tmp/tmux-501/ta-ed81bd4d8c17"
time=2026-08-21T23:12:57.091+08:00 level=DEBUG msg="discovery: skipping unreachable socket" socket=/tmp/tmux-501/ta-f1ad1b378fc7 err="query tmux on /tmp/tmux-501/ta-f1ad1b378fc7: exit status 1: no server running on /tmp/tmux-501/ta-f1ad1b378fc7"
time=2026-08-21T23:12:57.110+08:00 level=DEBUG msg="discovery: skipping unreachable socket" socket=/tmp/tmux-501/ta-t121u01 err="query tmux on /tmp/tmux-501/ta-t121u01: exit status 1: no server running on /tmp/tmux-501/ta-t121u01"
time=2026-08-21T23:12:57.120+08:00 level=DEBUG msg="discovery: skipping unreachable socket" socket=/tmp/tmux-501/ta-t121u01b err="query tmux on /tmp/tmux-501/ta-t121u01b: exit status 1: no server running on /tmp/tmux-501/ta-t121u01b"
time=2026-08-21T23:12:57.132+08:00 level=DEBUG msg="discovery: skipping unreachable socket" socket=/tmp/tmux-501/ta-user-agents err="query tmux on /tmp/tmux-501/ta-user-agents: exit status 1: no server running on /tmp/tmux-501/ta-user-agents"
time=2026-08-21T23:12:57.258+08:00 level=WARN msg="level2: title unknown for provider" provider=grok codepoint=U+002B title="+ Agent 弹窗图标卡片重做 - grok" is_letter=false is_number=false leading_glyph=true status=unknown
time=2026-08-21T23:12:59.299+08:00 level=DEBUG msg="discovery: skipping unreachable socket" socket=/tmp/tmux-501/t115d24675 err="query tmux on /tmp/tmux-501/t115d24675: exit status 1: no server running on /tmp/tmux-501/t115d24675"
time=2026-08-21T23:12:59.308+08:00 level=DEBUG msg="discovery: skipping unreachable socket" socket=/tmp/tmux-501/t115e31319 err="query tmux on /tmp/tmux-501/t115e31319: exit status 1: no server running on /tmp/tmux-501/t115e31319"
time=2026-08-21T23:12:59.317+08:00 level=DEBUG msg="discovery: skipping unreachable socket" socket=/tmp/tmux-501/t115f44898 err="query tmux on /tmp/tmux-501/t115f44898: exit status 1: no server running on /tmp/tmux-501/t115f44898"
time=2026-08-21T23:12:59.327+08:00 level=DEBUG msg="discovery: skipping unreachable socket" socket=/tmp/tmux-501/t115g47728 err="query tmux on /tmp/tmux-501/t115g47728: exit status 1: no server running on /tmp/tmux-501/t115g47728"
time=2026-08-21T23:12:59.337+08:00 level=DEBUG msg="discovery: skipping unreachable socket" socket=/tmp/tmux-501/ta-0bafa3965ade err="query tmux on /tmp/tmux-501/ta-0bafa3965ade: exit status 1: no server running on /tmp/tmux-501/ta-0bafa3965ade"
time=2026-08-21T23:12:59.372+08:00 level=DEBUG msg="listing: no changes"
time=2026-08-21T23:12:59.376+08:00 level=DEBUG msg="discovery: skipping unreachable socket" socket=/tmp/tmux-501/ta-61709dcf801e err="query tmux on /tmp/tmux-501/ta-61709dcf801e: exit status 1: no server running on /tmp/tmux-501/ta-61709dcf801e"
time=2026-08-21T23:12:59.398+08:00 level=DEBUG msg="discovery: skipping unparsable pane line" socket=/tmp/tmux-501/ta-a9fd5b7defbd line="team-refactor-maintainability|6|%39|/Users/alauda/Documents/code/agent前沿探索/多agent协作|bash|87458|t.p9.review 零上下文设计审查已通过<|eos|> - grok|235x50|tester-t124"
time=2026-08-21T23:12:59.417+08:00 level=DEBUG msg="discovery: skipping unreachable socket" socket=/tmp/tmux-501/ta-ed81bd4d8c17 err="query tmux on /tmp/tmux-501/ta-ed81bd4d8c17: exit status 1: no server running on /tmp/tmux-501/ta-ed81bd4d8c17"
time=2026-08-21T23:12:59.426+08:00 level=DEBUG msg="discovery: skipping unreachable socket" socket=/tmp/tmux-501/ta-f1ad1b378fc7 err="query tmux on /tmp/tmux-501/ta-f1ad1b378fc7: exit status 1: no server running on /tmp/tmux-501/ta-f1ad1b378fc7"
time=2026-08-21T23:12:59.445+08:00 level=DEBUG msg="discovery: skipping unreachable socket" socket=/tmp/tmux-501/ta-t121u01 err="query tmux on /tmp/tmux-501/ta-t121u01: exit status 1: no server running on /tmp/tmux-501/ta-t121u01"
time=2026-08-21T23:12:59.455+08:00 level=DEBUG msg="discovery: skipping unreachable socket" socket=/tmp/tmux-501/ta-t121u01b err="query tmux on /tmp/tmux-501/ta-t121u01b: exit status 1: no server running on /tmp/tmux-501/ta-t121u01b"
time=2026-08-21T23:12:59.464+08:00 level=DEBUG msg="discovery: skipping unreachable socket" socket=/tmp/tmux-501/ta-user-agents err="query tmux on /tmp/tmux-501/ta-user-agents: exit status 1: no server running on /tmp/tmux-501/ta-user-agents"
time=2026-08-21T23:12:59.510+08:00 level=WARN msg="level2: title unknown for provider" provider=grok codepoint=U+002B title="+ Agent 弹窗图标卡片重做 - grok" is_letter=false is_number=false leading_glyph=true status=unknown
time=2026-08-21T23:12:59.901+08:00 level=DEBUG msg="discovery: skipping unreachable socket" socket=/tmp/tmux-501/t115d24675 err="query tmux on /tmp/tmux-501/t115d24675: exit status 1: no server running on /tmp/tmux-501/t115d24675"
time=2026-08-21T23:12:59.909+08:00 level=DEBUG msg="discovery: skipping unreachable socket" socket=/tmp/tmux-501/t115e31319 err="query tmux on /tmp/tmux-501/t115e31319: exit status 1: no server running on /tmp/tmux-501/t115e31319"
time=2026-08-21T23:12:59.918+08:00 level=DEBUG msg="discovery: skipping unreachable socket" socket=/tmp/tmux-501/t115f44898 err="query tmux on /tmp/tmux-501/t115f44898: exit status 1: no server running on /tmp/tmux-501/t115f44898"
time=2026-08-21T23:12:59.926+08:00 level=DEBUG msg="discovery: skipping unreachable socket" socket=/tmp/tmux-501/t115g47728 err="query tmux on /tmp/tmux-501/t115g47728: exit status 1: no server running on /tmp/tmux-501/t115g47728"
time=2026-08-21T23:12:59.934+08:00 level=DEBUG msg="discovery: skipping unreachable socket" socket=/tmp/tmux-501/ta-0bafa3965ade err="query tmux on /tmp/tmux-501/ta-0bafa3965ade: exit status 1: no server running on /tmp/tmux-501/ta-0bafa3965ade"
time=2026-08-21T23:12:59.971+08:00 level=DEBUG msg="discovery: skipping unreachable socket" socket=/tmp/tmux-501/ta-61709dcf801e err="query tmux on /tmp/tmux-501/ta-61709dcf801e: exit status 1: no server running on /tmp/tmux-501/ta-61709dcf801e"
time=2026-08-21T23:12:59.991+08:00 level=DEBUG msg="discovery: skipping unparsable pane line" socket=/tmp/tmux-501/ta-a9fd5b7defbd line="team-refactor-maintainability|6|%39|/Users/alauda/Documents/code/agent前沿探索/多agent协作|bash|87458|t.p9.review 零上下文设计审查已通过<|eos|> - grok|235x50|tester-t124"
time=2026-08-21T23:13:00.011+08:00 level=DEBUG msg="discovery: skipping unreachable socket" socket=/tmp/tmux-501/ta-ed81bd4d8c17 err="query tmux on /tmp/tmux-501/ta-ed81bd4d8c17: exit status 1: no server running on /tmp/tmux-501/ta-ed81bd4d8c17"
time=2026-08-21T23:13:00.021+08:00 level=DEBUG msg="discovery: skipping unreachable socket" socket=/tmp/tmux-501/ta-f1ad1b378fc7 err="query tmux on /tmp/tmux-501/ta-f1ad1b378fc7: exit status 1: no server running on /tmp/tmux-501/ta-f1ad1b378fc7"
time=2026-08-21T23:13:00.039+08:00 level=DEBUG msg="discovery: skipping unreachable socket" socket=/tmp/tmux-501/ta-t121u01 err="query tmux on /tmp/tmux-501/ta-t121u01: exit status 1: no server running on /tmp/tmux-501/ta-t121u01"
time=2026-08-21T23:13:00.048+08:00 level=DEBUG msg="discovery: skipping unreachable socket" socket=/tmp/tmux-501/ta-t121u01b err="query tmux on /tmp/tmux-501/ta-t121u01b: exit status 1: no server running on /tmp/tmux-501/ta-t121u01b"
time=2026-08-21T23:13:00.056+08:00 level=DEBUG msg="discovery: skipping unreachable socket" socket=/tmp/tmux-501/ta-user-agents err="query tmux on /tmp/tmux-501/ta-user-agents: exit status 1: no server running on /tmp/tmux-501/ta-user-agents"
time=2026-08-21T23:13:01.541+08:00 level=DEBUG msg="discovery: skipping unreachable socket" socket=/tmp/tmux-501/t115d24675 err="query tmux on /tmp/tmux-501/t115d24675: exit status 1: no server running on /tmp/tmux-501/t115d24675"
time=2026-08-21T23:13:01.625+08:00 level=DEBUG msg="discovery: skipping unreachable socket" socket=/tmp/tmux-501/t115e31319 err="query tmux on /tmp/tmux-501/t115e31319: exit status 1: no server running on /tmp/tmux-501/t115e31319"
time=2026-08-21T23:13:01.676+08:00 level=DEBUG msg="discovery: skipping unreachable socket" socket=/tmp/tmux-501/t115f44898 err="query tmux on /tmp/tmux-501/t115f44898: exit status 1: no server running on /tmp/tmux-501/t115f44898"
time=2026-08-21T23:13:01.688+08:00 level=DEBUG msg="discovery: skipping unreachable socket" socket=/tmp/tmux-501/t115g47728 err="query tmux on /tmp/tmux-501/t115g47728: exit status 1: no server running on /tmp/tmux-501/t115g47728"
time=2026-08-21T23:13:01.699+08:00 level=DEBUG msg="discovery: skipping unreachable socket" socket=/tmp/tmux-501/ta-0bafa3965ade err="query tmux on /tmp/tmux-501/ta-0bafa3965ade: exit status 1: no server running on /tmp/tmux-501/ta-0bafa3965ade"
time=2026-08-21T23:13:01.738+08:00 level=DEBUG msg="discovery: skipping unreachable socket" socket=/tmp/tmux-501/ta-61709dcf801e err="query tmux on /tmp/tmux-501/ta-61709dcf801e: exit status 1: no server running on /tmp/tmux-501/ta-61709dcf801e"
time=2026-08-21T23:13:01.762+08:00 level=DEBUG msg="discovery: skipping unparsable pane line" socket=/tmp/tmux-501/ta-a9fd5b7defbd line="team-refactor-maintainability|6|%39|/Users/alauda/Documents/code/agent前沿探索/多agent协作|bash|87458|t.p9.review 零上下文设计审查已通过<|eos|> - grok|235x50|tester-t124"
time=2026-08-21T23:13:01.781+08:00 level=DEBUG msg="discovery: skipping unreachable socket" socket=/tmp/tmux-501/ta-ed81bd4d8c17 err="query tmux on /tmp/tmux-501/ta-ed81bd4d8c17: exit status 1: no server running on /tmp/tmux-501/ta-ed81bd4d8c17"
time=2026-08-21T23:13:01.790+08:00 level=DEBUG msg="discovery: skipping unreachable socket" socket=/tmp/tmux-501/ta-f1ad1b378fc7 err="query tmux on /tmp/tmux-501/ta-f1ad1b378fc7: exit status 1: no server running on /tmp/tmux-501/ta-f1ad1b378fc7"
time=2026-08-21T23:13:01.812+08:00 level=DEBUG msg="discovery: skipping unreachable socket" socket=/tmp/tmux-501/ta-t121u01 err="query tmux on /tmp/tmux-501/ta-t121u01: exit status 1: no server running on /tmp/tmux-501/ta-t121u01"
time=2026-08-21T23:13:01.820+08:00 level=DEBUG msg="discovery: skipping unreachable socket" socket=/tmp/tmux-501/ta-t121u01b err="query tmux on /tmp/tmux-501/ta-t121u01b: exit status 1: no server running on /tmp/tmux-501/ta-t121u01b"
time=2026-08-21T23:13:01.829+08:00 level=DEBUG msg="discovery: skipping unreachable socket" socket=/tmp/tmux-501/ta-user-agents err="query tmux on /tmp/tmux-501/ta-user-agents: exit status 1: no server running on /tmp/tmux-501/ta-user-agents"
time=2026-08-21T23:13:01.902+08:00 level=WARN msg="level2: title unknown for provider" provider=grok codepoint=U+002B title="+ Agent 弹窗图标卡片重做 - grok" is_letter=false is_number=false leading_glyph=true status=unknown
time=2026-08-21T23:13:02.801+08:00 level=DEBUG msg="listing: no changes"
time=2026-08-21T23:13:03.332+08:00 level=DEBUG msg="discovery: skipping unreachable socket" socket=/tmp/tmux-501/t115d24675 err="query tmux on /tmp/tmux-501/t115d24675: exit status 1: no server running on /tmp/tmux-501/t115d24675"
time=2026-08-21T23:13:03.340+08:00 level=DEBUG msg="discovery: skipping unreachable socket" socket=/tmp/tmux-501/t115e31319 err="query tmux on /tmp/tmux-501/t115e31319: exit status 1: no server running on /tmp/tmux-501/t115e31319"
time=2026-08-21T23:13:03.349+08:00 level=DEBUG msg="discovery: skipping unreachable socket" socket=/tmp/tmux-501/t115f44898 err="query tmux on /tmp/tmux-501/t115f44898: exit status 1: no server running on /tmp/tmux-501/t115f44898"
time=2026-08-21T23:13:03.357+08:00 level=DEBUG msg="discovery: skipping unreachable socket" socket=/tmp/tmux-501/t115g47728 err="query tmux on /tmp/tmux-501/t115g47728: exit status 1: no server running on /tmp/tmux-501/t115g47728"
time=2026-08-21T23:13:03.366+08:00 level=DEBUG msg="discovery: skipping unreachable socket" socket=/tmp/tmux-501/ta-0bafa3965ade err="query tmux on /tmp/tmux-501/ta-0bafa3965ade: exit status 1: no server running on /tmp/tmux-501/ta-0bafa3965ade"
time=2026-08-21T23:13:03.401+08:00 level=DEBUG msg="discovery: skipping unreachable socket" socket=/tmp/tmux-501/ta-61709dcf801e err="query tmux on /tmp/tmux-501/ta-61709dcf801e: exit status 1: no server running on /tmp/tmux-501/ta-61709dcf801e"
time=2026-08-21T23:13:03.420+08:00 level=DEBUG msg="discovery: skipping unparsable pane line" socket=/tmp/tmux-501/ta-a9fd5b7defbd line="team-refactor-maintainability|6|%39|/Users/alauda/Documents/code/agent前沿探索/多agent协作|bash|87458|t.p9.review 零上下文设计审查已通过<|eos|> - grok|235x50|tester-t124"
time=2026-08-21T23:13:03.438+08:00 level=DEBUG msg="discovery: skipping unreachable socket" socket=/tmp/tmux-501/ta-ed81bd4d8c17 err="query tmux on /tmp/tmux-501/ta-ed81bd4d8c17: exit status 1: no server running on /tmp/tmux-501/ta-ed81bd4d8c17"
time=2026-08-21T23:13:03.446+08:00 level=DEBUG msg="discovery: skipping unreachable socket" socket=/tmp/tmux-501/ta-f1ad1b378fc7 err="query tmux on /tmp/tmux-501/ta-f1ad1b378fc7: exit status 1: no server running on /tmp/tmux-501/ta-f1ad1b378fc7"
time=2026-08-21T23:13:03.466+08:00 level=DEBUG msg="discovery: skipping unreachable socket" socket=/tmp/tmux-501/ta-t121u01 err="query tmux on /tmp/tmux-501/ta-t121u01: exit status 1: no server running on /tmp/tmux-501/ta-t121u01"
time=2026-08-21T23:13:03.475+08:00 level=DEBUG msg="discovery: skipping unreachable socket" socket=/tmp/tmux-501/ta-t121u01b err="query tmux on /tmp/tmux-501/ta-t121u01b: exit status 1: no server running on /tmp/tmux-501/ta-t121u01b"
time=2026-08-21T23:13:03.484+08:00 level=DEBUG msg="discovery: skipping unreachable socket" socket=/tmp/tmux-501/ta-user-agents err="query tmux on /tmp/tmux-501/ta-user-agents: exit status 1: no server running on /tmp/tmux-501/ta-user-agents"
time=2026-08-21T23:13:03.934+08:00 level=DEBUG msg="discovery: skipping unreachable socket" socket=/tmp/tmux-501/t115d24675 err="query tmux on /tmp/tmux-501/t115d24675: exit status 1: no server running on /tmp/tmux-501/t115d24675"
time=2026-08-21T23:13:03.946+08:00 level=DEBUG msg="discovery: skipping unreachable socket" socket=/tmp/tmux-501/t115e31319 err="query tmux on /tmp/tmux-501/t115e31319: exit status 1: no server running on /tmp/tmux-501/t115e31319"
time=2026-08-21T23:13:03.955+08:00 level=DEBUG msg="discovery: skipping unreachable socket" socket=/tmp/tmux-501/t115f44898 err="query tmux on /tmp/tmux-501/t115f44898: exit status 1: no server running on /tmp/tmux-501/t115f44898"
time=2026-08-21T23:13:03.964+08:00 level=DEBUG msg="discovery: skipping unreachable socket" socket=/tmp/tmux-501/t115g47728 err="query tmux on /tmp/tmux-501/t115g47728: exit status 1: no server running on /tmp/tmux-501/t115g47728"
time=2026-08-21T23:13:03.974+08:00 level=DEBUG msg="discovery: skipping unreachable socket" socket=/tmp/tmux-501/ta-0bafa3965ade err="query tmux on /tmp/tmux-501/ta-0bafa3965ade: exit status 1: no server running on /tmp/tmux-501/ta-0bafa3965ade"
time=2026-08-21T23:13:04.014+08:00 level=DEBUG msg="discovery: skipping unreachable socket" socket=/tmp/tmux-501/ta-61709dcf801e err="query tmux on /tmp/tmux-501/ta-61709dcf801e: exit status 1: no server running on /tmp/tmux-501/ta-61709dcf801e"
time=2026-08-21T23:13:04.036+08:00 level=DEBUG msg="discovery: skipping unparsable pane line" socket=/tmp/tmux-501/ta-a9fd5b7defbd line="team-refactor-maintainability|6|%39|/Users/alauda/Documents/code/agent前沿探索/多agent协作|bash|87458|t.p9.review 零上下文设计审查已通过<|eos|> - grok|235x50|tester-t124"
time=2026-08-21T23:13:04.059+08:00 level=DEBUG msg="discovery: skipping unreachable socket" socket=/tmp/tmux-501/ta-ed81bd4d8c17 err="query tmux on /tmp/tmux-501/ta-ed81bd4d8c17: exit status 1: no server running on /tmp/tmux-501/ta-ed81bd4d8c17"
time=2026-08-21T23:13:04.069+08:00 level=DEBUG msg="discovery: skipping unreachable socket" socket=/tmp/tmux-501/ta-f1ad1b378fc7 err="query tmux on /tmp/tmux-501/ta-f1ad1b378fc7: exit status 1: no server running on /tmp/tmux-501/ta-f1ad1b378fc7"
time=2026-08-21T23:13:04.091+08:00 level=DEBUG msg="discovery: skipping unreachable socket" socket=/tmp/tmux-501/ta-t121u01 err="query tmux on /tmp/tmux-501/ta-t121u01: exit status 1: no server running on /tmp/tmux-501/ta-t121u01"
time=2026-08-21T23:13:04.102+08:00 level=DEBUG msg="discovery: skipping unreachable socket" socket=/tmp/tmux-501/ta-t121u01b err="query tmux on /tmp/tmux-501/ta-t121u01b: exit status 1: no server running on /tmp/tmux-501/ta-t121u01b"
time=2026-08-21T23:13:04.111+08:00 level=DEBUG msg="discovery: skipping unreachable socket" socket=/tmp/tmux-501/ta-user-agents err="query tmux on /tmp/tmux-501/ta-user-agents: exit status 1: no server running on /tmp/tmux-501/ta-user-agents"
time=2026-08-21T23:13:04.235+08:00 level=WARN msg="level2: title unknown for provider" provider=grok codepoint=U+002B title="+ Agent 弹窗图标卡片重做 - grok" is_letter=false is_number=false leading_glyph=true status=unknown
time=2026-08-21T23:13:06.266+08:00 level=DEBUG msg="discovery: skipping unreachable socket" socket=/tmp/tmux-501/t115d24675 err="query tmux on /tmp/tmux-501/t115d24675: exit status 1: no server running on /tmp/tmux-501/t115d24675"
time=2026-08-21T23:13:06.271+08:00 level=DEBUG msg="listing: no changes"
time=2026-08-21T23:13:06.275+08:00 level=DEBUG msg="discovery: skipping unreachable socket" socket=/tmp/tmux-501/t115e31319 err="query tmux on /tmp/tmux-501/t115e31319: exit status 1: no server running on /tmp/tmux-501/t115e31319"
time=2026-08-21T23:13:06.284+08:00 level=DEBUG msg="discovery: skipping unreachable socket" socket=/tmp/tmux-501/t115f44898 err="query tmux on /tmp/tmux-501/t115f44898: exit status 1: no server running on /tmp/tmux-501/t115f44898"
time=2026-08-21T23:13:06.293+08:00 level=DEBUG msg="discovery: skipping unreachable socket" socket=/tmp/tmux-501/t115g47728 err="query tmux on /tmp/tmux-501/t115g47728: exit status 1: no server running on /tmp/tmux-501/t115g47728"
time=2026-08-21T23:13:06.302+08:00 level=DEBUG msg="discovery: skipping unreachable socket" socket=/tmp/tmux-501/ta-0bafa3965ade err="query tmux on /tmp/tmux-501/ta-0bafa3965ade: exit status 1: no server running on /tmp/tmux-501/ta-0bafa3965ade"
time=2026-08-21T23:13:06.337+08:00 level=DEBUG msg="discovery: skipping unreachable socket" socket=/tmp/tmux-501/ta-61709dcf801e err="query tmux on /tmp/tmux-501/ta-61709dcf801e: exit status 1: no server running on /tmp/tmux-501/ta-61709dcf801e"
time=2026-08-21T23:13:06.357+08:00 level=DEBUG msg="discovery: skipping unparsable pane line" socket=/tmp/tmux-501/ta-a9fd5b7defbd line="team-refactor-maintainability|6|%39|/Users/alauda/Documents/code/agent前沿探索/多agent协作|bash|87458|t.p9.review 零上下文设计审查已通过<|eos|> - grok|235x50|tester-t124"
time=2026-08-21T23:13:06.375+08:00 level=DEBUG msg="discovery: skipping unreachable socket" socket=/tmp/tmux-501/ta-ed81bd4d8c17 err="query tmux on /tmp/tmux-501/ta-ed81bd4d8c17: exit status 1: no server running on /tmp/tmux-501/ta-ed81bd4d8c17"
time=2026-08-21T23:13:06.386+08:00 level=DEBUG msg="discovery: skipping unreachable socket" socket=/tmp/tmux-501/ta-f1ad1b378fc7 err="query tmux on /tmp/tmux-501/ta-f1ad1b378fc7: exit status 1: no server running on /tmp/tmux-501/ta-f1ad1b378fc7"
time=2026-08-21T23:13:06.406+08:00 level=DEBUG msg="discovery: skipping unreachable socket" socket=/tmp/tmux-501/ta-t121u01 err="query tmux on /tmp/tmux-501/ta-t121u01: exit status 1: no server running on /tmp/tmux-501/ta-t121u01"
time=2026-08-21T23:13:06.416+08:00 level=DEBUG msg="discovery: skipping unreachable socket" socket=/tmp/tmux-501/ta-t121u01b err="query tmux on /tmp/tmux-501/ta-t121u01b: exit status 1: no server running on /tmp/tmux-501/ta-t121u01b"
time=2026-08-21T23:13:06.426+08:00 level=DEBUG msg="discovery: skipping unreachable socket" socket=/tmp/tmux-501/ta-user-agents err="query tmux on /tmp/tmux-501/ta-user-agents: exit status 1: no server running on /tmp/tmux-501/ta-user-agents"
time=2026-08-21T23:13:06.471+08:00 level=WARN msg="level2: title unknown for provider" provider=grok codepoint=U+002B title="+ Agent 弹窗图标卡片重做 - grok" is_letter=false is_number=false leading_glyph=true status=unknown
time=2026-08-21T23:13:06.808+08:00 level=DEBUG msg="discovery: skipping unreachable socket" socket=/tmp/tmux-501/t115d24675 err="query tmux on /tmp/tmux-501/t115d24675: exit status 1: no server running on /tmp/tmux-501/t115d24675"
time=2026-08-21T23:13:06.818+08:00 level=DEBUG msg="discovery: skipping unreachable socket" socket=/tmp/tmux-501/t115e31319 err="query tmux on /tmp/tmux-501/t115e31319: exit status 1: no server running on /tmp/tmux-501/t115e31319"
time=2026-08-21T23:13:06.827+08:00 level=DEBUG msg="discovery: skipping unreachable socket" socket=/tmp/tmux-501/t115f44898 err="query tmux on /tmp/tmux-501/t115f44898: exit status 1: no server running on /tmp/tmux-501/t115f44898"
time=2026-08-21T23:13:06.841+08:00 level=DEBUG msg="discovery: skipping unreachable socket" socket=/tmp/tmux-501/t115g47728 err="query tmux on /tmp/tmux-501/t115g47728: exit status 1: no server running on /tmp/tmux-501/t115g47728"
time=2026-08-21T23:13:06.852+08:00 level=DEBUG msg="discovery: skipping unreachable socket" socket=/tmp/tmux-501/ta-0bafa3965ade err="query tmux on /tmp/tmux-501/ta-0bafa3965ade: exit status 1: no server running on /tmp/tmux-501/ta-0bafa3965ade"
time=2026-08-21T23:13:06.899+08:00 level=DEBUG msg="discovery: skipping unreachable socket" socket=/tmp/tmux-501/ta-61709dcf801e err="query tmux on /tmp/tmux-501/ta-61709dcf801e: exit status 1: no server running on /tmp/tmux-501/ta-61709dcf801e"
time=2026-08-21T23:13:06.921+08:00 level=DEBUG msg="discovery: skipping unparsable pane line" socket=/tmp/tmux-501/ta-a9fd5b7defbd line="team-refactor-maintainability|6|%39|/Users/alauda/Documents/code/agent前沿探索/多agent协作|bash|87458|t.p9.review 零上下文设计审查已通过<|eos|> - grok|235x50|tester-t124"
time=2026-08-21T23:13:06.946+08:00 level=DEBUG msg="discovery: skipping unreachable socket" socket=/tmp/tmux-501/ta-ed81bd4d8c17 err="query tmux on /tmp/tmux-501/ta-ed81bd4d8c17: exit status 1: no server running on /tmp/tmux-501/ta-ed81bd4d8c17"
time=2026-08-21T23:13:06.956+08:00 level=DEBUG msg="discovery: skipping unreachable socket" socket=/tmp/tmux-501/ta-f1ad1b378fc7 err="query tmux on /tmp/tmux-501/ta-f1ad1b378fc7: exit status 1: no server running on /tmp/tmux-501/ta-f1ad1b378fc7"
time=2026-08-21T23:13:06.976+08:00 level=DEBUG msg="discovery: skipping unreachable socket" socket=/tmp/tmux-501/ta-t121u01 err="query tmux on /tmp/tmux-501/ta-t121u01: exit status 1: no server running on /tmp/tmux-501/ta-t121u01"
time=2026-08-21T23:13:06.985+08:00 level=DEBUG msg="discovery: skipping unreachable socket" socket=/tmp/tmux-501/ta-t121u01b err="query tmux on /tmp/tmux-501/ta-t121u01b: exit status 1: no server running on /tmp/tmux-501/ta-t121u01b"
time=2026-08-21T23:13:06.997+08:00 level=DEBUG msg="discovery: skipping unreachable socket" socket=/tmp/tmux-501/ta-user-agents err="query tmux on /tmp/tmux-501/ta-user-agents: exit status 1: no server running on /tmp/tmux-501/ta-user-agents"
time=2026-08-21T23:13:08.500+08:00 level=DEBUG msg="discovery: skipping unreachable socket" socket=/tmp/tmux-501/t115d24675 err="query tmux on /tmp/tmux-501/t115d24675: exit status 1: no server running on /tmp/tmux-501/t115d24675"
time=2026-08-21T23:13:08.508+08:00 level=DEBUG msg="discovery: skipping unreachable socket" socket=/tmp/tmux-501/t115e31319 err="query tmux on /tmp/tmux-501/t115e31319: exit status 1: no server running on /tmp/tmux-501/t115e31319"
time=2026-08-21T23:13:08.516+08:00 level=DEBUG msg="discovery: skipping unreachable socket" socket=/tmp/tmux-501/t115f44898 err="query tmux on /tmp/tmux-501/t115f44898: exit status 1: no server running on /tmp/tmux-501/t115f44898"
time=2026-08-21T23:13:08.525+08:00 level=DEBUG msg="discovery: skipping unreachable socket" socket=/tmp/tmux-501/t115g47728 err="query tmux on /tmp/tmux-501/t115g47728: exit status 1: no server running on /tmp/tmux-501/t115g47728"
time=2026-08-21T23:13:08.534+08:00 level=DEBUG msg="discovery: skipping unreachable socket" socket=/tmp/tmux-501/ta-0bafa3965ade err="query tmux on /tmp/tmux-501/ta-0bafa3965ade: exit status 1: no server running on /tmp/tmux-501/ta-0bafa3965ade"
time=2026-08-21T23:13:08.570+08:00 level=DEBUG msg="discovery: skipping unreachable socket" socket=/tmp/tmux-501/ta-61709dcf801e err="query tmux on /tmp/tmux-501/ta-61709dcf801e: exit status 1: no server running on /tmp/tmux-501/ta-61709dcf801e"
time=2026-08-21T23:13:08.593+08:00 level=DEBUG msg="discovery: skipping unparsable pane line" socket=/tmp/tmux-501/ta-a9fd5b7defbd line="team-refactor-maintainability|6|%39|/Users/alauda/Documents/code/agent前沿探索/多agent协作|bash|87458|t.p9.review 零上下文设计审查已通过<|eos|> - grok|235x50|tester-t124"
time=2026-08-21T23:13:08.612+08:00 level=DEBUG msg="discovery: skipping unreachable socket" socket=/tmp/tmux-501/ta-ed81bd4d8c17 err="query tmux on /tmp/tmux-501/ta-ed81bd4d8c17: exit status 1: no server running on /tmp/tmux-501/ta-ed81bd4d8c17"
time=2026-08-21T23:13:08.623+08:00 level=DEBUG msg="discovery: skipping unreachable socket" socket=/tmp/tmux-501/ta-f1ad1b378fc7 err="query tmux on /tmp/tmux-501/ta-f1ad1b378fc7: exit status 1: no server running on /tmp/tmux-501/ta-f1ad1b378fc7"
time=2026-08-21T23:13:08.642+08:00 level=DEBUG msg="discovery: skipping unreachable socket" socket=/tmp/tmux-501/ta-t121u01 err="query tmux on /tmp/tmux-501/ta-t121u01: exit status 1: no server running on /tmp/tmux-501/ta-t121u01"
time=2026-08-21T23:13:08.651+08:00 level=DEBUG msg="discovery: skipping unreachable socket" socket=/tmp/tmux-501/ta-t121u01b err="query tmux on /tmp/tmux-501/ta-t121u01b: exit status 1: no server running on /tmp/tmux-501/ta-t121u01b"
time=2026-08-21T23:13:08.660+08:00 level=DEBUG msg="discovery: skipping unreachable socket" socket=/tmp/tmux-501/ta-user-agents err="query tmux on /tmp/tmux-501/ta-user-agents: exit status 1: no server running on /tmp/tmux-501/ta-user-agents"
time=2026-08-21T23:13:08.752+08:00 level=WARN msg="level2: title unknown for provider" provider=grok codepoint=U+002B title="+ Agent 弹窗图标卡片重做 - grok" is_letter=false is_number=false leading_glyph=true status=unknown
time=2026-08-21T23:13:09.674+08:00 level=DEBUG msg="listing: no changes"
time=2026-08-21T23:13:10.206+08:00 level=DEBUG msg="discovery: skipping unreachable socket" socket=/tmp/tmux-501/t115d24675 err="query tmux on /tmp/tmux-501/t115d24675: exit status 1: no server running on /tmp/tmux-501/t115d24675"
time=2026-08-21T23:13:10.216+08:00 level=DEBUG msg="discovery: skipping unreachable socket" socket=/tmp/tmux-501/t115e31319 err="query tmux on /tmp/tmux-501/t115e31319: exit status 1: no server running on /tmp/tmux-501/t115e31319"
time=2026-08-21T23:13:10.225+08:00 level=DEBUG msg="discovery: skipping unreachable socket" socket=/tmp/tmux-501/t115f44898 err="query tmux on /tmp/tmux-501/t115f44898: exit status 1: no server running on /tmp/tmux-501/t115f44898"
time=2026-08-21T23:13:10.233+08:00 level=DEBUG msg="discovery: skipping unreachable socket" socket=/tmp/tmux-501/t115g47728 err="query tmux on /tmp/tmux-501/t115g47728: exit status 1: no server running on /tmp/tmux-501/t115g47728"
time=2026-08-21T23:13:10.241+08:00 level=DEBUG msg="discovery: skipping unreachable socket" socket=/tmp/tmux-501/ta-0bafa3965ade err="query tmux on /tmp/tmux-501/ta-0bafa3965ade: exit status 1: no server running on /tmp/tmux-501/ta-0bafa3965ade"
time=2026-08-21T23:13:10.279+08:00 level=DEBUG msg="discovery: skipping unreachable socket" socket=/tmp/tmux-501/ta-61709dcf801e err="query tmux on /tmp/tmux-501/ta-61709dcf801e: exit status 1: no server running on /tmp/tmux-501/ta-61709dcf801e"
time=2026-08-21T23:13:10.297+08:00 level=DEBUG msg="discovery: skipping unparsable pane line" socket=/tmp/tmux-501/ta-a9fd5b7defbd line="team-refactor-maintainability|6|%39|/Users/alauda/Documents/code/agent前沿探索/多agent协作|bash|87458|t.p9.review 零上下文设计审查已通过<|eos|> - grok|235x50|tester-t124"
time=2026-08-21T23:13:10.319+08:00 level=DEBUG msg="discovery: skipping unreachable socket" socket=/tmp/tmux-501/ta-ed81bd4d8c17 err="query tmux on /tmp/tmux-501/ta-ed81bd4d8c17: exit status 1: no server running on /tmp/tmux-501/ta-ed81bd4d8c17"
time=2026-08-21T23:13:10.328+08:00 level=DEBUG msg="discovery: skipping unreachable socket" socket=/tmp/tmux-501/ta-f1ad1b378fc7 err="query tmux on /tmp/tmux-501/ta-f1ad1b378fc7: exit status 1: no server running on /tmp/tmux-501/ta-f1ad1b378fc7"
time=2026-08-21T23:13:10.346+08:00 level=DEBUG msg="discovery: skipping unreachable socket" socket=/tmp/tmux-501/ta-t121u01 err="query tmux on /tmp/tmux-501/ta-t121u01: exit status 1: no server running on /tmp/tmux-501/ta-t121u01"
time=2026-08-21T23:13:10.355+08:00 level=DEBUG msg="discovery: skipping unreachable socket" socket=/tmp/tmux-501/ta-t121u01b err="query tmux on /tmp/tmux-501/ta-t121u01b: exit status 1: no server running on /tmp/tmux-501/ta-t121u01b"
time=2026-08-21T23:13:10.367+08:00 level=DEBUG msg="discovery: skipping unreachable socket" socket=/tmp/tmux-501/ta-user-agents err="query tmux on /tmp/tmux-501/ta-user-agents: exit status 1: no server running on /tmp/tmux-501/ta-user-agents"
time=2026-08-21T23:13:10.785+08:00 level=DEBUG msg="discovery: skipping unreachable socket" socket=/tmp/tmux-501/t115d24675 err="query tmux on /tmp/tmux-501/t115d24675: exit status 1: no server running on /tmp/tmux-501/t115d24675"
time=2026-08-21T23:13:10.794+08:00 level=DEBUG msg="discovery: skipping unreachable socket" socket=/tmp/tmux-501/t115e31319 err="query tmux on /tmp/tmux-501/t115e31319: exit status 1: no server running on /tmp/tmux-501/t115e31319"
time=2026-08-21T23:13:10.803+08:00 level=DEBUG msg="discovery: skipping unreachable socket" socket=/tmp/tmux-501/t115f44898 err="query tmux on /tmp/tmux-501/t115f44898: exit status 1: no server running on /tmp/tmux-501/t115f44898"
time=2026-08-21T23:13:10.812+08:00 level=DEBUG msg="discovery: skipping unreachable socket" socket=/tmp/tmux-501/t115g47728 err="query tmux on /tmp/tmux-501/t115g47728: exit status 1: no server running on /tmp/tmux-501/t115g47728"
time=2026-08-21T23:13:10.821+08:00 level=DEBUG msg="discovery: skipping unreachable socket" socket=/tmp/tmux-501/ta-0bafa3965ade err="query tmux on /tmp/tmux-501/ta-0bafa3965ade: exit status 1: no server running on /tmp/tmux-501/ta-0bafa3965ade"
time=2026-08-21T23:13:10.862+08:00 level=DEBUG msg="discovery: skipping unreachable socket" socket=/tmp/tmux-501/ta-61709dcf801e err="query tmux on /tmp/tmux-501/ta-61709dcf801e: exit status 1: no server running on /tmp/tmux-501/ta-61709dcf801e"
time=2026-08-21T23:13:10.966+08:00 level=DEBUG msg="discovery: skipping unparsable pane line" socket=/tmp/tmux-501/ta-a9fd5b7defbd line="team-refactor-maintainability|6|%39|/Users/alauda/Documents/code/agent前沿探索/多agent协作|bash|87458|t.p9.review 零上下文设计审查已通过<|eos|> - grok|235x50|tester-t124"
time=2026-08-21T23:13:10.999+08:00 level=DEBUG msg="discovery: skipping unreachable socket" socket=/tmp/tmux-501/ta-ed81bd4d8c17 err="query tmux on /tmp/tmux-501/ta-ed81bd4d8c17: exit status 1: no server running on /tmp/tmux-501/ta-ed81bd4d8c17"
time=2026-08-21T23:13:11.015+08:00 level=DEBUG msg="discovery: skipping unreachable socket" socket=/tmp/tmux-501/ta-f1ad1b378fc7 err="query tmux on /tmp/tmux-501/ta-f1ad1b378fc7: exit status 1: no server running on /tmp/tmux-501/ta-f1ad1b378fc7"
time=2026-08-21T23:13:11.040+08:00 level=DEBUG msg="discovery: skipping unreachable socket" socket=/tmp/tmux-501/ta-t121u01 err="query tmux on /tmp/tmux-501/ta-t121u01: exit status 1: no server running on /tmp/tmux-501/ta-t121u01"
time=2026-08-21T23:13:11.051+08:00 level=DEBUG msg="discovery: skipping unreachable socket" socket=/tmp/tmux-501/ta-t121u01b err="query tmux on /tmp/tmux-501/ta-t121u01b: exit status 1: no server running on /tmp/tmux-501/ta-t121u01b"
time=2026-08-21T23:13:11.060+08:00 level=DEBUG msg="discovery: skipping unreachable socket" socket=/tmp/tmux-501/ta-user-agents err="query tmux on /tmp/tmux-501/ta-user-agents: exit status 1: no server running on /tmp/tmux-501/ta-user-agents"
time=2026-08-21T23:13:11.123+08:00 level=WARN msg="level2: title unknown for provider" provider=grok codepoint=U+002B title="+ Agent 弹窗图标卡片重做 - grok" is_letter=false is_number=false leading_glyph=true status=unknown
time=2026-08-21T23:13:13.160+08:00 level=DEBUG msg="discovery: skipping unreachable socket" socket=/tmp/tmux-501/t115d24675 err="query tmux on /tmp/tmux-501/t115d24675: exit status 1: no server running on /tmp/tmux-501/t115d24675"
time=2026-08-21T23:13:13.170+08:00 level=DEBUG msg="discovery: skipping unreachable socket" socket=/tmp/tmux-501/t115e31319 err="query tmux on /tmp/tmux-501/t115e31319: exit status 1: no server running on /tmp/tmux-501/t115e31319"
time=2026-08-21T23:13:13.184+08:00 level=DEBUG msg="discovery: skipping unreachable socket" socket=/tmp/tmux-501/t115f44898 err="query tmux on /tmp/tmux-501/t115f44898: exit status 1: no server running on /tmp/tmux-501/t115f44898"
time=2026-08-21T23:13:13.194+08:00 level=DEBUG msg="discovery: skipping unreachable socket" socket=/tmp/tmux-501/t115g47728 err="query tmux on /tmp/tmux-501/t115g47728: exit status 1: no server running on /tmp/tmux-501/t115g47728"
time=2026-08-21T23:13:13.203+08:00 level=DEBUG msg="discovery: skipping unreachable socket" socket=/tmp/tmux-501/ta-0bafa3965ade err="query tmux on /tmp/tmux-501/ta-0bafa3965ade: exit status 1: no server running on /tmp/tmux-501/ta-0bafa3965ade"
time=2026-08-21T23:13:13.252+08:00 level=DEBUG msg="discovery: skipping unreachable socket" socket=/tmp/tmux-501/ta-61709dcf801e err="query tmux on /tmp/tmux-501/ta-61709dcf801e: exit status 1: no server running on /tmp/tmux-501/ta-61709dcf801e"
time=2026-08-21T23:13:13.275+08:00 level=DEBUG msg="discovery: skipping unparsable pane line" socket=/tmp/tmux-501/ta-a9fd5b7defbd line="team-refactor-maintainability|6|%39|/Users/alauda/Documents/code/agent前沿探索/多agent协作|bash|87458|t.p9.review 零上下文设计审查已通过<|eos|> - grok|235x50|tester-t124"
time=2026-08-21T23:13:13.279+08:00 level=DEBUG msg="listing: no changes"
time=2026-08-21T23:13:13.296+08:00 level=DEBUG msg="discovery: skipping unreachable socket" socket=/tmp/tmux-501/ta-ed81bd4d8c17 err="query tmux on /tmp/tmux-501/ta-ed81bd4d8c17: exit status 1: no server running on /tmp/tmux-501/ta-ed81bd4d8c17"
time=2026-08-21T23:13:13.306+08:00 level=DEBUG msg="discovery: skipping unreachable socket" socket=/tmp/tmux-501/ta-f1ad1b378fc7 err="query tmux on /tmp/tmux-501/ta-f1ad1b378fc7: exit status 1: no server running on /tmp/tmux-501/ta-f1ad1b378fc7"
time=2026-08-21T23:13:13.333+08:00 level=DEBUG msg="discovery: skipping unreachable socket" socket=/tmp/tmux-501/ta-t121u01 err="query tmux on /tmp/tmux-501/ta-t121u01: exit status 1: no server running on /tmp/tmux-501/ta-t121u01"
time=2026-08-21T23:13:13.358+08:00 level=DEBUG msg="discovery: skipping unreachable socket" socket=/tmp/tmux-501/ta-t121u01b err="query tmux on /tmp/tmux-501/ta-t121u01b: exit status 1: no server running on /tmp/tmux-501/ta-t121u01b"
time=2026-08-21T23:13:13.369+08:00 level=DEBUG msg="discovery: skipping unreachable socket" socket=/tmp/tmux-501/ta-user-agents err="query tmux on /tmp/tmux-501/ta-user-agents: exit status 1: no server running on /tmp/tmux-501/ta-user-agents"
time=2026-08-21T23:13:13.414+08:00 level=WARN msg="level2: title unknown for provider" provider=grok codepoint=U+002B title="+ Agent 弹窗图标卡片重做 - grok" is_letter=false is_number=false leading_glyph=true status=unknown
time=2026-08-21T23:13:13.806+08:00 level=DEBUG msg="discovery: skipping unreachable socket" socket=/tmp/tmux-501/t115d24675 err="query tmux on /tmp/tmux-501/t115d24675: exit status 1: no server running on /tmp/tmux-501/t115d24675"
time=2026-08-21T23:13:13.816+08:00 level=DEBUG msg="discovery: skipping unreachable socket" socket=/tmp/tmux-501/t115e31319 err="query tmux on /tmp/tmux-501/t115e31319: exit status 1: no server running on /tmp/tmux-501/t115e31319"
time=2026-08-21T23:13:13.824+08:00 level=DEBUG msg="discovery: skipping unreachable socket" socket=/tmp/tmux-501/t115f44898 err="query tmux on /tmp/tmux-501/t115f44898: exit status 1: no server running on /tmp/tmux-501/t115f44898"
time=2026-08-21T23:13:13.832+08:00 level=DEBUG msg="discovery: skipping unreachable socket" socket=/tmp/tmux-501/t115g47728 err="query tmux on /tmp/tmux-501/t115g47728: exit status 1: no server running on /tmp/tmux-501/t115g47728"
time=2026-08-21T23:13:13.841+08:00 level=DEBUG msg="discovery: skipping unreachable socket" socket=/tmp/tmux-501/ta-0bafa3965ade err="query tmux on /tmp/tmux-501/ta-0bafa3965ade: exit status 1: no server running on /tmp/tmux-501/ta-0bafa3965ade"
time=2026-08-21T23:13:13.878+08:00 level=DEBUG msg="discovery: skipping unreachable socket" socket=/tmp/tmux-501/ta-61709dcf801e err="query tmux on /tmp/tmux-501/ta-61709dcf801e: exit status 1: no server running on /tmp/tmux-501/ta-61709dcf801e"
time=2026-08-21T23:13:13.897+08:00 level=DEBUG msg="discovery: skipping unparsable pane line" socket=/tmp/tmux-501/ta-a9fd5b7defbd line="team-refactor-maintainability|6|%39|/Users/alauda/Documents/code/agent前沿探索/多agent协作|bash|87458|t.p9.review 零上下文设计审查已通过<|eos|> - grok|235x50|tester-t124"
time=2026-08-21T23:13:13.920+08:00 level=DEBUG msg="discovery: skipping unreachable socket" socket=/tmp/tmux-501/ta-ed81bd4d8c17 err="query tmux on /tmp/tmux-501/ta-ed81bd4d8c17: exit status 1: no server running on /tmp/tmux-501/ta-ed81bd4d8c17"
time=2026-08-21T23:13:13.928+08:00 level=DEBUG msg="discovery: skipping unreachable socket" socket=/tmp/tmux-501/ta-f1ad1b378fc7 err="query tmux on /tmp/tmux-501/ta-f1ad1b378fc7: exit status 1: no server running on /tmp/tmux-501/ta-f1ad1b378fc7"
time=2026-08-21T23:13:13.946+08:00 level=DEBUG msg="discovery: skipping unreachable socket" socket=/tmp/tmux-501/ta-t121u01 err="query tmux on /tmp/tmux-501/ta-t121u01: exit status 1: no server running on /tmp/tmux-501/ta-t121u01"
time=2026-08-21T23:13:13.955+08:00 level=DEBUG msg="discovery: skipping unreachable socket" socket=/tmp/tmux-501/ta-t121u01b err="query tmux on /tmp/tmux-501/ta-t121u01b: exit status 1: no server running on /tmp/tmux-501/ta-t121u01b"
time=2026-08-21T23:13:13.963+08:00 level=DEBUG msg="discovery: skipping unreachable socket" socket=/tmp/tmux-501/ta-user-agents err="query tmux on /tmp/tmux-501/ta-user-agents: exit status 1: no server running on /tmp/tmux-501/ta-user-agents"
time=2026-08-21T23:13:15.546+08:00 level=DEBUG msg="discovery: skipping unreachable socket" socket=/tmp/tmux-501/t115d24675 err="query tmux on /tmp/tmux-501/t115d24675: exit status 1: no server running on /tmp/tmux-501/t115d24675"
time=2026-08-21T23:13:15.555+08:00 level=DEBUG msg="discovery: skipping unreachable socket" socket=/tmp/tmux-501/t115e31319 err="query tmux on /tmp/tmux-501/t115e31319: exit status 1: no server running on /tmp/tmux-501/t115e31319"
time=2026-08-21T23:13:15.565+08:00 level=DEBUG msg="discovery: skipping unreachable socket" socket=/tmp/tmux-501/t115f44898 err="query tmux on /tmp/tmux-501/t115f44898: exit status 1: no server running on /tmp/tmux-501/t115f44898"
time=2026-08-21T23:13:15.574+08:00 level=DEBUG msg="discovery: skipping unreachable socket" socket=/tmp/tmux-501/t115g47728 err="query tmux on /tmp/tmux-501/t115g47728: exit status 1: no server running on /tmp/tmux-501/t115g47728"
time=2026-08-21T23:13:15.583+08:00 level=DEBUG msg="discovery: skipping unreachable socket" socket=/tmp/tmux-501/ta-0bafa3965ade err="query tmux on /tmp/tmux-501/ta-0bafa3965ade: exit status 1: no server running on /tmp/tmux-501/ta-0bafa3965ade"
time=2026-08-21T23:13:15.627+08:00 level=DEBUG msg="discovery: skipping unreachable socket" socket=/tmp/tmux-501/ta-61709dcf801e err="query tmux on /tmp/tmux-501/ta-61709dcf801e: exit status 1: no server running on /tmp/tmux-501/ta-61709dcf801e"
time=2026-08-21T23:13:15.656+08:00 level=DEBUG msg="discovery: skipping unparsable pane line" socket=/tmp/tmux-501/ta-a9fd5b7defbd line="team-refactor-maintainability|6|%39|/Users/alauda/Documents/code/agent前沿探索/多agent协作|bash|87458|t.p9.review 零上下文设计审查已通过<|eos|> - grok|235x50|tester-t124"
time=2026-08-21T23:13:15.678+08:00 level=DEBUG msg="discovery: skipping unreachable socket" socket=/tmp/tmux-501/ta-ed81bd4d8c17 err="query tmux on /tmp/tmux-501/ta-ed81bd4d8c17: exit status 1: no server running on /tmp/tmux-501/ta-ed81bd4d8c17"
time=2026-08-21T23:13:15.687+08:00 level=DEBUG msg="discovery: skipping unreachable socket" socket=/tmp/tmux-501/ta-f1ad1b378fc7 err="query tmux on /tmp/tmux-501/ta-f1ad1b378fc7: exit status 1: no server running on /tmp/tmux-501/ta-f1ad1b378fc7"
time=2026-08-21T23:13:15.711+08:00 level=DEBUG msg="discovery: skipping unreachable socket" socket=/tmp/tmux-501/ta-t121u01 err="query tmux on /tmp/tmux-501/ta-t121u01: exit status 1: no server running on /tmp/tmux-501/ta-t121u01"
time=2026-08-21T23:13:15.720+08:00 level=DEBUG msg="discovery: skipping unreachable socket" socket=/tmp/tmux-501/ta-t121u01b err="query tmux on /tmp/tmux-501/ta-t121u01b: exit status 1: no server running on /tmp/tmux-501/ta-t121u01b"
time=2026-08-21T23:13:15.728+08:00 level=DEBUG msg="discovery: skipping unreachable socket" socket=/tmp/tmux-501/ta-user-agents err="query tmux on /tmp/tmux-501/ta-user-agents: exit status 1: no server running on /tmp/tmux-501/ta-user-agents"
time=2026-08-21T23:13:15.869+08:00 level=WARN msg="level2: title unknown for provider" provider=grok codepoint=U+002B title="+ Agent 弹窗图标卡片重做 - grok" is_letter=false is_number=false leading_glyph=true status=unknown
time=2026-08-21T23:13:16.744+08:00 level=DEBUG msg="listing: no changes"
time=2026-08-21T23:13:17.273+08:00 level=DEBUG msg="discovery: skipping unreachable socket" socket=/tmp/tmux-501/t115d24675 err="query tmux on /tmp/tmux-501/t115d24675: exit status 1: no server running on /tmp/tmux-501/t115d24675"
time=2026-08-21T23:13:17.281+08:00 level=DEBUG msg="discovery: skipping unreachable socket" socket=/tmp/tmux-501/t115e31319 err="query tmux on /tmp/tmux-501/t115e31319: exit status 1: no server running on /tmp/tmux-501/t115e31319"
time=2026-08-21T23:13:17.290+08:00 level=DEBUG msg="discovery: skipping unreachable socket" socket=/tmp/tmux-501/t115f44898 err="query tmux on /tmp/tmux-501/t115f44898: exit status 1: no server running on /tmp/tmux-501/t115f44898"
time=2026-08-21T23:13:17.299+08:00 level=DEBUG msg="discovery: skipping unreachable socket" socket=/tmp/tmux-501/t115g47728 err="query tmux on /tmp/tmux-501/t115g47728: exit status 1: no server running on /tmp/tmux-501/t115g47728"
time=2026-08-21T23:13:17.307+08:00 level=DEBUG msg="discovery: skipping unreachable socket" socket=/tmp/tmux-501/ta-0bafa3965ade err="query tmux on /tmp/tmux-501/ta-0bafa3965ade: exit status 1: no server running on /tmp/tmux-501/ta-0bafa3965ade"
time=2026-08-21T23:13:17.342+08:00 level=DEBUG msg="discovery: skipping unreachable socket" socket=/tmp/tmux-501/ta-61709dcf801e err="query tmux on /tmp/tmux-501/ta-61709dcf801e: exit status 1: no server running on /tmp/tmux-501/ta-61709dcf801e"
time=2026-08-21T23:13:17.362+08:00 level=DEBUG msg="discovery: skipping unparsable pane line" socket=/tmp/tmux-501/ta-a9fd5b7defbd line="team-refactor-maintainability|6|%39|/Users/alauda/Documents/code/agent前沿探索/多agent协作|bash|87458|t.p9.review 零上下文设计审查已通过<|eos|> - grok|235x50|tester-t124"
time=2026-08-21T23:13:17.379+08:00 level=DEBUG msg="discovery: skipping unreachable socket" socket=/tmp/tmux-501/ta-ed81bd4d8c17 err="query tmux on /tmp/tmux-501/ta-ed81bd4d8c17: exit status 1: no server running on /tmp/tmux-501/ta-ed81bd4d8c17"
time=2026-08-21T23:13:17.388+08:00 level=DEBUG msg="discovery: skipping unreachable socket" socket=/tmp/tmux-501/ta-f1ad1b378fc7 err="query tmux on /tmp/tmux-501/ta-f1ad1b378fc7: exit status 1: no server running on /tmp/tmux-501/ta-f1ad1b378fc7"
time=2026-08-21T23:13:17.405+08:00 level=DEBUG msg="discovery: skipping unreachable socket" socket=/tmp/tmux-501/ta-t121u01 err="query tmux on /tmp/tmux-501/ta-t121u01: exit status 1: no server running on /tmp/tmux-501/ta-t121u01"
time=2026-08-21T23:13:17.413+08:00 level=DEBUG msg="discovery: skipping unreachable socket" socket=/tmp/tmux-501/ta-t121u01b err="query tmux on /tmp/tmux-501/ta-t121u01b: exit status 1: no server running on /tmp/tmux-501/ta-t121u01b"
time=2026-08-21T23:13:17.422+08:00 level=DEBUG msg="discovery: skipping unreachable socket" socket=/tmp/tmux-501/ta-user-agents err="query tmux on /tmp/tmux-501/ta-user-agents: exit status 1: no server running on /tmp/tmux-501/ta-user-agents"
time=2026-08-21T23:13:17.900+08:00 level=DEBUG msg="discovery: skipping unreachable socket" socket=/tmp/tmux-501/t115d24675 err="query tmux on /tmp/tmux-501/t115d24675: exit status 1: no server running on /tmp/tmux-501/t115d24675"
time=2026-08-21T23:13:17.917+08:00 level=DEBUG msg="discovery: skipping unreachable socket" socket=/tmp/tmux-501/t115e31319 err="query tmux on /tmp/tmux-501/t115e31319: exit status 1: no server running on /tmp/tmux-501/t115e31319"
time=2026-08-21T23:13:17.928+08:00 level=DEBUG msg="discovery: skipping unreachable socket" socket=/tmp/tmux-501/t115f44898 err="query tmux on /tmp/tmux-501/t115f44898: exit status 1: no server running on /tmp/tmux-501/t115f44898"
time=2026-08-21T23:13:17.938+08:00 level=DEBUG msg="discovery: skipping unreachable socket" socket=/tmp/tmux-501/t115g47728 err="query tmux on /tmp/tmux-501/t115g47728: exit status 1: no server running on /tmp/tmux-501/t115g47728"
time=2026-08-21T23:13:17.948+08:00 level=DEBUG msg="discovery: skipping unreachable socket" socket=/tmp/tmux-501/ta-0bafa3965ade err="query tmux on /tmp/tmux-501/ta-0bafa3965ade: exit status 1: no server running on /tmp/tmux-501/ta-0bafa3965ade"
time=2026-08-21T23:13:17.997+08:00 level=DEBUG msg="discovery: skipping unreachable socket" socket=/tmp/tmux-501/ta-61709dcf801e err="query tmux on /tmp/tmux-501/ta-61709dcf801e: exit status 1: no server running on /tmp/tmux-501/ta-61709dcf801e"
time=2026-08-21T23:13:18.021+08:00 level=DEBUG msg="discovery: skipping unparsable pane line" socket=/tmp/tmux-501/ta-a9fd5b7defbd line="team-refactor-maintainability|6|%39|/Users/alauda/Documents/code/agent前沿探索/多agent协作|bash|87458|t.p9.review 零上下文设计审查已通过<|eos|> - grok|235x50|tester-t124"
time=2026-08-21T23:13:18.044+08:00 level=DEBUG msg="discovery: skipping unreachable socket" socket=/tmp/tmux-501/ta-ed81bd4d8c17 err="query tmux on /tmp/tmux-501/ta-ed81bd4d8c17: exit status 1: no server running on /tmp/tmux-501/ta-ed81bd4d8c17"
time=2026-08-21T23:13:18.054+08:00 level=DEBUG msg="discovery: skipping unreachable socket" socket=/tmp/tmux-501/ta-f1ad1b378fc7 err="query tmux on /tmp/tmux-501/ta-f1ad1b378fc7: exit status 1: no server running on /tmp/tmux-501/ta-f1ad1b378fc7"
time=2026-08-21T23:13:18.081+08:00 level=DEBUG msg="discovery: skipping unreachable socket" socket=/tmp/tmux-501/ta-t121u01 err="query tmux on /tmp/tmux-501/ta-t121u01: exit status 1: no server running on /tmp/tmux-501/ta-t121u01"
time=2026-08-21T23:13:18.091+08:00 level=DEBUG msg="discovery: skipping unreachable socket" socket=/tmp/tmux-501/ta-t121u01b err="query tmux on /tmp/tmux-501/ta-t121u01b: exit status 1: no server running on /tmp/tmux-501/ta-t121u01b"
time=2026-08-21T23:13:18.102+08:00 level=DEBUG msg="discovery: skipping unreachable socket" socket=/tmp/tmux-501/ta-user-agents err="query tmux on /tmp/tmux-501/ta-user-agents: exit status 1: no server running on /tmp/tmux-501/ta-user-agents"
time=2026-08-21T23:13:18.224+08:00 level=WARN msg="level2: title unknown for provider" provider=grok codepoint=U+002B title="+ Agent 弹窗图标卡片重做 - grok" is_letter=false is_number=false leading_glyph=true status=unknown
time=2026-08-21T23:13:20.142+08:00 level=DEBUG msg="listing: no changes"
time=2026-08-21T23:13:20.253+08:00 level=DEBUG msg="discovery: skipping unreachable socket" socket=/tmp/tmux-501/t115d24675 err="query tmux on /tmp/tmux-501/t115d24675: exit status 1: no server running on /tmp/tmux-501/t115d24675"
time=2026-08-21T23:13:20.263+08:00 level=DEBUG msg="discovery: skipping unreachable socket" socket=/tmp/tmux-501/t115e31319 err="query tmux on /tmp/tmux-501/t115e31319: exit status 1: no server running on /tmp/tmux-501/t115e31319"
time=2026-08-21T23:13:20.271+08:00 level=DEBUG msg="discovery: skipping unreachable socket" socket=/tmp/tmux-501/t115f44898 err="query tmux on /tmp/tmux-501/t115f44898: exit status 1: no server running on /tmp/tmux-501/t115f44898"
time=2026-08-21T23:13:20.280+08:00 level=DEBUG msg="discovery: skipping unreachable socket" socket=/tmp/tmux-501/t115g47728 err="query tmux on /tmp/tmux-501/t115g47728: exit status 1: no server running on /tmp/tmux-501/t115g47728"
time=2026-08-21T23:13:20.289+08:00 level=DEBUG msg="discovery: skipping unreachable socket" socket=/tmp/tmux-501/ta-0bafa3965ade err="query tmux on /tmp/tmux-501/ta-0bafa3965ade: exit status 1: no server running on /tmp/tmux-501/ta-0bafa3965ade"
time=2026-08-21T23:13:20.434+08:00 level=DEBUG msg="discovery: skipping unreachable socket" socket=/tmp/tmux-501/ta-61709dcf801e err="query tmux on /tmp/tmux-501/ta-61709dcf801e: exit status 1: no server running on /tmp/tmux-501/ta-61709dcf801e"
time=2026-08-21T23:13:20.456+08:00 level=DEBUG msg="discovery: skipping unparsable pane line" socket=/tmp/tmux-501/ta-a9fd5b7defbd line="team-refactor-maintainability|6|%39|/Users/alauda/Documents/code/agent前沿探索/多agent协作|bash|87458|t.p9.review 零上下文设计审查已通过<|eos|> - grok|235x50|tester-t124"
time=2026-08-21T23:13:20.475+08:00 level=DEBUG msg="discovery: skipping unreachable socket" socket=/tmp/tmux-501/ta-ed81bd4d8c17 err="query tmux on /tmp/tmux-501/ta-ed81bd4d8c17: exit status 1: no server running on /tmp/tmux-501/ta-ed81bd4d8c17"
time=2026-08-21T23:13:20.486+08:00 level=DEBUG msg="discovery: skipping unreachable socket" socket=/tmp/tmux-501/ta-f1ad1b378fc7 err="query tmux on /tmp/tmux-501/ta-f1ad1b378fc7: exit status 1: no server running on /tmp/tmux-501/ta-f1ad1b378fc7"
time=2026-08-21T23:13:20.505+08:00 level=DEBUG msg="discovery: skipping unreachable socket" socket=/tmp/tmux-501/ta-t121u01 err="query tmux on /tmp/tmux-501/ta-t121u01: exit status 1: no server running on /tmp/tmux-501/ta-t121u01"
time=2026-08-21T23:13:20.514+08:00 level=DEBUG msg="discovery: skipping unreachable socket" socket=/tmp/tmux-501/ta-t121u01b err="query tmux on /tmp/tmux-501/ta-t121u01b: exit status 1: no server running on /tmp/tmux-501/ta-t121u01b"
time=2026-08-21T23:13:20.522+08:00 level=DEBUG msg="discovery: skipping unreachable socket" socket=/tmp/tmux-501/ta-user-agents err="query tmux on /tmp/tmux-501/ta-user-agents: exit status 1: no server running on /tmp/tmux-501/ta-user-agents"
time=2026-08-21T23:13:20.570+08:00 level=WARN msg="level2: title unknown for provider" provider=grok codepoint=U+002B title="+ Agent 弹窗图标卡片重做 - grok" is_letter=false is_number=false leading_glyph=true status=unknown
time=2026-08-21T23:13:20.671+08:00 level=DEBUG msg="discovery: skipping unreachable socket" socket=/tmp/tmux-501/t115d24675 err="query tmux on /tmp/tmux-501/t115d24675: exit status 1: no server running on /tmp/tmux-501/t115d24675"
time=2026-08-21T23:13:20.680+08:00 level=DEBUG msg="discovery: skipping unreachable socket" socket=/tmp/tmux-501/t115e31319 err="query tmux on /tmp/tmux-501/t115e31319: exit status 1: no server running on /tmp/tmux-501/t115e31319"
time=2026-08-21T23:13:20.692+08:00 level=DEBUG msg="discovery: skipping unreachable socket" socket=/tmp/tmux-501/t115f44898 err="query tmux on /tmp/tmux-501/t115f44898: exit status 1: no server running on /tmp/tmux-501/t115f44898"
time=2026-08-21T23:13:20.701+08:00 level=DEBUG msg="discovery: skipping unreachable socket" socket=/tmp/tmux-501/t115g47728 err="query tmux on /tmp/tmux-501/t115g47728: exit status 1: no server running on /tmp/tmux-501/t115g47728"
time=2026-08-21T23:13:20.710+08:00 level=DEBUG msg="discovery: skipping unreachable socket" socket=/tmp/tmux-501/ta-0bafa3965ade err="query tmux on /tmp/tmux-501/ta-0bafa3965ade: exit status 1: no server running on /tmp/tmux-501/ta-0bafa3965ade"
time=2026-08-21T23:13:20.745+08:00 level=DEBUG msg="discovery: skipping unreachable socket" socket=/tmp/tmux-501/ta-61709dcf801e err="query tmux on /tmp/tmux-501/ta-61709dcf801e: exit status 1: no server running on /tmp/tmux-501/ta-61709dcf801e"
time=2026-08-21T23:13:20.764+08:00 level=DEBUG msg="discovery: skipping unparsable pane line" socket=/tmp/tmux-501/ta-a9fd5b7defbd line="team-refactor-maintainability|6|%39|/Users/alauda/Documents/code/agent前沿探索/多agent协作|bash|87458|t.p9.review 零上下文设计审查已通过<|eos|> - grok|235x50|tester-t124"
time=2026-08-21T23:13:20.784+08:00 level=DEBUG msg="discovery: skipping unreachable socket" socket=/tmp/tmux-501/ta-ed81bd4d8c17 err="query tmux on /tmp/tmux-501/ta-ed81bd4d8c17: exit status 1: no server running on /tmp/tmux-501/ta-ed81bd4d8c17"
time=2026-08-21T23:13:20.793+08:00 level=DEBUG msg="discovery: skipping unreachable socket" socket=/tmp/tmux-501/ta-f1ad1b378fc7 err="query tmux on /tmp/tmux-501/ta-f1ad1b378fc7: exit status 1: no server running on /tmp/tmux-501/ta-f1ad1b378fc7"
time=2026-08-21T23:13:20.810+08:00 level=DEBUG msg="discovery: skipping unreachable socket" socket=/tmp/tmux-501/ta-t121u01 err="query tmux on /tmp/tmux-501/ta-t121u01: exit status 1: no server running on /tmp/tmux-501/ta-t121u01"
time=2026-08-21T23:13:20.818+08:00 level=DEBUG msg="discovery: skipping unreachable socket" socket=/tmp/tmux-501/ta-t121u01b err="query tmux on /tmp/tmux-501/ta-t121u01b: exit status 1: no server running on /tmp/tmux-501/ta-t121u01b"
time=2026-08-21T23:13:20.828+08:00 level=DEBUG msg="discovery: skipping unreachable socket" socket=/tmp/tmux-501/ta-user-agents err="query tmux on /tmp/tmux-501/ta-user-agents: exit status 1: no server running on /tmp/tmux-501/ta-user-agents"
time=2026-08-21T23:13:22.601+08:00 level=DEBUG msg="discovery: skipping unreachable socket" socket=/tmp/tmux-501/t115d24675 err="query tmux on /tmp/tmux-501/t115d24675: exit status 1: no server running on /tmp/tmux-501/t115d24675"
time=2026-08-21T23:13:22.609+08:00 level=DEBUG msg="discovery: skipping unreachable socket" socket=/tmp/tmux-501/t115e31319 err="query tmux on /tmp/tmux-501/t115e31319: exit status 1: no server running on /tmp/tmux-501/t115e31319"
time=2026-08-21T23:13:22.618+08:00 level=DEBUG msg="discovery: skipping unreachable socket" socket=/tmp/tmux-501/t115f44898 err="query tmux on /tmp/tmux-501/t115f44898: exit status 1: no server running on /tmp/tmux-501/t115f44898"
time=2026-08-21T23:13:22.627+08:00 level=DEBUG msg="discovery: skipping unreachable socket" socket=/tmp/tmux-501/t115g47728 err="query tmux on /tmp/tmux-501/t115g47728: exit status 1: no server running on /tmp/tmux-501/t115g47728"
time=2026-08-21T23:13:22.636+08:00 level=DEBUG msg="discovery: skipping unreachable socket" socket=/tmp/tmux-501/ta-0bafa3965ade err="query tmux on /tmp/tmux-501/ta-0bafa3965ade: exit status 1: no server running on /tmp/tmux-501/ta-0bafa3965ade"
time=2026-08-21T23:13:22.673+08:00 level=DEBUG msg="discovery: skipping unreachable socket" socket=/tmp/tmux-501/ta-61709dcf801e err="query tmux on /tmp/tmux-501/ta-61709dcf801e: exit status 1: no server running on /tmp/tmux-501/ta-61709dcf801e"
time=2026-08-21T23:13:22.695+08:00 level=DEBUG msg="discovery: skipping unparsable pane line" socket=/tmp/tmux-501/ta-a9fd5b7defbd line="team-refactor-maintainability|6|%39|/Users/alauda/Documents/code/agent前沿探索/多agent协作|bash|87458|t.p9.review 零上下文设计审查已通过<|eos|> - grok|235x50|tester-t124"
time=2026-08-21T23:13:22.713+08:00 level=DEBUG msg="discovery: skipping unreachable socket" socket=/tmp/tmux-501/ta-ed81bd4d8c17 err="query tmux on /tmp/tmux-501/ta-ed81bd4d8c17: exit status 1: no server running on /tmp/tmux-501/ta-ed81bd4d8c17"
time=2026-08-21T23:13:22.722+08:00 level=DEBUG msg="discovery: skipping unreachable socket" socket=/tmp/tmux-501/ta-f1ad1b378fc7 err="query tmux on /tmp/tmux-501/ta-f1ad1b378fc7: exit status 1: no server running on /tmp/tmux-501/ta-f1ad1b378fc7"
time=2026-08-21T23:13:22.744+08:00 level=DEBUG msg="discovery: skipping unreachable socket" socket=/tmp/tmux-501/ta-t121u01 err="query tmux on /tmp/tmux-501/ta-t121u01: exit status 1: no server running on /tmp/tmux-501/ta-t121u01"
time=2026-08-21T23:13:22.753+08:00 level=DEBUG msg="discovery: skipping unreachable socket" socket=/tmp/tmux-501/ta-t121u01b err="query tmux on /tmp/tmux-501/ta-t121u01b: exit status 1: no server running on /tmp/tmux-501/ta-t121u01b"
time=2026-08-21T23:13:22.761+08:00 level=DEBUG msg="discovery: skipping unreachable socket" socket=/tmp/tmux-501/ta-user-agents err="query tmux on /tmp/tmux-501/ta-user-agents: exit status 1: no server running on /tmp/tmux-501/ta-user-agents"
time=2026-08-21T23:13:22.866+08:00 level=WARN msg="level2: title unknown for provider" provider=grok codepoint=U+002B title="+ Agent 弹窗图标卡片重做 - grok" is_letter=false is_number=false leading_glyph=true status=unknown
time=2026-08-21T23:13:23.431+08:00 level=DEBUG msg="listing: no changes"
time=2026-08-21T23:13:23.960+08:00 level=DEBUG msg="discovery: skipping unreachable socket" socket=/tmp/tmux-501/t115d24675 err="query tmux on /tmp/tmux-501/t115d24675: exit status 1: no server running on /tmp/tmux-501/t115d24675"
time=2026-08-21T23:13:23.968+08:00 level=DEBUG msg="discovery: skipping unreachable socket" socket=/tmp/tmux-501/t115e31319 err="query tmux on /tmp/tmux-501/t115e31319: exit status 1: no server running on /tmp/tmux-501/t115e31319"
time=2026-08-21T23:13:23.976+08:00 level=DEBUG msg="discovery: skipping unreachable socket" socket=/tmp/tmux-501/t115f44898 err="query tmux on /tmp/tmux-501/t115f44898: exit status 1: no server running on /tmp/tmux-501/t115f44898"
time=2026-08-21T23:13:23.987+08:00 level=DEBUG msg="discovery: skipping unreachable socket" socket=/tmp/tmux-501/t115g47728 err="query tmux on /tmp/tmux-501/t115g47728: exit status 1: no server running on /tmp/tmux-501/t115g47728"
time=2026-08-21T23:13:23.996+08:00 level=DEBUG msg="discovery: skipping unreachable socket" socket=/tmp/tmux-501/ta-0bafa3965ade err="query tmux on /tmp/tmux-501/ta-0bafa3965ade: exit status 1: no server running on /tmp/tmux-501/ta-0bafa3965ade"
time=2026-08-21T23:13:24.031+08:00 level=DEBUG msg="discovery: skipping unreachable socket" socket=/tmp/tmux-501/ta-61709dcf801e err="query tmux on /tmp/tmux-501/ta-61709dcf801e: exit status 1: no server running on /tmp/tmux-501/ta-61709dcf801e"
time=2026-08-21T23:13:24.055+08:00 level=DEBUG msg="discovery: skipping unparsable pane line" socket=/tmp/tmux-501/ta-a9fd5b7defbd line="team-refactor-maintainability|6|%39|/Users/alauda/Documents/code/agent前沿探索/多agent协作|bash|87458|t.p9.review 零上下文设计审查已通过<|eos|> - grok|235x50|tester-t124"
time=2026-08-21T23:13:24.072+08:00 level=DEBUG msg="discovery: skipping unreachable socket" socket=/tmp/tmux-501/ta-ed81bd4d8c17 err="query tmux on /tmp/tmux-501/ta-ed81bd4d8c17: exit status 1: no server running on /tmp/tmux-501/ta-ed81bd4d8c17"
time=2026-08-21T23:13:24.081+08:00 level=DEBUG msg="discovery: skipping unreachable socket" socket=/tmp/tmux-501/ta-f1ad1b378fc7 err="query tmux on /tmp/tmux-501/ta-f1ad1b378fc7: exit status 1: no server running on /tmp/tmux-501/ta-f1ad1b378fc7"
time=2026-08-21T23:13:24.101+08:00 level=DEBUG msg="discovery: skipping unreachable socket" socket=/tmp/tmux-501/ta-t121u01 err="query tmux on /tmp/tmux-501/ta-t121u01: exit status 1: no server running on /tmp/tmux-501/ta-t121u01"
time=2026-08-21T23:13:24.110+08:00 level=DEBUG msg="discovery: skipping unreachable socket" socket=/tmp/tmux-501/ta-t121u01b err="query tmux on /tmp/tmux-501/ta-t121u01b: exit status 1: no server running on /tmp/tmux-501/ta-t121u01b"
time=2026-08-21T23:13:24.119+08:00 level=DEBUG msg="discovery: skipping unreachable socket" socket=/tmp/tmux-501/ta-user-agents err="query tmux on /tmp/tmux-501/ta-user-agents: exit status 1: no server running on /tmp/tmux-501/ta-user-agents"
time=2026-08-21T23:13:24.896+08:00 level=DEBUG msg="discovery: skipping unreachable socket" socket=/tmp/tmux-501/t115d24675 err="query tmux on /tmp/tmux-501/t115d24675: exit status 1: no server running on /tmp/tmux-501/t115d24675"
time=2026-08-21T23:13:24.905+08:00 level=DEBUG msg="discovery: skipping unreachable socket" socket=/tmp/tmux-501/t115e31319 err="query tmux on /tmp/tmux-501/t115e31319: exit status 1: no server running on /tmp/tmux-501/t115e31319"
time=2026-08-21T23:13:24.914+08:00 level=DEBUG msg="discovery: skipping unreachable socket" socket=/tmp/tmux-501/t115f44898 err="query tmux on /tmp/tmux-501/t115f44898: exit status 1: no server running on /tmp/tmux-501/t115f44898"
time=2026-08-21T23:13:24.926+08:00 level=DEBUG msg="discovery: skipping unreachable socket" socket=/tmp/tmux-501/t115g47728 err="query tmux on /tmp/tmux-501/t115g47728: exit status 1: no server running on /tmp/tmux-501/t115g47728"
time=2026-08-21T23:13:24.935+08:00 level=DEBUG msg="discovery: skipping unreachable socket" socket=/tmp/tmux-501/ta-0bafa3965ade err="query tmux on /tmp/tmux-501/ta-0bafa3965ade: exit status 1: no server running on /tmp/tmux-501/ta-0bafa3965ade"
time=2026-08-21T23:13:24.974+08:00 level=DEBUG msg="discovery: skipping unreachable socket" socket=/tmp/tmux-501/ta-61709dcf801e err="query tmux on /tmp/tmux-501/ta-61709dcf801e: exit status 1: no server running on /tmp/tmux-501/ta-61709dcf801e"
time=2026-08-21T23:13:24.994+08:00 level=DEBUG msg="discovery: skipping unparsable pane line" socket=/tmp/tmux-501/ta-a9fd5b7defbd line="team-refactor-maintainability|6|%39|/Users/alauda/Documents/code/agent前沿探索/多agent协作|bash|87458|t.p9.review 零上下文设计审查已通过<|eos|> - grok|235x50|tester-t124"
time=2026-08-21T23:13:25.012+08:00 level=DEBUG msg="discovery: skipping unreachable socket" socket=/tmp/tmux-501/ta-ed81bd4d8c17 err="query tmux on /tmp/tmux-501/ta-ed81bd4d8c17: exit status 1: no server running on /tmp/tmux-501/ta-ed81bd4d8c17"
time=2026-08-21T23:13:25.025+08:00 level=DEBUG msg="discovery: skipping unreachable socket" socket=/tmp/tmux-501/ta-f1ad1b378fc7 err="query tmux on /tmp/tmux-501/ta-f1ad1b378fc7: exit status 1: no server running on /tmp/tmux-501/ta-f1ad1b378fc7"
time=2026-08-21T23:13:25.043+08:00 level=DEBUG msg="discovery: skipping unreachable socket" socket=/tmp/tmux-501/ta-t121u01 err="query tmux on /tmp/tmux-501/ta-t121u01: exit status 1: no server running on /tmp/tmux-501/ta-t121u01"
time=2026-08-21T23:13:25.052+08:00 level=DEBUG msg="discovery: skipping unreachable socket" socket=/tmp/tmux-501/ta-t121u01b err="query tmux on /tmp/tmux-501/ta-t121u01b: exit status 1: no server running on /tmp/tmux-501/ta-t121u01b"
time=2026-08-21T23:13:25.061+08:00 level=DEBUG msg="discovery: skipping unreachable socket" socket=/tmp/tmux-501/ta-user-agents err="query tmux on /tmp/tmux-501/ta-user-agents: exit status 1: no server running on /tmp/tmux-501/ta-user-agents"
time=2026-08-21T23:13:25.191+08:00 level=WARN msg="level2: title unknown for provider" provider=grok codepoint=U+002B title="+ Agent 弹窗图标卡片重做 - grok" is_letter=false is_number=false leading_glyph=true status=unknown
time=2026-08-21T23:13:26.916+08:00 level=DEBUG msg="listing: no changes"
time=2026-08-21T23:13:27.225+08:00 level=DEBUG msg="discovery: skipping unreachable socket" socket=/tmp/tmux-501/t115d24675 err="query tmux on /tmp/tmux-501/t115d24675: exit status 1: no server running on /tmp/tmux-501/t115d24675"
time=2026-08-21T23:13:27.234+08:00 level=DEBUG msg="discovery: skipping unreachable socket" socket=/tmp/tmux-501/t115e31319 err="query tmux on /tmp/tmux-501/t115e31319: exit status 1: no server running on /tmp/tmux-501/t115e31319"
time=2026-08-21T23:13:27.243+08:00 level=DEBUG msg="discovery: skipping unreachable socket" socket=/tmp/tmux-501/t115f44898 err="query tmux on /tmp/tmux-501/t115f44898: exit status 1: no server running on /tmp/tmux-501/t115f44898"
time=2026-08-21T23:13:27.252+08:00 level=DEBUG msg="discovery: skipping unreachable socket" socket=/tmp/tmux-501/t115g47728 err="query tmux on /tmp/tmux-501/t115g47728: exit status 1: no server running on /tmp/tmux-501/t115g47728"
time=2026-08-21T23:13:27.263+08:00 level=DEBUG msg="discovery: skipping unreachable socket" socket=/tmp/tmux-501/ta-0bafa3965ade err="query tmux on /tmp/tmux-501/ta-0bafa3965ade: exit status 1: no server running on /tmp/tmux-501/ta-0bafa3965ade"
time=2026-08-21T23:13:27.301+08:00 level=DEBUG msg="discovery: skipping unreachable socket" socket=/tmp/tmux-501/ta-61709dcf801e err="query tmux on /tmp/tmux-501/ta-61709dcf801e: exit status 1: no server running on /tmp/tmux-501/ta-61709dcf801e"
time=2026-08-21T23:13:27.326+08:00 level=DEBUG msg="discovery: skipping unparsable pane line" socket=/tmp/tmux-501/ta-a9fd5b7defbd line="team-refactor-maintainability|6|%39|/Users/alauda/Documents/code/agent前沿探索/多agent协作|bash|87458|t.p9.review 零上下文设计审查已通过<|eos|> - grok|235x50|tester-t124"
time=2026-08-21T23:13:27.344+08:00 level=DEBUG msg="discovery: skipping unreachable socket" socket=/tmp/tmux-501/ta-ed81bd4d8c17 err="query tmux on /tmp/tmux-501/ta-ed81bd4d8c17: exit status 1: no server running on /tmp/tmux-501/ta-ed81bd4d8c17"
time=2026-08-21T23:13:27.359+08:00 level=DEBUG msg="discovery: skipping unreachable socket" socket=/tmp/tmux-501/ta-f1ad1b378fc7 err="query tmux on /tmp/tmux-501/ta-f1ad1b378fc7: exit status 1: no server running on /tmp/tmux-501/ta-f1ad1b378fc7"
time=2026-08-21T23:13:27.380+08:00 level=DEBUG msg="discovery: skipping unreachable socket" socket=/tmp/tmux-501/ta-t121u01 err="query tmux on /tmp/tmux-501/ta-t121u01: exit status 1: no server running on /tmp/tmux-501/ta-t121u01"
time=2026-08-21T23:13:27.389+08:00 level=DEBUG msg="discovery: skipping unreachable socket" socket=/tmp/tmux-501/ta-t121u01b err="query tmux on /tmp/tmux-501/ta-t121u01b: exit status 1: no server running on /tmp/tmux-501/ta-t121u01b"
time=2026-08-21T23:13:27.397+08:00 level=DEBUG msg="discovery: skipping unreachable socket" socket=/tmp/tmux-501/ta-user-agents err="query tmux on /tmp/tmux-501/ta-user-agents: exit status 1: no server running on /tmp/tmux-501/ta-user-agents"
time=2026-08-21T23:13:27.449+08:00 level=WARN msg="level2: title unknown for provider" provider=grok codepoint=U+002B title="+ Agent 弹窗图标卡片重做 - grok" is_letter=false is_number=false leading_glyph=true status=unknown
time=2026-08-21T23:13:27.453+08:00 level=DEBUG msg="discovery: skipping unreachable socket" socket=/tmp/tmux-501/t115d24675 err="query tmux on /tmp/tmux-501/t115d24675: exit status 1: no server running on /tmp/tmux-501/t115d24675"
time=2026-08-21T23:13:27.464+08:00 level=DEBUG msg="discovery: skipping unreachable socket" socket=/tmp/tmux-501/t115e31319 err="query tmux on /tmp/tmux-501/t115e31319: exit status 1: no server running on /tmp/tmux-501/t115e31319"
time=2026-08-21T23:13:27.473+08:00 level=DEBUG msg="discovery: skipping unreachable socket" socket=/tmp/tmux-501/t115f44898 err="query tmux on /tmp/tmux-501/t115f44898: exit status 1: no server running on /tmp/tmux-501/t115f44898"
time=2026-08-21T23:13:27.482+08:00 level=DEBUG msg="discovery: skipping unreachable socket" socket=/tmp/tmux-501/t115g47728 err="query tmux on /tmp/tmux-501/t115g47728: exit status 1: no server running on /tmp/tmux-501/t115g47728"
time=2026-08-21T23:13:27.491+08:00 level=DEBUG msg="discovery: skipping unreachable socket" socket=/tmp/tmux-501/ta-0bafa3965ade err="query tmux on /tmp/tmux-501/ta-0bafa3965ade: exit status 1: no server running on /tmp/tmux-501/ta-0bafa3965ade"
time=2026-08-21T23:13:27.533+08:00 level=DEBUG msg="discovery: skipping unreachable socket" socket=/tmp/tmux-501/ta-61709dcf801e err="query tmux on /tmp/tmux-501/ta-61709dcf801e: exit status 1: no server running on /tmp/tmux-501/ta-61709dcf801e"
time=2026-08-21T23:13:27.558+08:00 level=DEBUG msg="discovery: skipping unparsable pane line" socket=/tmp/tmux-501/ta-a9fd5b7defbd line="team-refactor-maintainability|6|%39|/Users/alauda/Documents/code/agent前沿探索/多agent协作|bash|87458|t.p9.review 零上下文设计审查已通过<|eos|> - grok|235x50|tester-t124"
time=2026-08-21T23:13:27.577+08:00 level=DEBUG msg="discovery: skipping unreachable socket" socket=/tmp/tmux-501/ta-ed81bd4d8c17 err="query tmux on /tmp/tmux-501/ta-ed81bd4d8c17: exit status 1: no server running on /tmp/tmux-501/ta-ed81bd4d8c17"
time=2026-08-21T23:13:27.587+08:00 level=DEBUG msg="discovery: skipping unreachable socket" socket=/tmp/tmux-501/ta-f1ad1b378fc7 err="query tmux on /tmp/tmux-501/ta-f1ad1b378fc7: exit status 1: no server running on /tmp/tmux-501/ta-f1ad1b378fc7"
time=2026-08-21T23:13:27.607+08:00 level=DEBUG msg="discovery: skipping unreachable socket" socket=/tmp/tmux-501/ta-t121u01 err="query tmux on /tmp/tmux-501/ta-t121u01: exit status 1: no server running on /tmp/tmux-501/ta-t121u01"
time=2026-08-21T23:13:27.616+08:00 level=DEBUG msg="discovery: skipping unreachable socket" socket=/tmp/tmux-501/ta-t121u01b err="query tmux on /tmp/tmux-501/ta-t121u01b: exit status 1: no server running on /tmp/tmux-501/ta-t121u01b"
time=2026-08-21T23:13:27.625+08:00 level=DEBUG msg="discovery: skipping unreachable socket" socket=/tmp/tmux-501/ta-user-agents err="query tmux on /tmp/tmux-501/ta-user-agents: exit status 1: no server running on /tmp/tmux-501/ta-user-agents"
time=2026-08-21T23:13:29.480+08:00 level=DEBUG msg="discovery: skipping unreachable socket" socket=/tmp/tmux-501/t115d24675 err="query tmux on /tmp/tmux-501/t115d24675: exit status 1: no server running on /tmp/tmux-501/t115d24675"
time=2026-08-21T23:13:29.489+08:00 level=DEBUG msg="discovery: skipping unreachable socket" socket=/tmp/tmux-501/t115e31319 err="query tmux on /tmp/tmux-501/t115e31319: exit status 1: no server running on /tmp/tmux-501/t115e31319"
time=2026-08-21T23:13:29.498+08:00 level=DEBUG msg="discovery: skipping unreachable socket" socket=/tmp/tmux-501/t115f44898 err="query tmux on /tmp/tmux-501/t115f44898: exit status 1: no server running on /tmp/tmux-501/t115f44898"
time=2026-08-21T23:13:29.507+08:00 level=DEBUG msg="discovery: skipping unreachable socket" socket=/tmp/tmux-501/t115g47728 err="query tmux on /tmp/tmux-501/t115g47728: exit status 1: no server running on /tmp/tmux-501/t115g47728"
time=2026-08-21T23:13:29.515+08:00 level=DEBUG msg="discovery: skipping unreachable socket" socket=/tmp/tmux-501/ta-0bafa3965ade err="query tmux on /tmp/tmux-501/ta-0bafa3965ade: exit status 1: no server running on /tmp/tmux-501/ta-0bafa3965ade"
time=2026-08-21T23:13:29.663+08:00 level=DEBUG msg="discovery: skipping unreachable socket" socket=/tmp/tmux-501/ta-61709dcf801e err="query tmux on /tmp/tmux-501/ta-61709dcf801e: exit status 1: no server running on /tmp/tmux-501/ta-61709dcf801e"
time=2026-08-21T23:13:29.684+08:00 level=DEBUG msg="discovery: skipping unparsable pane line" socket=/tmp/tmux-501/ta-a9fd5b7defbd line="team-refactor-maintainability|6|%39|/Users/alauda/Documents/code/agent前沿探索/多agent协作|bash|87458|t.p9.review 零上下文设计审查已通过<|eos|> - grok|235x50|tester-t124"
time=2026-08-21T23:13:29.703+08:00 level=DEBUG msg="discovery: skipping unreachable socket" socket=/tmp/tmux-501/ta-ed81bd4d8c17 err="query tmux on /tmp/tmux-501/ta-ed81bd4d8c17: exit status 1: no server running on /tmp/tmux-501/ta-ed81bd4d8c17"
time=2026-08-21T23:13:29.713+08:00 level=DEBUG msg="discovery: skipping unreachable socket" socket=/tmp/tmux-501/ta-f1ad1b378fc7 err="query tmux on /tmp/tmux-501/ta-f1ad1b378fc7: exit status 1: no server running on /tmp/tmux-501/ta-f1ad1b378fc7"
time=2026-08-21T23:13:29.731+08:00 level=DEBUG msg="discovery: skipping unreachable socket" socket=/tmp/tmux-501/ta-t121u01 err="query tmux on /tmp/tmux-501/ta-t121u01: exit status 1: no server running on /tmp/tmux-501/ta-t121u01"
time=2026-08-21T23:13:29.740+08:00 level=DEBUG msg="discovery: skipping unreachable socket" socket=/tmp/tmux-501/ta-t121u01b err="query tmux on /tmp/tmux-501/ta-t121u01b: exit status 1: no server running on /tmp/tmux-501/ta-t121u01b"
time=2026-08-21T23:13:29.749+08:00 level=DEBUG msg="discovery: skipping unreachable socket" socket=/tmp/tmux-501/ta-user-agents err="query tmux on /tmp/tmux-501/ta-user-agents: exit status 1: no server running on /tmp/tmux-501/ta-user-agents"
time=2026-08-21T23:13:29.808+08:00 level=WARN msg="level2: title unknown for provider" provider=grok codepoint=U+002B title="+ Agent 弹窗图标卡片重做 - grok" is_letter=false is_number=false leading_glyph=true status=unknown
time=2026-08-21T23:13:30.304+08:00 level=DEBUG msg="listing: no changes"
time=2026-08-21T23:13:30.837+08:00 level=DEBUG msg="discovery: skipping unreachable socket" socket=/tmp/tmux-501/t115d24675 err="query tmux on /tmp/tmux-501/t115d24675: exit status 1: no server running on /tmp/tmux-501/t115d24675"
time=2026-08-21T23:13:30.847+08:00 level=DEBUG msg="discovery: skipping unreachable socket" socket=/tmp/tmux-501/t115e31319 err="query tmux on /tmp/tmux-501/t115e31319: exit status 1: no server running on /tmp/tmux-501/t115e31319"
time=2026-08-21T23:13:30.861+08:00 level=DEBUG msg="discovery: skipping unreachable socket" socket=/tmp/tmux-501/t115f44898 err="query tmux on /tmp/tmux-501/t115f44898: exit status 1: no server running on /tmp/tmux-501/t115f44898"
time=2026-08-21T23:13:30.871+08:00 level=DEBUG msg="discovery: skipping unreachable socket" socket=/tmp/tmux-501/t115g47728 err="query tmux on /tmp/tmux-501/t115g47728: exit status 1: no server running on /tmp/tmux-501/t115g47728"
time=2026-08-21T23:13:30.880+08:00 level=DEBUG msg="discovery: skipping unreachable socket" socket=/tmp/tmux-501/ta-0bafa3965ade err="query tmux on /tmp/tmux-501/ta-0bafa3965ade: exit status 1: no server running on /tmp/tmux-501/ta-0bafa3965ade"
time=2026-08-21T23:13:30.921+08:00 level=DEBUG msg="discovery: skipping unreachable socket" socket=/tmp/tmux-501/ta-61709dcf801e err="query tmux on /tmp/tmux-501/ta-61709dcf801e: exit status 1: no server running on /tmp/tmux-501/ta-61709dcf801e"
time=2026-08-21T23:13:30.942+08:00 level=DEBUG msg="discovery: skipping unparsable pane line" socket=/tmp/tmux-501/ta-a9fd5b7defbd line="team-refactor-maintainability|6|%39|/Users/alauda/Documents/code/agent前沿探索/多agent协作|bash|87458|t.p9.review 零上下文设计审查已通过<|eos|> - grok|235x50|tester-t124"
time=2026-08-21T23:13:30.965+08:00 level=DEBUG msg="discovery: skipping unreachable socket" socket=/tmp/tmux-501/ta-ed81bd4d8c17 err="query tmux on /tmp/tmux-501/ta-ed81bd4d8c17: exit status 1: no server running on /tmp/tmux-501/ta-ed81bd4d8c17"
time=2026-08-21T23:13:30.974+08:00 level=DEBUG msg="discovery: skipping unreachable socket" socket=/tmp/tmux-501/ta-f1ad1b378fc7 err="query tmux on /tmp/tmux-501/ta-f1ad1b378fc7: exit status 1: no server running on /tmp/tmux-501/ta-f1ad1b378fc7"
time=2026-08-21T23:13:30.993+08:00 level=DEBUG msg="discovery: skipping unreachable socket" socket=/tmp/tmux-501/ta-t121u01 err="query tmux on /tmp/tmux-501/ta-t121u01: exit status 1: no server running on /tmp/tmux-501/ta-t121u01"
time=2026-08-21T23:13:31.003+08:00 level=DEBUG msg="discovery: skipping unreachable socket" socket=/tmp/tmux-501/ta-t121u01b err="query tmux on /tmp/tmux-501/ta-t121u01b: exit status 1: no server running on /tmp/tmux-501/ta-t121u01b"
time=2026-08-21T23:13:31.013+08:00 level=DEBUG msg="discovery: skipping unreachable socket" socket=/tmp/tmux-501/ta-user-agents err="query tmux on /tmp/tmux-501/ta-user-agents: exit status 1: no server running on /tmp/tmux-501/ta-user-agents"
time=2026-08-21T23:13:31.839+08:00 level=DEBUG msg="discovery: skipping unreachable socket" socket=/tmp/tmux-501/t115d24675 err="query tmux on /tmp/tmux-501/t115d24675: exit status 1: no server running on /tmp/tmux-501/t115d24675"
time=2026-08-21T23:13:31.848+08:00 level=DEBUG msg="discovery: skipping unreachable socket" socket=/tmp/tmux-501/t115e31319 err="query tmux on /tmp/tmux-501/t115e31319: exit status 1: no server running on /tmp/tmux-501/t115e31319"
time=2026-08-21T23:13:31.857+08:00 level=DEBUG msg="discovery: skipping unreachable socket" socket=/tmp/tmux-501/t115f44898 err="query tmux on /tmp/tmux-501/t115f44898: exit status 1: no server running on /tmp/tmux-501/t115f44898"
time=2026-08-21T23:13:31.866+08:00 level=DEBUG msg="discovery: skipping unreachable socket" socket=/tmp/tmux-501/t115g47728 err="query tmux on /tmp/tmux-501/t115g47728: exit status 1: no server running on /tmp/tmux-501/t115g47728"
time=2026-08-21T23:13:31.877+08:00 level=DEBUG msg="discovery: skipping unreachable socket" socket=/tmp/tmux-501/ta-0bafa3965ade err="query tmux on /tmp/tmux-501/ta-0bafa3965ade: exit status 1: no server running on /tmp/tmux-501/ta-0bafa3965ade"
time=2026-08-21T23:13:31.914+08:00 level=DEBUG msg="discovery: skipping unreachable socket" socket=/tmp/tmux-501/ta-61709dcf801e err="query tmux on /tmp/tmux-501/ta-61709dcf801e: exit status 1: no server running on /tmp/tmux-501/ta-61709dcf801e"
time=2026-08-21T23:13:31.936+08:00 level=DEBUG msg="discovery: skipping unparsable pane line" socket=/tmp/tmux-501/ta-a9fd5b7defbd line="team-refactor-maintainability|6|%39|/Users/alauda/Documents/code/agent前沿探索/多agent协作|bash|87458|t.p9.review 零上下文设计审查已通过<|eos|> - grok|235x50|tester-t124"
time=2026-08-21T23:13:31.955+08:00 level=DEBUG msg="discovery: skipping unreachable socket" socket=/tmp/tmux-501/ta-ed81bd4d8c17 err="query tmux on /tmp/tmux-501/ta-ed81bd4d8c17: exit status 1: no server running on /tmp/tmux-501/ta-ed81bd4d8c17"
time=2026-08-21T23:13:31.963+08:00 level=DEBUG msg="discovery: skipping unreachable socket" socket=/tmp/tmux-501/ta-f1ad1b378fc7 err="query tmux on /tmp/tmux-501/ta-f1ad1b378fc7: exit status 1: no server running on /tmp/tmux-501/ta-f1ad1b378fc7"
time=2026-08-21T23:13:31.982+08:00 level=DEBUG msg="discovery: skipping unreachable socket" socket=/tmp/tmux-501/ta-t121u01 err="query tmux on /tmp/tmux-501/ta-t121u01: exit status 1: no server running on /tmp/tmux-501/ta-t121u01"
time=2026-08-21T23:13:31.991+08:00 level=DEBUG msg="discovery: skipping unreachable socket" socket=/tmp/tmux-501/ta-t121u01b err="query tmux on /tmp/tmux-501/ta-t121u01b: exit status 1: no server running on /tmp/tmux-501/ta-t121u01b"
time=2026-08-21T23:13:32.000+08:00 level=DEBUG msg="discovery: skipping unreachable socket" socket=/tmp/tmux-501/ta-user-agents err="query tmux on /tmp/tmux-501/ta-user-agents: exit status 1: no server running on /tmp/tmux-501/ta-user-agents"
time=2026-08-21T23:13:32.107+08:00 level=WARN msg="level2: title unknown for provider" provider=grok codepoint=U+002B title="+ Agent 弹窗图标卡片重做 - grok" is_letter=false is_number=false leading_glyph=true status=unknown
time=2026-08-21T23:13:33.859+08:00 level=DEBUG msg="listing: no changes"
time=2026-08-21T23:13:34.158+08:00 level=DEBUG msg="discovery: skipping unreachable socket" socket=/tmp/tmux-501/t115d24675 err="query tmux on /tmp/tmux-501/t115d24675: exit status 1: no server running on /tmp/tmux-501/t115d24675"
time=2026-08-21T23:13:34.167+08:00 level=DEBUG msg="discovery: skipping unreachable socket" socket=/tmp/tmux-501/t115e31319 err="query tmux on /tmp/tmux-501/t115e31319: exit status 1: no server running on /tmp/tmux-501/t115e31319"
time=2026-08-21T23:13:34.176+08:00 level=DEBUG msg="discovery: skipping unreachable socket" socket=/tmp/tmux-501/t115f44898 err="query tmux on /tmp/tmux-501/t115f44898: exit status 1: no server running on /tmp/tmux-501/t115f44898"
time=2026-08-21T23:13:34.186+08:00 level=DEBUG msg="discovery: skipping unreachable socket" socket=/tmp/tmux-501/t115g47728 err="query tmux on /tmp/tmux-501/t115g47728: exit status 1: no server running on /tmp/tmux-501/t115g47728"
time=2026-08-21T23:13:34.197+08:00 level=DEBUG msg="discovery: skipping unreachable socket" socket=/tmp/tmux-501/ta-0bafa3965ade err="query tmux on /tmp/tmux-501/ta-0bafa3965ade: exit status 1: no server running on /tmp/tmux-501/ta-0bafa3965ade"
time=2026-08-21T23:13:34.239+08:00 level=DEBUG msg="discovery: skipping unreachable socket" socket=/tmp/tmux-501/ta-61709dcf801e err="query tmux on /tmp/tmux-501/ta-61709dcf801e: exit status 1: no server running on /tmp/tmux-501/ta-61709dcf801e"
time=2026-08-21T23:13:34.262+08:00 level=DEBUG msg="discovery: skipping unparsable pane line" socket=/tmp/tmux-501/ta-a9fd5b7defbd line="team-refactor-maintainability|6|%39|/Users/alauda/Documents/code/agent前沿探索/多agent协作|bash|87458|t.p9.review 零上下文设计审查已通过<|eos|> - grok|235x50|tester-t124"
time=2026-08-21T23:13:34.283+08:00 level=DEBUG msg="discovery: skipping unreachable socket" socket=/tmp/tmux-501/ta-ed81bd4d8c17 err="query tmux on /tmp/tmux-501/ta-ed81bd4d8c17: exit status 1: no server running on /tmp/tmux-501/ta-ed81bd4d8c17"
time=2026-08-21T23:13:34.300+08:00 level=DEBUG msg="discovery: skipping unreachable socket" socket=/tmp/tmux-501/ta-f1ad1b378fc7 err="query tmux on /tmp/tmux-501/ta-f1ad1b378fc7: exit status 1: no server running on /tmp/tmux-501/ta-f1ad1b378fc7"
time=2026-08-21T23:13:34.320+08:00 level=DEBUG msg="discovery: skipping unreachable socket" socket=/tmp/tmux-501/ta-t121u01 err="query tmux on /tmp/tmux-501/ta-t121u01: exit status 1: no server running on /tmp/tmux-501/ta-t121u01"
time=2026-08-21T23:13:34.341+08:00 level=DEBUG msg="discovery: skipping unreachable socket" socket=/tmp/tmux-501/ta-t121u01b err="query tmux on /tmp/tmux-501/ta-t121u01b: exit status 1: no server running on /tmp/tmux-501/ta-t121u01b"
time=2026-08-21T23:13:34.360+08:00 level=DEBUG msg="discovery: skipping unreachable socket" socket=/tmp/tmux-501/ta-user-agents err="query tmux on /tmp/tmux-501/ta-user-agents: exit status 1: no server running on /tmp/tmux-501/ta-user-agents"
time=2026-08-21T23:13:34.393+08:00 level=DEBUG msg="discovery: skipping unreachable socket" socket=/tmp/tmux-501/t115d24675 err="query tmux on /tmp/tmux-501/t115d24675: exit status 1: no server running on /tmp/tmux-501/t115d24675"
time=2026-08-21T23:13:34.413+08:00 level=DEBUG msg="discovery: skipping unreachable socket" socket=/tmp/tmux-501/t115e31319 err="query tmux on /tmp/tmux-501/t115e31319: exit status 1: no server running on /tmp/tmux-501/t115e31319"
time=2026-08-21T23:13:34.428+08:00 level=DEBUG msg="discovery: skipping unreachable socket" socket=/tmp/tmux-501/t115f44898 err="query tmux on /tmp/tmux-501/t115f44898: exit status 1: no server running on /tmp/tmux-501/t115f44898"
time=2026-08-21T23:13:34.429+08:00 level=WARN msg="level2: title unknown for provider" provider=grok codepoint=U+002B title="+ Agent 弹窗图标卡片重做 - grok" is_letter=false is_number=false leading_glyph=true status=unknown
time=2026-08-21T23:13:34.439+08:00 level=DEBUG msg="discovery: skipping unreachable socket" socket=/tmp/tmux-501/t115g47728 err="query tmux on /tmp/tmux-501/t115g47728: exit status 1: no server running on /tmp/tmux-501/t115g47728"
time=2026-08-21T23:13:34.448+08:00 level=DEBUG msg="discovery: skipping unreachable socket" socket=/tmp/tmux-501/ta-0bafa3965ade err="query tmux on /tmp/tmux-501/ta-0bafa3965ade: exit status 1: no server running on /tmp/tmux-501/ta-0bafa3965ade"
time=2026-08-21T23:13:34.489+08:00 level=DEBUG msg="discovery: skipping unreachable socket" socket=/tmp/tmux-501/ta-61709dcf801e err="query tmux on /tmp/tmux-501/ta-61709dcf801e: exit status 1: no server running on /tmp/tmux-501/ta-61709dcf801e"
time=2026-08-21T23:13:34.511+08:00 level=DEBUG msg="discovery: skipping unparsable pane line" socket=/tmp/tmux-501/ta-a9fd5b7defbd line="team-refactor-maintainability|6|%39|/Users/alauda/Documents/code/agent前沿探索/多agent协作|bash|87458|t.p9.review 零上下文设计审查已通过<|eos|> - grok|235x50|tester-t124"
time=2026-08-21T23:13:34.535+08:00 level=DEBUG msg="discovery: skipping unreachable socket" socket=/tmp/tmux-501/ta-ed81bd4d8c17 err="query tmux on /tmp/tmux-501/ta-ed81bd4d8c17: exit status 1: no server running on /tmp/tmux-501/ta-ed81bd4d8c17"
time=2026-08-21T23:13:34.545+08:00 level=DEBUG msg="discovery: skipping unreachable socket" socket=/tmp/tmux-501/ta-f1ad1b378fc7 err="query tmux on /tmp/tmux-501/ta-f1ad1b378fc7: exit status 1: no server running on /tmp/tmux-501/ta-f1ad1b378fc7"
time=2026-08-21T23:13:34.563+08:00 level=DEBUG msg="discovery: skipping unreachable socket" socket=/tmp/tmux-501/ta-t121u01 err="query tmux on /tmp/tmux-501/ta-t121u01: exit status 1: no server running on /tmp/tmux-501/ta-t121u01"
time=2026-08-21T23:13:34.573+08:00 level=DEBUG msg="discovery: skipping unreachable socket" socket=/tmp/tmux-501/ta-t121u01b err="query tmux on /tmp/tmux-501/ta-t121u01b: exit status 1: no server running on /tmp/tmux-501/ta-t121u01b"
time=2026-08-21T23:13:34.584+08:00 level=DEBUG msg="discovery: skipping unreachable socket" socket=/tmp/tmux-501/ta-user-agents err="query tmux on /tmp/tmux-501/ta-user-agents: exit status 1: no server running on /tmp/tmux-501/ta-user-agents"
time=2026-08-21T23:13:36.457+08:00 level=DEBUG msg="discovery: skipping unreachable socket" socket=/tmp/tmux-501/t115d24675 err="query tmux on /tmp/tmux-501/t115d24675: exit status 1: no server running on /tmp/tmux-501/t115d24675"
time=2026-08-21T23:13:36.473+08:00 level=DEBUG msg="discovery: skipping unreachable socket" socket=/tmp/tmux-501/t115e31319 err="query tmux on /tmp/tmux-501/t115e31319: exit status 1: no server running on /tmp/tmux-501/t115e31319"
time=2026-08-21T23:13:36.481+08:00 level=DEBUG msg="discovery: skipping unreachable socket" socket=/tmp/tmux-501/t115f44898 err="query tmux on /tmp/tmux-501/t115f44898: exit status 1: no server running on /tmp/tmux-501/t115f44898"
time=2026-08-21T23:13:36.490+08:00 level=DEBUG msg="discovery: skipping unreachable socket" socket=/tmp/tmux-501/t115g47728 err="query tmux on /tmp/tmux-501/t115g47728: exit status 1: no server running on /tmp/tmux-501/t115g47728"
time=2026-08-21T23:13:36.500+08:00 level=DEBUG msg="discovery: skipping unreachable socket" socket=/tmp/tmux-501/ta-0bafa3965ade err="query tmux on /tmp/tmux-501/ta-0bafa3965ade: exit status 1: no server running on /tmp/tmux-501/ta-0bafa3965ade"
time=2026-08-21T23:13:36.537+08:00 level=DEBUG msg="discovery: skipping unreachable socket" socket=/tmp/tmux-501/ta-61709dcf801e err="query tmux on /tmp/tmux-501/ta-61709dcf801e: exit status 1: no server running on /tmp/tmux-501/ta-61709dcf801e"
time=2026-08-21T23:13:36.557+08:00 level=DEBUG msg="discovery: skipping unparsable pane line" socket=/tmp/tmux-501/ta-a9fd5b7defbd line="team-refactor-maintainability|6|%39|/Users/alauda/Documents/code/agent前沿探索/多agent协作|bash|87458|t.p9.review 零上下文设计审查已通过<|eos|> - grok|235x50|tester-t124"
time=2026-08-21T23:13:36.576+08:00 level=DEBUG msg="discovery: skipping unreachable socket" socket=/tmp/tmux-501/ta-ed81bd4d8c17 err="query tmux on /tmp/tmux-501/ta-ed81bd4d8c17: exit status 1: no server running on /tmp/tmux-501/ta-ed81bd4d8c17"
time=2026-08-21T23:13:36.585+08:00 level=DEBUG msg="discovery: skipping unreachable socket" socket=/tmp/tmux-501/ta-f1ad1b378fc7 err="query tmux on /tmp/tmux-501/ta-f1ad1b378fc7: exit status 1: no server running on /tmp/tmux-501/ta-f1ad1b378fc7"
time=2026-08-21T23:13:36.603+08:00 level=DEBUG msg="discovery: skipping unreachable socket" socket=/tmp/tmux-501/ta-t121u01 err="query tmux on /tmp/tmux-501/ta-t121u01: exit status 1: no server running on /tmp/tmux-501/ta-t121u01"
time=2026-08-21T23:13:36.612+08:00 level=DEBUG msg="discovery: skipping unreachable socket" socket=/tmp/tmux-501/ta-t121u01b err="query tmux on /tmp/tmux-501/ta-t121u01b: exit status 1: no server running on /tmp/tmux-501/ta-t121u01b"
time=2026-08-21T23:13:36.621+08:00 level=DEBUG msg="discovery: skipping unreachable socket" socket=/tmp/tmux-501/ta-user-agents err="query tmux on /tmp/tmux-501/ta-user-agents: exit status 1: no server running on /tmp/tmux-501/ta-user-agents"
time=2026-08-21T23:13:36.736+08:00 level=WARN msg="level2: title unknown for provider" provider=grok codepoint=U+002B title="+ Agent 弹窗图标卡片重做 - grok" is_letter=false is_number=false leading_glyph=true status=unknown
time=2026-08-21T23:13:37.173+08:00 level=DEBUG msg="listing: no changes"
time=2026-08-21T23:13:37.704+08:00 level=DEBUG msg="discovery: skipping unreachable socket" socket=/tmp/tmux-501/t115d24675 err="query tmux on /tmp/tmux-501/t115d24675: exit status 1: no server running on /tmp/tmux-501/t115d24675"
time=2026-08-21T23:13:37.713+08:00 level=DEBUG msg="discovery: skipping unreachable socket" socket=/tmp/tmux-501/t115e31319 err="query tmux on /tmp/tmux-501/t115e31319: exit status 1: no server running on /tmp/tmux-501/t115e31319"
time=2026-08-21T23:13:37.721+08:00 level=DEBUG msg="discovery: skipping unreachable socket" socket=/tmp/tmux-501/t115f44898 err="query tmux on /tmp/tmux-501/t115f44898: exit status 1: no server running on /tmp/tmux-501/t115f44898"
time=2026-08-21T23:13:37.729+08:00 level=DEBUG msg="discovery: skipping unreachable socket" socket=/tmp/tmux-501/t115g47728 err="query tmux on /tmp/tmux-501/t115g47728: exit status 1: no server running on /tmp/tmux-501/t115g47728"
time=2026-08-21T23:13:37.738+08:00 level=DEBUG msg="discovery: skipping unreachable socket" socket=/tmp/tmux-501/ta-0bafa3965ade err="query tmux on /tmp/tmux-501/ta-0bafa3965ade: exit status 1: no server running on /tmp/tmux-501/ta-0bafa3965ade"
time=2026-08-21T23:13:37.776+08:00 level=DEBUG msg="discovery: skipping unreachable socket" socket=/tmp/tmux-501/ta-61709dcf801e err="query tmux on /tmp/tmux-501/ta-61709dcf801e: exit status 1: no server running on /tmp/tmux-501/ta-61709dcf801e"
time=2026-08-21T23:13:37.796+08:00 level=DEBUG msg="discovery: skipping unparsable pane line" socket=/tmp/tmux-501/ta-a9fd5b7defbd line="team-refactor-maintainability|6|%39|/Users/alauda/Documents/code/agent前沿探索/多agent协作|bash|87458|t.p9.review 零上下文设计审查已通过<|eos|> - grok|235x50|tester-t124"
time=2026-08-21T23:13:37.820+08:00 level=DEBUG msg="discovery: skipping unreachable socket" socket=/tmp/tmux-501/ta-ed81bd4d8c17 err="query tmux on /tmp/tmux-501/ta-ed81bd4d8c17: exit status 1: no server running on /tmp/tmux-501/ta-ed81bd4d8c17"
time=2026-08-21T23:13:37.828+08:00 level=DEBUG msg="discovery: skipping unreachable socket" socket=/tmp/tmux-501/ta-f1ad1b378fc7 err="query tmux on /tmp/tmux-501/ta-f1ad1b378fc7: exit status 1: no server running on /tmp/tmux-501/ta-f1ad1b378fc7"
time=2026-08-21T23:13:37.845+08:00 level=DEBUG msg="discovery: skipping unreachable socket" socket=/tmp/tmux-501/ta-t121u01 err="query tmux on /tmp/tmux-501/ta-t121u01: exit status 1: no server running on /tmp/tmux-501/ta-t121u01"
time=2026-08-21T23:13:37.853+08:00 level=DEBUG msg="discovery: skipping unreachable socket" socket=/tmp/tmux-501/ta-t121u01b err="query tmux on /tmp/tmux-501/ta-t121u01b: exit status 1: no server running on /tmp/tmux-501/ta-t121u01b"
time=2026-08-21T23:13:37.866+08:00 level=DEBUG msg="discovery: skipping unreachable socket" socket=/tmp/tmux-501/ta-user-agents err="query tmux on /tmp/tmux-501/ta-user-agents: exit status 1: no server running on /tmp/tmux-501/ta-user-agents"
time=2026-08-21T23:13:38.766+08:00 level=DEBUG msg="discovery: skipping unreachable socket" socket=/tmp/tmux-501/t115d24675 err="query tmux on /tmp/tmux-501/t115d24675: exit status 1: no server running on /tmp/tmux-501/t115d24675"
time=2026-08-21T23:13:38.777+08:00 level=DEBUG msg="discovery: skipping unreachable socket" socket=/tmp/tmux-501/t115e31319 err="query tmux on /tmp/tmux-501/t115e31319: exit status 1: no server running on /tmp/tmux-501/t115e31319"
time=2026-08-21T23:13:38.786+08:00 level=DEBUG msg="discovery: skipping unreachable socket" socket=/tmp/tmux-501/t115f44898 err="query tmux on /tmp/tmux-501/t115f44898: exit status 1: no server running on /tmp/tmux-501/t115f44898"
time=2026-08-21T23:13:38.794+08:00 level=DEBUG msg="discovery: skipping unreachable socket" socket=/tmp/tmux-501/t115g47728 err="query tmux on /tmp/tmux-501/t115g47728: exit status 1: no server running on /tmp/tmux-501/t115g47728"
time=2026-08-21T23:13:38.803+08:00 level=DEBUG msg="discovery: skipping unreachable socket" socket=/tmp/tmux-501/ta-0bafa3965ade err="query tmux on /tmp/tmux-501/ta-0bafa3965ade: exit status 1: no server running on /tmp/tmux-501/ta-0bafa3965ade"
time=2026-08-21T23:13:38.840+08:00 level=DEBUG msg="discovery: skipping unreachable socket" socket=/tmp/tmux-501/ta-61709dcf801e err="query tmux on /tmp/tmux-501/ta-61709dcf801e: exit status 1: no server running on /tmp/tmux-501/ta-61709dcf801e"
time=2026-08-21T23:13:38.968+08:00 level=DEBUG msg="discovery: skipping unparsable pane line" socket=/tmp/tmux-501/ta-a9fd5b7defbd line="team-refactor-maintainability|6|%39|/Users/alauda/Documents/code/agent前沿探索/多agent协作|bash|87458|t.p9.review 零上下文设计审查已通过<|eos|> - grok|235x50|tester-t124"
time=2026-08-21T23:13:38.998+08:00 level=DEBUG msg="discovery: skipping unreachable socket" socket=/tmp/tmux-501/ta-ed81bd4d8c17 err="query tmux on /tmp/tmux-501/ta-ed81bd4d8c17: exit status 1: no server running on /tmp/tmux-501/ta-ed81bd4d8c17"
time=2026-08-21T23:13:39.007+08:00 level=DEBUG msg="discovery: skipping unreachable socket" socket=/tmp/tmux-501/ta-f1ad1b378fc7 err="query tmux on /tmp/tmux-501/ta-f1ad1b378fc7: exit status 1: no server running on /tmp/tmux-501/ta-f1ad1b378fc7"
time=2026-08-21T23:13:39.030+08:00 level=DEBUG msg="discovery: skipping unreachable socket" socket=/tmp/tmux-501/ta-t121u01 err="query tmux on /tmp/tmux-501/ta-t121u01: exit status 1: no server running on /tmp/tmux-501/ta-t121u01"
time=2026-08-21T23:13:39.041+08:00 level=DEBUG msg="discovery: skipping unreachable socket" socket=/tmp/tmux-501/ta-t121u01b err="query tmux on /tmp/tmux-501/ta-t121u01b: exit status 1: no server running on /tmp/tmux-501/ta-t121u01b"
time=2026-08-21T23:13:39.050+08:00 level=DEBUG msg="discovery: skipping unreachable socket" socket=/tmp/tmux-501/ta-user-agents err="query tmux on /tmp/tmux-501/ta-user-agents: exit status 1: no server running on /tmp/tmux-501/ta-user-agents"
time=2026-08-21T23:13:39.179+08:00 level=WARN msg="level2: title unknown for provider" provider=grok codepoint=U+002B title="+ Agent 弹窗图标卡片重做 - grok" is_letter=false is_number=false leading_glyph=true status=unknown
time=2026-08-21T23:13:40.634+08:00 level=DEBUG msg="listing: no changes"
time=2026-08-21T23:13:41.162+08:00 level=DEBUG msg="discovery: skipping unreachable socket" socket=/tmp/tmux-501/t115d24675 err="query tmux on /tmp/tmux-501/t115d24675: exit status 1: no server running on /tmp/tmux-501/t115d24675"
time=2026-08-21T23:13:41.170+08:00 level=DEBUG msg="discovery: skipping unreachable socket" socket=/tmp/tmux-501/t115e31319 err="query tmux on /tmp/tmux-501/t115e31319: exit status 1: no server running on /tmp/tmux-501/t115e31319"
time=2026-08-21T23:13:41.180+08:00 level=DEBUG msg="discovery: skipping unreachable socket" socket=/tmp/tmux-501/t115f44898 err="query tmux on /tmp/tmux-501/t115f44898: exit status 1: no server running on /tmp/tmux-501/t115f44898"
time=2026-08-21T23:13:41.190+08:00 level=DEBUG msg="discovery: skipping unreachable socket" socket=/tmp/tmux-501/t115g47728 err="query tmux on /tmp/tmux-501/t115g47728: exit status 1: no server running on /tmp/tmux-501/t115g47728"
time=2026-08-21T23:13:41.199+08:00 level=DEBUG msg="discovery: skipping unreachable socket" socket=/tmp/tmux-501/ta-0bafa3965ade err="query tmux on /tmp/tmux-501/ta-0bafa3965ade: exit status 1: no server running on /tmp/tmux-501/ta-0bafa3965ade"
time=2026-08-21T23:13:41.207+08:00 level=DEBUG msg="discovery: skipping unreachable socket" socket=/tmp/tmux-501/t115d24675 err="query tmux on /tmp/tmux-501/t115d24675: exit status 1: no server running on /tmp/tmux-501/t115d24675"
time=2026-08-21T23:13:41.216+08:00 level=DEBUG msg="discovery: skipping unreachable socket" socket=/tmp/tmux-501/t115e31319 err="query tmux on /tmp/tmux-501/t115e31319: exit status 1: no server running on /tmp/tmux-501/t115e31319"
time=2026-08-21T23:13:41.226+08:00 level=DEBUG msg="discovery: skipping unreachable socket" socket=/tmp/tmux-501/t115f44898 err="query tmux on /tmp/tmux-501/t115f44898: exit status 1: no server running on /tmp/tmux-501/t115f44898"
time=2026-08-21T23:13:41.235+08:00 level=DEBUG msg="discovery: skipping unreachable socket" socket=/tmp/tmux-501/t115g47728 err="query tmux on /tmp/tmux-501/t115g47728: exit status 1: no server running on /tmp/tmux-501/t115g47728"
time=2026-08-21T23:13:41.236+08:00 level=DEBUG msg="discovery: skipping unreachable socket" socket=/tmp/tmux-501/ta-61709dcf801e err="query tmux on /tmp/tmux-501/ta-61709dcf801e: exit status 1: no server running on /tmp/tmux-501/ta-61709dcf801e"
time=2026-08-21T23:13:41.243+08:00 level=DEBUG msg="discovery: skipping unreachable socket" socket=/tmp/tmux-501/ta-0bafa3965ade err="query tmux on /tmp/tmux-501/ta-0bafa3965ade: exit status 1: no server running on /tmp/tmux-501/ta-0bafa3965ade"
time=2026-08-21T23:13:41.254+08:00 level=DEBUG msg="discovery: skipping unparsable pane line" socket=/tmp/tmux-501/ta-a9fd5b7defbd line="team-refactor-maintainability|6|%39|/Users/alauda/Documents/code/agent前沿探索/多agent协作|bash|87458|t.p9.review 零上下文设计审查已通过<|eos|> - grok|235x50|tester-t124"
time=2026-08-21T23:13:41.272+08:00 level=DEBUG msg="discovery: skipping unreachable socket" socket=/tmp/tmux-501/ta-ed81bd4d8c17 err="query tmux on /tmp/tmux-501/ta-ed81bd4d8c17: exit status 1: no server running on /tmp/tmux-501/ta-ed81bd4d8c17"
time=2026-08-21T23:13:41.279+08:00 level=DEBUG msg="discovery: skipping unreachable socket" socket=/tmp/tmux-501/ta-61709dcf801e err="query tmux on /tmp/tmux-501/ta-61709dcf801e: exit status 1: no server running on /tmp/tmux-501/ta-61709dcf801e"
time=2026-08-21T23:13:41.281+08:00 level=DEBUG msg="discovery: skipping unreachable socket" socket=/tmp/tmux-501/ta-f1ad1b378fc7 err="query tmux on /tmp/tmux-501/ta-f1ad1b378fc7: exit status 1: no server running on /tmp/tmux-501/ta-f1ad1b378fc7"
time=2026-08-21T23:13:41.297+08:00 level=DEBUG msg="discovery: skipping unparsable pane line" socket=/tmp/tmux-501/ta-a9fd5b7defbd line="team-refactor-maintainability|6|%39|/Users/alauda/Documents/code/agent前沿探索/多agent协作|bash|87458|t.p9.review 零上下文设计审查已通过<|eos|> - grok|235x50|tester-t124"
time=2026-08-21T23:13:41.298+08:00 level=DEBUG msg="discovery: skipping unreachable socket" socket=/tmp/tmux-501/ta-t121u01 err="query tmux on /tmp/tmux-501/ta-t121u01: exit status 1: no server running on /tmp/tmux-501/ta-t121u01"
time=2026-08-21T23:13:41.306+08:00 level=DEBUG msg="discovery: skipping unreachable socket" socket=/tmp/tmux-501/ta-t121u01b err="query tmux on /tmp/tmux-501/ta-t121u01b: exit status 1: no server running on /tmp/tmux-501/ta-t121u01b"
time=2026-08-21T23:13:41.314+08:00 level=DEBUG msg="discovery: skipping unreachable socket" socket=/tmp/tmux-501/ta-user-agents err="query tmux on /tmp/tmux-501/ta-user-agents: exit status 1: no server running on /tmp/tmux-501/ta-user-agents"
time=2026-08-21T23:13:41.315+08:00 level=DEBUG msg="discovery: skipping unreachable socket" socket=/tmp/tmux-501/ta-ed81bd4d8c17 err="query tmux on /tmp/tmux-501/ta-ed81bd4d8c17: exit status 1: no server running on /tmp/tmux-501/ta-ed81bd4d8c17"
time=2026-08-21T23:13:41.324+08:00 level=DEBUG msg="discovery: skipping unreachable socket" socket=/tmp/tmux-501/ta-f1ad1b378fc7 err="query tmux on /tmp/tmux-501/ta-f1ad1b378fc7: exit status 1: no server running on /tmp/tmux-501/ta-f1ad1b378fc7"
time=2026-08-21T23:13:41.341+08:00 level=DEBUG msg="discovery: skipping unreachable socket" socket=/tmp/tmux-501/ta-t121u01 err="query tmux on /tmp/tmux-501/ta-t121u01: exit status 1: no server running on /tmp/tmux-501/ta-t121u01"
time=2026-08-21T23:13:41.350+08:00 level=DEBUG msg="discovery: skipping unreachable socket" socket=/tmp/tmux-501/ta-t121u01b err="query tmux on /tmp/tmux-501/ta-t121u01b: exit status 1: no server running on /tmp/tmux-501/ta-t121u01b"
time=2026-08-21T23:13:41.359+08:00 level=DEBUG msg="discovery: skipping unreachable socket" socket=/tmp/tmux-501/ta-user-agents err="query tmux on /tmp/tmux-501/ta-user-agents: exit status 1: no server running on /tmp/tmux-501/ta-user-agents"
time=2026-08-21T23:13:41.487+08:00 level=WARN msg="level2: title unknown for provider" provider=grok codepoint=U+002B title="+ Agent 弹窗图标卡片重做 - grok" is_letter=false is_number=false leading_glyph=true status=unknown
time=2026-08-21T23:13:43.524+08:00 level=DEBUG msg="discovery: skipping unreachable socket" socket=/tmp/tmux-501/t115d24675 err="query tmux on /tmp/tmux-501/t115d24675: exit status 1: no server running on /tmp/tmux-501/t115d24675"
time=2026-08-21T23:13:43.533+08:00 level=DEBUG msg="discovery: skipping unreachable socket" socket=/tmp/tmux-501/t115e31319 err="query tmux on /tmp/tmux-501/t115e31319: exit status 1: no server running on /tmp/tmux-501/t115e31319"
time=2026-08-21T23:13:43.542+08:00 level=DEBUG msg="discovery: skipping unreachable socket" socket=/tmp/tmux-501/t115f44898 err="query tmux on /tmp/tmux-501/t115f44898: exit status 1: no server running on /tmp/tmux-501/t115f44898"
time=2026-08-21T23:13:43.551+08:00 level=DEBUG msg="discovery: skipping unreachable socket" socket=/tmp/tmux-501/t115g47728 err="query tmux on /tmp/tmux-501/t115g47728: exit status 1: no server running on /tmp/tmux-501/t115g47728"
time=2026-08-21T23:13:43.564+08:00 level=DEBUG msg="discovery: skipping unreachable socket" socket=/tmp/tmux-501/ta-0bafa3965ade err="query tmux on /tmp/tmux-501/ta-0bafa3965ade: exit status 1: no server running on /tmp/tmux-501/ta-0bafa3965ade"
time=2026-08-21T23:13:43.602+08:00 level=DEBUG msg="discovery: skipping unreachable socket" socket=/tmp/tmux-501/ta-61709dcf801e err="query tmux on /tmp/tmux-501/ta-61709dcf801e: exit status 1: no server running on /tmp/tmux-501/ta-61709dcf801e"
time=2026-08-21T23:13:43.626+08:00 level=DEBUG msg="discovery: skipping unparsable pane line" socket=/tmp/tmux-501/ta-a9fd5b7defbd line="team-refactor-maintainability|6|%39|/Users/alauda/Documents/code/agent前沿探索/多agent协作|bash|87458|t.p9.review 零上下文设计审查已通过<|eos|> - grok|235x50|tester-t124"
time=2026-08-21T23:13:43.646+08:00 level=DEBUG msg="discovery: skipping unreachable socket" socket=/tmp/tmux-501/ta-ed81bd4d8c17 err="query tmux on /tmp/tmux-501/ta-ed81bd4d8c17: exit status 1: no server running on /tmp/tmux-501/ta-ed81bd4d8c17"
time=2026-08-21T23:13:43.655+08:00 level=DEBUG msg="discovery: skipping unreachable socket" socket=/tmp/tmux-501/ta-f1ad1b378fc7 err="query tmux on /tmp/tmux-501/ta-f1ad1b378fc7: exit status 1: no server running on /tmp/tmux-501/ta-f1ad1b378fc7"
time=2026-08-21T23:13:43.677+08:00 level=DEBUG msg="discovery: skipping unreachable socket" socket=/tmp/tmux-501/ta-t121u01 err="query tmux on /tmp/tmux-501/ta-t121u01: exit status 1: no server running on /tmp/tmux-501/ta-t121u01"
time=2026-08-21T23:13:43.686+08:00 level=DEBUG msg="discovery: skipping unreachable socket" socket=/tmp/tmux-501/ta-t121u01b err="query tmux on /tmp/tmux-501/ta-t121u01b: exit status 1: no server running on /tmp/tmux-501/ta-t121u01b"
time=2026-08-21T23:13:43.695+08:00 level=DEBUG msg="discovery: skipping unreachable socket" socket=/tmp/tmux-501/ta-user-agents err="query tmux on /tmp/tmux-501/ta-user-agents: exit status 1: no server running on /tmp/tmux-501/ta-user-agents"
time=2026-08-21T23:13:43.814+08:00 level=WARN msg="level2: title unknown for provider" provider=grok codepoint=U+002B title="+ Agent 弹窗图标卡片重做 - grok" is_letter=false is_number=false leading_glyph=true status=unknown
time=2026-08-21T23:13:44.081+08:00 level=DEBUG msg="listing: no changes"
time=2026-08-21T23:13:44.610+08:00 level=DEBUG msg="discovery: skipping unreachable socket" socket=/tmp/tmux-501/t115d24675 err="query tmux on /tmp/tmux-501/t115d24675: exit status 1: no server running on /tmp/tmux-501/t115d24675"
time=2026-08-21T23:13:44.619+08:00 level=DEBUG msg="discovery: skipping unreachable socket" socket=/tmp/tmux-501/t115e31319 err="query tmux on /tmp/tmux-501/t115e31319: exit status 1: no server running on /tmp/tmux-501/t115e31319"
time=2026-08-21T23:13:44.628+08:00 level=DEBUG msg="discovery: skipping unreachable socket" socket=/tmp/tmux-501/t115f44898 err="query tmux on /tmp/tmux-501/t115f44898: exit status 1: no server running on /tmp/tmux-501/t115f44898"
time=2026-08-21T23:13:44.636+08:00 level=DEBUG msg="discovery: skipping unreachable socket" socket=/tmp/tmux-501/t115g47728 err="query tmux on /tmp/tmux-501/t115g47728: exit status 1: no server running on /tmp/tmux-501/t115g47728"
time=2026-08-21T23:13:44.645+08:00 level=DEBUG msg="discovery: skipping unreachable socket" socket=/tmp/tmux-501/ta-0bafa3965ade err="query tmux on /tmp/tmux-501/ta-0bafa3965ade: exit status 1: no server running on /tmp/tmux-501/ta-0bafa3965ade"
time=2026-08-21T23:13:44.680+08:00 level=DEBUG msg="discovery: skipping unreachable socket" socket=/tmp/tmux-501/ta-61709dcf801e err="query tmux on /tmp/tmux-501/ta-61709dcf801e: exit status 1: no server running on /tmp/tmux-501/ta-61709dcf801e"
time=2026-08-21T23:13:44.699+08:00 level=DEBUG msg="discovery: skipping unparsable pane line" socket=/tmp/tmux-501/ta-a9fd5b7defbd line="team-refactor-maintainability|6|%39|/Users/alauda/Documents/code/agent前沿探索/多agent协作|bash|87458|t.p9.review 零上下文设计审查已通过<|eos|> - grok|235x50|tester-t124"
time=2026-08-21T23:13:44.716+08:00 level=DEBUG msg="discovery: skipping unreachable socket" socket=/tmp/tmux-501/ta-ed81bd4d8c17 err="query tmux on /tmp/tmux-501/ta-ed81bd4d8c17: exit status 1: no server running on /tmp/tmux-501/ta-ed81bd4d8c17"
time=2026-08-21T23:13:44.725+08:00 level=DEBUG msg="discovery: skipping unreachable socket" socket=/tmp/tmux-501/ta-f1ad1b378fc7 err="query tmux on /tmp/tmux-501/ta-f1ad1b378fc7: exit status 1: no server running on /tmp/tmux-501/ta-f1ad1b378fc7"
time=2026-08-21T23:13:44.743+08:00 level=DEBUG msg="discovery: skipping unreachable socket" socket=/tmp/tmux-501/ta-t121u01 err="query tmux on /tmp/tmux-501/ta-t121u01: exit status 1: no server running on /tmp/tmux-501/ta-t121u01"
time=2026-08-21T23:13:44.752+08:00 level=DEBUG msg="discovery: skipping unreachable socket" socket=/tmp/tmux-501/ta-t121u01b err="query tmux on /tmp/tmux-501/ta-t121u01b: exit status 1: no server running on /tmp/tmux-501/ta-t121u01b"
time=2026-08-21T23:13:44.760+08:00 level=DEBUG msg="discovery: skipping unreachable socket" socket=/tmp/tmux-501/ta-user-agents err="query tmux on /tmp/tmux-501/ta-user-agents: exit status 1: no server running on /tmp/tmux-501/ta-user-agents"
time=2026-08-21T23:13:45.845+08:00 level=DEBUG msg="discovery: skipping unreachable socket" socket=/tmp/tmux-501/t115d24675 err="query tmux on /tmp/tmux-501/t115d24675: exit status 1: no server running on /tmp/tmux-501/t115d24675"
time=2026-08-21T23:13:45.854+08:00 level=DEBUG msg="discovery: skipping unreachable socket" socket=/tmp/tmux-501/t115e31319 err="query tmux on /tmp/tmux-501/t115e31319: exit status 1: no server running on /tmp/tmux-501/t115e31319"
time=2026-08-21T23:13:45.862+08:00 level=DEBUG msg="discovery: skipping unreachable socket" socket=/tmp/tmux-501/t115f44898 err="query tmux on /tmp/tmux-501/t115f44898: exit status 1: no server running on /tmp/tmux-501/t115f44898"
time=2026-08-21T23:13:45.871+08:00 level=DEBUG msg="discovery: skipping unreachable socket" socket=/tmp/tmux-501/t115g47728 err="query tmux on /tmp/tmux-501/t115g47728: exit status 1: no server running on /tmp/tmux-501/t115g47728"
time=2026-08-21T23:13:45.880+08:00 level=DEBUG msg="discovery: skipping unreachable socket" socket=/tmp/tmux-501/ta-0bafa3965ade err="query tmux on /tmp/tmux-501/ta-0bafa3965ade: exit status 1: no server running on /tmp/tmux-501/ta-0bafa3965ade"
time=2026-08-21T23:13:45.915+08:00 level=DEBUG msg="discovery: skipping unreachable socket" socket=/tmp/tmux-501/ta-61709dcf801e err="query tmux on /tmp/tmux-501/ta-61709dcf801e: exit status 1: no server running on /tmp/tmux-501/ta-61709dcf801e"
time=2026-08-21T23:13:45.936+08:00 level=DEBUG msg="discovery: skipping unparsable pane line" socket=/tmp/tmux-501/ta-a9fd5b7defbd line="team-refactor-maintainability|6|%39|/Users/alauda/Documents/code/agent前沿探索/多agent协作|bash|87458|t.p9.review 零上下文设计审查已通过<|eos|> - grok|235x50|tester-t124"
time=2026-08-21T23:13:45.955+08:00 level=DEBUG msg="discovery: skipping unreachable socket" socket=/tmp/tmux-501/ta-ed81bd4d8c17 err="query tmux on /tmp/tmux-501/ta-ed81bd4d8c17: exit status 1: no server running on /tmp/tmux-501/ta-ed81bd4d8c17"
time=2026-08-21T23:13:45.963+08:00 level=DEBUG msg="discovery: skipping unreachable socket" socket=/tmp/tmux-501/ta-f1ad1b378fc7 err="query tmux on /tmp/tmux-501/ta-f1ad1b378fc7: exit status 1: no server running on /tmp/tmux-501/ta-f1ad1b378fc7"
time=2026-08-21T23:13:45.983+08:00 level=DEBUG msg="discovery: skipping unreachable socket" socket=/tmp/tmux-501/ta-t121u01 err="query tmux on /tmp/tmux-501/ta-t121u01: exit status 1: no server running on /tmp/tmux-501/ta-t121u01"
time=2026-08-21T23:13:45.992+08:00 level=DEBUG msg="discovery: skipping unreachable socket" socket=/tmp/tmux-501/ta-t121u01b err="query tmux on /tmp/tmux-501/ta-t121u01b: exit status 1: no server running on /tmp/tmux-501/ta-t121u01b"
time=2026-08-21T23:13:46.000+08:00 level=DEBUG msg="discovery: skipping unreachable socket" socket=/tmp/tmux-501/ta-user-agents err="query tmux on /tmp/tmux-501/ta-user-agents: exit status 1: no server running on /tmp/tmux-501/ta-user-agents"
time=2026-08-21T23:13:46.057+08:00 level=WARN msg="level2: title unknown for provider" provider=grok codepoint=U+002B title="+ Agent 弹窗图标卡片重做 - grok" is_letter=false is_number=false leading_glyph=true status=unknown
time=2026-08-21T23:13:47.398+08:00 level=DEBUG msg="listing: no changes"
time=2026-08-21T23:13:47.929+08:00 level=DEBUG msg="discovery: skipping unreachable socket" socket=/tmp/tmux-501/t115d24675 err="query tmux on /tmp/tmux-501/t115d24675: exit status 1: no server running on /tmp/tmux-501/t115d24675"
time=2026-08-21T23:13:47.938+08:00 level=DEBUG msg="discovery: skipping unreachable socket" socket=/tmp/tmux-501/t115e31319 err="query tmux on /tmp/tmux-501/t115e31319: exit status 1: no server running on /tmp/tmux-501/t115e31319"
time=2026-08-21T23:13:47.950+08:00 level=DEBUG msg="discovery: skipping unreachable socket" socket=/tmp/tmux-501/t115f44898 err="query tmux on /tmp/tmux-501/t115f44898: exit status 1: no server running on /tmp/tmux-501/t115f44898"
time=2026-08-21T23:13:47.959+08:00 level=DEBUG msg="discovery: skipping unreachable socket" socket=/tmp/tmux-501/t115g47728 err="query tmux on /tmp/tmux-501/t115g47728: exit status 1: no server running on /tmp/tmux-501/t115g47728"
time=2026-08-21T23:13:47.973+08:00 level=DEBUG msg="discovery: skipping unreachable socket" socket=/tmp/tmux-501/ta-0bafa3965ade err="query tmux on /tmp/tmux-501/ta-0bafa3965ade: exit status 1: no server running on /tmp/tmux-501/ta-0bafa3965ade"
time=2026-08-21T23:13:48.015+08:00 level=DEBUG msg="discovery: skipping unreachable socket" socket=/tmp/tmux-501/ta-61709dcf801e err="query tmux on /tmp/tmux-501/ta-61709dcf801e: exit status 1: no server running on /tmp/tmux-501/ta-61709dcf801e"
time=2026-08-21T23:13:48.038+08:00 level=DEBUG msg="discovery: skipping unparsable pane line" socket=/tmp/tmux-501/ta-a9fd5b7defbd line="team-refactor-maintainability|6|%39|/Users/alauda/Documents/code/agent前沿探索/多agent协作|bash|87458|t.p9.review 零上下文设计审查已通过<|eos|> - grok|235x50|tester-t124"
time=2026-08-21T23:13:48.057+08:00 level=DEBUG msg="discovery: skipping unreachable socket" socket=/tmp/tmux-501/ta-ed81bd4d8c17 err="query tmux on /tmp/tmux-501/ta-ed81bd4d8c17: exit status 1: no server running on /tmp/tmux-501/ta-ed81bd4d8c17"
time=2026-08-21T23:13:48.116+08:00 level=DEBUG msg="discovery: skipping unreachable socket" socket=/tmp/tmux-501/ta-f1ad1b378fc7 err="query tmux on /tmp/tmux-501/ta-f1ad1b378fc7: exit status 1: no server running on /tmp/tmux-501/ta-f1ad1b378fc7"
time=2026-08-21T23:13:48.196+08:00 level=DEBUG msg="discovery: skipping unreachable socket" socket=/tmp/tmux-501/ta-t121u01 err="query tmux on /tmp/tmux-501/ta-t121u01: exit status 1: no server running on /tmp/tmux-501/ta-t121u01"
time=2026-08-21T23:13:48.198+08:00 level=DEBUG msg="discovery: skipping unreachable socket" socket=/tmp/tmux-501/t115d24675 err="query tmux on /tmp/tmux-501/t115d24675: exit status 1: no server running on /tmp/tmux-501/t115d24675"
time=2026-08-21T23:13:48.205+08:00 level=DEBUG msg="discovery: skipping unreachable socket" socket=/tmp/tmux-501/ta-t121u01b err="query tmux on /tmp/tmux-501/ta-t121u01b: exit status 1: no server running on /tmp/tmux-501/ta-t121u01b"
time=2026-08-21T23:13:48.207+08:00 level=DEBUG msg="discovery: skipping unreachable socket" socket=/tmp/tmux-501/t115e31319 err="query tmux on /tmp/tmux-501/t115e31319: exit status 1: no server running on /tmp/tmux-501/t115e31319"
time=2026-08-21T23:13:48.214+08:00 level=DEBUG msg="discovery: skipping unreachable socket" socket=/tmp/tmux-501/ta-user-agents err="query tmux on /tmp/tmux-501/ta-user-agents: exit status 1: no server running on /tmp/tmux-501/ta-user-agents"
time=2026-08-21T23:13:48.215+08:00 level=DEBUG msg="discovery: skipping unreachable socket" socket=/tmp/tmux-501/t115f44898 err="query tmux on /tmp/tmux-501/t115f44898: exit status 1: no server running on /tmp/tmux-501/t115f44898"
time=2026-08-21T23:13:48.224+08:00 level=DEBUG msg="discovery: skipping unreachable socket" socket=/tmp/tmux-501/t115g47728 err="query tmux on /tmp/tmux-501/t115g47728: exit status 1: no server running on /tmp/tmux-501/t115g47728"
time=2026-08-21T23:13:48.232+08:00 level=DEBUG msg="discovery: skipping unreachable socket" socket=/tmp/tmux-501/ta-0bafa3965ade err="query tmux on /tmp/tmux-501/ta-0bafa3965ade: exit status 1: no server running on /tmp/tmux-501/ta-0bafa3965ade"
time=2026-08-21T23:13:48.270+08:00 level=DEBUG msg="discovery: skipping unreachable socket" socket=/tmp/tmux-501/ta-61709dcf801e err="query tmux on /tmp/tmux-501/ta-61709dcf801e: exit status 1: no server running on /tmp/tmux-501/ta-61709dcf801e"
time=2026-08-21T23:13:48.288+08:00 level=DEBUG msg="discovery: skipping unparsable pane line" socket=/tmp/tmux-501/ta-a9fd5b7defbd line="team-refactor-maintainability|6|%39|/Users/alauda/Documents/code/agent前沿探索/多agent协作|bash|87458|t.p9.review 零上下文设计审查已通过<|eos|> - grok|235x50|tester-t124"
time=2026-08-21T23:13:48.313+08:00 level=DEBUG msg="discovery: skipping unreachable socket" socket=/tmp/tmux-501/ta-ed81bd4d8c17 err="query tmux on /tmp/tmux-501/ta-ed81bd4d8c17: exit status 1: no server running on /tmp/tmux-501/ta-ed81bd4d8c17"
time=2026-08-21T23:13:48.322+08:00 level=DEBUG msg="discovery: skipping unreachable socket" socket=/tmp/tmux-501/ta-f1ad1b378fc7 err="query tmux on /tmp/tmux-501/ta-f1ad1b378fc7: exit status 1: no server running on /tmp/tmux-501/ta-f1ad1b378fc7"
time=2026-08-21T23:13:48.339+08:00 level=DEBUG msg="discovery: skipping unreachable socket" socket=/tmp/tmux-501/ta-t121u01 err="query tmux on /tmp/tmux-501/ta-t121u01: exit status 1: no server running on /tmp/tmux-501/ta-t121u01"
time=2026-08-21T23:13:48.354+08:00 level=DEBUG msg="discovery: skipping unreachable socket" socket=/tmp/tmux-501/ta-t121u01b err="query tmux on /tmp/tmux-501/ta-t121u01b: exit status 1: no server running on /tmp/tmux-501/ta-t121u01b"
time=2026-08-21T23:13:48.363+08:00 level=DEBUG msg="discovery: skipping unreachable socket" socket=/tmp/tmux-501/ta-user-agents err="query tmux on /tmp/tmux-501/ta-user-agents: exit status 1: no server running on /tmp/tmux-501/ta-user-agents"
time=2026-08-21T23:13:48.487+08:00 level=WARN msg="level2: title unknown for provider" provider=grok codepoint=U+002B title="+ Agent 弹窗图标卡片重做 - grok" is_letter=false is_number=false leading_glyph=true status=unknown
time=2026-08-21T23:13:50.537+08:00 level=DEBUG msg="discovery: skipping unreachable socket" socket=/tmp/tmux-501/t115d24675 err="query tmux on /tmp/tmux-501/t115d24675: exit status 1: no server running on /tmp/tmux-501/t115d24675"
time=2026-08-21T23:13:50.547+08:00 level=DEBUG msg="discovery: skipping unreachable socket" socket=/tmp/tmux-501/t115e31319 err="query tmux on /tmp/tmux-501/t115e31319: exit status 1: no server running on /tmp/tmux-501/t115e31319"
time=2026-08-21T23:13:50.561+08:00 level=DEBUG msg="discovery: skipping unreachable socket" socket=/tmp/tmux-501/t115f44898 err="query tmux on /tmp/tmux-501/t115f44898: exit status 1: no server running on /tmp/tmux-501/t115f44898"
time=2026-08-21T23:13:50.573+08:00 level=DEBUG msg="discovery: skipping unreachable socket" socket=/tmp/tmux-501/t115g47728 err="query tmux on /tmp/tmux-501/t115g47728: exit status 1: no server running on /tmp/tmux-501/t115g47728"
time=2026-08-21T23:13:50.584+08:00 level=DEBUG msg="discovery: skipping unreachable socket" socket=/tmp/tmux-501/ta-0bafa3965ade err="query tmux on /tmp/tmux-501/ta-0bafa3965ade: exit status 1: no server running on /tmp/tmux-501/ta-0bafa3965ade"
time=2026-08-21T23:13:50.626+08:00 level=DEBUG msg="discovery: skipping unreachable socket" socket=/tmp/tmux-501/ta-61709dcf801e err="query tmux on /tmp/tmux-501/ta-61709dcf801e: exit status 1: no server running on /tmp/tmux-501/ta-61709dcf801e"
time=2026-08-21T23:13:50.648+08:00 level=DEBUG msg="discovery: skipping unparsable pane line" socket=/tmp/tmux-501/ta-a9fd5b7defbd line="team-refactor-maintainability|6|%39|/Users/alauda/Documents/code/agent前沿探索/多agent协作|bash|87458|t.p9.review 零上下文设计审查已通过<|eos|> - grok|235x50|tester-t124"
time=2026-08-21T23:13:50.667+08:00 level=DEBUG msg="discovery: skipping unreachable socket" socket=/tmp/tmux-501/ta-ed81bd4d8c17 err="query tmux on /tmp/tmux-501/ta-ed81bd4d8c17: exit status 1: no server running on /tmp/tmux-501/ta-ed81bd4d8c17"
time=2026-08-21T23:13:50.677+08:00 level=DEBUG msg="discovery: skipping unreachable socket" socket=/tmp/tmux-501/ta-f1ad1b378fc7 err="query tmux on /tmp/tmux-501/ta-f1ad1b378fc7: exit status 1: no server running on /tmp/tmux-501/ta-f1ad1b378fc7"
time=2026-08-21T23:13:50.704+08:00 level=DEBUG msg="discovery: skipping unreachable socket" socket=/tmp/tmux-501/ta-t121u01 err="query tmux on /tmp/tmux-501/ta-t121u01: exit status 1: no server running on /tmp/tmux-501/ta-t121u01"
time=2026-08-21T23:13:50.716+08:00 level=DEBUG msg="discovery: skipping unreachable socket" socket=/tmp/tmux-501/ta-t121u01b err="query tmux on /tmp/tmux-501/ta-t121u01b: exit status 1: no server running on /tmp/tmux-501/ta-t121u01b"
time=2026-08-21T23:13:50.727+08:00 level=DEBUG msg="discovery: skipping unreachable socket" socket=/tmp/tmux-501/ta-user-agents err="query tmux on /tmp/tmux-501/ta-user-agents: exit status 1: no server running on /tmp/tmux-501/ta-user-agents"
time=2026-08-21T23:13:50.845+08:00 level=WARN msg="level2: title unknown for provider" provider=grok codepoint=U+002B title="+ Agent 弹窗图标卡片重做 - grok" is_letter=false is_number=false leading_glyph=true status=unknown
time=2026-08-21T23:13:51.123+08:00 level=DEBUG msg="listing: no changes"
time=2026-08-21T23:13:51.653+08:00 level=DEBUG msg="discovery: skipping unreachable socket" socket=/tmp/tmux-501/t115d24675 err="query tmux on /tmp/tmux-501/t115d24675: exit status 1: no server running on /tmp/tmux-501/t115d24675"
time=2026-08-21T23:13:51.661+08:00 level=DEBUG msg="discovery: skipping unreachable socket" socket=/tmp/tmux-501/t115e31319 err="query tmux on /tmp/tmux-501/t115e31319: exit status 1: no server running on /tmp/tmux-501/t115e31319"
time=2026-08-21T23:13:51.670+08:00 level=DEBUG msg="discovery: skipping unreachable socket" socket=/tmp/tmux-501/t115f44898 err="query tmux on /tmp/tmux-501/t115f44898: exit status 1: no server running on /tmp/tmux-501/t115f44898"
time=2026-08-21T23:13:51.678+08:00 level=DEBUG msg="discovery: skipping unreachable socket" socket=/tmp/tmux-501/t115g47728 err="query tmux on /tmp/tmux-501/t115g47728: exit status 1: no server running on /tmp/tmux-501/t115g47728"
time=2026-08-21T23:13:51.688+08:00 level=DEBUG msg="discovery: skipping unreachable socket" socket=/tmp/tmux-501/ta-0bafa3965ade err="query tmux on /tmp/tmux-501/ta-0bafa3965ade: exit status 1: no server running on /tmp/tmux-501/ta-0bafa3965ade"
time=2026-08-21T23:13:51.723+08:00 level=DEBUG msg="discovery: skipping unreachable socket" socket=/tmp/tmux-501/ta-61709dcf801e err="query tmux on /tmp/tmux-501/ta-61709dcf801e: exit status 1: no server running on /tmp/tmux-501/ta-61709dcf801e"
time=2026-08-21T23:13:51.743+08:00 level=DEBUG msg="discovery: skipping unparsable pane line" socket=/tmp/tmux-501/ta-a9fd5b7defbd line="team-refactor-maintainability|6|%39|/Users/alauda/Documents/code/agent前沿探索/多agent协作|bash|87458|t.p9.review 零上下文设计审查已通过<|eos|> - grok|235x50|tester-t124"
time=2026-08-21T23:13:51.762+08:00 level=DEBUG msg="discovery: skipping unreachable socket" socket=/tmp/tmux-501/ta-ed81bd4d8c17 err="query tmux on /tmp/tmux-501/ta-ed81bd4d8c17: exit status 1: no server running on /tmp/tmux-501/ta-ed81bd4d8c17"
time=2026-08-21T23:13:51.771+08:00 level=DEBUG msg="discovery: skipping unreachable socket" socket=/tmp/tmux-501/ta-f1ad1b378fc7 err="query tmux on /tmp/tmux-501/ta-f1ad1b378fc7: exit status 1: no server running on /tmp/tmux-501/ta-f1ad1b378fc7"
time=2026-08-21T23:13:51.788+08:00 level=DEBUG msg="discovery: skipping unreachable socket" socket=/tmp/tmux-501/ta-t121u01 err="query tmux on /tmp/tmux-501/ta-t121u01: exit status 1: no server running on /tmp/tmux-501/ta-t121u01"
time=2026-08-21T23:13:51.798+08:00 level=DEBUG msg="discovery: skipping unreachable socket" socket=/tmp/tmux-501/ta-t121u01b err="query tmux on /tmp/tmux-501/ta-t121u01b: exit status 1: no server running on /tmp/tmux-501/ta-t121u01b"
time=2026-08-21T23:13:51.806+08:00 level=DEBUG msg="discovery: skipping unreachable socket" socket=/tmp/tmux-501/ta-user-agents err="query tmux on /tmp/tmux-501/ta-user-agents: exit status 1: no server running on /tmp/tmux-501/ta-user-agents"
time=2026-08-21T23:13:52.875+08:00 level=DEBUG msg="discovery: skipping unreachable socket" socket=/tmp/tmux-501/t115d24675 err="query tmux on /tmp/tmux-501/t115d24675: exit status 1: no server running on /tmp/tmux-501/t115d24675"
time=2026-08-21T23:13:52.884+08:00 level=DEBUG msg="discovery: skipping unreachable socket" socket=/tmp/tmux-501/t115e31319 err="query tmux on /tmp/tmux-501/t115e31319: exit status 1: no server running on /tmp/tmux-501/t115e31319"
time=2026-08-21T23:13:52.893+08:00 level=DEBUG msg="discovery: skipping unreachable socket" socket=/tmp/tmux-501/t115f44898 err="query tmux on /tmp/tmux-501/t115f44898: exit status 1: no server running on /tmp/tmux-501/t115f44898"
time=2026-08-21T23:13:52.901+08:00 level=DEBUG msg="discovery: skipping unreachable socket" socket=/tmp/tmux-501/t115g47728 err="query tmux on /tmp/tmux-501/t115g47728: exit status 1: no server running on /tmp/tmux-501/t115g47728"
time=2026-08-21T23:13:52.910+08:00 level=DEBUG msg="discovery: skipping unreachable socket" socket=/tmp/tmux-501/ta-0bafa3965ade err="query tmux on /tmp/tmux-501/ta-0bafa3965ade: exit status 1: no server running on /tmp/tmux-501/ta-0bafa3965ade"
time=2026-08-21T23:13:52.948+08:00 level=DEBUG msg="discovery: skipping unreachable socket" socket=/tmp/tmux-501/ta-61709dcf801e err="query tmux on /tmp/tmux-501/ta-61709dcf801e: exit status 1: no server running on /tmp/tmux-501/ta-61709dcf801e"
time=2026-08-21T23:13:52.970+08:00 level=DEBUG msg="discovery: skipping unparsable pane line" socket=/tmp/tmux-501/ta-a9fd5b7defbd line="team-refactor-maintainability|6|%39|/Users/alauda/Documents/code/agent前沿探索/多agent协作|bash|87458|t.p9.review 零上下文设计审查已通过<|eos|> - grok|235x50|tester-t124"
time=2026-08-21T23:13:52.989+08:00 level=DEBUG msg="discovery: skipping unreachable socket" socket=/tmp/tmux-501/ta-ed81bd4d8c17 err="query tmux on /tmp/tmux-501/ta-ed81bd4d8c17: exit status 1: no server running on /tmp/tmux-501/ta-ed81bd4d8c17"
time=2026-08-21T23:13:52.997+08:00 level=DEBUG msg="discovery: skipping unreachable socket" socket=/tmp/tmux-501/ta-f1ad1b378fc7 err="query tmux on /tmp/tmux-501/ta-f1ad1b378fc7: exit status 1: no server running on /tmp/tmux-501/ta-f1ad1b378fc7"
time=2026-08-21T23:13:53.026+08:00 level=DEBUG msg="discovery: skipping unreachable socket" socket=/tmp/tmux-501/ta-t121u01 err="query tmux on /tmp/tmux-501/ta-t121u01: exit status 1: no server running on /tmp/tmux-501/ta-t121u01"
time=2026-08-21T23:13:53.035+08:00 level=DEBUG msg="discovery: skipping unreachable socket" socket=/tmp/tmux-501/ta-t121u01b err="query tmux on /tmp/tmux-501/ta-t121u01b: exit status 1: no server running on /tmp/tmux-501/ta-t121u01b"
time=2026-08-21T23:13:53.045+08:00 level=DEBUG msg="discovery: skipping unreachable socket" socket=/tmp/tmux-501/ta-user-agents err="query tmux on /tmp/tmux-501/ta-user-agents: exit status 1: no server running on /tmp/tmux-501/ta-user-agents"
time=2026-08-21T23:13:53.097+08:00 level=WARN msg="level2: title unknown for provider" provider=grok codepoint=U+002B title="+ Agent 弹窗图标卡片重做 - grok" is_letter=false is_number=false leading_glyph=true status=unknown
time=2026-08-21T23:13:54.547+08:00 level=DEBUG msg="listing: no changes"
time=2026-08-21T23:13:55.075+08:00 level=DEBUG msg="discovery: skipping unreachable socket" socket=/tmp/tmux-501/t115d24675 err="query tmux on /tmp/tmux-501/t115d24675: exit status 1: no server running on /tmp/tmux-501/t115d24675"
time=2026-08-21T23:13:55.084+08:00 level=DEBUG msg="discovery: skipping unreachable socket" socket=/tmp/tmux-501/t115e31319 err="query tmux on /tmp/tmux-501/t115e31319: exit status 1: no server running on /tmp/tmux-501/t115e31319"
time=2026-08-21T23:13:55.093+08:00 level=DEBUG msg="discovery: skipping unreachable socket" socket=/tmp/tmux-501/t115f44898 err="query tmux on /tmp/tmux-501/t115f44898: exit status 1: no server running on /tmp/tmux-501/t115f44898"
time=2026-08-21T23:13:55.103+08:00 level=DEBUG msg="discovery: skipping unreachable socket" socket=/tmp/tmux-501/t115g47728 err="query tmux on /tmp/tmux-501/t115g47728: exit status 1: no server running on /tmp/tmux-501/t115g47728"
time=2026-08-21T23:13:55.112+08:00 level=DEBUG msg="discovery: skipping unreachable socket" socket=/tmp/tmux-501/ta-0bafa3965ade err="query tmux on /tmp/tmux-501/ta-0bafa3965ade: exit status 1: no server running on /tmp/tmux-501/ta-0bafa3965ade"
time=2026-08-21T23:13:55.128+08:00 level=DEBUG msg="discovery: skipping unreachable socket" socket=/tmp/tmux-501/t115d24675 err="query tmux on /tmp/tmux-501/t115d24675: exit status 1: no server running on /tmp/tmux-501/t115d24675"
time=2026-08-21T23:13:55.137+08:00 level=DEBUG msg="discovery: skipping unreachable socket" socket=/tmp/tmux-501/t115e31319 err="query tmux on /tmp/tmux-501/t115e31319: exit status 1: no server running on /tmp/tmux-501/t115e31319"
time=2026-08-21T23:13:55.145+08:00 level=DEBUG msg="discovery: skipping unreachable socket" socket=/tmp/tmux-501/t115f44898 err="query tmux on /tmp/tmux-501/t115f44898: exit status 1: no server running on /tmp/tmux-501/t115f44898"
time=2026-08-21T23:13:55.150+08:00 level=DEBUG msg="discovery: skipping unreachable socket" socket=/tmp/tmux-501/ta-61709dcf801e err="query tmux on /tmp/tmux-501/ta-61709dcf801e: exit status 1: no server running on /tmp/tmux-501/ta-61709dcf801e"
time=2026-08-21T23:13:55.153+08:00 level=DEBUG msg="discovery: skipping unreachable socket" socket=/tmp/tmux-501/t115g47728 err="query tmux on /tmp/tmux-501/t115g47728: exit status 1: no server running on /tmp/tmux-501/t115g47728"
time=2026-08-21T23:13:55.164+08:00 level=DEBUG msg="discovery: skipping unreachable socket" socket=/tmp/tmux-501/ta-0bafa3965ade err="query tmux on /tmp/tmux-501/ta-0bafa3965ade: exit status 1: no server running on /tmp/tmux-501/ta-0bafa3965ade"
time=2026-08-21T23:13:55.176+08:00 level=DEBUG msg="discovery: skipping unparsable pane line" socket=/tmp/tmux-501/ta-a9fd5b7defbd line="team-refactor-maintainability|6|%39|/Users/alauda/Documents/code/agent前沿探索/多agent协作|bash|87458|t.p9.review 零上下文设计审查已通过<|eos|> - grok|235x50|tester-t124"
time=2026-08-21T23:13:55.195+08:00 level=DEBUG msg="discovery: skipping unreachable socket" socket=/tmp/tmux-501/ta-ed81bd4d8c17 err="query tmux on /tmp/tmux-501/ta-ed81bd4d8c17: exit status 1: no server running on /tmp/tmux-501/ta-ed81bd4d8c17"
time=2026-08-21T23:13:55.203+08:00 level=DEBUG msg="discovery: skipping unreachable socket" socket=/tmp/tmux-501/ta-f1ad1b378fc7 err="query tmux on /tmp/tmux-501/ta-f1ad1b378fc7: exit status 1: no server running on /tmp/tmux-501/ta-f1ad1b378fc7"
time=2026-08-21T23:13:55.203+08:00 level=DEBUG msg="discovery: skipping unreachable socket" socket=/tmp/tmux-501/ta-61709dcf801e err="query tmux on /tmp/tmux-501/ta-61709dcf801e: exit status 1: no server running on /tmp/tmux-501/ta-61709dcf801e"
time=2026-08-21T23:13:55.224+08:00 level=DEBUG msg="discovery: skipping unreachable socket" socket=/tmp/tmux-501/ta-t121u01 err="query tmux on /tmp/tmux-501/ta-t121u01: exit status 1: no server running on /tmp/tmux-501/ta-t121u01"
time=2026-08-21T23:13:55.226+08:00 level=DEBUG msg="discovery: skipping unparsable pane line" socket=/tmp/tmux-501/ta-a9fd5b7defbd line="team-refactor-maintainability|6|%39|/Users/alauda/Documents/code/agent前沿探索/多agent协作|bash|87458|t.p9.review 零上下文设计审查已通过<|eos|> - grok|235x50|tester-t124"
time=2026-08-21T23:13:55.233+08:00 level=DEBUG msg="discovery: skipping unreachable socket" socket=/tmp/tmux-501/ta-t121u01b err="query tmux on /tmp/tmux-501/ta-t121u01b: exit status 1: no server running on /tmp/tmux-501/ta-t121u01b"
time=2026-08-21T23:13:55.241+08:00 level=DEBUG msg="discovery: skipping unreachable socket" socket=/tmp/tmux-501/ta-user-agents err="query tmux on /tmp/tmux-501/ta-user-agents: exit status 1: no server running on /tmp/tmux-501/ta-user-agents"
time=2026-08-21T23:13:55.243+08:00 level=DEBUG msg="discovery: skipping unreachable socket" socket=/tmp/tmux-501/ta-ed81bd4d8c17 err="query tmux on /tmp/tmux-501/ta-ed81bd4d8c17: exit status 1: no server running on /tmp/tmux-501/ta-ed81bd4d8c17"
time=2026-08-21T23:13:55.252+08:00 level=DEBUG msg="discovery: skipping unreachable socket" socket=/tmp/tmux-501/ta-f1ad1b378fc7 err="query tmux on /tmp/tmux-501/ta-f1ad1b378fc7: exit status 1: no server running on /tmp/tmux-501/ta-f1ad1b378fc7"
time=2026-08-21T23:13:55.272+08:00 level=DEBUG msg="discovery: skipping unreachable socket" socket=/tmp/tmux-501/ta-t121u01 err="query tmux on /tmp/tmux-501/ta-t121u01: exit status 1: no server running on /tmp/tmux-501/ta-t121u01"
time=2026-08-21T23:13:55.281+08:00 level=DEBUG msg="discovery: skipping unreachable socket" socket=/tmp/tmux-501/ta-t121u01b err="query tmux on /tmp/tmux-501/ta-t121u01b: exit status 1: no server running on /tmp/tmux-501/ta-t121u01b"
time=2026-08-21T23:13:55.289+08:00 level=DEBUG msg="discovery: skipping unreachable socket" socket=/tmp/tmux-501/ta-user-agents err="query tmux on /tmp/tmux-501/ta-user-agents: exit status 1: no server running on /tmp/tmux-501/ta-user-agents"
time=2026-08-21T23:13:55.422+08:00 level=WARN msg="level2: title unknown for provider" provider=grok codepoint=U+002B title="+ Agent 弹窗图标卡片重做 - grok" is_letter=false is_number=false leading_glyph=true status=unknown
time=2026-08-21T23:13:57.454+08:00 level=DEBUG msg="discovery: skipping unreachable socket" socket=/tmp/tmux-501/t115d24675 err="query tmux on /tmp/tmux-501/t115d24675: exit status 1: no server running on /tmp/tmux-501/t115d24675"
time=2026-08-21T23:13:57.515+08:00 level=DEBUG msg="discovery: skipping unreachable socket" socket=/tmp/tmux-501/t115e31319 err="query tmux on /tmp/tmux-501/t115e31319: exit status 1: no server running on /tmp/tmux-501/t115e31319"
time=2026-08-21T23:13:57.570+08:00 level=DEBUG msg="discovery: skipping unreachable socket" socket=/tmp/tmux-501/t115f44898 err="query tmux on /tmp/tmux-501/t115f44898: exit status 1: no server running on /tmp/tmux-501/t115f44898"
time=2026-08-21T23:13:57.586+08:00 level=DEBUG msg="discovery: skipping unreachable socket" socket=/tmp/tmux-501/t115g47728 err="query tmux on /tmp/tmux-501/t115g47728: exit status 1: no server running on /tmp/tmux-501/t115g47728"
time=2026-08-21T23:13:57.595+08:00 level=DEBUG msg="discovery: skipping unreachable socket" socket=/tmp/tmux-501/ta-0bafa3965ade err="query tmux on /tmp/tmux-501/ta-0bafa3965ade: exit status 1: no server running on /tmp/tmux-501/ta-0bafa3965ade"
time=2026-08-21T23:13:57.637+08:00 level=DEBUG msg="discovery: skipping unreachable socket" socket=/tmp/tmux-501/ta-61709dcf801e err="query tmux on /tmp/tmux-501/ta-61709dcf801e: exit status 1: no server running on /tmp/tmux-501/ta-61709dcf801e"
time=2026-08-21T23:13:57.658+08:00 level=DEBUG msg="discovery: skipping unparsable pane line" socket=/tmp/tmux-501/ta-a9fd5b7defbd line="team-refactor-maintainability|6|%39|/Users/alauda/Documents/code/agent前沿探索/多agent协作|bash|87458|t.p9.review 零上下文设计审查已通过<|eos|> - grok|235x50|tester-t124"
time=2026-08-21T23:13:57.679+08:00 level=DEBUG msg="discovery: skipping unreachable socket" socket=/tmp/tmux-501/ta-ed81bd4d8c17 err="query tmux on /tmp/tmux-501/ta-ed81bd4d8c17: exit status 1: no server running on /tmp/tmux-501/ta-ed81bd4d8c17"
time=2026-08-21T23:13:57.688+08:00 level=DEBUG msg="discovery: skipping unreachable socket" socket=/tmp/tmux-501/ta-f1ad1b378fc7 err="query tmux on /tmp/tmux-501/ta-f1ad1b378fc7: exit status 1: no server running on /tmp/tmux-501/ta-f1ad1b378fc7"
time=2026-08-21T23:13:57.707+08:00 level=DEBUG msg="discovery: skipping unreachable socket" socket=/tmp/tmux-501/ta-t121u01 err="query tmux on /tmp/tmux-501/ta-t121u01: exit status 1: no server running on /tmp/tmux-501/ta-t121u01"
time=2026-08-21T23:13:57.716+08:00 level=DEBUG msg="discovery: skipping unreachable socket" socket=/tmp/tmux-501/ta-t121u01b err="query tmux on /tmp/tmux-501/ta-t121u01b: exit status 1: no server running on /tmp/tmux-501/ta-t121u01b"
time=2026-08-21T23:13:57.725+08:00 level=DEBUG msg="discovery: skipping unreachable socket" socket=/tmp/tmux-501/ta-user-agents err="query tmux on /tmp/tmux-501/ta-user-agents: exit status 1: no server running on /tmp/tmux-501/ta-user-agents"
time=2026-08-21T23:13:57.848+08:00 level=WARN msg="level2: title unknown for provider" provider=grok codepoint=U+002B title="+ Agent 弹窗图标卡片重做 - grok" is_letter=false is_number=false leading_glyph=true status=unknown
time=2026-08-21T23:13:58.023+08:00 level=DEBUG msg="listing: no changes"
time=2026-08-21T23:13:58.553+08:00 level=DEBUG msg="discovery: skipping unreachable socket" socket=/tmp/tmux-501/t115d24675 err="query tmux on /tmp/tmux-501/t115d24675: exit status 1: no server running on /tmp/tmux-501/t115d24675"
time=2026-08-21T23:13:58.562+08:00 level=DEBUG msg="discovery: skipping unreachable socket" socket=/tmp/tmux-501/t115e31319 err="query tmux on /tmp/tmux-501/t115e31319: exit status 1: no server running on /tmp/tmux-501/t115e31319"
time=2026-08-21T23:13:58.570+08:00 level=DEBUG msg="discovery: skipping unreachable socket" socket=/tmp/tmux-501/t115f44898 err="query tmux on /tmp/tmux-501/t115f44898: exit status 1: no server running on /tmp/tmux-501/t115f44898"
time=2026-08-21T23:13:58.579+08:00 level=DEBUG msg="discovery: skipping unreachable socket" socket=/tmp/tmux-501/t115g47728 err="query tmux on /tmp/tmux-501/t115g47728: exit status 1: no server running on /tmp/tmux-501/t115g47728"
time=2026-08-21T23:13:58.587+08:00 level=DEBUG msg="discovery: skipping unreachable socket" socket=/tmp/tmux-501/ta-0bafa3965ade err="query tmux on /tmp/tmux-501/ta-0bafa3965ade: exit status 1: no server running on /tmp/tmux-501/ta-0bafa3965ade"
time=2026-08-21T23:13:58.623+08:00 level=DEBUG msg="discovery: skipping unreachable socket" socket=/tmp/tmux-501/ta-61709dcf801e err="query tmux on /tmp/tmux-501/ta-61709dcf801e: exit status 1: no server running on /tmp/tmux-501/ta-61709dcf801e"
time=2026-08-21T23:13:58.642+08:00 level=DEBUG msg="discovery: skipping unparsable pane line" socket=/tmp/tmux-501/ta-a9fd5b7defbd line="team-refactor-maintainability|6|%39|/Users/alauda/Documents/code/agent前沿探索/多agent协作|bash|87458|t.p9.review 零上下文设计审查已通过<|eos|> - grok|235x50|tester-t124"
time=2026-08-21T23:13:58.660+08:00 level=DEBUG msg="discovery: skipping unreachable socket" socket=/tmp/tmux-501/ta-ed81bd4d8c17 err="query tmux on /tmp/tmux-501/ta-ed81bd4d8c17: exit status 1: no server running on /tmp/tmux-501/ta-ed81bd4d8c17"
time=2026-08-21T23:13:58.668+08:00 level=DEBUG msg="discovery: skipping unreachable socket" socket=/tmp/tmux-501/ta-f1ad1b378fc7 err="query tmux on /tmp/tmux-501/ta-f1ad1b378fc7: exit status 1: no server running on /tmp/tmux-501/ta-f1ad1b378fc7"
time=2026-08-21T23:13:58.687+08:00 level=DEBUG msg="discovery: skipping unreachable socket" socket=/tmp/tmux-501/ta-t121u01 err="query tmux on /tmp/tmux-501/ta-t121u01: exit status 1: no server running on /tmp/tmux-501/ta-t121u01"
time=2026-08-21T23:13:58.696+08:00 level=DEBUG msg="discovery: skipping unreachable socket" socket=/tmp/tmux-501/ta-t121u01b err="query tmux on /tmp/tmux-501/ta-t121u01b: exit status 1: no server running on /tmp/tmux-501/ta-t121u01b"
time=2026-08-21T23:13:58.704+08:00 level=DEBUG msg="discovery: skipping unreachable socket" socket=/tmp/tmux-501/ta-user-agents err="query tmux on /tmp/tmux-501/ta-user-agents: exit status 1: no server running on /tmp/tmux-501/ta-user-agents"
time=2026-08-21T23:13:59.879+08:00 level=DEBUG msg="discovery: skipping unreachable socket" socket=/tmp/tmux-501/t115d24675 err="query tmux on /tmp/tmux-501/t115d24675: exit status 1: no server running on /tmp/tmux-501/t115d24675"
time=2026-08-21T23:13:59.887+08:00 level=DEBUG msg="discovery: skipping unreachable socket" socket=/tmp/tmux-501/t115e31319 err="query tmux on /tmp/tmux-501/t115e31319: exit status 1: no server running on /tmp/tmux-501/t115e31319"
time=2026-08-21T23:13:59.896+08:00 level=DEBUG msg="discovery: skipping unreachable socket" socket=/tmp/tmux-501/t115f44898 err="query tmux on /tmp/tmux-501/t115f44898: exit status 1: no server running on /tmp/tmux-501/t115f44898"
time=2026-08-21T23:13:59.905+08:00 level=DEBUG msg="discovery: skipping unreachable socket" socket=/tmp/tmux-501/t115g47728 err="query tmux on /tmp/tmux-501/t115g47728: exit status 1: no server running on /tmp/tmux-501/t115g47728"
time=2026-08-21T23:13:59.914+08:00 level=DEBUG msg="discovery: skipping unreachable socket" socket=/tmp/tmux-501/ta-0bafa3965ade err="query tmux on /tmp/tmux-501/ta-0bafa3965ade: exit status 1: no server running on /tmp/tmux-501/ta-0bafa3965ade"
time=2026-08-21T23:13:59.963+08:00 level=DEBUG msg="discovery: skipping unreachable socket" socket=/tmp/tmux-501/ta-61709dcf801e err="query tmux on /tmp/tmux-501/ta-61709dcf801e: exit status 1: no server running on /tmp/tmux-501/ta-61709dcf801e"
time=2026-08-21T23:13:59.984+08:00 level=DEBUG msg="discovery: skipping unparsable pane line" socket=/tmp/tmux-501/ta-a9fd5b7defbd line="team-refactor-maintainability|6|%39|/Users/alauda/Documents/code/agent前沿探索/多agent协作|bash|87458|t.p9.review 零上下文设计审查已通过<|eos|> - grok|235x50|tester-t124"
time=2026-08-21T23:14:00.003+08:00 level=DEBUG msg="discovery: skipping unreachable socket" socket=/tmp/tmux-501/ta-ed81bd4d8c17 err="query tmux on /tmp/tmux-501/ta-ed81bd4d8c17: exit status 1: no server running on /tmp/tmux-501/ta-ed81bd4d8c17"
time=2026-08-21T23:14:00.016+08:00 level=DEBUG msg="discovery: skipping unreachable socket" socket=/tmp/tmux-501/ta-f1ad1b378fc7 err="query tmux on /tmp/tmux-501/ta-f1ad1b378fc7: exit status 1: no server running on /tmp/tmux-501/ta-f1ad1b378fc7"
time=2026-08-21T23:14:00.036+08:00 level=DEBUG msg="discovery: skipping unreachable socket" socket=/tmp/tmux-501/ta-t121u01 err="query tmux on /tmp/tmux-501/ta-t121u01: exit status 1: no server running on /tmp/tmux-501/ta-t121u01"
time=2026-08-21T23:14:00.045+08:00 level=DEBUG msg="discovery: skipping unreachable socket" socket=/tmp/tmux-501/ta-t121u01b err="query tmux on /tmp/tmux-501/ta-t121u01b: exit status 1: no server running on /tmp/tmux-501/ta-t121u01b"
time=2026-08-21T23:14:00.054+08:00 level=DEBUG msg="discovery: skipping unreachable socket" socket=/tmp/tmux-501/ta-user-agents err="query tmux on /tmp/tmux-501/ta-user-agents: exit status 1: no server running on /tmp/tmux-501/ta-user-agents"
time=2026-08-21T23:14:00.160+08:00 level=WARN msg="level2: title unknown for provider" provider=grok codepoint=U+002B title="+ Agent 弹窗图标卡片重做 - grok" is_letter=false is_number=false leading_glyph=true status=unknown
time=2026-08-21T23:14:01.396+08:00 level=DEBUG msg="listing: no changes"
time=2026-08-21T23:14:01.927+08:00 level=DEBUG msg="discovery: skipping unreachable socket" socket=/tmp/tmux-501/t115d24675 err="query tmux on /tmp/tmux-501/t115d24675: exit status 1: no server running on /tmp/tmux-501/t115d24675"
time=2026-08-21T23:14:01.936+08:00 level=DEBUG msg="discovery: skipping unreachable socket" socket=/tmp/tmux-501/t115e31319 err="query tmux on /tmp/tmux-501/t115e31319: exit status 1: no server running on /tmp/tmux-501/t115e31319"
time=2026-08-21T23:14:01.945+08:00 level=DEBUG msg="discovery: skipping unreachable socket" socket=/tmp/tmux-501/t115f44898 err="query tmux on /tmp/tmux-501/t115f44898: exit status 1: no server running on /tmp/tmux-501/t115f44898"
time=2026-08-21T23:14:01.953+08:00 level=DEBUG msg="discovery: skipping unreachable socket" socket=/tmp/tmux-501/t115g47728 err="query tmux on /tmp/tmux-501/t115g47728: exit status 1: no server running on /tmp/tmux-501/t115g47728"
time=2026-08-21T23:14:01.965+08:00 level=DEBUG msg="discovery: skipping unreachable socket" socket=/tmp/tmux-501/ta-0bafa3965ade err="query tmux on /tmp/tmux-501/ta-0bafa3965ade: exit status 1: no server running on /tmp/tmux-501/ta-0bafa3965ade"
time=2026-08-21T23:14:02.003+08:00 level=DEBUG msg="discovery: skipping unreachable socket" socket=/tmp/tmux-501/ta-61709dcf801e err="query tmux on /tmp/tmux-501/ta-61709dcf801e: exit status 1: no server running on /tmp/tmux-501/ta-61709dcf801e"
time=2026-08-21T23:14:02.026+08:00 level=DEBUG msg="discovery: skipping unparsable pane line" socket=/tmp/tmux-501/ta-a9fd5b7defbd line="team-refactor-maintainability|6|%39|/Users/alauda/Documents/code/agent前沿探索/多agent协作|bash|87458|t.p9.review 零上下文设计审查已通过<|eos|> - grok|235x50|tester-t124"
time=2026-08-21T23:14:02.046+08:00 level=DEBUG msg="discovery: skipping unreachable socket" socket=/tmp/tmux-501/ta-ed81bd4d8c17 err="query tmux on /tmp/tmux-501/ta-ed81bd4d8c17: exit status 1: no server running on /tmp/tmux-501/ta-ed81bd4d8c17"
time=2026-08-21T23:14:02.055+08:00 level=DEBUG msg="discovery: skipping unreachable socket" socket=/tmp/tmux-501/ta-f1ad1b378fc7 err="query tmux on /tmp/tmux-501/ta-f1ad1b378fc7: exit status 1: no server running on /tmp/tmux-501/ta-f1ad1b378fc7"
time=2026-08-21T23:14:02.076+08:00 level=DEBUG msg="discovery: skipping unreachable socket" socket=/tmp/tmux-501/ta-t121u01 err="query tmux on /tmp/tmux-501/ta-t121u01: exit status 1: no server running on /tmp/tmux-501/ta-t121u01"
time=2026-08-21T23:14:02.085+08:00 level=DEBUG msg="discovery: skipping unreachable socket" socket=/tmp/tmux-501/ta-t121u01b err="query tmux on /tmp/tmux-501/ta-t121u01b: exit status 1: no server running on /tmp/tmux-501/ta-t121u01b"
time=2026-08-21T23:14:02.093+08:00 level=DEBUG msg="discovery: skipping unreachable socket" socket=/tmp/tmux-501/ta-user-agents err="query tmux on /tmp/tmux-501/ta-user-agents: exit status 1: no server running on /tmp/tmux-501/ta-user-agents"
time=2026-08-21T23:14:02.191+08:00 level=DEBUG msg="discovery: skipping unreachable socket" socket=/tmp/tmux-501/t115d24675 err="query tmux on /tmp/tmux-501/t115d24675: exit status 1: no server running on /tmp/tmux-501/t115d24675"
time=2026-08-21T23:14:02.201+08:00 level=DEBUG msg="discovery: skipping unreachable socket" socket=/tmp/tmux-501/t115e31319 err="query tmux on /tmp/tmux-501/t115e31319: exit status 1: no server running on /tmp/tmux-501/t115e31319"
time=2026-08-21T23:14:02.213+08:00 level=DEBUG msg="discovery: skipping unreachable socket" socket=/tmp/tmux-501/t115f44898 err="query tmux on /tmp/tmux-501/t115f44898: exit status 1: no server running on /tmp/tmux-501/t115f44898"
time=2026-08-21T23:14:02.223+08:00 level=DEBUG msg="discovery: skipping unreachable socket" socket=/tmp/tmux-501/t115g47728 err="query tmux on /tmp/tmux-501/t115g47728: exit status 1: no server running on /tmp/tmux-501/t115g47728"
time=2026-08-21T23:14:02.232+08:00 level=DEBUG msg="discovery: skipping unreachable socket" socket=/tmp/tmux-501/ta-0bafa3965ade err="query tmux on /tmp/tmux-501/ta-0bafa3965ade: exit status 1: no server running on /tmp/tmux-501/ta-0bafa3965ade"
time=2026-08-21T23:14:02.273+08:00 level=DEBUG msg="discovery: skipping unreachable socket" socket=/tmp/tmux-501/ta-61709dcf801e err="query tmux on /tmp/tmux-501/ta-61709dcf801e: exit status 1: no server running on /tmp/tmux-501/ta-61709dcf801e"
time=2026-08-21T23:14:02.293+08:00 level=DEBUG msg="discovery: skipping unparsable pane line" socket=/tmp/tmux-501/ta-a9fd5b7defbd line="team-refactor-maintainability|6|%39|/Users/alauda/Documents/code/agent前沿探索/多agent协作|bash|87458|t.p9.review 零上下文设计审查已通过<|eos|> - grok|235x50|tester-t124"
time=2026-08-21T23:14:02.316+08:00 level=DEBUG msg="discovery: skipping unreachable socket" socket=/tmp/tmux-501/ta-ed81bd4d8c17 err="query tmux on /tmp/tmux-501/ta-ed81bd4d8c17: exit status 1: no server running on /tmp/tmux-501/ta-ed81bd4d8c17"
time=2026-08-21T23:14:02.329+08:00 level=DEBUG msg="discovery: skipping unreachable socket" socket=/tmp/tmux-501/ta-f1ad1b378fc7 err="query tmux on /tmp/tmux-501/ta-f1ad1b378fc7: exit status 1: no server running on /tmp/tmux-501/ta-f1ad1b378fc7"
time=2026-08-21T23:14:02.348+08:00 level=DEBUG msg="discovery: skipping unreachable socket" socket=/tmp/tmux-501/ta-t121u01 err="query tmux on /tmp/tmux-501/ta-t121u01: exit status 1: no server running on /tmp/tmux-501/ta-t121u01"
time=2026-08-21T23:14:02.361+08:00 level=DEBUG msg="discovery: skipping unreachable socket" socket=/tmp/tmux-501/ta-t121u01b err="query tmux on /tmp/tmux-501/ta-t121u01b: exit status 1: no server running on /tmp/tmux-501/ta-t121u01b"
time=2026-08-21T23:14:02.371+08:00 level=DEBUG msg="discovery: skipping unreachable socket" socket=/tmp/tmux-501/ta-user-agents err="query tmux on /tmp/tmux-501/ta-user-agents: exit status 1: no server running on /tmp/tmux-501/ta-user-agents"
time=2026-08-21T23:14:02.467+08:00 level=WARN msg="level2: title unknown for provider" provider=grok codepoint=U+002B title="+ Agent 弹窗图标卡片重做 - grok" is_letter=false is_number=false leading_glyph=true status=unknown
time=2026-08-21T23:14:04.504+08:00 level=DEBUG msg="discovery: skipping unreachable socket" socket=/tmp/tmux-501/t115d24675 err="query tmux on /tmp/tmux-501/t115d24675: exit status 1: no server running on /tmp/tmux-501/t115d24675"
time=2026-08-21T23:14:04.514+08:00 level=DEBUG msg="discovery: skipping unreachable socket" socket=/tmp/tmux-501/t115e31319 err="query tmux on /tmp/tmux-501/t115e31319: exit status 1: no server running on /tmp/tmux-501/t115e31319"
time=2026-08-21T23:14:04.523+08:00 level=DEBUG msg="discovery: skipping unreachable socket" socket=/tmp/tmux-501/t115f44898 err="query tmux on /tmp/tmux-501/t115f44898: exit status 1: no server running on /tmp/tmux-501/t115f44898"
time=2026-08-21T23:14:04.535+08:00 level=DEBUG msg="discovery: skipping unreachable socket" socket=/tmp/tmux-501/t115g47728 err="query tmux on /tmp/tmux-501/t115g47728: exit status 1: no server running on /tmp/tmux-501/t115g47728"
time=2026-08-21T23:14:04.547+08:00 level=DEBUG msg="discovery: skipping unreachable socket" socket=/tmp/tmux-501/ta-0bafa3965ade err="query tmux on /tmp/tmux-501/ta-0bafa3965ade: exit status 1: no server running on /tmp/tmux-501/ta-0bafa3965ade"
time=2026-08-21T23:14:04.585+08:00 level=DEBUG msg="discovery: skipping unreachable socket" socket=/tmp/tmux-501/ta-61709dcf801e err="query tmux on /tmp/tmux-501/ta-61709dcf801e: exit status 1: no server running on /tmp/tmux-501/ta-61709dcf801e"
time=2026-08-21T23:14:04.606+08:00 level=DEBUG msg="discovery: skipping unparsable pane line" socket=/tmp/tmux-501/ta-a9fd5b7defbd line="team-refactor-maintainability|6|%39|/Users/alauda/Documents/code/agent前沿探索/多agent协作|bash|87458|t.p9.review 零上下文设计审查已通过<|eos|> - grok|235x50|tester-t124"
time=2026-08-21T23:14:04.627+08:00 level=DEBUG msg="discovery: skipping unreachable socket" socket=/tmp/tmux-501/ta-ed81bd4d8c17 err="query tmux on /tmp/tmux-501/ta-ed81bd4d8c17: exit status 1: no server running on /tmp/tmux-501/ta-ed81bd4d8c17"
time=2026-08-21T23:14:04.642+08:00 level=DEBUG msg="discovery: skipping unreachable socket" socket=/tmp/tmux-501/ta-f1ad1b378fc7 err="query tmux on /tmp/tmux-501/ta-f1ad1b378fc7: exit status 1: no server running on /tmp/tmux-501/ta-f1ad1b378fc7"
time=2026-08-21T23:14:04.662+08:00 level=DEBUG msg="discovery: skipping unreachable socket" socket=/tmp/tmux-501/ta-t121u01 err="query tmux on /tmp/tmux-501/ta-t121u01: exit status 1: no server running on /tmp/tmux-501/ta-t121u01"
time=2026-08-21T23:14:04.672+08:00 level=DEBUG msg="discovery: skipping unreachable socket" socket=/tmp/tmux-501/ta-t121u01b err="query tmux on /tmp/tmux-501/ta-t121u01b: exit status 1: no server running on /tmp/tmux-501/ta-t121u01b"
time=2026-08-21T23:14:04.685+08:00 level=DEBUG msg="discovery: skipping unreachable socket" socket=/tmp/tmux-501/ta-user-agents err="query tmux on /tmp/tmux-501/ta-user-agents: exit status 1: no server running on /tmp/tmux-501/ta-user-agents"
time=2026-08-21T23:14:04.801+08:00 level=WARN msg="level2: title unknown for provider" provider=grok codepoint=U+002B title="+ Agent 弹窗图标卡片重做 - grok" is_letter=false is_number=false leading_glyph=true status=unknown
time=2026-08-21T23:14:04.886+08:00 level=DEBUG msg="listing: no changes"
time=2026-08-21T23:14:05.415+08:00 level=DEBUG msg="discovery: skipping unreachable socket" socket=/tmp/tmux-501/t115d24675 err="query tmux on /tmp/tmux-501/t115d24675: exit status 1: no server running on /tmp/tmux-501/t115d24675"
time=2026-08-21T23:14:05.424+08:00 level=DEBUG msg="discovery: skipping unreachable socket" socket=/tmp/tmux-501/t115e31319 err="query tmux on /tmp/tmux-501/t115e31319: exit status 1: no server running on /tmp/tmux-501/t115e31319"
time=2026-08-21T23:14:05.432+08:00 level=DEBUG msg="discovery: skipping unreachable socket" socket=/tmp/tmux-501/t115f44898 err="query tmux on /tmp/tmux-501/t115f44898: exit status 1: no server running on /tmp/tmux-501/t115f44898"
time=2026-08-21T23:14:05.441+08:00 level=DEBUG msg="discovery: skipping unreachable socket" socket=/tmp/tmux-501/t115g47728 err="query tmux on /tmp/tmux-501/t115g47728: exit status 1: no server running on /tmp/tmux-501/t115g47728"
time=2026-08-21T23:14:05.450+08:00 level=DEBUG msg="discovery: skipping unreachable socket" socket=/tmp/tmux-501/ta-0bafa3965ade err="query tmux on /tmp/tmux-501/ta-0bafa3965ade: exit status 1: no server running on /tmp/tmux-501/ta-0bafa3965ade"
time=2026-08-21T23:14:05.493+08:00 level=DEBUG msg="discovery: skipping unreachable socket" socket=/tmp/tmux-501/ta-61709dcf801e err="query tmux on /tmp/tmux-501/ta-61709dcf801e: exit status 1: no server running on /tmp/tmux-501/ta-61709dcf801e"
time=2026-08-21T23:14:05.513+08:00 level=DEBUG msg="discovery: skipping unparsable pane line" socket=/tmp/tmux-501/ta-a9fd5b7defbd line="team-refactor-maintainability|6|%39|/Users/alauda/Documents/code/agent前沿探索/多agent协作|bash|87458|t.p9.review 零上下文设计审查已通过<|eos|> - grok|235x50|tester-t124"
time=2026-08-21T23:14:05.531+08:00 level=DEBUG msg="discovery: skipping unreachable socket" socket=/tmp/tmux-501/ta-ed81bd4d8c17 err="query tmux on /tmp/tmux-501/ta-ed81bd4d8c17: exit status 1: no server running on /tmp/tmux-501/ta-ed81bd4d8c17"
time=2026-08-21T23:14:05.539+08:00 level=DEBUG msg="discovery: skipping unreachable socket" socket=/tmp/tmux-501/ta-f1ad1b378fc7 err="query tmux on /tmp/tmux-501/ta-f1ad1b378fc7: exit status 1: no server running on /tmp/tmux-501/ta-f1ad1b378fc7"
time=2026-08-21T23:14:05.557+08:00 level=DEBUG msg="discovery: skipping unreachable socket" socket=/tmp/tmux-501/ta-t121u01 err="query tmux on /tmp/tmux-501/ta-t121u01: exit status 1: no server running on /tmp/tmux-501/ta-t121u01"
time=2026-08-21T23:14:05.565+08:00 level=DEBUG msg="discovery: skipping unreachable socket" socket=/tmp/tmux-501/ta-t121u01b err="query tmux on /tmp/tmux-501/ta-t121u01b: exit status 1: no server running on /tmp/tmux-501/ta-t121u01b"
time=2026-08-21T23:14:05.574+08:00 level=DEBUG msg="discovery: skipping unreachable socket" socket=/tmp/tmux-501/ta-user-agents err="query tmux on /tmp/tmux-501/ta-user-agents: exit status 1: no server running on /tmp/tmux-501/ta-user-agents"
time=2026-08-21T23:14:06.832+08:00 level=DEBUG msg="discovery: skipping unreachable socket" socket=/tmp/tmux-501/t115d24675 err="query tmux on /tmp/tmux-501/t115d24675: exit status 1: no server running on /tmp/tmux-501/t115d24675"
time=2026-08-21T23:14:06.841+08:00 level=DEBUG msg="discovery: skipping unreachable socket" socket=/tmp/tmux-501/t115e31319 err="query tmux on /tmp/tmux-501/t115e31319: exit status 1: no server running on /tmp/tmux-501/t115e31319"
time=2026-08-21T23:14:06.850+08:00 level=DEBUG msg="discovery: skipping unreachable socket" socket=/tmp/tmux-501/t115f44898 err="query tmux on /tmp/tmux-501/t115f44898: exit status 1: no server running on /tmp/tmux-501/t115f44898"
time=2026-08-21T23:14:06.858+08:00 level=DEBUG msg="discovery: skipping unreachable socket" socket=/tmp/tmux-501/t115g47728 err="query tmux on /tmp/tmux-501/t115g47728: exit status 1: no server running on /tmp/tmux-501/t115g47728"
time=2026-08-21T23:14:06.868+08:00 level=DEBUG msg="discovery: skipping unreachable socket" socket=/tmp/tmux-501/ta-0bafa3965ade err="query tmux on /tmp/tmux-501/ta-0bafa3965ade: exit status 1: no server running on /tmp/tmux-501/ta-0bafa3965ade"
time=2026-08-21T23:14:06.905+08:00 level=DEBUG msg="discovery: skipping unreachable socket" socket=/tmp/tmux-501/ta-61709dcf801e err="query tmux on /tmp/tmux-501/ta-61709dcf801e: exit status 1: no server running on /tmp/tmux-501/ta-61709dcf801e"
time=2026-08-21T23:14:06.925+08:00 level=DEBUG msg="discovery: skipping unparsable pane line" socket=/tmp/tmux-501/ta-a9fd5b7defbd line="team-refactor-maintainability|6|%39|/Users/alauda/Documents/code/agent前沿探索/多agent协作|bash|87458|t.p9.review 零上下文设计审查已通过<|eos|> - grok|235x50|tester-t124"
time=2026-08-21T23:14:06.946+08:00 level=DEBUG msg="discovery: skipping unreachable socket" socket=/tmp/tmux-501/ta-ed81bd4d8c17 err="query tmux on /tmp/tmux-501/ta-ed81bd4d8c17: exit status 1: no server running on /tmp/tmux-501/ta-ed81bd4d8c17"
time=2026-08-21T23:14:06.955+08:00 level=DEBUG msg="discovery: skipping unreachable socket" socket=/tmp/tmux-501/ta-f1ad1b378fc7 err="query tmux on /tmp/tmux-501/ta-f1ad1b378fc7: exit status 1: no server running on /tmp/tmux-501/ta-f1ad1b378fc7"
time=2026-08-21T23:14:06.973+08:00 level=DEBUG msg="discovery: skipping unreachable socket" socket=/tmp/tmux-501/ta-t121u01 err="query tmux on /tmp/tmux-501/ta-t121u01: exit status 1: no server running on /tmp/tmux-501/ta-t121u01"
time=2026-08-21T23:14:06.982+08:00 level=DEBUG msg="discovery: skipping unreachable socket" socket=/tmp/tmux-501/ta-t121u01b err="query tmux on /tmp/tmux-501/ta-t121u01b: exit status 1: no server running on /tmp/tmux-501/ta-t121u01b"
time=2026-08-21T23:14:06.994+08:00 level=DEBUG msg="discovery: skipping unreachable socket" socket=/tmp/tmux-501/ta-user-agents err="query tmux on /tmp/tmux-501/ta-user-agents: exit status 1: no server running on /tmp/tmux-501/ta-user-agents"
time=2026-08-21T23:14:07.091+08:00 level=WARN msg="level2: title unknown for provider" provider=grok codepoint=U+002B title="+ Agent 弹窗图标卡片重做 - grok" is_letter=false is_number=false leading_glyph=true status=unknown
time=2026-08-21T23:14:08.378+08:00 level=DEBUG msg="listing: no changes"
time=2026-08-21T23:14:08.907+08:00 level=DEBUG msg="discovery: skipping unreachable socket" socket=/tmp/tmux-501/t115d24675 err="query tmux on /tmp/tmux-501/t115d24675: exit status 1: no server running on /tmp/tmux-501/t115d24675"
time=2026-08-21T23:14:08.915+08:00 level=DEBUG msg="discovery: skipping unreachable socket" socket=/tmp/tmux-501/t115e31319 err="query tmux on /tmp/tmux-501/t115e31319: exit status 1: no server running on /tmp/tmux-501/t115e31319"
time=2026-08-21T23:14:08.923+08:00 level=DEBUG msg="discovery: skipping unreachable socket" socket=/tmp/tmux-501/t115f44898 err="query tmux on /tmp/tmux-501/t115f44898: exit status 1: no server running on /tmp/tmux-501/t115f44898"
time=2026-08-21T23:14:08.932+08:00 level=DEBUG msg="discovery: skipping unreachable socket" socket=/tmp/tmux-501/t115g47728 err="query tmux on /tmp/tmux-501/t115g47728: exit status 1: no server running on /tmp/tmux-501/t115g47728"
time=2026-08-21T23:14:08.942+08:00 level=DEBUG msg="discovery: skipping unreachable socket" socket=/tmp/tmux-501/ta-0bafa3965ade err="query tmux on /tmp/tmux-501/ta-0bafa3965ade: exit status 1: no server running on /tmp/tmux-501/ta-0bafa3965ade"
time=2026-08-21T23:14:08.978+08:00 level=DEBUG msg="discovery: skipping unreachable socket" socket=/tmp/tmux-501/ta-61709dcf801e err="query tmux on /tmp/tmux-501/ta-61709dcf801e: exit status 1: no server running on /tmp/tmux-501/ta-61709dcf801e"
time=2026-08-21T23:14:08.999+08:00 level=DEBUG msg="discovery: skipping unparsable pane line" socket=/tmp/tmux-501/ta-a9fd5b7defbd line="team-refactor-maintainability|6|%39|/Users/alauda/Documents/code/agent前沿探索/多agent协作|bash|87458|t.p9.review 零上下文设计审查已通过<|eos|> - grok|235x50|tester-t124"
time=2026-08-21T23:14:09.020+08:00 level=DEBUG msg="discovery: skipping unreachable socket" socket=/tmp/tmux-501/ta-ed81bd4d8c17 err="query tmux on /tmp/tmux-501/ta-ed81bd4d8c17: exit status 1: no server running on /tmp/tmux-501/ta-ed81bd4d8c17"
time=2026-08-21T23:14:09.029+08:00 level=DEBUG msg="discovery: skipping unreachable socket" socket=/tmp/tmux-501/ta-f1ad1b378fc7 err="query tmux on /tmp/tmux-501/ta-f1ad1b378fc7: exit status 1: no server running on /tmp/tmux-501/ta-f1ad1b378fc7"
time=2026-08-21T23:14:09.047+08:00 level=DEBUG msg="discovery: skipping unreachable socket" socket=/tmp/tmux-501/ta-t121u01 err="query tmux on /tmp/tmux-501/ta-t121u01: exit status 1: no server running on /tmp/tmux-501/ta-t121u01"
time=2026-08-21T23:14:09.056+08:00 level=DEBUG msg="discovery: skipping unreachable socket" socket=/tmp/tmux-501/ta-t121u01b err="query tmux on /tmp/tmux-501/ta-t121u01b: exit status 1: no server running on /tmp/tmux-501/ta-t121u01b"
time=2026-08-21T23:14:09.064+08:00 level=DEBUG msg="discovery: skipping unreachable socket" socket=/tmp/tmux-501/ta-user-agents err="query tmux on /tmp/tmux-501/ta-user-agents: exit status 1: no server running on /tmp/tmux-501/ta-user-agents"
time=2026-08-21T23:14:09.119+08:00 level=DEBUG msg="discovery: skipping unreachable socket" socket=/tmp/tmux-501/t115d24675 err="query tmux on /tmp/tmux-501/t115d24675: exit status 1: no server running on /tmp/tmux-501/t115d24675"
time=2026-08-21T23:14:09.129+08:00 level=DEBUG msg="discovery: skipping unreachable socket" socket=/tmp/tmux-501/t115e31319 err="query tmux on /tmp/tmux-501/t115e31319: exit status 1: no server running on /tmp/tmux-501/t115e31319"
time=2026-08-21T23:14:09.139+08:00 level=DEBUG msg="discovery: skipping unreachable socket" socket=/tmp/tmux-501/t115f44898 err="query tmux on /tmp/tmux-501/t115f44898: exit status 1: no server running on /tmp/tmux-501/t115f44898"
time=2026-08-21T23:14:09.148+08:00 level=DEBUG msg="discovery: skipping unreachable socket" socket=/tmp/tmux-501/t115g47728 err="query tmux on /tmp/tmux-501/t115g47728: exit status 1: no server running on /tmp/tmux-501/t115g47728"
time=2026-08-21T23:14:09.157+08:00 level=DEBUG msg="discovery: skipping unreachable socket" socket=/tmp/tmux-501/ta-0bafa3965ade err="query tmux on /tmp/tmux-501/ta-0bafa3965ade: exit status 1: no server running on /tmp/tmux-501/ta-0bafa3965ade"
time=2026-08-21T23:14:09.192+08:00 level=DEBUG msg="discovery: skipping unreachable socket" socket=/tmp/tmux-501/ta-61709dcf801e err="query tmux on /tmp/tmux-501/ta-61709dcf801e: exit status 1: no server running on /tmp/tmux-501/ta-61709dcf801e"
time=2026-08-21T23:14:09.211+08:00 level=DEBUG msg="discovery: skipping unparsable pane line" socket=/tmp/tmux-501/ta-a9fd5b7defbd line="team-refactor-maintainability|6|%39|/Users/alauda/Documents/code/agent前沿探索/多agent协作|bash|87458|t.p9.review 零上下文设计审查已通过<|eos|> - grok|235x50|tester-t124"
time=2026-08-21T23:14:09.231+08:00 level=DEBUG msg="discovery: skipping unreachable socket" socket=/tmp/tmux-501/ta-ed81bd4d8c17 err="query tmux on /tmp/tmux-501/ta-ed81bd4d8c17: exit status 1: no server running on /tmp/tmux-501/ta-ed81bd4d8c17"
time=2026-08-21T23:14:09.240+08:00 level=DEBUG msg="discovery: skipping unreachable socket" socket=/tmp/tmux-501/ta-f1ad1b378fc7 err="query tmux on /tmp/tmux-501/ta-f1ad1b378fc7: exit status 1: no server running on /tmp/tmux-501/ta-f1ad1b378fc7"
time=2026-08-21T23:14:09.258+08:00 level=DEBUG msg="discovery: skipping unreachable socket" socket=/tmp/tmux-501/ta-t121u01 err="query tmux on /tmp/tmux-501/ta-t121u01: exit status 1: no server running on /tmp/tmux-501/ta-t121u01"
time=2026-08-21T23:14:09.266+08:00 level=DEBUG msg="discovery: skipping unreachable socket" socket=/tmp/tmux-501/ta-t121u01b err="query tmux on /tmp/tmux-501/ta-t121u01b: exit status 1: no server running on /tmp/tmux-501/ta-t121u01b"
time=2026-08-21T23:14:09.275+08:00 level=DEBUG msg="discovery: skipping unreachable socket" socket=/tmp/tmux-501/ta-user-agents err="query tmux on /tmp/tmux-501/ta-user-agents: exit status 1: no server running on /tmp/tmux-501/ta-user-agents"
time=2026-08-21T23:14:09.376+08:00 level=WARN msg="level2: title unknown for provider" provider=grok codepoint=U+002B title="+ Agent 弹窗图标卡片重做 - grok" is_letter=false is_number=false leading_glyph=true status=unknown
time=2026-08-21T23:14:11.408+08:00 level=DEBUG msg="discovery: skipping unreachable socket" socket=/tmp/tmux-501/t115d24675 err="query tmux on /tmp/tmux-501/t115d24675: exit status 1: no server running on /tmp/tmux-501/t115d24675"
time=2026-08-21T23:14:11.417+08:00 level=DEBUG msg="discovery: skipping unreachable socket" socket=/tmp/tmux-501/t115e31319 err="query tmux on /tmp/tmux-501/t115e31319: exit status 1: no server running on /tmp/tmux-501/t115e31319"
time=2026-08-21T23:14:11.425+08:00 level=DEBUG msg="discovery: skipping unreachable socket" socket=/tmp/tmux-501/t115f44898 err="query tmux on /tmp/tmux-501/t115f44898: exit status 1: no server running on /tmp/tmux-501/t115f44898"
time=2026-08-21T23:14:11.435+08:00 level=DEBUG msg="discovery: skipping unreachable socket" socket=/tmp/tmux-501/t115g47728 err="query tmux on /tmp/tmux-501/t115g47728: exit status 1: no server running on /tmp/tmux-501/t115g47728"
time=2026-08-21T23:14:11.446+08:00 level=DEBUG msg="discovery: skipping unreachable socket" socket=/tmp/tmux-501/ta-0bafa3965ade err="query tmux on /tmp/tmux-501/ta-0bafa3965ade: exit status 1: no server running on /tmp/tmux-501/ta-0bafa3965ade"
time=2026-08-21T23:14:11.482+08:00 level=DEBUG msg="discovery: skipping unreachable socket" socket=/tmp/tmux-501/ta-61709dcf801e err="query tmux on /tmp/tmux-501/ta-61709dcf801e: exit status 1: no server running on /tmp/tmux-501/ta-61709dcf801e"
time=2026-08-21T23:14:11.503+08:00 level=DEBUG msg="discovery: skipping unparsable pane line" socket=/tmp/tmux-501/ta-a9fd5b7defbd line="team-refactor-maintainability|6|%39|/Users/alauda/Documents/code/agent前沿探索/多agent协作|bash|87458|t.p9.review 零上下文设计审查已通过<|eos|> - grok|235x50|tester-t124"
time=2026-08-21T23:14:11.521+08:00 level=DEBUG msg="discovery: skipping unreachable socket" socket=/tmp/tmux-501/ta-ed81bd4d8c17 err="query tmux on /tmp/tmux-501/ta-ed81bd4d8c17: exit status 1: no server running on /tmp/tmux-501/ta-ed81bd4d8c17"
time=2026-08-21T23:14:11.530+08:00 level=DEBUG msg="discovery: skipping unreachable socket" socket=/tmp/tmux-501/ta-f1ad1b378fc7 err="query tmux on /tmp/tmux-501/ta-f1ad1b378fc7: exit status 1: no server running on /tmp/tmux-501/ta-f1ad1b378fc7"
time=2026-08-21T23:14:11.552+08:00 level=DEBUG msg="discovery: skipping unreachable socket" socket=/tmp/tmux-501/ta-t121u01 err="query tmux on /tmp/tmux-501/ta-t121u01: exit status 1: no server running on /tmp/tmux-501/ta-t121u01"
time=2026-08-21T23:14:11.560+08:00 level=DEBUG msg="discovery: skipping unreachable socket" socket=/tmp/tmux-501/ta-t121u01b err="query tmux on /tmp/tmux-501/ta-t121u01b: exit status 1: no server running on /tmp/tmux-501/ta-t121u01b"
time=2026-08-21T23:14:11.570+08:00 level=DEBUG msg="discovery: skipping unreachable socket" socket=/tmp/tmux-501/ta-user-agents err="query tmux on /tmp/tmux-501/ta-user-agents: exit status 1: no server running on /tmp/tmux-501/ta-user-agents"
time=2026-08-21T23:14:11.663+08:00 level=WARN msg="level2: title unknown for provider" provider=grok codepoint=U+002B title="+ Agent 弹窗图标卡片重做 - grok" is_letter=false is_number=false leading_glyph=true status=unknown
time=2026-08-21T23:14:11.839+08:00 level=DEBUG msg="listing: no changes"
time=2026-08-21T23:14:12.369+08:00 level=DEBUG msg="discovery: skipping unreachable socket" socket=/tmp/tmux-501/t115d24675 err="query tmux on /tmp/tmux-501/t115d24675: exit status 1: no server running on /tmp/tmux-501/t115d24675"
time=2026-08-21T23:14:12.378+08:00 level=DEBUG msg="discovery: skipping unreachable socket" socket=/tmp/tmux-501/t115e31319 err="query tmux on /tmp/tmux-501/t115e31319: exit status 1: no server running on /tmp/tmux-501/t115e31319"
time=2026-08-21T23:14:12.387+08:00 level=DEBUG msg="discovery: skipping unreachable socket" socket=/tmp/tmux-501/t115f44898 err="query tmux on /tmp/tmux-501/t115f44898: exit status 1: no server running on /tmp/tmux-501/t115f44898"
time=2026-08-21T23:14:12.395+08:00 level=DEBUG msg="discovery: skipping unreachable socket" socket=/tmp/tmux-501/t115g47728 err="query tmux on /tmp/tmux-501/t115g47728: exit status 1: no server running on /tmp/tmux-501/t115g47728"
time=2026-08-21T23:14:12.404+08:00 level=DEBUG msg="discovery: skipping unreachable socket" socket=/tmp/tmux-501/ta-0bafa3965ade err="query tmux on /tmp/tmux-501/ta-0bafa3965ade: exit status 1: no server running on /tmp/tmux-501/ta-0bafa3965ade"
time=2026-08-21T23:14:12.440+08:00 level=DEBUG msg="discovery: skipping unreachable socket" socket=/tmp/tmux-501/ta-61709dcf801e err="query tmux on /tmp/tmux-501/ta-61709dcf801e: exit status 1: no server running on /tmp/tmux-501/ta-61709dcf801e"
time=2026-08-21T23:14:12.459+08:00 level=DEBUG msg="discovery: skipping unparsable pane line" socket=/tmp/tmux-501/ta-a9fd5b7defbd line="team-refactor-maintainability|6|%39|/Users/alauda/Documents/code/agent前沿探索/多agent协作|bash|87458|t.p9.review 零上下文设计审查已通过<|eos|> - grok|235x50|tester-t124"
time=2026-08-21T23:14:12.478+08:00 level=DEBUG msg="discovery: skipping unreachable socket" socket=/tmp/tmux-501/ta-ed81bd4d8c17 err="query tmux on /tmp/tmux-501/ta-ed81bd4d8c17: exit status 1: no server running on /tmp/tmux-501/ta-ed81bd4d8c17"
time=2026-08-21T23:14:12.487+08:00 level=DEBUG msg="discovery: skipping unreachable socket" socket=/tmp/tmux-501/ta-f1ad1b378fc7 err="query tmux on /tmp/tmux-501/ta-f1ad1b378fc7: exit status 1: no server running on /tmp/tmux-501/ta-f1ad1b378fc7"
time=2026-08-21T23:14:12.504+08:00 level=DEBUG msg="discovery: skipping unreachable socket" socket=/tmp/tmux-501/ta-t121u01 err="query tmux on /tmp/tmux-501/ta-t121u01: exit status 1: no server running on /tmp/tmux-501/ta-t121u01"
time=2026-08-21T23:14:12.513+08:00 level=DEBUG msg="discovery: skipping unreachable socket" socket=/tmp/tmux-501/ta-t121u01b err="query tmux on /tmp/tmux-501/ta-t121u01b: exit status 1: no server running on /tmp/tmux-501/ta-t121u01b"
time=2026-08-21T23:14:12.523+08:00 level=DEBUG msg="discovery: skipping unreachable socket" socket=/tmp/tmux-501/ta-user-agents err="query tmux on /tmp/tmux-501/ta-user-agents: exit status 1: no server running on /tmp/tmux-501/ta-user-agents"
time=2026-08-21T23:14:13.696+08:00 level=DEBUG msg="discovery: skipping unreachable socket" socket=/tmp/tmux-501/t115d24675 err="query tmux on /tmp/tmux-501/t115d24675: exit status 1: no server running on /tmp/tmux-501/t115d24675"
time=2026-08-21T23:14:13.706+08:00 level=DEBUG msg="discovery: skipping unreachable socket" socket=/tmp/tmux-501/t115e31319 err="query tmux on /tmp/tmux-501/t115e31319: exit status 1: no server running on /tmp/tmux-501/t115e31319"
time=2026-08-21T23:14:13.718+08:00 level=DEBUG msg="discovery: skipping unreachable socket" socket=/tmp/tmux-501/t115f44898 err="query tmux on /tmp/tmux-501/t115f44898: exit status 1: no server running on /tmp/tmux-501/t115f44898"
time=2026-08-21T23:14:13.728+08:00 level=DEBUG msg="discovery: skipping unreachable socket" socket=/tmp/tmux-501/t115g47728 err="query tmux on /tmp/tmux-501/t115g47728: exit status 1: no server running on /tmp/tmux-501/t115g47728"
time=2026-08-21T23:14:13.737+08:00 level=DEBUG msg="discovery: skipping unreachable socket" socket=/tmp/tmux-501/ta-0bafa3965ade err="query tmux on /tmp/tmux-501/ta-0bafa3965ade: exit status 1: no server running on /tmp/tmux-501/ta-0bafa3965ade"
time=2026-08-21T23:14:13.779+08:00 level=DEBUG msg="discovery: skipping unreachable socket" socket=/tmp/tmux-501/ta-61709dcf801e err="query tmux on /tmp/tmux-501/ta-61709dcf801e: exit status 1: no server running on /tmp/tmux-501/ta-61709dcf801e"
time=2026-08-21T23:14:13.798+08:00 level=DEBUG msg="discovery: skipping unparsable pane line" socket=/tmp/tmux-501/ta-a9fd5b7defbd line="team-refactor-maintainability|6|%39|/Users/alauda/Documents/code/agent前沿探索/多agent协作|bash|87458|t.p9.review 零上下文设计审查已通过<|eos|> - grok|235x50|tester-t124"
time=2026-08-21T23:14:13.821+08:00 level=DEBUG msg="discovery: skipping unreachable socket" socket=/tmp/tmux-501/ta-ed81bd4d8c17 err="query tmux on /tmp/tmux-501/ta-ed81bd4d8c17: exit status 1: no server running on /tmp/tmux-501/ta-ed81bd4d8c17"
time=2026-08-21T23:14:13.829+08:00 level=DEBUG msg="discovery: skipping unreachable socket" socket=/tmp/tmux-501/ta-f1ad1b378fc7 err="query tmux on /tmp/tmux-501/ta-f1ad1b378fc7: exit status 1: no server running on /tmp/tmux-501/ta-f1ad1b378fc7"
time=2026-08-21T23:14:13.848+08:00 level=DEBUG msg="discovery: skipping unreachable socket" socket=/tmp/tmux-501/ta-t121u01 err="query tmux on /tmp/tmux-501/ta-t121u01: exit status 1: no server running on /tmp/tmux-501/ta-t121u01"
time=2026-08-21T23:14:13.858+08:00 level=DEBUG msg="discovery: skipping unreachable socket" socket=/tmp/tmux-501/ta-t121u01b err="query tmux on /tmp/tmux-501/ta-t121u01b: exit status 1: no server running on /tmp/tmux-501/ta-t121u01b"
time=2026-08-21T23:14:13.868+08:00 level=DEBUG msg="discovery: skipping unreachable socket" socket=/tmp/tmux-501/ta-user-agents err="query tmux on /tmp/tmux-501/ta-user-agents: exit status 1: no server running on /tmp/tmux-501/ta-user-agents"
time=2026-08-21T23:14:13.998+08:00 level=WARN msg="level2: title unknown for provider" provider=grok codepoint=U+002B title="+ Agent 弹窗图标卡片重做 - grok" is_letter=false is_number=false leading_glyph=true status=unknown
time=2026-08-21T23:14:15.315+08:00 level=DEBUG msg="listing: no changes"
time=2026-08-21T23:14:15.844+08:00 level=DEBUG msg="discovery: skipping unreachable socket" socket=/tmp/tmux-501/t115d24675 err="query tmux on /tmp/tmux-501/t115d24675: exit status 1: no server running on /tmp/tmux-501/t115d24675"
time=2026-08-21T23:14:15.853+08:00 level=DEBUG msg="discovery: skipping unreachable socket" socket=/tmp/tmux-501/t115e31319 err="query tmux on /tmp/tmux-501/t115e31319: exit status 1: no server running on /tmp/tmux-501/t115e31319"
time=2026-08-21T23:14:15.862+08:00 level=DEBUG msg="discovery: skipping unreachable socket" socket=/tmp/tmux-501/t115f44898 err="query tmux on /tmp/tmux-501/t115f44898: exit status 1: no server running on /tmp/tmux-501/t115f44898"
time=2026-08-21T23:14:15.871+08:00 level=DEBUG msg="discovery: skipping unreachable socket" socket=/tmp/tmux-501/t115g47728 err="query tmux on /tmp/tmux-501/t115g47728: exit status 1: no server running on /tmp/tmux-501/t115g47728"
time=2026-08-21T23:14:15.879+08:00 level=DEBUG msg="discovery: skipping unreachable socket" socket=/tmp/tmux-501/ta-0bafa3965ade err="query tmux on /tmp/tmux-501/ta-0bafa3965ade: exit status 1: no server running on /tmp/tmux-501/ta-0bafa3965ade"
time=2026-08-21T23:14:15.914+08:00 level=DEBUG msg="discovery: skipping unreachable socket" socket=/tmp/tmux-501/ta-61709dcf801e err="query tmux on /tmp/tmux-501/ta-61709dcf801e: exit status 1: no server running on /tmp/tmux-501/ta-61709dcf801e"
time=2026-08-21T23:14:15.941+08:00 level=DEBUG msg="discovery: skipping unparsable pane line" socket=/tmp/tmux-501/ta-a9fd5b7defbd line="team-refactor-maintainability|6|%39|/Users/alauda/Documents/code/agent前沿探索/多agent协作|bash|87458|t.p9.review 零上下文设计审查已通过<|eos|> - grok|235x50|tester-t124"
time=2026-08-21T23:14:16.052+08:00 level=DEBUG msg="discovery: skipping unreachable socket" socket=/tmp/tmux-501/ta-ed81bd4d8c17 err="query tmux on /tmp/tmux-501/ta-ed81bd4d8c17: exit status 1: no server running on /tmp/tmux-501/ta-ed81bd4d8c17"
time=2026-08-21T23:14:16.066+08:00 level=DEBUG msg="discovery: skipping unreachable socket" socket=/tmp/tmux-501/ta-f1ad1b378fc7 err="query tmux on /tmp/tmux-501/ta-f1ad1b378fc7: exit status 1: no server running on /tmp/tmux-501/ta-f1ad1b378fc7"
time=2026-08-21T23:14:16.079+08:00 level=DEBUG msg="discovery: skipping unreachable socket" socket=/tmp/tmux-501/t115d24675 err="query tmux on /tmp/tmux-501/t115d24675: exit status 1: no server running on /tmp/tmux-501/t115d24675"
time=2026-08-21T23:14:16.091+08:00 level=DEBUG msg="discovery: skipping unreachable socket" socket=/tmp/tmux-501/t115e31319 err="query tmux on /tmp/tmux-501/t115e31319: exit status 1: no server running on /tmp/tmux-501/t115e31319"
time=2026-08-21T23:14:16.091+08:00 level=DEBUG msg="discovery: skipping unreachable socket" socket=/tmp/tmux-501/ta-t121u01 err="query tmux on /tmp/tmux-501/ta-t121u01: exit status 1: no server running on /tmp/tmux-501/ta-t121u01"
time=2026-08-21T23:14:16.099+08:00 level=DEBUG msg="discovery: skipping unreachable socket" socket=/tmp/tmux-501/t115f44898 err="query tmux on /tmp/tmux-501/t115f44898: exit status 1: no server running on /tmp/tmux-501/t115f44898"
time=2026-08-21T23:14:16.099+08:00 level=DEBUG msg="discovery: skipping unreachable socket" socket=/tmp/tmux-501/ta-t121u01b err="query tmux on /tmp/tmux-501/ta-t121u01b: exit status 1: no server running on /tmp/tmux-501/ta-t121u01b"
time=2026-08-21T23:14:16.107+08:00 level=DEBUG msg="discovery: skipping unreachable socket" socket=/tmp/tmux-501/t115g47728 err="query tmux on /tmp/tmux-501/t115g47728: exit status 1: no server running on /tmp/tmux-501/t115g47728"
time=2026-08-21T23:14:16.108+08:00 level=DEBUG msg="discovery: skipping unreachable socket" socket=/tmp/tmux-501/ta-user-agents err="query tmux on /tmp/tmux-501/ta-user-agents: exit status 1: no server running on /tmp/tmux-501/ta-user-agents"
time=2026-08-21T23:14:16.116+08:00 level=DEBUG msg="discovery: skipping unreachable socket" socket=/tmp/tmux-501/ta-0bafa3965ade err="query tmux on /tmp/tmux-501/ta-0bafa3965ade: exit status 1: no server running on /tmp/tmux-501/ta-0bafa3965ade"
time=2026-08-21T23:14:16.154+08:00 level=DEBUG msg="discovery: skipping unreachable socket" socket=/tmp/tmux-501/ta-61709dcf801e err="query tmux on /tmp/tmux-501/ta-61709dcf801e: exit status 1: no server running on /tmp/tmux-501/ta-61709dcf801e"
time=2026-08-21T23:14:16.173+08:00 level=DEBUG msg="discovery: skipping unparsable pane line" socket=/tmp/tmux-501/ta-a9fd5b7defbd line="team-refactor-maintainability|6|%39|/Users/alauda/Documents/code/agent前沿探索/多agent协作|bash|87458|t.p9.review 零上下文设计审查已通过<|eos|> - grok|235x50|tester-t124"
time=2026-08-21T23:14:16.193+08:00 level=DEBUG msg="discovery: skipping unreachable socket" socket=/tmp/tmux-501/ta-ed81bd4d8c17 err="query tmux on /tmp/tmux-501/ta-ed81bd4d8c17: exit status 1: no server running on /tmp/tmux-501/ta-ed81bd4d8c17"
time=2026-08-21T23:14:16.202+08:00 level=DEBUG msg="discovery: skipping unreachable socket" socket=/tmp/tmux-501/ta-f1ad1b378fc7 err="query tmux on /tmp/tmux-501/ta-f1ad1b378fc7: exit status 1: no server running on /tmp/tmux-501/ta-f1ad1b378fc7"
time=2026-08-21T23:14:16.221+08:00 level=DEBUG msg="discovery: skipping unreachable socket" socket=/tmp/tmux-501/ta-t121u01 err="query tmux on /tmp/tmux-501/ta-t121u01: exit status 1: no server running on /tmp/tmux-501/ta-t121u01"
time=2026-08-21T23:14:16.231+08:00 level=DEBUG msg="discovery: skipping unreachable socket" socket=/tmp/tmux-501/ta-t121u01b err="query tmux on /tmp/tmux-501/ta-t121u01b: exit status 1: no server running on /tmp/tmux-501/ta-t121u01b"
time=2026-08-21T23:14:16.240+08:00 level=DEBUG msg="discovery: skipping unreachable socket" socket=/tmp/tmux-501/ta-user-agents err="query tmux on /tmp/tmux-501/ta-user-agents: exit status 1: no server running on /tmp/tmux-501/ta-user-agents"
time=2026-08-21T23:14:16.334+08:00 level=WARN msg="level2: title unknown for provider" provider=grok codepoint=U+002B title="+ Agent 弹窗图标卡片重做 - grok" is_letter=false is_number=false leading_glyph=true status=unknown
time=2026-08-21T23:14:18.365+08:00 level=DEBUG msg="discovery: skipping unreachable socket" socket=/tmp/tmux-501/t115d24675 err="query tmux on /tmp/tmux-501/t115d24675: exit status 1: no server running on /tmp/tmux-501/t115d24675"
time=2026-08-21T23:14:18.374+08:00 level=DEBUG msg="discovery: skipping unreachable socket" socket=/tmp/tmux-501/t115e31319 err="query tmux on /tmp/tmux-501/t115e31319: exit status 1: no server running on /tmp/tmux-501/t115e31319"
time=2026-08-21T23:14:18.383+08:00 level=DEBUG msg="discovery: skipping unreachable socket" socket=/tmp/tmux-501/t115f44898 err="query tmux on /tmp/tmux-501/t115f44898: exit status 1: no server running on /tmp/tmux-501/t115f44898"
time=2026-08-21T23:14:18.392+08:00 level=DEBUG msg="discovery: skipping unreachable socket" socket=/tmp/tmux-501/t115g47728 err="query tmux on /tmp/tmux-501/t115g47728: exit status 1: no server running on /tmp/tmux-501/t115g47728"
time=2026-08-21T23:14:18.405+08:00 level=DEBUG msg="discovery: skipping unreachable socket" socket=/tmp/tmux-501/ta-0bafa3965ade err="query tmux on /tmp/tmux-501/ta-0bafa3965ade: exit status 1: no server running on /tmp/tmux-501/ta-0bafa3965ade"
time=2026-08-21T23:14:18.441+08:00 level=DEBUG msg="discovery: skipping unreachable socket" socket=/tmp/tmux-501/ta-61709dcf801e err="query tmux on /tmp/tmux-501/ta-61709dcf801e: exit status 1: no server running on /tmp/tmux-501/ta-61709dcf801e"
time=2026-08-21T23:14:18.463+08:00 level=DEBUG msg="discovery: skipping unparsable pane line" socket=/tmp/tmux-501/ta-a9fd5b7defbd line="team-refactor-maintainability|6|%39|/Users/alauda/Documents/code/agent前沿探索/多agent协作|bash|87458|t.p9.review 零上下文设计审查已通过<|eos|> - grok|235x50|tester-t124"
time=2026-08-21T23:14:18.481+08:00 level=DEBUG msg="discovery: skipping unreachable socket" socket=/tmp/tmux-501/ta-ed81bd4d8c17 err="query tmux on /tmp/tmux-501/ta-ed81bd4d8c17: exit status 1: no server running on /tmp/tmux-501/ta-ed81bd4d8c17"
time=2026-08-21T23:14:18.489+08:00 level=DEBUG msg="discovery: skipping unreachable socket" socket=/tmp/tmux-501/ta-f1ad1b378fc7 err="query tmux on /tmp/tmux-501/ta-f1ad1b378fc7: exit status 1: no server running on /tmp/tmux-501/ta-f1ad1b378fc7"
time=2026-08-21T23:14:18.512+08:00 level=DEBUG msg="discovery: skipping unreachable socket" socket=/tmp/tmux-501/ta-t121u01 err="query tmux on /tmp/tmux-501/ta-t121u01: exit status 1: no server running on /tmp/tmux-501/ta-t121u01"
time=2026-08-21T23:14:18.520+08:00 level=DEBUG msg="discovery: skipping unreachable socket" socket=/tmp/tmux-501/ta-t121u01b err="query tmux on /tmp/tmux-501/ta-t121u01b: exit status 1: no server running on /tmp/tmux-501/ta-t121u01b"
time=2026-08-21T23:14:18.529+08:00 level=DEBUG msg="discovery: skipping unreachable socket" socket=/tmp/tmux-501/ta-user-agents err="query tmux on /tmp/tmux-501/ta-user-agents: exit status 1: no server running on /tmp/tmux-501/ta-user-agents"
time=2026-08-21T23:14:18.642+08:00 level=WARN msg="level2: title unknown for provider" provider=grok codepoint=U+002B title="+ Agent 弹窗图标卡片重做 - grok" is_letter=false is_number=false leading_glyph=true status=unknown
time=2026-08-21T23:14:18.824+08:00 level=DEBUG msg="listing: no changes"
time=2026-08-21T23:14:19.357+08:00 level=DEBUG msg="discovery: skipping unreachable socket" socket=/tmp/tmux-501/t115d24675 err="query tmux on /tmp/tmux-501/t115d24675: exit status 1: no server running on /tmp/tmux-501/t115d24675"
time=2026-08-21T23:14:19.366+08:00 level=DEBUG msg="discovery: skipping unreachable socket" socket=/tmp/tmux-501/t115e31319 err="query tmux on /tmp/tmux-501/t115e31319: exit status 1: no server running on /tmp/tmux-501/t115e31319"
time=2026-08-21T23:14:19.376+08:00 level=DEBUG msg="discovery: skipping unreachable socket" socket=/tmp/tmux-501/t115f44898 err="query tmux on /tmp/tmux-501/t115f44898: exit status 1: no server running on /tmp/tmux-501/t115f44898"
time=2026-08-21T23:14:19.385+08:00 level=DEBUG msg="discovery: skipping unreachable socket" socket=/tmp/tmux-501/t115g47728 err="query tmux on /tmp/tmux-501/t115g47728: exit status 1: no server running on /tmp/tmux-501/t115g47728"
time=2026-08-21T23:14:19.397+08:00 level=DEBUG msg="discovery: skipping unreachable socket" socket=/tmp/tmux-501/ta-0bafa3965ade err="query tmux on /tmp/tmux-501/ta-0bafa3965ade: exit status 1: no server running on /tmp/tmux-501/ta-0bafa3965ade"
time=2026-08-21T23:14:19.434+08:00 level=DEBUG msg="discovery: skipping unreachable socket" socket=/tmp/tmux-501/ta-61709dcf801e err="query tmux on /tmp/tmux-501/ta-61709dcf801e: exit status 1: no server running on /tmp/tmux-501/ta-61709dcf801e"
time=2026-08-21T23:14:19.455+08:00 level=DEBUG msg="discovery: skipping unparsable pane line" socket=/tmp/tmux-501/ta-a9fd5b7defbd line="team-refactor-maintainability|6|%39|/Users/alauda/Documents/code/agent前沿探索/多agent协作|bash|87458|t.p9.review 零上下文设计审查已通过<|eos|> - grok|235x50|tester-t124"
time=2026-08-21T23:14:19.474+08:00 level=DEBUG msg="discovery: skipping unreachable socket" socket=/tmp/tmux-501/ta-ed81bd4d8c17 err="query tmux on /tmp/tmux-501/ta-ed81bd4d8c17: exit status 1: no server running on /tmp/tmux-501/ta-ed81bd4d8c17"
time=2026-08-21T23:14:19.482+08:00 level=DEBUG msg="discovery: skipping unreachable socket" socket=/tmp/tmux-501/ta-f1ad1b378fc7 err="query tmux on /tmp/tmux-501/ta-f1ad1b378fc7: exit status 1: no server running on /tmp/tmux-501/ta-f1ad1b378fc7"
time=2026-08-21T23:14:19.504+08:00 level=DEBUG msg="discovery: skipping unreachable socket" socket=/tmp/tmux-501/ta-t121u01 err="query tmux on /tmp/tmux-501/ta-t121u01: exit status 1: no server running on /tmp/tmux-501/ta-t121u01"
time=2026-08-21T23:14:19.513+08:00 level=DEBUG msg="discovery: skipping unreachable socket" socket=/tmp/tmux-501/ta-t121u01b err="query tmux on /tmp/tmux-501/ta-t121u01b: exit status 1: no server running on /tmp/tmux-501/ta-t121u01b"
time=2026-08-21T23:14:19.522+08:00 level=DEBUG msg="discovery: skipping unreachable socket" socket=/tmp/tmux-501/ta-user-agents err="query tmux on /tmp/tmux-501/ta-user-agents: exit status 1: no server running on /tmp/tmux-501/ta-user-agents"
time=2026-08-21T23:14:20.677+08:00 level=DEBUG msg="discovery: skipping unreachable socket" socket=/tmp/tmux-501/t115d24675 err="query tmux on /tmp/tmux-501/t115d24675: exit status 1: no server running on /tmp/tmux-501/t115d24675"
time=2026-08-21T23:14:20.686+08:00 level=DEBUG msg="discovery: skipping unreachable socket" socket=/tmp/tmux-501/t115e31319 err="query tmux on /tmp/tmux-501/t115e31319: exit status 1: no server running on /tmp/tmux-501/t115e31319"
time=2026-08-21T23:14:20.694+08:00 level=DEBUG msg="discovery: skipping unreachable socket" socket=/tmp/tmux-501/t115f44898 err="query tmux on /tmp/tmux-501/t115f44898: exit status 1: no server running on /tmp/tmux-501/t115f44898"
time=2026-08-21T23:14:20.705+08:00 level=DEBUG msg="discovery: skipping unreachable socket" socket=/tmp/tmux-501/t115g47728 err="query tmux on /tmp/tmux-501/t115g47728: exit status 1: no server running on /tmp/tmux-501/t115g47728"
time=2026-08-21T23:14:20.716+08:00 level=DEBUG msg="discovery: skipping unreachable socket" socket=/tmp/tmux-501/ta-0bafa3965ade err="query tmux on /tmp/tmux-501/ta-0bafa3965ade: exit status 1: no server running on /tmp/tmux-501/ta-0bafa3965ade"
time=2026-08-21T23:14:20.755+08:00 level=DEBUG msg="discovery: skipping unreachable socket" socket=/tmp/tmux-501/ta-61709dcf801e err="query tmux on /tmp/tmux-501/ta-61709dcf801e: exit status 1: no server running on /tmp/tmux-501/ta-61709dcf801e"
time=2026-08-21T23:14:20.775+08:00 level=DEBUG msg="discovery: skipping unparsable pane line" socket=/tmp/tmux-501/ta-a9fd5b7defbd line="team-refactor-maintainability|6|%39|/Users/alauda/Documents/code/agent前沿探索/多agent协作|bash|87458|t.p9.review 零上下文设计审查已通过<|eos|> - grok|235x50|tester-t124"
time=2026-08-21T23:14:20.795+08:00 level=DEBUG msg="discovery: skipping unreachable socket" socket=/tmp/tmux-501/ta-ed81bd4d8c17 err="query tmux on /tmp/tmux-501/ta-ed81bd4d8c17: exit status 1: no server running on /tmp/tmux-501/ta-ed81bd4d8c17"
time=2026-08-21T23:14:20.810+08:00 level=DEBUG msg="discovery: skipping unreachable socket" socket=/tmp/tmux-501/ta-f1ad1b378fc7 err="query tmux on /tmp/tmux-501/ta-f1ad1b378fc7: exit status 1: no server running on /tmp/tmux-501/ta-f1ad1b378fc7"
time=2026-08-21T23:14:20.833+08:00 level=DEBUG msg="discovery: skipping unreachable socket" socket=/tmp/tmux-501/ta-t121u01 err="query tmux on /tmp/tmux-501/ta-t121u01: exit status 1: no server running on /tmp/tmux-501/ta-t121u01"
time=2026-08-21T23:14:20.843+08:00 level=DEBUG msg="discovery: skipping unreachable socket" socket=/tmp/tmux-501/ta-t121u01b err="query tmux on /tmp/tmux-501/ta-t121u01b: exit status 1: no server running on /tmp/tmux-501/ta-t121u01b"
time=2026-08-21T23:14:20.853+08:00 level=DEBUG msg="discovery: skipping unreachable socket" socket=/tmp/tmux-501/ta-user-agents err="query tmux on /tmp/tmux-501/ta-user-agents: exit status 1: no server running on /tmp/tmux-501/ta-user-agents"
time=2026-08-21T23:14:20.935+08:00 level=WARN msg="level2: title unknown for provider" provider=grok codepoint=U+002B title="+ Agent 弹窗图标卡片重做 - grok" is_letter=false is_number=false leading_glyph=true status=unknown
time=2026-08-21T23:14:22.368+08:00 level=DEBUG msg="listing: no changes"
time=2026-08-21T23:14:22.899+08:00 level=DEBUG msg="discovery: skipping unreachable socket" socket=/tmp/tmux-501/t115d24675 err="query tmux on /tmp/tmux-501/t115d24675: exit status 1: no server running on /tmp/tmux-501/t115d24675"
time=2026-08-21T23:14:22.908+08:00 level=DEBUG msg="discovery: skipping unreachable socket" socket=/tmp/tmux-501/t115e31319 err="query tmux on /tmp/tmux-501/t115e31319: exit status 1: no server running on /tmp/tmux-501/t115e31319"
time=2026-08-21T23:14:22.916+08:00 level=DEBUG msg="discovery: skipping unreachable socket" socket=/tmp/tmux-501/t115f44898 err="query tmux on /tmp/tmux-501/t115f44898: exit status 1: no server running on /tmp/tmux-501/t115f44898"
time=2026-08-21T23:14:22.924+08:00 level=DEBUG msg="discovery: skipping unreachable socket" socket=/tmp/tmux-501/t115g47728 err="query tmux on /tmp/tmux-501/t115g47728: exit status 1: no server running on /tmp/tmux-501/t115g47728"
time=2026-08-21T23:14:22.934+08:00 level=DEBUG msg="discovery: skipping unreachable socket" socket=/tmp/tmux-501/ta-0bafa3965ade err="query tmux on /tmp/tmux-501/ta-0bafa3965ade: exit status 1: no server running on /tmp/tmux-501/ta-0bafa3965ade"
time=2026-08-21T23:14:22.963+08:00 level=DEBUG msg="discovery: skipping unreachable socket" socket=/tmp/tmux-501/t115d24675 err="query tmux on /tmp/tmux-501/t115d24675: exit status 1: no server running on /tmp/tmux-501/t115d24675"
time=2026-08-21T23:14:22.975+08:00 level=DEBUG msg="discovery: skipping unreachable socket" socket=/tmp/tmux-501/t115e31319 err="query tmux on /tmp/tmux-501/t115e31319: exit status 1: no server running on /tmp/tmux-501/t115e31319"
time=2026-08-21T23:14:22.975+08:00 level=DEBUG msg="discovery: skipping unreachable socket" socket=/tmp/tmux-501/ta-61709dcf801e err="query tmux on /tmp/tmux-501/ta-61709dcf801e: exit status 1: no server running on /tmp/tmux-501/ta-61709dcf801e"
time=2026-08-21T23:14:22.985+08:00 level=DEBUG msg="discovery: skipping unreachable socket" socket=/tmp/tmux-501/t115f44898 err="query tmux on /tmp/tmux-501/t115f44898: exit status 1: no server running on /tmp/tmux-501/t115f44898"
time=2026-08-21T23:14:22.994+08:00 level=DEBUG msg="discovery: skipping unreachable socket" socket=/tmp/tmux-501/t115g47728 err="query tmux on /tmp/tmux-501/t115g47728: exit status 1: no server running on /tmp/tmux-501/t115g47728"
time=2026-08-21T23:14:22.998+08:00 level=DEBUG msg="discovery: skipping unparsable pane line" socket=/tmp/tmux-501/ta-a9fd5b7defbd line="team-refactor-maintainability|6|%39|/Users/alauda/Documents/code/agent前沿探索/多agent协作|bash|87458|t.p9.review 零上下文设计审查已通过<|eos|> - grok|235x50|tester-t124"
time=2026-08-21T23:14:23.004+08:00 level=DEBUG msg="discovery: skipping unreachable socket" socket=/tmp/tmux-501/ta-0bafa3965ade err="query tmux on /tmp/tmux-501/ta-0bafa3965ade: exit status 1: no server running on /tmp/tmux-501/ta-0bafa3965ade"
time=2026-08-21T23:14:23.018+08:00 level=DEBUG msg="discovery: skipping unreachable socket" socket=/tmp/tmux-501/ta-ed81bd4d8c17 err="query tmux on /tmp/tmux-501/ta-ed81bd4d8c17: exit status 1: no server running on /tmp/tmux-501/ta-ed81bd4d8c17"
time=2026-08-21T23:14:23.027+08:00 level=DEBUG msg="discovery: skipping unreachable socket" socket=/tmp/tmux-501/ta-f1ad1b378fc7 err="query tmux on /tmp/tmux-501/ta-f1ad1b378fc7: exit status 1: no server running on /tmp/tmux-501/ta-f1ad1b378fc7"
time=2026-08-21T23:14:23.043+08:00 level=DEBUG msg="discovery: skipping unreachable socket" socket=/tmp/tmux-501/ta-61709dcf801e err="query tmux on /tmp/tmux-501/ta-61709dcf801e: exit status 1: no server running on /tmp/tmux-501/ta-61709dcf801e"
time=2026-08-21T23:14:23.047+08:00 level=DEBUG msg="discovery: skipping unreachable socket" socket=/tmp/tmux-501/ta-t121u01 err="query tmux on /tmp/tmux-501/ta-t121u01: exit status 1: no server running on /tmp/tmux-501/ta-t121u01"
time=2026-08-21T23:14:23.056+08:00 level=DEBUG msg="discovery: skipping unreachable socket" socket=/tmp/tmux-501/ta-t121u01b err="query tmux on /tmp/tmux-501/ta-t121u01b: exit status 1: no server running on /tmp/tmux-501/ta-t121u01b"
time=2026-08-21T23:14:23.063+08:00 level=DEBUG msg="discovery: skipping unparsable pane line" socket=/tmp/tmux-501/ta-a9fd5b7defbd line="team-refactor-maintainability|6|%39|/Users/alauda/Documents/code/agent前沿探索/多agent协作|bash|87458|t.p9.review 零上下文设计审查已通过<|eos|> - grok|235x50|tester-t124"
time=2026-08-21T23:14:23.064+08:00 level=DEBUG msg="discovery: skipping unreachable socket" socket=/tmp/tmux-501/ta-user-agents err="query tmux on /tmp/tmux-501/ta-user-agents: exit status 1: no server running on /tmp/tmux-501/ta-user-agents"
time=2026-08-21T23:14:23.085+08:00 level=DEBUG msg="discovery: skipping unreachable socket" socket=/tmp/tmux-501/ta-ed81bd4d8c17 err="query tmux on /tmp/tmux-501/ta-ed81bd4d8c17: exit status 1: no server running on /tmp/tmux-501/ta-ed81bd4d8c17"
time=2026-08-21T23:14:23.094+08:00 level=DEBUG msg="discovery: skipping unreachable socket" socket=/tmp/tmux-501/ta-f1ad1b378fc7 err="query tmux on /tmp/tmux-501/ta-f1ad1b378fc7: exit status 1: no server running on /tmp/tmux-501/ta-f1ad1b378fc7"
time=2026-08-21T23:14:23.113+08:00 level=DEBUG msg="discovery: skipping unreachable socket" socket=/tmp/tmux-501/ta-t121u01 err="query tmux on /tmp/tmux-501/ta-t121u01: exit status 1: no server running on /tmp/tmux-501/ta-t121u01"
time=2026-08-21T23:14:23.122+08:00 level=DEBUG msg="discovery: skipping unreachable socket" socket=/tmp/tmux-501/ta-t121u01b err="query tmux on /tmp/tmux-501/ta-t121u01b: exit status 1: no server running on /tmp/tmux-501/ta-t121u01b"
time=2026-08-21T23:14:23.134+08:00 level=DEBUG msg="discovery: skipping unreachable socket" socket=/tmp/tmux-501/ta-user-agents err="query tmux on /tmp/tmux-501/ta-user-agents: exit status 1: no server running on /tmp/tmux-501/ta-user-agents"
time=2026-08-21T23:14:23.243+08:00 level=WARN msg="level2: title unknown for provider" provider=grok codepoint=U+002B title="+ Agent 弹窗图标卡片重做 - grok" is_letter=false is_number=false leading_glyph=true status=unknown
time=2026-08-21T23:14:25.300+08:00 level=DEBUG msg="discovery: skipping unreachable socket" socket=/tmp/tmux-501/t115d24675 err="query tmux on /tmp/tmux-501/t115d24675: exit status 1: no server running on /tmp/tmux-501/t115d24675"
time=2026-08-21T23:14:25.315+08:00 level=DEBUG msg="discovery: skipping unreachable socket" socket=/tmp/tmux-501/t115e31319 err="query tmux on /tmp/tmux-501/t115e31319: exit status 1: no server running on /tmp/tmux-501/t115e31319"
time=2026-08-21T23:14:25.326+08:00 level=DEBUG msg="discovery: skipping unreachable socket" socket=/tmp/tmux-501/t115f44898 err="query tmux on /tmp/tmux-501/t115f44898: exit status 1: no server running on /tmp/tmux-501/t115f44898"
time=2026-08-21T23:14:25.335+08:00 level=DEBUG msg="discovery: skipping unreachable socket" socket=/tmp/tmux-501/t115g47728 err="query tmux on /tmp/tmux-501/t115g47728: exit status 1: no server running on /tmp/tmux-501/t115g47728"
time=2026-08-21T23:14:25.348+08:00 level=DEBUG msg="discovery: skipping unreachable socket" socket=/tmp/tmux-501/ta-0bafa3965ade err="query tmux on /tmp/tmux-501/ta-0bafa3965ade: exit status 1: no server running on /tmp/tmux-501/ta-0bafa3965ade"
time=2026-08-21T23:14:25.393+08:00 level=DEBUG msg="discovery: skipping unreachable socket" socket=/tmp/tmux-501/ta-61709dcf801e err="query tmux on /tmp/tmux-501/ta-61709dcf801e: exit status 1: no server running on /tmp/tmux-501/ta-61709dcf801e"
time=2026-08-21T23:14:25.425+08:00 level=DEBUG msg="discovery: skipping unparsable pane line" socket=/tmp/tmux-501/ta-a9fd5b7defbd line="team-refactor-maintainability|6|%39|/Users/alauda/Documents/code/agent前沿探索/多agent协作|bash|87458|t.p9.review 零上下文设计审查已通过<|eos|> - grok|235x50|tester-t124"
time=2026-08-21T23:14:25.447+08:00 level=DEBUG msg="discovery: skipping unreachable socket" socket=/tmp/tmux-501/ta-ed81bd4d8c17 err="query tmux on /tmp/tmux-501/ta-ed81bd4d8c17: exit status 1: no server running on /tmp/tmux-501/ta-ed81bd4d8c17"
time=2026-08-21T23:14:25.461+08:00 level=DEBUG msg="discovery: skipping unreachable socket" socket=/tmp/tmux-501/ta-f1ad1b378fc7 err="query tmux on /tmp/tmux-501/ta-f1ad1b378fc7: exit status 1: no server running on /tmp/tmux-501/ta-f1ad1b378fc7"
time=2026-08-21T23:14:25.483+08:00 level=DEBUG msg="discovery: skipping unreachable socket" socket=/tmp/tmux-501/ta-t121u01 err="query tmux on /tmp/tmux-501/ta-t121u01: exit status 1: no server running on /tmp/tmux-501/ta-t121u01"
time=2026-08-21T23:14:25.494+08:00 level=DEBUG msg="discovery: skipping unreachable socket" socket=/tmp/tmux-501/ta-t121u01b err="query tmux on /tmp/tmux-501/ta-t121u01b: exit status 1: no server running on /tmp/tmux-501/ta-t121u01b"
time=2026-08-21T23:14:25.503+08:00 level=DEBUG msg="discovery: skipping unreachable socket" socket=/tmp/tmux-501/ta-user-agents err="query tmux on /tmp/tmux-501/ta-user-agents: exit status 1: no server running on /tmp/tmux-501/ta-user-agents"
time=2026-08-21T23:14:25.623+08:00 level=WARN msg="level2: title unknown for provider" provider=grok codepoint=U+002B title="+ Agent 弹窗图标卡片重做 - grok" is_letter=false is_number=false leading_glyph=true status=unknown
time=2026-08-21T23:14:26.083+08:00 level=DEBUG msg="listing: no changes"
time=2026-08-21T23:14:26.611+08:00 level=DEBUG msg="discovery: skipping unreachable socket" socket=/tmp/tmux-501/t115d24675 err="query tmux on /tmp/tmux-501/t115d24675: exit status 1: no server running on /tmp/tmux-501/t115d24675"
time=2026-08-21T23:14:26.620+08:00 level=DEBUG msg="discovery: skipping unreachable socket" socket=/tmp/tmux-501/t115e31319 err="query tmux on /tmp/tmux-501/t115e31319: exit status 1: no server running on /tmp/tmux-501/t115e31319"
time=2026-08-21T23:14:26.629+08:00 level=DEBUG msg="discovery: skipping unreachable socket" socket=/tmp/tmux-501/t115f44898 err="query tmux on /tmp/tmux-501/t115f44898: exit status 1: no server running on /tmp/tmux-501/t115f44898"
time=2026-08-21T23:14:26.639+08:00 level=DEBUG msg="discovery: skipping unreachable socket" socket=/tmp/tmux-501/t115g47728 err="query tmux on /tmp/tmux-501/t115g47728: exit status 1: no server running on /tmp/tmux-501/t115g47728"
time=2026-08-21T23:14:26.647+08:00 level=DEBUG msg="discovery: skipping unreachable socket" socket=/tmp/tmux-501/ta-0bafa3965ade err="query tmux on /tmp/tmux-501/ta-0bafa3965ade: exit status 1: no server running on /tmp/tmux-501/ta-0bafa3965ade"
time=2026-08-21T23:14:26.684+08:00 level=DEBUG msg="discovery: skipping unreachable socket" socket=/tmp/tmux-501/ta-61709dcf801e err="query tmux on /tmp/tmux-501/ta-61709dcf801e: exit status 1: no server running on /tmp/tmux-501/ta-61709dcf801e"
time=2026-08-21T23:14:26.703+08:00 level=DEBUG msg="discovery: skipping unparsable pane line" socket=/tmp/tmux-501/ta-a9fd5b7defbd line="team-refactor-maintainability|6|%39|/Users/alauda/Documents/code/agent前沿探索/多agent协作|bash|87458|t.p9.review 零上下文设计审查已通过<|eos|> - grok|235x50|tester-t124"
time=2026-08-21T23:14:26.721+08:00 level=DEBUG msg="discovery: skipping unreachable socket" socket=/tmp/tmux-501/ta-ed81bd4d8c17 err="query tmux on /tmp/tmux-501/ta-ed81bd4d8c17: exit status 1: no server running on /tmp/tmux-501/ta-ed81bd4d8c17"
time=2026-08-21T23:14:26.731+08:00 level=DEBUG msg="discovery: skipping unreachable socket" socket=/tmp/tmux-501/ta-f1ad1b378fc7 err="query tmux on /tmp/tmux-501/ta-f1ad1b378fc7: exit status 1: no server running on /tmp/tmux-501/ta-f1ad1b378fc7"
time=2026-08-21T23:14:26.748+08:00 level=DEBUG msg="discovery: skipping unreachable socket" socket=/tmp/tmux-501/ta-t121u01 err="query tmux on /tmp/tmux-501/ta-t121u01: exit status 1: no server running on /tmp/tmux-501/ta-t121u01"
time=2026-08-21T23:14:26.756+08:00 level=DEBUG msg="discovery: skipping unreachable socket" socket=/tmp/tmux-501/ta-t121u01b err="query tmux on /tmp/tmux-501/ta-t121u01b: exit status 1: no server running on /tmp/tmux-501/ta-t121u01b"
time=2026-08-21T23:14:26.765+08:00 level=DEBUG msg="discovery: skipping unreachable socket" socket=/tmp/tmux-501/ta-user-agents err="query tmux on /tmp/tmux-501/ta-user-agents: exit status 1: no server running on /tmp/tmux-501/ta-user-agents"
time=2026-08-21T23:14:27.655+08:00 level=DEBUG msg="discovery: skipping unreachable socket" socket=/tmp/tmux-501/t115d24675 err="query tmux on /tmp/tmux-501/t115d24675: exit status 1: no server running on /tmp/tmux-501/t115d24675"
time=2026-08-21T23:14:27.664+08:00 level=DEBUG msg="discovery: skipping unreachable socket" socket=/tmp/tmux-501/t115e31319 err="query tmux on /tmp/tmux-501/t115e31319: exit status 1: no server running on /tmp/tmux-501/t115e31319"
time=2026-08-21T23:14:27.673+08:00 level=DEBUG msg="discovery: skipping unreachable socket" socket=/tmp/tmux-501/t115f44898 err="query tmux on /tmp/tmux-501/t115f44898: exit status 1: no server running on /tmp/tmux-501/t115f44898"
time=2026-08-21T23:14:27.682+08:00 level=DEBUG msg="discovery: skipping unreachable socket" socket=/tmp/tmux-501/t115g47728 err="query tmux on /tmp/tmux-501/t115g47728: exit status 1: no server running on /tmp/tmux-501/t115g47728"
time=2026-08-21T23:14:27.692+08:00 level=DEBUG msg="discovery: skipping unreachable socket" socket=/tmp/tmux-501/ta-0bafa3965ade err="query tmux on /tmp/tmux-501/ta-0bafa3965ade: exit status 1: no server running on /tmp/tmux-501/ta-0bafa3965ade"
time=2026-08-21T23:14:27.732+08:00 level=DEBUG msg="discovery: skipping unreachable socket" socket=/tmp/tmux-501/ta-61709dcf801e err="query tmux on /tmp/tmux-501/ta-61709dcf801e: exit status 1: no server running on /tmp/tmux-501/ta-61709dcf801e"
time=2026-08-21T23:14:27.754+08:00 level=DEBUG msg="discovery: skipping unparsable pane line" socket=/tmp/tmux-501/ta-a9fd5b7defbd line="team-refactor-maintainability|6|%39|/Users/alauda/Documents/code/agent前沿探索/多agent协作|bash|87458|t.p9.review 零上下文设计审查已通过<|eos|> - grok|235x50|tester-t124"
time=2026-08-21T23:14:27.774+08:00 level=DEBUG msg="discovery: skipping unreachable socket" socket=/tmp/tmux-501/ta-ed81bd4d8c17 err="query tmux on /tmp/tmux-501/ta-ed81bd4d8c17: exit status 1: no server running on /tmp/tmux-501/ta-ed81bd4d8c17"
time=2026-08-21T23:14:27.783+08:00 level=DEBUG msg="discovery: skipping unreachable socket" socket=/tmp/tmux-501/ta-f1ad1b378fc7 err="query tmux on /tmp/tmux-501/ta-f1ad1b378fc7: exit status 1: no server running on /tmp/tmux-501/ta-f1ad1b378fc7"
time=2026-08-21T23:14:27.803+08:00 level=DEBUG msg="discovery: skipping unreachable socket" socket=/tmp/tmux-501/ta-t121u01 err="query tmux on /tmp/tmux-501/ta-t121u01: exit status 1: no server running on /tmp/tmux-501/ta-t121u01"
time=2026-08-21T23:14:27.811+08:00 level=DEBUG msg="discovery: skipping unreachable socket" socket=/tmp/tmux-501/ta-t121u01b err="query tmux on /tmp/tmux-501/ta-t121u01b: exit status 1: no server running on /tmp/tmux-501/ta-t121u01b"
time=2026-08-21T23:14:27.822+08:00 level=DEBUG msg="discovery: skipping unreachable socket" socket=/tmp/tmux-501/ta-user-agents err="query tmux on /tmp/tmux-501/ta-user-agents: exit status 1: no server running on /tmp/tmux-501/ta-user-agents"
time=2026-08-21T23:14:27.917+08:00 level=WARN msg="level2: title unknown for provider" provider=grok codepoint=U+002B title="+ Agent 弹窗图标卡片重做 - grok" is_letter=false is_number=false leading_glyph=true status=unknown
time=2026-08-21T23:14:29.439+08:00 level=DEBUG msg="listing: no changes"
time=2026-08-21T23:14:29.949+08:00 level=DEBUG msg="discovery: skipping unreachable socket" socket=/tmp/tmux-501/t115d24675 err="query tmux on /tmp/tmux-501/t115d24675: exit status 1: no server running on /tmp/tmux-501/t115d24675"
time=2026-08-21T23:14:29.958+08:00 level=DEBUG msg="discovery: skipping unreachable socket" socket=/tmp/tmux-501/t115e31319 err="query tmux on /tmp/tmux-501/t115e31319: exit status 1: no server running on /tmp/tmux-501/t115e31319"
time=2026-08-21T23:14:29.967+08:00 level=DEBUG msg="discovery: skipping unreachable socket" socket=/tmp/tmux-501/t115f44898 err="query tmux on /tmp/tmux-501/t115f44898: exit status 1: no server running on /tmp/tmux-501/t115f44898"
time=2026-08-21T23:14:29.970+08:00 level=DEBUG msg="discovery: skipping unreachable socket" socket=/tmp/tmux-501/t115d24675 err="query tmux on /tmp/tmux-501/t115d24675: exit status 1: no server running on /tmp/tmux-501/t115d24675"
time=2026-08-21T23:14:29.975+08:00 level=DEBUG msg="discovery: skipping unreachable socket" socket=/tmp/tmux-501/t115g47728 err="query tmux on /tmp/tmux-501/t115g47728: exit status 1: no server running on /tmp/tmux-501/t115g47728"
time=2026-08-21T23:14:29.979+08:00 level=DEBUG msg="discovery: skipping unreachable socket" socket=/tmp/tmux-501/t115e31319 err="query tmux on /tmp/tmux-501/t115e31319: exit status 1: no server running on /tmp/tmux-501/t115e31319"
time=2026-08-21T23:14:29.984+08:00 level=DEBUG msg="discovery: skipping unreachable socket" socket=/tmp/tmux-501/ta-0bafa3965ade err="query tmux on /tmp/tmux-501/ta-0bafa3965ade: exit status 1: no server running on /tmp/tmux-501/ta-0bafa3965ade"
time=2026-08-21T23:14:29.988+08:00 level=DEBUG msg="discovery: skipping unreachable socket" socket=/tmp/tmux-501/t115f44898 err="query tmux on /tmp/tmux-501/t115f44898: exit status 1: no server running on /tmp/tmux-501/t115f44898"
time=2026-08-21T23:14:29.999+08:00 level=DEBUG msg="discovery: skipping unreachable socket" socket=/tmp/tmux-501/t115g47728 err="query tmux on /tmp/tmux-501/t115g47728: exit status 1: no server running on /tmp/tmux-501/t115g47728"
time=2026-08-21T23:14:30.007+08:00 level=DEBUG msg="discovery: skipping unreachable socket" socket=/tmp/tmux-501/ta-0bafa3965ade err="query tmux on /tmp/tmux-501/ta-0bafa3965ade: exit status 1: no server running on /tmp/tmux-501/ta-0bafa3965ade"
time=2026-08-21T23:14:30.023+08:00 level=DEBUG msg="discovery: skipping unreachable socket" socket=/tmp/tmux-501/ta-61709dcf801e err="query tmux on /tmp/tmux-501/ta-61709dcf801e: exit status 1: no server running on /tmp/tmux-501/ta-61709dcf801e"
time=2026-08-21T23:14:30.046+08:00 level=DEBUG msg="discovery: skipping unparsable pane line" socket=/tmp/tmux-501/ta-a9fd5b7defbd line="team-refactor-maintainability|6|%39|/Users/alauda/Documents/code/agent前沿探索/多agent协作|bash|87458|t.p9.review 零上下文设计审查已通过<|eos|> - grok|235x50|tester-t124"
time=2026-08-21T23:14:30.048+08:00 level=DEBUG msg="discovery: skipping unreachable socket" socket=/tmp/tmux-501/ta-61709dcf801e err="query tmux on /tmp/tmux-501/ta-61709dcf801e: exit status 1: no server running on /tmp/tmux-501/ta-61709dcf801e"
time=2026-08-21T23:14:30.066+08:00 level=DEBUG msg="discovery: skipping unreachable socket" socket=/tmp/tmux-501/ta-ed81bd4d8c17 err="query tmux on /tmp/tmux-501/ta-ed81bd4d8c17: exit status 1: no server running on /tmp/tmux-501/ta-ed81bd4d8c17"
time=2026-08-21T23:14:30.067+08:00 level=DEBUG msg="discovery: skipping unparsable pane line" socket=/tmp/tmux-501/ta-a9fd5b7defbd line="team-refactor-maintainability|6|%39|/Users/alauda/Documents/code/agent前沿探索/多agent协作|bash|87458|t.p9.review 零上下文设计审查已通过<|eos|> - grok|235x50|tester-t124"
time=2026-08-21T23:14:30.074+08:00 level=DEBUG msg="discovery: skipping unreachable socket" socket=/tmp/tmux-501/ta-f1ad1b378fc7 err="query tmux on /tmp/tmux-501/ta-f1ad1b378fc7: exit status 1: no server running on /tmp/tmux-501/ta-f1ad1b378fc7"
time=2026-08-21T23:14:30.085+08:00 level=DEBUG msg="discovery: skipping unreachable socket" socket=/tmp/tmux-501/ta-ed81bd4d8c17 err="query tmux on /tmp/tmux-501/ta-ed81bd4d8c17: exit status 1: no server running on /tmp/tmux-501/ta-ed81bd4d8c17"
time=2026-08-21T23:14:30.093+08:00 level=DEBUG msg="discovery: skipping unreachable socket" socket=/tmp/tmux-501/ta-t121u01 err="query tmux on /tmp/tmux-501/ta-t121u01: exit status 1: no server running on /tmp/tmux-501/ta-t121u01"
time=2026-08-21T23:14:30.095+08:00 level=DEBUG msg="discovery: skipping unreachable socket" socket=/tmp/tmux-501/ta-f1ad1b378fc7 err="query tmux on /tmp/tmux-501/ta-f1ad1b378fc7: exit status 1: no server running on /tmp/tmux-501/ta-f1ad1b378fc7"
time=2026-08-21T23:14:30.103+08:00 level=DEBUG msg="discovery: skipping unreachable socket" socket=/tmp/tmux-501/ta-t121u01b err="query tmux on /tmp/tmux-501/ta-t121u01b: exit status 1: no server running on /tmp/tmux-501/ta-t121u01b"
time=2026-08-21T23:14:30.112+08:00 level=DEBUG msg="discovery: skipping unreachable socket" socket=/tmp/tmux-501/ta-user-agents err="query tmux on /tmp/tmux-501/ta-user-agents: exit status 1: no server running on /tmp/tmux-501/ta-user-agents"
time=2026-08-21T23:14:30.113+08:00 level=DEBUG msg="discovery: skipping unreachable socket" socket=/tmp/tmux-501/ta-t121u01 err="query tmux on /tmp/tmux-501/ta-t121u01: exit status 1: no server running on /tmp/tmux-501/ta-t121u01"
time=2026-08-21T23:14:30.122+08:00 level=DEBUG msg="discovery: skipping unreachable socket" socket=/tmp/tmux-501/ta-t121u01b err="query tmux on /tmp/tmux-501/ta-t121u01b: exit status 1: no server running on /tmp/tmux-501/ta-t121u01b"
time=2026-08-21T23:14:30.131+08:00 level=DEBUG msg="discovery: skipping unreachable socket" socket=/tmp/tmux-501/ta-user-agents err="query tmux on /tmp/tmux-501/ta-user-agents: exit status 1: no server running on /tmp/tmux-501/ta-user-agents"
time=2026-08-21T23:14:30.157+08:00 level=WARN msg="level2: title unknown for provider" provider=grok codepoint=U+002B title="+ Agent 弹窗图标卡片重做 - grok" is_letter=false is_number=false leading_glyph=true status=unknown
time=2026-08-21T23:14:32.196+08:00 level=DEBUG msg="discovery: skipping unreachable socket" socket=/tmp/tmux-501/t115d24675 err="query tmux on /tmp/tmux-501/t115d24675: exit status 1: no server running on /tmp/tmux-501/t115d24675"
time=2026-08-21T23:14:32.206+08:00 level=DEBUG msg="discovery: skipping unreachable socket" socket=/tmp/tmux-501/t115e31319 err="query tmux on /tmp/tmux-501/t115e31319: exit status 1: no server running on /tmp/tmux-501/t115e31319"
time=2026-08-21T23:14:32.216+08:00 level=DEBUG msg="discovery: skipping unreachable socket" socket=/tmp/tmux-501/t115f44898 err="query tmux on /tmp/tmux-501/t115f44898: exit status 1: no server running on /tmp/tmux-501/t115f44898"
time=2026-08-21T23:14:32.227+08:00 level=DEBUG msg="discovery: skipping unreachable socket" socket=/tmp/tmux-501/t115g47728 err="query tmux on /tmp/tmux-501/t115g47728: exit status 1: no server running on /tmp/tmux-501/t115g47728"
time=2026-08-21T23:14:32.240+08:00 level=DEBUG msg="discovery: skipping unreachable socket" socket=/tmp/tmux-501/ta-0bafa3965ade err="query tmux on /tmp/tmux-501/ta-0bafa3965ade: exit status 1: no server running on /tmp/tmux-501/ta-0bafa3965ade"
time=2026-08-21T23:14:32.283+08:00 level=DEBUG msg="discovery: skipping unreachable socket" socket=/tmp/tmux-501/ta-61709dcf801e err="query tmux on /tmp/tmux-501/ta-61709dcf801e: exit status 1: no server running on /tmp/tmux-501/ta-61709dcf801e"
time=2026-08-21T23:14:32.307+08:00 level=DEBUG msg="discovery: skipping unparsable pane line" socket=/tmp/tmux-501/ta-a9fd5b7defbd line="team-refactor-maintainability|6|%39|/Users/alauda/Documents/code/agent前沿探索/多agent协作|bash|87458|t.p9.review 零上下文设计审查已通过<|eos|> - grok|235x50|tester-t124"
time=2026-08-21T23:14:32.328+08:00 level=DEBUG msg="discovery: skipping unreachable socket" socket=/tmp/tmux-501/ta-ed81bd4d8c17 err="query tmux on /tmp/tmux-501/ta-ed81bd4d8c17: exit status 1: no server running on /tmp/tmux-501/ta-ed81bd4d8c17"
time=2026-08-21T23:14:32.342+08:00 level=DEBUG msg="discovery: skipping unreachable socket" socket=/tmp/tmux-501/ta-f1ad1b378fc7 err="query tmux on /tmp/tmux-501/ta-f1ad1b378fc7: exit status 1: no server running on /tmp/tmux-501/ta-f1ad1b378fc7"
time=2026-08-21T23:14:32.362+08:00 level=DEBUG msg="discovery: skipping unreachable socket" socket=/tmp/tmux-501/ta-t121u01 err="query tmux on /tmp/tmux-501/ta-t121u01: exit status 1: no server running on /tmp/tmux-501/ta-t121u01"
time=2026-08-21T23:14:32.372+08:00 level=DEBUG msg="discovery: skipping unreachable socket" socket=/tmp/tmux-501/ta-t121u01b err="query tmux on /tmp/tmux-501/ta-t121u01b: exit status 1: no server running on /tmp/tmux-501/ta-t121u01b"
time=2026-08-21T23:14:32.381+08:00 level=DEBUG msg="discovery: skipping unreachable socket" socket=/tmp/tmux-501/ta-user-agents err="query tmux on /tmp/tmux-501/ta-user-agents: exit status 1: no server running on /tmp/tmux-501/ta-user-agents"
time=2026-08-21T23:14:32.513+08:00 level=WARN msg="level2: title unknown for provider" provider=grok codepoint=U+002B title="+ Agent 弹窗图标卡片重做 - grok" is_letter=false is_number=false leading_glyph=true status=unknown
time=2026-08-21T23:14:32.866+08:00 level=DEBUG msg="listing: no changes"
time=2026-08-21T23:14:33.399+08:00 level=DEBUG msg="discovery: skipping unreachable socket" socket=/tmp/tmux-501/t115d24675 err="query tmux on /tmp/tmux-501/t115d24675: exit status 1: no server running on /tmp/tmux-501/t115d24675"
time=2026-08-21T23:14:33.407+08:00 level=DEBUG msg="discovery: skipping unreachable socket" socket=/tmp/tmux-501/t115e31319 err="query tmux on /tmp/tmux-501/t115e31319: exit status 1: no server running on /tmp/tmux-501/t115e31319"
time=2026-08-21T23:14:33.415+08:00 level=DEBUG msg="discovery: skipping unreachable socket" socket=/tmp/tmux-501/t115f44898 err="query tmux on /tmp/tmux-501/t115f44898: exit status 1: no server running on /tmp/tmux-501/t115f44898"
time=2026-08-21T23:14:33.424+08:00 level=DEBUG msg="discovery: skipping unreachable socket" socket=/tmp/tmux-501/t115g47728 err="query tmux on /tmp/tmux-501/t115g47728: exit status 1: no server running on /tmp/tmux-501/t115g47728"
time=2026-08-21T23:14:33.432+08:00 level=DEBUG msg="discovery: skipping unreachable socket" socket=/tmp/tmux-501/ta-0bafa3965ade err="query tmux on /tmp/tmux-501/ta-0bafa3965ade: exit status 1: no server running on /tmp/tmux-501/ta-0bafa3965ade"
time=2026-08-21T23:14:33.467+08:00 level=DEBUG msg="discovery: skipping unreachable socket" socket=/tmp/tmux-501/ta-61709dcf801e err="query tmux on /tmp/tmux-501/ta-61709dcf801e: exit status 1: no server running on /tmp/tmux-501/ta-61709dcf801e"
time=2026-08-21T23:14:33.486+08:00 level=DEBUG msg="discovery: skipping unparsable pane line" socket=/tmp/tmux-501/ta-a9fd5b7defbd line="team-refactor-maintainability|6|%39|/Users/alauda/Documents/code/agent前沿探索/多agent协作|bash|87458|t.p9.review 零上下文设计审查已通过<|eos|> - grok|235x50|tester-t124"
time=2026-08-21T23:14:33.505+08:00 level=DEBUG msg="discovery: skipping unreachable socket" socket=/tmp/tmux-501/ta-ed81bd4d8c17 err="query tmux on /tmp/tmux-501/ta-ed81bd4d8c17: exit status 1: no server running on /tmp/tmux-501/ta-ed81bd4d8c17"
time=2026-08-21T23:14:33.515+08:00 level=DEBUG msg="discovery: skipping unreachable socket" socket=/tmp/tmux-501/ta-f1ad1b378fc7 err="query tmux on /tmp/tmux-501/ta-f1ad1b378fc7: exit status 1: no server running on /tmp/tmux-501/ta-f1ad1b378fc7"
time=2026-08-21T23:14:33.532+08:00 level=DEBUG msg="discovery: skipping unreachable socket" socket=/tmp/tmux-501/ta-t121u01 err="query tmux on /tmp/tmux-501/ta-t121u01: exit status 1: no server running on /tmp/tmux-501/ta-t121u01"
time=2026-08-21T23:14:33.541+08:00 level=DEBUG msg="discovery: skipping unreachable socket" socket=/tmp/tmux-501/ta-t121u01b err="query tmux on /tmp/tmux-501/ta-t121u01b: exit status 1: no server running on /tmp/tmux-501/ta-t121u01b"
time=2026-08-21T23:14:33.549+08:00 level=DEBUG msg="discovery: skipping unreachable socket" socket=/tmp/tmux-501/ta-user-agents err="query tmux on /tmp/tmux-501/ta-user-agents: exit status 1: no server running on /tmp/tmux-501/ta-user-agents"
time=2026-08-21T23:14:34.544+08:00 level=DEBUG msg="discovery: skipping unreachable socket" socket=/tmp/tmux-501/t115d24675 err="query tmux on /tmp/tmux-501/t115d24675: exit status 1: no server running on /tmp/tmux-501/t115d24675"
time=2026-08-21T23:14:34.560+08:00 level=DEBUG msg="discovery: skipping unreachable socket" socket=/tmp/tmux-501/t115e31319 err="query tmux on /tmp/tmux-501/t115e31319: exit status 1: no server running on /tmp/tmux-501/t115e31319"
time=2026-08-21T23:14:34.654+08:00 level=DEBUG msg="discovery: skipping unreachable socket" socket=/tmp/tmux-501/t115f44898 err="query tmux on /tmp/tmux-501/t115f44898: exit status 1: no server running on /tmp/tmux-501/t115f44898"
time=2026-08-21T23:14:34.676+08:00 level=DEBUG msg="discovery: skipping unreachable socket" socket=/tmp/tmux-501/t115g47728 err="query tmux on /tmp/tmux-501/t115g47728: exit status 1: no server running on /tmp/tmux-501/t115g47728"
time=2026-08-21T23:14:34.695+08:00 level=DEBUG msg="discovery: skipping unreachable socket" socket=/tmp/tmux-501/ta-0bafa3965ade err="query tmux on /tmp/tmux-501/ta-0bafa3965ade: exit status 1: no server running on /tmp/tmux-501/ta-0bafa3965ade"
time=2026-08-21T23:14:34.732+08:00 level=DEBUG msg="discovery: skipping unreachable socket" socket=/tmp/tmux-501/ta-61709dcf801e err="query tmux on /tmp/tmux-501/ta-61709dcf801e: exit status 1: no server running on /tmp/tmux-501/ta-61709dcf801e"
time=2026-08-21T23:14:34.756+08:00 level=DEBUG msg="discovery: skipping unparsable pane line" socket=/tmp/tmux-501/ta-a9fd5b7defbd line="team-refactor-maintainability|6|%39|/Users/alauda/Documents/code/agent前沿探索/多agent协作|bash|87458|t.p9.review 零上下文设计审查已通过<|eos|> - grok|235x50|tester-t124"
time=2026-08-21T23:14:34.775+08:00 level=DEBUG msg="discovery: skipping unreachable socket" socket=/tmp/tmux-501/ta-ed81bd4d8c17 err="query tmux on /tmp/tmux-501/ta-ed81bd4d8c17: exit status 1: no server running on /tmp/tmux-501/ta-ed81bd4d8c17"
time=2026-08-21T23:14:34.784+08:00 level=DEBUG msg="discovery: skipping unreachable socket" socket=/tmp/tmux-501/ta-f1ad1b378fc7 err="query tmux on /tmp/tmux-501/ta-f1ad1b378fc7: exit status 1: no server running on /tmp/tmux-501/ta-f1ad1b378fc7"
time=2026-08-21T23:14:34.807+08:00 level=DEBUG msg="discovery: skipping unreachable socket" socket=/tmp/tmux-501/ta-t121u01 err="query tmux on /tmp/tmux-501/ta-t121u01: exit status 1: no server running on /tmp/tmux-501/ta-t121u01"
time=2026-08-21T23:14:34.816+08:00 level=DEBUG msg="discovery: skipping unreachable socket" socket=/tmp/tmux-501/ta-t121u01b err="query tmux on /tmp/tmux-501/ta-t121u01b: exit status 1: no server running on /tmp/tmux-501/ta-t121u01b"
time=2026-08-21T23:14:34.825+08:00 level=DEBUG msg="discovery: skipping unreachable socket" socket=/tmp/tmux-501/ta-user-agents err="query tmux on /tmp/tmux-501/ta-user-agents: exit status 1: no server running on /tmp/tmux-501/ta-user-agents"
time=2026-08-21T23:14:34.927+08:00 level=WARN msg="level2: title unknown for provider" provider=grok codepoint=U+002B title="+ Agent 弹窗图标卡片重做 - grok" is_letter=false is_number=false leading_glyph=true status=unknown
time=2026-08-21T23:14:36.303+08:00 level=DEBUG msg="listing: no changes"
time=2026-08-21T23:14:36.831+08:00 level=DEBUG msg="discovery: skipping unreachable socket" socket=/tmp/tmux-501/t115d24675 err="query tmux on /tmp/tmux-501/t115d24675: exit status 1: no server running on /tmp/tmux-501/t115d24675"
time=2026-08-21T23:14:36.839+08:00 level=DEBUG msg="discovery: skipping unreachable socket" socket=/tmp/tmux-501/t115e31319 err="query tmux on /tmp/tmux-501/t115e31319: exit status 1: no server running on /tmp/tmux-501/t115e31319"
time=2026-08-21T23:14:36.848+08:00 level=DEBUG msg="discovery: skipping unreachable socket" socket=/tmp/tmux-501/t115f44898 err="query tmux on /tmp/tmux-501/t115f44898: exit status 1: no server running on /tmp/tmux-501/t115f44898"
time=2026-08-21T23:14:36.856+08:00 level=DEBUG msg="discovery: skipping unreachable socket" socket=/tmp/tmux-501/t115g47728 err="query tmux on /tmp/tmux-501/t115g47728: exit status 1: no server running on /tmp/tmux-501/t115g47728"
time=2026-08-21T23:14:36.865+08:00 level=DEBUG msg="discovery: skipping unreachable socket" socket=/tmp/tmux-501/ta-0bafa3965ade err="query tmux on /tmp/tmux-501/ta-0bafa3965ade: exit status 1: no server running on /tmp/tmux-501/ta-0bafa3965ade"
time=2026-08-21T23:14:36.899+08:00 level=DEBUG msg="discovery: skipping unreachable socket" socket=/tmp/tmux-501/ta-61709dcf801e err="query tmux on /tmp/tmux-501/ta-61709dcf801e: exit status 1: no server running on /tmp/tmux-501/ta-61709dcf801e"
time=2026-08-21T23:14:36.918+08:00 level=DEBUG msg="discovery: skipping unparsable pane line" socket=/tmp/tmux-501/ta-a9fd5b7defbd line="team-refactor-maintainability|6|%39|/Users/alauda/Documents/code/agent前沿探索/多agent协作|bash|87458|t.p9.review 零上下文设计审查已通过<|eos|> - grok|235x50|tester-t124"
time=2026-08-21T23:14:36.937+08:00 level=DEBUG msg="discovery: skipping unreachable socket" socket=/tmp/tmux-501/ta-ed81bd4d8c17 err="query tmux on /tmp/tmux-501/ta-ed81bd4d8c17: exit status 1: no server running on /tmp/tmux-501/ta-ed81bd4d8c17"
time=2026-08-21T23:14:36.945+08:00 level=DEBUG msg="discovery: skipping unreachable socket" socket=/tmp/tmux-501/ta-f1ad1b378fc7 err="query tmux on /tmp/tmux-501/ta-f1ad1b378fc7: exit status 1: no server running on /tmp/tmux-501/ta-f1ad1b378fc7"
time=2026-08-21T23:14:36.954+08:00 level=DEBUG msg="discovery: skipping unreachable socket" socket=/tmp/tmux-501/t115d24675 err="query tmux on /tmp/tmux-501/t115d24675: exit status 1: no server running on /tmp/tmux-501/t115d24675"
time=2026-08-21T23:14:36.964+08:00 level=DEBUG msg="discovery: skipping unreachable socket" socket=/tmp/tmux-501/ta-t121u01 err="query tmux on /tmp/tmux-501/ta-t121u01: exit status 1: no server running on /tmp/tmux-501/ta-t121u01"
time=2026-08-21T23:14:36.965+08:00 level=DEBUG msg="discovery: skipping unreachable socket" socket=/tmp/tmux-501/t115e31319 err="query tmux on /tmp/tmux-501/t115e31319: exit status 1: no server running on /tmp/tmux-501/t115e31319"
time=2026-08-21T23:14:36.972+08:00 level=DEBUG msg="discovery: skipping unreachable socket" socket=/tmp/tmux-501/ta-t121u01b err="query tmux on /tmp/tmux-501/ta-t121u01b: exit status 1: no server running on /tmp/tmux-501/ta-t121u01b"
time=2026-08-21T23:14:36.973+08:00 level=DEBUG msg="discovery: skipping unreachable socket" socket=/tmp/tmux-501/t115f44898 err="query tmux on /tmp/tmux-501/t115f44898: exit status 1: no server running on /tmp/tmux-501/t115f44898"
time=2026-08-21T23:14:36.982+08:00 level=DEBUG msg="discovery: skipping unreachable socket" socket=/tmp/tmux-501/ta-user-agents err="query tmux on /tmp/tmux-501/ta-user-agents: exit status 1: no server running on /tmp/tmux-501/ta-user-agents"
time=2026-08-21T23:14:36.983+08:00 level=DEBUG msg="discovery: skipping unreachable socket" socket=/tmp/tmux-501/t115g47728 err="query tmux on /tmp/tmux-501/t115g47728: exit status 1: no server running on /tmp/tmux-501/t115g47728"
time=2026-08-21T23:14:36.991+08:00 level=DEBUG msg="discovery: skipping unreachable socket" socket=/tmp/tmux-501/ta-0bafa3965ade err="query tmux on /tmp/tmux-501/ta-0bafa3965ade: exit status 1: no server running on /tmp/tmux-501/ta-0bafa3965ade"
time=2026-08-21T23:14:37.030+08:00 level=DEBUG msg="discovery: skipping unreachable socket" socket=/tmp/tmux-501/ta-61709dcf801e err="query tmux on /tmp/tmux-501/ta-61709dcf801e: exit status 1: no server running on /tmp/tmux-501/ta-61709dcf801e"
time=2026-08-21T23:14:37.051+08:00 level=DEBUG msg="discovery: skipping unparsable pane line" socket=/tmp/tmux-501/ta-a9fd5b7defbd line="team-refactor-maintainability|6|%39|/Users/alauda/Documents/code/agent前沿探索/多agent协作|bash|87458|t.p9.review 零上下文设计审查已通过<|eos|> - grok|235x50|tester-t124"
time=2026-08-21T23:14:37.071+08:00 level=DEBUG msg="discovery: skipping unreachable socket" socket=/tmp/tmux-501/ta-ed81bd4d8c17 err="query tmux on /tmp/tmux-501/ta-ed81bd4d8c17: exit status 1: no server running on /tmp/tmux-501/ta-ed81bd4d8c17"
time=2026-08-21T23:14:37.080+08:00 level=DEBUG msg="discovery: skipping unreachable socket" socket=/tmp/tmux-501/ta-f1ad1b378fc7 err="query tmux on /tmp/tmux-501/ta-f1ad1b378fc7: exit status 1: no server running on /tmp/tmux-501/ta-f1ad1b378fc7"
time=2026-08-21T23:14:37.098+08:00 level=DEBUG msg="discovery: skipping unreachable socket" socket=/tmp/tmux-501/ta-t121u01 err="query tmux on /tmp/tmux-501/ta-t121u01: exit status 1: no server running on /tmp/tmux-501/ta-t121u01"
time=2026-08-21T23:14:37.108+08:00 level=DEBUG msg="discovery: skipping unreachable socket" socket=/tmp/tmux-501/ta-t121u01b err="query tmux on /tmp/tmux-501/ta-t121u01b: exit status 1: no server running on /tmp/tmux-501/ta-t121u01b"
time=2026-08-21T23:14:37.117+08:00 level=DEBUG msg="discovery: skipping unreachable socket" socket=/tmp/tmux-501/ta-user-agents err="query tmux on /tmp/tmux-501/ta-user-agents: exit status 1: no server running on /tmp/tmux-501/ta-user-agents"
time=2026-08-21T23:14:37.207+08:00 level=WARN msg="level2: title unknown for provider" provider=grok codepoint=U+002B title="+ Agent 弹窗图标卡片重做 - grok" is_letter=false is_number=false leading_glyph=true status=unknown
time=2026-08-21T23:14:39.295+08:00 level=DEBUG msg="discovery: skipping unreachable socket" socket=/tmp/tmux-501/t115d24675 err="query tmux on /tmp/tmux-501/t115d24675: exit status 1: no server running on /tmp/tmux-501/t115d24675"
time=2026-08-21T23:14:39.305+08:00 level=DEBUG msg="discovery: skipping unreachable socket" socket=/tmp/tmux-501/t115e31319 err="query tmux on /tmp/tmux-501/t115e31319: exit status 1: no server running on /tmp/tmux-501/t115e31319"
time=2026-08-21T23:14:39.318+08:00 level=DEBUG msg="discovery: skipping unreachable socket" socket=/tmp/tmux-501/t115f44898 err="query tmux on /tmp/tmux-501/t115f44898: exit status 1: no server running on /tmp/tmux-501/t115f44898"
time=2026-08-21T23:14:39.330+08:00 level=DEBUG msg="discovery: skipping unreachable socket" socket=/tmp/tmux-501/t115g47728 err="query tmux on /tmp/tmux-501/t115g47728: exit status 1: no server running on /tmp/tmux-501/t115g47728"
time=2026-08-21T23:14:39.340+08:00 level=DEBUG msg="discovery: skipping unreachable socket" socket=/tmp/tmux-501/ta-0bafa3965ade err="query tmux on /tmp/tmux-501/ta-0bafa3965ade: exit status 1: no server running on /tmp/tmux-501/ta-0bafa3965ade"
time=2026-08-21T23:14:39.387+08:00 level=DEBUG msg="discovery: skipping unreachable socket" socket=/tmp/tmux-501/ta-61709dcf801e err="query tmux on /tmp/tmux-501/ta-61709dcf801e: exit status 1: no server running on /tmp/tmux-501/ta-61709dcf801e"
time=2026-08-21T23:14:39.414+08:00 level=DEBUG msg="discovery: skipping unparsable pane line" socket=/tmp/tmux-501/ta-a9fd5b7defbd line="team-refactor-maintainability|6|%39|/Users/alauda/Documents/code/agent前沿探索/多agent协作|bash|87458|t.p9.review 零上下文设计审查已通过<|eos|> - grok|235x50|tester-t124"
time=2026-08-21T23:14:39.469+08:00 level=DEBUG msg="discovery: skipping unreachable socket" socket=/tmp/tmux-501/ta-ed81bd4d8c17 err="query tmux on /tmp/tmux-501/ta-ed81bd4d8c17: exit status 1: no server running on /tmp/tmux-501/ta-ed81bd4d8c17"
time=2026-08-21T23:14:39.478+08:00 level=DEBUG msg="discovery: skipping unreachable socket" socket=/tmp/tmux-501/ta-f1ad1b378fc7 err="query tmux on /tmp/tmux-501/ta-f1ad1b378fc7: exit status 1: no server running on /tmp/tmux-501/ta-f1ad1b378fc7"
time=2026-08-21T23:14:39.499+08:00 level=DEBUG msg="discovery: skipping unreachable socket" socket=/tmp/tmux-501/ta-t121u01 err="query tmux on /tmp/tmux-501/ta-t121u01: exit status 1: no server running on /tmp/tmux-501/ta-t121u01"
time=2026-08-21T23:14:39.511+08:00 level=DEBUG msg="discovery: skipping unreachable socket" socket=/tmp/tmux-501/ta-t121u01b err="query tmux on /tmp/tmux-501/ta-t121u01b: exit status 1: no server running on /tmp/tmux-501/ta-t121u01b"
time=2026-08-21T23:14:39.520+08:00 level=DEBUG msg="discovery: skipping unreachable socket" socket=/tmp/tmux-501/ta-user-agents err="query tmux on /tmp/tmux-501/ta-user-agents: exit status 1: no server running on /tmp/tmux-501/ta-user-agents"
time=2026-08-21T23:14:39.627+08:00 level=WARN msg="level2: title unknown for provider" provider=grok codepoint=U+002B title="+ Agent 弹窗图标卡片重做 - grok" is_letter=false is_number=false leading_glyph=true status=unknown
time=2026-08-21T23:14:40.001+08:00 level=DEBUG msg="listing: no changes"
time=2026-08-21T23:14:40.528+08:00 level=DEBUG msg="discovery: skipping unreachable socket" socket=/tmp/tmux-501/t115d24675 err="query tmux on /tmp/tmux-501/t115d24675: exit status 1: no server running on /tmp/tmux-501/t115d24675"
time=2026-08-21T23:14:40.541+08:00 level=DEBUG msg="discovery: skipping unreachable socket" socket=/tmp/tmux-501/t115e31319 err="query tmux on /tmp/tmux-501/t115e31319: exit status 1: no server running on /tmp/tmux-501/t115e31319"
time=2026-08-21T23:14:40.550+08:00 level=DEBUG msg="discovery: skipping unreachable socket" socket=/tmp/tmux-501/t115f44898 err="query tmux on /tmp/tmux-501/t115f44898: exit status 1: no server running on /tmp/tmux-501/t115f44898"
time=2026-08-21T23:14:40.559+08:00 level=DEBUG msg="discovery: skipping unreachable socket" socket=/tmp/tmux-501/t115g47728 err="query tmux on /tmp/tmux-501/t115g47728: exit status 1: no server running on /tmp/tmux-501/t115g47728"
time=2026-08-21T23:14:40.568+08:00 level=DEBUG msg="discovery: skipping unreachable socket" socket=/tmp/tmux-501/ta-0bafa3965ade err="query tmux on /tmp/tmux-501/ta-0bafa3965ade: exit status 1: no server running on /tmp/tmux-501/ta-0bafa3965ade"
time=2026-08-21T23:14:40.606+08:00 level=DEBUG msg="discovery: skipping unreachable socket" socket=/tmp/tmux-501/ta-61709dcf801e err="query tmux on /tmp/tmux-501/ta-61709dcf801e: exit status 1: no server running on /tmp/tmux-501/ta-61709dcf801e"
time=2026-08-21T23:14:40.625+08:00 level=DEBUG msg="discovery: skipping unparsable pane line" socket=/tmp/tmux-501/ta-a9fd5b7defbd line="team-refactor-maintainability|6|%39|/Users/alauda/Documents/code/agent前沿探索/多agent协作|bash|87458|t.p9.review 零上下文设计审查已通过<|eos|> - grok|235x50|tester-t124"
time=2026-08-21T23:14:40.648+08:00 level=DEBUG msg="discovery: skipping unreachable socket" socket=/tmp/tmux-501/ta-ed81bd4d8c17 err="query tmux on /tmp/tmux-501/ta-ed81bd4d8c17: exit status 1: no server running on /tmp/tmux-501/ta-ed81bd4d8c17"
time=2026-08-21T23:14:40.657+08:00 level=DEBUG msg="discovery: skipping unreachable socket" socket=/tmp/tmux-501/ta-f1ad1b378fc7 err="query tmux on /tmp/tmux-501/ta-f1ad1b378fc7: exit status 1: no server running on /tmp/tmux-501/ta-f1ad1b378fc7"
time=2026-08-21T23:14:40.675+08:00 level=DEBUG msg="discovery: skipping unreachable socket" socket=/tmp/tmux-501/ta-t121u01 err="query tmux on /tmp/tmux-501/ta-t121u01: exit status 1: no server running on /tmp/tmux-501/ta-t121u01"
time=2026-08-21T23:14:40.686+08:00 level=DEBUG msg="discovery: skipping unreachable socket" socket=/tmp/tmux-501/ta-t121u01b err="query tmux on /tmp/tmux-501/ta-t121u01b: exit status 1: no server running on /tmp/tmux-501/ta-t121u01b"
time=2026-08-21T23:14:40.696+08:00 level=DEBUG msg="discovery: skipping unreachable socket" socket=/tmp/tmux-501/ta-user-agents err="query tmux on /tmp/tmux-501/ta-user-agents: exit status 1: no server running on /tmp/tmux-501/ta-user-agents"
time=2026-08-21T23:14:41.657+08:00 level=DEBUG msg="discovery: skipping unreachable socket" socket=/tmp/tmux-501/t115d24675 err="query tmux on /tmp/tmux-501/t115d24675: exit status 1: no server running on /tmp/tmux-501/t115d24675"
time=2026-08-21T23:14:41.668+08:00 level=DEBUG msg="discovery: skipping unreachable socket" socket=/tmp/tmux-501/t115e31319 err="query tmux on /tmp/tmux-501/t115e31319: exit status 1: no server running on /tmp/tmux-501/t115e31319"
time=2026-08-21T23:14:41.678+08:00 level=DEBUG msg="discovery: skipping unreachable socket" socket=/tmp/tmux-501/t115f44898 err="query tmux on /tmp/tmux-501/t115f44898: exit status 1: no server running on /tmp/tmux-501/t115f44898"
time=2026-08-21T23:14:41.686+08:00 level=DEBUG msg="discovery: skipping unreachable socket" socket=/tmp/tmux-501/t115g47728 err="query tmux on /tmp/tmux-501/t115g47728: exit status 1: no server running on /tmp/tmux-501/t115g47728"
time=2026-08-21T23:14:41.695+08:00 level=DEBUG msg="discovery: skipping unreachable socket" socket=/tmp/tmux-501/ta-0bafa3965ade err="query tmux on /tmp/tmux-501/ta-0bafa3965ade: exit status 1: no server running on /tmp/tmux-501/ta-0bafa3965ade"
time=2026-08-21T23:14:41.732+08:00 level=DEBUG msg="discovery: skipping unreachable socket" socket=/tmp/tmux-501/ta-61709dcf801e err="query tmux on /tmp/tmux-501/ta-61709dcf801e: exit status 1: no server running on /tmp/tmux-501/ta-61709dcf801e"
time=2026-08-21T23:14:41.751+08:00 level=DEBUG msg="discovery: skipping unparsable pane line" socket=/tmp/tmux-501/ta-a9fd5b7defbd line="team-refactor-maintainability|6|%39|/Users/alauda/Documents/code/agent前沿探索/多agent协作|bash|87458|t.p9.review 零上下文设计审查已通过<|eos|> - grok|235x50|tester-t124"
time=2026-08-21T23:14:41.770+08:00 level=DEBUG msg="discovery: skipping unreachable socket" socket=/tmp/tmux-501/ta-ed81bd4d8c17 err="query tmux on /tmp/tmux-501/ta-ed81bd4d8c17: exit status 1: no server running on /tmp/tmux-501/ta-ed81bd4d8c17"
time=2026-08-21T23:14:41.779+08:00 level=DEBUG msg="discovery: skipping unreachable socket" socket=/tmp/tmux-501/ta-f1ad1b378fc7 err="query tmux on /tmp/tmux-501/ta-f1ad1b378fc7: exit status 1: no server running on /tmp/tmux-501/ta-f1ad1b378fc7"
time=2026-08-21T23:14:41.797+08:00 level=DEBUG msg="discovery: skipping unreachable socket" socket=/tmp/tmux-501/ta-t121u01 err="query tmux on /tmp/tmux-501/ta-t121u01: exit status 1: no server running on /tmp/tmux-501/ta-t121u01"
time=2026-08-21T23:14:41.806+08:00 level=DEBUG msg="discovery: skipping unreachable socket" socket=/tmp/tmux-501/ta-t121u01b err="query tmux on /tmp/tmux-501/ta-t121u01b: exit status 1: no server running on /tmp/tmux-501/ta-t121u01b"
time=2026-08-21T23:14:41.815+08:00 level=DEBUG msg="discovery: skipping unreachable socket" socket=/tmp/tmux-501/ta-user-agents err="query tmux on /tmp/tmux-501/ta-user-agents: exit status 1: no server running on /tmp/tmux-501/ta-user-agents"
time=2026-08-21T23:14:41.941+08:00 level=WARN msg="level2: title unknown for provider" provider=grok codepoint=U+002B title="+ Agent 弹窗图标卡片重做 - grok" is_letter=false is_number=false leading_glyph=true status=unknown
time=2026-08-21T23:14:43.433+08:00 level=DEBUG msg="listing: no changes"
time=2026-08-21T23:14:43.974+08:00 level=DEBUG msg="discovery: skipping unreachable socket" socket=/tmp/tmux-501/t115d24675 err="query tmux on /tmp/tmux-501/t115d24675: exit status 1: no server running on /tmp/tmux-501/t115d24675"
time=2026-08-21T23:14:43.974+08:00 level=DEBUG msg="discovery: skipping unreachable socket" socket=/tmp/tmux-501/t115d24675 err="query tmux on /tmp/tmux-501/t115d24675: exit status 1: no server running on /tmp/tmux-501/t115d24675"
time=2026-08-21T23:14:43.985+08:00 level=DEBUG msg="discovery: skipping unreachable socket" socket=/tmp/tmux-501/t115e31319 err="query tmux on /tmp/tmux-501/t115e31319: exit status 1: no server running on /tmp/tmux-501/t115e31319"
time=2026-08-21T23:14:43.986+08:00 level=DEBUG msg="discovery: skipping unreachable socket" socket=/tmp/tmux-501/t115e31319 err="query tmux on /tmp/tmux-501/t115e31319: exit status 1: no server running on /tmp/tmux-501/t115e31319"
time=2026-08-21T23:14:43.995+08:00 level=DEBUG msg="discovery: skipping unreachable socket" socket=/tmp/tmux-501/t115f44898 err="query tmux on /tmp/tmux-501/t115f44898: exit status 1: no server running on /tmp/tmux-501/t115f44898"
time=2026-08-21T23:14:43.995+08:00 level=DEBUG msg="discovery: skipping unreachable socket" socket=/tmp/tmux-501/t115f44898 err="query tmux on /tmp/tmux-501/t115f44898: exit status 1: no server running on /tmp/tmux-501/t115f44898"
time=2026-08-21T23:14:44.004+08:00 level=DEBUG msg="discovery: skipping unreachable socket" socket=/tmp/tmux-501/t115g47728 err="query tmux on /tmp/tmux-501/t115g47728: exit status 1: no server running on /tmp/tmux-501/t115g47728"
time=2026-08-21T23:14:44.005+08:00 level=DEBUG msg="discovery: skipping unreachable socket" socket=/tmp/tmux-501/t115g47728 err="query tmux on /tmp/tmux-501/t115g47728: exit status 1: no server running on /tmp/tmux-501/t115g47728"
time=2026-08-21T23:14:44.013+08:00 level=DEBUG msg="discovery: skipping unreachable socket" socket=/tmp/tmux-501/ta-0bafa3965ade err="query tmux on /tmp/tmux-501/ta-0bafa3965ade: exit status 1: no server running on /tmp/tmux-501/ta-0bafa3965ade"
time=2026-08-21T23:14:44.013+08:00 level=DEBUG msg="discovery: skipping unreachable socket" socket=/tmp/tmux-501/ta-0bafa3965ade err="query tmux on /tmp/tmux-501/ta-0bafa3965ade: exit status 1: no server running on /tmp/tmux-501/ta-0bafa3965ade"
time=2026-08-21T23:14:44.062+08:00 level=DEBUG msg="discovery: skipping unreachable socket" socket=/tmp/tmux-501/ta-61709dcf801e err="query tmux on /tmp/tmux-501/ta-61709dcf801e: exit status 1: no server running on /tmp/tmux-501/ta-61709dcf801e"
time=2026-08-21T23:14:44.062+08:00 level=DEBUG msg="discovery: skipping unreachable socket" socket=/tmp/tmux-501/ta-61709dcf801e err="query tmux on /tmp/tmux-501/ta-61709dcf801e: exit status 1: no server running on /tmp/tmux-501/ta-61709dcf801e"
time=2026-08-21T23:14:44.083+08:00 level=DEBUG msg="discovery: skipping unparsable pane line" socket=/tmp/tmux-501/ta-a9fd5b7defbd line="team-refactor-maintainability|6|%39|/Users/alauda/Documents/code/agent前沿探索/多agent协作|bash|87458|t.p9.review 零上下文设计审查已通过<|eos|> - grok|235x50|tester-t124"
time=2026-08-21T23:14:44.084+08:00 level=DEBUG msg="discovery: skipping unparsable pane line" socket=/tmp/tmux-501/ta-a9fd5b7defbd line="team-refactor-maintainability|6|%39|/Users/alauda/Documents/code/agent前沿探索/多agent协作|bash|87458|t.p9.review 零上下文设计审查已通过<|eos|> - grok|235x50|tester-t124"
time=2026-08-21T23:14:44.105+08:00 level=DEBUG msg="discovery: skipping unreachable socket" socket=/tmp/tmux-501/ta-ed81bd4d8c17 err="query tmux on /tmp/tmux-501/ta-ed81bd4d8c17: exit status 1: no server running on /tmp/tmux-501/ta-ed81bd4d8c17"
time=2026-08-21T23:14:44.107+08:00 level=DEBUG msg="discovery: skipping unreachable socket" socket=/tmp/tmux-501/ta-ed81bd4d8c17 err="query tmux on /tmp/tmux-501/ta-ed81bd4d8c17: exit status 1: no server running on /tmp/tmux-501/ta-ed81bd4d8c17"
time=2026-08-21T23:14:44.115+08:00 level=DEBUG msg="discovery: skipping unreachable socket" socket=/tmp/tmux-501/ta-f1ad1b378fc7 err="query tmux on /tmp/tmux-501/ta-f1ad1b378fc7: exit status 1: no server running on /tmp/tmux-501/ta-f1ad1b378fc7"
time=2026-08-21T23:14:44.116+08:00 level=DEBUG msg="discovery: skipping unreachable socket" socket=/tmp/tmux-501/ta-f1ad1b378fc7 err="query tmux on /tmp/tmux-501/ta-f1ad1b378fc7: exit status 1: no server running on /tmp/tmux-501/ta-f1ad1b378fc7"
time=2026-08-21T23:14:44.134+08:00 level=DEBUG msg="discovery: skipping unreachable socket" socket=/tmp/tmux-501/ta-t121u01 err="query tmux on /tmp/tmux-501/ta-t121u01: exit status 1: no server running on /tmp/tmux-501/ta-t121u01"
time=2026-08-21T23:14:44.134+08:00 level=DEBUG msg="discovery: skipping unreachable socket" socket=/tmp/tmux-501/ta-t121u01 err="query tmux on /tmp/tmux-501/ta-t121u01: exit status 1: no server running on /tmp/tmux-501/ta-t121u01"
time=2026-08-21T23:14:44.146+08:00 level=DEBUG msg="discovery: skipping unreachable socket" socket=/tmp/tmux-501/ta-t121u01b err="query tmux on /tmp/tmux-501/ta-t121u01b: exit status 1: no server running on /tmp/tmux-501/ta-t121u01b"
time=2026-08-21T23:14:44.148+08:00 level=DEBUG msg="discovery: skipping unreachable socket" socket=/tmp/tmux-501/ta-t121u01b err="query tmux on /tmp/tmux-501/ta-t121u01b: exit status 1: no server running on /tmp/tmux-501/ta-t121u01b"
time=2026-08-21T23:14:44.156+08:00 level=DEBUG msg="discovery: skipping unreachable socket" socket=/tmp/tmux-501/ta-user-agents err="query tmux on /tmp/tmux-501/ta-user-agents: exit status 1: no server running on /tmp/tmux-501/ta-user-agents"
time=2026-08-21T23:14:44.157+08:00 level=DEBUG msg="discovery: skipping unreachable socket" socket=/tmp/tmux-501/ta-user-agents err="query tmux on /tmp/tmux-501/ta-user-agents: exit status 1: no server running on /tmp/tmux-501/ta-user-agents"
time=2026-08-21T23:14:44.202+08:00 level=WARN msg="level2: title unknown for provider" provider=grok codepoint=U+002B title="+ Agent 弹窗图标卡片重做 - grok" is_letter=false is_number=false leading_glyph=true status=unknown
time=2026-08-21T23:14:46.240+08:00 level=DEBUG msg="discovery: skipping unreachable socket" socket=/tmp/tmux-501/t115d24675 err="query tmux on /tmp/tmux-501/t115d24675: exit status 1: no server running on /tmp/tmux-501/t115d24675"
time=2026-08-21T23:14:46.249+08:00 level=DEBUG msg="discovery: skipping unreachable socket" socket=/tmp/tmux-501/t115e31319 err="query tmux on /tmp/tmux-501/t115e31319: exit status 1: no server running on /tmp/tmux-501/t115e31319"
time=2026-08-21T23:14:46.259+08:00 level=DEBUG msg="discovery: skipping unreachable socket" socket=/tmp/tmux-501/t115f44898 err="query tmux on /tmp/tmux-501/t115f44898: exit status 1: no server running on /tmp/tmux-501/t115f44898"
time=2026-08-21T23:14:46.270+08:00 level=DEBUG msg="discovery: skipping unreachable socket" socket=/tmp/tmux-501/t115g47728 err="query tmux on /tmp/tmux-501/t115g47728: exit status 1: no server running on /tmp/tmux-501/t115g47728"
time=2026-08-21T23:14:46.279+08:00 level=DEBUG msg="discovery: skipping unreachable socket" socket=/tmp/tmux-501/ta-0bafa3965ade err="query tmux on /tmp/tmux-501/ta-0bafa3965ade: exit status 1: no server running on /tmp/tmux-501/ta-0bafa3965ade"
time=2026-08-21T23:14:46.318+08:00 level=DEBUG msg="discovery: skipping unreachable socket" socket=/tmp/tmux-501/ta-61709dcf801e err="query tmux on /tmp/tmux-501/ta-61709dcf801e: exit status 1: no server running on /tmp/tmux-501/ta-61709dcf801e"
time=2026-08-21T23:14:46.337+08:00 level=DEBUG msg="discovery: skipping unparsable pane line" socket=/tmp/tmux-501/ta-a9fd5b7defbd line="team-refactor-maintainability|6|%39|/Users/alauda/Documents/code/agent前沿探索/多agent协作|bash|87458|t.p9.review 零上下文设计审查已通过<|eos|> - grok|235x50|tester-t124"
time=2026-08-21T23:14:46.357+08:00 level=DEBUG msg="discovery: skipping unreachable socket" socket=/tmp/tmux-501/ta-ed81bd4d8c17 err="query tmux on /tmp/tmux-501/ta-ed81bd4d8c17: exit status 1: no server running on /tmp/tmux-501/ta-ed81bd4d8c17"
time=2026-08-21T23:14:46.370+08:00 level=DEBUG msg="discovery: skipping unreachable socket" socket=/tmp/tmux-501/ta-f1ad1b378fc7 err="query tmux on /tmp/tmux-501/ta-f1ad1b378fc7: exit status 1: no server running on /tmp/tmux-501/ta-f1ad1b378fc7"
time=2026-08-21T23:14:46.388+08:00 level=DEBUG msg="discovery: skipping unreachable socket" socket=/tmp/tmux-501/ta-t121u01 err="query tmux on /tmp/tmux-501/ta-t121u01: exit status 1: no server running on /tmp/tmux-501/ta-t121u01"
time=2026-08-21T23:14:46.397+08:00 level=DEBUG msg="discovery: skipping unreachable socket" socket=/tmp/tmux-501/ta-t121u01b err="query tmux on /tmp/tmux-501/ta-t121u01b: exit status 1: no server running on /tmp/tmux-501/ta-t121u01b"
time=2026-08-21T23:14:46.406+08:00 level=DEBUG msg="discovery: skipping unreachable socket" socket=/tmp/tmux-501/ta-user-agents err="query tmux on /tmp/tmux-501/ta-user-agents: exit status 1: no server running on /tmp/tmux-501/ta-user-agents"
time=2026-08-21T23:14:46.540+08:00 level=WARN msg="level2: title unknown for provider" provider=grok codepoint=U+002B title="+ Agent 弹窗图标卡片重做 - grok" is_letter=false is_number=false leading_glyph=true status=unknown
time=2026-08-21T23:14:46.942+08:00 level=DEBUG msg="listing: no changes"
time=2026-08-21T23:14:47.472+08:00 level=DEBUG msg="discovery: skipping unreachable socket" socket=/tmp/tmux-501/t115d24675 err="query tmux on /tmp/tmux-501/t115d24675: exit status 1: no server running on /tmp/tmux-501/t115d24675"
time=2026-08-21T23:14:47.480+08:00 level=DEBUG msg="discovery: skipping unreachable socket" socket=/tmp/tmux-501/t115e31319 err="query tmux on /tmp/tmux-501/t115e31319: exit status 1: no server running on /tmp/tmux-501/t115e31319"
time=2026-08-21T23:14:47.488+08:00 level=DEBUG msg="discovery: skipping unreachable socket" socket=/tmp/tmux-501/t115f44898 err="query tmux on /tmp/tmux-501/t115f44898: exit status 1: no server running on /tmp/tmux-501/t115f44898"
time=2026-08-21T23:14:47.497+08:00 level=DEBUG msg="discovery: skipping unreachable socket" socket=/tmp/tmux-501/t115g47728 err="query tmux on /tmp/tmux-501/t115g47728: exit status 1: no server running on /tmp/tmux-501/t115g47728"
time=2026-08-21T23:14:47.509+08:00 level=DEBUG msg="discovery: skipping unreachable socket" socket=/tmp/tmux-501/ta-0bafa3965ade err="query tmux on /tmp/tmux-501/ta-0bafa3965ade: exit status 1: no server running on /tmp/tmux-501/ta-0bafa3965ade"
time=2026-08-21T23:14:47.545+08:00 level=DEBUG msg="discovery: skipping unreachable socket" socket=/tmp/tmux-501/ta-61709dcf801e err="query tmux on /tmp/tmux-501/ta-61709dcf801e: exit status 1: no server running on /tmp/tmux-501/ta-61709dcf801e"
time=2026-08-21T23:14:47.569+08:00 level=DEBUG msg="discovery: skipping unparsable pane line" socket=/tmp/tmux-501/ta-a9fd5b7defbd line="team-refactor-maintainability|6|%39|/Users/alauda/Documents/code/agent前沿探索/多agent协作|bash|87458|t.p9.review 零上下文设计审查已通过<|eos|> - grok|235x50|tester-t124"
time=2026-08-21T23:14:47.587+08:00 level=DEBUG msg="discovery: skipping unreachable socket" socket=/tmp/tmux-501/ta-ed81bd4d8c17 err="query tmux on /tmp/tmux-501/ta-ed81bd4d8c17: exit status 1: no server running on /tmp/tmux-501/ta-ed81bd4d8c17"
time=2026-08-21T23:14:47.595+08:00 level=DEBUG msg="discovery: skipping unreachable socket" socket=/tmp/tmux-501/ta-f1ad1b378fc7 err="query tmux on /tmp/tmux-501/ta-f1ad1b378fc7: exit status 1: no server running on /tmp/tmux-501/ta-f1ad1b378fc7"
time=2026-08-21T23:14:47.612+08:00 level=DEBUG msg="discovery: skipping unreachable socket" socket=/tmp/tmux-501/ta-t121u01 err="query tmux on /tmp/tmux-501/ta-t121u01: exit status 1: no server running on /tmp/tmux-501/ta-t121u01"
time=2026-08-21T23:14:47.623+08:00 level=DEBUG msg="discovery: skipping unreachable socket" socket=/tmp/tmux-501/ta-t121u01b err="query tmux on /tmp/tmux-501/ta-t121u01b: exit status 1: no server running on /tmp/tmux-501/ta-t121u01b"
time=2026-08-21T23:14:47.631+08:00 level=DEBUG msg="discovery: skipping unreachable socket" socket=/tmp/tmux-501/ta-user-agents err="query tmux on /tmp/tmux-501/ta-user-agents: exit status 1: no server running on /tmp/tmux-501/ta-user-agents"
time=2026-08-21T23:14:48.685+08:00 level=DEBUG msg="discovery: skipping unreachable socket" socket=/tmp/tmux-501/t115d24675 err="query tmux on /tmp/tmux-501/t115d24675: exit status 1: no server running on /tmp/tmux-501/t115d24675"
time=2026-08-21T23:14:48.710+08:00 level=DEBUG msg="discovery: skipping unreachable socket" socket=/tmp/tmux-501/t115e31319 err="query tmux on /tmp/tmux-501/t115e31319: exit status 1: no server running on /tmp/tmux-501/t115e31319"
time=2026-08-21T23:14:48.726+08:00 level=DEBUG msg="discovery: skipping unreachable socket" socket=/tmp/tmux-501/t115f44898 err="query tmux on /tmp/tmux-501/t115f44898: exit status 1: no server running on /tmp/tmux-501/t115f44898"
time=2026-08-21T23:14:48.735+08:00 level=DEBUG msg="discovery: skipping unreachable socket" socket=/tmp/tmux-501/t115g47728 err="query tmux on /tmp/tmux-501/t115g47728: exit status 1: no server running on /tmp/tmux-501/t115g47728"
time=2026-08-21T23:14:48.749+08:00 level=DEBUG msg="discovery: skipping unreachable socket" socket=/tmp/tmux-501/ta-0bafa3965ade err="query tmux on /tmp/tmux-501/ta-0bafa3965ade: exit status 1: no server running on /tmp/tmux-501/ta-0bafa3965ade"
time=2026-08-21T23:14:48.786+08:00 level=DEBUG msg="discovery: skipping unreachable socket" socket=/tmp/tmux-501/ta-61709dcf801e err="query tmux on /tmp/tmux-501/ta-61709dcf801e: exit status 1: no server running on /tmp/tmux-501/ta-61709dcf801e"
time=2026-08-21T23:14:48.809+08:00 level=DEBUG msg="discovery: skipping unparsable pane line" socket=/tmp/tmux-501/ta-a9fd5b7defbd line="team-refactor-maintainability|6|%39|/Users/alauda/Documents/code/agent前沿探索/多agent协作|bash|87458|t.p9.review 零上下文设计审查已通过<|eos|> - grok|235x50|tester-t124"
time=2026-08-21T23:14:48.830+08:00 level=DEBUG msg="discovery: skipping unreachable socket" socket=/tmp/tmux-501/ta-ed81bd4d8c17 err="query tmux on /tmp/tmux-501/ta-ed81bd4d8c17: exit status 1: no server running on /tmp/tmux-501/ta-ed81bd4d8c17"
time=2026-08-21T23:14:48.840+08:00 level=DEBUG msg="discovery: skipping unreachable socket" socket=/tmp/tmux-501/ta-f1ad1b378fc7 err="query tmux on /tmp/tmux-501/ta-f1ad1b378fc7: exit status 1: no server running on /tmp/tmux-501/ta-f1ad1b378fc7"
time=2026-08-21T23:14:48.866+08:00 level=DEBUG msg="discovery: skipping unreachable socket" socket=/tmp/tmux-501/ta-t121u01 err="query tmux on /tmp/tmux-501/ta-t121u01: exit status 1: no server running on /tmp/tmux-501/ta-t121u01"
time=2026-08-21T23:14:48.875+08:00 level=DEBUG msg="discovery: skipping unreachable socket" socket=/tmp/tmux-501/ta-t121u01b err="query tmux on /tmp/tmux-501/ta-t121u01b: exit status 1: no server running on /tmp/tmux-501/ta-t121u01b"
time=2026-08-21T23:14:48.885+08:00 level=DEBUG msg="discovery: skipping unreachable socket" socket=/tmp/tmux-501/ta-user-agents err="query tmux on /tmp/tmux-501/ta-user-agents: exit status 1: no server running on /tmp/tmux-501/ta-user-agents"
time=2026-08-21T23:14:49.012+08:00 level=WARN msg="level2: title unknown for provider" provider=grok codepoint=U+002B title="+ Agent 弹窗图标卡片重做 - grok" is_letter=false is_number=false leading_glyph=true status=unknown
time=2026-08-21T23:14:50.511+08:00 level=DEBUG msg="listing: no changes"
time=2026-08-21T23:14:51.043+08:00 level=DEBUG msg="discovery: skipping unreachable socket" socket=/tmp/tmux-501/t115d24675 err="query tmux on /tmp/tmux-501/t115d24675: exit status 1: no server running on /tmp/tmux-501/t115d24675"
time=2026-08-21T23:14:51.043+08:00 level=DEBUG msg="discovery: skipping unreachable socket" socket=/tmp/tmux-501/t115d24675 err="query tmux on /tmp/tmux-501/t115d24675: exit status 1: no server running on /tmp/tmux-501/t115d24675"
time=2026-08-21T23:14:51.055+08:00 level=DEBUG msg="discovery: skipping unreachable socket" socket=/tmp/tmux-501/t115e31319 err="query tmux on /tmp/tmux-501/t115e31319: exit status 1: no server running on /tmp/tmux-501/t115e31319"
time=2026-08-21T23:14:51.055+08:00 level=DEBUG msg="discovery: skipping unreachable socket" socket=/tmp/tmux-501/t115e31319 err="query tmux on /tmp/tmux-501/t115e31319: exit status 1: no server running on /tmp/tmux-501/t115e31319"
time=2026-08-21T23:14:51.064+08:00 level=DEBUG msg="discovery: skipping unreachable socket" socket=/tmp/tmux-501/t115f44898 err="query tmux on /tmp/tmux-501/t115f44898: exit status 1: no server running on /tmp/tmux-501/t115f44898"
time=2026-08-21T23:14:51.065+08:00 level=DEBUG msg="discovery: skipping unreachable socket" socket=/tmp/tmux-501/t115f44898 err="query tmux on /tmp/tmux-501/t115f44898: exit status 1: no server running on /tmp/tmux-501/t115f44898"
time=2026-08-21T23:14:51.073+08:00 level=DEBUG msg="discovery: skipping unreachable socket" socket=/tmp/tmux-501/t115g47728 err="query tmux on /tmp/tmux-501/t115g47728: exit status 1: no server running on /tmp/tmux-501/t115g47728"
time=2026-08-21T23:14:51.074+08:00 level=DEBUG msg="discovery: skipping unreachable socket" socket=/tmp/tmux-501/t115g47728 err="query tmux on /tmp/tmux-501/t115g47728: exit status 1: no server running on /tmp/tmux-501/t115g47728"
time=2026-08-21T23:14:51.083+08:00 level=DEBUG msg="discovery: skipping unreachable socket" socket=/tmp/tmux-501/ta-0bafa3965ade err="query tmux on /tmp/tmux-501/ta-0bafa3965ade: exit status 1: no server running on /tmp/tmux-501/ta-0bafa3965ade"
time=2026-08-21T23:14:51.083+08:00 level=DEBUG msg="discovery: skipping unreachable socket" socket=/tmp/tmux-501/ta-0bafa3965ade err="query tmux on /tmp/tmux-501/ta-0bafa3965ade: exit status 1: no server running on /tmp/tmux-501/ta-0bafa3965ade"
time=2026-08-21T23:14:51.123+08:00 level=DEBUG msg="discovery: skipping unreachable socket" socket=/tmp/tmux-501/ta-61709dcf801e err="query tmux on /tmp/tmux-501/ta-61709dcf801e: exit status 1: no server running on /tmp/tmux-501/ta-61709dcf801e"
time=2026-08-21T23:14:51.124+08:00 level=DEBUG msg="discovery: skipping unreachable socket" socket=/tmp/tmux-501/ta-61709dcf801e err="query tmux on /tmp/tmux-501/ta-61709dcf801e: exit status 1: no server running on /tmp/tmux-501/ta-61709dcf801e"
time=2026-08-21T23:14:51.144+08:00 level=DEBUG msg="discovery: skipping unparsable pane line" socket=/tmp/tmux-501/ta-a9fd5b7defbd line="team-refactor-maintainability|6|%39|/Users/alauda/Documents/code/agent前沿探索/多agent协作|bash|87458|t.p9.review 零上下文设计审查已通过<|eos|> - grok|235x50|tester-t124"
time=2026-08-21T23:14:51.146+08:00 level=DEBUG msg="discovery: skipping unparsable pane line" socket=/tmp/tmux-501/ta-a9fd5b7defbd line="team-refactor-maintainability|6|%39|/Users/alauda/Documents/code/agent前沿探索/多agent协作|bash|87458|t.p9.review 零上下文设计审查已通过<|eos|> - grok|235x50|tester-t124"
time=2026-08-21T23:14:51.164+08:00 level=DEBUG msg="discovery: skipping unreachable socket" socket=/tmp/tmux-501/ta-ed81bd4d8c17 err="query tmux on /tmp/tmux-501/ta-ed81bd4d8c17: exit status 1: no server running on /tmp/tmux-501/ta-ed81bd4d8c17"
time=2026-08-21T23:14:51.165+08:00 level=DEBUG msg="discovery: skipping unreachable socket" socket=/tmp/tmux-501/ta-ed81bd4d8c17 err="query tmux on /tmp/tmux-501/ta-ed81bd4d8c17: exit status 1: no server running on /tmp/tmux-501/ta-ed81bd4d8c17"
time=2026-08-21T23:14:51.172+08:00 level=DEBUG msg="discovery: skipping unreachable socket" socket=/tmp/tmux-501/ta-f1ad1b378fc7 err="query tmux on /tmp/tmux-501/ta-f1ad1b378fc7: exit status 1: no server running on /tmp/tmux-501/ta-f1ad1b378fc7"
time=2026-08-21T23:14:51.174+08:00 level=DEBUG msg="discovery: skipping unreachable socket" socket=/tmp/tmux-501/ta-f1ad1b378fc7 err="query tmux on /tmp/tmux-501/ta-f1ad1b378fc7: exit status 1: no server running on /tmp/tmux-501/ta-f1ad1b378fc7"
time=2026-08-21T23:14:51.192+08:00 level=DEBUG msg="discovery: skipping unreachable socket" socket=/tmp/tmux-501/ta-t121u01 err="query tmux on /tmp/tmux-501/ta-t121u01: exit status 1: no server running on /tmp/tmux-501/ta-t121u01"
time=2026-08-21T23:14:51.198+08:00 level=DEBUG msg="discovery: skipping unreachable socket" socket=/tmp/tmux-501/ta-t121u01 err="query tmux on /tmp/tmux-501/ta-t121u01: exit status 1: no server running on /tmp/tmux-501/ta-t121u01"
time=2026-08-21T23:14:51.203+08:00 level=DEBUG msg="discovery: skipping unreachable socket" socket=/tmp/tmux-501/ta-t121u01b err="query tmux on /tmp/tmux-501/ta-t121u01b: exit status 1: no server running on /tmp/tmux-501/ta-t121u01b"
time=2026-08-21T23:14:51.207+08:00 level=DEBUG msg="discovery: skipping unreachable socket" socket=/tmp/tmux-501/ta-t121u01b err="query tmux on /tmp/tmux-501/ta-t121u01b: exit status 1: no server running on /tmp/tmux-501/ta-t121u01b"
time=2026-08-21T23:14:51.211+08:00 level=DEBUG msg="discovery: skipping unreachable socket" socket=/tmp/tmux-501/ta-user-agents err="query tmux on /tmp/tmux-501/ta-user-agents: exit status 1: no server running on /tmp/tmux-501/ta-user-agents"
time=2026-08-21T23:14:51.216+08:00 level=DEBUG msg="discovery: skipping unreachable socket" socket=/tmp/tmux-501/ta-user-agents err="query tmux on /tmp/tmux-501/ta-user-agents: exit status 1: no server running on /tmp/tmux-501/ta-user-agents"
time=2026-08-21T23:14:51.255+08:00 level=WARN msg="level2: title unknown for provider" provider=grok codepoint=U+002B title="+ Agent 弹窗图标卡片重做 - grok" is_letter=false is_number=false leading_glyph=true status=unknown
time=2026-08-21T23:14:53.369+08:00 level=DEBUG msg="discovery: skipping unreachable socket" socket=/tmp/tmux-501/t115d24675 err="query tmux on /tmp/tmux-501/t115d24675: exit status 1: no server running on /tmp/tmux-501/t115d24675"
time=2026-08-21T23:14:53.377+08:00 level=DEBUG msg="discovery: skipping unreachable socket" socket=/tmp/tmux-501/t115e31319 err="query tmux on /tmp/tmux-501/t115e31319: exit status 1: no server running on /tmp/tmux-501/t115e31319"
time=2026-08-21T23:14:53.386+08:00 level=DEBUG msg="discovery: skipping unreachable socket" socket=/tmp/tmux-501/t115f44898 err="query tmux on /tmp/tmux-501/t115f44898: exit status 1: no server running on /tmp/tmux-501/t115f44898"
time=2026-08-21T23:14:53.397+08:00 level=DEBUG msg="discovery: skipping unreachable socket" socket=/tmp/tmux-501/t115g47728 err="query tmux on /tmp/tmux-501/t115g47728: exit status 1: no server running on /tmp/tmux-501/t115g47728"
time=2026-08-21T23:14:53.407+08:00 level=DEBUG msg="discovery: skipping unreachable socket" socket=/tmp/tmux-501/ta-0bafa3965ade err="query tmux on /tmp/tmux-501/ta-0bafa3965ade: exit status 1: no server running on /tmp/tmux-501/ta-0bafa3965ade"
time=2026-08-21T23:14:53.446+08:00 level=DEBUG msg="discovery: skipping unreachable socket" socket=/tmp/tmux-501/ta-61709dcf801e err="query tmux on /tmp/tmux-501/ta-61709dcf801e: exit status 1: no server running on /tmp/tmux-501/ta-61709dcf801e"
time=2026-08-21T23:14:53.469+08:00 level=DEBUG msg="discovery: skipping unparsable pane line" socket=/tmp/tmux-501/ta-a9fd5b7defbd line="team-refactor-maintainability|6|%39|/Users/alauda/Documents/code/agent前沿探索/多agent协作|bash|87458|t.p9.review 零上下文设计审查已通过<|eos|> - grok|235x50|tester-t124"
time=2026-08-21T23:14:53.488+08:00 level=DEBUG msg="discovery: skipping unreachable socket" socket=/tmp/tmux-501/ta-ed81bd4d8c17 err="query tmux on /tmp/tmux-501/ta-ed81bd4d8c17: exit status 1: no server running on /tmp/tmux-501/ta-ed81bd4d8c17"
time=2026-08-21T23:14:53.501+08:00 level=DEBUG msg="discovery: skipping unreachable socket" socket=/tmp/tmux-501/ta-f1ad1b378fc7 err="query tmux on /tmp/tmux-501/ta-f1ad1b378fc7: exit status 1: no server running on /tmp/tmux-501/ta-f1ad1b378fc7"
time=2026-08-21T23:14:53.521+08:00 level=DEBUG msg="discovery: skipping unreachable socket" socket=/tmp/tmux-501/ta-t121u01 err="query tmux on /tmp/tmux-501/ta-t121u01: exit status 1: no server running on /tmp/tmux-501/ta-t121u01"
time=2026-08-21T23:14:53.530+08:00 level=DEBUG msg="discovery: skipping unreachable socket" socket=/tmp/tmux-501/ta-t121u01b err="query tmux on /tmp/tmux-501/ta-t121u01b: exit status 1: no server running on /tmp/tmux-501/ta-t121u01b"
time=2026-08-21T23:14:53.538+08:00 level=DEBUG msg="discovery: skipping unreachable socket" socket=/tmp/tmux-501/ta-user-agents err="query tmux on /tmp/tmux-501/ta-user-agents: exit status 1: no server running on /tmp/tmux-501/ta-user-agents"
time=2026-08-21T23:14:53.653+08:00 level=WARN msg="level2: title unknown for provider" provider=grok codepoint=U+002B title="+ Agent 弹窗图标卡片重做 - grok" is_letter=false is_number=false leading_glyph=true status=unknown
time=2026-08-21T23:14:54.011+08:00 level=DEBUG msg="listing: no changes"
time=2026-08-21T23:14:54.540+08:00 level=DEBUG msg="discovery: skipping unreachable socket" socket=/tmp/tmux-501/t115d24675 err="query tmux on /tmp/tmux-501/t115d24675: exit status 1: no server running on /tmp/tmux-501/t115d24675"
time=2026-08-21T23:14:54.552+08:00 level=DEBUG msg="discovery: skipping unreachable socket" socket=/tmp/tmux-501/t115e31319 err="query tmux on /tmp/tmux-501/t115e31319: exit status 1: no server running on /tmp/tmux-501/t115e31319"
time=2026-08-21T23:14:54.561+08:00 level=DEBUG msg="discovery: skipping unreachable socket" socket=/tmp/tmux-501/t115f44898 err="query tmux on /tmp/tmux-501/t115f44898: exit status 1: no server running on /tmp/tmux-501/t115f44898"
time=2026-08-21T23:14:54.570+08:00 level=DEBUG msg="discovery: skipping unreachable socket" socket=/tmp/tmux-501/t115g47728 err="query tmux on /tmp/tmux-501/t115g47728: exit status 1: no server running on /tmp/tmux-501/t115g47728"
time=2026-08-21T23:14:54.579+08:00 level=DEBUG msg="discovery: skipping unreachable socket" socket=/tmp/tmux-501/ta-0bafa3965ade err="query tmux on /tmp/tmux-501/ta-0bafa3965ade: exit status 1: no server running on /tmp/tmux-501/ta-0bafa3965ade"
time=2026-08-21T23:14:54.619+08:00 level=DEBUG msg="discovery: skipping unreachable socket" socket=/tmp/tmux-501/ta-61709dcf801e err="query tmux on /tmp/tmux-501/ta-61709dcf801e: exit status 1: no server running on /tmp/tmux-501/ta-61709dcf801e"
time=2026-08-21T23:14:54.639+08:00 level=DEBUG msg="discovery: skipping unparsable pane line" socket=/tmp/tmux-501/ta-a9fd5b7defbd line="team-refactor-maintainability|6|%39|/Users/alauda/Documents/code/agent前沿探索/多agent协作|bash|87458|t.p9.review 零上下文设计审查已通过<|eos|> - grok|235x50|tester-t124"
time=2026-08-21T23:14:54.660+08:00 level=DEBUG msg="discovery: skipping unreachable socket" socket=/tmp/tmux-501/ta-ed81bd4d8c17 err="query tmux on /tmp/tmux-501/ta-ed81bd4d8c17: exit status 1: no server running on /tmp/tmux-501/ta-ed81bd4d8c17"
time=2026-08-21T23:14:54.669+08:00 level=DEBUG msg="discovery: skipping unreachable socket" socket=/tmp/tmux-501/ta-f1ad1b378fc7 err="query tmux on /tmp/tmux-501/ta-f1ad1b378fc7: exit status 1: no server running on /tmp/tmux-501/ta-f1ad1b378fc7"
time=2026-08-21T23:14:54.689+08:00 level=DEBUG msg="discovery: skipping unreachable socket" socket=/tmp/tmux-501/ta-t121u01 err="query tmux on /tmp/tmux-501/ta-t121u01: exit status 1: no server running on /tmp/tmux-501/ta-t121u01"
time=2026-08-21T23:14:54.699+08:00 level=DEBUG msg="discovery: skipping unreachable socket" socket=/tmp/tmux-501/ta-t121u01b err="query tmux on /tmp/tmux-501/ta-t121u01b: exit status 1: no server running on /tmp/tmux-501/ta-t121u01b"
time=2026-08-21T23:14:54.709+08:00 level=DEBUG msg="discovery: skipping unreachable socket" socket=/tmp/tmux-501/ta-user-agents err="query tmux on /tmp/tmux-501/ta-user-agents: exit status 1: no server running on /tmp/tmux-501/ta-user-agents"
time=2026-08-21T23:14:55.684+08:00 level=DEBUG msg="discovery: skipping unreachable socket" socket=/tmp/tmux-501/t115d24675 err="query tmux on /tmp/tmux-501/t115d24675: exit status 1: no server running on /tmp/tmux-501/t115d24675"
time=2026-08-21T23:14:55.693+08:00 level=DEBUG msg="discovery: skipping unreachable socket" socket=/tmp/tmux-501/t115e31319 err="query tmux on /tmp/tmux-501/t115e31319: exit status 1: no server running on /tmp/tmux-501/t115e31319"
time=2026-08-21T23:14:55.703+08:00 level=DEBUG msg="discovery: skipping unreachable socket" socket=/tmp/tmux-501/t115f44898 err="query tmux on /tmp/tmux-501/t115f44898: exit status 1: no server running on /tmp/tmux-501/t115f44898"
time=2026-08-21T23:14:55.713+08:00 level=DEBUG msg="discovery: skipping unreachable socket" socket=/tmp/tmux-501/t115g47728 err="query tmux on /tmp/tmux-501/t115g47728: exit status 1: no server running on /tmp/tmux-501/t115g47728"
time=2026-08-21T23:14:55.721+08:00 level=DEBUG msg="discovery: skipping unreachable socket" socket=/tmp/tmux-501/ta-0bafa3965ade err="query tmux on /tmp/tmux-501/ta-0bafa3965ade: exit status 1: no server running on /tmp/tmux-501/ta-0bafa3965ade"
time=2026-08-21T23:14:55.757+08:00 level=DEBUG msg="discovery: skipping unreachable socket" socket=/tmp/tmux-501/ta-61709dcf801e err="query tmux on /tmp/tmux-501/ta-61709dcf801e: exit status 1: no server running on /tmp/tmux-501/ta-61709dcf801e"
time=2026-08-21T23:14:55.776+08:00 level=DEBUG msg="discovery: skipping unparsable pane line" socket=/tmp/tmux-501/ta-a9fd5b7defbd line="team-refactor-maintainability|6|%39|/Users/alauda/Documents/code/agent前沿探索/多agent协作|bash|87458|t.p9.review 零上下文设计审查已通过<|eos|> - grok|235x50|tester-t124"
time=2026-08-21T23:14:55.796+08:00 level=DEBUG msg="discovery: skipping unreachable socket" socket=/tmp/tmux-501/ta-ed81bd4d8c17 err="query tmux on /tmp/tmux-501/ta-ed81bd4d8c17: exit status 1: no server running on /tmp/tmux-501/ta-ed81bd4d8c17"
time=2026-08-21T23:14:55.807+08:00 level=DEBUG msg="discovery: skipping unreachable socket" socket=/tmp/tmux-501/ta-f1ad1b378fc7 err="query tmux on /tmp/tmux-501/ta-f1ad1b378fc7: exit status 1: no server running on /tmp/tmux-501/ta-f1ad1b378fc7"
time=2026-08-21T23:14:55.825+08:00 level=DEBUG msg="discovery: skipping unreachable socket" socket=/tmp/tmux-501/ta-t121u01 err="query tmux on /tmp/tmux-501/ta-t121u01: exit status 1: no server running on /tmp/tmux-501/ta-t121u01"
time=2026-08-21T23:14:55.834+08:00 level=DEBUG msg="discovery: skipping unreachable socket" socket=/tmp/tmux-501/ta-t121u01b err="query tmux on /tmp/tmux-501/ta-t121u01b: exit status 1: no server running on /tmp/tmux-501/ta-t121u01b"
time=2026-08-21T23:14:55.844+08:00 level=DEBUG msg="discovery: skipping unreachable socket" socket=/tmp/tmux-501/ta-user-agents err="query tmux on /tmp/tmux-501/ta-user-agents: exit status 1: no server running on /tmp/tmux-501/ta-user-agents"
time=2026-08-21T23:14:55.966+08:00 level=WARN msg="level2: title unknown for provider" provider=grok codepoint=U+002B title="+ Agent 弹窗图标卡片重做 - grok" is_letter=false is_number=false leading_glyph=true status=unknown
time=2026-08-21T23:14:57.400+08:00 level=DEBUG msg="listing: no changes"
time=2026-08-21T23:14:57.933+08:00 level=DEBUG msg="discovery: skipping unreachable socket" socket=/tmp/tmux-501/t115d24675 err="query tmux on /tmp/tmux-501/t115d24675: exit status 1: no server running on /tmp/tmux-501/t115d24675"
time=2026-08-21T23:14:57.943+08:00 level=DEBUG msg="discovery: skipping unreachable socket" socket=/tmp/tmux-501/t115e31319 err="query tmux on /tmp/tmux-501/t115e31319: exit status 1: no server running on /tmp/tmux-501/t115e31319"
time=2026-08-21T23:14:57.955+08:00 level=DEBUG msg="discovery: skipping unreachable socket" socket=/tmp/tmux-501/t115f44898 err="query tmux on /tmp/tmux-501/t115f44898: exit status 1: no server running on /tmp/tmux-501/t115f44898"
time=2026-08-21T23:14:58.018+08:00 level=DEBUG msg="discovery: skipping unreachable socket" socket=/tmp/tmux-501/t115g47728 err="query tmux on /tmp/tmux-501/t115g47728: exit status 1: no server running on /tmp/tmux-501/t115g47728"
time=2026-08-21T23:14:58.088+08:00 level=DEBUG msg="discovery: skipping unreachable socket" socket=/tmp/tmux-501/ta-0bafa3965ade err="query tmux on /tmp/tmux-501/ta-0bafa3965ade: exit status 1: no server running on /tmp/tmux-501/ta-0bafa3965ade"
time=2026-08-21T23:14:58.132+08:00 level=DEBUG msg="discovery: skipping unreachable socket" socket=/tmp/tmux-501/t115d24675 err="query tmux on /tmp/tmux-501/t115d24675: exit status 1: no server running on /tmp/tmux-501/t115d24675"
time=2026-08-21T23:14:58.141+08:00 level=DEBUG msg="discovery: skipping unreachable socket" socket=/tmp/tmux-501/t115e31319 err="query tmux on /tmp/tmux-501/t115e31319: exit status 1: no server running on /tmp/tmux-501/t115e31319"
time=2026-08-21T23:14:58.150+08:00 level=DEBUG msg="discovery: skipping unreachable socket" socket=/tmp/tmux-501/t115f44898 err="query tmux on /tmp/tmux-501/t115f44898: exit status 1: no server running on /tmp/tmux-501/t115f44898"
time=2026-08-21T23:14:58.150+08:00 level=DEBUG msg="discovery: skipping unreachable socket" socket=/tmp/tmux-501/ta-61709dcf801e err="query tmux on /tmp/tmux-501/ta-61709dcf801e: exit status 1: no server running on /tmp/tmux-501/ta-61709dcf801e"
time=2026-08-21T23:14:58.158+08:00 level=DEBUG msg="discovery: skipping unreachable socket" socket=/tmp/tmux-501/t115g47728 err="query tmux on /tmp/tmux-501/t115g47728: exit status 1: no server running on /tmp/tmux-501/t115g47728"
time=2026-08-21T23:14:58.168+08:00 level=DEBUG msg="discovery: skipping unreachable socket" socket=/tmp/tmux-501/ta-0bafa3965ade err="query tmux on /tmp/tmux-501/ta-0bafa3965ade: exit status 1: no server running on /tmp/tmux-501/ta-0bafa3965ade"
time=2026-08-21T23:14:58.169+08:00 level=DEBUG msg="discovery: skipping unparsable pane line" socket=/tmp/tmux-501/ta-a9fd5b7defbd line="team-refactor-maintainability|6|%39|/Users/alauda/Documents/code/agent前沿探索/多agent协作|bash|87458|t.p9.review 零上下文设计审查已通过<|eos|> - grok|235x50|tester-t124"
time=2026-08-21T23:14:58.188+08:00 level=DEBUG msg="discovery: skipping unreachable socket" socket=/tmp/tmux-501/ta-ed81bd4d8c17 err="query tmux on /tmp/tmux-501/ta-ed81bd4d8c17: exit status 1: no server running on /tmp/tmux-501/ta-ed81bd4d8c17"
time=2026-08-21T23:14:58.197+08:00 level=DEBUG msg="discovery: skipping unreachable socket" socket=/tmp/tmux-501/ta-f1ad1b378fc7 err="query tmux on /tmp/tmux-501/ta-f1ad1b378fc7: exit status 1: no server running on /tmp/tmux-501/ta-f1ad1b378fc7"
time=2026-08-21T23:14:58.205+08:00 level=DEBUG msg="discovery: skipping unreachable socket" socket=/tmp/tmux-501/ta-61709dcf801e err="query tmux on /tmp/tmux-501/ta-61709dcf801e: exit status 1: no server running on /tmp/tmux-501/ta-61709dcf801e"
time=2026-08-21T23:14:58.216+08:00 level=DEBUG msg="discovery: skipping unreachable socket" socket=/tmp/tmux-501/ta-t121u01 err="query tmux on /tmp/tmux-501/ta-t121u01: exit status 1: no server running on /tmp/tmux-501/ta-t121u01"
time=2026-08-21T23:14:58.227+08:00 level=DEBUG msg="discovery: skipping unreachable socket" socket=/tmp/tmux-501/ta-t121u01b err="query tmux on /tmp/tmux-501/ta-t121u01b: exit status 1: no server running on /tmp/tmux-501/ta-t121u01b"
time=2026-08-21T23:14:58.230+08:00 level=DEBUG msg="discovery: skipping unparsable pane line" socket=/tmp/tmux-501/ta-a9fd5b7defbd line="team-refactor-maintainability|6|%39|/Users/alauda/Documents/code/agent前沿探索/多agent协作|bash|87458|t.p9.review 零上下文设计审查已通过<|eos|> - grok|235x50|tester-t124"
time=2026-08-21T23:14:58.236+08:00 level=DEBUG msg="discovery: skipping unreachable socket" socket=/tmp/tmux-501/ta-user-agents err="query tmux on /tmp/tmux-501/ta-user-agents: exit status 1: no server running on /tmp/tmux-501/ta-user-agents"
time=2026-08-21T23:14:58.248+08:00 level=DEBUG msg="discovery: skipping unreachable socket" socket=/tmp/tmux-501/ta-ed81bd4d8c17 err="query tmux on /tmp/tmux-501/ta-ed81bd4d8c17: exit status 1: no server running on /tmp/tmux-501/ta-ed81bd4d8c17"
time=2026-08-21T23:14:58.257+08:00 level=DEBUG msg="discovery: skipping unreachable socket" socket=/tmp/tmux-501/ta-f1ad1b378fc7 err="query tmux on /tmp/tmux-501/ta-f1ad1b378fc7: exit status 1: no server running on /tmp/tmux-501/ta-f1ad1b378fc7"
time=2026-08-21T23:14:58.277+08:00 level=DEBUG msg="discovery: skipping unreachable socket" socket=/tmp/tmux-501/ta-t121u01 err="query tmux on /tmp/tmux-501/ta-t121u01: exit status 1: no server running on /tmp/tmux-501/ta-t121u01"
time=2026-08-21T23:14:58.286+08:00 level=DEBUG msg="discovery: skipping unreachable socket" socket=/tmp/tmux-501/ta-t121u01b err="query tmux on /tmp/tmux-501/ta-t121u01b: exit status 1: no server running on /tmp/tmux-501/ta-t121u01b"
time=2026-08-21T23:14:58.295+08:00 level=DEBUG msg="discovery: skipping unreachable socket" socket=/tmp/tmux-501/ta-user-agents err="query tmux on /tmp/tmux-501/ta-user-agents: exit status 1: no server running on /tmp/tmux-501/ta-user-agents"
time=2026-08-21T23:14:58.419+08:00 level=WARN msg="level2: title unknown for provider" provider=grok codepoint=U+002B title="+ Agent 弹窗图标卡片重做 - grok" is_letter=false is_number=false leading_glyph=true status=unknown
time=2026-08-21T23:15:00.453+08:00 level=DEBUG msg="discovery: skipping unreachable socket" socket=/tmp/tmux-501/t115d24675 err="query tmux on /tmp/tmux-501/t115d24675: exit status 1: no server running on /tmp/tmux-501/t115d24675"
time=2026-08-21T23:15:00.461+08:00 level=DEBUG msg="discovery: skipping unreachable socket" socket=/tmp/tmux-501/t115e31319 err="query tmux on /tmp/tmux-501/t115e31319: exit status 1: no server running on /tmp/tmux-501/t115e31319"
time=2026-08-21T23:15:00.470+08:00 level=DEBUG msg="discovery: skipping unreachable socket" socket=/tmp/tmux-501/t115f44898 err="query tmux on /tmp/tmux-501/t115f44898: exit status 1: no server running on /tmp/tmux-501/t115f44898"
time=2026-08-21T23:15:00.479+08:00 level=DEBUG msg="discovery: skipping unreachable socket" socket=/tmp/tmux-501/t115g47728 err="query tmux on /tmp/tmux-501/t115g47728: exit status 1: no server running on /tmp/tmux-501/t115g47728"
time=2026-08-21T23:15:00.493+08:00 level=DEBUG msg="discovery: skipping unreachable socket" socket=/tmp/tmux-501/ta-0bafa3965ade err="query tmux on /tmp/tmux-501/ta-0bafa3965ade: exit status 1: no server running on /tmp/tmux-501/ta-0bafa3965ade"
time=2026-08-21T23:15:00.537+08:00 level=DEBUG msg="discovery: skipping unreachable socket" socket=/tmp/tmux-501/ta-61709dcf801e err="query tmux on /tmp/tmux-501/ta-61709dcf801e: exit status 1: no server running on /tmp/tmux-501/ta-61709dcf801e"
time=2026-08-21T23:15:00.559+08:00 level=DEBUG msg="discovery: skipping unparsable pane line" socket=/tmp/tmux-501/ta-a9fd5b7defbd line="team-refactor-maintainability|6|%39|/Users/alauda/Documents/code/agent前沿探索/多agent协作|bash|87458|t.p9.review 零上下文设计审查已通过<|eos|> - grok|235x50|tester-t124"
time=2026-08-21T23:15:00.578+08:00 level=DEBUG msg="discovery: skipping unreachable socket" socket=/tmp/tmux-501/ta-ed81bd4d8c17 err="query tmux on /tmp/tmux-501/ta-ed81bd4d8c17: exit status 1: no server running on /tmp/tmux-501/ta-ed81bd4d8c17"
time=2026-08-21T23:15:00.594+08:00 level=DEBUG msg="discovery: skipping unreachable socket" socket=/tmp/tmux-501/ta-f1ad1b378fc7 err="query tmux on /tmp/tmux-501/ta-f1ad1b378fc7: exit status 1: no server running on /tmp/tmux-501/ta-f1ad1b378fc7"
time=2026-08-21T23:15:00.615+08:00 level=DEBUG msg="discovery: skipping unreachable socket" socket=/tmp/tmux-501/ta-t121u01 err="query tmux on /tmp/tmux-501/ta-t121u01: exit status 1: no server running on /tmp/tmux-501/ta-t121u01"
time=2026-08-21T23:15:00.624+08:00 level=DEBUG msg="discovery: skipping unreachable socket" socket=/tmp/tmux-501/ta-t121u01b err="query tmux on /tmp/tmux-501/ta-t121u01b: exit status 1: no server running on /tmp/tmux-501/ta-t121u01b"
time=2026-08-21T23:15:00.638+08:00 level=DEBUG msg="discovery: skipping unreachable socket" socket=/tmp/tmux-501/ta-user-agents err="query tmux on /tmp/tmux-501/ta-user-agents: exit status 1: no server running on /tmp/tmux-501/ta-user-agents"
time=2026-08-21T23:15:00.742+08:00 level=WARN msg="level2: title unknown for provider" provider=grok codepoint=U+002B title="+ Agent 弹窗图标卡片重做 - grok" is_letter=false is_number=false leading_glyph=true status=unknown
time=2026-08-21T23:15:00.965+08:00 level=DEBUG msg="listing: no changes"
time=2026-08-21T23:15:01.499+08:00 level=DEBUG msg="discovery: skipping unreachable socket" socket=/tmp/tmux-501/t115d24675 err="query tmux on /tmp/tmux-501/t115d24675: exit status 1: no server running on /tmp/tmux-501/t115d24675"
time=2026-08-21T23:15:01.509+08:00 level=DEBUG msg="discovery: skipping unreachable socket" socket=/tmp/tmux-501/t115e31319 err="query tmux on /tmp/tmux-501/t115e31319: exit status 1: no server running on /tmp/tmux-501/t115e31319"
time=2026-08-21T23:15:01.521+08:00 level=DEBUG msg="discovery: skipping unreachable socket" socket=/tmp/tmux-501/t115f44898 err="query tmux on /tmp/tmux-501/t115f44898: exit status 1: no server running on /tmp/tmux-501/t115f44898"
time=2026-08-21T23:15:01.533+08:00 level=DEBUG msg="discovery: skipping unreachable socket" socket=/tmp/tmux-501/t115g47728 err="query tmux on /tmp/tmux-501/t115g47728: exit status 1: no server running on /tmp/tmux-501/t115g47728"
time=2026-08-21T23:15:01.543+08:00 level=DEBUG msg="discovery: skipping unreachable socket" socket=/tmp/tmux-501/ta-0bafa3965ade err="query tmux on /tmp/tmux-501/ta-0bafa3965ade: exit status 1: no server running on /tmp/tmux-501/ta-0bafa3965ade"
time=2026-08-21T23:15:01.581+08:00 level=DEBUG msg="discovery: skipping unreachable socket" socket=/tmp/tmux-501/ta-61709dcf801e err="query tmux on /tmp/tmux-501/ta-61709dcf801e: exit status 1: no server running on /tmp/tmux-501/ta-61709dcf801e"
time=2026-08-21T23:15:01.603+08:00 level=DEBUG msg="discovery: skipping unparsable pane line" socket=/tmp/tmux-501/ta-a9fd5b7defbd line="team-refactor-maintainability|6|%39|/Users/alauda/Documents/code/agent前沿探索/多agent协作|bash|87458|t.p9.review 零上下文设计审查已通过<|eos|> - grok|235x50|tester-t124"
time=2026-08-21T23:15:01.623+08:00 level=DEBUG msg="discovery: skipping unreachable socket" socket=/tmp/tmux-501/ta-ed81bd4d8c17 err="query tmux on /tmp/tmux-501/ta-ed81bd4d8c17: exit status 1: no server running on /tmp/tmux-501/ta-ed81bd4d8c17"
time=2026-08-21T23:15:01.632+08:00 level=DEBUG msg="discovery: skipping unreachable socket" socket=/tmp/tmux-501/ta-f1ad1b378fc7 err="query tmux on /tmp/tmux-501/ta-f1ad1b378fc7: exit status 1: no server running on /tmp/tmux-501/ta-f1ad1b378fc7"
time=2026-08-21T23:15:01.652+08:00 level=DEBUG msg="discovery: skipping unreachable socket" socket=/tmp/tmux-501/ta-t121u01 err="query tmux on /tmp/tmux-501/ta-t121u01: exit status 1: no server running on /tmp/tmux-501/ta-t121u01"
time=2026-08-21T23:15:01.662+08:00 level=DEBUG msg="discovery: skipping unreachable socket" socket=/tmp/tmux-501/ta-t121u01b err="query tmux on /tmp/tmux-501/ta-t121u01b: exit status 1: no server running on /tmp/tmux-501/ta-t121u01b"
time=2026-08-21T23:15:01.670+08:00 level=DEBUG msg="discovery: skipping unreachable socket" socket=/tmp/tmux-501/ta-user-agents err="query tmux on /tmp/tmux-501/ta-user-agents: exit status 1: no server running on /tmp/tmux-501/ta-user-agents"
time=2026-08-21T23:15:02.773+08:00 level=DEBUG msg="discovery: skipping unreachable socket" socket=/tmp/tmux-501/t115d24675 err="query tmux on /tmp/tmux-501/t115d24675: exit status 1: no server running on /tmp/tmux-501/t115d24675"
time=2026-08-21T23:15:02.782+08:00 level=DEBUG msg="discovery: skipping unreachable socket" socket=/tmp/tmux-501/t115e31319 err="query tmux on /tmp/tmux-501/t115e31319: exit status 1: no server running on /tmp/tmux-501/t115e31319"
time=2026-08-21T23:15:02.790+08:00 level=DEBUG msg="discovery: skipping unreachable socket" socket=/tmp/tmux-501/t115f44898 err="query tmux on /tmp/tmux-501/t115f44898: exit status 1: no server running on /tmp/tmux-501/t115f44898"
time=2026-08-21T23:15:02.803+08:00 level=DEBUG msg="discovery: skipping unreachable socket" socket=/tmp/tmux-501/t115g47728 err="query tmux on /tmp/tmux-501/t115g47728: exit status 1: no server running on /tmp/tmux-501/t115g47728"
time=2026-08-21T23:15:02.812+08:00 level=DEBUG msg="discovery: skipping unreachable socket" socket=/tmp/tmux-501/ta-0bafa3965ade err="query tmux on /tmp/tmux-501/ta-0bafa3965ade: exit status 1: no server running on /tmp/tmux-501/ta-0bafa3965ade"
time=2026-08-21T23:15:02.853+08:00 level=DEBUG msg="discovery: skipping unreachable socket" socket=/tmp/tmux-501/ta-61709dcf801e err="query tmux on /tmp/tmux-501/ta-61709dcf801e: exit status 1: no server running on /tmp/tmux-501/ta-61709dcf801e"
time=2026-08-21T23:15:02.874+08:00 level=DEBUG msg="discovery: skipping unparsable pane line" socket=/tmp/tmux-501/ta-a9fd5b7defbd line="team-refactor-maintainability|6|%39|/Users/alauda/Documents/code/agent前沿探索/多agent协作|bash|87458|t.p9.review 零上下文设计审查已通过<|eos|> - grok|235x50|tester-t124"
time=2026-08-21T23:15:02.902+08:00 level=DEBUG msg="discovery: skipping unreachable socket" socket=/tmp/tmux-501/ta-ed81bd4d8c17 err="query tmux on /tmp/tmux-501/ta-ed81bd4d8c17: exit status 1: no server running on /tmp/tmux-501/ta-ed81bd4d8c17"
time=2026-08-21T23:15:02.911+08:00 level=DEBUG msg="discovery: skipping unreachable socket" socket=/tmp/tmux-501/ta-f1ad1b378fc7 err="query tmux on /tmp/tmux-501/ta-f1ad1b378fc7: exit status 1: no server running on /tmp/tmux-501/ta-f1ad1b378fc7"
time=2026-08-21T23:15:02.929+08:00 level=DEBUG msg="discovery: skipping unreachable socket" socket=/tmp/tmux-501/ta-t121u01 err="query tmux on /tmp/tmux-501/ta-t121u01: exit status 1: no server running on /tmp/tmux-501/ta-t121u01"
time=2026-08-21T23:15:02.938+08:00 level=DEBUG msg="discovery: skipping unreachable socket" socket=/tmp/tmux-501/ta-t121u01b err="query tmux on /tmp/tmux-501/ta-t121u01b: exit status 1: no server running on /tmp/tmux-501/ta-t121u01b"
time=2026-08-21T23:15:02.954+08:00 level=DEBUG msg="discovery: skipping unreachable socket" socket=/tmp/tmux-501/ta-user-agents err="query tmux on /tmp/tmux-501/ta-user-agents: exit status 1: no server running on /tmp/tmux-501/ta-user-agents"
time=2026-08-21T23:15:03.069+08:00 level=WARN msg="level2: title unknown for provider" provider=grok codepoint=U+002B title="+ Agent 弹窗图标卡片重做 - grok" is_letter=false is_number=false leading_glyph=true status=unknown
time=2026-08-21T23:15:04.573+08:00 level=DEBUG msg="listing: no changes"
time=2026-08-21T23:15:05.099+08:00 level=DEBUG msg="discovery: skipping unreachable socket" socket=/tmp/tmux-501/t115d24675 err="query tmux on /tmp/tmux-501/t115d24675: exit status 1: no server running on /tmp/tmux-501/t115d24675"
time=2026-08-21T23:15:05.100+08:00 level=DEBUG msg="discovery: skipping unreachable socket" socket=/tmp/tmux-501/t115d24675 err="query tmux on /tmp/tmux-501/t115d24675: exit status 1: no server running on /tmp/tmux-501/t115d24675"
time=2026-08-21T23:15:05.109+08:00 level=DEBUG msg="discovery: skipping unreachable socket" socket=/tmp/tmux-501/t115e31319 err="query tmux on /tmp/tmux-501/t115e31319: exit status 1: no server running on /tmp/tmux-501/t115e31319"
time=2026-08-21T23:15:05.110+08:00 level=DEBUG msg="discovery: skipping unreachable socket" socket=/tmp/tmux-501/t115e31319 err="query tmux on /tmp/tmux-501/t115e31319: exit status 1: no server running on /tmp/tmux-501/t115e31319"
time=2026-08-21T23:15:05.119+08:00 level=DEBUG msg="discovery: skipping unreachable socket" socket=/tmp/tmux-501/t115f44898 err="query tmux on /tmp/tmux-501/t115f44898: exit status 1: no server running on /tmp/tmux-501/t115f44898"
time=2026-08-21T23:15:05.120+08:00 level=DEBUG msg="discovery: skipping unreachable socket" socket=/tmp/tmux-501/t115f44898 err="query tmux on /tmp/tmux-501/t115f44898: exit status 1: no server running on /tmp/tmux-501/t115f44898"
time=2026-08-21T23:15:05.128+08:00 level=DEBUG msg="discovery: skipping unreachable socket" socket=/tmp/tmux-501/t115g47728 err="query tmux on /tmp/tmux-501/t115g47728: exit status 1: no server running on /tmp/tmux-501/t115g47728"
time=2026-08-21T23:15:05.129+08:00 level=DEBUG msg="discovery: skipping unreachable socket" socket=/tmp/tmux-501/t115g47728 err="query tmux on /tmp/tmux-501/t115g47728: exit status 1: no server running on /tmp/tmux-501/t115g47728"
time=2026-08-21T23:15:05.137+08:00 level=DEBUG msg="discovery: skipping unreachable socket" socket=/tmp/tmux-501/ta-0bafa3965ade err="query tmux on /tmp/tmux-501/ta-0bafa3965ade: exit status 1: no server running on /tmp/tmux-501/ta-0bafa3965ade"
time=2026-08-21T23:15:05.138+08:00 level=DEBUG msg="discovery: skipping unreachable socket" socket=/tmp/tmux-501/ta-0bafa3965ade err="query tmux on /tmp/tmux-501/ta-0bafa3965ade: exit status 1: no server running on /tmp/tmux-501/ta-0bafa3965ade"
time=2026-08-21T23:15:05.174+08:00 level=DEBUG msg="discovery: skipping unreachable socket" socket=/tmp/tmux-501/ta-61709dcf801e err="query tmux on /tmp/tmux-501/ta-61709dcf801e: exit status 1: no server running on /tmp/tmux-501/ta-61709dcf801e"
time=2026-08-21T23:15:05.175+08:00 level=DEBUG msg="discovery: skipping unreachable socket" socket=/tmp/tmux-501/ta-61709dcf801e err="query tmux on /tmp/tmux-501/ta-61709dcf801e: exit status 1: no server running on /tmp/tmux-501/ta-61709dcf801e"
time=2026-08-21T23:15:05.193+08:00 level=DEBUG msg="discovery: skipping unparsable pane line" socket=/tmp/tmux-501/ta-a9fd5b7defbd line="team-refactor-maintainability|6|%39|/Users/alauda/Documents/code/agent前沿探索/多agent协作|bash|87458|t.p9.review 零上下文设计审查已通过<|eos|> - grok|235x50|tester-t124"
time=2026-08-21T23:15:05.195+08:00 level=DEBUG msg="discovery: skipping unparsable pane line" socket=/tmp/tmux-501/ta-a9fd5b7defbd line="team-refactor-maintainability|6|%39|/Users/alauda/Documents/code/agent前沿探索/多agent协作|bash|87458|t.p9.review 零上下文设计审查已通过<|eos|> - grok|235x50|tester-t124"
time=2026-08-21T23:15:05.213+08:00 level=DEBUG msg="discovery: skipping unreachable socket" socket=/tmp/tmux-501/ta-ed81bd4d8c17 err="query tmux on /tmp/tmux-501/ta-ed81bd4d8c17: exit status 1: no server running on /tmp/tmux-501/ta-ed81bd4d8c17"
time=2026-08-21T23:15:05.214+08:00 level=DEBUG msg="discovery: skipping unreachable socket" socket=/tmp/tmux-501/ta-ed81bd4d8c17 err="query tmux on /tmp/tmux-501/ta-ed81bd4d8c17: exit status 1: no server running on /tmp/tmux-501/ta-ed81bd4d8c17"
time=2026-08-21T23:15:05.222+08:00 level=DEBUG msg="discovery: skipping unreachable socket" socket=/tmp/tmux-501/ta-f1ad1b378fc7 err="query tmux on /tmp/tmux-501/ta-f1ad1b378fc7: exit status 1: no server running on /tmp/tmux-501/ta-f1ad1b378fc7"
time=2026-08-21T23:15:05.223+08:00 level=DEBUG msg="discovery: skipping unreachable socket" socket=/tmp/tmux-501/ta-f1ad1b378fc7 err="query tmux on /tmp/tmux-501/ta-f1ad1b378fc7: exit status 1: no server running on /tmp/tmux-501/ta-f1ad1b378fc7"
time=2026-08-21T23:15:05.241+08:00 level=DEBUG msg="discovery: skipping unreachable socket" socket=/tmp/tmux-501/ta-t121u01 err="query tmux on /tmp/tmux-501/ta-t121u01: exit status 1: no server running on /tmp/tmux-501/ta-t121u01"
time=2026-08-21T23:15:05.241+08:00 level=DEBUG msg="discovery: skipping unreachable socket" socket=/tmp/tmux-501/ta-t121u01 err="query tmux on /tmp/tmux-501/ta-t121u01: exit status 1: no server running on /tmp/tmux-501/ta-t121u01"
time=2026-08-21T23:15:05.249+08:00 level=DEBUG msg="discovery: skipping unreachable socket" socket=/tmp/tmux-501/ta-t121u01b err="query tmux on /tmp/tmux-501/ta-t121u01b: exit status 1: no server running on /tmp/tmux-501/ta-t121u01b"
time=2026-08-21T23:15:05.250+08:00 level=DEBUG msg="discovery: skipping unreachable socket" socket=/tmp/tmux-501/ta-t121u01b err="query tmux on /tmp/tmux-501/ta-t121u01b: exit status 1: no server running on /tmp/tmux-501/ta-t121u01b"
time=2026-08-21T23:15:05.259+08:00 level=DEBUG msg="discovery: skipping unreachable socket" socket=/tmp/tmux-501/ta-user-agents err="query tmux on /tmp/tmux-501/ta-user-agents: exit status 1: no server running on /tmp/tmux-501/ta-user-agents"
time=2026-08-21T23:15:05.261+08:00 level=DEBUG msg="discovery: skipping unreachable socket" socket=/tmp/tmux-501/ta-user-agents err="query tmux on /tmp/tmux-501/ta-user-agents: exit status 1: no server running on /tmp/tmux-501/ta-user-agents"
time=2026-08-21T23:15:05.303+08:00 level=WARN msg="level2: title unknown for provider" provider=grok codepoint=U+002B title="+ Agent 弹窗图标卡片重做 - grok" is_letter=false is_number=false leading_glyph=true status=unknown
time=2026-08-21T23:15:07.374+08:00 level=DEBUG msg="discovery: skipping unreachable socket" socket=/tmp/tmux-501/t115d24675 err="query tmux on /tmp/tmux-501/t115d24675: exit status 1: no server running on /tmp/tmux-501/t115d24675"
time=2026-08-21T23:15:07.386+08:00 level=DEBUG msg="discovery: skipping unreachable socket" socket=/tmp/tmux-501/t115e31319 err="query tmux on /tmp/tmux-501/t115e31319: exit status 1: no server running on /tmp/tmux-501/t115e31319"
time=2026-08-21T23:15:07.398+08:00 level=DEBUG msg="discovery: skipping unreachable socket" socket=/tmp/tmux-501/t115f44898 err="query tmux on /tmp/tmux-501/t115f44898: exit status 1: no server running on /tmp/tmux-501/t115f44898"
time=2026-08-21T23:15:07.406+08:00 level=DEBUG msg="discovery: skipping unreachable socket" socket=/tmp/tmux-501/t115g47728 err="query tmux on /tmp/tmux-501/t115g47728: exit status 1: no server running on /tmp/tmux-501/t115g47728"
time=2026-08-21T23:15:07.416+08:00 level=DEBUG msg="discovery: skipping unreachable socket" socket=/tmp/tmux-501/ta-0bafa3965ade err="query tmux on /tmp/tmux-501/ta-0bafa3965ade: exit status 1: no server running on /tmp/tmux-501/ta-0bafa3965ade"
time=2026-08-21T23:15:07.457+08:00 level=DEBUG msg="discovery: skipping unreachable socket" socket=/tmp/tmux-501/ta-61709dcf801e err="query tmux on /tmp/tmux-501/ta-61709dcf801e: exit status 1: no server running on /tmp/tmux-501/ta-61709dcf801e"
time=2026-08-21T23:15:07.477+08:00 level=DEBUG msg="discovery: skipping unparsable pane line" socket=/tmp/tmux-501/ta-a9fd5b7defbd line="team-refactor-maintainability|6|%39|/Users/alauda/Documents/code/agent前沿探索/多agent协作|bash|87458|t.p9.review 零上下文设计审查已通过<|eos|> - grok|235x50|tester-t124"
time=2026-08-21T23:15:07.501+08:00 level=DEBUG msg="discovery: skipping unreachable socket" socket=/tmp/tmux-501/ta-ed81bd4d8c17 err="query tmux on /tmp/tmux-501/ta-ed81bd4d8c17: exit status 1: no server running on /tmp/tmux-501/ta-ed81bd4d8c17"
time=2026-08-21T23:15:07.510+08:00 level=DEBUG msg="discovery: skipping unreachable socket" socket=/tmp/tmux-501/ta-f1ad1b378fc7 err="query tmux on /tmp/tmux-501/ta-f1ad1b378fc7: exit status 1: no server running on /tmp/tmux-501/ta-f1ad1b378fc7"
time=2026-08-21T23:15:07.530+08:00 level=DEBUG msg="discovery: skipping unreachable socket" socket=/tmp/tmux-501/ta-t121u01 err="query tmux on /tmp/tmux-501/ta-t121u01: exit status 1: no server running on /tmp/tmux-501/ta-t121u01"
time=2026-08-21T23:15:07.541+08:00 level=DEBUG msg="discovery: skipping unreachable socket" socket=/tmp/tmux-501/ta-t121u01b err="query tmux on /tmp/tmux-501/ta-t121u01b: exit status 1: no server running on /tmp/tmux-501/ta-t121u01b"
time=2026-08-21T23:15:07.553+08:00 level=DEBUG msg="discovery: skipping unreachable socket" socket=/tmp/tmux-501/ta-user-agents err="query tmux on /tmp/tmux-501/ta-user-agents: exit status 1: no server running on /tmp/tmux-501/ta-user-agents"
time=2026-08-21T23:15:07.679+08:00 level=WARN msg="level2: title unknown for provider" provider=grok codepoint=U+002B title="+ Agent 弹窗图标卡片重做 - grok" is_letter=false is_number=false leading_glyph=true status=unknown
time=2026-08-21T23:15:08.061+08:00 level=DEBUG msg="listing: no changes"
time=2026-08-21T23:15:08.594+08:00 level=DEBUG msg="discovery: skipping unreachable socket" socket=/tmp/tmux-501/t115d24675 err="query tmux on /tmp/tmux-501/t115d24675: exit status 1: no server running on /tmp/tmux-501/t115d24675"
time=2026-08-21T23:15:08.603+08:00 level=DEBUG msg="discovery: skipping unreachable socket" socket=/tmp/tmux-501/t115e31319 err="query tmux on /tmp/tmux-501/t115e31319: exit status 1: no server running on /tmp/tmux-501/t115e31319"
time=2026-08-21T23:15:08.613+08:00 level=DEBUG msg="discovery: skipping unreachable socket" socket=/tmp/tmux-501/t115f44898 err="query tmux on /tmp/tmux-501/t115f44898: exit status 1: no server running on /tmp/tmux-501/t115f44898"
time=2026-08-21T23:15:08.624+08:00 level=DEBUG msg="discovery: skipping unreachable socket" socket=/tmp/tmux-501/t115g47728 err="query tmux on /tmp/tmux-501/t115g47728: exit status 1: no server running on /tmp/tmux-501/t115g47728"
time=2026-08-21T23:15:08.633+08:00 level=DEBUG msg="discovery: skipping unreachable socket" socket=/tmp/tmux-501/ta-0bafa3965ade err="query tmux on /tmp/tmux-501/ta-0bafa3965ade: exit status 1: no server running on /tmp/tmux-501/ta-0bafa3965ade"
time=2026-08-21T23:15:08.672+08:00 level=DEBUG msg="discovery: skipping unreachable socket" socket=/tmp/tmux-501/ta-61709dcf801e err="query tmux on /tmp/tmux-501/ta-61709dcf801e: exit status 1: no server running on /tmp/tmux-501/ta-61709dcf801e"
time=2026-08-21T23:15:08.692+08:00 level=DEBUG msg="discovery: skipping unparsable pane line" socket=/tmp/tmux-501/ta-a9fd5b7defbd line="team-refactor-maintainability|6|%39|/Users/alauda/Documents/code/agent前沿探索/多agent协作|bash|87458|t.p9.review 零上下文设计审查已通过<|eos|> - grok|235x50|tester-t124"
time=2026-08-21T23:15:08.712+08:00 level=DEBUG msg="discovery: skipping unreachable socket" socket=/tmp/tmux-501/ta-ed81bd4d8c17 err="query tmux on /tmp/tmux-501/ta-ed81bd4d8c17: exit status 1: no server running on /tmp/tmux-501/ta-ed81bd4d8c17"
time=2026-08-21T23:15:08.721+08:00 level=DEBUG msg="discovery: skipping unreachable socket" socket=/tmp/tmux-501/ta-f1ad1b378fc7 err="query tmux on /tmp/tmux-501/ta-f1ad1b378fc7: exit status 1: no server running on /tmp/tmux-501/ta-f1ad1b378fc7"
time=2026-08-21T23:15:08.740+08:00 level=DEBUG msg="discovery: skipping unreachable socket" socket=/tmp/tmux-501/ta-t121u01 err="query tmux on /tmp/tmux-501/ta-t121u01: exit status 1: no server running on /tmp/tmux-501/ta-t121u01"
time=2026-08-21T23:15:08.748+08:00 level=DEBUG msg="discovery: skipping unreachable socket" socket=/tmp/tmux-501/ta-t121u01b err="query tmux on /tmp/tmux-501/ta-t121u01b: exit status 1: no server running on /tmp/tmux-501/ta-t121u01b"
time=2026-08-21T23:15:08.758+08:00 level=DEBUG msg="discovery: skipping unreachable socket" socket=/tmp/tmux-501/ta-user-agents err="query tmux on /tmp/tmux-501/ta-user-agents: exit status 1: no server running on /tmp/tmux-501/ta-user-agents"
time=2026-08-21T23:15:09.708+08:00 level=DEBUG msg="discovery: skipping unreachable socket" socket=/tmp/tmux-501/t115d24675 err="query tmux on /tmp/tmux-501/t115d24675: exit status 1: no server running on /tmp/tmux-501/t115d24675"
time=2026-08-21T23:15:09.717+08:00 level=DEBUG msg="discovery: skipping unreachable socket" socket=/tmp/tmux-501/t115e31319 err="query tmux on /tmp/tmux-501/t115e31319: exit status 1: no server running on /tmp/tmux-501/t115e31319"
time=2026-08-21T23:15:09.727+08:00 level=DEBUG msg="discovery: skipping unreachable socket" socket=/tmp/tmux-501/t115f44898 err="query tmux on /tmp/tmux-501/t115f44898: exit status 1: no server running on /tmp/tmux-501/t115f44898"
time=2026-08-21T23:15:09.735+08:00 level=DEBUG msg="discovery: skipping unreachable socket" socket=/tmp/tmux-501/t115g47728 err="query tmux on /tmp/tmux-501/t115g47728: exit status 1: no server running on /tmp/tmux-501/t115g47728"
time=2026-08-21T23:15:09.745+08:00 level=DEBUG msg="discovery: skipping unreachable socket" socket=/tmp/tmux-501/ta-0bafa3965ade err="query tmux on /tmp/tmux-501/ta-0bafa3965ade: exit status 1: no server running on /tmp/tmux-501/ta-0bafa3965ade"
time=2026-08-21T23:15:09.781+08:00 level=DEBUG msg="discovery: skipping unreachable socket" socket=/tmp/tmux-501/ta-61709dcf801e err="query tmux on /tmp/tmux-501/ta-61709dcf801e: exit status 1: no server running on /tmp/tmux-501/ta-61709dcf801e"
time=2026-08-21T23:15:09.801+08:00 level=DEBUG msg="discovery: skipping unparsable pane line" socket=/tmp/tmux-501/ta-a9fd5b7defbd line="team-refactor-maintainability|6|%39|/Users/alauda/Documents/code/agent前沿探索/多agent协作|bash|87458|t.p9.review 零上下文设计审查已通过<|eos|> - grok|235x50|tester-t124"
time=2026-08-21T23:15:09.820+08:00 level=DEBUG msg="discovery: skipping unreachable socket" socket=/tmp/tmux-501/ta-ed81bd4d8c17 err="query tmux on /tmp/tmux-501/ta-ed81bd4d8c17: exit status 1: no server running on /tmp/tmux-501/ta-ed81bd4d8c17"
time=2026-08-21T23:15:09.828+08:00 level=DEBUG msg="discovery: skipping unreachable socket" socket=/tmp/tmux-501/ta-f1ad1b378fc7 err="query tmux on /tmp/tmux-501/ta-f1ad1b378fc7: exit status 1: no server running on /tmp/tmux-501/ta-f1ad1b378fc7"
time=2026-08-21T23:15:09.847+08:00 level=DEBUG msg="discovery: skipping unreachable socket" socket=/tmp/tmux-501/ta-t121u01 err="query tmux on /tmp/tmux-501/ta-t121u01: exit status 1: no server running on /tmp/tmux-501/ta-t121u01"
time=2026-08-21T23:15:09.856+08:00 level=DEBUG msg="discovery: skipping unreachable socket" socket=/tmp/tmux-501/ta-t121u01b err="query tmux on /tmp/tmux-501/ta-t121u01b: exit status 1: no server running on /tmp/tmux-501/ta-t121u01b"
time=2026-08-21T23:15:09.864+08:00 level=DEBUG msg="discovery: skipping unreachable socket" socket=/tmp/tmux-501/ta-user-agents err="query tmux on /tmp/tmux-501/ta-user-agents: exit status 1: no server running on /tmp/tmux-501/ta-user-agents"
time=2026-08-21T23:15:09.996+08:00 level=WARN msg="level2: title unknown for provider" provider=grok codepoint=U+002B title="+ Agent 弹窗图标卡片重做 - grok" is_letter=false is_number=false leading_glyph=true status=unknown
time=2026-08-21T23:15:11.411+08:00 level=DEBUG msg="listing: no changes"
time=2026-08-21T23:15:12.013+08:00 level=DEBUG msg="discovery: skipping unreachable socket" socket=/tmp/tmux-501/t115d24675 err="query tmux on /tmp/tmux-501/t115d24675: exit status 1: no server running on /tmp/tmux-501/t115d24675"
time=2026-08-21T23:15:12.021+08:00 level=DEBUG msg="discovery: skipping unreachable socket" socket=/tmp/tmux-501/t115e31319 err="query tmux on /tmp/tmux-501/t115e31319: exit status 1: no server running on /tmp/tmux-501/t115e31319"
time=2026-08-21T23:15:12.026+08:00 level=DEBUG msg="discovery: skipping unreachable socket" socket=/tmp/tmux-501/t115d24675 err="query tmux on /tmp/tmux-501/t115d24675: exit status 1: no server running on /tmp/tmux-501/t115d24675"
time=2026-08-21T23:15:12.030+08:00 level=DEBUG msg="discovery: skipping unreachable socket" socket=/tmp/tmux-501/t115f44898 err="query tmux on /tmp/tmux-501/t115f44898: exit status 1: no server running on /tmp/tmux-501/t115f44898"
time=2026-08-21T23:15:12.034+08:00 level=DEBUG msg="discovery: skipping unreachable socket" socket=/tmp/tmux-501/t115e31319 err="query tmux on /tmp/tmux-501/t115e31319: exit status 1: no server running on /tmp/tmux-501/t115e31319"
time=2026-08-21T23:15:12.040+08:00 level=DEBUG msg="discovery: skipping unreachable socket" socket=/tmp/tmux-501/t115g47728 err="query tmux on /tmp/tmux-501/t115g47728: exit status 1: no server running on /tmp/tmux-501/t115g47728"
time=2026-08-21T23:15:12.046+08:00 level=DEBUG msg="discovery: skipping unreachable socket" socket=/tmp/tmux-501/t115f44898 err="query tmux on /tmp/tmux-501/t115f44898: exit status 1: no server running on /tmp/tmux-501/t115f44898"
time=2026-08-21T23:15:12.049+08:00 level=DEBUG msg="discovery: skipping unreachable socket" socket=/tmp/tmux-501/ta-0bafa3965ade err="query tmux on /tmp/tmux-501/ta-0bafa3965ade: exit status 1: no server running on /tmp/tmux-501/ta-0bafa3965ade"
time=2026-08-21T23:15:12.054+08:00 level=DEBUG msg="discovery: skipping unreachable socket" socket=/tmp/tmux-501/t115g47728 err="query tmux on /tmp/tmux-501/t115g47728: exit status 1: no server running on /tmp/tmux-501/t115g47728"
time=2026-08-21T23:15:12.063+08:00 level=DEBUG msg="discovery: skipping unreachable socket" socket=/tmp/tmux-501/ta-0bafa3965ade err="query tmux on /tmp/tmux-501/ta-0bafa3965ade: exit status 1: no server running on /tmp/tmux-501/ta-0bafa3965ade"
time=2026-08-21T23:15:12.084+08:00 level=DEBUG msg="discovery: skipping unreachable socket" socket=/tmp/tmux-501/ta-61709dcf801e err="query tmux on /tmp/tmux-501/ta-61709dcf801e: exit status 1: no server running on /tmp/tmux-501/ta-61709dcf801e"
time=2026-08-21T23:15:12.102+08:00 level=DEBUG msg="discovery: skipping unreachable socket" socket=/tmp/tmux-501/ta-61709dcf801e err="query tmux on /tmp/tmux-501/ta-61709dcf801e: exit status 1: no server running on /tmp/tmux-501/ta-61709dcf801e"
time=2026-08-21T23:15:12.106+08:00 level=DEBUG msg="discovery: skipping unparsable pane line" socket=/tmp/tmux-501/ta-a9fd5b7defbd line="team-refactor-maintainability|6|%39|/Users/alauda/Documents/code/agent前沿探索/多agent协作|bash|87458|t.p9.review 零上下文设计审查已通过<|eos|> - grok|235x50|tester-t124"
time=2026-08-21T23:15:12.120+08:00 level=DEBUG msg="discovery: skipping unparsable pane line" socket=/tmp/tmux-501/ta-a9fd5b7defbd line="team-refactor-maintainability|6|%39|/Users/alauda/Documents/code/agent前沿探索/多agent协作|bash|87458|t.p9.review 零上下文设计审查已通过<|eos|> - grok|235x50|tester-t124"
time=2026-08-21T23:15:12.124+08:00 level=DEBUG msg="discovery: skipping unreachable socket" socket=/tmp/tmux-501/ta-ed81bd4d8c17 err="query tmux on /tmp/tmux-501/ta-ed81bd4d8c17: exit status 1: no server running on /tmp/tmux-501/ta-ed81bd4d8c17"
time=2026-08-21T23:15:12.132+08:00 level=DEBUG msg="discovery: skipping unreachable socket" socket=/tmp/tmux-501/ta-f1ad1b378fc7 err="query tmux on /tmp/tmux-501/ta-f1ad1b378fc7: exit status 1: no server running on /tmp/tmux-501/ta-f1ad1b378fc7"
time=2026-08-21T23:15:12.139+08:00 level=DEBUG msg="discovery: skipping unreachable socket" socket=/tmp/tmux-501/ta-ed81bd4d8c17 err="query tmux on /tmp/tmux-501/ta-ed81bd4d8c17: exit status 1: no server running on /tmp/tmux-501/ta-ed81bd4d8c17"
time=2026-08-21T23:15:12.150+08:00 level=DEBUG msg="discovery: skipping unreachable socket" socket=/tmp/tmux-501/ta-f1ad1b378fc7 err="query tmux on /tmp/tmux-501/ta-f1ad1b378fc7: exit status 1: no server running on /tmp/tmux-501/ta-f1ad1b378fc7"
time=2026-08-21T23:15:12.152+08:00 level=DEBUG msg="discovery: skipping unreachable socket" socket=/tmp/tmux-501/ta-t121u01 err="query tmux on /tmp/tmux-501/ta-t121u01: exit status 1: no server running on /tmp/tmux-501/ta-t121u01"
time=2026-08-21T23:15:12.161+08:00 level=DEBUG msg="discovery: skipping unreachable socket" socket=/tmp/tmux-501/ta-t121u01b err="query tmux on /tmp/tmux-501/ta-t121u01b: exit status 1: no server running on /tmp/tmux-501/ta-t121u01b"
time=2026-08-21T23:15:12.167+08:00 level=DEBUG msg="discovery: skipping unreachable socket" socket=/tmp/tmux-501/ta-t121u01 err="query tmux on /tmp/tmux-501/ta-t121u01: exit status 1: no server running on /tmp/tmux-501/ta-t121u01"
time=2026-08-21T23:15:12.169+08:00 level=DEBUG msg="discovery: skipping unreachable socket" socket=/tmp/tmux-501/ta-user-agents err="query tmux on /tmp/tmux-501/ta-user-agents: exit status 1: no server running on /tmp/tmux-501/ta-user-agents"
time=2026-08-21T23:15:12.176+08:00 level=DEBUG msg="discovery: skipping unreachable socket" socket=/tmp/tmux-501/ta-t121u01b err="query tmux on /tmp/tmux-501/ta-t121u01b: exit status 1: no server running on /tmp/tmux-501/ta-t121u01b"
time=2026-08-21T23:15:12.185+08:00 level=DEBUG msg="discovery: skipping unreachable socket" socket=/tmp/tmux-501/ta-user-agents err="query tmux on /tmp/tmux-501/ta-user-agents: exit status 1: no server running on /tmp/tmux-501/ta-user-agents"
time=2026-08-21T23:15:12.216+08:00 level=WARN msg="level2: title unknown for provider" provider=grok codepoint=U+002B title="+ Agent 弹窗图标卡片重做 - grok" is_letter=false is_number=false leading_glyph=true status=unknown
time=2026-08-21T23:15:14.245+08:00 level=DEBUG msg="discovery: skipping unreachable socket" socket=/tmp/tmux-501/t115d24675 err="query tmux on /tmp/tmux-501/t115d24675: exit status 1: no server running on /tmp/tmux-501/t115d24675"
time=2026-08-21T23:15:14.254+08:00 level=DEBUG msg="discovery: skipping unreachable socket" socket=/tmp/tmux-501/t115e31319 err="query tmux on /tmp/tmux-501/t115e31319: exit status 1: no server running on /tmp/tmux-501/t115e31319"
time=2026-08-21T23:15:14.263+08:00 level=DEBUG msg="discovery: skipping unreachable socket" socket=/tmp/tmux-501/t115f44898 err="query tmux on /tmp/tmux-501/t115f44898: exit status 1: no server running on /tmp/tmux-501/t115f44898"
time=2026-08-21T23:15:14.272+08:00 level=DEBUG msg="discovery: skipping unreachable socket" socket=/tmp/tmux-501/t115g47728 err="query tmux on /tmp/tmux-501/t115g47728: exit status 1: no server running on /tmp/tmux-501/t115g47728"
time=2026-08-21T23:15:14.280+08:00 level=DEBUG msg="discovery: skipping unreachable socket" socket=/tmp/tmux-501/ta-0bafa3965ade err="query tmux on /tmp/tmux-501/ta-0bafa3965ade: exit status 1: no server running on /tmp/tmux-501/ta-0bafa3965ade"
time=2026-08-21T23:15:14.320+08:00 level=DEBUG msg="discovery: skipping unreachable socket" socket=/tmp/tmux-501/ta-61709dcf801e err="query tmux on /tmp/tmux-501/ta-61709dcf801e: exit status 1: no server running on /tmp/tmux-501/ta-61709dcf801e"
time=2026-08-21T23:15:14.339+08:00 level=DEBUG msg="discovery: skipping unparsable pane line" socket=/tmp/tmux-501/ta-a9fd5b7defbd line="team-refactor-maintainability|6|%39|/Users/alauda/Documents/code/agent前沿探索/多agent协作|bash|87458|t.p9.review 零上下文设计审查已通过<|eos|> - grok|235x50|tester-t124"
time=2026-08-21T23:15:14.360+08:00 level=DEBUG msg="discovery: skipping unreachable socket" socket=/tmp/tmux-501/ta-ed81bd4d8c17 err="query tmux on /tmp/tmux-501/ta-ed81bd4d8c17: exit status 1: no server running on /tmp/tmux-501/ta-ed81bd4d8c17"
time=2026-08-21T23:15:14.369+08:00 level=DEBUG msg="discovery: skipping unreachable socket" socket=/tmp/tmux-501/ta-f1ad1b378fc7 err="query tmux on /tmp/tmux-501/ta-f1ad1b378fc7: exit status 1: no server running on /tmp/tmux-501/ta-f1ad1b378fc7"
time=2026-08-21T23:15:14.387+08:00 level=DEBUG msg="discovery: skipping unreachable socket" socket=/tmp/tmux-501/ta-t121u01 err="query tmux on /tmp/tmux-501/ta-t121u01: exit status 1: no server running on /tmp/tmux-501/ta-t121u01"
time=2026-08-21T23:15:14.396+08:00 level=DEBUG msg="discovery: skipping unreachable socket" socket=/tmp/tmux-501/ta-t121u01b err="query tmux on /tmp/tmux-501/ta-t121u01b: exit status 1: no server running on /tmp/tmux-501/ta-t121u01b"
time=2026-08-21T23:15:14.406+08:00 level=DEBUG msg="discovery: skipping unreachable socket" socket=/tmp/tmux-501/ta-user-agents err="query tmux on /tmp/tmux-501/ta-user-agents: exit status 1: no server running on /tmp/tmux-501/ta-user-agents"
time=2026-08-21T23:15:14.527+08:00 level=WARN msg="level2: title unknown for provider" provider=grok codepoint=U+002B title="+ Agent 弹窗图标卡片重做 - grok" is_letter=false is_number=false leading_glyph=true status=unknown
time=2026-08-21T23:15:14.834+08:00 level=DEBUG msg="listing: no changes"
time=2026-08-21T23:15:15.363+08:00 level=DEBUG msg="discovery: skipping unreachable socket" socket=/tmp/tmux-501/t115d24675 err="query tmux on /tmp/tmux-501/t115d24675: exit status 1: no server running on /tmp/tmux-501/t115d24675"
time=2026-08-21T23:15:15.371+08:00 level=DEBUG msg="discovery: skipping unreachable socket" socket=/tmp/tmux-501/t115e31319 err="query tmux on /tmp/tmux-501/t115e31319: exit status 1: no server running on /tmp/tmux-501/t115e31319"
time=2026-08-21T23:15:15.380+08:00 level=DEBUG msg="discovery: skipping unreachable socket" socket=/tmp/tmux-501/t115f44898 err="query tmux on /tmp/tmux-501/t115f44898: exit status 1: no server running on /tmp/tmux-501/t115f44898"
time=2026-08-21T23:15:15.388+08:00 level=DEBUG msg="discovery: skipping unreachable socket" socket=/tmp/tmux-501/t115g47728 err="query tmux on /tmp/tmux-501/t115g47728: exit status 1: no server running on /tmp/tmux-501/t115g47728"
time=2026-08-21T23:15:15.397+08:00 level=DEBUG msg="discovery: skipping unreachable socket" socket=/tmp/tmux-501/ta-0bafa3965ade err="query tmux on /tmp/tmux-501/ta-0bafa3965ade: exit status 1: no server running on /tmp/tmux-501/ta-0bafa3965ade"
time=2026-08-21T23:15:15.433+08:00 level=DEBUG msg="discovery: skipping unreachable socket" socket=/tmp/tmux-501/ta-61709dcf801e err="query tmux on /tmp/tmux-501/ta-61709dcf801e: exit status 1: no server running on /tmp/tmux-501/ta-61709dcf801e"
time=2026-08-21T23:15:15.453+08:00 level=DEBUG msg="discovery: skipping unparsable pane line" socket=/tmp/tmux-501/ta-a9fd5b7defbd line="team-refactor-maintainability|6|%39|/Users/alauda/Documents/code/agent前沿探索/多agent协作|bash|87458|t.p9.review 零上下文设计审查已通过<|eos|> - grok|235x50|tester-t124"
time=2026-08-21T23:15:15.471+08:00 level=DEBUG msg="discovery: skipping unreachable socket" socket=/tmp/tmux-501/ta-ed81bd4d8c17 err="query tmux on /tmp/tmux-501/ta-ed81bd4d8c17: exit status 1: no server running on /tmp/tmux-501/ta-ed81bd4d8c17"
time=2026-08-21T23:15:15.480+08:00 level=DEBUG msg="discovery: skipping unreachable socket" socket=/tmp/tmux-501/ta-f1ad1b378fc7 err="query tmux on /tmp/tmux-501/ta-f1ad1b378fc7: exit status 1: no server running on /tmp/tmux-501/ta-f1ad1b378fc7"
time=2026-08-21T23:15:15.497+08:00 level=DEBUG msg="discovery: skipping unreachable socket" socket=/tmp/tmux-501/ta-t121u01 err="query tmux on /tmp/tmux-501/ta-t121u01: exit status 1: no server running on /tmp/tmux-501/ta-t121u01"
time=2026-08-21T23:15:15.508+08:00 level=DEBUG msg="discovery: skipping unreachable socket" socket=/tmp/tmux-501/ta-t121u01b err="query tmux on /tmp/tmux-501/ta-t121u01b: exit status 1: no server running on /tmp/tmux-501/ta-t121u01b"
time=2026-08-21T23:15:15.516+08:00 level=DEBUG msg="discovery: skipping unreachable socket" socket=/tmp/tmux-501/ta-user-agents err="query tmux on /tmp/tmux-501/ta-user-agents: exit status 1: no server running on /tmp/tmux-501/ta-user-agents"
time=2026-08-21T23:15:16.633+08:00 level=DEBUG msg="discovery: skipping unreachable socket" socket=/tmp/tmux-501/t115d24675 err="query tmux on /tmp/tmux-501/t115d24675: exit status 1: no server running on /tmp/tmux-501/t115d24675"
time=2026-08-21T23:15:16.654+08:00 level=DEBUG msg="discovery: skipping unreachable socket" socket=/tmp/tmux-501/t115e31319 err="query tmux on /tmp/tmux-501/t115e31319: exit status 1: no server running on /tmp/tmux-501/t115e31319"
time=2026-08-21T23:15:16.665+08:00 level=DEBUG msg="discovery: skipping unreachable socket" socket=/tmp/tmux-501/t115f44898 err="query tmux on /tmp/tmux-501/t115f44898: exit status 1: no server running on /tmp/tmux-501/t115f44898"
time=2026-08-21T23:15:16.675+08:00 level=DEBUG msg="discovery: skipping unreachable socket" socket=/tmp/tmux-501/t115g47728 err="query tmux on /tmp/tmux-501/t115g47728: exit status 1: no server running on /tmp/tmux-501/t115g47728"
time=2026-08-21T23:15:16.685+08:00 level=DEBUG msg="discovery: skipping unreachable socket" socket=/tmp/tmux-501/ta-0bafa3965ade err="query tmux on /tmp/tmux-501/ta-0bafa3965ade: exit status 1: no server running on /tmp/tmux-501/ta-0bafa3965ade"
time=2026-08-21T23:15:16.728+08:00 level=DEBUG msg="discovery: skipping unreachable socket" socket=/tmp/tmux-501/ta-61709dcf801e err="query tmux on /tmp/tmux-501/ta-61709dcf801e: exit status 1: no server running on /tmp/tmux-501/ta-61709dcf801e"
time=2026-08-21T23:15:16.751+08:00 level=DEBUG msg="discovery: skipping unparsable pane line" socket=/tmp/tmux-501/ta-a9fd5b7defbd line="team-refactor-maintainability|6|%39|/Users/alauda/Documents/code/agent前沿探索/多agent协作|bash|87458|t.p9.review 零上下文设计审查已通过<|eos|> - grok|235x50|tester-t124"
time=2026-08-21T23:15:16.774+08:00 level=DEBUG msg="discovery: skipping unreachable socket" socket=/tmp/tmux-501/ta-ed81bd4d8c17 err="query tmux on /tmp/tmux-501/ta-ed81bd4d8c17: exit status 1: no server running on /tmp/tmux-501/ta-ed81bd4d8c17"
time=2026-08-21T23:15:16.784+08:00 level=DEBUG msg="discovery: skipping unreachable socket" socket=/tmp/tmux-501/ta-f1ad1b378fc7 err="query tmux on /tmp/tmux-501/ta-f1ad1b378fc7: exit status 1: no server running on /tmp/tmux-501/ta-f1ad1b378fc7"
time=2026-08-21T23:15:16.805+08:00 level=DEBUG msg="discovery: skipping unreachable socket" socket=/tmp/tmux-501/ta-t121u01 err="query tmux on /tmp/tmux-501/ta-t121u01: exit status 1: no server running on /tmp/tmux-501/ta-t121u01"
time=2026-08-21T23:15:16.816+08:00 level=DEBUG msg="discovery: skipping unreachable socket" socket=/tmp/tmux-501/ta-t121u01b err="query tmux on /tmp/tmux-501/ta-t121u01b: exit status 1: no server running on /tmp/tmux-501/ta-t121u01b"
time=2026-08-21T23:15:16.825+08:00 level=DEBUG msg="discovery: skipping unreachable socket" socket=/tmp/tmux-501/ta-user-agents err="query tmux on /tmp/tmux-501/ta-user-agents: exit status 1: no server running on /tmp/tmux-501/ta-user-agents"
time=2026-08-21T23:15:16.924+08:00 level=WARN msg="level2: title unknown for provider" provider=grok codepoint=U+002B title="+ Agent 弹窗图标卡片重做 - grok" is_letter=false is_number=false leading_glyph=true status=unknown
time=2026-08-21T23:15:18.363+08:00 level=DEBUG msg="listing: no changes"
time=2026-08-21T23:15:18.892+08:00 level=DEBUG msg="discovery: skipping unreachable socket" socket=/tmp/tmux-501/t115d24675 err="query tmux on /tmp/tmux-501/t115d24675: exit status 1: no server running on /tmp/tmux-501/t115d24675"
time=2026-08-21T23:15:18.901+08:00 level=DEBUG msg="discovery: skipping unreachable socket" socket=/tmp/tmux-501/t115e31319 err="query tmux on /tmp/tmux-501/t115e31319: exit status 1: no server running on /tmp/tmux-501/t115e31319"
time=2026-08-21T23:15:18.911+08:00 level=DEBUG msg="discovery: skipping unreachable socket" socket=/tmp/tmux-501/t115f44898 err="query tmux on /tmp/tmux-501/t115f44898: exit status 1: no server running on /tmp/tmux-501/t115f44898"
time=2026-08-21T23:15:18.920+08:00 level=DEBUG msg="discovery: skipping unreachable socket" socket=/tmp/tmux-501/t115g47728 err="query tmux on /tmp/tmux-501/t115g47728: exit status 1: no server running on /tmp/tmux-501/t115g47728"
time=2026-08-21T23:15:18.929+08:00 level=DEBUG msg="discovery: skipping unreachable socket" socket=/tmp/tmux-501/ta-0bafa3965ade err="query tmux on /tmp/tmux-501/ta-0bafa3965ade: exit status 1: no server running on /tmp/tmux-501/ta-0bafa3965ade"
time=2026-08-21T23:15:18.952+08:00 level=DEBUG msg="discovery: skipping unreachable socket" socket=/tmp/tmux-501/t115d24675 err="query tmux on /tmp/tmux-501/t115d24675: exit status 1: no server running on /tmp/tmux-501/t115d24675"
time=2026-08-21T23:15:18.961+08:00 level=DEBUG msg="discovery: skipping unreachable socket" socket=/tmp/tmux-501/t115e31319 err="query tmux on /tmp/tmux-501/t115e31319: exit status 1: no server running on /tmp/tmux-501/t115e31319"
time=2026-08-21T23:15:18.967+08:00 level=DEBUG msg="discovery: skipping unreachable socket" socket=/tmp/tmux-501/ta-61709dcf801e err="query tmux on /tmp/tmux-501/ta-61709dcf801e: exit status 1: no server running on /tmp/tmux-501/ta-61709dcf801e"
time=2026-08-21T23:15:18.969+08:00 level=DEBUG msg="discovery: skipping unreachable socket" socket=/tmp/tmux-501/t115f44898 err="query tmux on /tmp/tmux-501/t115f44898: exit status 1: no server running on /tmp/tmux-501/t115f44898"
time=2026-08-21T23:15:18.977+08:00 level=DEBUG msg="discovery: skipping unreachable socket" socket=/tmp/tmux-501/t115g47728 err="query tmux on /tmp/tmux-501/t115g47728: exit status 1: no server running on /tmp/tmux-501/t115g47728"
time=2026-08-21T23:15:18.985+08:00 level=DEBUG msg="discovery: skipping unreachable socket" socket=/tmp/tmux-501/ta-0bafa3965ade err="query tmux on /tmp/tmux-501/ta-0bafa3965ade: exit status 1: no server running on /tmp/tmux-501/ta-0bafa3965ade"
time=2026-08-21T23:15:18.986+08:00 level=DEBUG msg="discovery: skipping unparsable pane line" socket=/tmp/tmux-501/ta-a9fd5b7defbd line="team-refactor-maintainability|6|%39|/Users/alauda/Documents/code/agent前沿探索/多agent协作|bash|87458|t.p9.review 零上下文设计审查已通过<|eos|> - grok|235x50|tester-t124"
time=2026-08-21T23:15:19.007+08:00 level=DEBUG msg="discovery: skipping unreachable socket" socket=/tmp/tmux-501/ta-ed81bd4d8c17 err="query tmux on /tmp/tmux-501/ta-ed81bd4d8c17: exit status 1: no server running on /tmp/tmux-501/ta-ed81bd4d8c17"
time=2026-08-21T23:15:19.016+08:00 level=DEBUG msg="discovery: skipping unreachable socket" socket=/tmp/tmux-501/ta-f1ad1b378fc7 err="query tmux on /tmp/tmux-501/ta-f1ad1b378fc7: exit status 1: no server running on /tmp/tmux-501/ta-f1ad1b378fc7"
time=2026-08-21T23:15:19.025+08:00 level=DEBUG msg="discovery: skipping unreachable socket" socket=/tmp/tmux-501/ta-61709dcf801e err="query tmux on /tmp/tmux-501/ta-61709dcf801e: exit status 1: no server running on /tmp/tmux-501/ta-61709dcf801e"
time=2026-08-21T23:15:19.034+08:00 level=DEBUG msg="discovery: skipping unreachable socket" socket=/tmp/tmux-501/ta-t121u01 err="query tmux on /tmp/tmux-501/ta-t121u01: exit status 1: no server running on /tmp/tmux-501/ta-t121u01"
time=2026-08-21T23:15:19.046+08:00 level=DEBUG msg="discovery: skipping unreachable socket" socket=/tmp/tmux-501/ta-t121u01b err="query tmux on /tmp/tmux-501/ta-t121u01b: exit status 1: no server running on /tmp/tmux-501/ta-t121u01b"
time=2026-08-21T23:15:19.047+08:00 level=DEBUG msg="discovery: skipping unparsable pane line" socket=/tmp/tmux-501/ta-a9fd5b7defbd line="team-refactor-maintainability|6|%39|/Users/alauda/Documents/code/agent前沿探索/多agent协作|bash|87458|t.p9.review 零上下文设计审查已通过<|eos|> - grok|235x50|tester-t124"
time=2026-08-21T23:15:19.055+08:00 level=DEBUG msg="discovery: skipping unreachable socket" socket=/tmp/tmux-501/ta-user-agents err="query tmux on /tmp/tmux-501/ta-user-agents: exit status 1: no server running on /tmp/tmux-501/ta-user-agents"
time=2026-08-21T23:15:19.066+08:00 level=DEBUG msg="discovery: skipping unreachable socket" socket=/tmp/tmux-501/ta-ed81bd4d8c17 err="query tmux on /tmp/tmux-501/ta-ed81bd4d8c17: exit status 1: no server running on /tmp/tmux-501/ta-ed81bd4d8c17"
time=2026-08-21T23:15:19.074+08:00 level=DEBUG msg="discovery: skipping unreachable socket" socket=/tmp/tmux-501/ta-f1ad1b378fc7 err="query tmux on /tmp/tmux-501/ta-f1ad1b378fc7: exit status 1: no server running on /tmp/tmux-501/ta-f1ad1b378fc7"
time=2026-08-21T23:15:19.093+08:00 level=DEBUG msg="discovery: skipping unreachable socket" socket=/tmp/tmux-501/ta-t121u01 err="query tmux on /tmp/tmux-501/ta-t121u01: exit status 1: no server running on /tmp/tmux-501/ta-t121u01"
time=2026-08-21T23:15:19.104+08:00 level=DEBUG msg="discovery: skipping unreachable socket" socket=/tmp/tmux-501/ta-t121u01b err="query tmux on /tmp/tmux-501/ta-t121u01b: exit status 1: no server running on /tmp/tmux-501/ta-t121u01b"
time=2026-08-21T23:15:19.112+08:00 level=DEBUG msg="discovery: skipping unreachable socket" socket=/tmp/tmux-501/ta-user-agents err="query tmux on /tmp/tmux-501/ta-user-agents: exit status 1: no server running on /tmp/tmux-501/ta-user-agents"
time=2026-08-21T23:15:19.233+08:00 level=WARN msg="level2: title unknown for provider" provider=grok codepoint=U+002B title="+ Agent 弹窗图标卡片重做 - grok" is_letter=false is_number=false leading_glyph=true status=unknown
time=2026-08-21T23:15:21.268+08:00 level=DEBUG msg="discovery: skipping unreachable socket" socket=/tmp/tmux-501/t115d24675 err="query tmux on /tmp/tmux-501/t115d24675: exit status 1: no server running on /tmp/tmux-501/t115d24675"
time=2026-08-21T23:15:21.278+08:00 level=DEBUG msg="discovery: skipping unreachable socket" socket=/tmp/tmux-501/t115e31319 err="query tmux on /tmp/tmux-501/t115e31319: exit status 1: no server running on /tmp/tmux-501/t115e31319"
time=2026-08-21T23:15:21.291+08:00 level=DEBUG msg="discovery: skipping unreachable socket" socket=/tmp/tmux-501/t115f44898 err="query tmux on /tmp/tmux-501/t115f44898: exit status 1: no server running on /tmp/tmux-501/t115f44898"
time=2026-08-21T23:15:21.301+08:00 level=DEBUG msg="discovery: skipping unreachable socket" socket=/tmp/tmux-501/t115g47728 err="query tmux on /tmp/tmux-501/t115g47728: exit status 1: no server running on /tmp/tmux-501/t115g47728"
time=2026-08-21T23:15:21.310+08:00 level=DEBUG msg="discovery: skipping unreachable socket" socket=/tmp/tmux-501/ta-0bafa3965ade err="query tmux on /tmp/tmux-501/ta-0bafa3965ade: exit status 1: no server running on /tmp/tmux-501/ta-0bafa3965ade"
time=2026-08-21T23:15:21.353+08:00 level=DEBUG msg="discovery: skipping unreachable socket" socket=/tmp/tmux-501/ta-61709dcf801e err="query tmux on /tmp/tmux-501/ta-61709dcf801e: exit status 1: no server running on /tmp/tmux-501/ta-61709dcf801e"
time=2026-08-21T23:15:21.374+08:00 level=DEBUG msg="discovery: skipping unparsable pane line" socket=/tmp/tmux-501/ta-a9fd5b7defbd line="team-refactor-maintainability|6|%39|/Users/alauda/Documents/code/agent前沿探索/多agent协作|bash|87458|t.p9.review 零上下文设计审查已通过<|eos|> - grok|235x50|tester-t124"
time=2026-08-21T23:15:21.397+08:00 level=DEBUG msg="discovery: skipping unreachable socket" socket=/tmp/tmux-501/ta-ed81bd4d8c17 err="query tmux on /tmp/tmux-501/ta-ed81bd4d8c17: exit status 1: no server running on /tmp/tmux-501/ta-ed81bd4d8c17"
time=2026-08-21T23:15:21.406+08:00 level=DEBUG msg="discovery: skipping unreachable socket" socket=/tmp/tmux-501/ta-f1ad1b378fc7 err="query tmux on /tmp/tmux-501/ta-f1ad1b378fc7: exit status 1: no server running on /tmp/tmux-501/ta-f1ad1b378fc7"
time=2026-08-21T23:15:21.427+08:00 level=DEBUG msg="discovery: skipping unreachable socket" socket=/tmp/tmux-501/ta-t121u01 err="query tmux on /tmp/tmux-501/ta-t121u01: exit status 1: no server running on /tmp/tmux-501/ta-t121u01"
time=2026-08-21T23:15:21.439+08:00 level=DEBUG msg="discovery: skipping unreachable socket" socket=/tmp/tmux-501/ta-t121u01b err="query tmux on /tmp/tmux-501/ta-t121u01b: exit status 1: no server running on /tmp/tmux-501/ta-t121u01b"
time=2026-08-21T23:15:21.450+08:00 level=DEBUG msg="discovery: skipping unreachable socket" socket=/tmp/tmux-501/ta-user-agents err="query tmux on /tmp/tmux-501/ta-user-agents: exit status 1: no server running on /tmp/tmux-501/ta-user-agents"
time=2026-08-21T23:15:21.578+08:00 level=WARN msg="level2: title unknown for provider" provider=grok codepoint=U+002B title="+ Agent 弹窗图标卡片重做 - grok" is_letter=false is_number=false leading_glyph=true status=unknown
time=2026-08-21T23:15:21.991+08:00 level=DEBUG msg="listing: no changes"
time=2026-08-21T23:15:22.135+08:00 level=INFO msg="shutting down"
time=2026-08-21T23:15:22.135+08:00 level=DEBUG msg="level2 loop stopped"
time=2026-08-21T23:15:22.135+08:00 level=DEBUG msg="listing loop stopped"
time=2026-08-21T23:15:22.154+08:00 level=DEBUG msg="pane restore size" ref="/Volumes/nvme/Projects/远程Agent安卓/.team/nodes/hl1-probe16/tmp/tmux/tmux-501/default\x1f%0" err="tmux: server unreachable"
