2026-08-21T01:11:14.038 [viewport] source=onViewportSizeChanged oldW=800 oldH=480 newW=800 newH=480 viewportSeeded=true emulatorRows=24 emulatorCols=80
2026-08-21T01:11:14.038 [viewport] viewportOutgrewEmulator: source=onViewportSizeChanged viewport_rows=24 emulator_rows=24 viewport_cols=80 emulator_cols=80 viewport_w=800 viewport_h=480 cell_w=10 cell_h=20 operandsReady=true → false
2026-08-21T01:11:14.038 [viewport] source=onViewportSizeChanged result resized=false outgrewGuard=false candidateRows=24 candidateCols=80 emulatorRows=24 emulatorCols=80
2026-08-21T01:11:14.038 [viewport] source=onRealViewportChanged oldW=800 oldH=480 newW=800 newH=480 viewportSeeded=true emulatorRows=24 emulatorCols=80
2026-08-21T01:11:14.038 [reflow] source=resume view_width_px=800 cell_width_px=10 derived_cols=80 last_sent_cols=80
2026-08-21T01:11:14.038 [viewport] viewportOutgrewEmulator: source=onRealViewportChanged viewport_rows=24 emulator_rows=24 viewport_cols=80 emulator_cols=80 viewport_w=800 viewport_h=480 cell_w=10 cell_h=20 operandsReady=true → false
2026-08-21T01:11:14.038 [viewport] source=onRealViewportChanged cellsDirty=false resume_rows=24 emulator_rows=24 resume_cols=80 emulator_cols=80 outgrew=false mismatch=false → false
2026-08-21T01:11:14.038 [viewport] source=onRealViewportChanged result resized=false outgrewGuard=false candidateRows=24 candidateCols=80 emulatorRows=24 emulatorCols=80
2026-08-21T01:11:35.343 [viewport] source=onViewportSizeChanged oldW=800 oldH=480 newW=800 newH=480 viewportSeeded=true emulatorRows=24 emulatorCols=80
2026-08-21T01:11:35.343 [viewport] viewportOutgrewEmulator: source=onViewportSizeChanged viewport_rows=24 emulator_rows=24 viewport_cols=80 emulator_cols=80 viewport_w=800 viewport_h=480 cell_w=10 cell_h=20 operandsReady=true → false
2026-08-21T01:11:35.343 [viewport] source=onViewportSizeChanged result resized=false outgrewGuard=false candidateRows=24 candidateCols=80 emulatorRows=24 emulatorCols=80
2026-08-21T01:11:35.343 [viewport] source=onRealViewportChanged oldW=800 oldH=480 newW=800 newH=480 viewportSeeded=true emulatorRows=24 emulatorCols=80
2026-08-21T01:11:35.345 [reflow] source=resume view_width_px=800 cell_width_px=10 derived_cols=80 last_sent_cols=80
2026-08-21T01:11:35.345 [viewport] viewportOutgrewEmulator: source=onRealViewportChanged viewport_rows=24 emulator_rows=24 viewport_cols=80 emulator_cols=80 viewport_w=800 viewport_h=480 cell_w=10 cell_h=20 operandsReady=true → false
2026-08-21T01:11:35.347 [viewport] source=onRealViewportChanged cellsDirty=false resume_rows=24 emulator_rows=24 resume_cols=80 emulator_cols=80 outgrew=false mismatch=false → false
2026-08-21T01:11:35.347 [viewport] source=onRealViewportChanged result resized=false outgrewGuard=false candidateRows=24 candidateCols=80 emulatorRows=24 emulatorCols=80
2026-08-21T01:12:08.135 [viewport] source=onViewportSizeChanged oldW=800 oldH=480 newW=800 newH=480 viewportSeeded=true emulatorRows=24 emulatorCols=80
2026-08-21T01:12:08.135 [viewport] viewportOutgrewEmulator: source=onViewportSizeChanged viewport_rows=24 emulator_rows=24 viewport_cols=80 emulator_cols=80 viewport_w=800 viewport_h=480 cell_w=10 cell_h=20 operandsReady=true → false
2026-08-21T01:12:08.135 [viewport] source=onViewportSizeChanged result resized=false outgrewGuard=false candidateRows=24 candidateCols=80 emulatorRows=24 emulatorCols=80
2026-08-21T01:12:08.135 [viewport] source=onRealViewportChanged oldW=800 oldH=480 newW=800 newH=480 viewportSeeded=true emulatorRows=24 emulatorCols=80
2026-08-21T01:12:08.138 [reflow] source=resume view_width_px=800 cell_width_px=10 derived_cols=80 last_sent_cols=80
2026-08-21T01:12:08.138 [viewport] viewportOutgrewEmulator: source=onRealViewportChanged viewport_rows=24 emulator_rows=24 viewport_cols=80 emulator_cols=80 viewport_w=800 viewport_h=480 cell_w=10 cell_h=20 operandsReady=true → false
2026-08-21T01:12:08.144 [viewport] source=onRealViewportChanged cellsDirty=false resume_rows=24 emulator_rows=24 resume_cols=80 emulator_cols=80 outgrew=false mismatch=false → false
2026-08-21T01:12:08.144 [viewport] source=onRealViewportChanged result resized=false outgrewGuard=false candidateRows=24 candidateCols=80 emulatorRows=24 emulatorCols=80
2026-08-21T01:12:43.114 [viewport] source=onViewportSizeChanged oldW=800 oldH=480 newW=800 newH=480 viewportSeeded=true emulatorRows=24 emulatorCols=80
2026-08-21T01:12:43.114 [viewport] viewportOutgrewEmulator: source=onViewportSizeChanged viewport_rows=24 emulator_rows=24 viewport_cols=80 emulator_cols=80 viewport_w=800 viewport_h=480 cell_w=10 cell_h=20 operandsReady=true → false
2026-08-21T01:12:43.114 [viewport] source=onViewportSizeChanged result resized=false outgrewGuard=false candidateRows=24 candidateCols=80 emulatorRows=24 emulatorCols=80
2026-08-21T01:12:43.114 [viewport] source=onRealViewportChanged oldW=800 oldH=480 newW=800 newH=480 viewportSeeded=true emulatorRows=24 emulatorCols=80
2026-08-21T01:12:43.114 [reflow] source=resume view_width_px=800 cell_width_px=10 derived_cols=80 last_sent_cols=80
2026-08-21T01:12:43.114 [viewport] viewportOutgrewEmulator: source=onRealViewportChanged viewport_rows=24 emulator_rows=24 viewport_cols=80 emulator_cols=80 viewport_w=800 viewport_h=480 cell_w=10 cell_h=20 operandsReady=true → false
2026-08-21T01:12:43.114 [viewport] source=onRealViewportChanged cellsDirty=false resume_rows=24 emulator_rows=24 resume_cols=80 emulator_cols=80 outgrew=false mismatch=false → false
2026-08-21T01:12:43.114 [viewport] source=onRealViewportChanged result resized=false outgrewGuard=false candidateRows=24 candidateCols=80 emulatorRows=24 emulatorCols=80
2026-08-21T01:12:43.117 [viewport] source=onViewportSizeChanged oldW=800 oldH=480 newW=800 newH=480 viewportSeeded=true emulatorRows=24 emulatorCols=80
2026-08-21T01:12:43.117 [viewport] viewportOutgrewEmulator: source=onViewportSizeChanged viewport_rows=24 emulator_rows=24 viewport_cols=80 emulator_cols=80 viewport_w=800 viewport_h=480 cell_w=10 cell_h=20 operandsReady=true → false
2026-08-21T01:12:43.117 [viewport] source=onViewportSizeChanged result resized=false outgrewGuard=false candidateRows=24 candidateCols=80 emulatorRows=24 emulatorCols=80
2026-08-21T01:12:43.117 [viewport] source=onRealViewportChanged oldW=800 oldH=480 newW=800 newH=480 viewportSeeded=true emulatorRows=24 emulatorCols=80
2026-08-21T01:12:43.117 [reflow] source=resume view_width_px=800 cell_width_px=10 derived_cols=80 last_sent_cols=80
2026-08-21T01:12:43.117 [viewport] viewportOutgrewEmulator: source=onRealViewportChanged viewport_rows=24 emulator_rows=24 viewport_cols=80 emulator_cols=80 viewport_w=800 viewport_h=480 cell_w=10 cell_h=20 operandsReady=true → false
2026-08-21T01:12:43.117 [viewport] source=onRealViewportChanged cellsDirty=false resume_rows=24 emulator_rows=24 resume_cols=80 emulator_cols=80 outgrew=false mismatch=false → false
2026-08-21T01:12:43.117 [viewport] source=onRealViewportChanged result resized=false outgrewGuard=false candidateRows=24 candidateCols=80 emulatorRows=24 emulatorCols=80
2026-08-21T01:38:51.837 [viewport] source=onViewportSizeChanged oldW=800 oldH=480 newW=800 newH=480 viewportSeeded=true emulatorRows=24 emulatorCols=80
2026-08-21T01:38:51.837 [viewport] viewportOutgrewEmulator: source=onViewportSizeChanged viewport_rows=24 emulator_rows=24 viewport_cols=80 emulator_cols=80 viewport_w=800 viewport_h=480 cell_w=10 cell_h=20 operandsReady=true → false
2026-08-21T01:38:51.837 [viewport] source=onViewportSizeChanged result resized=false outgrewGuard=false candidateRows=24 candidateCols=80 emulatorRows=24 emulatorCols=80
2026-08-21T01:38:51.837 [viewport] source=onRealViewportChanged oldW=800 oldH=480 newW=800 newH=480 viewportSeeded=true emulatorRows=24 emulatorCols=80
2026-08-21T01:38:51.837 [reflow] source=resume view_width_px=800 cell_width_px=10 derived_cols=80 last_sent_cols=80
2026-08-21T01:38:51.837 [viewport] viewportOutgrewEmulator: source=onRealViewportChanged viewport_rows=24 emulator_rows=24 viewport_cols=80 emulator_cols=80 viewport_w=800 viewport_h=480 cell_w=10 cell_h=20 operandsReady=true → false
2026-08-21T01:38:51.837 [viewport] source=onRealViewportChanged cellsDirty=false resume_rows=24 emulator_rows=24 resume_cols=80 emulator_cols=80 outgrew=false mismatch=false → false
2026-08-21T01:38:51.837 [viewport] source=onRealViewportChanged result resized=false outgrewGuard=false candidateRows=24 candidateCols=80 emulatorRows=24 emulatorCols=80
2026-08-21T01:39:15.815 [viewport] source=onViewportSizeChanged oldW=800 oldH=480 newW=800 newH=480 viewportSeeded=true emulatorRows=24 emulatorCols=80
2026-08-21T01:39:15.815 [viewport] viewportOutgrewEmulator: source=onViewportSizeChanged viewport_rows=24 emulator_rows=24 viewport_cols=80 emulator_cols=80 viewport_w=800 viewport_h=480 cell_w=10 cell_h=20 operandsReady=true → false
2026-08-21T01:39:15.815 [viewport] source=onViewportSizeChanged result resized=false outgrewGuard=false candidateRows=24 candidateCols=80 emulatorRows=24 emulatorCols=80
2026-08-21T01:39:15.815 [viewport] source=onRealViewportChanged oldW=800 oldH=480 newW=800 newH=480 viewportSeeded=true emulatorRows=24 emulatorCols=80
2026-08-21T01:39:15.815 [reflow] source=resume view_width_px=800 cell_width_px=10 derived_cols=80 last_sent_cols=80
2026-08-21T01:39:15.815 [viewport] viewportOutgrewEmulator: source=onRealViewportChanged viewport_rows=24 emulator_rows=24 viewport_cols=80 emulator_cols=80 viewport_w=800 viewport_h=480 cell_w=10 cell_h=20 operandsReady=true → false
2026-08-21T01:39:15.815 [viewport] source=onRealViewportChanged cellsDirty=false resume_rows=24 emulator_rows=24 resume_cols=80 emulator_cols=80 outgrew=false mismatch=false → false
2026-08-21T01:39:15.815 [viewport] source=onRealViewportChanged result resized=false outgrewGuard=false candidateRows=24 candidateCols=80 emulatorRows=24 emulatorCols=80
2026-08-21T01:52:03.006 [viewport] source=onViewportSizeChanged oldW=800 oldH=480 newW=800 newH=480 viewportSeeded=true emulatorRows=24 emulatorCols=80
2026-08-21T01:52:03.006 [viewport] viewportOutgrewEmulator: source=onViewportSizeChanged viewport_rows=24 emulator_rows=24 viewport_cols=80 emulator_cols=80 viewport_w=800 viewport_h=480 cell_w=10 cell_h=20 operandsReady=true → false
2026-08-21T01:52:03.006 [viewport] source=onViewportSizeChanged result resized=false outgrewGuard=false candidateRows=24 candidateCols=80 emulatorRows=24 emulatorCols=80
2026-08-21T01:52:03.006 [viewport] source=onRealViewportChanged oldW=800 oldH=480 newW=800 newH=480 viewportSeeded=true emulatorRows=24 emulatorCols=80
2026-08-21T01:52:03.006 [reflow] source=resume view_width_px=800 cell_width_px=10 derived_cols=80 last_sent_cols=80
2026-08-21T01:52:03.006 [viewport] viewportOutgrewEmulator: source=onRealViewportChanged viewport_rows=24 emulator_rows=24 viewport_cols=80 emulator_cols=80 viewport_w=800 viewport_h=480 cell_w=10 cell_h=20 operandsReady=true → false
2026-08-21T01:52:03.006 [viewport] source=onRealViewportChanged cellsDirty=false resume_rows=24 emulator_rows=24 resume_cols=80 emulator_cols=80 outgrew=false mismatch=false → false
2026-08-21T01:52:03.006 [viewport] source=onRealViewportChanged result resized=false outgrewGuard=false candidateRows=24 candidateCols=80 emulatorRows=24 emulatorCols=80
2026-08-21T01:52:09.973 [viewport] source=onViewportSizeChanged oldW=800 oldH=480 newW=800 newH=480 viewportSeeded=true emulatorRows=24 emulatorCols=80
2026-08-21T01:52:09.973 [viewport] viewportOutgrewEmulator: source=onViewportSizeChanged viewport_rows=24 emulator_rows=24 viewport_cols=80 emulator_cols=80 viewport_w=800 viewport_h=480 cell_w=10 cell_h=20 operandsReady=true → false
2026-08-21T01:52:09.973 [viewport] source=onViewportSizeChanged result resized=false outgrewGuard=false candidateRows=24 candidateCols=80 emulatorRows=24 emulatorCols=80
2026-08-21T01:52:09.973 [viewport] source=onRealViewportChanged oldW=800 oldH=480 newW=800 newH=480 viewportSeeded=true emulatorRows=24 emulatorCols=80
2026-08-21T01:52:09.973 [reflow] source=resume view_width_px=800 cell_width_px=10 derived_cols=80 last_sent_cols=80
2026-08-21T01:52:09.973 [viewport] viewportOutgrewEmulator: source=onRealViewportChanged viewport_rows=24 emulator_rows=24 viewport_cols=80 emulator_cols=80 viewport_w=800 viewport_h=480 cell_w=10 cell_h=20 operandsReady=true → false
2026-08-21T01:52:09.973 [viewport] source=onRealViewportChanged cellsDirty=false resume_rows=24 emulator_rows=24 resume_cols=80 emulator_cols=80 outgrew=false mismatch=false → false
2026-08-21T01:52:09.973 [viewport] source=onRealViewportChanged result resized=false outgrewGuard=false candidateRows=24 candidateCols=80 emulatorRows=24 emulatorCols=80
2026-08-21T01:52:30.564 [viewport] source=onViewportSizeChanged oldW=800 oldH=480 newW=800 newH=480 viewportSeeded=true emulatorRows=24 emulatorCols=80
2026-08-21T01:52:30.564 [viewport] viewportOutgrewEmulator: source=onViewportSizeChanged viewport_rows=24 emulator_rows=24 viewport_cols=80 emulator_cols=80 viewport_w=800 viewport_h=480 cell_w=10 cell_h=20 operandsReady=true → false
2026-08-21T01:52:30.564 [viewport] source=onViewportSizeChanged result resized=false outgrewGuard=false candidateRows=24 candidateCols=80 emulatorRows=24 emulatorCols=80
2026-08-21T01:52:30.564 [viewport] source=onRealViewportChanged oldW=800 oldH=480 newW=800 newH=480 viewportSeeded=true emulatorRows=24 emulatorCols=80
2026-08-21T01:52:30.564 [reflow] source=resume view_width_px=800 cell_width_px=10 derived_cols=80 last_sent_cols=80
2026-08-21T01:52:30.564 [viewport] viewportOutgrewEmulator: source=onRealViewportChanged viewport_rows=24 emulator_rows=24 viewport_cols=80 emulator_cols=80 viewport_w=800 viewport_h=480 cell_w=10 cell_h=20 operandsReady=true → false
2026-08-21T01:52:30.564 [viewport] source=onRealViewportChanged cellsDirty=false resume_rows=24 emulator_rows=24 resume_cols=80 emulator_cols=80 outgrew=false mismatch=false → false
2026-08-21T01:52:30.564 [viewport] source=onRealViewportChanged result resized=false outgrewGuard=false candidateRows=24 candidateCols=80 emulatorRows=24 emulatorCols=80
2026-08-21T01:52:48.112 [viewport] source=onViewportSizeChanged oldW=800 oldH=480 newW=800 newH=480 viewportSeeded=true emulatorRows=24 emulatorCols=80
2026-08-21T01:52:48.112 [viewport] viewportOutgrewEmulator: source=onViewportSizeChanged viewport_rows=24 emulator_rows=24 viewport_cols=80 emulator_cols=80 viewport_w=800 viewport_h=480 cell_w=10 cell_h=20 operandsReady=true → false
2026-08-21T01:52:48.112 [viewport] source=onViewportSizeChanged result resized=false outgrewGuard=false candidateRows=24 candidateCols=80 emulatorRows=24 emulatorCols=80
2026-08-21T01:52:48.112 [viewport] source=onRealViewportChanged oldW=800 oldH=480 newW=800 newH=480 viewportSeeded=true emulatorRows=24 emulatorCols=80
2026-08-21T01:52:48.112 [reflow] source=resume view_width_px=800 cell_width_px=10 derived_cols=80 last_sent_cols=80
2026-08-21T01:52:48.112 [viewport] viewportOutgrewEmulator: source=onRealViewportChanged viewport_rows=24 emulator_rows=24 viewport_cols=80 emulator_cols=80 viewport_w=800 viewport_h=480 cell_w=10 cell_h=20 operandsReady=true → false
2026-08-21T01:52:48.112 [viewport] source=onRealViewportChanged cellsDirty=false resume_rows=24 emulator_rows=24 resume_cols=80 emulator_cols=80 outgrew=false mismatch=false → false
2026-08-21T01:52:48.112 [viewport] source=onRealViewportChanged result resized=false outgrewGuard=false candidateRows=24 candidateCols=80 emulatorRows=24 emulatorCols=80
2026-08-21T01:54:27.796 [viewport] source=onViewportSizeChanged oldW=800 oldH=480 newW=800 newH=480 viewportSeeded=true emulatorRows=24 emulatorCols=80
2026-08-21T01:54:27.796 [viewport] viewportOutgrewEmulator: source=onViewportSizeChanged viewport_rows=24 emulator_rows=24 viewport_cols=80 emulator_cols=80 viewport_w=800 viewport_h=480 cell_w=10 cell_h=20 operandsReady=true → false
2026-08-21T01:54:27.796 [viewport] source=onViewportSizeChanged result resized=false outgrewGuard=false candidateRows=24 candidateCols=80 emulatorRows=24 emulatorCols=80
2026-08-21T01:54:27.796 [viewport] source=onRealViewportChanged oldW=800 oldH=480 newW=800 newH=480 viewportSeeded=true emulatorRows=24 emulatorCols=80
2026-08-21T01:54:27.796 [reflow] source=resume view_width_px=800 cell_width_px=10 derived_cols=80 last_sent_cols=80
2026-08-21T01:54:27.796 [viewport] viewportOutgrewEmulator: source=onRealViewportChanged viewport_rows=24 emulator_rows=24 viewport_cols=80 emulator_cols=80 viewport_w=800 viewport_h=480 cell_w=10 cell_h=20 operandsReady=true → false
2026-08-21T01:54:27.796 [viewport] source=onRealViewportChanged cellsDirty=false resume_rows=24 emulator_rows=24 resume_cols=80 emulator_cols=80 outgrew=false mismatch=false → false
2026-08-21T01:54:27.796 [viewport] source=onRealViewportChanged result resized=false outgrewGuard=false candidateRows=24 candidateCols=80 emulatorRows=24 emulatorCols=80
2026-08-21T01:54:51.851 [viewport] source=onViewportSizeChanged oldW=800 oldH=480 newW=800 newH=480 viewportSeeded=true emulatorRows=24 emulatorCols=80
2026-08-21T01:54:51.851 [viewport] viewportOutgrewEmulator: source=onViewportSizeChanged viewport_rows=24 emulator_rows=24 viewport_cols=80 emulator_cols=80 viewport_w=800 viewport_h=480 cell_w=10 cell_h=20 operandsReady=true → false
2026-08-21T01:54:51.851 [viewport] source=onViewportSizeChanged result resized=false outgrewGuard=false candidateRows=24 candidateCols=80 emulatorRows=24 emulatorCols=80
2026-08-21T01:54:51.851 [viewport] source=onRealViewportChanged oldW=800 oldH=480 newW=800 newH=480 viewportSeeded=true emulatorRows=24 emulatorCols=80
2026-08-21T01:54:51.851 [reflow] source=resume view_width_px=800 cell_width_px=10 derived_cols=80 last_sent_cols=80
2026-08-21T01:54:51.851 [viewport] viewportOutgrewEmulator: source=onRealViewportChanged viewport_rows=24 emulator_rows=24 viewport_cols=80 emulator_cols=80 viewport_w=800 viewport_h=480 cell_w=10 cell_h=20 operandsReady=true → false
2026-08-21T01:54:51.851 [viewport] source=onRealViewportChanged cellsDirty=false resume_rows=24 emulator_rows=24 resume_cols=80 emulator_cols=80 outgrew=false mismatch=false → false
2026-08-21T01:54:51.851 [viewport] source=onRealViewportChanged result resized=false outgrewGuard=false candidateRows=24 candidateCols=80 emulatorRows=24 emulatorCols=80
2026-08-21T01:57:21.199 [viewport] source=onViewportSizeChanged oldW=800 oldH=480 newW=800 newH=480 viewportSeeded=true emulatorRows=24 emulatorCols=80
2026-08-21T01:57:21.199 [viewport] viewportOutgrewEmulator: source=onViewportSizeChanged viewport_rows=24 emulator_rows=24 viewport_cols=80 emulator_cols=80 viewport_w=800 viewport_h=480 cell_w=10 cell_h=20 operandsReady=true → false
2026-08-21T01:57:21.199 [viewport] source=onViewportSizeChanged result resized=false outgrewGuard=false candidateRows=24 candidateCols=80 emulatorRows=24 emulatorCols=80
2026-08-21T01:57:21.199 [viewport] source=onRealViewportChanged oldW=800 oldH=480 newW=800 newH=480 viewportSeeded=true emulatorRows=24 emulatorCols=80
2026-08-21T01:57:21.199 [reflow] source=resume view_width_px=800 cell_width_px=10 derived_cols=80 last_sent_cols=80
2026-08-21T01:57:21.199 [viewport] viewportOutgrewEmulator: source=onRealViewportChanged viewport_rows=24 emulator_rows=24 viewport_cols=80 emulator_cols=80 viewport_w=800 viewport_h=480 cell_w=10 cell_h=20 operandsReady=true → false
2026-08-21T01:57:21.199 [viewport] source=onRealViewportChanged cellsDirty=false resume_rows=24 emulator_rows=24 resume_cols=80 emulator_cols=80 outgrew=false mismatch=false → false
2026-08-21T01:57:21.199 [viewport] source=onRealViewportChanged result resized=false outgrewGuard=false candidateRows=24 candidateCols=80 emulatorRows=24 emulatorCols=80
2026-08-21T01:58:18.437 [viewport] source=onViewportSizeChanged oldW=800 oldH=480 newW=800 newH=480 viewportSeeded=true emulatorRows=24 emulatorCols=80
2026-08-21T01:58:18.437 [viewport] viewportOutgrewEmulator: source=onViewportSizeChanged viewport_rows=24 emulator_rows=24 viewport_cols=80 emulator_cols=80 viewport_w=800 viewport_h=480 cell_w=10 cell_h=20 operandsReady=true → false
2026-08-21T01:58:18.437 [viewport] source=onViewportSizeChanged result resized=false outgrewGuard=false candidateRows=24 candidateCols=80 emulatorRows=24 emulatorCols=80
2026-08-21T01:58:18.437 [viewport] source=onRealViewportChanged oldW=800 oldH=480 newW=800 newH=480 viewportSeeded=true emulatorRows=24 emulatorCols=80
2026-08-21T01:58:18.437 [reflow] source=resume view_width_px=800 cell_width_px=10 derived_cols=80 last_sent_cols=80
2026-08-21T01:58:18.437 [viewport] viewportOutgrewEmulator: source=onRealViewportChanged viewport_rows=24 emulator_rows=24 viewport_cols=80 emulator_cols=80 viewport_w=800 viewport_h=480 cell_w=10 cell_h=20 operandsReady=true → false
2026-08-21T01:58:18.437 [viewport] source=onRealViewportChanged cellsDirty=false resume_rows=24 emulator_rows=24 resume_cols=80 emulator_cols=80 outgrew=false mismatch=false → false
2026-08-21T01:58:18.437 [viewport] source=onRealViewportChanged result resized=false outgrewGuard=false candidateRows=24 candidateCols=80 emulatorRows=24 emulatorCols=80
2026-08-21T01:59:02.747 [viewport] source=onViewportSizeChanged oldW=800 oldH=480 newW=800 newH=480 viewportSeeded=true emulatorRows=24 emulatorCols=80
2026-08-21T01:59:02.747 [viewport] viewportOutgrewEmulator: source=onViewportSizeChanged viewport_rows=24 emulator_rows=24 viewport_cols=80 emulator_cols=80 viewport_w=800 viewport_h=480 cell_w=10 cell_h=20 operandsReady=true → false
2026-08-21T01:59:02.747 [viewport] source=onViewportSizeChanged result resized=false outgrewGuard=false candidateRows=24 candidateCols=80 emulatorRows=24 emulatorCols=80
2026-08-21T01:59:02.747 [viewport] source=onRealViewportChanged oldW=800 oldH=480 newW=800 newH=480 viewportSeeded=true emulatorRows=24 emulatorCols=80
2026-08-21T01:59:02.747 [reflow] source=resume view_width_px=800 cell_width_px=10 derived_cols=80 last_sent_cols=80
2026-08-21T01:59:02.747 [viewport] viewportOutgrewEmulator: source=onRealViewportChanged viewport_rows=24 emulator_rows=24 viewport_cols=80 emulator_cols=80 viewport_w=800 viewport_h=480 cell_w=10 cell_h=20 operandsReady=true → false
2026-08-21T01:59:02.747 [viewport] source=onRealViewportChanged cellsDirty=false resume_rows=24 emulator_rows=24 resume_cols=80 emulator_cols=80 outgrew=false mismatch=false → false
2026-08-21T01:59:02.747 [viewport] source=onRealViewportChanged result resized=false outgrewGuard=false candidateRows=24 candidateCols=80 emulatorRows=24 emulatorCols=80
2026-08-21T01:59:08.954 [viewport] source=onViewportSizeChanged oldW=800 oldH=480 newW=800 newH=480 viewportSeeded=true emulatorRows=24 emulatorCols=80
2026-08-21T01:59:08.955 [viewport] viewportOutgrewEmulator: source=onViewportSizeChanged viewport_rows=24 emulator_rows=24 viewport_cols=80 emulator_cols=80 viewport_w=800 viewport_h=480 cell_w=10 cell_h=20 operandsReady=true → false
2026-08-21T01:59:08.955 [viewport] source=onViewportSizeChanged result resized=false outgrewGuard=false candidateRows=24 candidateCols=80 emulatorRows=24 emulatorCols=80
2026-08-21T01:59:08.955 [viewport] source=onRealViewportChanged oldW=800 oldH=480 newW=800 newH=480 viewportSeeded=true emulatorRows=24 emulatorCols=80
2026-08-21T01:59:08.955 [reflow] source=resume view_width_px=800 cell_width_px=10 derived_cols=80 last_sent_cols=80
2026-08-21T01:59:08.955 [viewport] viewportOutgrewEmulator: source=onRealViewportChanged viewport_rows=24 emulator_rows=24 viewport_cols=80 emulator_cols=80 viewport_w=800 viewport_h=480 cell_w=10 cell_h=20 operandsReady=true → false
2026-08-21T01:59:08.955 [viewport] source=onRealViewportChanged cellsDirty=false resume_rows=24 emulator_rows=24 resume_cols=80 emulator_cols=80 outgrew=false mismatch=false → false
2026-08-21T01:59:08.955 [viewport] source=onRealViewportChanged result resized=false outgrewGuard=false candidateRows=24 candidateCols=80 emulatorRows=24 emulatorCols=80
2026-08-21T01:59:16.482 [viewport] source=onViewportSizeChanged oldW=800 oldH=480 newW=800 newH=480 viewportSeeded=true emulatorRows=24 emulatorCols=80
2026-08-21T01:59:16.482 [viewport] viewportOutgrewEmulator: source=onViewportSizeChanged viewport_rows=24 emulator_rows=24 viewport_cols=80 emulator_cols=80 viewport_w=800 viewport_h=480 cell_w=10 cell_h=20 operandsReady=true → false
2026-08-21T01:59:16.482 [viewport] source=onViewportSizeChanged result resized=false outgrewGuard=false candidateRows=24 candidateCols=80 emulatorRows=24 emulatorCols=80
2026-08-21T01:59:16.482 [viewport] source=onRealViewportChanged oldW=800 oldH=480 newW=800 newH=480 viewportSeeded=true emulatorRows=24 emulatorCols=80
2026-08-21T01:59:16.482 [reflow] source=resume view_width_px=800 cell_width_px=10 derived_cols=80 last_sent_cols=80
2026-08-21T01:59:16.482 [viewport] viewportOutgrewEmulator: source=onRealViewportChanged viewport_rows=24 emulator_rows=24 viewport_cols=80 emulator_cols=80 viewport_w=800 viewport_h=480 cell_w=10 cell_h=20 operandsReady=true → false
2026-08-21T01:59:16.482 [viewport] source=onRealViewportChanged cellsDirty=false resume_rows=24 emulator_rows=24 resume_cols=80 emulator_cols=80 outgrew=false mismatch=false → false
2026-08-21T01:59:16.482 [viewport] source=onRealViewportChanged result resized=false outgrewGuard=false candidateRows=24 candidateCols=80 emulatorRows=24 emulatorCols=80
2026-08-21T01:59:54.543 [viewport] source=onViewportSizeChanged oldW=800 oldH=480 newW=800 newH=480 viewportSeeded=true emulatorRows=24 emulatorCols=80
2026-08-21T01:59:54.543 [viewport] viewportOutgrewEmulator: source=onViewportSizeChanged viewport_rows=24 emulator_rows=24 viewport_cols=80 emulator_cols=80 viewport_w=800 viewport_h=480 cell_w=10 cell_h=20 operandsReady=true → false
2026-08-21T01:59:54.543 [viewport] source=onViewportSizeChanged result resized=false outgrewGuard=false candidateRows=24 candidateCols=80 emulatorRows=24 emulatorCols=80
2026-08-21T01:59:54.543 [viewport] source=onRealViewportChanged oldW=800 oldH=480 newW=800 newH=480 viewportSeeded=true emulatorRows=24 emulatorCols=80
2026-08-21T01:59:54.543 [reflow] source=resume view_width_px=800 cell_width_px=10 derived_cols=80 last_sent_cols=80
2026-08-21T01:59:54.543 [viewport] viewportOutgrewEmulator: source=onRealViewportChanged viewport_rows=24 emulator_rows=24 viewport_cols=80 emulator_cols=80 viewport_w=800 viewport_h=480 cell_w=10 cell_h=20 operandsReady=true → false
2026-08-21T01:59:54.543 [viewport] source=onRealViewportChanged cellsDirty=false resume_rows=24 emulator_rows=24 resume_cols=80 emulator_cols=80 outgrew=false mismatch=false → false
2026-08-21T01:59:54.543 [viewport] source=onRealViewportChanged result resized=false outgrewGuard=false candidateRows=24 candidateCols=80 emulatorRows=24 emulatorCols=80
2026-08-21T02:00:37.886 [viewport] source=onViewportSizeChanged oldW=800 oldH=480 newW=800 newH=480 viewportSeeded=true emulatorRows=24 emulatorCols=80
2026-08-21T02:00:37.886 [viewport] viewportOutgrewEmulator: source=onViewportSizeChanged viewport_rows=24 emulator_rows=24 viewport_cols=80 emulator_cols=80 viewport_w=800 viewport_h=480 cell_w=10 cell_h=20 operandsReady=true → false
2026-08-21T02:00:37.886 [viewport] source=onViewportSizeChanged result resized=false outgrewGuard=false candidateRows=24 candidateCols=80 emulatorRows=24 emulatorCols=80
2026-08-21T02:00:37.886 [viewport] source=onRealViewportChanged oldW=800 oldH=480 newW=800 newH=480 viewportSeeded=true emulatorRows=24 emulatorCols=80
2026-08-21T02:00:37.886 [reflow] source=resume view_width_px=800 cell_width_px=10 derived_cols=80 last_sent_cols=80
2026-08-21T02:00:37.886 [viewport] viewportOutgrewEmulator: source=onRealViewportChanged viewport_rows=24 emulator_rows=24 viewport_cols=80 emulator_cols=80 viewport_w=800 viewport_h=480 cell_w=10 cell_h=20 operandsReady=true → false
2026-08-21T02:00:37.886 [viewport] source=onRealViewportChanged cellsDirty=false resume_rows=24 emulator_rows=24 resume_cols=80 emulator_cols=80 outgrew=false mismatch=false → false
2026-08-21T02:00:37.886 [viewport] source=onRealViewportChanged result resized=false outgrewGuard=false candidateRows=24 candidateCols=80 emulatorRows=24 emulatorCols=80
2026-08-21T02:00:56.286 [viewport] source=onViewportSizeChanged oldW=800 oldH=480 newW=800 newH=480 viewportSeeded=true emulatorRows=24 emulatorCols=80
2026-08-21T02:00:56.287 [viewport] viewportOutgrewEmulator: source=onViewportSizeChanged viewport_rows=24 emulator_rows=24 viewport_cols=80 emulator_cols=80 viewport_w=800 viewport_h=480 cell_w=10 cell_h=20 operandsReady=true → false
2026-08-21T02:00:56.287 [viewport] source=onViewportSizeChanged result resized=false outgrewGuard=false candidateRows=24 candidateCols=80 emulatorRows=24 emulatorCols=80
2026-08-21T02:00:56.287 [viewport] source=onRealViewportChanged oldW=800 oldH=480 newW=800 newH=480 viewportSeeded=true emulatorRows=24 emulatorCols=80
2026-08-21T02:00:56.287 [reflow] source=resume view_width_px=800 cell_width_px=10 derived_cols=80 last_sent_cols=80
2026-08-21T02:00:56.287 [viewport] viewportOutgrewEmulator: source=onRealViewportChanged viewport_rows=24 emulator_rows=24 viewport_cols=80 emulator_cols=80 viewport_w=800 viewport_h=480 cell_w=10 cell_h=20 operandsReady=true → false
2026-08-21T02:00:56.287 [viewport] source=onRealViewportChanged cellsDirty=false resume_rows=24 emulator_rows=24 resume_cols=80 emulator_cols=80 outgrew=false mismatch=false → false
2026-08-21T02:00:56.287 [viewport] source=onRealViewportChanged result resized=false outgrewGuard=false candidateRows=24 candidateCols=80 emulatorRows=24 emulatorCols=80
2026-08-21T02:01:09.554 [viewport] source=onViewportSizeChanged oldW=800 oldH=480 newW=800 newH=480 viewportSeeded=true emulatorRows=24 emulatorCols=80
2026-08-21T02:01:09.554 [viewport] viewportOutgrewEmulator: source=onViewportSizeChanged viewport_rows=24 emulator_rows=24 viewport_cols=80 emulator_cols=80 viewport_w=800 viewport_h=480 cell_w=10 cell_h=20 operandsReady=true → false
2026-08-21T02:01:09.554 [viewport] source=onViewportSizeChanged result resized=false outgrewGuard=false candidateRows=24 candidateCols=80 emulatorRows=24 emulatorCols=80
2026-08-21T02:01:09.554 [viewport] source=onRealViewportChanged oldW=800 oldH=480 newW=800 newH=480 viewportSeeded=true emulatorRows=24 emulatorCols=80
2026-08-21T02:01:09.554 [reflow] source=resume view_width_px=800 cell_width_px=10 derived_cols=80 last_sent_cols=80
2026-08-21T02:01:09.554 [viewport] viewportOutgrewEmulator: source=onRealViewportChanged viewport_rows=24 emulator_rows=24 viewport_cols=80 emulator_cols=80 viewport_w=800 viewport_h=480 cell_w=10 cell_h=20 operandsReady=true → false
2026-08-21T02:01:09.554 [viewport] source=onRealViewportChanged cellsDirty=false resume_rows=24 emulator_rows=24 resume_cols=80 emulator_cols=80 outgrew=false mismatch=false → false
2026-08-21T02:01:09.554 [viewport] source=onRealViewportChanged result resized=false outgrewGuard=false candidateRows=24 candidateCols=80 emulatorRows=24 emulatorCols=80
2026-08-21T02:01:30.793 [viewport] source=onViewportSizeChanged oldW=800 oldH=480 newW=800 newH=480 viewportSeeded=true emulatorRows=24 emulatorCols=80
2026-08-21T02:01:30.793 [viewport] viewportOutgrewEmulator: source=onViewportSizeChanged viewport_rows=24 emulator_rows=24 viewport_cols=80 emulator_cols=80 viewport_w=800 viewport_h=480 cell_w=10 cell_h=20 operandsReady=true → false
2026-08-21T02:01:30.793 [viewport] source=onViewportSizeChanged result resized=false outgrewGuard=false candidateRows=24 candidateCols=80 emulatorRows=24 emulatorCols=80
2026-08-21T02:01:30.793 [viewport] source=onRealViewportChanged oldW=800 oldH=480 newW=800 newH=480 viewportSeeded=true emulatorRows=24 emulatorCols=80
2026-08-21T02:01:30.793 [reflow] source=resume view_width_px=800 cell_width_px=10 derived_cols=80 last_sent_cols=80
2026-08-21T02:01:30.793 [viewport] viewportOutgrewEmulator: source=onRealViewportChanged viewport_rows=24 emulator_rows=24 viewport_cols=80 emulator_cols=80 viewport_w=800 viewport_h=480 cell_w=10 cell_h=20 operandsReady=true → false
2026-08-21T02:01:30.793 [viewport] source=onRealViewportChanged cellsDirty=false resume_rows=24 emulator_rows=24 resume_cols=80 emulator_cols=80 outgrew=false mismatch=false → false
2026-08-21T02:01:30.793 [viewport] source=onRealViewportChanged result resized=false outgrewGuard=false candidateRows=24 candidateCols=80 emulatorRows=24 emulatorCols=80
2026-08-21T02:08:13.088 [viewport] source=onViewportSizeChanged oldW=800 oldH=480 newW=800 newH=480 viewportSeeded=true emulatorRows=24 emulatorCols=80
2026-08-21T02:08:13.088 [viewport] viewportOutgrewEmulator: source=onViewportSizeChanged viewport_rows=24 emulator_rows=24 viewport_cols=80 emulator_cols=80 viewport_w=800 viewport_h=480 cell_w=10 cell_h=20 operandsReady=true → false
2026-08-21T02:08:13.088 [viewport] source=onViewportSizeChanged result resized=false outgrewGuard=false candidateRows=24 candidateCols=80 emulatorRows=24 emulatorCols=80
2026-08-21T02:08:13.088 [viewport] source=onRealViewportChanged oldW=800 oldH=480 newW=800 newH=480 viewportSeeded=true emulatorRows=24 emulatorCols=80
2026-08-21T02:08:13.089 [reflow] source=resume view_width_px=800 cell_width_px=10 derived_cols=80 last_sent_cols=80
2026-08-21T02:08:13.089 [viewport] viewportOutgrewEmulator: source=onRealViewportChanged viewport_rows=24 emulator_rows=24 viewport_cols=80 emulator_cols=80 viewport_w=800 viewport_h=480 cell_w=10 cell_h=20 operandsReady=true → false
2026-08-21T02:08:13.089 [viewport] source=onRealViewportChanged cellsDirty=false resume_rows=24 emulator_rows=24 resume_cols=80 emulator_cols=80 outgrew=false mismatch=false → false
2026-08-21T02:08:13.089 [viewport] source=onRealViewportChanged result resized=false outgrewGuard=false candidateRows=24 candidateCols=80 emulatorRows=24 emulatorCols=80
2026-08-21T02:08:49.023 [viewport] source=onViewportSizeChanged oldW=800 oldH=480 newW=800 newH=480 viewportSeeded=true emulatorRows=24 emulatorCols=80
2026-08-21T02:08:49.023 [viewport] viewportOutgrewEmulator: source=onViewportSizeChanged viewport_rows=24 emulator_rows=24 viewport_cols=80 emulator_cols=80 viewport_w=800 viewport_h=480 cell_w=10 cell_h=20 operandsReady=true → false
2026-08-21T02:08:49.023 [viewport] source=onViewportSizeChanged result resized=false outgrewGuard=false candidateRows=24 candidateCols=80 emulatorRows=24 emulatorCols=80
2026-08-21T02:08:49.023 [viewport] source=onRealViewportChanged oldW=800 oldH=480 newW=800 newH=480 viewportSeeded=true emulatorRows=24 emulatorCols=80
2026-08-21T02:08:49.023 [reflow] source=resume view_width_px=800 cell_width_px=10 derived_cols=80 last_sent_cols=80
2026-08-21T02:08:49.023 [viewport] viewportOutgrewEmulator: source=onRealViewportChanged viewport_rows=24 emulator_rows=24 viewport_cols=80 emulator_cols=80 viewport_w=800 viewport_h=480 cell_w=10 cell_h=20 operandsReady=true → false
2026-08-21T02:08:49.023 [viewport] source=onRealViewportChanged cellsDirty=false resume_rows=24 emulator_rows=24 resume_cols=80 emulator_cols=80 outgrew=false mismatch=false → false
2026-08-21T02:08:49.023 [viewport] source=onRealViewportChanged result resized=false outgrewGuard=false candidateRows=24 candidateCols=80 emulatorRows=24 emulatorCols=80
2026-08-21T02:17:45.676 [viewport] source=onViewportSizeChanged oldW=800 oldH=480 newW=800 newH=480 viewportSeeded=true emulatorRows=24 emulatorCols=80
2026-08-21T02:17:45.676 [viewport] viewportOutgrewEmulator: source=onViewportSizeChanged viewport_rows=24 emulator_rows=24 viewport_cols=80 emulator_cols=80 viewport_w=800 viewport_h=480 cell_w=10 cell_h=20 operandsReady=true → false
2026-08-21T02:17:45.676 [viewport] source=onViewportSizeChanged result resized=false outgrewGuard=false candidateRows=24 candidateCols=80 emulatorRows=24 emulatorCols=80
2026-08-21T02:17:45.676 [viewport] source=onRealViewportChanged oldW=800 oldH=480 newW=800 newH=480 viewportSeeded=true emulatorRows=24 emulatorCols=80
2026-08-21T02:17:45.677 [reflow] source=resume view_width_px=800 cell_width_px=10 derived_cols=80 last_sent_cols=80
2026-08-21T02:17:45.677 [viewport] viewportOutgrewEmulator: source=onRealViewportChanged viewport_rows=24 emulator_rows=24 viewport_cols=80 emulator_cols=80 viewport_w=800 viewport_h=480 cell_w=10 cell_h=20 operandsReady=true → false
2026-08-21T02:17:45.677 [viewport] source=onRealViewportChanged cellsDirty=false resume_rows=24 emulator_rows=24 resume_cols=80 emulator_cols=80 outgrew=false mismatch=false → false
2026-08-21T02:17:45.677 [viewport] source=onRealViewportChanged result resized=false outgrewGuard=false candidateRows=24 candidateCols=80 emulatorRows=24 emulatorCols=80
2026-08-21T02:18:11.265 [viewport] source=onViewportSizeChanged oldW=800 oldH=480 newW=800 newH=480 viewportSeeded=true emulatorRows=24 emulatorCols=80
2026-08-21T02:18:11.265 [viewport] viewportOutgrewEmulator: source=onViewportSizeChanged viewport_rows=24 emulator_rows=24 viewport_cols=80 emulator_cols=80 viewport_w=800 viewport_h=480 cell_w=10 cell_h=20 operandsReady=true → false
2026-08-21T02:18:11.265 [viewport] source=onViewportSizeChanged result resized=false outgrewGuard=false candidateRows=24 candidateCols=80 emulatorRows=24 emulatorCols=80
2026-08-21T02:18:11.265 [viewport] source=onRealViewportChanged oldW=800 oldH=480 newW=800 newH=480 viewportSeeded=true emulatorRows=24 emulatorCols=80
2026-08-21T02:18:11.265 [reflow] source=resume view_width_px=800 cell_width_px=10 derived_cols=80 last_sent_cols=80
2026-08-21T02:18:11.265 [viewport] viewportOutgrewEmulator: source=onRealViewportChanged viewport_rows=24 emulator_rows=24 viewport_cols=80 emulator_cols=80 viewport_w=800 viewport_h=480 cell_w=10 cell_h=20 operandsReady=true → false
2026-08-21T02:18:11.265 [viewport] source=onRealViewportChanged cellsDirty=false resume_rows=24 emulator_rows=24 resume_cols=80 emulator_cols=80 outgrew=false mismatch=false → false
2026-08-21T02:18:11.265 [viewport] source=onRealViewportChanged result resized=false outgrewGuard=false candidateRows=24 candidateCols=80 emulatorRows=24 emulatorCols=80
2026-08-21T02:19:05.880 [viewport] source=onViewportSizeChanged oldW=800 oldH=480 newW=800 newH=480 viewportSeeded=true emulatorRows=24 emulatorCols=80
2026-08-21T02:19:05.880 [viewport] viewportOutgrewEmulator: source=onViewportSizeChanged viewport_rows=24 emulator_rows=24 viewport_cols=80 emulator_cols=80 viewport_w=800 viewport_h=480 cell_w=10 cell_h=20 operandsReady=true → false
2026-08-21T02:19:05.880 [viewport] source=onViewportSizeChanged result resized=false outgrewGuard=false candidateRows=24 candidateCols=80 emulatorRows=24 emulatorCols=80
2026-08-21T02:19:05.880 [viewport] source=onRealViewportChanged oldW=800 oldH=480 newW=800 newH=480 viewportSeeded=true emulatorRows=24 emulatorCols=80
2026-08-21T02:19:05.880 [reflow] source=resume view_width_px=800 cell_width_px=10 derived_cols=80 last_sent_cols=80
2026-08-21T02:19:05.880 [viewport] viewportOutgrewEmulator: source=onRealViewportChanged viewport_rows=24 emulator_rows=24 viewport_cols=80 emulator_cols=80 viewport_w=800 viewport_h=480 cell_w=10 cell_h=20 operandsReady=true → false
2026-08-21T02:19:05.880 [viewport] source=onRealViewportChanged cellsDirty=false resume_rows=24 emulator_rows=24 resume_cols=80 emulator_cols=80 outgrew=false mismatch=false → false
2026-08-21T02:19:05.880 [viewport] source=onRealViewportChanged result resized=false outgrewGuard=false candidateRows=24 candidateCols=80 emulatorRows=24 emulatorCols=80
2026-08-21T02:19:32.408 [viewport] source=onViewportSizeChanged oldW=800 oldH=480 newW=800 newH=480 viewportSeeded=true emulatorRows=24 emulatorCols=80
2026-08-21T02:19:32.408 [viewport] viewportOutgrewEmulator: source=onViewportSizeChanged viewport_rows=24 emulator_rows=24 viewport_cols=80 emulator_cols=80 viewport_w=800 viewport_h=480 cell_w=10 cell_h=20 operandsReady=true → false
2026-08-21T02:19:32.408 [viewport] source=onViewportSizeChanged result resized=false outgrewGuard=false candidateRows=24 candidateCols=80 emulatorRows=24 emulatorCols=80
2026-08-21T02:19:32.408 [viewport] source=onRealViewportChanged oldW=800 oldH=480 newW=800 newH=480 viewportSeeded=true emulatorRows=24 emulatorCols=80
2026-08-21T02:19:32.408 [reflow] source=resume view_width_px=800 cell_width_px=10 derived_cols=80 last_sent_cols=80
2026-08-21T02:19:32.408 [viewport] viewportOutgrewEmulator: source=onRealViewportChanged viewport_rows=24 emulator_rows=24 viewport_cols=80 emulator_cols=80 viewport_w=800 viewport_h=480 cell_w=10 cell_h=20 operandsReady=true → false
2026-08-21T02:19:32.408 [viewport] source=onRealViewportChanged cellsDirty=false resume_rows=24 emulator_rows=24 resume_cols=80 emulator_cols=80 outgrew=false mismatch=false → false
2026-08-21T02:19:32.408 [viewport] source=onRealViewportChanged result resized=false outgrewGuard=false candidateRows=24 candidateCols=80 emulatorRows=24 emulatorCols=80
2026-08-21T02:20:17.217 [viewport] source=onViewportSizeChanged oldW=800 oldH=480 newW=800 newH=480 viewportSeeded=true emulatorRows=24 emulatorCols=80
2026-08-21T02:20:17.218 [viewport] viewportOutgrewEmulator: source=onViewportSizeChanged viewport_rows=24 emulator_rows=24 viewport_cols=80 emulator_cols=80 viewport_w=800 viewport_h=480 cell_w=10 cell_h=20 operandsReady=true → false
2026-08-21T02:20:17.218 [viewport] source=onViewportSizeChanged result resized=false outgrewGuard=false candidateRows=24 candidateCols=80 emulatorRows=24 emulatorCols=80
2026-08-21T02:20:17.218 [viewport] source=onRealViewportChanged oldW=800 oldH=480 newW=800 newH=480 viewportSeeded=true emulatorRows=24 emulatorCols=80
2026-08-21T02:20:17.218 [reflow] source=resume view_width_px=800 cell_width_px=10 derived_cols=80 last_sent_cols=80
2026-08-21T02:20:17.218 [viewport] viewportOutgrewEmulator: source=onRealViewportChanged viewport_rows=24 emulator_rows=24 viewport_cols=80 emulator_cols=80 viewport_w=800 viewport_h=480 cell_w=10 cell_h=20 operandsReady=true → false
2026-08-21T02:20:17.218 [viewport] source=onRealViewportChanged cellsDirty=false resume_rows=24 emulator_rows=24 resume_cols=80 emulator_cols=80 outgrew=false mismatch=false → false
2026-08-21T02:20:17.218 [viewport] source=onRealViewportChanged result resized=false outgrewGuard=false candidateRows=24 candidateCols=80 emulatorRows=24 emulatorCols=80
2026-08-21T02:20:50.565 [viewport] source=onViewportSizeChanged oldW=800 oldH=480 newW=800 newH=480 viewportSeeded=true emulatorRows=24 emulatorCols=80
2026-08-21T02:20:50.565 [viewport] viewportOutgrewEmulator: source=onViewportSizeChanged viewport_rows=24 emulator_rows=24 viewport_cols=80 emulator_cols=80 viewport_w=800 viewport_h=480 cell_w=10 cell_h=20 operandsReady=true → false
2026-08-21T02:20:50.565 [viewport] source=onViewportSizeChanged result resized=false outgrewGuard=false candidateRows=24 candidateCols=80 emulatorRows=24 emulatorCols=80
2026-08-21T02:20:50.565 [viewport] source=onRealViewportChanged oldW=800 oldH=480 newW=800 newH=480 viewportSeeded=true emulatorRows=24 emulatorCols=80
2026-08-21T02:20:50.565 [reflow] source=resume view_width_px=800 cell_width_px=10 derived_cols=80 last_sent_cols=80
2026-08-21T02:20:50.565 [viewport] viewportOutgrewEmulator: source=onRealViewportChanged viewport_rows=24 emulator_rows=24 viewport_cols=80 emulator_cols=80 viewport_w=800 viewport_h=480 cell_w=10 cell_h=20 operandsReady=true → false
2026-08-21T02:20:50.565 [viewport] source=onRealViewportChanged cellsDirty=false resume_rows=24 emulator_rows=24 resume_cols=80 emulator_cols=80 outgrew=false mismatch=false → false
2026-08-21T02:20:50.565 [viewport] source=onRealViewportChanged result resized=false outgrewGuard=false candidateRows=24 candidateCols=80 emulatorRows=24 emulatorCols=80
2026-08-21T02:21:56.419 [viewport] source=onViewportSizeChanged oldW=800 oldH=480 newW=800 newH=480 viewportSeeded=true emulatorRows=24 emulatorCols=80
2026-08-21T02:21:56.419 [viewport] viewportOutgrewEmulator: source=onViewportSizeChanged viewport_rows=24 emulator_rows=24 viewport_cols=80 emulator_cols=80 viewport_w=800 viewport_h=480 cell_w=10 cell_h=20 operandsReady=true → false
2026-08-21T02:21:56.419 [viewport] source=onViewportSizeChanged result resized=false outgrewGuard=false candidateRows=24 candidateCols=80 emulatorRows=24 emulatorCols=80
2026-08-21T02:21:56.419 [viewport] source=onRealViewportChanged oldW=800 oldH=480 newW=800 newH=480 viewportSeeded=true emulatorRows=24 emulatorCols=80
2026-08-21T02:21:56.419 [reflow] source=resume view_width_px=800 cell_width_px=10 derived_cols=80 last_sent_cols=80
2026-08-21T02:21:56.419 [viewport] viewportOutgrewEmulator: source=onRealViewportChanged viewport_rows=24 emulator_rows=24 viewport_cols=80 emulator_cols=80 viewport_w=800 viewport_h=480 cell_w=10 cell_h=20 operandsReady=true → false
2026-08-21T02:21:56.419 [viewport] source=onRealViewportChanged cellsDirty=false resume_rows=24 emulator_rows=24 resume_cols=80 emulator_cols=80 outgrew=false mismatch=false → false
2026-08-21T02:21:56.419 [viewport] source=onRealViewportChanged result resized=false outgrewGuard=false candidateRows=24 candidateCols=80 emulatorRows=24 emulatorCols=80
2026-08-21T02:22:20.162 [viewport] source=onViewportSizeChanged oldW=800 oldH=480 newW=800 newH=480 viewportSeeded=true emulatorRows=24 emulatorCols=80
2026-08-21T02:22:20.162 [viewport] viewportOutgrewEmulator: source=onViewportSizeChanged viewport_rows=24 emulator_rows=24 viewport_cols=80 emulator_cols=80 viewport_w=800 viewport_h=480 cell_w=10 cell_h=20 operandsReady=true → false
2026-08-21T02:22:20.162 [viewport] source=onViewportSizeChanged result resized=false outgrewGuard=false candidateRows=24 candidateCols=80 emulatorRows=24 emulatorCols=80
2026-08-21T02:22:20.162 [viewport] source=onRealViewportChanged oldW=800 oldH=480 newW=800 newH=480 viewportSeeded=true emulatorRows=24 emulatorCols=80
2026-08-21T02:22:20.162 [reflow] source=resume view_width_px=800 cell_width_px=10 derived_cols=80 last_sent_cols=80
2026-08-21T02:22:20.162 [viewport] viewportOutgrewEmulator: source=onRealViewportChanged viewport_rows=24 emulator_rows=24 viewport_cols=80 emulator_cols=80 viewport_w=800 viewport_h=480 cell_w=10 cell_h=20 operandsReady=true → false
2026-08-21T02:22:20.162 [viewport] source=onRealViewportChanged cellsDirty=false resume_rows=24 emulator_rows=24 resume_cols=80 emulator_cols=80 outgrew=false mismatch=false → false
2026-08-21T02:22:20.162 [viewport] source=onRealViewportChanged result resized=false outgrewGuard=false candidateRows=24 candidateCols=80 emulatorRows=24 emulatorCols=80
2026-08-21T02:25:34.242 [viewport] source=onViewportSizeChanged oldW=800 oldH=480 newW=800 newH=480 viewportSeeded=true emulatorRows=24 emulatorCols=80
2026-08-21T02:25:34.242 [viewport] viewportOutgrewEmulator: source=onViewportSizeChanged viewport_rows=24 emulator_rows=24 viewport_cols=80 emulator_cols=80 viewport_w=800 viewport_h=480 cell_w=10 cell_h=20 operandsReady=true → false
2026-08-21T02:25:34.242 [viewport] source=onViewportSizeChanged result resized=false outgrewGuard=false candidateRows=24 candidateCols=80 emulatorRows=24 emulatorCols=80
2026-08-21T02:25:34.242 [viewport] source=onRealViewportChanged oldW=800 oldH=480 newW=800 newH=480 viewportSeeded=true emulatorRows=24 emulatorCols=80
2026-08-21T02:25:34.242 [reflow] source=resume view_width_px=800 cell_width_px=10 derived_cols=80 last_sent_cols=80
2026-08-21T02:25:34.242 [viewport] viewportOutgrewEmulator: source=onRealViewportChanged viewport_rows=24 emulator_rows=24 viewport_cols=80 emulator_cols=80 viewport_w=800 viewport_h=480 cell_w=10 cell_h=20 operandsReady=true → false
2026-08-21T02:25:34.242 [viewport] source=onRealViewportChanged cellsDirty=false resume_rows=24 emulator_rows=24 resume_cols=80 emulator_cols=80 outgrew=false mismatch=false → false
2026-08-21T02:25:34.242 [viewport] source=onRealViewportChanged result resized=false outgrewGuard=false candidateRows=24 candidateCols=80 emulatorRows=24 emulatorCols=80
2026-08-21T02:26:05.822 [viewport] source=onViewportSizeChanged oldW=800 oldH=480 newW=800 newH=480 viewportSeeded=true emulatorRows=24 emulatorCols=80
2026-08-21T02:26:05.822 [viewport] viewportOutgrewEmulator: source=onViewportSizeChanged viewport_rows=24 emulator_rows=24 viewport_cols=80 emulator_cols=80 viewport_w=800 viewport_h=480 cell_w=10 cell_h=20 operandsReady=true → false
2026-08-21T02:26:05.822 [viewport] source=onViewportSizeChanged result resized=false outgrewGuard=false candidateRows=24 candidateCols=80 emulatorRows=24 emulatorCols=80
2026-08-21T02:26:05.822 [viewport] source=onRealViewportChanged oldW=800 oldH=480 newW=800 newH=480 viewportSeeded=true emulatorRows=24 emulatorCols=80
2026-08-21T02:26:05.822 [reflow] source=resume view_width_px=800 cell_width_px=10 derived_cols=80 last_sent_cols=80
2026-08-21T02:26:05.822 [viewport] viewportOutgrewEmulator: source=onRealViewportChanged viewport_rows=24 emulator_rows=24 viewport_cols=80 emulator_cols=80 viewport_w=800 viewport_h=480 cell_w=10 cell_h=20 operandsReady=true → false
2026-08-21T02:26:05.822 [viewport] source=onRealViewportChanged cellsDirty=false resume_rows=24 emulator_rows=24 resume_cols=80 emulator_cols=80 outgrew=false mismatch=false → false
2026-08-21T02:26:05.822 [viewport] source=onRealViewportChanged result resized=false outgrewGuard=false candidateRows=24 candidateCols=80 emulatorRows=24 emulatorCols=80
2026-08-21T02:27:11.632 [viewport] source=onViewportSizeChanged oldW=800 oldH=480 newW=800 newH=480 viewportSeeded=true emulatorRows=24 emulatorCols=80
2026-08-21T02:27:11.632 [viewport] viewportOutgrewEmulator: source=onViewportSizeChanged viewport_rows=24 emulator_rows=24 viewport_cols=80 emulator_cols=80 viewport_w=800 viewport_h=480 cell_w=10 cell_h=20 operandsReady=true → false
2026-08-21T02:27:11.632 [viewport] source=onViewportSizeChanged result resized=false outgrewGuard=false candidateRows=24 candidateCols=80 emulatorRows=24 emulatorCols=80
2026-08-21T02:27:11.632 [viewport] source=onRealViewportChanged oldW=800 oldH=480 newW=800 newH=480 viewportSeeded=true emulatorRows=24 emulatorCols=80
2026-08-21T02:27:11.632 [reflow] source=resume view_width_px=800 cell_width_px=10 derived_cols=80 last_sent_cols=80
2026-08-21T02:27:11.632 [viewport] viewportOutgrewEmulator: source=onRealViewportChanged viewport_rows=24 emulator_rows=24 viewport_cols=80 emulator_cols=80 viewport_w=800 viewport_h=480 cell_w=10 cell_h=20 operandsReady=true → false
2026-08-21T02:27:11.632 [viewport] source=onRealViewportChanged cellsDirty=false resume_rows=24 emulator_rows=24 resume_cols=80 emulator_cols=80 outgrew=false mismatch=false → false
2026-08-21T02:27:11.632 [viewport] source=onRealViewportChanged result resized=false outgrewGuard=false candidateRows=24 candidateCols=80 emulatorRows=24 emulatorCols=80
2026-08-21T02:27:45.103 [viewport] source=onViewportSizeChanged oldW=800 oldH=480 newW=800 newH=480 viewportSeeded=true emulatorRows=24 emulatorCols=80
2026-08-21T02:27:45.103 [viewport] viewportOutgrewEmulator: source=onViewportSizeChanged viewport_rows=24 emulator_rows=24 viewport_cols=80 emulator_cols=80 viewport_w=800 viewport_h=480 cell_w=10 cell_h=20 operandsReady=true → false
2026-08-21T02:27:45.103 [viewport] source=onViewportSizeChanged result resized=false outgrewGuard=false candidateRows=24 candidateCols=80 emulatorRows=24 emulatorCols=80
2026-08-21T02:27:45.103 [viewport] source=onRealViewportChanged oldW=800 oldH=480 newW=800 newH=480 viewportSeeded=true emulatorRows=24 emulatorCols=80
2026-08-21T02:27:45.103 [reflow] source=resume view_width_px=800 cell_width_px=10 derived_cols=80 last_sent_cols=80
2026-08-21T02:27:45.103 [viewport] viewportOutgrewEmulator: source=onRealViewportChanged viewport_rows=24 emulator_rows=24 viewport_cols=80 emulator_cols=80 viewport_w=800 viewport_h=480 cell_w=10 cell_h=20 operandsReady=true → false
2026-08-21T02:27:45.103 [viewport] source=onRealViewportChanged cellsDirty=false resume_rows=24 emulator_rows=24 resume_cols=80 emulator_cols=80 outgrew=false mismatch=false → false
2026-08-21T02:27:45.103 [viewport] source=onRealViewportChanged result resized=false outgrewGuard=false candidateRows=24 candidateCols=80 emulatorRows=24 emulatorCols=80
2026-08-21T02:28:31.582 [viewport] source=onViewportSizeChanged oldW=800 oldH=480 newW=800 newH=480 viewportSeeded=true emulatorRows=24 emulatorCols=80
2026-08-21T02:28:31.582 [viewport] viewportOutgrewEmulator: source=onViewportSizeChanged viewport_rows=24 emulator_rows=24 viewport_cols=80 emulator_cols=80 viewport_w=800 viewport_h=480 cell_w=10 cell_h=20 operandsReady=true → false
2026-08-21T02:28:31.582 [viewport] source=onViewportSizeChanged result resized=false outgrewGuard=false candidateRows=24 candidateCols=80 emulatorRows=24 emulatorCols=80
2026-08-21T02:28:31.582 [viewport] source=onRealViewportChanged oldW=800 oldH=480 newW=800 newH=480 viewportSeeded=true emulatorRows=24 emulatorCols=80
2026-08-21T02:28:31.582 [reflow] source=resume view_width_px=800 cell_width_px=10 derived_cols=80 last_sent_cols=80
2026-08-21T02:28:31.582 [viewport] viewportOutgrewEmulator: source=onRealViewportChanged viewport_rows=24 emulator_rows=24 viewport_cols=80 emulator_cols=80 viewport_w=800 viewport_h=480 cell_w=10 cell_h=20 operandsReady=true → false
2026-08-21T02:28:31.582 [viewport] source=onRealViewportChanged cellsDirty=false resume_rows=24 emulator_rows=24 resume_cols=80 emulator_cols=80 outgrew=false mismatch=false → false
2026-08-21T02:28:31.582 [viewport] source=onRealViewportChanged result resized=false outgrewGuard=false candidateRows=24 candidateCols=80 emulatorRows=24 emulatorCols=80
2026-08-21T02:29:04.087 [viewport] source=onViewportSizeChanged oldW=800 oldH=480 newW=800 newH=480 viewportSeeded=true emulatorRows=24 emulatorCols=80
2026-08-21T02:29:04.087 [viewport] viewportOutgrewEmulator: source=onViewportSizeChanged viewport_rows=24 emulator_rows=24 viewport_cols=80 emulator_cols=80 viewport_w=800 viewport_h=480 cell_w=10 cell_h=20 operandsReady=true → false
2026-08-21T02:29:04.087 [viewport] source=onViewportSizeChanged result resized=false outgrewGuard=false candidateRows=24 candidateCols=80 emulatorRows=24 emulatorCols=80
2026-08-21T02:29:04.087 [viewport] source=onRealViewportChanged oldW=800 oldH=480 newW=800 newH=480 viewportSeeded=true emulatorRows=24 emulatorCols=80
2026-08-21T02:29:04.087 [reflow] source=resume view_width_px=800 cell_width_px=10 derived_cols=80 last_sent_cols=80
2026-08-21T02:29:04.087 [viewport] viewportOutgrewEmulator: source=onRealViewportChanged viewport_rows=24 emulator_rows=24 viewport_cols=80 emulator_cols=80 viewport_w=800 viewport_h=480 cell_w=10 cell_h=20 operandsReady=true → false
2026-08-21T02:29:04.087 [viewport] source=onRealViewportChanged cellsDirty=false resume_rows=24 emulator_rows=24 resume_cols=80 emulator_cols=80 outgrew=false mismatch=false → false
2026-08-21T02:29:04.087 [viewport] source=onRealViewportChanged result resized=false outgrewGuard=false candidateRows=24 candidateCols=80 emulatorRows=24 emulatorCols=80
2026-08-21T02:30:37.123 [viewport] source=onViewportSizeChanged oldW=800 oldH=480 newW=800 newH=480 viewportSeeded=true emulatorRows=24 emulatorCols=80
2026-08-21T02:30:37.123 [viewport] viewportOutgrewEmulator: source=onViewportSizeChanged viewport_rows=24 emulator_rows=24 viewport_cols=80 emulator_cols=80 viewport_w=800 viewport_h=480 cell_w=10 cell_h=20 operandsReady=true → false
2026-08-21T02:30:37.123 [viewport] source=onViewportSizeChanged result resized=false outgrewGuard=false candidateRows=24 candidateCols=80 emulatorRows=24 emulatorCols=80
2026-08-21T02:30:37.123 [viewport] source=onRealViewportChanged oldW=800 oldH=480 newW=800 newH=480 viewportSeeded=true emulatorRows=24 emulatorCols=80
2026-08-21T02:30:37.123 [reflow] source=resume view_width_px=800 cell_width_px=10 derived_cols=80 last_sent_cols=80
2026-08-21T02:30:37.123 [viewport] viewportOutgrewEmulator: source=onRealViewportChanged viewport_rows=24 emulator_rows=24 viewport_cols=80 emulator_cols=80 viewport_w=800 viewport_h=480 cell_w=10 cell_h=20 operandsReady=true → false
2026-08-21T02:30:37.123 [viewport] source=onRealViewportChanged cellsDirty=false resume_rows=24 emulator_rows=24 resume_cols=80 emulator_cols=80 outgrew=false mismatch=false → false
2026-08-21T02:30:37.123 [viewport] source=onRealViewportChanged result resized=false outgrewGuard=false candidateRows=24 candidateCols=80 emulatorRows=24 emulatorCols=80
2026-08-21T02:31:15.281 [viewport] source=onViewportSizeChanged oldW=800 oldH=480 newW=800 newH=480 viewportSeeded=true emulatorRows=24 emulatorCols=80
2026-08-21T02:31:15.281 [viewport] viewportOutgrewEmulator: source=onViewportSizeChanged viewport_rows=24 emulator_rows=24 viewport_cols=80 emulator_cols=80 viewport_w=800 viewport_h=480 cell_w=10 cell_h=20 operandsReady=true → false
2026-08-21T02:31:15.281 [viewport] source=onViewportSizeChanged result resized=false outgrewGuard=false candidateRows=24 candidateCols=80 emulatorRows=24 emulatorCols=80
2026-08-21T02:31:15.281 [viewport] source=onRealViewportChanged oldW=800 oldH=480 newW=800 newH=480 viewportSeeded=true emulatorRows=24 emulatorCols=80
2026-08-21T02:31:15.281 [reflow] source=resume view_width_px=800 cell_width_px=10 derived_cols=80 last_sent_cols=80
2026-08-21T02:31:15.281 [viewport] viewportOutgrewEmulator: source=onRealViewportChanged viewport_rows=24 emulator_rows=24 viewport_cols=80 emulator_cols=80 viewport_w=800 viewport_h=480 cell_w=10 cell_h=20 operandsReady=true → false
2026-08-21T02:31:15.281 [viewport] source=onRealViewportChanged cellsDirty=false resume_rows=24 emulator_rows=24 resume_cols=80 emulator_cols=80 outgrew=false mismatch=false → false
2026-08-21T02:31:15.281 [viewport] source=onRealViewportChanged result resized=false outgrewGuard=false candidateRows=24 candidateCols=80 emulatorRows=24 emulatorCols=80
2026-08-21T02:31:55.344 [viewport] source=onViewportSizeChanged oldW=800 oldH=480 newW=800 newH=480 viewportSeeded=true emulatorRows=24 emulatorCols=80
2026-08-21T02:31:55.344 [viewport] viewportOutgrewEmulator: source=onViewportSizeChanged viewport_rows=24 emulator_rows=24 viewport_cols=80 emulator_cols=80 viewport_w=800 viewport_h=480 cell_w=10 cell_h=20 operandsReady=true → false
2026-08-21T02:31:55.344 [viewport] source=onViewportSizeChanged result resized=false outgrewGuard=false candidateRows=24 candidateCols=80 emulatorRows=24 emulatorCols=80
2026-08-21T02:31:55.344 [viewport] source=onRealViewportChanged oldW=800 oldH=480 newW=800 newH=480 viewportSeeded=true emulatorRows=24 emulatorCols=80
2026-08-21T02:31:55.344 [reflow] source=resume view_width_px=800 cell_width_px=10 derived_cols=80 last_sent_cols=80
2026-08-21T02:31:55.344 [viewport] viewportOutgrewEmulator: source=onRealViewportChanged viewport_rows=24 emulator_rows=24 viewport_cols=80 emulator_cols=80 viewport_w=800 viewport_h=480 cell_w=10 cell_h=20 operandsReady=true → false
2026-08-21T02:31:55.344 [viewport] source=onRealViewportChanged cellsDirty=false resume_rows=24 emulator_rows=24 resume_cols=80 emulator_cols=80 outgrew=false mismatch=false → false
2026-08-21T02:31:55.344 [viewport] source=onRealViewportChanged result resized=false outgrewGuard=false candidateRows=24 candidateCols=80 emulatorRows=24 emulatorCols=80
2026-08-21T02:32:31.582 [viewport] source=onViewportSizeChanged oldW=800 oldH=480 newW=800 newH=480 viewportSeeded=true emulatorRows=24 emulatorCols=80
2026-08-21T02:32:31.582 [viewport] viewportOutgrewEmulator: source=onViewportSizeChanged viewport_rows=24 emulator_rows=24 viewport_cols=80 emulator_cols=80 viewport_w=800 viewport_h=480 cell_w=10 cell_h=20 operandsReady=true → false
2026-08-21T02:32:31.582 [viewport] source=onViewportSizeChanged result resized=false outgrewGuard=false candidateRows=24 candidateCols=80 emulatorRows=24 emulatorCols=80
2026-08-21T02:32:31.582 [viewport] source=onRealViewportChanged oldW=800 oldH=480 newW=800 newH=480 viewportSeeded=true emulatorRows=24 emulatorCols=80
2026-08-21T02:32:31.582 [reflow] source=resume view_width_px=800 cell_width_px=10 derived_cols=80 last_sent_cols=80
2026-08-21T02:32:31.582 [viewport] viewportOutgrewEmulator: source=onRealViewportChanged viewport_rows=24 emulator_rows=24 viewport_cols=80 emulator_cols=80 viewport_w=800 viewport_h=480 cell_w=10 cell_h=20 operandsReady=true → false
2026-08-21T02:32:31.582 [viewport] source=onRealViewportChanged cellsDirty=false resume_rows=24 emulator_rows=24 resume_cols=80 emulator_cols=80 outgrew=false mismatch=false → false
2026-08-21T02:32:31.582 [viewport] source=onRealViewportChanged result resized=false outgrewGuard=false candidateRows=24 candidateCols=80 emulatorRows=24 emulatorCols=80
2026-08-21T02:33:32.080 [viewport] source=onViewportSizeChanged oldW=800 oldH=480 newW=800 newH=480 viewportSeeded=true emulatorRows=24 emulatorCols=80
2026-08-21T02:33:32.080 [viewport] viewportOutgrewEmulator: source=onViewportSizeChanged viewport_rows=24 emulator_rows=24 viewport_cols=80 emulator_cols=80 viewport_w=800 viewport_h=480 cell_w=10 cell_h=20 operandsReady=true → false
2026-08-21T02:33:32.080 [viewport] source=onViewportSizeChanged result resized=false outgrewGuard=false candidateRows=24 candidateCols=80 emulatorRows=24 emulatorCols=80
2026-08-21T02:33:32.080 [viewport] source=onRealViewportChanged oldW=800 oldH=480 newW=800 newH=480 viewportSeeded=true emulatorRows=24 emulatorCols=80
2026-08-21T02:33:32.080 [reflow] source=resume view_width_px=800 cell_width_px=10 derived_cols=80 last_sent_cols=80
2026-08-21T02:33:32.080 [viewport] viewportOutgrewEmulator: source=onRealViewportChanged viewport_rows=24 emulator_rows=24 viewport_cols=80 emulator_cols=80 viewport_w=800 viewport_h=480 cell_w=10 cell_h=20 operandsReady=true → false
2026-08-21T02:33:32.080 [viewport] source=onRealViewportChanged cellsDirty=false resume_rows=24 emulator_rows=24 resume_cols=80 emulator_cols=80 outgrew=false mismatch=false → false
2026-08-21T02:33:32.080 [viewport] source=onRealViewportChanged result resized=false outgrewGuard=false candidateRows=24 candidateCols=80 emulatorRows=24 emulatorCols=80
2026-08-21T02:34:03.579 [viewport] source=onViewportSizeChanged oldW=800 oldH=480 newW=800 newH=480 viewportSeeded=true emulatorRows=24 emulatorCols=80
2026-08-21T02:34:03.579 [viewport] viewportOutgrewEmulator: source=onViewportSizeChanged viewport_rows=24 emulator_rows=24 viewport_cols=80 emulator_cols=80 viewport_w=800 viewport_h=480 cell_w=10 cell_h=20 operandsReady=true → false
2026-08-21T02:34:03.579 [viewport] source=onViewportSizeChanged result resized=false outgrewGuard=false candidateRows=24 candidateCols=80 emulatorRows=24 emulatorCols=80
2026-08-21T02:34:03.579 [viewport] source=onRealViewportChanged oldW=800 oldH=480 newW=800 newH=480 viewportSeeded=true emulatorRows=24 emulatorCols=80
2026-08-21T02:34:03.579 [reflow] source=resume view_width_px=800 cell_width_px=10 derived_cols=80 last_sent_cols=80
2026-08-21T02:34:03.579 [viewport] viewportOutgrewEmulator: source=onRealViewportChanged viewport_rows=24 emulator_rows=24 viewport_cols=80 emulator_cols=80 viewport_w=800 viewport_h=480 cell_w=10 cell_h=20 operandsReady=true → false
2026-08-21T02:34:03.579 [viewport] source=onRealViewportChanged cellsDirty=false resume_rows=24 emulator_rows=24 resume_cols=80 emulator_cols=80 outgrew=false mismatch=false → false
2026-08-21T02:34:03.579 [viewport] source=onRealViewportChanged result resized=false outgrewGuard=false candidateRows=24 candidateCols=80 emulatorRows=24 emulatorCols=80
2026-08-21T02:34:46.998 [viewport] source=onViewportSizeChanged oldW=800 oldH=480 newW=800 newH=480 viewportSeeded=true emulatorRows=24 emulatorCols=80
2026-08-21T02:34:46.998 [viewport] viewportOutgrewEmulator: source=onViewportSizeChanged viewport_rows=24 emulator_rows=24 viewport_cols=80 emulator_cols=80 viewport_w=800 viewport_h=480 cell_w=10 cell_h=20 operandsReady=true → false
2026-08-21T02:34:46.998 [viewport] source=onViewportSizeChanged result resized=false outgrewGuard=false candidateRows=24 candidateCols=80 emulatorRows=24 emulatorCols=80
2026-08-21T02:34:46.998 [viewport] source=onRealViewportChanged oldW=800 oldH=480 newW=800 newH=480 viewportSeeded=true emulatorRows=24 emulatorCols=80
2026-08-21T02:34:46.998 [reflow] source=resume view_width_px=800 cell_width_px=10 derived_cols=80 last_sent_cols=80
2026-08-21T02:34:46.998 [viewport] viewportOutgrewEmulator: source=onRealViewportChanged viewport_rows=24 emulator_rows=24 viewport_cols=80 emulator_cols=80 viewport_w=800 viewport_h=480 cell_w=10 cell_h=20 operandsReady=true → false
2026-08-21T02:34:46.998 [viewport] source=onRealViewportChanged cellsDirty=false resume_rows=24 emulator_rows=24 resume_cols=80 emulator_cols=80 outgrew=false mismatch=false → false
2026-08-21T02:34:46.998 [viewport] source=onRealViewportChanged result resized=false outgrewGuard=false candidateRows=24 candidateCols=80 emulatorRows=24 emulatorCols=80
2026-08-21T02:35:17.339 [viewport] source=onViewportSizeChanged oldW=800 oldH=480 newW=800 newH=480 viewportSeeded=true emulatorRows=24 emulatorCols=80
2026-08-21T02:35:17.339 [viewport] viewportOutgrewEmulator: source=onViewportSizeChanged viewport_rows=24 emulator_rows=24 viewport_cols=80 emulator_cols=80 viewport_w=800 viewport_h=480 cell_w=10 cell_h=20 operandsReady=true → false
2026-08-21T02:35:17.339 [viewport] source=onViewportSizeChanged result resized=false outgrewGuard=false candidateRows=24 candidateCols=80 emulatorRows=24 emulatorCols=80
2026-08-21T02:35:17.339 [viewport] source=onRealViewportChanged oldW=800 oldH=480 newW=800 newH=480 viewportSeeded=true emulatorRows=24 emulatorCols=80
2026-08-21T02:35:17.339 [reflow] source=resume view_width_px=800 cell_width_px=10 derived_cols=80 last_sent_cols=80
2026-08-21T02:35:17.339 [viewport] viewportOutgrewEmulator: source=onRealViewportChanged viewport_rows=24 emulator_rows=24 viewport_cols=80 emulator_cols=80 viewport_w=800 viewport_h=480 cell_w=10 cell_h=20 operandsReady=true → false
2026-08-21T02:35:17.339 [viewport] source=onRealViewportChanged cellsDirty=false resume_rows=24 emulator_rows=24 resume_cols=80 emulator_cols=80 outgrew=false mismatch=false → false
2026-08-21T02:35:17.339 [viewport] source=onRealViewportChanged result resized=false outgrewGuard=false candidateRows=24 candidateCols=80 emulatorRows=24 emulatorCols=80
2026-08-21T02:36:45.535 [viewport] source=onViewportSizeChanged oldW=800 oldH=480 newW=800 newH=480 viewportSeeded=true emulatorRows=24 emulatorCols=80
2026-08-21T02:36:45.535 [viewport] viewportOutgrewEmulator: source=onViewportSizeChanged viewport_rows=24 emulator_rows=24 viewport_cols=80 emulator_cols=80 viewport_w=800 viewport_h=480 cell_w=10 cell_h=20 operandsReady=true → false
2026-08-21T02:36:45.535 [viewport] source=onViewportSizeChanged result resized=false outgrewGuard=false candidateRows=24 candidateCols=80 emulatorRows=24 emulatorCols=80
2026-08-21T02:36:45.535 [viewport] source=onRealViewportChanged oldW=800 oldH=480 newW=800 newH=480 viewportSeeded=true emulatorRows=24 emulatorCols=80
2026-08-21T02:36:45.535 [reflow] source=resume view_width_px=800 cell_width_px=10 derived_cols=80 last_sent_cols=80
2026-08-21T02:36:45.535 [viewport] viewportOutgrewEmulator: source=onRealViewportChanged viewport_rows=24 emulator_rows=24 viewport_cols=80 emulator_cols=80 viewport_w=800 viewport_h=480 cell_w=10 cell_h=20 operandsReady=true → false
2026-08-21T02:36:45.535 [viewport] source=onRealViewportChanged cellsDirty=false resume_rows=24 emulator_rows=24 resume_cols=80 emulator_cols=80 outgrew=false mismatch=false → false
2026-08-21T02:36:45.535 [viewport] source=onRealViewportChanged result resized=false outgrewGuard=false candidateRows=24 candidateCols=80 emulatorRows=24 emulatorCols=80
2026-08-21T02:37:21.625 [viewport] source=onViewportSizeChanged oldW=800 oldH=480 newW=800 newH=480 viewportSeeded=true emulatorRows=24 emulatorCols=80
2026-08-21T02:37:21.625 [viewport] viewportOutgrewEmulator: source=onViewportSizeChanged viewport_rows=24 emulator_rows=24 viewport_cols=80 emulator_cols=80 viewport_w=800 viewport_h=480 cell_w=10 cell_h=20 operandsReady=true → false
2026-08-21T02:37:21.625 [viewport] source=onViewportSizeChanged result resized=false outgrewGuard=false candidateRows=24 candidateCols=80 emulatorRows=24 emulatorCols=80
2026-08-21T02:37:21.625 [viewport] source=onRealViewportChanged oldW=800 oldH=480 newW=800 newH=480 viewportSeeded=true emulatorRows=24 emulatorCols=80
2026-08-21T02:37:21.625 [reflow] source=resume view_width_px=800 cell_width_px=10 derived_cols=80 last_sent_cols=80
2026-08-21T02:37:21.625 [viewport] viewportOutgrewEmulator: source=onRealViewportChanged viewport_rows=24 emulator_rows=24 viewport_cols=80 emulator_cols=80 viewport_w=800 viewport_h=480 cell_w=10 cell_h=20 operandsReady=true → false
2026-08-21T02:37:21.625 [viewport] source=onRealViewportChanged cellsDirty=false resume_rows=24 emulator_rows=24 resume_cols=80 emulator_cols=80 outgrew=false mismatch=false → false
2026-08-21T02:37:21.625 [viewport] source=onRealViewportChanged result resized=false outgrewGuard=false candidateRows=24 candidateCols=80 emulatorRows=24 emulatorCols=80
2026-08-21T02:37:56.819 [viewport] source=onViewportSizeChanged oldW=800 oldH=480 newW=800 newH=480 viewportSeeded=true emulatorRows=24 emulatorCols=80
2026-08-21T02:37:56.819 [viewport] viewportOutgrewEmulator: source=onViewportSizeChanged viewport_rows=24 emulator_rows=24 viewport_cols=80 emulator_cols=80 viewport_w=800 viewport_h=480 cell_w=10 cell_h=20 operandsReady=true → false
2026-08-21T02:37:56.819 [viewport] source=onViewportSizeChanged result resized=false outgrewGuard=false candidateRows=24 candidateCols=80 emulatorRows=24 emulatorCols=80
2026-08-21T02:37:56.819 [viewport] source=onRealViewportChanged oldW=800 oldH=480 newW=800 newH=480 viewportSeeded=true emulatorRows=24 emulatorCols=80
2026-08-21T02:37:56.819 [reflow] source=resume view_width_px=800 cell_width_px=10 derived_cols=80 last_sent_cols=80
2026-08-21T02:37:56.819 [viewport] viewportOutgrewEmulator: source=onRealViewportChanged viewport_rows=24 emulator_rows=24 viewport_cols=80 emulator_cols=80 viewport_w=800 viewport_h=480 cell_w=10 cell_h=20 operandsReady=true → false
2026-08-21T02:37:56.819 [viewport] source=onRealViewportChanged cellsDirty=false resume_rows=24 emulator_rows=24 resume_cols=80 emulator_cols=80 outgrew=false mismatch=false → false
2026-08-21T02:37:56.819 [viewport] source=onRealViewportChanged result resized=false outgrewGuard=false candidateRows=24 candidateCols=80 emulatorRows=24 emulatorCols=80
2026-08-21T02:38:26.660 [viewport] source=onViewportSizeChanged oldW=800 oldH=480 newW=800 newH=480 viewportSeeded=true emulatorRows=24 emulatorCols=80
2026-08-21T02:38:26.660 [viewport] viewportOutgrewEmulator: source=onViewportSizeChanged viewport_rows=24 emulator_rows=24 viewport_cols=80 emulator_cols=80 viewport_w=800 viewport_h=480 cell_w=10 cell_h=20 operandsReady=true → false
2026-08-21T02:38:26.660 [viewport] source=onViewportSizeChanged result resized=false outgrewGuard=false candidateRows=24 candidateCols=80 emulatorRows=24 emulatorCols=80
2026-08-21T02:38:26.660 [viewport] source=onRealViewportChanged oldW=800 oldH=480 newW=800 newH=480 viewportSeeded=true emulatorRows=24 emulatorCols=80
2026-08-21T02:38:26.660 [reflow] source=resume view_width_px=800 cell_width_px=10 derived_cols=80 last_sent_cols=80
2026-08-21T02:38:26.660 [viewport] viewportOutgrewEmulator: source=onRealViewportChanged viewport_rows=24 emulator_rows=24 viewport_cols=80 emulator_cols=80 viewport_w=800 viewport_h=480 cell_w=10 cell_h=20 operandsReady=true → false
2026-08-21T02:38:26.660 [viewport] source=onRealViewportChanged cellsDirty=false resume_rows=24 emulator_rows=24 resume_cols=80 emulator_cols=80 outgrew=false mismatch=false → false
2026-08-21T02:38:26.660 [viewport] source=onRealViewportChanged result resized=false outgrewGuard=false candidateRows=24 candidateCols=80 emulatorRows=24 emulatorCols=80
2026-08-21T02:39:25.162 [viewport] source=onViewportSizeChanged oldW=800 oldH=480 newW=800 newH=480 viewportSeeded=true emulatorRows=24 emulatorCols=80
2026-08-21T02:39:25.162 [viewport] viewportOutgrewEmulator: source=onViewportSizeChanged viewport_rows=24 emulator_rows=24 viewport_cols=80 emulator_cols=80 viewport_w=800 viewport_h=480 cell_w=10 cell_h=20 operandsReady=true → false
2026-08-21T02:39:25.162 [viewport] source=onViewportSizeChanged result resized=false outgrewGuard=false candidateRows=24 candidateCols=80 emulatorRows=24 emulatorCols=80
2026-08-21T02:39:25.162 [viewport] source=onRealViewportChanged oldW=800 oldH=480 newW=800 newH=480 viewportSeeded=true emulatorRows=24 emulatorCols=80
2026-08-21T02:39:25.162 [reflow] source=resume view_width_px=800 cell_width_px=10 derived_cols=80 last_sent_cols=80
2026-08-21T02:39:25.162 [viewport] viewportOutgrewEmulator: source=onRealViewportChanged viewport_rows=24 emulator_rows=24 viewport_cols=80 emulator_cols=80 viewport_w=800 viewport_h=480 cell_w=10 cell_h=20 operandsReady=true → false
2026-08-21T02:39:25.162 [viewport] source=onRealViewportChanged cellsDirty=false resume_rows=24 emulator_rows=24 resume_cols=80 emulator_cols=80 outgrew=false mismatch=false → false
2026-08-21T02:39:25.162 [viewport] source=onRealViewportChanged result resized=false outgrewGuard=false candidateRows=24 candidateCols=80 emulatorRows=24 emulatorCols=80
2026-08-21T02:39:56.960 [viewport] source=onViewportSizeChanged oldW=800 oldH=480 newW=800 newH=480 viewportSeeded=true emulatorRows=24 emulatorCols=80
2026-08-21T02:39:56.960 [viewport] viewportOutgrewEmulator: source=onViewportSizeChanged viewport_rows=24 emulator_rows=24 viewport_cols=80 emulator_cols=80 viewport_w=800 viewport_h=480 cell_w=10 cell_h=20 operandsReady=true → false
2026-08-21T02:39:56.960 [viewport] source=onViewportSizeChanged result resized=false outgrewGuard=false candidateRows=24 candidateCols=80 emulatorRows=24 emulatorCols=80
2026-08-21T02:39:56.960 [viewport] source=onRealViewportChanged oldW=800 oldH=480 newW=800 newH=480 viewportSeeded=true emulatorRows=24 emulatorCols=80
2026-08-21T02:39:56.960 [reflow] source=resume view_width_px=800 cell_width_px=10 derived_cols=80 last_sent_cols=80
2026-08-21T02:39:56.960 [viewport] viewportOutgrewEmulator: source=onRealViewportChanged viewport_rows=24 emulator_rows=24 viewport_cols=80 emulator_cols=80 viewport_w=800 viewport_h=480 cell_w=10 cell_h=20 operandsReady=true → false
2026-08-21T02:39:56.960 [viewport] source=onRealViewportChanged cellsDirty=false resume_rows=24 emulator_rows=24 resume_cols=80 emulator_cols=80 outgrew=false mismatch=false → false
2026-08-21T02:39:56.960 [viewport] source=onRealViewportChanged result resized=false outgrewGuard=false candidateRows=24 candidateCols=80 emulatorRows=24 emulatorCols=80
2026-08-21T02:40:41.124 [viewport] source=onViewportSizeChanged oldW=800 oldH=480 newW=800 newH=480 viewportSeeded=true emulatorRows=24 emulatorCols=80
2026-08-21T02:40:41.124 [viewport] viewportOutgrewEmulator: source=onViewportSizeChanged viewport_rows=24 emulator_rows=24 viewport_cols=80 emulator_cols=80 viewport_w=800 viewport_h=480 cell_w=10 cell_h=20 operandsReady=true → false
2026-08-21T02:40:41.124 [viewport] source=onViewportSizeChanged result resized=false outgrewGuard=false candidateRows=24 candidateCols=80 emulatorRows=24 emulatorCols=80
2026-08-21T02:40:41.124 [viewport] source=onRealViewportChanged oldW=800 oldH=480 newW=800 newH=480 viewportSeeded=true emulatorRows=24 emulatorCols=80
2026-08-21T02:40:41.124 [reflow] source=resume view_width_px=800 cell_width_px=10 derived_cols=80 last_sent_cols=80
2026-08-21T02:40:41.124 [viewport] viewportOutgrewEmulator: source=onRealViewportChanged viewport_rows=24 emulator_rows=24 viewport_cols=80 emulator_cols=80 viewport_w=800 viewport_h=480 cell_w=10 cell_h=20 operandsReady=true → false
2026-08-21T02:40:41.124 [viewport] source=onRealViewportChanged cellsDirty=false resume_rows=24 emulator_rows=24 resume_cols=80 emulator_cols=80 outgrew=false mismatch=false → false
2026-08-21T02:40:41.124 [viewport] source=onRealViewportChanged result resized=false outgrewGuard=false candidateRows=24 candidateCols=80 emulatorRows=24 emulatorCols=80
2026-08-21T02:41:12.026 [viewport] source=onViewportSizeChanged oldW=800 oldH=480 newW=800 newH=480 viewportSeeded=true emulatorRows=24 emulatorCols=80
2026-08-21T02:41:12.026 [viewport] viewportOutgrewEmulator: source=onViewportSizeChanged viewport_rows=24 emulator_rows=24 viewport_cols=80 emulator_cols=80 viewport_w=800 viewport_h=480 cell_w=10 cell_h=20 operandsReady=true → false
2026-08-21T02:41:12.026 [viewport] source=onViewportSizeChanged result resized=false outgrewGuard=false candidateRows=24 candidateCols=80 emulatorRows=24 emulatorCols=80
2026-08-21T02:41:12.026 [viewport] source=onRealViewportChanged oldW=800 oldH=480 newW=800 newH=480 viewportSeeded=true emulatorRows=24 emulatorCols=80
2026-08-21T02:41:12.026 [reflow] source=resume view_width_px=800 cell_width_px=10 derived_cols=80 last_sent_cols=80
2026-08-21T02:41:12.026 [viewport] viewportOutgrewEmulator: source=onRealViewportChanged viewport_rows=24 emulator_rows=24 viewport_cols=80 emulator_cols=80 viewport_w=800 viewport_h=480 cell_w=10 cell_h=20 operandsReady=true → false
2026-08-21T02:41:12.026 [viewport] source=onRealViewportChanged cellsDirty=false resume_rows=24 emulator_rows=24 resume_cols=80 emulator_cols=80 outgrew=false mismatch=false → false
2026-08-21T02:41:12.026 [viewport] source=onRealViewportChanged result resized=false outgrewGuard=false candidateRows=24 candidateCols=80 emulatorRows=24 emulatorCols=80
2026-08-21T02:42:41.463 [viewport] source=onViewportSizeChanged oldW=800 oldH=480 newW=800 newH=480 viewportSeeded=true emulatorRows=24 emulatorCols=80
2026-08-21T02:42:41.463 [viewport] viewportOutgrewEmulator: source=onViewportSizeChanged viewport_rows=24 emulator_rows=24 viewport_cols=80 emulator_cols=80 viewport_w=800 viewport_h=480 cell_w=10 cell_h=20 operandsReady=true → false
2026-08-21T02:42:41.463 [viewport] source=onViewportSizeChanged result resized=false outgrewGuard=false candidateRows=24 candidateCols=80 emulatorRows=24 emulatorCols=80
2026-08-21T02:42:41.463 [viewport] source=onRealViewportChanged oldW=800 oldH=480 newW=800 newH=480 viewportSeeded=true emulatorRows=24 emulatorCols=80
2026-08-21T02:42:41.463 [reflow] source=resume view_width_px=800 cell_width_px=10 derived_cols=80 last_sent_cols=80
2026-08-21T02:42:41.463 [viewport] viewportOutgrewEmulator: source=onRealViewportChanged viewport_rows=24 emulator_rows=24 viewport_cols=80 emulator_cols=80 viewport_w=800 viewport_h=480 cell_w=10 cell_h=20 operandsReady=true → false
2026-08-21T02:42:41.463 [viewport] source=onRealViewportChanged cellsDirty=false resume_rows=24 emulator_rows=24 resume_cols=80 emulator_cols=80 outgrew=false mismatch=false → false
2026-08-21T02:42:41.463 [viewport] source=onRealViewportChanged result resized=false outgrewGuard=false candidateRows=24 candidateCols=80 emulatorRows=24 emulatorCols=80
2026-08-21T02:43:18.292 [viewport] source=onViewportSizeChanged oldW=800 oldH=480 newW=800 newH=480 viewportSeeded=true emulatorRows=24 emulatorCols=80
2026-08-21T02:43:18.292 [viewport] viewportOutgrewEmulator: source=onViewportSizeChanged viewport_rows=24 emulator_rows=24 viewport_cols=80 emulator_cols=80 viewport_w=800 viewport_h=480 cell_w=10 cell_h=20 operandsReady=true → false
2026-08-21T02:43:18.292 [viewport] source=onViewportSizeChanged result resized=false outgrewGuard=false candidateRows=24 candidateCols=80 emulatorRows=24 emulatorCols=80
2026-08-21T02:43:18.292 [viewport] source=onRealViewportChanged oldW=800 oldH=480 newW=800 newH=480 viewportSeeded=true emulatorRows=24 emulatorCols=80
2026-08-21T02:43:18.292 [reflow] source=resume view_width_px=800 cell_width_px=10 derived_cols=80 last_sent_cols=80
2026-08-21T02:43:18.292 [viewport] viewportOutgrewEmulator: source=onRealViewportChanged viewport_rows=24 emulator_rows=24 viewport_cols=80 emulator_cols=80 viewport_w=800 viewport_h=480 cell_w=10 cell_h=20 operandsReady=true → false
2026-08-21T02:43:18.292 [viewport] source=onRealViewportChanged cellsDirty=false resume_rows=24 emulator_rows=24 resume_cols=80 emulator_cols=80 outgrew=false mismatch=false → false
2026-08-21T02:43:18.292 [viewport] source=onRealViewportChanged result resized=false outgrewGuard=false candidateRows=24 candidateCols=80 emulatorRows=24 emulatorCols=80
2026-08-21T02:43:53.034 [viewport] source=onViewportSizeChanged oldW=800 oldH=480 newW=800 newH=480 viewportSeeded=true emulatorRows=24 emulatorCols=80
2026-08-21T02:43:53.034 [viewport] viewportOutgrewEmulator: source=onViewportSizeChanged viewport_rows=24 emulator_rows=24 viewport_cols=80 emulator_cols=80 viewport_w=800 viewport_h=480 cell_w=10 cell_h=20 operandsReady=true → false
2026-08-21T02:43:53.034 [viewport] source=onViewportSizeChanged result resized=false outgrewGuard=false candidateRows=24 candidateCols=80 emulatorRows=24 emulatorCols=80
2026-08-21T02:43:53.034 [viewport] source=onRealViewportChanged oldW=800 oldH=480 newW=800 newH=480 viewportSeeded=true emulatorRows=24 emulatorCols=80
2026-08-21T02:43:53.034 [reflow] source=resume view_width_px=800 cell_width_px=10 derived_cols=80 last_sent_cols=80
2026-08-21T02:43:53.034 [viewport] viewportOutgrewEmulator: source=onRealViewportChanged viewport_rows=24 emulator_rows=24 viewport_cols=80 emulator_cols=80 viewport_w=800 viewport_h=480 cell_w=10 cell_h=20 operandsReady=true → false
2026-08-21T02:43:53.034 [viewport] source=onRealViewportChanged cellsDirty=false resume_rows=24 emulator_rows=24 resume_cols=80 emulator_cols=80 outgrew=false mismatch=false → false
2026-08-21T02:43:53.034 [viewport] source=onRealViewportChanged result resized=false outgrewGuard=false candidateRows=24 candidateCols=80 emulatorRows=24 emulatorCols=80
2026-08-21T02:44:23.056 [viewport] source=onViewportSizeChanged oldW=800 oldH=480 newW=800 newH=480 viewportSeeded=true emulatorRows=24 emulatorCols=80
2026-08-21T02:44:23.056 [viewport] viewportOutgrewEmulator: source=onViewportSizeChanged viewport_rows=24 emulator_rows=24 viewport_cols=80 emulator_cols=80 viewport_w=800 viewport_h=480 cell_w=10 cell_h=20 operandsReady=true → false
2026-08-21T02:44:23.056 [viewport] source=onViewportSizeChanged result resized=false outgrewGuard=false candidateRows=24 candidateCols=80 emulatorRows=24 emulatorCols=80
2026-08-21T02:44:23.056 [viewport] source=onRealViewportChanged oldW=800 oldH=480 newW=800 newH=480 viewportSeeded=true emulatorRows=24 emulatorCols=80
2026-08-21T02:44:23.056 [reflow] source=resume view_width_px=800 cell_width_px=10 derived_cols=80 last_sent_cols=80
2026-08-21T02:44:23.056 [viewport] viewportOutgrewEmulator: source=onRealViewportChanged viewport_rows=24 emulator_rows=24 viewport_cols=80 emulator_cols=80 viewport_w=800 viewport_h=480 cell_w=10 cell_h=20 operandsReady=true → false
2026-08-21T02:44:23.056 [viewport] source=onRealViewportChanged cellsDirty=false resume_rows=24 emulator_rows=24 resume_cols=80 emulator_cols=80 outgrew=false mismatch=false → false
2026-08-21T02:44:23.056 [viewport] source=onRealViewportChanged result resized=false outgrewGuard=false candidateRows=24 candidateCols=80 emulatorRows=24 emulatorCols=80
2026-08-21T02:49:43.487 [viewport] source=onViewportSizeChanged oldW=800 oldH=480 newW=800 newH=480 viewportSeeded=true emulatorRows=24 emulatorCols=80
2026-08-21T02:49:43.487 [viewport] viewportOutgrewEmulator: source=onViewportSizeChanged viewport_rows=24 emulator_rows=24 viewport_cols=80 emulator_cols=80 viewport_w=800 viewport_h=480 cell_w=10 cell_h=20 operandsReady=true → false
2026-08-21T02:49:43.487 [viewport] source=onViewportSizeChanged result resized=false outgrewGuard=false candidateRows=24 candidateCols=80 emulatorRows=24 emulatorCols=80
2026-08-21T02:49:43.487 [viewport] source=onRealViewportChanged oldW=800 oldH=480 newW=800 newH=480 viewportSeeded=true emulatorRows=24 emulatorCols=80
2026-08-21T02:49:43.487 [reflow] source=resume view_width_px=800 cell_width_px=10 derived_cols=80 last_sent_cols=80
2026-08-21T02:49:43.487 [viewport] viewportOutgrewEmulator: source=onRealViewportChanged viewport_rows=24 emulator_rows=24 viewport_cols=80 emulator_cols=80 viewport_w=800 viewport_h=480 cell_w=10 cell_h=20 operandsReady=true → false
2026-08-21T02:49:43.487 [viewport] source=onRealViewportChanged cellsDirty=false resume_rows=24 emulator_rows=24 resume_cols=80 emulator_cols=80 outgrew=false mismatch=false → false
2026-08-21T02:49:43.487 [viewport] source=onRealViewportChanged result resized=false outgrewGuard=false candidateRows=24 candidateCols=80 emulatorRows=24 emulatorCols=80
2026-08-21T02:50:15.374 [viewport] source=onViewportSizeChanged oldW=800 oldH=480 newW=800 newH=480 viewportSeeded=true emulatorRows=24 emulatorCols=80
2026-08-21T02:50:15.374 [viewport] viewportOutgrewEmulator: source=onViewportSizeChanged viewport_rows=24 emulator_rows=24 viewport_cols=80 emulator_cols=80 viewport_w=800 viewport_h=480 cell_w=10 cell_h=20 operandsReady=true → false
2026-08-21T02:50:15.374 [viewport] source=onViewportSizeChanged result resized=false outgrewGuard=false candidateRows=24 candidateCols=80 emulatorRows=24 emulatorCols=80
2026-08-21T02:50:15.374 [viewport] source=onRealViewportChanged oldW=800 oldH=480 newW=800 newH=480 viewportSeeded=true emulatorRows=24 emulatorCols=80
2026-08-21T02:50:15.374 [reflow] source=resume view_width_px=800 cell_width_px=10 derived_cols=80 last_sent_cols=80
2026-08-21T02:50:15.374 [viewport] viewportOutgrewEmulator: source=onRealViewportChanged viewport_rows=24 emulator_rows=24 viewport_cols=80 emulator_cols=80 viewport_w=800 viewport_h=480 cell_w=10 cell_h=20 operandsReady=true → false
2026-08-21T02:50:15.374 [viewport] source=onRealViewportChanged cellsDirty=false resume_rows=24 emulator_rows=24 resume_cols=80 emulator_cols=80 outgrew=false mismatch=false → false
2026-08-21T02:50:15.374 [viewport] source=onRealViewportChanged result resized=false outgrewGuard=false candidateRows=24 candidateCols=80 emulatorRows=24 emulatorCols=80
2026-08-21T02:50:54.438 [viewport] source=onViewportSizeChanged oldW=800 oldH=480 newW=800 newH=480 viewportSeeded=true emulatorRows=24 emulatorCols=80
2026-08-21T02:50:54.438 [viewport] viewportOutgrewEmulator: source=onViewportSizeChanged viewport_rows=24 emulator_rows=24 viewport_cols=80 emulator_cols=80 viewport_w=800 viewport_h=480 cell_w=10 cell_h=20 operandsReady=true → false
2026-08-21T02:50:54.438 [viewport] source=onViewportSizeChanged result resized=false outgrewGuard=false candidateRows=24 candidateCols=80 emulatorRows=24 emulatorCols=80
2026-08-21T02:50:54.438 [viewport] source=onRealViewportChanged oldW=800 oldH=480 newW=800 newH=480 viewportSeeded=true emulatorRows=24 emulatorCols=80
2026-08-21T02:50:54.438 [reflow] source=resume view_width_px=800 cell_width_px=10 derived_cols=80 last_sent_cols=80
2026-08-21T02:50:54.438 [viewport] viewportOutgrewEmulator: source=onRealViewportChanged viewport_rows=24 emulator_rows=24 viewport_cols=80 emulator_cols=80 viewport_w=800 viewport_h=480 cell_w=10 cell_h=20 operandsReady=true → false
2026-08-21T02:50:54.438 [viewport] source=onRealViewportChanged cellsDirty=false resume_rows=24 emulator_rows=24 resume_cols=80 emulator_cols=80 outgrew=false mismatch=false → false
2026-08-21T02:50:54.438 [viewport] source=onRealViewportChanged result resized=false outgrewGuard=false candidateRows=24 candidateCols=80 emulatorRows=24 emulatorCols=80
2026-08-21T02:51:30.639 [viewport] source=onViewportSizeChanged oldW=800 oldH=480 newW=800 newH=480 viewportSeeded=true emulatorRows=24 emulatorCols=80
2026-08-21T02:51:30.639 [viewport] viewportOutgrewEmulator: source=onViewportSizeChanged viewport_rows=24 emulator_rows=24 viewport_cols=80 emulator_cols=80 viewport_w=800 viewport_h=480 cell_w=10 cell_h=20 operandsReady=true → false
2026-08-21T02:51:30.639 [viewport] source=onViewportSizeChanged result resized=false outgrewGuard=false candidateRows=24 candidateCols=80 emulatorRows=24 emulatorCols=80
2026-08-21T02:51:30.639 [viewport] source=onRealViewportChanged oldW=800 oldH=480 newW=800 newH=480 viewportSeeded=true emulatorRows=24 emulatorCols=80
2026-08-21T02:51:30.639 [reflow] source=resume view_width_px=800 cell_width_px=10 derived_cols=80 last_sent_cols=80
2026-08-21T02:51:30.639 [viewport] viewportOutgrewEmulator: source=onRealViewportChanged viewport_rows=24 emulator_rows=24 viewport_cols=80 emulator_cols=80 viewport_w=800 viewport_h=480 cell_w=10 cell_h=20 operandsReady=true → false
2026-08-21T02:51:30.639 [viewport] source=onRealViewportChanged cellsDirty=false resume_rows=24 emulator_rows=24 resume_cols=80 emulator_cols=80 outgrew=false mismatch=false → false
2026-08-21T02:51:30.639 [viewport] source=onRealViewportChanged result resized=false outgrewGuard=false candidateRows=24 candidateCols=80 emulatorRows=24 emulatorCols=80
2026-08-21T02:52:16.984 [viewport] source=onViewportSizeChanged oldW=800 oldH=480 newW=800 newH=480 viewportSeeded=true emulatorRows=24 emulatorCols=80
2026-08-21T02:52:16.984 [viewport] viewportOutgrewEmulator: source=onViewportSizeChanged viewport_rows=24 emulator_rows=24 viewport_cols=80 emulator_cols=80 viewport_w=800 viewport_h=480 cell_w=10 cell_h=20 operandsReady=true → false
2026-08-21T02:52:16.984 [viewport] source=onViewportSizeChanged result resized=false outgrewGuard=false candidateRows=24 candidateCols=80 emulatorRows=24 emulatorCols=80
2026-08-21T02:52:16.984 [viewport] source=onRealViewportChanged oldW=800 oldH=480 newW=800 newH=480 viewportSeeded=true emulatorRows=24 emulatorCols=80
2026-08-21T02:52:16.984 [reflow] source=resume view_width_px=800 cell_width_px=10 derived_cols=80 last_sent_cols=80
2026-08-21T02:52:16.984 [viewport] viewportOutgrewEmulator: source=onRealViewportChanged viewport_rows=24 emulator_rows=24 viewport_cols=80 emulator_cols=80 viewport_w=800 viewport_h=480 cell_w=10 cell_h=20 operandsReady=true → false
2026-08-21T02:52:16.984 [viewport] source=onRealViewportChanged cellsDirty=false resume_rows=24 emulator_rows=24 resume_cols=80 emulator_cols=80 outgrew=false mismatch=false → false
2026-08-21T02:52:16.984 [viewport] source=onRealViewportChanged result resized=false outgrewGuard=false candidateRows=24 candidateCols=80 emulatorRows=24 emulatorCols=80
2026-08-21T02:52:54.780 [viewport] source=onViewportSizeChanged oldW=800 oldH=480 newW=800 newH=480 viewportSeeded=true emulatorRows=24 emulatorCols=80
2026-08-21T02:52:54.780 [viewport] viewportOutgrewEmulator: source=onViewportSizeChanged viewport_rows=24 emulator_rows=24 viewport_cols=80 emulator_cols=80 viewport_w=800 viewport_h=480 cell_w=10 cell_h=20 operandsReady=true → false
2026-08-21T02:52:54.780 [viewport] source=onViewportSizeChanged result resized=false outgrewGuard=false candidateRows=24 candidateCols=80 emulatorRows=24 emulatorCols=80
2026-08-21T02:52:54.780 [viewport] source=onRealViewportChanged oldW=800 oldH=480 newW=800 newH=480 viewportSeeded=true emulatorRows=24 emulatorCols=80
2026-08-21T02:52:54.780 [reflow] source=resume view_width_px=800 cell_width_px=10 derived_cols=80 last_sent_cols=80
2026-08-21T02:52:54.780 [viewport] viewportOutgrewEmulator: source=onRealViewportChanged viewport_rows=24 emulator_rows=24 viewport_cols=80 emulator_cols=80 viewport_w=800 viewport_h=480 cell_w=10 cell_h=20 operandsReady=true → false
2026-08-21T02:52:54.780 [viewport] source=onRealViewportChanged cellsDirty=false resume_rows=24 emulator_rows=24 resume_cols=80 emulator_cols=80 outgrew=false mismatch=false → false
2026-08-21T02:52:54.780 [viewport] source=onRealViewportChanged result resized=false outgrewGuard=false candidateRows=24 candidateCols=80 emulatorRows=24 emulatorCols=80
2026-08-21T02:53:24.899 [viewport] source=onViewportSizeChanged oldW=800 oldH=480 newW=800 newH=480 viewportSeeded=true emulatorRows=24 emulatorCols=80
2026-08-21T02:53:24.899 [viewport] viewportOutgrewEmulator: source=onViewportSizeChanged viewport_rows=24 emulator_rows=24 viewport_cols=80 emulator_cols=80 viewport_w=800 viewport_h=480 cell_w=10 cell_h=20 operandsReady=true → false
2026-08-21T02:53:24.899 [viewport] source=onViewportSizeChanged result resized=false outgrewGuard=false candidateRows=24 candidateCols=80 emulatorRows=24 emulatorCols=80
2026-08-21T02:53:24.899 [viewport] source=onRealViewportChanged oldW=800 oldH=480 newW=800 newH=480 viewportSeeded=true emulatorRows=24 emulatorCols=80
2026-08-21T02:53:24.899 [reflow] source=resume view_width_px=800 cell_width_px=10 derived_cols=80 last_sent_cols=80
2026-08-21T02:53:24.899 [viewport] viewportOutgrewEmulator: source=onRealViewportChanged viewport_rows=24 emulator_rows=24 viewport_cols=80 emulator_cols=80 viewport_w=800 viewport_h=480 cell_w=10 cell_h=20 operandsReady=true → false
2026-08-21T02:53:24.899 [viewport] source=onRealViewportChanged cellsDirty=false resume_rows=24 emulator_rows=24 resume_cols=80 emulator_cols=80 outgrew=false mismatch=false → false
2026-08-21T02:53:24.899 [viewport] source=onRealViewportChanged result resized=false outgrewGuard=false candidateRows=24 candidateCols=80 emulatorRows=24 emulatorCols=80
2026-08-21T02:55:26.396 [viewport] source=onViewportSizeChanged oldW=800 oldH=480 newW=800 newH=480 viewportSeeded=true emulatorRows=24 emulatorCols=80
2026-08-21T02:55:26.396 [viewport] viewportOutgrewEmulator: source=onViewportSizeChanged viewport_rows=24 emulator_rows=24 viewport_cols=80 emulator_cols=80 viewport_w=800 viewport_h=480 cell_w=10 cell_h=20 operandsReady=true → false
2026-08-21T02:55:26.396 [viewport] source=onViewportSizeChanged result resized=false outgrewGuard=false candidateRows=24 candidateCols=80 emulatorRows=24 emulatorCols=80
2026-08-21T02:55:26.397 [viewport] source=onRealViewportChanged oldW=800 oldH=480 newW=800 newH=480 viewportSeeded=true emulatorRows=24 emulatorCols=80
2026-08-21T02:55:26.397 [reflow] source=resume view_width_px=800 cell_width_px=10 derived_cols=80 last_sent_cols=80
2026-08-21T02:55:26.397 [viewport] viewportOutgrewEmulator: source=onRealViewportChanged viewport_rows=24 emulator_rows=24 viewport_cols=80 emulator_cols=80 viewport_w=800 viewport_h=480 cell_w=10 cell_h=20 operandsReady=true → false
2026-08-21T02:55:26.397 [viewport] source=onRealViewportChanged cellsDirty=false resume_rows=24 emulator_rows=24 resume_cols=80 emulator_cols=80 outgrew=false mismatch=false → false
2026-08-21T02:55:26.397 [viewport] source=onRealViewportChanged result resized=false outgrewGuard=false candidateRows=24 candidateCols=80 emulatorRows=24 emulatorCols=80
2026-08-21T02:56:55.049 [viewport] source=onViewportSizeChanged oldW=800 oldH=480 newW=800 newH=480 viewportSeeded=true emulatorRows=24 emulatorCols=80
2026-08-21T02:56:55.049 [viewport] viewportOutgrewEmulator: source=onViewportSizeChanged viewport_rows=24 emulator_rows=24 viewport_cols=80 emulator_cols=80 viewport_w=800 viewport_h=480 cell_w=10 cell_h=20 operandsReady=true → false
2026-08-21T02:56:55.049 [viewport] source=onViewportSizeChanged result resized=false outgrewGuard=false candidateRows=24 candidateCols=80 emulatorRows=24 emulatorCols=80
2026-08-21T02:56:55.049 [viewport] source=onRealViewportChanged oldW=800 oldH=480 newW=800 newH=480 viewportSeeded=true emulatorRows=24 emulatorCols=80
2026-08-21T02:56:55.049 [reflow] source=resume view_width_px=800 cell_width_px=10 derived_cols=80 last_sent_cols=80
2026-08-21T02:56:55.049 [viewport] viewportOutgrewEmulator: source=onRealViewportChanged viewport_rows=24 emulator_rows=24 viewport_cols=80 emulator_cols=80 viewport_w=800 viewport_h=480 cell_w=10 cell_h=20 operandsReady=true → false
2026-08-21T02:56:55.049 [viewport] source=onRealViewportChanged cellsDirty=false resume_rows=24 emulator_rows=24 resume_cols=80 emulator_cols=80 outgrew=false mismatch=false → false
2026-08-21T02:56:55.049 [viewport] source=onRealViewportChanged result resized=false outgrewGuard=false candidateRows=24 candidateCols=80 emulatorRows=24 emulatorCols=80
2026-08-21T02:57:26.512 [viewport] source=onViewportSizeChanged oldW=800 oldH=480 newW=800 newH=480 viewportSeeded=true emulatorRows=24 emulatorCols=80
2026-08-21T02:57:26.512 [viewport] viewportOutgrewEmulator: source=onViewportSizeChanged viewport_rows=24 emulator_rows=24 viewport_cols=80 emulator_cols=80 viewport_w=800 viewport_h=480 cell_w=10 cell_h=20 operandsReady=true → false
2026-08-21T02:57:26.512 [viewport] source=onViewportSizeChanged result resized=false outgrewGuard=false candidateRows=24 candidateCols=80 emulatorRows=24 emulatorCols=80
2026-08-21T02:57:26.512 [viewport] source=onRealViewportChanged oldW=800 oldH=480 newW=800 newH=480 viewportSeeded=true emulatorRows=24 emulatorCols=80
2026-08-21T02:57:26.512 [reflow] source=resume view_width_px=800 cell_width_px=10 derived_cols=80 last_sent_cols=80
2026-08-21T02:57:26.512 [viewport] viewportOutgrewEmulator: source=onRealViewportChanged viewport_rows=24 emulator_rows=24 viewport_cols=80 emulator_cols=80 viewport_w=800 viewport_h=480 cell_w=10 cell_h=20 operandsReady=true → false
2026-08-21T02:57:26.512 [viewport] source=onRealViewportChanged cellsDirty=false resume_rows=24 emulator_rows=24 resume_cols=80 emulator_cols=80 outgrew=false mismatch=false → false
2026-08-21T02:57:26.512 [viewport] source=onRealViewportChanged result resized=false outgrewGuard=false candidateRows=24 candidateCols=80 emulatorRows=24 emulatorCols=80
2026-08-21T02:57:32.791 [viewport] source=onViewportSizeChanged oldW=800 oldH=480 newW=800 newH=480 viewportSeeded=true emulatorRows=24 emulatorCols=80
2026-08-21T02:57:32.791 [viewport] viewportOutgrewEmulator: source=onViewportSizeChanged viewport_rows=24 emulator_rows=24 viewport_cols=80 emulator_cols=80 viewport_w=800 viewport_h=480 cell_w=10 cell_h=20 operandsReady=true → false
2026-08-21T02:57:32.791 [viewport] source=onViewportSizeChanged result resized=false outgrewGuard=false candidateRows=24 candidateCols=80 emulatorRows=24 emulatorCols=80
2026-08-21T02:57:32.791 [viewport] source=onRealViewportChanged oldW=800 oldH=480 newW=800 newH=480 viewportSeeded=true emulatorRows=24 emulatorCols=80
2026-08-21T02:57:32.791 [reflow] source=resume view_width_px=800 cell_width_px=10 derived_cols=80 last_sent_cols=80
2026-08-21T02:57:32.791 [viewport] viewportOutgrewEmulator: source=onRealViewportChanged viewport_rows=24 emulator_rows=24 viewport_cols=80 emulator_cols=80 viewport_w=800 viewport_h=480 cell_w=10 cell_h=20 operandsReady=true → false
2026-08-21T02:57:32.791 [viewport] source=onRealViewportChanged cellsDirty=false resume_rows=24 emulator_rows=24 resume_cols=80 emulator_cols=80 outgrew=false mismatch=false → false
2026-08-21T02:57:32.791 [viewport] source=onRealViewportChanged result resized=false outgrewGuard=false candidateRows=24 candidateCols=80 emulatorRows=24 emulatorCols=80
2026-08-21T02:58:39.110 [viewport] source=onViewportSizeChanged oldW=800 oldH=480 newW=800 newH=480 viewportSeeded=true emulatorRows=24 emulatorCols=80
2026-08-21T02:58:39.110 [viewport] viewportOutgrewEmulator: source=onViewportSizeChanged viewport_rows=24 emulator_rows=24 viewport_cols=80 emulator_cols=80 viewport_w=800 viewport_h=480 cell_w=10 cell_h=20 operandsReady=true → false
2026-08-21T02:58:39.110 [viewport] source=onViewportSizeChanged result resized=false outgrewGuard=false candidateRows=24 candidateCols=80 emulatorRows=24 emulatorCols=80
2026-08-21T02:58:39.110 [viewport] source=onRealViewportChanged oldW=800 oldH=480 newW=800 newH=480 viewportSeeded=true emulatorRows=24 emulatorCols=80
2026-08-21T02:58:39.110 [reflow] source=resume view_width_px=800 cell_width_px=10 derived_cols=80 last_sent_cols=80
2026-08-21T02:58:39.110 [viewport] viewportOutgrewEmulator: source=onRealViewportChanged viewport_rows=24 emulator_rows=24 viewport_cols=80 emulator_cols=80 viewport_w=800 viewport_h=480 cell_w=10 cell_h=20 operandsReady=true → false
2026-08-21T02:58:39.110 [viewport] source=onRealViewportChanged cellsDirty=false resume_rows=24 emulator_rows=24 resume_cols=80 emulator_cols=80 outgrew=false mismatch=false → false
2026-08-21T02:58:39.110 [viewport] source=onRealViewportChanged result resized=false outgrewGuard=false candidateRows=24 candidateCols=80 emulatorRows=24 emulatorCols=80
2026-08-21T02:58:48.755 [viewport] source=onViewportSizeChanged oldW=800 oldH=480 newW=800 newH=480 viewportSeeded=true emulatorRows=24 emulatorCols=80
2026-08-21T02:58:48.755 [viewport] viewportOutgrewEmulator: source=onViewportSizeChanged viewport_rows=24 emulator_rows=24 viewport_cols=80 emulator_cols=80 viewport_w=800 viewport_h=480 cell_w=10 cell_h=20 operandsReady=true → false
2026-08-21T02:58:48.755 [viewport] source=onViewportSizeChanged result resized=false outgrewGuard=false candidateRows=24 candidateCols=80 emulatorRows=24 emulatorCols=80
2026-08-21T02:58:48.755 [viewport] source=onRealViewportChanged oldW=800 oldH=480 newW=800 newH=480 viewportSeeded=true emulatorRows=24 emulatorCols=80
2026-08-21T02:58:48.755 [reflow] source=resume view_width_px=800 cell_width_px=10 derived_cols=80 last_sent_cols=80
2026-08-21T02:58:48.755 [viewport] viewportOutgrewEmulator: source=onRealViewportChanged viewport_rows=24 emulator_rows=24 viewport_cols=80 emulator_cols=80 viewport_w=800 viewport_h=480 cell_w=10 cell_h=20 operandsReady=true → false
2026-08-21T02:58:48.755 [viewport] source=onRealViewportChanged cellsDirty=false resume_rows=24 emulator_rows=24 resume_cols=80 emulator_cols=80 outgrew=false mismatch=false → false
2026-08-21T02:58:48.755 [viewport] source=onRealViewportChanged result resized=false outgrewGuard=false candidateRows=24 candidateCols=80 emulatorRows=24 emulatorCols=80
2026-08-21T02:59:32.982 [viewport] source=onViewportSizeChanged oldW=800 oldH=480 newW=800 newH=480 viewportSeeded=true emulatorRows=24 emulatorCols=80
2026-08-21T02:59:32.982 [viewport] viewportOutgrewEmulator: source=onViewportSizeChanged viewport_rows=24 emulator_rows=24 viewport_cols=80 emulator_cols=80 viewport_w=800 viewport_h=480 cell_w=10 cell_h=20 operandsReady=true → false
2026-08-21T02:59:32.982 [viewport] source=onViewportSizeChanged result resized=false outgrewGuard=false candidateRows=24 candidateCols=80 emulatorRows=24 emulatorCols=80
2026-08-21T02:59:32.982 [viewport] source=onRealViewportChanged oldW=800 oldH=480 newW=800 newH=480 viewportSeeded=true emulatorRows=24 emulatorCols=80
2026-08-21T02:59:32.982 [reflow] source=resume view_width_px=800 cell_width_px=10 derived_cols=80 last_sent_cols=80
2026-08-21T02:59:32.982 [viewport] viewportOutgrewEmulator: source=onRealViewportChanged viewport_rows=24 emulator_rows=24 viewport_cols=80 emulator_cols=80 viewport_w=800 viewport_h=480 cell_w=10 cell_h=20 operandsReady=true → false
2026-08-21T02:59:32.982 [viewport] source=onRealViewportChanged cellsDirty=false resume_rows=24 emulator_rows=24 resume_cols=80 emulator_cols=80 outgrew=false mismatch=false → false
2026-08-21T02:59:32.982 [viewport] source=onRealViewportChanged result resized=false outgrewGuard=false candidateRows=24 candidateCols=80 emulatorRows=24 emulatorCols=80
2026-08-21T02:59:33.195 [viewport] source=onViewportSizeChanged oldW=800 oldH=480 newW=800 newH=480 viewportSeeded=true emulatorRows=24 emulatorCols=80
2026-08-21T02:59:33.195 [viewport] viewportOutgrewEmulator: source=onViewportSizeChanged viewport_rows=24 emulator_rows=24 viewport_cols=80 emulator_cols=80 viewport_w=800 viewport_h=480 cell_w=10 cell_h=20 operandsReady=true → false
2026-08-21T02:59:33.195 [viewport] source=onViewportSizeChanged result resized=false outgrewGuard=false candidateRows=24 candidateCols=80 emulatorRows=24 emulatorCols=80
2026-08-21T02:59:33.195 [viewport] source=onRealViewportChanged oldW=800 oldH=480 newW=800 newH=480 viewportSeeded=true emulatorRows=24 emulatorCols=80
2026-08-21T02:59:33.195 [reflow] source=resume view_width_px=800 cell_width_px=10 derived_cols=80 last_sent_cols=80
2026-08-21T02:59:33.195 [viewport] viewportOutgrewEmulator: source=onRealViewportChanged viewport_rows=24 emulator_rows=24 viewport_cols=80 emulator_cols=80 viewport_w=800 viewport_h=480 cell_w=10 cell_h=20 operandsReady=true → false
2026-08-21T02:59:33.195 [viewport] source=onRealViewportChanged cellsDirty=false resume_rows=24 emulator_rows=24 resume_cols=80 emulator_cols=80 outgrew=false mismatch=false → false
2026-08-21T02:59:33.195 [viewport] source=onRealViewportChanged result resized=false outgrewGuard=false candidateRows=24 candidateCols=80 emulatorRows=24 emulatorCols=80
2026-08-21T03:00:04.203 [viewport] source=onViewportSizeChanged oldW=800 oldH=480 newW=800 newH=480 viewportSeeded=true emulatorRows=24 emulatorCols=80
2026-08-21T03:00:04.203 [viewport] viewportOutgrewEmulator: source=onViewportSizeChanged viewport_rows=24 emulator_rows=24 viewport_cols=80 emulator_cols=80 viewport_w=800 viewport_h=480 cell_w=10 cell_h=20 operandsReady=true → false
2026-08-21T03:00:04.203 [viewport] source=onViewportSizeChanged result resized=false outgrewGuard=false candidateRows=24 candidateCols=80 emulatorRows=24 emulatorCols=80
2026-08-21T03:00:04.203 [viewport] source=onRealViewportChanged oldW=800 oldH=480 newW=800 newH=480 viewportSeeded=true emulatorRows=24 emulatorCols=80
2026-08-21T03:00:04.203 [reflow] source=resume view_width_px=800 cell_width_px=10 derived_cols=80 last_sent_cols=80
2026-08-21T03:00:04.203 [viewport] viewportOutgrewEmulator: source=onRealViewportChanged viewport_rows=24 emulator_rows=24 viewport_cols=80 emulator_cols=80 viewport_w=800 viewport_h=480 cell_w=10 cell_h=20 operandsReady=true → false
2026-08-21T03:00:04.203 [viewport] source=onRealViewportChanged cellsDirty=false resume_rows=24 emulator_rows=24 resume_cols=80 emulator_cols=80 outgrew=false mismatch=false → false
2026-08-21T03:00:04.203 [viewport] source=onRealViewportChanged result resized=false outgrewGuard=false candidateRows=24 candidateCols=80 emulatorRows=24 emulatorCols=80
2026-08-21T03:01:24.491 [viewport] source=onViewportSizeChanged oldW=800 oldH=480 newW=800 newH=480 viewportSeeded=true emulatorRows=24 emulatorCols=80
2026-08-21T03:01:24.491 [viewport] viewportOutgrewEmulator: source=onViewportSizeChanged viewport_rows=24 emulator_rows=24 viewport_cols=80 emulator_cols=80 viewport_w=800 viewport_h=480 cell_w=10 cell_h=20 operandsReady=true → false
2026-08-21T03:01:24.491 [viewport] source=onViewportSizeChanged result resized=false outgrewGuard=false candidateRows=24 candidateCols=80 emulatorRows=24 emulatorCols=80
2026-08-21T03:01:24.491 [viewport] source=onRealViewportChanged oldW=800 oldH=480 newW=800 newH=480 viewportSeeded=true emulatorRows=24 emulatorCols=80
2026-08-21T03:01:24.491 [reflow] source=resume view_width_px=800 cell_width_px=10 derived_cols=80 last_sent_cols=80
2026-08-21T03:01:24.491 [viewport] viewportOutgrewEmulator: source=onRealViewportChanged viewport_rows=24 emulator_rows=24 viewport_cols=80 emulator_cols=80 viewport_w=800 viewport_h=480 cell_w=10 cell_h=20 operandsReady=true → false
2026-08-21T03:01:24.491 [viewport] source=onRealViewportChanged cellsDirty=false resume_rows=24 emulator_rows=24 resume_cols=80 emulator_cols=80 outgrew=false mismatch=false → false
2026-08-21T03:01:24.491 [viewport] source=onRealViewportChanged result resized=false outgrewGuard=false candidateRows=24 candidateCols=80 emulatorRows=24 emulatorCols=80
2026-08-21T03:02:03.202 [viewport] source=onViewportSizeChanged oldW=800 oldH=480 newW=800 newH=480 viewportSeeded=true emulatorRows=24 emulatorCols=80
2026-08-21T03:02:03.202 [viewport] viewportOutgrewEmulator: source=onViewportSizeChanged viewport_rows=24 emulator_rows=24 viewport_cols=80 emulator_cols=80 viewport_w=800 viewport_h=480 cell_w=10 cell_h=20 operandsReady=true → false
2026-08-21T03:02:03.202 [viewport] source=onViewportSizeChanged result resized=false outgrewGuard=false candidateRows=24 candidateCols=80 emulatorRows=24 emulatorCols=80
2026-08-21T03:02:03.202 [viewport] source=onRealViewportChanged oldW=800 oldH=480 newW=800 newH=480 viewportSeeded=true emulatorRows=24 emulatorCols=80
2026-08-21T03:02:03.202 [reflow] source=resume view_width_px=800 cell_width_px=10 derived_cols=80 last_sent_cols=80
2026-08-21T03:02:03.202 [viewport] viewportOutgrewEmulator: source=onRealViewportChanged viewport_rows=24 emulator_rows=24 viewport_cols=80 emulator_cols=80 viewport_w=800 viewport_h=480 cell_w=10 cell_h=20 operandsReady=true → false
2026-08-21T03:02:03.202 [viewport] source=onRealViewportChanged cellsDirty=false resume_rows=24 emulator_rows=24 resume_cols=80 emulator_cols=80 outgrew=false mismatch=false → false
2026-08-21T03:02:03.202 [viewport] source=onRealViewportChanged result resized=false outgrewGuard=false candidateRows=24 candidateCols=80 emulatorRows=24 emulatorCols=80
2026-08-21T03:03:25.829 [viewport] source=onViewportSizeChanged oldW=800 oldH=480 newW=800 newH=480 viewportSeeded=true emulatorRows=24 emulatorCols=80
2026-08-21T03:03:25.829 [viewport] viewportOutgrewEmulator: source=onViewportSizeChanged viewport_rows=24 emulator_rows=24 viewport_cols=80 emulator_cols=80 viewport_w=800 viewport_h=480 cell_w=10 cell_h=20 operandsReady=true → false
2026-08-21T03:03:25.829 [viewport] source=onViewportSizeChanged result resized=false outgrewGuard=false candidateRows=24 candidateCols=80 emulatorRows=24 emulatorCols=80
2026-08-21T03:03:25.829 [viewport] source=onRealViewportChanged oldW=800 oldH=480 newW=800 newH=480 viewportSeeded=true emulatorRows=24 emulatorCols=80
2026-08-21T03:03:25.829 [reflow] source=resume view_width_px=800 cell_width_px=10 derived_cols=80 last_sent_cols=80
2026-08-21T03:03:25.829 [viewport] viewportOutgrewEmulator: source=onRealViewportChanged viewport_rows=24 emulator_rows=24 viewport_cols=80 emulator_cols=80 viewport_w=800 viewport_h=480 cell_w=10 cell_h=20 operandsReady=true → false
2026-08-21T03:03:25.829 [viewport] source=onRealViewportChanged cellsDirty=false resume_rows=24 emulator_rows=24 resume_cols=80 emulator_cols=80 outgrew=false mismatch=false → false
2026-08-21T03:03:25.829 [viewport] source=onRealViewportChanged result resized=false outgrewGuard=false candidateRows=24 candidateCols=80 emulatorRows=24 emulatorCols=80
2026-08-21T03:03:58.049 [viewport] source=onViewportSizeChanged oldW=800 oldH=480 newW=800 newH=480 viewportSeeded=true emulatorRows=24 emulatorCols=80
2026-08-21T03:03:58.049 [viewport] viewportOutgrewEmulator: source=onViewportSizeChanged viewport_rows=24 emulator_rows=24 viewport_cols=80 emulator_cols=80 viewport_w=800 viewport_h=480 cell_w=10 cell_h=20 operandsReady=true → false
2026-08-21T03:03:58.049 [viewport] source=onViewportSizeChanged result resized=false outgrewGuard=false candidateRows=24 candidateCols=80 emulatorRows=24 emulatorCols=80
2026-08-21T03:03:58.049 [viewport] source=onRealViewportChanged oldW=800 oldH=480 newW=800 newH=480 viewportSeeded=true emulatorRows=24 emulatorCols=80
2026-08-21T03:03:58.049 [reflow] source=resume view_width_px=800 cell_width_px=10 derived_cols=80 last_sent_cols=80
2026-08-21T03:03:58.049 [viewport] viewportOutgrewEmulator: source=onRealViewportChanged viewport_rows=24 emulator_rows=24 viewport_cols=80 emulator_cols=80 viewport_w=800 viewport_h=480 cell_w=10 cell_h=20 operandsReady=true → false
2026-08-21T03:03:58.049 [viewport] source=onRealViewportChanged cellsDirty=false resume_rows=24 emulator_rows=24 resume_cols=80 emulator_cols=80 outgrew=false mismatch=false → false
2026-08-21T03:03:58.049 [viewport] source=onRealViewportChanged result resized=false outgrewGuard=false candidateRows=24 candidateCols=80 emulatorRows=24 emulatorCols=80
2026-08-21T03:04:42.120 [viewport] source=onViewportSizeChanged oldW=800 oldH=480 newW=800 newH=480 viewportSeeded=true emulatorRows=24 emulatorCols=80
2026-08-21T03:04:42.120 [viewport] viewportOutgrewEmulator: source=onViewportSizeChanged viewport_rows=24 emulator_rows=24 viewport_cols=80 emulator_cols=80 viewport_w=800 viewport_h=480 cell_w=10 cell_h=20 operandsReady=true → false
2026-08-21T03:04:42.120 [viewport] source=onViewportSizeChanged result resized=false outgrewGuard=false candidateRows=24 candidateCols=80 emulatorRows=24 emulatorCols=80
2026-08-21T03:04:42.120 [viewport] source=onRealViewportChanged oldW=800 oldH=480 newW=800 newH=480 viewportSeeded=true emulatorRows=24 emulatorCols=80
2026-08-21T03:04:42.120 [reflow] source=resume view_width_px=800 cell_width_px=10 derived_cols=80 last_sent_cols=80
2026-08-21T03:04:42.120 [viewport] viewportOutgrewEmulator: source=onRealViewportChanged viewport_rows=24 emulator_rows=24 viewport_cols=80 emulator_cols=80 viewport_w=800 viewport_h=480 cell_w=10 cell_h=20 operandsReady=true → false
2026-08-21T03:04:42.120 [viewport] source=onRealViewportChanged cellsDirty=false resume_rows=24 emulator_rows=24 resume_cols=80 emulator_cols=80 outgrew=false mismatch=false → false
2026-08-21T03:04:42.120 [viewport] source=onRealViewportChanged result resized=false outgrewGuard=false candidateRows=24 candidateCols=80 emulatorRows=24 emulatorCols=80
2026-08-21T03:05:18.184 [viewport] source=onViewportSizeChanged oldW=800 oldH=480 newW=800 newH=480 viewportSeeded=true emulatorRows=24 emulatorCols=80
2026-08-21T03:05:18.184 [viewport] viewportOutgrewEmulator: source=onViewportSizeChanged viewport_rows=24 emulator_rows=24 viewport_cols=80 emulator_cols=80 viewport_w=800 viewport_h=480 cell_w=10 cell_h=20 operandsReady=true → false
2026-08-21T03:05:18.184 [viewport] source=onViewportSizeChanged result resized=false outgrewGuard=false candidateRows=24 candidateCols=80 emulatorRows=24 emulatorCols=80
2026-08-21T03:05:18.184 [viewport] source=onRealViewportChanged oldW=800 oldH=480 newW=800 newH=480 viewportSeeded=true emulatorRows=24 emulatorCols=80
2026-08-21T03:05:18.184 [reflow] source=resume view_width_px=800 cell_width_px=10 derived_cols=80 last_sent_cols=80
2026-08-21T03:05:18.184 [viewport] viewportOutgrewEmulator: source=onRealViewportChanged viewport_rows=24 emulator_rows=24 viewport_cols=80 emulator_cols=80 viewport_w=800 viewport_h=480 cell_w=10 cell_h=20 operandsReady=true → false
2026-08-21T03:05:18.184 [viewport] source=onRealViewportChanged cellsDirty=false resume_rows=24 emulator_rows=24 resume_cols=80 emulator_cols=80 outgrew=false mismatch=false → false
2026-08-21T03:05:18.184 [viewport] source=onRealViewportChanged result resized=false outgrewGuard=false candidateRows=24 candidateCols=80 emulatorRows=24 emulatorCols=80
2026-08-21T03:07:34.884 [viewport] source=onViewportSizeChanged oldW=800 oldH=480 newW=800 newH=480 viewportSeeded=true emulatorRows=24 emulatorCols=80
2026-08-21T03:07:34.884 [viewport] viewportOutgrewEmulator: source=onViewportSizeChanged viewport_rows=24 emulator_rows=24 viewport_cols=80 emulator_cols=80 viewport_w=800 viewport_h=480 cell_w=10 cell_h=20 operandsReady=true → false
2026-08-21T03:07:34.884 [viewport] source=onViewportSizeChanged result resized=false outgrewGuard=false candidateRows=24 candidateCols=80 emulatorRows=24 emulatorCols=80
2026-08-21T03:07:34.884 [viewport] source=onRealViewportChanged oldW=800 oldH=480 newW=800 newH=480 viewportSeeded=true emulatorRows=24 emulatorCols=80
2026-08-21T03:07:34.884 [reflow] source=resume view_width_px=800 cell_width_px=10 derived_cols=80 last_sent_cols=80
2026-08-21T03:07:34.884 [viewport] viewportOutgrewEmulator: source=onRealViewportChanged viewport_rows=24 emulator_rows=24 viewport_cols=80 emulator_cols=80 viewport_w=800 viewport_h=480 cell_w=10 cell_h=20 operandsReady=true → false
2026-08-21T03:07:34.884 [viewport] source=onRealViewportChanged cellsDirty=false resume_rows=24 emulator_rows=24 resume_cols=80 emulator_cols=80 outgrew=false mismatch=false → false
2026-08-21T03:07:34.884 [viewport] source=onRealViewportChanged result resized=false outgrewGuard=false candidateRows=24 candidateCols=80 emulatorRows=24 emulatorCols=80
2026-08-21T03:10:24.118 [viewport] source=onViewportSizeChanged oldW=800 oldH=480 newW=800 newH=480 viewportSeeded=true emulatorRows=24 emulatorCols=80
2026-08-21T03:10:24.118 [viewport] viewportOutgrewEmulator: source=onViewportSizeChanged viewport_rows=24 emulator_rows=24 viewport_cols=80 emulator_cols=80 viewport_w=800 viewport_h=480 cell_w=10 cell_h=20 operandsReady=true → false
2026-08-21T03:10:24.118 [viewport] source=onViewportSizeChanged result resized=false outgrewGuard=false candidateRows=24 candidateCols=80 emulatorRows=24 emulatorCols=80
2026-08-21T03:10:24.118 [viewport] source=onRealViewportChanged oldW=800 oldH=480 newW=800 newH=480 viewportSeeded=true emulatorRows=24 emulatorCols=80
2026-08-21T03:10:24.118 [reflow] source=resume view_width_px=800 cell_width_px=10 derived_cols=80 last_sent_cols=80
2026-08-21T03:10:24.118 [viewport] viewportOutgrewEmulator: source=onRealViewportChanged viewport_rows=24 emulator_rows=24 viewport_cols=80 emulator_cols=80 viewport_w=800 viewport_h=480 cell_w=10 cell_h=20 operandsReady=true → false
2026-08-21T03:10:24.118 [viewport] source=onRealViewportChanged cellsDirty=false resume_rows=24 emulator_rows=24 resume_cols=80 emulator_cols=80 outgrew=false mismatch=false → false
2026-08-21T03:10:24.118 [viewport] source=onRealViewportChanged result resized=false outgrewGuard=false candidateRows=24 candidateCols=80 emulatorRows=24 emulatorCols=80
2026-08-21T03:10:49.418 [viewport] source=onViewportSizeChanged oldW=800 oldH=480 newW=800 newH=480 viewportSeeded=true emulatorRows=24 emulatorCols=80
2026-08-21T03:10:49.418 [viewport] viewportOutgrewEmulator: source=onViewportSizeChanged viewport_rows=24 emulator_rows=24 viewport_cols=80 emulator_cols=80 viewport_w=800 viewport_h=480 cell_w=10 cell_h=20 operandsReady=true → false
2026-08-21T03:10:49.418 [viewport] source=onViewportSizeChanged result resized=false outgrewGuard=false candidateRows=24 candidateCols=80 emulatorRows=24 emulatorCols=80
2026-08-21T03:10:49.418 [viewport] source=onRealViewportChanged oldW=800 oldH=480 newW=800 newH=480 viewportSeeded=true emulatorRows=24 emulatorCols=80
2026-08-21T03:10:49.418 [reflow] source=resume view_width_px=800 cell_width_px=10 derived_cols=80 last_sent_cols=80
2026-08-21T03:10:49.418 [viewport] viewportOutgrewEmulator: source=onRealViewportChanged viewport_rows=24 emulator_rows=24 viewport_cols=80 emulator_cols=80 viewport_w=800 viewport_h=480 cell_w=10 cell_h=20 operandsReady=true → false
2026-08-21T03:10:49.418 [viewport] source=onRealViewportChanged cellsDirty=false resume_rows=24 emulator_rows=24 resume_cols=80 emulator_cols=80 outgrew=false mismatch=false → false
2026-08-21T03:10:49.418 [viewport] source=onRealViewportChanged result resized=false outgrewGuard=false candidateRows=24 candidateCols=80 emulatorRows=24 emulatorCols=80
2026-08-21T03:12:53.867 [viewport] source=onViewportSizeChanged oldW=800 oldH=480 newW=800 newH=480 viewportSeeded=true emulatorRows=24 emulatorCols=80
2026-08-21T03:12:53.867 [viewport] viewportOutgrewEmulator: source=onViewportSizeChanged viewport_rows=24 emulator_rows=24 viewport_cols=80 emulator_cols=80 viewport_w=800 viewport_h=480 cell_w=10 cell_h=20 operandsReady=true → false
2026-08-21T03:12:53.867 [viewport] source=onViewportSizeChanged result resized=false outgrewGuard=false candidateRows=24 candidateCols=80 emulatorRows=24 emulatorCols=80
2026-08-21T03:12:53.867 [viewport] source=onRealViewportChanged oldW=800 oldH=480 newW=800 newH=480 viewportSeeded=true emulatorRows=24 emulatorCols=80
2026-08-21T03:12:53.867 [reflow] source=resume view_width_px=800 cell_width_px=10 derived_cols=80 last_sent_cols=80
2026-08-21T03:12:53.867 [viewport] viewportOutgrewEmulator: source=onRealViewportChanged viewport_rows=24 emulator_rows=24 viewport_cols=80 emulator_cols=80 viewport_w=800 viewport_h=480 cell_w=10 cell_h=20 operandsReady=true → false
2026-08-21T03:12:53.867 [viewport] source=onRealViewportChanged cellsDirty=false resume_rows=24 emulator_rows=24 resume_cols=80 emulator_cols=80 outgrew=false mismatch=false → false
2026-08-21T03:12:53.867 [viewport] source=onRealViewportChanged result resized=false outgrewGuard=false candidateRows=24 candidateCols=80 emulatorRows=24 emulatorCols=80
2026-08-21T03:15:16.428 [viewport] source=onViewportSizeChanged oldW=800 oldH=480 newW=800 newH=480 viewportSeeded=true emulatorRows=24 emulatorCols=80
2026-08-21T03:15:16.428 [viewport] viewportOutgrewEmulator: source=onViewportSizeChanged viewport_rows=24 emulator_rows=24 viewport_cols=80 emulator_cols=80 viewport_w=800 viewport_h=480 cell_w=10 cell_h=20 operandsReady=true → false
2026-08-21T03:15:16.428 [viewport] source=onViewportSizeChanged result resized=false outgrewGuard=false candidateRows=24 candidateCols=80 emulatorRows=24 emulatorCols=80
2026-08-21T03:15:16.428 [viewport] source=onRealViewportChanged oldW=800 oldH=480 newW=800 newH=480 viewportSeeded=true emulatorRows=24 emulatorCols=80
2026-08-21T03:15:16.428 [reflow] source=resume view_width_px=800 cell_width_px=10 derived_cols=80 last_sent_cols=80
2026-08-21T03:15:16.428 [viewport] viewportOutgrewEmulator: source=onRealViewportChanged viewport_rows=24 emulator_rows=24 viewport_cols=80 emulator_cols=80 viewport_w=800 viewport_h=480 cell_w=10 cell_h=20 operandsReady=true → false
2026-08-21T03:15:16.428 [viewport] source=onRealViewportChanged cellsDirty=false resume_rows=24 emulator_rows=24 resume_cols=80 emulator_cols=80 outgrew=false mismatch=false → false
2026-08-21T03:15:16.428 [viewport] source=onRealViewportChanged result resized=false outgrewGuard=false candidateRows=24 candidateCols=80 emulatorRows=24 emulatorCols=80
2026-08-21T03:15:48.633 [viewport] source=onViewportSizeChanged oldW=800 oldH=480 newW=800 newH=480 viewportSeeded=true emulatorRows=24 emulatorCols=80
2026-08-21T03:15:48.633 [viewport] viewportOutgrewEmulator: source=onViewportSizeChanged viewport_rows=24 emulator_rows=24 viewport_cols=80 emulator_cols=80 viewport_w=800 viewport_h=480 cell_w=10 cell_h=20 operandsReady=true → false
2026-08-21T03:15:48.633 [viewport] source=onViewportSizeChanged result resized=false outgrewGuard=false candidateRows=24 candidateCols=80 emulatorRows=24 emulatorCols=80
2026-08-21T03:15:48.633 [viewport] source=onRealViewportChanged oldW=800 oldH=480 newW=800 newH=480 viewportSeeded=true emulatorRows=24 emulatorCols=80
2026-08-21T03:15:48.633 [reflow] source=resume view_width_px=800 cell_width_px=10 derived_cols=80 last_sent_cols=80
2026-08-21T03:15:48.633 [viewport] viewportOutgrewEmulator: source=onRealViewportChanged viewport_rows=24 emulator_rows=24 viewport_cols=80 emulator_cols=80 viewport_w=800 viewport_h=480 cell_w=10 cell_h=20 operandsReady=true → false
2026-08-21T03:15:48.633 [viewport] source=onRealViewportChanged cellsDirty=false resume_rows=24 emulator_rows=24 resume_cols=80 emulator_cols=80 outgrew=false mismatch=false → false
2026-08-21T03:15:48.633 [viewport] source=onRealViewportChanged result resized=false outgrewGuard=false candidateRows=24 candidateCols=80 emulatorRows=24 emulatorCols=80
2026-08-21T03:16:29.276 [viewport] source=onViewportSizeChanged oldW=800 oldH=480 newW=800 newH=480 viewportSeeded=true emulatorRows=24 emulatorCols=80
2026-08-21T03:16:29.276 [viewport] viewportOutgrewEmulator: source=onViewportSizeChanged viewport_rows=24 emulator_rows=24 viewport_cols=80 emulator_cols=80 viewport_w=800 viewport_h=480 cell_w=10 cell_h=20 operandsReady=true → false
2026-08-21T03:16:29.276 [viewport] source=onViewportSizeChanged result resized=false outgrewGuard=false candidateRows=24 candidateCols=80 emulatorRows=24 emulatorCols=80
2026-08-21T03:16:29.276 [viewport] source=onRealViewportChanged oldW=800 oldH=480 newW=800 newH=480 viewportSeeded=true emulatorRows=24 emulatorCols=80
2026-08-21T03:16:29.276 [reflow] source=resume view_width_px=800 cell_width_px=10 derived_cols=80 last_sent_cols=80
2026-08-21T03:16:29.276 [viewport] viewportOutgrewEmulator: source=onRealViewportChanged viewport_rows=24 emulator_rows=24 viewport_cols=80 emulator_cols=80 viewport_w=800 viewport_h=480 cell_w=10 cell_h=20 operandsReady=true → false
2026-08-21T03:16:29.276 [viewport] source=onRealViewportChanged cellsDirty=false resume_rows=24 emulator_rows=24 resume_cols=80 emulator_cols=80 outgrew=false mismatch=false → false
2026-08-21T03:16:29.276 [viewport] source=onRealViewportChanged result resized=false outgrewGuard=false candidateRows=24 candidateCols=80 emulatorRows=24 emulatorCols=80
2026-08-21T03:17:03.464 [viewport] source=onViewportSizeChanged oldW=800 oldH=480 newW=800 newH=480 viewportSeeded=true emulatorRows=24 emulatorCols=80
2026-08-21T03:17:03.464 [viewport] viewportOutgrewEmulator: source=onViewportSizeChanged viewport_rows=24 emulator_rows=24 viewport_cols=80 emulator_cols=80 viewport_w=800 viewport_h=480 cell_w=10 cell_h=20 operandsReady=true → false
2026-08-21T03:17:03.464 [viewport] source=onViewportSizeChanged result resized=false outgrewGuard=false candidateRows=24 candidateCols=80 emulatorRows=24 emulatorCols=80
2026-08-21T03:17:03.464 [viewport] source=onRealViewportChanged oldW=800 oldH=480 newW=800 newH=480 viewportSeeded=true emulatorRows=24 emulatorCols=80
2026-08-21T03:17:03.464 [reflow] source=resume view_width_px=800 cell_width_px=10 derived_cols=80 last_sent_cols=80
2026-08-21T03:17:03.464 [viewport] viewportOutgrewEmulator: source=onRealViewportChanged viewport_rows=24 emulator_rows=24 viewport_cols=80 emulator_cols=80 viewport_w=800 viewport_h=480 cell_w=10 cell_h=20 operandsReady=true → false
2026-08-21T03:17:03.464 [viewport] source=onRealViewportChanged cellsDirty=false resume_rows=24 emulator_rows=24 resume_cols=80 emulator_cols=80 outgrew=false mismatch=false → false
2026-08-21T03:17:03.464 [viewport] source=onRealViewportChanged result resized=false outgrewGuard=false candidateRows=24 candidateCols=80 emulatorRows=24 emulatorCols=80
2026-08-21T03:18:40.582 [viewport] source=onViewportSizeChanged oldW=800 oldH=480 newW=800 newH=480 viewportSeeded=true emulatorRows=24 emulatorCols=80
2026-08-21T03:18:40.582 [viewport] viewportOutgrewEmulator: source=onViewportSizeChanged viewport_rows=24 emulator_rows=24 viewport_cols=80 emulator_cols=80 viewport_w=800 viewport_h=480 cell_w=10 cell_h=20 operandsReady=true → false
2026-08-21T03:18:40.582 [viewport] source=onViewportSizeChanged result resized=false outgrewGuard=false candidateRows=24 candidateCols=80 emulatorRows=24 emulatorCols=80
2026-08-21T03:18:40.582 [viewport] source=onRealViewportChanged oldW=800 oldH=480 newW=800 newH=480 viewportSeeded=true emulatorRows=24 emulatorCols=80
2026-08-21T03:18:40.582 [reflow] source=resume view_width_px=800 cell_width_px=10 derived_cols=80 last_sent_cols=80
2026-08-21T03:18:40.582 [viewport] viewportOutgrewEmulator: source=onRealViewportChanged viewport_rows=24 emulator_rows=24 viewport_cols=80 emulator_cols=80 viewport_w=800 viewport_h=480 cell_w=10 cell_h=20 operandsReady=true → false
2026-08-21T03:18:40.582 [viewport] source=onRealViewportChanged cellsDirty=false resume_rows=24 emulator_rows=24 resume_cols=80 emulator_cols=80 outgrew=false mismatch=false → false
2026-08-21T03:18:40.582 [viewport] source=onRealViewportChanged result resized=false outgrewGuard=false candidateRows=24 candidateCols=80 emulatorRows=24 emulatorCols=80
2026-08-21T03:19:17.175 [viewport] source=onViewportSizeChanged oldW=800 oldH=480 newW=800 newH=480 viewportSeeded=true emulatorRows=24 emulatorCols=80
2026-08-21T03:19:17.175 [viewport] viewportOutgrewEmulator: source=onViewportSizeChanged viewport_rows=24 emulator_rows=24 viewport_cols=80 emulator_cols=80 viewport_w=800 viewport_h=480 cell_w=10 cell_h=20 operandsReady=true → false
2026-08-21T03:19:17.175 [viewport] source=onViewportSizeChanged result resized=false outgrewGuard=false candidateRows=24 candidateCols=80 emulatorRows=24 emulatorCols=80
2026-08-21T03:19:17.175 [viewport] source=onRealViewportChanged oldW=800 oldH=480 newW=800 newH=480 viewportSeeded=true emulatorRows=24 emulatorCols=80
2026-08-21T03:19:17.175 [reflow] source=resume view_width_px=800 cell_width_px=10 derived_cols=80 last_sent_cols=80
2026-08-21T03:19:17.175 [viewport] viewportOutgrewEmulator: source=onRealViewportChanged viewport_rows=24 emulator_rows=24 viewport_cols=80 emulator_cols=80 viewport_w=800 viewport_h=480 cell_w=10 cell_h=20 operandsReady=true → false
2026-08-21T03:19:17.175 [viewport] source=onRealViewportChanged cellsDirty=false resume_rows=24 emulator_rows=24 resume_cols=80 emulator_cols=80 outgrew=false mismatch=false → false
2026-08-21T03:19:17.175 [viewport] source=onRealViewportChanged result resized=false outgrewGuard=false candidateRows=24 candidateCols=80 emulatorRows=24 emulatorCols=80
2026-08-21T03:19:56.911 [viewport] source=onViewportSizeChanged oldW=800 oldH=480 newW=800 newH=480 viewportSeeded=true emulatorRows=24 emulatorCols=80
2026-08-21T03:19:56.911 [viewport] viewportOutgrewEmulator: source=onViewportSizeChanged viewport_rows=24 emulator_rows=24 viewport_cols=80 emulator_cols=80 viewport_w=800 viewport_h=480 cell_w=10 cell_h=20 operandsReady=true → false
2026-08-21T03:19:56.911 [viewport] source=onViewportSizeChanged result resized=false outgrewGuard=false candidateRows=24 candidateCols=80 emulatorRows=24 emulatorCols=80
2026-08-21T03:19:56.911 [viewport] source=onRealViewportChanged oldW=800 oldH=480 newW=800 newH=480 viewportSeeded=true emulatorRows=24 emulatorCols=80
2026-08-21T03:19:56.911 [reflow] source=resume view_width_px=800 cell_width_px=10 derived_cols=80 last_sent_cols=80
2026-08-21T03:19:56.911 [viewport] viewportOutgrewEmulator: source=onRealViewportChanged viewport_rows=24 emulator_rows=24 viewport_cols=80 emulator_cols=80 viewport_w=800 viewport_h=480 cell_w=10 cell_h=20 operandsReady=true → false
2026-08-21T03:19:56.911 [viewport] source=onRealViewportChanged cellsDirty=false resume_rows=24 emulator_rows=24 resume_cols=80 emulator_cols=80 outgrew=false mismatch=false → false
2026-08-21T03:19:56.911 [viewport] source=onRealViewportChanged result resized=false outgrewGuard=false candidateRows=24 candidateCols=80 emulatorRows=24 emulatorCols=80
2026-08-21T03:20:31.611 [viewport] source=onViewportSizeChanged oldW=800 oldH=480 newW=800 newH=480 viewportSeeded=true emulatorRows=24 emulatorCols=80
2026-08-21T03:20:31.611 [viewport] viewportOutgrewEmulator: source=onViewportSizeChanged viewport_rows=24 emulator_rows=24 viewport_cols=80 emulator_cols=80 viewport_w=800 viewport_h=480 cell_w=10 cell_h=20 operandsReady=true → false
2026-08-21T03:20:31.611 [viewport] source=onViewportSizeChanged result resized=false outgrewGuard=false candidateRows=24 candidateCols=80 emulatorRows=24 emulatorCols=80
2026-08-21T03:20:31.611 [viewport] source=onRealViewportChanged oldW=800 oldH=480 newW=800 newH=480 viewportSeeded=true emulatorRows=24 emulatorCols=80
2026-08-21T03:20:31.611 [reflow] source=resume view_width_px=800 cell_width_px=10 derived_cols=80 last_sent_cols=80
2026-08-21T03:20:31.611 [viewport] viewportOutgrewEmulator: source=onRealViewportChanged viewport_rows=24 emulator_rows=24 viewport_cols=80 emulator_cols=80 viewport_w=800 viewport_h=480 cell_w=10 cell_h=20 operandsReady=true → false
2026-08-21T03:20:31.611 [viewport] source=onRealViewportChanged cellsDirty=false resume_rows=24 emulator_rows=24 resume_cols=80 emulator_cols=80 outgrew=false mismatch=false → false
2026-08-21T03:20:31.611 [viewport] source=onRealViewportChanged result resized=false outgrewGuard=false candidateRows=24 candidateCols=80 emulatorRows=24 emulatorCols=80
2026-08-21T03:21:31.869 [viewport] source=onViewportSizeChanged oldW=800 oldH=480 newW=800 newH=480 viewportSeeded=true emulatorRows=24 emulatorCols=80
2026-08-21T03:21:31.869 [viewport] viewportOutgrewEmulator: source=onViewportSizeChanged viewport_rows=24 emulator_rows=24 viewport_cols=80 emulator_cols=80 viewport_w=800 viewport_h=480 cell_w=10 cell_h=20 operandsReady=true → false
2026-08-21T03:21:31.869 [viewport] source=onViewportSizeChanged result resized=false outgrewGuard=false candidateRows=24 candidateCols=80 emulatorRows=24 emulatorCols=80
2026-08-21T03:21:31.869 [viewport] source=onRealViewportChanged oldW=800 oldH=480 newW=800 newH=480 viewportSeeded=true emulatorRows=24 emulatorCols=80
2026-08-21T03:21:31.869 [reflow] source=resume view_width_px=800 cell_width_px=10 derived_cols=80 last_sent_cols=80
2026-08-21T03:21:31.869 [viewport] viewportOutgrewEmulator: source=onRealViewportChanged viewport_rows=24 emulator_rows=24 viewport_cols=80 emulator_cols=80 viewport_w=800 viewport_h=480 cell_w=10 cell_h=20 operandsReady=true → false
2026-08-21T03:21:31.869 [viewport] source=onRealViewportChanged cellsDirty=false resume_rows=24 emulator_rows=24 resume_cols=80 emulator_cols=80 outgrew=false mismatch=false → false
2026-08-21T03:21:31.869 [viewport] source=onRealViewportChanged result resized=false outgrewGuard=false candidateRows=24 candidateCols=80 emulatorRows=24 emulatorCols=80
2026-08-21T03:22:04.743 [viewport] source=onViewportSizeChanged oldW=800 oldH=480 newW=800 newH=480 viewportSeeded=true emulatorRows=24 emulatorCols=80
2026-08-21T03:22:04.743 [viewport] viewportOutgrewEmulator: source=onViewportSizeChanged viewport_rows=24 emulator_rows=24 viewport_cols=80 emulator_cols=80 viewport_w=800 viewport_h=480 cell_w=10 cell_h=20 operandsReady=true → false
2026-08-21T03:22:04.743 [viewport] source=onViewportSizeChanged result resized=false outgrewGuard=false candidateRows=24 candidateCols=80 emulatorRows=24 emulatorCols=80
2026-08-21T03:22:04.743 [viewport] source=onRealViewportChanged oldW=800 oldH=480 newW=800 newH=480 viewportSeeded=true emulatorRows=24 emulatorCols=80
2026-08-21T03:22:04.743 [reflow] source=resume view_width_px=800 cell_width_px=10 derived_cols=80 last_sent_cols=80
2026-08-21T03:22:04.743 [viewport] viewportOutgrewEmulator: source=onRealViewportChanged viewport_rows=24 emulator_rows=24 viewport_cols=80 emulator_cols=80 viewport_w=800 viewport_h=480 cell_w=10 cell_h=20 operandsReady=true → false
2026-08-21T03:22:04.743 [viewport] source=onRealViewportChanged cellsDirty=false resume_rows=24 emulator_rows=24 resume_cols=80 emulator_cols=80 outgrew=false mismatch=false → false
2026-08-21T03:22:04.743 [viewport] source=onRealViewportChanged result resized=false outgrewGuard=false candidateRows=24 candidateCols=80 emulatorRows=24 emulatorCols=80
2026-08-21T03:22:44.170 [viewport] source=onViewportSizeChanged oldW=800 oldH=480 newW=800 newH=480 viewportSeeded=true emulatorRows=24 emulatorCols=80
2026-08-21T03:22:44.170 [viewport] viewportOutgrewEmulator: source=onViewportSizeChanged viewport_rows=24 emulator_rows=24 viewport_cols=80 emulator_cols=80 viewport_w=800 viewport_h=480 cell_w=10 cell_h=20 operandsReady=true → false
2026-08-21T03:22:44.170 [viewport] source=onViewportSizeChanged result resized=false outgrewGuard=false candidateRows=24 candidateCols=80 emulatorRows=24 emulatorCols=80
2026-08-21T03:22:44.170 [viewport] source=onRealViewportChanged oldW=800 oldH=480 newW=800 newH=480 viewportSeeded=true emulatorRows=24 emulatorCols=80
2026-08-21T03:22:44.170 [reflow] source=resume view_width_px=800 cell_width_px=10 derived_cols=80 last_sent_cols=80
2026-08-21T03:22:44.170 [viewport] viewportOutgrewEmulator: source=onRealViewportChanged viewport_rows=24 emulator_rows=24 viewport_cols=80 emulator_cols=80 viewport_w=800 viewport_h=480 cell_w=10 cell_h=20 operandsReady=true → false
2026-08-21T03:22:44.170 [viewport] source=onRealViewportChanged cellsDirty=false resume_rows=24 emulator_rows=24 resume_cols=80 emulator_cols=80 outgrew=false mismatch=false → false
2026-08-21T03:22:44.170 [viewport] source=onRealViewportChanged result resized=false outgrewGuard=false candidateRows=24 candidateCols=80 emulatorRows=24 emulatorCols=80
2026-08-21T03:23:50.516 [viewport] source=onViewportSizeChanged oldW=800 oldH=480 newW=800 newH=480 viewportSeeded=true emulatorRows=24 emulatorCols=80
2026-08-21T03:23:50.516 [viewport] viewportOutgrewEmulator: source=onViewportSizeChanged viewport_rows=24 emulator_rows=24 viewport_cols=80 emulator_cols=80 viewport_w=800 viewport_h=480 cell_w=10 cell_h=20 operandsReady=true → false
2026-08-21T03:23:50.516 [viewport] source=onViewportSizeChanged result resized=false outgrewGuard=false candidateRows=24 candidateCols=80 emulatorRows=24 emulatorCols=80
2026-08-21T03:23:50.516 [viewport] source=onRealViewportChanged oldW=800 oldH=480 newW=800 newH=480 viewportSeeded=true emulatorRows=24 emulatorCols=80
2026-08-21T03:23:50.516 [reflow] source=resume view_width_px=800 cell_width_px=10 derived_cols=80 last_sent_cols=80
2026-08-21T03:23:50.516 [viewport] viewportOutgrewEmulator: source=onRealViewportChanged viewport_rows=24 emulator_rows=24 viewport_cols=80 emulator_cols=80 viewport_w=800 viewport_h=480 cell_w=10 cell_h=20 operandsReady=true → false
2026-08-21T03:23:50.516 [viewport] source=onRealViewportChanged cellsDirty=false resume_rows=24 emulator_rows=24 resume_cols=80 emulator_cols=80 outgrew=false mismatch=false → false
2026-08-21T03:23:50.516 [viewport] source=onRealViewportChanged result resized=false outgrewGuard=false candidateRows=24 candidateCols=80 emulatorRows=24 emulatorCols=80
2026-08-21T03:24:22.192 [viewport] source=onViewportSizeChanged oldW=800 oldH=480 newW=800 newH=480 viewportSeeded=true emulatorRows=24 emulatorCols=80
2026-08-21T03:24:22.192 [viewport] viewportOutgrewEmulator: source=onViewportSizeChanged viewport_rows=24 emulator_rows=24 viewport_cols=80 emulator_cols=80 viewport_w=800 viewport_h=480 cell_w=10 cell_h=20 operandsReady=true → false
2026-08-21T03:24:22.192 [viewport] source=onViewportSizeChanged result resized=false outgrewGuard=false candidateRows=24 candidateCols=80 emulatorRows=24 emulatorCols=80
2026-08-21T03:24:22.192 [viewport] source=onRealViewportChanged oldW=800 oldH=480 newW=800 newH=480 viewportSeeded=true emulatorRows=24 emulatorCols=80
2026-08-21T03:24:22.192 [reflow] source=resume view_width_px=800 cell_width_px=10 derived_cols=80 last_sent_cols=80
2026-08-21T03:24:22.192 [viewport] viewportOutgrewEmulator: source=onRealViewportChanged viewport_rows=24 emulator_rows=24 viewport_cols=80 emulator_cols=80 viewport_w=800 viewport_h=480 cell_w=10 cell_h=20 operandsReady=true → false
2026-08-21T03:24:22.192 [viewport] source=onRealViewportChanged cellsDirty=false resume_rows=24 emulator_rows=24 resume_cols=80 emulator_cols=80 outgrew=false mismatch=false → false
2026-08-21T03:24:22.192 [viewport] source=onRealViewportChanged result resized=false outgrewGuard=false candidateRows=24 candidateCols=80 emulatorRows=24 emulatorCols=80
2026-08-21T03:25:01.633 [viewport] source=onViewportSizeChanged oldW=800 oldH=480 newW=800 newH=480 viewportSeeded=true emulatorRows=24 emulatorCols=80
2026-08-21T03:25:01.633 [viewport] viewportOutgrewEmulator: source=onViewportSizeChanged viewport_rows=24 emulator_rows=24 viewport_cols=80 emulator_cols=80 viewport_w=800 viewport_h=480 cell_w=10 cell_h=20 operandsReady=true → false
2026-08-21T03:25:01.633 [viewport] source=onViewportSizeChanged result resized=false outgrewGuard=false candidateRows=24 candidateCols=80 emulatorRows=24 emulatorCols=80
2026-08-21T03:25:01.633 [viewport] source=onRealViewportChanged oldW=800 oldH=480 newW=800 newH=480 viewportSeeded=true emulatorRows=24 emulatorCols=80
2026-08-21T03:25:01.633 [reflow] source=resume view_width_px=800 cell_width_px=10 derived_cols=80 last_sent_cols=80
2026-08-21T03:25:01.633 [viewport] viewportOutgrewEmulator: source=onRealViewportChanged viewport_rows=24 emulator_rows=24 viewport_cols=80 emulator_cols=80 viewport_w=800 viewport_h=480 cell_w=10 cell_h=20 operandsReady=true → false
2026-08-21T03:25:01.633 [viewport] source=onRealViewportChanged cellsDirty=false resume_rows=24 emulator_rows=24 resume_cols=80 emulator_cols=80 outgrew=false mismatch=false → false
2026-08-21T03:25:01.633 [viewport] source=onRealViewportChanged result resized=false outgrewGuard=false candidateRows=24 candidateCols=80 emulatorRows=24 emulatorCols=80
2026-08-21T03:25:45.193 [viewport] source=onViewportSizeChanged oldW=800 oldH=480 newW=800 newH=480 viewportSeeded=true emulatorRows=24 emulatorCols=80
2026-08-21T03:25:45.193 [viewport] viewportOutgrewEmulator: source=onViewportSizeChanged viewport_rows=24 emulator_rows=24 viewport_cols=80 emulator_cols=80 viewport_w=800 viewport_h=480 cell_w=10 cell_h=20 operandsReady=true → false
2026-08-21T03:25:45.193 [viewport] source=onViewportSizeChanged result resized=false outgrewGuard=false candidateRows=24 candidateCols=80 emulatorRows=24 emulatorCols=80
2026-08-21T03:25:45.193 [viewport] source=onRealViewportChanged oldW=800 oldH=480 newW=800 newH=480 viewportSeeded=true emulatorRows=24 emulatorCols=80
2026-08-21T03:25:45.193 [reflow] source=resume view_width_px=800 cell_width_px=10 derived_cols=80 last_sent_cols=80
2026-08-21T03:25:45.193 [viewport] viewportOutgrewEmulator: source=onRealViewportChanged viewport_rows=24 emulator_rows=24 viewport_cols=80 emulator_cols=80 viewport_w=800 viewport_h=480 cell_w=10 cell_h=20 operandsReady=true → false
2026-08-21T03:25:45.193 [viewport] source=onRealViewportChanged cellsDirty=false resume_rows=24 emulator_rows=24 resume_cols=80 emulator_cols=80 outgrew=false mismatch=false → false
2026-08-21T03:25:45.193 [viewport] source=onRealViewportChanged result resized=false outgrewGuard=false candidateRows=24 candidateCols=80 emulatorRows=24 emulatorCols=80
2026-08-21T03:26:18.716 [viewport] source=onViewportSizeChanged oldW=800 oldH=480 newW=800 newH=480 viewportSeeded=true emulatorRows=24 emulatorCols=80
2026-08-21T03:26:18.716 [viewport] viewportOutgrewEmulator: source=onViewportSizeChanged viewport_rows=24 emulator_rows=24 viewport_cols=80 emulator_cols=80 viewport_w=800 viewport_h=480 cell_w=10 cell_h=20 operandsReady=true → false
2026-08-21T03:26:18.716 [viewport] source=onViewportSizeChanged result resized=false outgrewGuard=false candidateRows=24 candidateCols=80 emulatorRows=24 emulatorCols=80
2026-08-21T03:26:18.716 [viewport] source=onRealViewportChanged oldW=800 oldH=480 newW=800 newH=480 viewportSeeded=true emulatorRows=24 emulatorCols=80
2026-08-21T03:26:18.716 [reflow] source=resume view_width_px=800 cell_width_px=10 derived_cols=80 last_sent_cols=80
2026-08-21T03:26:18.716 [viewport] viewportOutgrewEmulator: source=onRealViewportChanged viewport_rows=24 emulator_rows=24 viewport_cols=80 emulator_cols=80 viewport_w=800 viewport_h=480 cell_w=10 cell_h=20 operandsReady=true → false
2026-08-21T03:26:18.716 [viewport] source=onRealViewportChanged cellsDirty=false resume_rows=24 emulator_rows=24 resume_cols=80 emulator_cols=80 outgrew=false mismatch=false → false
2026-08-21T03:26:18.716 [viewport] source=onRealViewportChanged result resized=false outgrewGuard=false candidateRows=24 candidateCols=80 emulatorRows=24 emulatorCols=80
2026-08-21T03:27:58.349 [viewport] source=onViewportSizeChanged oldW=800 oldH=480 newW=800 newH=480 viewportSeeded=true emulatorRows=24 emulatorCols=80
2026-08-21T03:27:58.349 [viewport] viewportOutgrewEmulator: source=onViewportSizeChanged viewport_rows=24 emulator_rows=24 viewport_cols=80 emulator_cols=80 viewport_w=800 viewport_h=480 cell_w=10 cell_h=20 operandsReady=true → false
2026-08-21T03:27:58.349 [viewport] source=onViewportSizeChanged result resized=false outgrewGuard=false candidateRows=24 candidateCols=80 emulatorRows=24 emulatorCols=80
2026-08-21T03:27:58.349 [viewport] source=onRealViewportChanged oldW=800 oldH=480 newW=800 newH=480 viewportSeeded=true emulatorRows=24 emulatorCols=80
2026-08-21T03:27:58.349 [reflow] source=resume view_width_px=800 cell_width_px=10 derived_cols=80 last_sent_cols=80
2026-08-21T03:27:58.349 [viewport] viewportOutgrewEmulator: source=onRealViewportChanged viewport_rows=24 emulator_rows=24 viewport_cols=80 emulator_cols=80 viewport_w=800 viewport_h=480 cell_w=10 cell_h=20 operandsReady=true → false
2026-08-21T03:27:58.349 [viewport] source=onRealViewportChanged cellsDirty=false resume_rows=24 emulator_rows=24 resume_cols=80 emulator_cols=80 outgrew=false mismatch=false → false
2026-08-21T03:27:58.349 [viewport] source=onRealViewportChanged result resized=false outgrewGuard=false candidateRows=24 candidateCols=80 emulatorRows=24 emulatorCols=80
2026-08-21T03:28:32.486 [viewport] source=onViewportSizeChanged oldW=800 oldH=480 newW=800 newH=480 viewportSeeded=true emulatorRows=24 emulatorCols=80
2026-08-21T03:28:32.486 [viewport] viewportOutgrewEmulator: source=onViewportSizeChanged viewport_rows=24 emulator_rows=24 viewport_cols=80 emulator_cols=80 viewport_w=800 viewport_h=480 cell_w=10 cell_h=20 operandsReady=true → false
2026-08-21T03:28:32.486 [viewport] source=onViewportSizeChanged result resized=false outgrewGuard=false candidateRows=24 candidateCols=80 emulatorRows=24 emulatorCols=80
2026-08-21T03:28:32.486 [viewport] source=onRealViewportChanged oldW=800 oldH=480 newW=800 newH=480 viewportSeeded=true emulatorRows=24 emulatorCols=80
2026-08-21T03:28:32.486 [reflow] source=resume view_width_px=800 cell_width_px=10 derived_cols=80 last_sent_cols=80
2026-08-21T03:28:32.486 [viewport] viewportOutgrewEmulator: source=onRealViewportChanged viewport_rows=24 emulator_rows=24 viewport_cols=80 emulator_cols=80 viewport_w=800 viewport_h=480 cell_w=10 cell_h=20 operandsReady=true → false
2026-08-21T03:28:32.486 [viewport] source=onRealViewportChanged cellsDirty=false resume_rows=24 emulator_rows=24 resume_cols=80 emulator_cols=80 outgrew=false mismatch=false → false
2026-08-21T03:28:32.486 [viewport] source=onRealViewportChanged result resized=false outgrewGuard=false candidateRows=24 candidateCols=80 emulatorRows=24 emulatorCols=80
2026-08-21T03:29:32.752 [viewport] source=onViewportSizeChanged oldW=800 oldH=480 newW=800 newH=480 viewportSeeded=true emulatorRows=24 emulatorCols=80
2026-08-21T03:29:32.752 [viewport] viewportOutgrewEmulator: source=onViewportSizeChanged viewport_rows=24 emulator_rows=24 viewport_cols=80 emulator_cols=80 viewport_w=800 viewport_h=480 cell_w=10 cell_h=20 operandsReady=true → false
2026-08-21T03:29:32.752 [viewport] source=onViewportSizeChanged result resized=false outgrewGuard=false candidateRows=24 candidateCols=80 emulatorRows=24 emulatorCols=80
2026-08-21T03:29:32.752 [viewport] source=onRealViewportChanged oldW=800 oldH=480 newW=800 newH=480 viewportSeeded=true emulatorRows=24 emulatorCols=80
2026-08-21T03:29:32.752 [reflow] source=resume view_width_px=800 cell_width_px=10 derived_cols=80 last_sent_cols=80
2026-08-21T03:29:32.752 [viewport] viewportOutgrewEmulator: source=onRealViewportChanged viewport_rows=24 emulator_rows=24 viewport_cols=80 emulator_cols=80 viewport_w=800 viewport_h=480 cell_w=10 cell_h=20 operandsReady=true → false
2026-08-21T03:29:32.752 [viewport] source=onRealViewportChanged cellsDirty=false resume_rows=24 emulator_rows=24 resume_cols=80 emulator_cols=80 outgrew=false mismatch=false → false
2026-08-21T03:29:32.752 [viewport] source=onRealViewportChanged result resized=false outgrewGuard=false candidateRows=24 candidateCols=80 emulatorRows=24 emulatorCols=80
2026-08-21T03:30:04.483 [viewport] source=onViewportSizeChanged oldW=800 oldH=480 newW=800 newH=480 viewportSeeded=true emulatorRows=24 emulatorCols=80
2026-08-21T03:30:04.483 [viewport] viewportOutgrewEmulator: source=onViewportSizeChanged viewport_rows=24 emulator_rows=24 viewport_cols=80 emulator_cols=80 viewport_w=800 viewport_h=480 cell_w=10 cell_h=20 operandsReady=true → false
2026-08-21T03:30:04.483 [viewport] source=onViewportSizeChanged result resized=false outgrewGuard=false candidateRows=24 candidateCols=80 emulatorRows=24 emulatorCols=80
2026-08-21T03:30:04.483 [viewport] source=onRealViewportChanged oldW=800 oldH=480 newW=800 newH=480 viewportSeeded=true emulatorRows=24 emulatorCols=80
2026-08-21T03:30:04.483 [reflow] source=resume view_width_px=800 cell_width_px=10 derived_cols=80 last_sent_cols=80
2026-08-21T03:30:04.483 [viewport] viewportOutgrewEmulator: source=onRealViewportChanged viewport_rows=24 emulator_rows=24 viewport_cols=80 emulator_cols=80 viewport_w=800 viewport_h=480 cell_w=10 cell_h=20 operandsReady=true → false
2026-08-21T03:30:04.483 [viewport] source=onRealViewportChanged cellsDirty=false resume_rows=24 emulator_rows=24 resume_cols=80 emulator_cols=80 outgrew=false mismatch=false → false
2026-08-21T03:30:04.483 [viewport] source=onRealViewportChanged result resized=false outgrewGuard=false candidateRows=24 candidateCols=80 emulatorRows=24 emulatorCols=80
2026-08-21T03:30:43.919 [viewport] source=onViewportSizeChanged oldW=800 oldH=480 newW=800 newH=480 viewportSeeded=true emulatorRows=24 emulatorCols=80
2026-08-21T03:30:43.919 [viewport] viewportOutgrewEmulator: source=onViewportSizeChanged viewport_rows=24 emulator_rows=24 viewport_cols=80 emulator_cols=80 viewport_w=800 viewport_h=480 cell_w=10 cell_h=20 operandsReady=true → false
2026-08-21T03:30:43.919 [viewport] source=onViewportSizeChanged result resized=false outgrewGuard=false candidateRows=24 candidateCols=80 emulatorRows=24 emulatorCols=80
2026-08-21T03:30:43.919 [viewport] source=onRealViewportChanged oldW=800 oldH=480 newW=800 newH=480 viewportSeeded=true emulatorRows=24 emulatorCols=80
2026-08-21T03:30:43.919 [reflow] source=resume view_width_px=800 cell_width_px=10 derived_cols=80 last_sent_cols=80
2026-08-21T03:30:43.919 [viewport] viewportOutgrewEmulator: source=onRealViewportChanged viewport_rows=24 emulator_rows=24 viewport_cols=80 emulator_cols=80 viewport_w=800 viewport_h=480 cell_w=10 cell_h=20 operandsReady=true → false
2026-08-21T03:30:43.919 [viewport] source=onRealViewportChanged cellsDirty=false resume_rows=24 emulator_rows=24 resume_cols=80 emulator_cols=80 outgrew=false mismatch=false → false
2026-08-21T03:30:43.919 [viewport] source=onRealViewportChanged result resized=false outgrewGuard=false candidateRows=24 candidateCols=80 emulatorRows=24 emulatorCols=80
2026-08-21T03:31:54.772 [viewport] source=onViewportSizeChanged oldW=800 oldH=480 newW=800 newH=480 viewportSeeded=true emulatorRows=24 emulatorCols=80
2026-08-21T03:31:54.772 [viewport] viewportOutgrewEmulator: source=onViewportSizeChanged viewport_rows=24 emulator_rows=24 viewport_cols=80 emulator_cols=80 viewport_w=800 viewport_h=480 cell_w=10 cell_h=20 operandsReady=true → false
2026-08-21T03:31:54.772 [viewport] source=onViewportSizeChanged result resized=false outgrewGuard=false candidateRows=24 candidateCols=80 emulatorRows=24 emulatorCols=80
2026-08-21T03:31:54.772 [viewport] source=onRealViewportChanged oldW=800 oldH=480 newW=800 newH=480 viewportSeeded=true emulatorRows=24 emulatorCols=80
2026-08-21T03:31:54.772 [reflow] source=resume view_width_px=800 cell_width_px=10 derived_cols=80 last_sent_cols=80
2026-08-21T03:31:54.772 [viewport] viewportOutgrewEmulator: source=onRealViewportChanged viewport_rows=24 emulator_rows=24 viewport_cols=80 emulator_cols=80 viewport_w=800 viewport_h=480 cell_w=10 cell_h=20 operandsReady=true → false
2026-08-21T03:31:54.772 [viewport] source=onRealViewportChanged cellsDirty=false resume_rows=24 emulator_rows=24 resume_cols=80 emulator_cols=80 outgrew=false mismatch=false → false
2026-08-21T03:31:54.772 [viewport] source=onRealViewportChanged result resized=false outgrewGuard=false candidateRows=24 candidateCols=80 emulatorRows=24 emulatorCols=80
2026-08-21T03:32:26.344 [viewport] source=onViewportSizeChanged oldW=800 oldH=480 newW=800 newH=480 viewportSeeded=true emulatorRows=24 emulatorCols=80
2026-08-21T03:32:26.344 [viewport] viewportOutgrewEmulator: source=onViewportSizeChanged viewport_rows=24 emulator_rows=24 viewport_cols=80 emulator_cols=80 viewport_w=800 viewport_h=480 cell_w=10 cell_h=20 operandsReady=true → false
2026-08-21T03:32:26.344 [viewport] source=onViewportSizeChanged result resized=false outgrewGuard=false candidateRows=24 candidateCols=80 emulatorRows=24 emulatorCols=80
2026-08-21T03:32:26.344 [viewport] source=onRealViewportChanged oldW=800 oldH=480 newW=800 newH=480 viewportSeeded=true emulatorRows=24 emulatorCols=80
2026-08-21T03:32:26.344 [reflow] source=resume view_width_px=800 cell_width_px=10 derived_cols=80 last_sent_cols=80
2026-08-21T03:32:26.344 [viewport] viewportOutgrewEmulator: source=onRealViewportChanged viewport_rows=24 emulator_rows=24 viewport_cols=80 emulator_cols=80 viewport_w=800 viewport_h=480 cell_w=10 cell_h=20 operandsReady=true → false
2026-08-21T03:32:26.344 [viewport] source=onRealViewportChanged cellsDirty=false resume_rows=24 emulator_rows=24 resume_cols=80 emulator_cols=80 outgrew=false mismatch=false → false
2026-08-21T03:32:26.344 [viewport] source=onRealViewportChanged result resized=false outgrewGuard=false candidateRows=24 candidateCols=80 emulatorRows=24 emulatorCols=80
2026-08-21T03:33:05.245 [viewport] source=onViewportSizeChanged oldW=800 oldH=480 newW=800 newH=480 viewportSeeded=true emulatorRows=24 emulatorCols=80
2026-08-21T03:33:05.245 [viewport] viewportOutgrewEmulator: source=onViewportSizeChanged viewport_rows=24 emulator_rows=24 viewport_cols=80 emulator_cols=80 viewport_w=800 viewport_h=480 cell_w=10 cell_h=20 operandsReady=true → false
2026-08-21T03:33:05.245 [viewport] source=onViewportSizeChanged result resized=false outgrewGuard=false candidateRows=24 candidateCols=80 emulatorRows=24 emulatorCols=80
2026-08-21T03:33:05.245 [viewport] source=onRealViewportChanged oldW=800 oldH=480 newW=800 newH=480 viewportSeeded=true emulatorRows=24 emulatorCols=80
2026-08-21T03:33:05.245 [reflow] source=resume view_width_px=800 cell_width_px=10 derived_cols=80 last_sent_cols=80
2026-08-21T03:33:05.245 [viewport] viewportOutgrewEmulator: source=onRealViewportChanged viewport_rows=24 emulator_rows=24 viewport_cols=80 emulator_cols=80 viewport_w=800 viewport_h=480 cell_w=10 cell_h=20 operandsReady=true → false
2026-08-21T03:33:05.245 [viewport] source=onRealViewportChanged cellsDirty=false resume_rows=24 emulator_rows=24 resume_cols=80 emulator_cols=80 outgrew=false mismatch=false → false
2026-08-21T03:33:05.245 [viewport] source=onRealViewportChanged result resized=false outgrewGuard=false candidateRows=24 candidateCols=80 emulatorRows=24 emulatorCols=80
2026-08-21T03:33:49.573 [viewport] source=onViewportSizeChanged oldW=800 oldH=480 newW=800 newH=480 viewportSeeded=true emulatorRows=24 emulatorCols=80
2026-08-21T03:33:49.573 [viewport] viewportOutgrewEmulator: source=onViewportSizeChanged viewport_rows=24 emulator_rows=24 viewport_cols=80 emulator_cols=80 viewport_w=800 viewport_h=480 cell_w=10 cell_h=20 operandsReady=true → false
2026-08-21T03:33:49.573 [viewport] source=onViewportSizeChanged result resized=false outgrewGuard=false candidateRows=24 candidateCols=80 emulatorRows=24 emulatorCols=80
2026-08-21T03:33:49.573 [viewport] source=onRealViewportChanged oldW=800 oldH=480 newW=800 newH=480 viewportSeeded=true emulatorRows=24 emulatorCols=80
2026-08-21T03:33:49.573 [reflow] source=resume view_width_px=800 cell_width_px=10 derived_cols=80 last_sent_cols=80
2026-08-21T03:33:49.573 [viewport] viewportOutgrewEmulator: source=onRealViewportChanged viewport_rows=24 emulator_rows=24 viewport_cols=80 emulator_cols=80 viewport_w=800 viewport_h=480 cell_w=10 cell_h=20 operandsReady=true → false
2026-08-21T03:33:49.573 [viewport] source=onRealViewportChanged cellsDirty=false resume_rows=24 emulator_rows=24 resume_cols=80 emulator_cols=80 outgrew=false mismatch=false → false
2026-08-21T03:33:49.573 [viewport] source=onRealViewportChanged result resized=false outgrewGuard=false candidateRows=24 candidateCols=80 emulatorRows=24 emulatorCols=80
2026-08-21T03:34:22.951 [viewport] source=onViewportSizeChanged oldW=800 oldH=480 newW=800 newH=480 viewportSeeded=true emulatorRows=24 emulatorCols=80
2026-08-21T03:34:22.951 [viewport] viewportOutgrewEmulator: source=onViewportSizeChanged viewport_rows=24 emulator_rows=24 viewport_cols=80 emulator_cols=80 viewport_w=800 viewport_h=480 cell_w=10 cell_h=20 operandsReady=true → false
2026-08-21T03:34:22.951 [viewport] source=onViewportSizeChanged result resized=false outgrewGuard=false candidateRows=24 candidateCols=80 emulatorRows=24 emulatorCols=80
2026-08-21T03:34:22.951 [viewport] source=onRealViewportChanged oldW=800 oldH=480 newW=800 newH=480 viewportSeeded=true emulatorRows=24 emulatorCols=80
2026-08-21T03:34:22.951 [reflow] source=resume view_width_px=800 cell_width_px=10 derived_cols=80 last_sent_cols=80
2026-08-21T03:34:22.951 [viewport] viewportOutgrewEmulator: source=onRealViewportChanged viewport_rows=24 emulator_rows=24 viewport_cols=80 emulator_cols=80 viewport_w=800 viewport_h=480 cell_w=10 cell_h=20 operandsReady=true → false
2026-08-21T03:34:22.951 [viewport] source=onRealViewportChanged cellsDirty=false resume_rows=24 emulator_rows=24 resume_cols=80 emulator_cols=80 outgrew=false mismatch=false → false
2026-08-21T03:34:22.951 [viewport] source=onRealViewportChanged result resized=false outgrewGuard=false candidateRows=24 candidateCols=80 emulatorRows=24 emulatorCols=80
2026-08-21T03:35:58.588 [viewport] source=onViewportSizeChanged oldW=800 oldH=480 newW=800 newH=480 viewportSeeded=true emulatorRows=24 emulatorCols=80
2026-08-21T03:35:58.588 [viewport] viewportOutgrewEmulator: source=onViewportSizeChanged viewport_rows=24 emulator_rows=24 viewport_cols=80 emulator_cols=80 viewport_w=800 viewport_h=480 cell_w=10 cell_h=20 operandsReady=true → false
2026-08-21T03:35:58.588 [viewport] source=onViewportSizeChanged result resized=false outgrewGuard=false candidateRows=24 candidateCols=80 emulatorRows=24 emulatorCols=80
2026-08-21T03:35:58.588 [viewport] source=onRealViewportChanged oldW=800 oldH=480 newW=800 newH=480 viewportSeeded=true emulatorRows=24 emulatorCols=80
2026-08-21T03:35:58.588 [reflow] source=resume view_width_px=800 cell_width_px=10 derived_cols=80 last_sent_cols=80
2026-08-21T03:35:58.588 [viewport] viewportOutgrewEmulator: source=onRealViewportChanged viewport_rows=24 emulator_rows=24 viewport_cols=80 emulator_cols=80 viewport_w=800 viewport_h=480 cell_w=10 cell_h=20 operandsReady=true → false
2026-08-21T03:35:58.588 [viewport] source=onRealViewportChanged cellsDirty=false resume_rows=24 emulator_rows=24 resume_cols=80 emulator_cols=80 outgrew=false mismatch=false → false
2026-08-21T03:35:58.588 [viewport] source=onRealViewportChanged result resized=false outgrewGuard=false candidateRows=24 candidateCols=80 emulatorRows=24 emulatorCols=80
2026-08-21T03:36:33.420 [viewport] source=onViewportSizeChanged oldW=800 oldH=480 newW=800 newH=480 viewportSeeded=true emulatorRows=24 emulatorCols=80
2026-08-21T03:36:33.420 [viewport] viewportOutgrewEmulator: source=onViewportSizeChanged viewport_rows=24 emulator_rows=24 viewport_cols=80 emulator_cols=80 viewport_w=800 viewport_h=480 cell_w=10 cell_h=20 operandsReady=true → false
2026-08-21T03:36:33.420 [viewport] source=onViewportSizeChanged result resized=false outgrewGuard=false candidateRows=24 candidateCols=80 emulatorRows=24 emulatorCols=80
2026-08-21T03:36:33.420 [viewport] source=onRealViewportChanged oldW=800 oldH=480 newW=800 newH=480 viewportSeeded=true emulatorRows=24 emulatorCols=80
2026-08-21T03:36:33.420 [reflow] source=resume view_width_px=800 cell_width_px=10 derived_cols=80 last_sent_cols=80
2026-08-21T03:36:33.420 [viewport] viewportOutgrewEmulator: source=onRealViewportChanged viewport_rows=24 emulator_rows=24 viewport_cols=80 emulator_cols=80 viewport_w=800 viewport_h=480 cell_w=10 cell_h=20 operandsReady=true → false
2026-08-21T03:36:33.420 [viewport] source=onRealViewportChanged cellsDirty=false resume_rows=24 emulator_rows=24 resume_cols=80 emulator_cols=80 outgrew=false mismatch=false → false
2026-08-21T03:36:33.420 [viewport] source=onRealViewportChanged result resized=false outgrewGuard=false candidateRows=24 candidateCols=80 emulatorRows=24 emulatorCols=80
2026-08-21T03:37:32.582 [viewport] source=onViewportSizeChanged oldW=800 oldH=480 newW=800 newH=480 viewportSeeded=true emulatorRows=24 emulatorCols=80
2026-08-21T03:37:32.582 [viewport] viewportOutgrewEmulator: source=onViewportSizeChanged viewport_rows=24 emulator_rows=24 viewport_cols=80 emulator_cols=80 viewport_w=800 viewport_h=480 cell_w=10 cell_h=20 operandsReady=true → false
2026-08-21T03:37:32.582 [viewport] source=onViewportSizeChanged result resized=false outgrewGuard=false candidateRows=24 candidateCols=80 emulatorRows=24 emulatorCols=80
2026-08-21T03:37:32.582 [viewport] source=onRealViewportChanged oldW=800 oldH=480 newW=800 newH=480 viewportSeeded=true emulatorRows=24 emulatorCols=80
2026-08-21T03:37:32.582 [reflow] source=resume view_width_px=800 cell_width_px=10 derived_cols=80 last_sent_cols=80
2026-08-21T03:37:32.582 [viewport] viewportOutgrewEmulator: source=onRealViewportChanged viewport_rows=24 emulator_rows=24 viewport_cols=80 emulator_cols=80 viewport_w=800 viewport_h=480 cell_w=10 cell_h=20 operandsReady=true → false
2026-08-21T03:37:32.582 [viewport] source=onRealViewportChanged cellsDirty=false resume_rows=24 emulator_rows=24 resume_cols=80 emulator_cols=80 outgrew=false mismatch=false → false
2026-08-21T03:37:32.582 [viewport] source=onRealViewportChanged result resized=false outgrewGuard=false candidateRows=24 candidateCols=80 emulatorRows=24 emulatorCols=80
2026-08-21T03:38:04.146 [viewport] source=onViewportSizeChanged oldW=800 oldH=480 newW=800 newH=480 viewportSeeded=true emulatorRows=24 emulatorCols=80
2026-08-21T03:38:04.146 [viewport] viewportOutgrewEmulator: source=onViewportSizeChanged viewport_rows=24 emulator_rows=24 viewport_cols=80 emulator_cols=80 viewport_w=800 viewport_h=480 cell_w=10 cell_h=20 operandsReady=true → false
2026-08-21T03:38:04.146 [viewport] source=onViewportSizeChanged result resized=false outgrewGuard=false candidateRows=24 candidateCols=80 emulatorRows=24 emulatorCols=80
2026-08-21T03:38:04.146 [viewport] source=onRealViewportChanged oldW=800 oldH=480 newW=800 newH=480 viewportSeeded=true emulatorRows=24 emulatorCols=80
2026-08-21T03:38:04.146 [reflow] source=resume view_width_px=800 cell_width_px=10 derived_cols=80 last_sent_cols=80
2026-08-21T03:38:04.146 [viewport] viewportOutgrewEmulator: source=onRealViewportChanged viewport_rows=24 emulator_rows=24 viewport_cols=80 emulator_cols=80 viewport_w=800 viewport_h=480 cell_w=10 cell_h=20 operandsReady=true → false
2026-08-21T03:38:04.146 [viewport] source=onRealViewportChanged cellsDirty=false resume_rows=24 emulator_rows=24 resume_cols=80 emulator_cols=80 outgrew=false mismatch=false → false
2026-08-21T03:38:04.146 [viewport] source=onRealViewportChanged result resized=false outgrewGuard=false candidateRows=24 candidateCols=80 emulatorRows=24 emulatorCols=80
2026-08-21T03:38:42.806 [viewport] source=onViewportSizeChanged oldW=800 oldH=480 newW=800 newH=480 viewportSeeded=true emulatorRows=24 emulatorCols=80
2026-08-21T03:38:42.806 [viewport] viewportOutgrewEmulator: source=onViewportSizeChanged viewport_rows=24 emulator_rows=24 viewport_cols=80 emulator_cols=80 viewport_w=800 viewport_h=480 cell_w=10 cell_h=20 operandsReady=true → false
2026-08-21T03:38:42.806 [viewport] source=onViewportSizeChanged result resized=false outgrewGuard=false candidateRows=24 candidateCols=80 emulatorRows=24 emulatorCols=80
2026-08-21T03:38:42.806 [viewport] source=onRealViewportChanged oldW=800 oldH=480 newW=800 newH=480 viewportSeeded=true emulatorRows=24 emulatorCols=80
2026-08-21T03:38:42.806 [reflow] source=resume view_width_px=800 cell_width_px=10 derived_cols=80 last_sent_cols=80
2026-08-21T03:38:42.806 [viewport] viewportOutgrewEmulator: source=onRealViewportChanged viewport_rows=24 emulator_rows=24 viewport_cols=80 emulator_cols=80 viewport_w=800 viewport_h=480 cell_w=10 cell_h=20 operandsReady=true → false
2026-08-21T03:38:42.806 [viewport] source=onRealViewportChanged cellsDirty=false resume_rows=24 emulator_rows=24 resume_cols=80 emulator_cols=80 outgrew=false mismatch=false → false
2026-08-21T03:38:42.806 [viewport] source=onRealViewportChanged result resized=false outgrewGuard=false candidateRows=24 candidateCols=80 emulatorRows=24 emulatorCols=80
2026-08-21T03:39:16.857 [viewport] source=onViewportSizeChanged oldW=800 oldH=480 newW=800 newH=480 viewportSeeded=true emulatorRows=24 emulatorCols=80
2026-08-21T03:39:16.857 [viewport] viewportOutgrewEmulator: source=onViewportSizeChanged viewport_rows=24 emulator_rows=24 viewport_cols=80 emulator_cols=80 viewport_w=800 viewport_h=480 cell_w=10 cell_h=20 operandsReady=true → false
2026-08-21T03:39:16.857 [viewport] source=onViewportSizeChanged result resized=false outgrewGuard=false candidateRows=24 candidateCols=80 emulatorRows=24 emulatorCols=80
2026-08-21T03:39:16.857 [viewport] source=onRealViewportChanged oldW=800 oldH=480 newW=800 newH=480 viewportSeeded=true emulatorRows=24 emulatorCols=80
2026-08-21T03:39:16.857 [reflow] source=resume view_width_px=800 cell_width_px=10 derived_cols=80 last_sent_cols=80
2026-08-21T03:39:16.857 [viewport] viewportOutgrewEmulator: source=onRealViewportChanged viewport_rows=24 emulator_rows=24 viewport_cols=80 emulator_cols=80 viewport_w=800 viewport_h=480 cell_w=10 cell_h=20 operandsReady=true → false
2026-08-21T03:39:16.857 [viewport] source=onRealViewportChanged cellsDirty=false resume_rows=24 emulator_rows=24 resume_cols=80 emulator_cols=80 outgrew=false mismatch=false → false
2026-08-21T03:39:16.857 [viewport] source=onRealViewportChanged result resized=false outgrewGuard=false candidateRows=24 candidateCols=80 emulatorRows=24 emulatorCols=80
2026-08-21T03:40:53.596 [viewport] source=onViewportSizeChanged oldW=800 oldH=480 newW=800 newH=480 viewportSeeded=true emulatorRows=24 emulatorCols=80
2026-08-21T03:40:53.596 [viewport] viewportOutgrewEmulator: source=onViewportSizeChanged viewport_rows=24 emulator_rows=24 viewport_cols=80 emulator_cols=80 viewport_w=800 viewport_h=480 cell_w=10 cell_h=20 operandsReady=true → false
2026-08-21T03:40:53.596 [viewport] source=onViewportSizeChanged result resized=false outgrewGuard=false candidateRows=24 candidateCols=80 emulatorRows=24 emulatorCols=80
2026-08-21T03:40:53.596 [viewport] source=onRealViewportChanged oldW=800 oldH=480 newW=800 newH=480 viewportSeeded=true emulatorRows=24 emulatorCols=80
2026-08-21T03:40:53.596 [reflow] source=resume view_width_px=800 cell_width_px=10 derived_cols=80 last_sent_cols=80
2026-08-21T03:40:53.596 [viewport] viewportOutgrewEmulator: source=onRealViewportChanged viewport_rows=24 emulator_rows=24 viewport_cols=80 emulator_cols=80 viewport_w=800 viewport_h=480 cell_w=10 cell_h=20 operandsReady=true → false
2026-08-21T03:40:53.596 [viewport] source=onRealViewportChanged cellsDirty=false resume_rows=24 emulator_rows=24 resume_cols=80 emulator_cols=80 outgrew=false mismatch=false → false
2026-08-21T03:40:53.596 [viewport] source=onRealViewportChanged result resized=false outgrewGuard=false candidateRows=24 candidateCols=80 emulatorRows=24 emulatorCols=80
2026-08-21T03:41:29.785 [viewport] source=onViewportSizeChanged oldW=800 oldH=480 newW=800 newH=480 viewportSeeded=true emulatorRows=24 emulatorCols=80
2026-08-21T03:41:29.785 [viewport] viewportOutgrewEmulator: source=onViewportSizeChanged viewport_rows=24 emulator_rows=24 viewport_cols=80 emulator_cols=80 viewport_w=800 viewport_h=480 cell_w=10 cell_h=20 operandsReady=true → false
2026-08-21T03:41:29.785 [viewport] source=onViewportSizeChanged result resized=false outgrewGuard=false candidateRows=24 candidateCols=80 emulatorRows=24 emulatorCols=80
2026-08-21T03:41:29.785 [viewport] source=onRealViewportChanged oldW=800 oldH=480 newW=800 newH=480 viewportSeeded=true emulatorRows=24 emulatorCols=80
2026-08-21T03:41:29.785 [reflow] source=resume view_width_px=800 cell_width_px=10 derived_cols=80 last_sent_cols=80
2026-08-21T03:41:29.785 [viewport] viewportOutgrewEmulator: source=onRealViewportChanged viewport_rows=24 emulator_rows=24 viewport_cols=80 emulator_cols=80 viewport_w=800 viewport_h=480 cell_w=10 cell_h=20 operandsReady=true → false
2026-08-21T03:41:29.785 [viewport] source=onRealViewportChanged cellsDirty=false resume_rows=24 emulator_rows=24 resume_cols=80 emulator_cols=80 outgrew=false mismatch=false → false
2026-08-21T03:41:29.785 [viewport] source=onRealViewportChanged result resized=false outgrewGuard=false candidateRows=24 candidateCols=80 emulatorRows=24 emulatorCols=80
2026-08-21T03:42:09.258 [viewport] source=onViewportSizeChanged oldW=800 oldH=480 newW=800 newH=480 viewportSeeded=true emulatorRows=24 emulatorCols=80
2026-08-21T03:42:09.258 [viewport] viewportOutgrewEmulator: source=onViewportSizeChanged viewport_rows=24 emulator_rows=24 viewport_cols=80 emulator_cols=80 viewport_w=800 viewport_h=480 cell_w=10 cell_h=20 operandsReady=true → false
2026-08-21T03:42:09.258 [viewport] source=onViewportSizeChanged result resized=false outgrewGuard=false candidateRows=24 candidateCols=80 emulatorRows=24 emulatorCols=80
2026-08-21T03:42:09.258 [viewport] source=onRealViewportChanged oldW=800 oldH=480 newW=800 newH=480 viewportSeeded=true emulatorRows=24 emulatorCols=80
2026-08-21T03:42:09.258 [reflow] source=resume view_width_px=800 cell_width_px=10 derived_cols=80 last_sent_cols=80
2026-08-21T03:42:09.258 [viewport] viewportOutgrewEmulator: source=onRealViewportChanged viewport_rows=24 emulator_rows=24 viewport_cols=80 emulator_cols=80 viewport_w=800 viewport_h=480 cell_w=10 cell_h=20 operandsReady=true → false
2026-08-21T03:42:09.258 [viewport] source=onRealViewportChanged cellsDirty=false resume_rows=24 emulator_rows=24 resume_cols=80 emulator_cols=80 outgrew=false mismatch=false → false
2026-08-21T03:42:09.258 [viewport] source=onRealViewportChanged result resized=false outgrewGuard=false candidateRows=24 candidateCols=80 emulatorRows=24 emulatorCols=80
2026-08-21T03:42:44.031 [viewport] source=onViewportSizeChanged oldW=800 oldH=480 newW=800 newH=480 viewportSeeded=true emulatorRows=24 emulatorCols=80
2026-08-21T03:42:44.031 [viewport] viewportOutgrewEmulator: source=onViewportSizeChanged viewport_rows=24 emulator_rows=24 viewport_cols=80 emulator_cols=80 viewport_w=800 viewport_h=480 cell_w=10 cell_h=20 operandsReady=true → false
2026-08-21T03:42:44.031 [viewport] source=onViewportSizeChanged result resized=false outgrewGuard=false candidateRows=24 candidateCols=80 emulatorRows=24 emulatorCols=80
2026-08-21T03:42:44.031 [viewport] source=onRealViewportChanged oldW=800 oldH=480 newW=800 newH=480 viewportSeeded=true emulatorRows=24 emulatorCols=80
2026-08-21T03:42:44.031 [reflow] source=resume view_width_px=800 cell_width_px=10 derived_cols=80 last_sent_cols=80
2026-08-21T03:42:44.031 [viewport] viewportOutgrewEmulator: source=onRealViewportChanged viewport_rows=24 emulator_rows=24 viewport_cols=80 emulator_cols=80 viewport_w=800 viewport_h=480 cell_w=10 cell_h=20 operandsReady=true → false
2026-08-21T03:42:44.031 [viewport] source=onRealViewportChanged cellsDirty=false resume_rows=24 emulator_rows=24 resume_cols=80 emulator_cols=80 outgrew=false mismatch=false → false
2026-08-21T03:42:44.031 [viewport] source=onRealViewportChanged result resized=false outgrewGuard=false candidateRows=24 candidateCols=80 emulatorRows=24 emulatorCols=80
2026-08-21T03:43:43.762 [viewport] source=onViewportSizeChanged oldW=800 oldH=480 newW=800 newH=480 viewportSeeded=true emulatorRows=24 emulatorCols=80
2026-08-21T03:43:43.762 [viewport] viewportOutgrewEmulator: source=onViewportSizeChanged viewport_rows=24 emulator_rows=24 viewport_cols=80 emulator_cols=80 viewport_w=800 viewport_h=480 cell_w=10 cell_h=20 operandsReady=true → false
2026-08-21T03:43:43.762 [viewport] source=onViewportSizeChanged result resized=false outgrewGuard=false candidateRows=24 candidateCols=80 emulatorRows=24 emulatorCols=80
2026-08-21T03:43:43.762 [viewport] source=onRealViewportChanged oldW=800 oldH=480 newW=800 newH=480 viewportSeeded=true emulatorRows=24 emulatorCols=80
2026-08-21T03:43:43.762 [reflow] source=resume view_width_px=800 cell_width_px=10 derived_cols=80 last_sent_cols=80
2026-08-21T03:43:43.762 [viewport] viewportOutgrewEmulator: source=onRealViewportChanged viewport_rows=24 emulator_rows=24 viewport_cols=80 emulator_cols=80 viewport_w=800 viewport_h=480 cell_w=10 cell_h=20 operandsReady=true → false
2026-08-21T03:43:43.762 [viewport] source=onRealViewportChanged cellsDirty=false resume_rows=24 emulator_rows=24 resume_cols=80 emulator_cols=80 outgrew=false mismatch=false → false
2026-08-21T03:43:43.762 [viewport] source=onRealViewportChanged result resized=false outgrewGuard=false candidateRows=24 candidateCols=80 emulatorRows=24 emulatorCols=80
2026-08-21T03:44:14.920 [viewport] source=onViewportSizeChanged oldW=800 oldH=480 newW=800 newH=480 viewportSeeded=true emulatorRows=24 emulatorCols=80
2026-08-21T03:44:14.920 [viewport] viewportOutgrewEmulator: source=onViewportSizeChanged viewport_rows=24 emulator_rows=24 viewport_cols=80 emulator_cols=80 viewport_w=800 viewport_h=480 cell_w=10 cell_h=20 operandsReady=true → false
2026-08-21T03:44:14.920 [viewport] source=onViewportSizeChanged result resized=false outgrewGuard=false candidateRows=24 candidateCols=80 emulatorRows=24 emulatorCols=80
2026-08-21T03:44:14.920 [viewport] source=onRealViewportChanged oldW=800 oldH=480 newW=800 newH=480 viewportSeeded=true emulatorRows=24 emulatorCols=80
2026-08-21T03:44:14.920 [reflow] source=resume view_width_px=800 cell_width_px=10 derived_cols=80 last_sent_cols=80
2026-08-21T03:44:14.920 [viewport] viewportOutgrewEmulator: source=onRealViewportChanged viewport_rows=24 emulator_rows=24 viewport_cols=80 emulator_cols=80 viewport_w=800 viewport_h=480 cell_w=10 cell_h=20 operandsReady=true → false
2026-08-21T03:44:14.920 [viewport] source=onRealViewportChanged cellsDirty=false resume_rows=24 emulator_rows=24 resume_cols=80 emulator_cols=80 outgrew=false mismatch=false → false
2026-08-21T03:44:14.920 [viewport] source=onRealViewportChanged result resized=false outgrewGuard=false candidateRows=24 candidateCols=80 emulatorRows=24 emulatorCols=80
2026-08-21T03:44:54.872 [viewport] source=onViewportSizeChanged oldW=800 oldH=480 newW=800 newH=480 viewportSeeded=true emulatorRows=24 emulatorCols=80
2026-08-21T03:44:54.872 [viewport] viewportOutgrewEmulator: source=onViewportSizeChanged viewport_rows=24 emulator_rows=24 viewport_cols=80 emulator_cols=80 viewport_w=800 viewport_h=480 cell_w=10 cell_h=20 operandsReady=true → false
2026-08-21T03:44:54.872 [viewport] source=onViewportSizeChanged result resized=false outgrewGuard=false candidateRows=24 candidateCols=80 emulatorRows=24 emulatorCols=80
2026-08-21T03:44:54.872 [viewport] source=onRealViewportChanged oldW=800 oldH=480 newW=800 newH=480 viewportSeeded=true emulatorRows=24 emulatorCols=80
2026-08-21T03:44:54.872 [reflow] source=resume view_width_px=800 cell_width_px=10 derived_cols=80 last_sent_cols=80
2026-08-21T03:44:54.872 [viewport] viewportOutgrewEmulator: source=onRealViewportChanged viewport_rows=24 emulator_rows=24 viewport_cols=80 emulator_cols=80 viewport_w=800 viewport_h=480 cell_w=10 cell_h=20 operandsReady=true → false
2026-08-21T03:44:54.872 [viewport] source=onRealViewportChanged cellsDirty=false resume_rows=24 emulator_rows=24 resume_cols=80 emulator_cols=80 outgrew=false mismatch=false → false
2026-08-21T03:44:54.872 [viewport] source=onRealViewportChanged result resized=false outgrewGuard=false candidateRows=24 candidateCols=80 emulatorRows=24 emulatorCols=80
2026-08-21T03:45:28.851 [viewport] source=onViewportSizeChanged oldW=800 oldH=480 newW=800 newH=480 viewportSeeded=true emulatorRows=24 emulatorCols=80
2026-08-21T03:45:28.851 [viewport] viewportOutgrewEmulator: source=onViewportSizeChanged viewport_rows=24 emulator_rows=24 viewport_cols=80 emulator_cols=80 viewport_w=800 viewport_h=480 cell_w=10 cell_h=20 operandsReady=true → false
2026-08-21T03:45:28.851 [viewport] source=onViewportSizeChanged result resized=false outgrewGuard=false candidateRows=24 candidateCols=80 emulatorRows=24 emulatorCols=80
2026-08-21T03:45:28.851 [viewport] source=onRealViewportChanged oldW=800 oldH=480 newW=800 newH=480 viewportSeeded=true emulatorRows=24 emulatorCols=80
2026-08-21T03:45:28.851 [reflow] source=resume view_width_px=800 cell_width_px=10 derived_cols=80 last_sent_cols=80
2026-08-21T03:45:28.851 [viewport] viewportOutgrewEmulator: source=onRealViewportChanged viewport_rows=24 emulator_rows=24 viewport_cols=80 emulator_cols=80 viewport_w=800 viewport_h=480 cell_w=10 cell_h=20 operandsReady=true → false
2026-08-21T03:45:28.851 [viewport] source=onRealViewportChanged cellsDirty=false resume_rows=24 emulator_rows=24 resume_cols=80 emulator_cols=80 outgrew=false mismatch=false → false
2026-08-21T03:45:28.851 [viewport] source=onRealViewportChanged result resized=false outgrewGuard=false candidateRows=24 candidateCols=80 emulatorRows=24 emulatorCols=80
2026-08-21T03:47:04.798 [viewport] source=onViewportSizeChanged oldW=800 oldH=480 newW=800 newH=480 viewportSeeded=true emulatorRows=24 emulatorCols=80
2026-08-21T03:47:04.798 [viewport] viewportOutgrewEmulator: source=onViewportSizeChanged viewport_rows=24 emulator_rows=24 viewport_cols=80 emulator_cols=80 viewport_w=800 viewport_h=480 cell_w=10 cell_h=20 operandsReady=true → false
2026-08-21T03:47:04.798 [viewport] source=onViewportSizeChanged result resized=false outgrewGuard=false candidateRows=24 candidateCols=80 emulatorRows=24 emulatorCols=80
2026-08-21T03:47:04.798 [viewport] source=onRealViewportChanged oldW=800 oldH=480 newW=800 newH=480 viewportSeeded=true emulatorRows=24 emulatorCols=80
2026-08-21T03:47:04.798 [reflow] source=resume view_width_px=800 cell_width_px=10 derived_cols=80 last_sent_cols=80
2026-08-21T03:47:04.798 [viewport] viewportOutgrewEmulator: source=onRealViewportChanged viewport_rows=24 emulator_rows=24 viewport_cols=80 emulator_cols=80 viewport_w=800 viewport_h=480 cell_w=10 cell_h=20 operandsReady=true → false
2026-08-21T03:47:04.798 [viewport] source=onRealViewportChanged cellsDirty=false resume_rows=24 emulator_rows=24 resume_cols=80 emulator_cols=80 outgrew=false mismatch=false → false
2026-08-21T03:47:04.798 [viewport] source=onRealViewportChanged result resized=false outgrewGuard=false candidateRows=24 candidateCols=80 emulatorRows=24 emulatorCols=80
2026-08-21T03:47:41.194 [viewport] source=onViewportSizeChanged oldW=800 oldH=480 newW=800 newH=480 viewportSeeded=true emulatorRows=24 emulatorCols=80
2026-08-21T03:47:41.194 [viewport] viewportOutgrewEmulator: source=onViewportSizeChanged viewport_rows=24 emulator_rows=24 viewport_cols=80 emulator_cols=80 viewport_w=800 viewport_h=480 cell_w=10 cell_h=20 operandsReady=true → false
2026-08-21T03:47:41.194 [viewport] source=onViewportSizeChanged result resized=false outgrewGuard=false candidateRows=24 candidateCols=80 emulatorRows=24 emulatorCols=80
2026-08-21T03:47:41.194 [viewport] source=onRealViewportChanged oldW=800 oldH=480 newW=800 newH=480 viewportSeeded=true emulatorRows=24 emulatorCols=80
2026-08-21T03:47:41.194 [reflow] source=resume view_width_px=800 cell_width_px=10 derived_cols=80 last_sent_cols=80
2026-08-21T03:47:41.194 [viewport] viewportOutgrewEmulator: source=onRealViewportChanged viewport_rows=24 emulator_rows=24 viewport_cols=80 emulator_cols=80 viewport_w=800 viewport_h=480 cell_w=10 cell_h=20 operandsReady=true → false
2026-08-21T03:47:41.194 [viewport] source=onRealViewportChanged cellsDirty=false resume_rows=24 emulator_rows=24 resume_cols=80 emulator_cols=80 outgrew=false mismatch=false → false
2026-08-21T03:47:41.194 [viewport] source=onRealViewportChanged result resized=false outgrewGuard=false candidateRows=24 candidateCols=80 emulatorRows=24 emulatorCols=80
2026-08-21T03:48:20.289 [viewport] source=onViewportSizeChanged oldW=800 oldH=480 newW=800 newH=480 viewportSeeded=true emulatorRows=24 emulatorCols=80
2026-08-21T03:48:20.289 [viewport] viewportOutgrewEmulator: source=onViewportSizeChanged viewport_rows=24 emulator_rows=24 viewport_cols=80 emulator_cols=80 viewport_w=800 viewport_h=480 cell_w=10 cell_h=20 operandsReady=true → false
2026-08-21T03:48:20.289 [viewport] source=onViewportSizeChanged result resized=false outgrewGuard=false candidateRows=24 candidateCols=80 emulatorRows=24 emulatorCols=80
2026-08-21T03:48:20.289 [viewport] source=onRealViewportChanged oldW=800 oldH=480 newW=800 newH=480 viewportSeeded=true emulatorRows=24 emulatorCols=80
2026-08-21T03:48:20.289 [reflow] source=resume view_width_px=800 cell_width_px=10 derived_cols=80 last_sent_cols=80
2026-08-21T03:48:20.289 [viewport] viewportOutgrewEmulator: source=onRealViewportChanged viewport_rows=24 emulator_rows=24 viewport_cols=80 emulator_cols=80 viewport_w=800 viewport_h=480 cell_w=10 cell_h=20 operandsReady=true → false
2026-08-21T03:48:20.289 [viewport] source=onRealViewportChanged cellsDirty=false resume_rows=24 emulator_rows=24 resume_cols=80 emulator_cols=80 outgrew=false mismatch=false → false
2026-08-21T03:48:20.289 [viewport] source=onRealViewportChanged result resized=false outgrewGuard=false candidateRows=24 candidateCols=80 emulatorRows=24 emulatorCols=80
2026-08-21T03:48:54.589 [viewport] source=onViewportSizeChanged oldW=800 oldH=480 newW=800 newH=480 viewportSeeded=true emulatorRows=24 emulatorCols=80
2026-08-21T03:48:54.589 [viewport] viewportOutgrewEmulator: source=onViewportSizeChanged viewport_rows=24 emulator_rows=24 viewport_cols=80 emulator_cols=80 viewport_w=800 viewport_h=480 cell_w=10 cell_h=20 operandsReady=true → false
2026-08-21T03:48:54.589 [viewport] source=onViewportSizeChanged result resized=false outgrewGuard=false candidateRows=24 candidateCols=80 emulatorRows=24 emulatorCols=80
2026-08-21T03:48:54.589 [viewport] source=onRealViewportChanged oldW=800 oldH=480 newW=800 newH=480 viewportSeeded=true emulatorRows=24 emulatorCols=80
2026-08-21T03:48:54.589 [reflow] source=resume view_width_px=800 cell_width_px=10 derived_cols=80 last_sent_cols=80
2026-08-21T03:48:54.589 [viewport] viewportOutgrewEmulator: source=onRealViewportChanged viewport_rows=24 emulator_rows=24 viewport_cols=80 emulator_cols=80 viewport_w=800 viewport_h=480 cell_w=10 cell_h=20 operandsReady=true → false
2026-08-21T03:48:54.589 [viewport] source=onRealViewportChanged cellsDirty=false resume_rows=24 emulator_rows=24 resume_cols=80 emulator_cols=80 outgrew=false mismatch=false → false
2026-08-21T03:48:54.589 [viewport] source=onRealViewportChanged result resized=false outgrewGuard=false candidateRows=24 candidateCols=80 emulatorRows=24 emulatorCols=80
2026-08-21T03:52:07.413 [viewport] source=onViewportSizeChanged oldW=800 oldH=480 newW=800 newH=480 viewportSeeded=true emulatorRows=24 emulatorCols=80
2026-08-21T03:52:07.413 [viewport] viewportOutgrewEmulator: source=onViewportSizeChanged viewport_rows=24 emulator_rows=24 viewport_cols=80 emulator_cols=80 viewport_w=800 viewport_h=480 cell_w=10 cell_h=20 operandsReady=true → false
2026-08-21T03:52:07.413 [viewport] source=onViewportSizeChanged result resized=false outgrewGuard=false candidateRows=24 candidateCols=80 emulatorRows=24 emulatorCols=80
2026-08-21T03:52:07.414 [viewport] source=onRealViewportChanged oldW=800 oldH=480 newW=800 newH=480 viewportSeeded=true emulatorRows=24 emulatorCols=80
2026-08-21T03:52:07.414 [reflow] source=resume view_width_px=800 cell_width_px=10 derived_cols=80 last_sent_cols=80
2026-08-21T03:52:07.414 [viewport] viewportOutgrewEmulator: source=onRealViewportChanged viewport_rows=24 emulator_rows=24 viewport_cols=80 emulator_cols=80 viewport_w=800 viewport_h=480 cell_w=10 cell_h=20 operandsReady=true → false
2026-08-21T03:52:07.414 [viewport] source=onRealViewportChanged cellsDirty=false resume_rows=24 emulator_rows=24 resume_cols=80 emulator_cols=80 outgrew=false mismatch=false → false
2026-08-21T03:52:07.414 [viewport] source=onRealViewportChanged result resized=false outgrewGuard=false candidateRows=24 candidateCols=80 emulatorRows=24 emulatorCols=80
2026-08-21T03:52:38.761 [viewport] source=onViewportSizeChanged oldW=800 oldH=480 newW=800 newH=480 viewportSeeded=true emulatorRows=24 emulatorCols=80
2026-08-21T03:52:38.761 [viewport] viewportOutgrewEmulator: source=onViewportSizeChanged viewport_rows=24 emulator_rows=24 viewport_cols=80 emulator_cols=80 viewport_w=800 viewport_h=480 cell_w=10 cell_h=20 operandsReady=true → false
2026-08-21T03:52:38.761 [viewport] source=onViewportSizeChanged result resized=false outgrewGuard=false candidateRows=24 candidateCols=80 emulatorRows=24 emulatorCols=80
2026-08-21T03:52:38.761 [viewport] source=onRealViewportChanged oldW=800 oldH=480 newW=800 newH=480 viewportSeeded=true emulatorRows=24 emulatorCols=80
2026-08-21T03:52:38.761 [reflow] source=resume view_width_px=800 cell_width_px=10 derived_cols=80 last_sent_cols=80
2026-08-21T03:52:38.761 [viewport] viewportOutgrewEmulator: source=onRealViewportChanged viewport_rows=24 emulator_rows=24 viewport_cols=80 emulator_cols=80 viewport_w=800 viewport_h=480 cell_w=10 cell_h=20 operandsReady=true → false
2026-08-21T03:52:38.761 [viewport] source=onRealViewportChanged cellsDirty=false resume_rows=24 emulator_rows=24 resume_cols=80 emulator_cols=80 outgrew=false mismatch=false → false
2026-08-21T03:52:38.761 [viewport] source=onRealViewportChanged result resized=false outgrewGuard=false candidateRows=24 candidateCols=80 emulatorRows=24 emulatorCols=80
2026-08-21T03:53:19.967 [viewport] source=onViewportSizeChanged oldW=800 oldH=480 newW=800 newH=480 viewportSeeded=true emulatorRows=24 emulatorCols=80
2026-08-21T03:53:19.967 [viewport] viewportOutgrewEmulator: source=onViewportSizeChanged viewport_rows=24 emulator_rows=24 viewport_cols=80 emulator_cols=80 viewport_w=800 viewport_h=480 cell_w=10 cell_h=20 operandsReady=true → false
2026-08-21T03:53:19.967 [viewport] source=onViewportSizeChanged result resized=false outgrewGuard=false candidateRows=24 candidateCols=80 emulatorRows=24 emulatorCols=80
2026-08-21T03:53:19.967 [viewport] source=onRealViewportChanged oldW=800 oldH=480 newW=800 newH=480 viewportSeeded=true emulatorRows=24 emulatorCols=80
2026-08-21T03:53:19.967 [reflow] source=resume view_width_px=800 cell_width_px=10 derived_cols=80 last_sent_cols=80
2026-08-21T03:53:19.967 [viewport] viewportOutgrewEmulator: source=onRealViewportChanged viewport_rows=24 emulator_rows=24 viewport_cols=80 emulator_cols=80 viewport_w=800 viewport_h=480 cell_w=10 cell_h=20 operandsReady=true → false
2026-08-21T03:53:19.967 [viewport] source=onRealViewportChanged cellsDirty=false resume_rows=24 emulator_rows=24 resume_cols=80 emulator_cols=80 outgrew=false mismatch=false → false
2026-08-21T03:53:19.967 [viewport] source=onRealViewportChanged result resized=false outgrewGuard=false candidateRows=24 candidateCols=80 emulatorRows=24 emulatorCols=80
2026-08-21T03:53:51.753 [viewport] source=onViewportSizeChanged oldW=800 oldH=480 newW=800 newH=480 viewportSeeded=true emulatorRows=24 emulatorCols=80
2026-08-21T03:53:51.753 [viewport] viewportOutgrewEmulator: source=onViewportSizeChanged viewport_rows=24 emulator_rows=24 viewport_cols=80 emulator_cols=80 viewport_w=800 viewport_h=480 cell_w=10 cell_h=20 operandsReady=true → false
2026-08-21T03:53:51.753 [viewport] source=onViewportSizeChanged result resized=false outgrewGuard=false candidateRows=24 candidateCols=80 emulatorRows=24 emulatorCols=80
2026-08-21T03:53:51.753 [viewport] source=onRealViewportChanged oldW=800 oldH=480 newW=800 newH=480 viewportSeeded=true emulatorRows=24 emulatorCols=80
2026-08-21T03:53:51.753 [reflow] source=resume view_width_px=800 cell_width_px=10 derived_cols=80 last_sent_cols=80
2026-08-21T03:53:51.753 [viewport] viewportOutgrewEmulator: source=onRealViewportChanged viewport_rows=24 emulator_rows=24 viewport_cols=80 emulator_cols=80 viewport_w=800 viewport_h=480 cell_w=10 cell_h=20 operandsReady=true → false
2026-08-21T03:53:51.753 [viewport] source=onRealViewportChanged cellsDirty=false resume_rows=24 emulator_rows=24 resume_cols=80 emulator_cols=80 outgrew=false mismatch=false → false
2026-08-21T03:53:51.753 [viewport] source=onRealViewportChanged result resized=false outgrewGuard=false candidateRows=24 candidateCols=80 emulatorRows=24 emulatorCols=80
2026-08-21T03:54:57.120 [viewport] source=onViewportSizeChanged oldW=800 oldH=480 newW=800 newH=480 viewportSeeded=true emulatorRows=24 emulatorCols=80
2026-08-21T03:54:57.120 [viewport] viewportOutgrewEmulator: source=onViewportSizeChanged viewport_rows=24 emulator_rows=24 viewport_cols=80 emulator_cols=80 viewport_w=800 viewport_h=480 cell_w=10 cell_h=20 operandsReady=true → false
2026-08-21T03:54:57.120 [viewport] source=onViewportSizeChanged result resized=false outgrewGuard=false candidateRows=24 candidateCols=80 emulatorRows=24 emulatorCols=80
2026-08-21T03:54:57.120 [viewport] source=onRealViewportChanged oldW=800 oldH=480 newW=800 newH=480 viewportSeeded=true emulatorRows=24 emulatorCols=80
2026-08-21T03:54:57.120 [reflow] source=resume view_width_px=800 cell_width_px=10 derived_cols=80 last_sent_cols=80
2026-08-21T03:54:57.121 [viewport] viewportOutgrewEmulator: source=onRealViewportChanged viewport_rows=24 emulator_rows=24 viewport_cols=80 emulator_cols=80 viewport_w=800 viewport_h=480 cell_w=10 cell_h=20 operandsReady=true → false
2026-08-21T03:54:57.121 [viewport] source=onRealViewportChanged cellsDirty=false resume_rows=24 emulator_rows=24 resume_cols=80 emulator_cols=80 outgrew=false mismatch=false → false
2026-08-21T03:54:57.121 [viewport] source=onRealViewportChanged result resized=false outgrewGuard=false candidateRows=24 candidateCols=80 emulatorRows=24 emulatorCols=80
2026-08-21T03:55:20.673 [viewport] source=onViewportSizeChanged oldW=800 oldH=480 newW=800 newH=480 viewportSeeded=true emulatorRows=24 emulatorCols=80
2026-08-21T03:55:20.673 [viewport] viewportOutgrewEmulator: source=onViewportSizeChanged viewport_rows=24 emulator_rows=24 viewport_cols=80 emulator_cols=80 viewport_w=800 viewport_h=480 cell_w=10 cell_h=20 operandsReady=true → false
2026-08-21T03:55:20.673 [viewport] source=onViewportSizeChanged result resized=false outgrewGuard=false candidateRows=24 candidateCols=80 emulatorRows=24 emulatorCols=80
2026-08-21T03:55:20.673 [viewport] source=onRealViewportChanged oldW=800 oldH=480 newW=800 newH=480 viewportSeeded=true emulatorRows=24 emulatorCols=80
2026-08-21T03:55:20.673 [reflow] source=resume view_width_px=800 cell_width_px=10 derived_cols=80 last_sent_cols=80
2026-08-21T03:55:20.673 [viewport] viewportOutgrewEmulator: source=onRealViewportChanged viewport_rows=24 emulator_rows=24 viewport_cols=80 emulator_cols=80 viewport_w=800 viewport_h=480 cell_w=10 cell_h=20 operandsReady=true → false
2026-08-21T03:55:20.673 [viewport] source=onRealViewportChanged cellsDirty=false resume_rows=24 emulator_rows=24 resume_cols=80 emulator_cols=80 outgrew=false mismatch=false → false
2026-08-21T03:55:20.673 [viewport] source=onRealViewportChanged result resized=false outgrewGuard=false candidateRows=24 candidateCols=80 emulatorRows=24 emulatorCols=80
2026-08-21T03:55:52.020 [viewport] source=onViewportSizeChanged oldW=800 oldH=480 newW=800 newH=480 viewportSeeded=true emulatorRows=24 emulatorCols=80
2026-08-21T03:55:52.020 [viewport] viewportOutgrewEmulator: source=onViewportSizeChanged viewport_rows=24 emulator_rows=24 viewport_cols=80 emulator_cols=80 viewport_w=800 viewport_h=480 cell_w=10 cell_h=20 operandsReady=true → false
2026-08-21T03:55:52.020 [viewport] source=onViewportSizeChanged result resized=false outgrewGuard=false candidateRows=24 candidateCols=80 emulatorRows=24 emulatorCols=80
2026-08-21T03:55:52.020 [viewport] source=onRealViewportChanged oldW=800 oldH=480 newW=800 newH=480 viewportSeeded=true emulatorRows=24 emulatorCols=80
2026-08-21T03:55:52.021 [reflow] source=resume view_width_px=800 cell_width_px=10 derived_cols=80 last_sent_cols=80
2026-08-21T03:55:52.021 [viewport] viewportOutgrewEmulator: source=onRealViewportChanged viewport_rows=24 emulator_rows=24 viewport_cols=80 emulator_cols=80 viewport_w=800 viewport_h=480 cell_w=10 cell_h=20 operandsReady=true → false
2026-08-21T03:55:52.021 [viewport] source=onRealViewportChanged cellsDirty=false resume_rows=24 emulator_rows=24 resume_cols=80 emulator_cols=80 outgrew=false mismatch=false → false
2026-08-21T03:55:52.021 [viewport] source=onRealViewportChanged result resized=false outgrewGuard=false candidateRows=24 candidateCols=80 emulatorRows=24 emulatorCols=80
2026-08-21T03:56:22.209 [viewport] source=onViewportSizeChanged oldW=800 oldH=480 newW=800 newH=480 viewportSeeded=true emulatorRows=24 emulatorCols=80
2026-08-21T03:56:22.209 [viewport] viewportOutgrewEmulator: source=onViewportSizeChanged viewport_rows=24 emulator_rows=24 viewport_cols=80 emulator_cols=80 viewport_w=800 viewport_h=480 cell_w=10 cell_h=20 operandsReady=true → false
2026-08-21T03:56:22.209 [viewport] source=onViewportSizeChanged result resized=false outgrewGuard=false candidateRows=24 candidateCols=80 emulatorRows=24 emulatorCols=80
2026-08-21T03:56:22.209 [viewport] source=onRealViewportChanged oldW=800 oldH=480 newW=800 newH=480 viewportSeeded=true emulatorRows=24 emulatorCols=80
2026-08-21T03:56:22.209 [reflow] source=resume view_width_px=800 cell_width_px=10 derived_cols=80 last_sent_cols=80
2026-08-21T03:56:22.209 [viewport] viewportOutgrewEmulator: source=onRealViewportChanged viewport_rows=24 emulator_rows=24 viewport_cols=80 emulator_cols=80 viewport_w=800 viewport_h=480 cell_w=10 cell_h=20 operandsReady=true → false
2026-08-21T03:56:22.209 [viewport] source=onRealViewportChanged cellsDirty=false resume_rows=24 emulator_rows=24 resume_cols=80 emulator_cols=80 outgrew=false mismatch=false → false
2026-08-21T03:56:22.209 [viewport] source=onRealViewportChanged result resized=false outgrewGuard=false candidateRows=24 candidateCols=80 emulatorRows=24 emulatorCols=80
2026-08-21T03:57:56.755 [viewport] source=onViewportSizeChanged oldW=800 oldH=480 newW=800 newH=480 viewportSeeded=true emulatorRows=24 emulatorCols=80
2026-08-21T03:57:56.755 [viewport] viewportOutgrewEmulator: source=onViewportSizeChanged viewport_rows=24 emulator_rows=24 viewport_cols=80 emulator_cols=80 viewport_w=800 viewport_h=480 cell_w=10 cell_h=20 operandsReady=true → false
2026-08-21T03:57:56.755 [viewport] source=onViewportSizeChanged result resized=false outgrewGuard=false candidateRows=24 candidateCols=80 emulatorRows=24 emulatorCols=80
2026-08-21T03:57:56.755 [viewport] source=onRealViewportChanged oldW=800 oldH=480 newW=800 newH=480 viewportSeeded=true emulatorRows=24 emulatorCols=80
2026-08-21T03:57:56.755 [reflow] source=resume view_width_px=800 cell_width_px=10 derived_cols=80 last_sent_cols=80
2026-08-21T03:57:56.755 [viewport] viewportOutgrewEmulator: source=onRealViewportChanged viewport_rows=24 emulator_rows=24 viewport_cols=80 emulator_cols=80 viewport_w=800 viewport_h=480 cell_w=10 cell_h=20 operandsReady=true → false
2026-08-21T03:57:56.755 [viewport] source=onRealViewportChanged cellsDirty=false resume_rows=24 emulator_rows=24 resume_cols=80 emulator_cols=80 outgrew=false mismatch=false → false
2026-08-21T03:57:56.755 [viewport] source=onRealViewportChanged result resized=false outgrewGuard=false candidateRows=24 candidateCols=80 emulatorRows=24 emulatorCols=80
2026-08-21T03:58:35.261 [viewport] source=onViewportSizeChanged oldW=800 oldH=480 newW=800 newH=480 viewportSeeded=true emulatorRows=24 emulatorCols=80
2026-08-21T03:58:35.261 [viewport] viewportOutgrewEmulator: source=onViewportSizeChanged viewport_rows=24 emulator_rows=24 viewport_cols=80 emulator_cols=80 viewport_w=800 viewport_h=480 cell_w=10 cell_h=20 operandsReady=true → false
2026-08-21T03:58:35.261 [viewport] source=onViewportSizeChanged result resized=false outgrewGuard=false candidateRows=24 candidateCols=80 emulatorRows=24 emulatorCols=80
2026-08-21T03:58:35.261 [viewport] source=onRealViewportChanged oldW=800 oldH=480 newW=800 newH=480 viewportSeeded=true emulatorRows=24 emulatorCols=80
2026-08-21T03:58:35.261 [reflow] source=resume view_width_px=800 cell_width_px=10 derived_cols=80 last_sent_cols=80
2026-08-21T03:58:35.261 [viewport] viewportOutgrewEmulator: source=onRealViewportChanged viewport_rows=24 emulator_rows=24 viewport_cols=80 emulator_cols=80 viewport_w=800 viewport_h=480 cell_w=10 cell_h=20 operandsReady=true → false
2026-08-21T03:58:35.261 [viewport] source=onRealViewportChanged cellsDirty=false resume_rows=24 emulator_rows=24 resume_cols=80 emulator_cols=80 outgrew=false mismatch=false → false
2026-08-21T03:58:35.261 [viewport] source=onRealViewportChanged result resized=false outgrewGuard=false candidateRows=24 candidateCols=80 emulatorRows=24 emulatorCols=80
2026-08-21T03:59:12.656 [viewport] source=onViewportSizeChanged oldW=800 oldH=480 newW=800 newH=480 viewportSeeded=true emulatorRows=24 emulatorCols=80
2026-08-21T03:59:12.656 [viewport] viewportOutgrewEmulator: source=onViewportSizeChanged viewport_rows=24 emulator_rows=24 viewport_cols=80 emulator_cols=80 viewport_w=800 viewport_h=480 cell_w=10 cell_h=20 operandsReady=true → false
2026-08-21T03:59:12.656 [viewport] source=onViewportSizeChanged result resized=false outgrewGuard=false candidateRows=24 candidateCols=80 emulatorRows=24 emulatorCols=80
2026-08-21T03:59:12.656 [viewport] source=onRealViewportChanged oldW=800 oldH=480 newW=800 newH=480 viewportSeeded=true emulatorRows=24 emulatorCols=80
2026-08-21T03:59:12.656 [reflow] source=resume view_width_px=800 cell_width_px=10 derived_cols=80 last_sent_cols=80
2026-08-21T03:59:12.656 [viewport] viewportOutgrewEmulator: source=onRealViewportChanged viewport_rows=24 emulator_rows=24 viewport_cols=80 emulator_cols=80 viewport_w=800 viewport_h=480 cell_w=10 cell_h=20 operandsReady=true → false
2026-08-21T03:59:12.656 [viewport] source=onRealViewportChanged cellsDirty=false resume_rows=24 emulator_rows=24 resume_cols=80 emulator_cols=80 outgrew=false mismatch=false → false
2026-08-21T03:59:12.656 [viewport] source=onRealViewportChanged result resized=false outgrewGuard=false candidateRows=24 candidateCols=80 emulatorRows=24 emulatorCols=80
2026-08-21T03:59:46.652 [viewport] source=onViewportSizeChanged oldW=800 oldH=480 newW=800 newH=480 viewportSeeded=true emulatorRows=24 emulatorCols=80
2026-08-21T03:59:46.652 [viewport] viewportOutgrewEmulator: source=onViewportSizeChanged viewport_rows=24 emulator_rows=24 viewport_cols=80 emulator_cols=80 viewport_w=800 viewport_h=480 cell_w=10 cell_h=20 operandsReady=true → false
2026-08-21T03:59:46.652 [viewport] source=onViewportSizeChanged result resized=false outgrewGuard=false candidateRows=24 candidateCols=80 emulatorRows=24 emulatorCols=80
2026-08-21T03:59:46.652 [viewport] source=onRealViewportChanged oldW=800 oldH=480 newW=800 newH=480 viewportSeeded=true emulatorRows=24 emulatorCols=80
2026-08-21T03:59:46.652 [reflow] source=resume view_width_px=800 cell_width_px=10 derived_cols=80 last_sent_cols=80
2026-08-21T03:59:46.652 [viewport] viewportOutgrewEmulator: source=onRealViewportChanged viewport_rows=24 emulator_rows=24 viewport_cols=80 emulator_cols=80 viewport_w=800 viewport_h=480 cell_w=10 cell_h=20 operandsReady=true → false
2026-08-21T03:59:46.652 [viewport] source=onRealViewportChanged cellsDirty=false resume_rows=24 emulator_rows=24 resume_cols=80 emulator_cols=80 outgrew=false mismatch=false → false
2026-08-21T03:59:46.652 [viewport] source=onRealViewportChanged result resized=false outgrewGuard=false candidateRows=24 candidateCols=80 emulatorRows=24 emulatorCols=80
2026-08-21T04:00:38.947 [viewport] source=onViewportSizeChanged oldW=800 oldH=480 newW=800 newH=480 viewportSeeded=true emulatorRows=24 emulatorCols=80
2026-08-21T04:00:38.947 [viewport] viewportOutgrewEmulator: source=onViewportSizeChanged viewport_rows=24 emulator_rows=24 viewport_cols=80 emulator_cols=80 viewport_w=800 viewport_h=480 cell_w=10 cell_h=20 operandsReady=true → false
2026-08-21T04:00:38.947 [viewport] source=onViewportSizeChanged result resized=false outgrewGuard=false candidateRows=24 candidateCols=80 emulatorRows=24 emulatorCols=80
2026-08-21T04:00:38.947 [viewport] source=onRealViewportChanged oldW=800 oldH=480 newW=800 newH=480 viewportSeeded=true emulatorRows=24 emulatorCols=80
2026-08-21T04:00:38.947 [reflow] source=resume view_width_px=800 cell_width_px=10 derived_cols=80 last_sent_cols=80
2026-08-21T04:00:38.947 [viewport] viewportOutgrewEmulator: source=onRealViewportChanged viewport_rows=24 emulator_rows=24 viewport_cols=80 emulator_cols=80 viewport_w=800 viewport_h=480 cell_w=10 cell_h=20 operandsReady=true → false
2026-08-21T04:00:38.947 [viewport] source=onRealViewportChanged cellsDirty=false resume_rows=24 emulator_rows=24 resume_cols=80 emulator_cols=80 outgrew=false mismatch=false → false
2026-08-21T04:00:38.947 [viewport] source=onRealViewportChanged result resized=false outgrewGuard=false candidateRows=24 candidateCols=80 emulatorRows=24 emulatorCols=80
2026-08-21T04:01:11.538 [viewport] source=onViewportSizeChanged oldW=800 oldH=480 newW=800 newH=480 viewportSeeded=true emulatorRows=24 emulatorCols=80
2026-08-21T04:01:11.538 [viewport] viewportOutgrewEmulator: source=onViewportSizeChanged viewport_rows=24 emulator_rows=24 viewport_cols=80 emulator_cols=80 viewport_w=800 viewport_h=480 cell_w=10 cell_h=20 operandsReady=true → false
2026-08-21T04:01:11.538 [viewport] source=onViewportSizeChanged result resized=false outgrewGuard=false candidateRows=24 candidateCols=80 emulatorRows=24 emulatorCols=80
2026-08-21T04:01:11.538 [viewport] source=onRealViewportChanged oldW=800 oldH=480 newW=800 newH=480 viewportSeeded=true emulatorRows=24 emulatorCols=80
2026-08-21T04:01:11.538 [reflow] source=resume view_width_px=800 cell_width_px=10 derived_cols=80 last_sent_cols=80
2026-08-21T04:01:11.538 [viewport] viewportOutgrewEmulator: source=onRealViewportChanged viewport_rows=24 emulator_rows=24 viewport_cols=80 emulator_cols=80 viewport_w=800 viewport_h=480 cell_w=10 cell_h=20 operandsReady=true → false
2026-08-21T04:01:11.538 [viewport] source=onRealViewportChanged cellsDirty=false resume_rows=24 emulator_rows=24 resume_cols=80 emulator_cols=80 outgrew=false mismatch=false → false
2026-08-21T04:01:11.538 [viewport] source=onRealViewportChanged result resized=false outgrewGuard=false candidateRows=24 candidateCols=80 emulatorRows=24 emulatorCols=80
2026-08-21T04:03:45.337 [viewport] source=onViewportSizeChanged oldW=800 oldH=480 newW=800 newH=480 viewportSeeded=true emulatorRows=24 emulatorCols=80
2026-08-21T04:03:45.337 [viewport] viewportOutgrewEmulator: source=onViewportSizeChanged viewport_rows=24 emulator_rows=24 viewport_cols=80 emulator_cols=80 viewport_w=800 viewport_h=480 cell_w=10 cell_h=20 operandsReady=true → false
2026-08-21T04:03:45.337 [viewport] source=onViewportSizeChanged result resized=false outgrewGuard=false candidateRows=24 candidateCols=80 emulatorRows=24 emulatorCols=80
2026-08-21T04:03:45.337 [viewport] source=onRealViewportChanged oldW=800 oldH=480 newW=800 newH=480 viewportSeeded=true emulatorRows=24 emulatorCols=80
2026-08-21T04:03:45.337 [reflow] source=resume view_width_px=800 cell_width_px=10 derived_cols=80 last_sent_cols=80
2026-08-21T04:03:45.337 [viewport] viewportOutgrewEmulator: source=onRealViewportChanged viewport_rows=24 emulator_rows=24 viewport_cols=80 emulator_cols=80 viewport_w=800 viewport_h=480 cell_w=10 cell_h=20 operandsReady=true → false
2026-08-21T04:03:45.337 [viewport] source=onRealViewportChanged cellsDirty=false resume_rows=24 emulator_rows=24 resume_cols=80 emulator_cols=80 outgrew=false mismatch=false → false
2026-08-21T04:03:45.337 [viewport] source=onRealViewportChanged result resized=false outgrewGuard=false candidateRows=24 candidateCols=80 emulatorRows=24 emulatorCols=80
2026-08-21T04:04:22.153 [viewport] source=onViewportSizeChanged oldW=800 oldH=480 newW=800 newH=480 viewportSeeded=true emulatorRows=24 emulatorCols=80
2026-08-21T04:04:22.153 [viewport] viewportOutgrewEmulator: source=onViewportSizeChanged viewport_rows=24 emulator_rows=24 viewport_cols=80 emulator_cols=80 viewport_w=800 viewport_h=480 cell_w=10 cell_h=20 operandsReady=true → false
2026-08-21T04:04:22.153 [viewport] source=onViewportSizeChanged result resized=false outgrewGuard=false candidateRows=24 candidateCols=80 emulatorRows=24 emulatorCols=80
2026-08-21T04:04:22.153 [viewport] source=onRealViewportChanged oldW=800 oldH=480 newW=800 newH=480 viewportSeeded=true emulatorRows=24 emulatorCols=80
2026-08-21T04:04:22.153 [reflow] source=resume view_width_px=800 cell_width_px=10 derived_cols=80 last_sent_cols=80
2026-08-21T04:04:22.154 [viewport] viewportOutgrewEmulator: source=onRealViewportChanged viewport_rows=24 emulator_rows=24 viewport_cols=80 emulator_cols=80 viewport_w=800 viewport_h=480 cell_w=10 cell_h=20 operandsReady=true → false
2026-08-21T04:04:22.154 [viewport] source=onRealViewportChanged cellsDirty=false resume_rows=24 emulator_rows=24 resume_cols=80 emulator_cols=80 outgrew=false mismatch=false → false
2026-08-21T04:04:22.154 [viewport] source=onRealViewportChanged result resized=false outgrewGuard=false candidateRows=24 candidateCols=80 emulatorRows=24 emulatorCols=80
2026-08-21T04:06:16.898 [viewport] source=onViewportSizeChanged oldW=800 oldH=480 newW=800 newH=480 viewportSeeded=true emulatorRows=24 emulatorCols=80
2026-08-21T04:06:16.898 [viewport] viewportOutgrewEmulator: source=onViewportSizeChanged viewport_rows=24 emulator_rows=24 viewport_cols=80 emulator_cols=80 viewport_w=800 viewport_h=480 cell_w=10 cell_h=20 operandsReady=true → false
2026-08-21T04:06:16.898 [viewport] source=onViewportSizeChanged result resized=false outgrewGuard=false candidateRows=24 candidateCols=80 emulatorRows=24 emulatorCols=80
2026-08-21T04:06:16.898 [viewport] source=onRealViewportChanged oldW=800 oldH=480 newW=800 newH=480 viewportSeeded=true emulatorRows=24 emulatorCols=80
2026-08-21T04:06:16.898 [reflow] source=resume view_width_px=800 cell_width_px=10 derived_cols=80 last_sent_cols=80
2026-08-21T04:06:16.898 [viewport] viewportOutgrewEmulator: source=onRealViewportChanged viewport_rows=24 emulator_rows=24 viewport_cols=80 emulator_cols=80 viewport_w=800 viewport_h=480 cell_w=10 cell_h=20 operandsReady=true → false
2026-08-21T04:06:16.898 [viewport] source=onRealViewportChanged cellsDirty=false resume_rows=24 emulator_rows=24 resume_cols=80 emulator_cols=80 outgrew=false mismatch=false → false
2026-08-21T04:06:16.898 [viewport] source=onRealViewportChanged result resized=false outgrewGuard=false candidateRows=24 candidateCols=80 emulatorRows=24 emulatorCols=80
2026-08-21T04:06:52.806 [viewport] source=onViewportSizeChanged oldW=800 oldH=480 newW=800 newH=480 viewportSeeded=true emulatorRows=24 emulatorCols=80
2026-08-21T04:06:52.806 [viewport] viewportOutgrewEmulator: source=onViewportSizeChanged viewport_rows=24 emulator_rows=24 viewport_cols=80 emulator_cols=80 viewport_w=800 viewport_h=480 cell_w=10 cell_h=20 operandsReady=true → false
2026-08-21T04:06:52.806 [viewport] source=onViewportSizeChanged result resized=false outgrewGuard=false candidateRows=24 candidateCols=80 emulatorRows=24 emulatorCols=80
2026-08-21T04:06:52.806 [viewport] source=onRealViewportChanged oldW=800 oldH=480 newW=800 newH=480 viewportSeeded=true emulatorRows=24 emulatorCols=80
2026-08-21T04:06:52.806 [reflow] source=resume view_width_px=800 cell_width_px=10 derived_cols=80 last_sent_cols=80
2026-08-21T04:06:52.806 [viewport] viewportOutgrewEmulator: source=onRealViewportChanged viewport_rows=24 emulator_rows=24 viewport_cols=80 emulator_cols=80 viewport_w=800 viewport_h=480 cell_w=10 cell_h=20 operandsReady=true → false
2026-08-21T04:06:52.806 [viewport] source=onRealViewportChanged cellsDirty=false resume_rows=24 emulator_rows=24 resume_cols=80 emulator_cols=80 outgrew=false mismatch=false → false
2026-08-21T04:06:52.806 [viewport] source=onRealViewportChanged result resized=false outgrewGuard=false candidateRows=24 candidateCols=80 emulatorRows=24 emulatorCols=80
2026-08-21T04:07:28.307 [viewport] source=onViewportSizeChanged oldW=800 oldH=480 newW=800 newH=480 viewportSeeded=true emulatorRows=24 emulatorCols=80
2026-08-21T04:07:28.307 [viewport] viewportOutgrewEmulator: source=onViewportSizeChanged viewport_rows=24 emulator_rows=24 viewport_cols=80 emulator_cols=80 viewport_w=800 viewport_h=480 cell_w=10 cell_h=20 operandsReady=true → false
2026-08-21T04:07:28.307 [viewport] source=onViewportSizeChanged result resized=false outgrewGuard=false candidateRows=24 candidateCols=80 emulatorRows=24 emulatorCols=80
2026-08-21T04:07:28.307 [viewport] source=onRealViewportChanged oldW=800 oldH=480 newW=800 newH=480 viewportSeeded=true emulatorRows=24 emulatorCols=80
2026-08-21T04:07:28.307 [reflow] source=resume view_width_px=800 cell_width_px=10 derived_cols=80 last_sent_cols=80
2026-08-21T04:07:28.307 [viewport] viewportOutgrewEmulator: source=onRealViewportChanged viewport_rows=24 emulator_rows=24 viewport_cols=80 emulator_cols=80 viewport_w=800 viewport_h=480 cell_w=10 cell_h=20 operandsReady=true → false
2026-08-21T04:07:28.307 [viewport] source=onRealViewportChanged cellsDirty=false resume_rows=24 emulator_rows=24 resume_cols=80 emulator_cols=80 outgrew=false mismatch=false → false
2026-08-21T04:07:28.307 [viewport] source=onRealViewportChanged result resized=false outgrewGuard=false candidateRows=24 candidateCols=80 emulatorRows=24 emulatorCols=80
2026-08-21T04:07:58.551 [viewport] source=onViewportSizeChanged oldW=800 oldH=480 newW=800 newH=480 viewportSeeded=true emulatorRows=24 emulatorCols=80
2026-08-21T04:07:58.551 [viewport] viewportOutgrewEmulator: source=onViewportSizeChanged viewport_rows=24 emulator_rows=24 viewport_cols=80 emulator_cols=80 viewport_w=800 viewport_h=480 cell_w=10 cell_h=20 operandsReady=true → false
2026-08-21T04:07:58.551 [viewport] source=onViewportSizeChanged result resized=false outgrewGuard=false candidateRows=24 candidateCols=80 emulatorRows=24 emulatorCols=80
2026-08-21T04:07:58.551 [viewport] source=onRealViewportChanged oldW=800 oldH=480 newW=800 newH=480 viewportSeeded=true emulatorRows=24 emulatorCols=80
2026-08-21T04:07:58.551 [reflow] source=resume view_width_px=800 cell_width_px=10 derived_cols=80 last_sent_cols=80
2026-08-21T04:07:58.551 [viewport] viewportOutgrewEmulator: source=onRealViewportChanged viewport_rows=24 emulator_rows=24 viewport_cols=80 emulator_cols=80 viewport_w=800 viewport_h=480 cell_w=10 cell_h=20 operandsReady=true → false
2026-08-21T04:07:58.551 [viewport] source=onRealViewportChanged cellsDirty=false resume_rows=24 emulator_rows=24 resume_cols=80 emulator_cols=80 outgrew=false mismatch=false → false
2026-08-21T04:07:58.551 [viewport] source=onRealViewportChanged result resized=false outgrewGuard=false candidateRows=24 candidateCols=80 emulatorRows=24 emulatorCols=80
2026-08-21T04:10:05.242 [viewport] source=onViewportSizeChanged oldW=800 oldH=480 newW=800 newH=480 viewportSeeded=true emulatorRows=24 emulatorCols=80
2026-08-21T04:10:05.242 [viewport] viewportOutgrewEmulator: source=onViewportSizeChanged viewport_rows=24 emulator_rows=24 viewport_cols=80 emulator_cols=80 viewport_w=800 viewport_h=480 cell_w=10 cell_h=20 operandsReady=true → false
2026-08-21T04:10:05.242 [viewport] source=onViewportSizeChanged result resized=false outgrewGuard=false candidateRows=24 candidateCols=80 emulatorRows=24 emulatorCols=80
2026-08-21T04:10:05.242 [viewport] source=onRealViewportChanged oldW=800 oldH=480 newW=800 newH=480 viewportSeeded=true emulatorRows=24 emulatorCols=80
2026-08-21T04:10:05.242 [reflow] source=resume view_width_px=800 cell_width_px=10 derived_cols=80 last_sent_cols=80
2026-08-21T04:10:05.242 [viewport] viewportOutgrewEmulator: source=onRealViewportChanged viewport_rows=24 emulator_rows=24 viewport_cols=80 emulator_cols=80 viewport_w=800 viewport_h=480 cell_w=10 cell_h=20 operandsReady=true → false
2026-08-21T04:10:05.242 [viewport] source=onRealViewportChanged cellsDirty=false resume_rows=24 emulator_rows=24 resume_cols=80 emulator_cols=80 outgrew=false mismatch=false → false
2026-08-21T04:10:05.242 [viewport] source=onRealViewportChanged result resized=false outgrewGuard=false candidateRows=24 candidateCols=80 emulatorRows=24 emulatorCols=80
2026-08-21T04:10:39.764 [viewport] source=onViewportSizeChanged oldW=800 oldH=480 newW=800 newH=480 viewportSeeded=true emulatorRows=24 emulatorCols=80
2026-08-21T04:10:39.764 [viewport] viewportOutgrewEmulator: source=onViewportSizeChanged viewport_rows=24 emulator_rows=24 viewport_cols=80 emulator_cols=80 viewport_w=800 viewport_h=480 cell_w=10 cell_h=20 operandsReady=true → false
2026-08-21T04:10:39.764 [viewport] source=onViewportSizeChanged result resized=false outgrewGuard=false candidateRows=24 candidateCols=80 emulatorRows=24 emulatorCols=80
2026-08-21T04:10:39.764 [viewport] source=onRealViewportChanged oldW=800 oldH=480 newW=800 newH=480 viewportSeeded=true emulatorRows=24 emulatorCols=80
2026-08-21T04:10:39.764 [reflow] source=resume view_width_px=800 cell_width_px=10 derived_cols=80 last_sent_cols=80
2026-08-21T04:10:39.764 [viewport] viewportOutgrewEmulator: source=onRealViewportChanged viewport_rows=24 emulator_rows=24 viewport_cols=80 emulator_cols=80 viewport_w=800 viewport_h=480 cell_w=10 cell_h=20 operandsReady=true → false
2026-08-21T04:10:39.764 [viewport] source=onRealViewportChanged cellsDirty=false resume_rows=24 emulator_rows=24 resume_cols=80 emulator_cols=80 outgrew=false mismatch=false → false
2026-08-21T04:10:39.764 [viewport] source=onRealViewportChanged result resized=false outgrewGuard=false candidateRows=24 candidateCols=80 emulatorRows=24 emulatorCols=80
2026-08-21T04:11:19.848 [viewport] source=onViewportSizeChanged oldW=800 oldH=480 newW=800 newH=480 viewportSeeded=true emulatorRows=24 emulatorCols=80
2026-08-21T04:11:19.848 [viewport] viewportOutgrewEmulator: source=onViewportSizeChanged viewport_rows=24 emulator_rows=24 viewport_cols=80 emulator_cols=80 viewport_w=800 viewport_h=480 cell_w=10 cell_h=20 operandsReady=true → false
2026-08-21T04:11:19.848 [viewport] source=onViewportSizeChanged result resized=false outgrewGuard=false candidateRows=24 candidateCols=80 emulatorRows=24 emulatorCols=80
2026-08-21T04:11:19.848 [viewport] source=onRealViewportChanged oldW=800 oldH=480 newW=800 newH=480 viewportSeeded=true emulatorRows=24 emulatorCols=80
2026-08-21T04:11:19.848 [reflow] source=resume view_width_px=800 cell_width_px=10 derived_cols=80 last_sent_cols=80
2026-08-21T04:11:19.848 [viewport] viewportOutgrewEmulator: source=onRealViewportChanged viewport_rows=24 emulator_rows=24 viewport_cols=80 emulator_cols=80 viewport_w=800 viewport_h=480 cell_w=10 cell_h=20 operandsReady=true → false
2026-08-21T04:11:19.848 [viewport] source=onRealViewportChanged cellsDirty=false resume_rows=24 emulator_rows=24 resume_cols=80 emulator_cols=80 outgrew=false mismatch=false → false
2026-08-21T04:11:19.848 [viewport] source=onRealViewportChanged result resized=false outgrewGuard=false candidateRows=24 candidateCols=80 emulatorRows=24 emulatorCols=80
2026-08-21T04:11:55.243 [viewport] source=onViewportSizeChanged oldW=800 oldH=480 newW=800 newH=480 viewportSeeded=true emulatorRows=24 emulatorCols=80
2026-08-21T04:11:55.243 [viewport] viewportOutgrewEmulator: source=onViewportSizeChanged viewport_rows=24 emulator_rows=24 viewport_cols=80 emulator_cols=80 viewport_w=800 viewport_h=480 cell_w=10 cell_h=20 operandsReady=true → false
2026-08-21T04:11:55.243 [viewport] source=onViewportSizeChanged result resized=false outgrewGuard=false candidateRows=24 candidateCols=80 emulatorRows=24 emulatorCols=80
2026-08-21T04:11:55.243 [viewport] source=onRealViewportChanged oldW=800 oldH=480 newW=800 newH=480 viewportSeeded=true emulatorRows=24 emulatorCols=80
2026-08-21T04:11:55.243 [reflow] source=resume view_width_px=800 cell_width_px=10 derived_cols=80 last_sent_cols=80
2026-08-21T04:11:55.243 [viewport] viewportOutgrewEmulator: source=onRealViewportChanged viewport_rows=24 emulator_rows=24 viewport_cols=80 emulator_cols=80 viewport_w=800 viewport_h=480 cell_w=10 cell_h=20 operandsReady=true → false
2026-08-21T04:11:55.243 [viewport] source=onRealViewportChanged cellsDirty=false resume_rows=24 emulator_rows=24 resume_cols=80 emulator_cols=80 outgrew=false mismatch=false → false
2026-08-21T04:11:55.243 [viewport] source=onRealViewportChanged result resized=false outgrewGuard=false candidateRows=24 candidateCols=80 emulatorRows=24 emulatorCols=80
2026-08-21T04:12:35.293 [viewport] source=onViewportSizeChanged oldW=800 oldH=480 newW=800 newH=480 viewportSeeded=true emulatorRows=24 emulatorCols=80
2026-08-21T04:12:35.293 [viewport] viewportOutgrewEmulator: source=onViewportSizeChanged viewport_rows=24 emulator_rows=24 viewport_cols=80 emulator_cols=80 viewport_w=800 viewport_h=480 cell_w=10 cell_h=20 operandsReady=true → false
2026-08-21T04:12:35.293 [viewport] source=onViewportSizeChanged result resized=false outgrewGuard=false candidateRows=24 candidateCols=80 emulatorRows=24 emulatorCols=80
2026-08-21T04:12:35.293 [viewport] source=onRealViewportChanged oldW=800 oldH=480 newW=800 newH=480 viewportSeeded=true emulatorRows=24 emulatorCols=80
2026-08-21T04:12:35.293 [reflow] source=resume view_width_px=800 cell_width_px=10 derived_cols=80 last_sent_cols=80
2026-08-21T04:12:35.293 [viewport] viewportOutgrewEmulator: source=onRealViewportChanged viewport_rows=24 emulator_rows=24 viewport_cols=80 emulator_cols=80 viewport_w=800 viewport_h=480 cell_w=10 cell_h=20 operandsReady=true → false
2026-08-21T04:12:35.293 [viewport] source=onRealViewportChanged cellsDirty=false resume_rows=24 emulator_rows=24 resume_cols=80 emulator_cols=80 outgrew=false mismatch=false → false
2026-08-21T04:12:35.293 [viewport] source=onRealViewportChanged result resized=false outgrewGuard=false candidateRows=24 candidateCols=80 emulatorRows=24 emulatorCols=80
2026-08-21T04:13:10.351 [viewport] source=onViewportSizeChanged oldW=800 oldH=480 newW=800 newH=480 viewportSeeded=true emulatorRows=24 emulatorCols=80
2026-08-21T04:13:10.351 [viewport] viewportOutgrewEmulator: source=onViewportSizeChanged viewport_rows=24 emulator_rows=24 viewport_cols=80 emulator_cols=80 viewport_w=800 viewport_h=480 cell_w=10 cell_h=20 operandsReady=true → false
2026-08-21T04:13:10.351 [viewport] source=onViewportSizeChanged result resized=false outgrewGuard=false candidateRows=24 candidateCols=80 emulatorRows=24 emulatorCols=80
2026-08-21T04:13:10.351 [viewport] source=onRealViewportChanged oldW=800 oldH=480 newW=800 newH=480 viewportSeeded=true emulatorRows=24 emulatorCols=80
2026-08-21T04:13:10.351 [reflow] source=resume view_width_px=800 cell_width_px=10 derived_cols=80 last_sent_cols=80
2026-08-21T04:13:10.351 [viewport] viewportOutgrewEmulator: source=onRealViewportChanged viewport_rows=24 emulator_rows=24 viewport_cols=80 emulator_cols=80 viewport_w=800 viewport_h=480 cell_w=10 cell_h=20 operandsReady=true → false
2026-08-21T04:13:10.351 [viewport] source=onRealViewportChanged cellsDirty=false resume_rows=24 emulator_rows=24 resume_cols=80 emulator_cols=80 outgrew=false mismatch=false → false
2026-08-21T04:13:10.351 [viewport] source=onRealViewportChanged result resized=false outgrewGuard=false candidateRows=24 candidateCols=80 emulatorRows=24 emulatorCols=80
2026-08-21T04:13:46.059 [viewport] source=onViewportSizeChanged oldW=800 oldH=480 newW=800 newH=480 viewportSeeded=true emulatorRows=24 emulatorCols=80
2026-08-21T04:13:46.059 [viewport] viewportOutgrewEmulator: source=onViewportSizeChanged viewport_rows=24 emulator_rows=24 viewport_cols=80 emulator_cols=80 viewport_w=800 viewport_h=480 cell_w=10 cell_h=20 operandsReady=true → false
2026-08-21T04:13:46.059 [viewport] source=onViewportSizeChanged result resized=false outgrewGuard=false candidateRows=24 candidateCols=80 emulatorRows=24 emulatorCols=80
2026-08-21T04:13:46.059 [viewport] source=onRealViewportChanged oldW=800 oldH=480 newW=800 newH=480 viewportSeeded=true emulatorRows=24 emulatorCols=80
2026-08-21T04:13:46.059 [reflow] source=resume view_width_px=800 cell_width_px=10 derived_cols=80 last_sent_cols=80
2026-08-21T04:13:46.059 [viewport] viewportOutgrewEmulator: source=onRealViewportChanged viewport_rows=24 emulator_rows=24 viewport_cols=80 emulator_cols=80 viewport_w=800 viewport_h=480 cell_w=10 cell_h=20 operandsReady=true → false
2026-08-21T04:13:46.059 [viewport] source=onRealViewportChanged cellsDirty=false resume_rows=24 emulator_rows=24 resume_cols=80 emulator_cols=80 outgrew=false mismatch=false → false
2026-08-21T04:13:46.059 [viewport] source=onRealViewportChanged result resized=false outgrewGuard=false candidateRows=24 candidateCols=80 emulatorRows=24 emulatorCols=80
2026-08-21T04:14:16.611 [viewport] source=onViewportSizeChanged oldW=800 oldH=480 newW=800 newH=480 viewportSeeded=true emulatorRows=24 emulatorCols=80
2026-08-21T04:14:16.611 [viewport] viewportOutgrewEmulator: source=onViewportSizeChanged viewport_rows=24 emulator_rows=24 viewport_cols=80 emulator_cols=80 viewport_w=800 viewport_h=480 cell_w=10 cell_h=20 operandsReady=true → false
2026-08-21T04:14:16.611 [viewport] source=onViewportSizeChanged result resized=false outgrewGuard=false candidateRows=24 candidateCols=80 emulatorRows=24 emulatorCols=80
2026-08-21T04:14:16.611 [viewport] source=onRealViewportChanged oldW=800 oldH=480 newW=800 newH=480 viewportSeeded=true emulatorRows=24 emulatorCols=80
2026-08-21T04:14:16.611 [reflow] source=resume view_width_px=800 cell_width_px=10 derived_cols=80 last_sent_cols=80
2026-08-21T04:14:16.611 [viewport] viewportOutgrewEmulator: source=onRealViewportChanged viewport_rows=24 emulator_rows=24 viewport_cols=80 emulator_cols=80 viewport_w=800 viewport_h=480 cell_w=10 cell_h=20 operandsReady=true → false
2026-08-21T04:14:16.611 [viewport] source=onRealViewportChanged cellsDirty=false resume_rows=24 emulator_rows=24 resume_cols=80 emulator_cols=80 outgrew=false mismatch=false → false
2026-08-21T04:14:16.611 [viewport] source=onRealViewportChanged result resized=false outgrewGuard=false candidateRows=24 candidateCols=80 emulatorRows=24 emulatorCols=80
2026-08-21T04:15:42.282 [viewport] source=onViewportSizeChanged oldW=800 oldH=480 newW=800 newH=480 viewportSeeded=true emulatorRows=24 emulatorCols=80
2026-08-21T04:15:42.282 [viewport] viewportOutgrewEmulator: source=onViewportSizeChanged viewport_rows=24 emulator_rows=24 viewport_cols=80 emulator_cols=80 viewport_w=800 viewport_h=480 cell_w=10 cell_h=20 operandsReady=true → false
2026-08-21T04:15:42.282 [viewport] source=onViewportSizeChanged result resized=false outgrewGuard=false candidateRows=24 candidateCols=80 emulatorRows=24 emulatorCols=80
2026-08-21T04:15:42.282 [viewport] source=onRealViewportChanged oldW=800 oldH=480 newW=800 newH=480 viewportSeeded=true emulatorRows=24 emulatorCols=80
2026-08-21T04:15:42.282 [reflow] source=resume view_width_px=800 cell_width_px=10 derived_cols=80 last_sent_cols=80
2026-08-21T04:15:42.282 [viewport] viewportOutgrewEmulator: source=onRealViewportChanged viewport_rows=24 emulator_rows=24 viewport_cols=80 emulator_cols=80 viewport_w=800 viewport_h=480 cell_w=10 cell_h=20 operandsReady=true → false
2026-08-21T04:15:42.282 [viewport] source=onRealViewportChanged cellsDirty=false resume_rows=24 emulator_rows=24 resume_cols=80 emulator_cols=80 outgrew=false mismatch=false → false
2026-08-21T04:15:42.282 [viewport] source=onRealViewportChanged result resized=false outgrewGuard=false candidateRows=24 candidateCols=80 emulatorRows=24 emulatorCols=80
2026-08-21T04:16:22.692 [viewport] source=onViewportSizeChanged oldW=800 oldH=480 newW=800 newH=480 viewportSeeded=true emulatorRows=24 emulatorCols=80
2026-08-21T04:16:22.692 [viewport] viewportOutgrewEmulator: source=onViewportSizeChanged viewport_rows=24 emulator_rows=24 viewport_cols=80 emulator_cols=80 viewport_w=800 viewport_h=480 cell_w=10 cell_h=20 operandsReady=true → false
2026-08-21T04:16:22.692 [viewport] source=onViewportSizeChanged result resized=false outgrewGuard=false candidateRows=24 candidateCols=80 emulatorRows=24 emulatorCols=80
2026-08-21T04:16:22.692 [viewport] source=onRealViewportChanged oldW=800 oldH=480 newW=800 newH=480 viewportSeeded=true emulatorRows=24 emulatorCols=80
2026-08-21T04:16:22.692 [reflow] source=resume view_width_px=800 cell_width_px=10 derived_cols=80 last_sent_cols=80
2026-08-21T04:16:22.692 [viewport] viewportOutgrewEmulator: source=onRealViewportChanged viewport_rows=24 emulator_rows=24 viewport_cols=80 emulator_cols=80 viewport_w=800 viewport_h=480 cell_w=10 cell_h=20 operandsReady=true → false
2026-08-21T04:16:22.692 [viewport] source=onRealViewportChanged cellsDirty=false resume_rows=24 emulator_rows=24 resume_cols=80 emulator_cols=80 outgrew=false mismatch=false → false
2026-08-21T04:16:22.692 [viewport] source=onRealViewportChanged result resized=false outgrewGuard=false candidateRows=24 candidateCols=80 emulatorRows=24 emulatorCols=80
2026-08-21T04:17:32.486 [viewport] source=onViewportSizeChanged oldW=800 oldH=480 newW=800 newH=480 viewportSeeded=true emulatorRows=24 emulatorCols=80
2026-08-21T04:17:32.486 [viewport] viewportOutgrewEmulator: source=onViewportSizeChanged viewport_rows=24 emulator_rows=24 viewport_cols=80 emulator_cols=80 viewport_w=800 viewport_h=480 cell_w=10 cell_h=20 operandsReady=true → false
2026-08-21T04:17:32.486 [viewport] source=onViewportSizeChanged result resized=false outgrewGuard=false candidateRows=24 candidateCols=80 emulatorRows=24 emulatorCols=80
2026-08-21T04:17:32.486 [viewport] source=onRealViewportChanged oldW=800 oldH=480 newW=800 newH=480 viewportSeeded=true emulatorRows=24 emulatorCols=80
2026-08-21T04:17:32.486 [reflow] source=resume view_width_px=800 cell_width_px=10 derived_cols=80 last_sent_cols=80
2026-08-21T04:17:32.486 [viewport] viewportOutgrewEmulator: source=onRealViewportChanged viewport_rows=24 emulator_rows=24 viewport_cols=80 emulator_cols=80 viewport_w=800 viewport_h=480 cell_w=10 cell_h=20 operandsReady=true → false
2026-08-21T04:17:32.486 [viewport] source=onRealViewportChanged cellsDirty=false resume_rows=24 emulator_rows=24 resume_cols=80 emulator_cols=80 outgrew=false mismatch=false → false
2026-08-21T04:17:32.486 [viewport] source=onRealViewportChanged result resized=false outgrewGuard=false candidateRows=24 candidateCols=80 emulatorRows=24 emulatorCols=80
2026-08-21T04:18:06.947 [viewport] source=onViewportSizeChanged oldW=800 oldH=480 newW=800 newH=480 viewportSeeded=true emulatorRows=24 emulatorCols=80
2026-08-21T04:18:06.947 [viewport] viewportOutgrewEmulator: source=onViewportSizeChanged viewport_rows=24 emulator_rows=24 viewport_cols=80 emulator_cols=80 viewport_w=800 viewport_h=480 cell_w=10 cell_h=20 operandsReady=true → false
2026-08-21T04:18:06.947 [viewport] source=onViewportSizeChanged result resized=false outgrewGuard=false candidateRows=24 candidateCols=80 emulatorRows=24 emulatorCols=80
2026-08-21T04:18:06.947 [viewport] source=onRealViewportChanged oldW=800 oldH=480 newW=800 newH=480 viewportSeeded=true emulatorRows=24 emulatorCols=80
2026-08-21T04:18:06.947 [reflow] source=resume view_width_px=800 cell_width_px=10 derived_cols=80 last_sent_cols=80
2026-08-21T04:18:06.947 [viewport] viewportOutgrewEmulator: source=onRealViewportChanged viewport_rows=24 emulator_rows=24 viewport_cols=80 emulator_cols=80 viewport_w=800 viewport_h=480 cell_w=10 cell_h=20 operandsReady=true → false
2026-08-21T04:18:06.947 [viewport] source=onRealViewportChanged cellsDirty=false resume_rows=24 emulator_rows=24 resume_cols=80 emulator_cols=80 outgrew=false mismatch=false → false
2026-08-21T04:18:06.947 [viewport] source=onRealViewportChanged result resized=false outgrewGuard=false candidateRows=24 candidateCols=80 emulatorRows=24 emulatorCols=80
2026-08-21T04:18:46.704 [viewport] source=onViewportSizeChanged oldW=800 oldH=480 newW=800 newH=480 viewportSeeded=true emulatorRows=24 emulatorCols=80
2026-08-21T04:18:46.704 [viewport] viewportOutgrewEmulator: source=onViewportSizeChanged viewport_rows=24 emulator_rows=24 viewport_cols=80 emulator_cols=80 viewport_w=800 viewport_h=480 cell_w=10 cell_h=20 operandsReady=true → false
2026-08-21T04:18:46.704 [viewport] source=onViewportSizeChanged result resized=false outgrewGuard=false candidateRows=24 candidateCols=80 emulatorRows=24 emulatorCols=80
2026-08-21T04:18:46.704 [viewport] source=onRealViewportChanged oldW=800 oldH=480 newW=800 newH=480 viewportSeeded=true emulatorRows=24 emulatorCols=80
2026-08-21T04:18:46.704 [reflow] source=resume view_width_px=800 cell_width_px=10 derived_cols=80 last_sent_cols=80
2026-08-21T04:18:46.704 [viewport] viewportOutgrewEmulator: source=onRealViewportChanged viewport_rows=24 emulator_rows=24 viewport_cols=80 emulator_cols=80 viewport_w=800 viewport_h=480 cell_w=10 cell_h=20 operandsReady=true → false
2026-08-21T04:18:46.704 [viewport] source=onRealViewportChanged cellsDirty=false resume_rows=24 emulator_rows=24 resume_cols=80 emulator_cols=80 outgrew=false mismatch=false → false
2026-08-21T04:18:46.704 [viewport] source=onRealViewportChanged result resized=false outgrewGuard=false candidateRows=24 candidateCols=80 emulatorRows=24 emulatorCols=80
2026-08-21T04:19:21.740 [viewport] source=onViewportSizeChanged oldW=800 oldH=480 newW=800 newH=480 viewportSeeded=true emulatorRows=24 emulatorCols=80
2026-08-21T04:19:21.740 [viewport] viewportOutgrewEmulator: source=onViewportSizeChanged viewport_rows=24 emulator_rows=24 viewport_cols=80 emulator_cols=80 viewport_w=800 viewport_h=480 cell_w=10 cell_h=20 operandsReady=true → false
2026-08-21T04:19:21.740 [viewport] source=onViewportSizeChanged result resized=false outgrewGuard=false candidateRows=24 candidateCols=80 emulatorRows=24 emulatorCols=80
2026-08-21T04:19:21.740 [viewport] source=onRealViewportChanged oldW=800 oldH=480 newW=800 newH=480 viewportSeeded=true emulatorRows=24 emulatorCols=80
2026-08-21T04:19:21.740 [reflow] source=resume view_width_px=800 cell_width_px=10 derived_cols=80 last_sent_cols=80
2026-08-21T04:19:21.740 [viewport] viewportOutgrewEmulator: source=onRealViewportChanged viewport_rows=24 emulator_rows=24 viewport_cols=80 emulator_cols=80 viewport_w=800 viewport_h=480 cell_w=10 cell_h=20 operandsReady=true → false
2026-08-21T04:19:21.740 [viewport] source=onRealViewportChanged cellsDirty=false resume_rows=24 emulator_rows=24 resume_cols=80 emulator_cols=80 outgrew=false mismatch=false → false
2026-08-21T04:19:21.740 [viewport] source=onRealViewportChanged result resized=false outgrewGuard=false candidateRows=24 candidateCols=80 emulatorRows=24 emulatorCols=80
2026-08-21T04:20:01.028 [viewport] source=onViewportSizeChanged oldW=800 oldH=480 newW=800 newH=480 viewportSeeded=true emulatorRows=24 emulatorCols=80
2026-08-21T04:20:01.028 [viewport] viewportOutgrewEmulator: source=onViewportSizeChanged viewport_rows=24 emulator_rows=24 viewport_cols=80 emulator_cols=80 viewport_w=800 viewport_h=480 cell_w=10 cell_h=20 operandsReady=true → false
2026-08-21T04:20:01.028 [viewport] source=onViewportSizeChanged result resized=false outgrewGuard=false candidateRows=24 candidateCols=80 emulatorRows=24 emulatorCols=80
2026-08-21T04:20:01.028 [viewport] source=onRealViewportChanged oldW=800 oldH=480 newW=800 newH=480 viewportSeeded=true emulatorRows=24 emulatorCols=80
2026-08-21T04:20:01.028 [reflow] source=resume view_width_px=800 cell_width_px=10 derived_cols=80 last_sent_cols=80
2026-08-21T04:20:01.028 [viewport] viewportOutgrewEmulator: source=onRealViewportChanged viewport_rows=24 emulator_rows=24 viewport_cols=80 emulator_cols=80 viewport_w=800 viewport_h=480 cell_w=10 cell_h=20 operandsReady=true → false
2026-08-21T04:20:01.028 [viewport] source=onRealViewportChanged cellsDirty=false resume_rows=24 emulator_rows=24 resume_cols=80 emulator_cols=80 outgrew=false mismatch=false → false
2026-08-21T04:20:01.028 [viewport] source=onRealViewportChanged result resized=false outgrewGuard=false candidateRows=24 candidateCols=80 emulatorRows=24 emulatorCols=80
2026-08-21T04:20:35.607 [viewport] source=onViewportSizeChanged oldW=800 oldH=480 newW=800 newH=480 viewportSeeded=true emulatorRows=24 emulatorCols=80
2026-08-21T04:20:35.607 [viewport] viewportOutgrewEmulator: source=onViewportSizeChanged viewport_rows=24 emulator_rows=24 viewport_cols=80 emulator_cols=80 viewport_w=800 viewport_h=480 cell_w=10 cell_h=20 operandsReady=true → false
2026-08-21T04:20:35.607 [viewport] source=onViewportSizeChanged result resized=false outgrewGuard=false candidateRows=24 candidateCols=80 emulatorRows=24 emulatorCols=80
2026-08-21T04:20:35.607 [viewport] source=onRealViewportChanged oldW=800 oldH=480 newW=800 newH=480 viewportSeeded=true emulatorRows=24 emulatorCols=80
2026-08-21T04:20:35.607 [reflow] source=resume view_width_px=800 cell_width_px=10 derived_cols=80 last_sent_cols=80
2026-08-21T04:20:35.607 [viewport] viewportOutgrewEmulator: source=onRealViewportChanged viewport_rows=24 emulator_rows=24 viewport_cols=80 emulator_cols=80 viewport_w=800 viewport_h=480 cell_w=10 cell_h=20 operandsReady=true → false
2026-08-21T04:20:35.607 [viewport] source=onRealViewportChanged cellsDirty=false resume_rows=24 emulator_rows=24 resume_cols=80 emulator_cols=80 outgrew=false mismatch=false → false
2026-08-21T04:20:35.607 [viewport] source=onRealViewportChanged result resized=false outgrewGuard=false candidateRows=24 candidateCols=80 emulatorRows=24 emulatorCols=80
2026-08-21T04:21:10.713 [viewport] source=onViewportSizeChanged oldW=800 oldH=480 newW=800 newH=480 viewportSeeded=true emulatorRows=24 emulatorCols=80
2026-08-21T04:21:10.713 [viewport] viewportOutgrewEmulator: source=onViewportSizeChanged viewport_rows=24 emulator_rows=24 viewport_cols=80 emulator_cols=80 viewport_w=800 viewport_h=480 cell_w=10 cell_h=20 operandsReady=true → false
2026-08-21T04:21:10.713 [viewport] source=onViewportSizeChanged result resized=false outgrewGuard=false candidateRows=24 candidateCols=80 emulatorRows=24 emulatorCols=80
2026-08-21T04:21:10.713 [viewport] source=onRealViewportChanged oldW=800 oldH=480 newW=800 newH=480 viewportSeeded=true emulatorRows=24 emulatorCols=80
2026-08-21T04:21:10.713 [reflow] source=resume view_width_px=800 cell_width_px=10 derived_cols=80 last_sent_cols=80
2026-08-21T04:21:10.713 [viewport] viewportOutgrewEmulator: source=onRealViewportChanged viewport_rows=24 emulator_rows=24 viewport_cols=80 emulator_cols=80 viewport_w=800 viewport_h=480 cell_w=10 cell_h=20 operandsReady=true → false
2026-08-21T04:21:10.713 [viewport] source=onRealViewportChanged cellsDirty=false resume_rows=24 emulator_rows=24 resume_cols=80 emulator_cols=80 outgrew=false mismatch=false → false
2026-08-21T04:21:10.713 [viewport] source=onRealViewportChanged result resized=false outgrewGuard=false candidateRows=24 candidateCols=80 emulatorRows=24 emulatorCols=80
2026-08-21T04:21:40.858 [viewport] source=onViewportSizeChanged oldW=800 oldH=480 newW=800 newH=480 viewportSeeded=true emulatorRows=24 emulatorCols=80
2026-08-21T04:21:40.858 [viewport] viewportOutgrewEmulator: source=onViewportSizeChanged viewport_rows=24 emulator_rows=24 viewport_cols=80 emulator_cols=80 viewport_w=800 viewport_h=480 cell_w=10 cell_h=20 operandsReady=true → false
2026-08-21T04:21:40.858 [viewport] source=onViewportSizeChanged result resized=false outgrewGuard=false candidateRows=24 candidateCols=80 emulatorRows=24 emulatorCols=80
2026-08-21T04:21:40.858 [viewport] source=onRealViewportChanged oldW=800 oldH=480 newW=800 newH=480 viewportSeeded=true emulatorRows=24 emulatorCols=80
2026-08-21T04:21:40.858 [reflow] source=resume view_width_px=800 cell_width_px=10 derived_cols=80 last_sent_cols=80
2026-08-21T04:21:40.858 [viewport] viewportOutgrewEmulator: source=onRealViewportChanged viewport_rows=24 emulator_rows=24 viewport_cols=80 emulator_cols=80 viewport_w=800 viewport_h=480 cell_w=10 cell_h=20 operandsReady=true → false
2026-08-21T04:21:40.858 [viewport] source=onRealViewportChanged cellsDirty=false resume_rows=24 emulator_rows=24 resume_cols=80 emulator_cols=80 outgrew=false mismatch=false → false
2026-08-21T04:21:40.858 [viewport] source=onRealViewportChanged result resized=false outgrewGuard=false candidateRows=24 candidateCols=80 emulatorRows=24 emulatorCols=80
2026-08-21T04:23:04.519 [viewport] source=onViewportSizeChanged oldW=800 oldH=480 newW=800 newH=480 viewportSeeded=true emulatorRows=24 emulatorCols=80
2026-08-21T04:23:04.519 [viewport] viewportOutgrewEmulator: source=onViewportSizeChanged viewport_rows=24 emulator_rows=24 viewport_cols=80 emulator_cols=80 viewport_w=800 viewport_h=480 cell_w=10 cell_h=20 operandsReady=true → false
2026-08-21T04:23:04.519 [viewport] source=onViewportSizeChanged result resized=false outgrewGuard=false candidateRows=24 candidateCols=80 emulatorRows=24 emulatorCols=80
2026-08-21T04:23:04.519 [viewport] source=onRealViewportChanged oldW=800 oldH=480 newW=800 newH=480 viewportSeeded=true emulatorRows=24 emulatorCols=80
2026-08-21T04:23:04.519 [reflow] source=resume view_width_px=800 cell_width_px=10 derived_cols=80 last_sent_cols=80
2026-08-21T04:23:04.519 [viewport] viewportOutgrewEmulator: source=onRealViewportChanged viewport_rows=24 emulator_rows=24 viewport_cols=80 emulator_cols=80 viewport_w=800 viewport_h=480 cell_w=10 cell_h=20 operandsReady=true → false
2026-08-21T04:23:04.519 [viewport] source=onRealViewportChanged cellsDirty=false resume_rows=24 emulator_rows=24 resume_cols=80 emulator_cols=80 outgrew=false mismatch=false → false
2026-08-21T04:23:04.519 [viewport] source=onRealViewportChanged result resized=false outgrewGuard=false candidateRows=24 candidateCols=80 emulatorRows=24 emulatorCols=80
2026-08-21T04:23:44.438 [viewport] source=onViewportSizeChanged oldW=800 oldH=480 newW=800 newH=480 viewportSeeded=true emulatorRows=24 emulatorCols=80
2026-08-21T04:23:44.438 [viewport] viewportOutgrewEmulator: source=onViewportSizeChanged viewport_rows=24 emulator_rows=24 viewport_cols=80 emulator_cols=80 viewport_w=800 viewport_h=480 cell_w=10 cell_h=20 operandsReady=true → false
2026-08-21T04:23:44.438 [viewport] source=onViewportSizeChanged result resized=false outgrewGuard=false candidateRows=24 candidateCols=80 emulatorRows=24 emulatorCols=80
2026-08-21T04:23:44.438 [viewport] source=onRealViewportChanged oldW=800 oldH=480 newW=800 newH=480 viewportSeeded=true emulatorRows=24 emulatorCols=80
2026-08-21T04:23:44.438 [reflow] source=resume view_width_px=800 cell_width_px=10 derived_cols=80 last_sent_cols=80
2026-08-21T04:23:44.438 [viewport] viewportOutgrewEmulator: source=onRealViewportChanged viewport_rows=24 emulator_rows=24 viewport_cols=80 emulator_cols=80 viewport_w=800 viewport_h=480 cell_w=10 cell_h=20 operandsReady=true → false
2026-08-21T04:23:44.438 [viewport] source=onRealViewportChanged cellsDirty=false resume_rows=24 emulator_rows=24 resume_cols=80 emulator_cols=80 outgrew=false mismatch=false → false
2026-08-21T04:23:44.438 [viewport] source=onRealViewportChanged result resized=false outgrewGuard=false candidateRows=24 candidateCols=80 emulatorRows=24 emulatorCols=80
2026-08-21T06:30:38.582 [viewport] source=onViewportSizeChanged oldW=800 oldH=480 newW=800 newH=480 viewportSeeded=true emulatorRows=24 emulatorCols=80
2026-08-21T06:30:38.582 [viewport] viewportOutgrewEmulator: source=onViewportSizeChanged viewport_rows=24 emulator_rows=24 viewport_cols=80 emulator_cols=80 viewport_w=800 viewport_h=480 cell_w=10 cell_h=20 operandsReady=true → false
2026-08-21T06:30:38.582 [viewport] source=onViewportSizeChanged result resized=false outgrewGuard=false candidateRows=24 candidateCols=80 emulatorRows=24 emulatorCols=80
2026-08-21T06:30:38.582 [viewport] source=onRealViewportChanged oldW=800 oldH=480 newW=800 newH=480 viewportSeeded=true emulatorRows=24 emulatorCols=80
2026-08-21T06:30:38.582 [reflow] source=resume view_width_px=800 cell_width_px=10 derived_cols=80 last_sent_cols=80
2026-08-21T06:30:38.582 [viewport] viewportOutgrewEmulator: source=onRealViewportChanged viewport_rows=24 emulator_rows=24 viewport_cols=80 emulator_cols=80 viewport_w=800 viewport_h=480 cell_w=10 cell_h=20 operandsReady=true → false
2026-08-21T06:30:38.582 [viewport] source=onRealViewportChanged cellsDirty=false resume_rows=24 emulator_rows=24 resume_cols=80 emulator_cols=80 outgrew=false mismatch=false → false
2026-08-21T06:30:38.582 [viewport] source=onRealViewportChanged result resized=false outgrewGuard=false candidateRows=24 candidateCols=80 emulatorRows=24 emulatorCols=80
2026-08-21T06:31:16.604 [viewport] source=onViewportSizeChanged oldW=800 oldH=480 newW=800 newH=480 viewportSeeded=true emulatorRows=24 emulatorCols=80
2026-08-21T06:31:16.604 [viewport] viewportOutgrewEmulator: source=onViewportSizeChanged viewport_rows=24 emulator_rows=24 viewport_cols=80 emulator_cols=80 viewport_w=800 viewport_h=480 cell_w=10 cell_h=20 operandsReady=true → false
2026-08-21T06:31:16.604 [viewport] source=onViewportSizeChanged result resized=false outgrewGuard=false candidateRows=24 candidateCols=80 emulatorRows=24 emulatorCols=80
2026-08-21T06:31:16.604 [viewport] source=onRealViewportChanged oldW=800 oldH=480 newW=800 newH=480 viewportSeeded=true emulatorRows=24 emulatorCols=80
2026-08-21T06:31:16.604 [reflow] source=resume view_width_px=800 cell_width_px=10 derived_cols=80 last_sent_cols=80
2026-08-21T06:31:16.604 [viewport] viewportOutgrewEmulator: source=onRealViewportChanged viewport_rows=24 emulator_rows=24 viewport_cols=80 emulator_cols=80 viewport_w=800 viewport_h=480 cell_w=10 cell_h=20 operandsReady=true → false
2026-08-21T06:31:16.604 [viewport] source=onRealViewportChanged cellsDirty=false resume_rows=24 emulator_rows=24 resume_cols=80 emulator_cols=80 outgrew=false mismatch=false → false
2026-08-21T06:31:16.604 [viewport] source=onRealViewportChanged result resized=false outgrewGuard=false candidateRows=24 candidateCols=80 emulatorRows=24 emulatorCols=80
2026-08-21T06:31:58.268 [viewport] source=onViewportSizeChanged oldW=800 oldH=480 newW=800 newH=480 viewportSeeded=true emulatorRows=24 emulatorCols=80
2026-08-21T06:31:58.268 [viewport] viewportOutgrewEmulator: source=onViewportSizeChanged viewport_rows=24 emulator_rows=24 viewport_cols=80 emulator_cols=80 viewport_w=800 viewport_h=480 cell_w=10 cell_h=20 operandsReady=true → false
2026-08-21T06:31:58.268 [viewport] source=onViewportSizeChanged result resized=false outgrewGuard=false candidateRows=24 candidateCols=80 emulatorRows=24 emulatorCols=80
2026-08-21T06:31:58.268 [viewport] source=onRealViewportChanged oldW=800 oldH=480 newW=800 newH=480 viewportSeeded=true emulatorRows=24 emulatorCols=80
2026-08-21T06:31:58.268 [reflow] source=resume view_width_px=800 cell_width_px=10 derived_cols=80 last_sent_cols=80
2026-08-21T06:31:58.268 [viewport] viewportOutgrewEmulator: source=onRealViewportChanged viewport_rows=24 emulator_rows=24 viewport_cols=80 emulator_cols=80 viewport_w=800 viewport_h=480 cell_w=10 cell_h=20 operandsReady=true → false
2026-08-21T06:31:58.268 [viewport] source=onRealViewportChanged cellsDirty=false resume_rows=24 emulator_rows=24 resume_cols=80 emulator_cols=80 outgrew=false mismatch=false → false
2026-08-21T06:31:58.268 [viewport] source=onRealViewportChanged result resized=false outgrewGuard=false candidateRows=24 candidateCols=80 emulatorRows=24 emulatorCols=80
2026-08-21T06:32:34.794 [viewport] source=onViewportSizeChanged oldW=800 oldH=480 newW=800 newH=480 viewportSeeded=true emulatorRows=24 emulatorCols=80
2026-08-21T06:32:34.794 [viewport] viewportOutgrewEmulator: source=onViewportSizeChanged viewport_rows=24 emulator_rows=24 viewport_cols=80 emulator_cols=80 viewport_w=800 viewport_h=480 cell_w=10 cell_h=20 operandsReady=true → false
2026-08-21T06:32:34.794 [viewport] source=onViewportSizeChanged result resized=false outgrewGuard=false candidateRows=24 candidateCols=80 emulatorRows=24 emulatorCols=80
2026-08-21T06:32:34.794 [viewport] source=onRealViewportChanged oldW=800 oldH=480 newW=800 newH=480 viewportSeeded=true emulatorRows=24 emulatorCols=80
2026-08-21T06:32:34.794 [reflow] source=resume view_width_px=800 cell_width_px=10 derived_cols=80 last_sent_cols=80
2026-08-21T06:32:34.794 [viewport] viewportOutgrewEmulator: source=onRealViewportChanged viewport_rows=24 emulator_rows=24 viewport_cols=80 emulator_cols=80 viewport_w=800 viewport_h=480 cell_w=10 cell_h=20 operandsReady=true → false
2026-08-21T06:32:34.794 [viewport] source=onRealViewportChanged cellsDirty=false resume_rows=24 emulator_rows=24 resume_cols=80 emulator_cols=80 outgrew=false mismatch=false → false
2026-08-21T06:32:34.794 [viewport] source=onRealViewportChanged result resized=false outgrewGuard=false candidateRows=24 candidateCols=80 emulatorRows=24 emulatorCols=80
2026-08-21T06:33:14.946 [viewport] source=onViewportSizeChanged oldW=800 oldH=480 newW=800 newH=480 viewportSeeded=true emulatorRows=24 emulatorCols=80
2026-08-21T06:33:14.946 [viewport] viewportOutgrewEmulator: source=onViewportSizeChanged viewport_rows=24 emulator_rows=24 viewport_cols=80 emulator_cols=80 viewport_w=800 viewport_h=480 cell_w=10 cell_h=20 operandsReady=true → false
2026-08-21T06:33:14.946 [viewport] source=onViewportSizeChanged result resized=false outgrewGuard=false candidateRows=24 candidateCols=80 emulatorRows=24 emulatorCols=80
2026-08-21T06:33:14.946 [viewport] source=onRealViewportChanged oldW=800 oldH=480 newW=800 newH=480 viewportSeeded=true emulatorRows=24 emulatorCols=80
2026-08-21T06:33:14.946 [reflow] source=resume view_width_px=800 cell_width_px=10 derived_cols=80 last_sent_cols=80
2026-08-21T06:33:14.946 [viewport] viewportOutgrewEmulator: source=onRealViewportChanged viewport_rows=24 emulator_rows=24 viewport_cols=80 emulator_cols=80 viewport_w=800 viewport_h=480 cell_w=10 cell_h=20 operandsReady=true → false
2026-08-21T06:33:14.946 [viewport] source=onRealViewportChanged cellsDirty=false resume_rows=24 emulator_rows=24 resume_cols=80 emulator_cols=80 outgrew=false mismatch=false → false
2026-08-21T06:33:14.946 [viewport] source=onRealViewportChanged result resized=false outgrewGuard=false candidateRows=24 candidateCols=80 emulatorRows=24 emulatorCols=80
2026-08-21T06:33:49.809 [viewport] source=onViewportSizeChanged oldW=800 oldH=480 newW=800 newH=480 viewportSeeded=true emulatorRows=24 emulatorCols=80
2026-08-21T06:33:49.809 [viewport] viewportOutgrewEmulator: source=onViewportSizeChanged viewport_rows=24 emulator_rows=24 viewport_cols=80 emulator_cols=80 viewport_w=800 viewport_h=480 cell_w=10 cell_h=20 operandsReady=true → false
2026-08-21T06:33:49.809 [viewport] source=onViewportSizeChanged result resized=false outgrewGuard=false candidateRows=24 candidateCols=80 emulatorRows=24 emulatorCols=80
2026-08-21T06:33:49.809 [viewport] source=onRealViewportChanged oldW=800 oldH=480 newW=800 newH=480 viewportSeeded=true emulatorRows=24 emulatorCols=80
2026-08-21T06:33:49.809 [reflow] source=resume view_width_px=800 cell_width_px=10 derived_cols=80 last_sent_cols=80
2026-08-21T06:33:49.809 [viewport] viewportOutgrewEmulator: source=onRealViewportChanged viewport_rows=24 emulator_rows=24 viewport_cols=80 emulator_cols=80 viewport_w=800 viewport_h=480 cell_w=10 cell_h=20 operandsReady=true → false
2026-08-21T06:33:49.809 [viewport] source=onRealViewportChanged cellsDirty=false resume_rows=24 emulator_rows=24 resume_cols=80 emulator_cols=80 outgrew=false mismatch=false → false
2026-08-21T06:33:49.809 [viewport] source=onRealViewportChanged result resized=false outgrewGuard=false candidateRows=24 candidateCols=80 emulatorRows=24 emulatorCols=80
2026-08-21T06:34:24.036 [viewport] source=onViewportSizeChanged oldW=800 oldH=480 newW=800 newH=480 viewportSeeded=true emulatorRows=24 emulatorCols=80
2026-08-21T06:34:24.036 [viewport] viewportOutgrewEmulator: source=onViewportSizeChanged viewport_rows=24 emulator_rows=24 viewport_cols=80 emulator_cols=80 viewport_w=800 viewport_h=480 cell_w=10 cell_h=20 operandsReady=true → false
2026-08-21T06:34:24.036 [viewport] source=onViewportSizeChanged result resized=false outgrewGuard=false candidateRows=24 candidateCols=80 emulatorRows=24 emulatorCols=80
2026-08-21T06:34:24.036 [viewport] source=onRealViewportChanged oldW=800 oldH=480 newW=800 newH=480 viewportSeeded=true emulatorRows=24 emulatorCols=80
2026-08-21T06:34:24.036 [reflow] source=resume view_width_px=800 cell_width_px=10 derived_cols=80 last_sent_cols=80
2026-08-21T06:34:24.036 [viewport] viewportOutgrewEmulator: source=onRealViewportChanged viewport_rows=24 emulator_rows=24 viewport_cols=80 emulator_cols=80 viewport_w=800 viewport_h=480 cell_w=10 cell_h=20 operandsReady=true → false
2026-08-21T06:34:24.036 [viewport] source=onRealViewportChanged cellsDirty=false resume_rows=24 emulator_rows=24 resume_cols=80 emulator_cols=80 outgrew=false mismatch=false → false
2026-08-21T06:34:24.036 [viewport] source=onRealViewportChanged result resized=false outgrewGuard=false candidateRows=24 candidateCols=80 emulatorRows=24 emulatorCols=80
2026-08-21T06:34:54.148 [viewport] source=onViewportSizeChanged oldW=800 oldH=480 newW=800 newH=480 viewportSeeded=true emulatorRows=24 emulatorCols=80
2026-08-21T06:34:54.148 [viewport] viewportOutgrewEmulator: source=onViewportSizeChanged viewport_rows=24 emulator_rows=24 viewport_cols=80 emulator_cols=80 viewport_w=800 viewport_h=480 cell_w=10 cell_h=20 operandsReady=true → false
2026-08-21T06:34:54.148 [viewport] source=onViewportSizeChanged result resized=false outgrewGuard=false candidateRows=24 candidateCols=80 emulatorRows=24 emulatorCols=80
2026-08-21T06:34:54.148 [viewport] source=onRealViewportChanged oldW=800 oldH=480 newW=800 newH=480 viewportSeeded=true emulatorRows=24 emulatorCols=80
2026-08-21T06:34:54.148 [reflow] source=resume view_width_px=800 cell_width_px=10 derived_cols=80 last_sent_cols=80
2026-08-21T06:34:54.148 [viewport] viewportOutgrewEmulator: source=onRealViewportChanged viewport_rows=24 emulator_rows=24 viewport_cols=80 emulator_cols=80 viewport_w=800 viewport_h=480 cell_w=10 cell_h=20 operandsReady=true → false
2026-08-21T06:34:54.148 [viewport] source=onRealViewportChanged cellsDirty=false resume_rows=24 emulator_rows=24 resume_cols=80 emulator_cols=80 outgrew=false mismatch=false → false
2026-08-21T06:34:54.148 [viewport] source=onRealViewportChanged result resized=false outgrewGuard=false candidateRows=24 candidateCols=80 emulatorRows=24 emulatorCols=80
2026-08-21T06:36:18.478 [viewport] source=onViewportSizeChanged oldW=800 oldH=480 newW=800 newH=480 viewportSeeded=true emulatorRows=24 emulatorCols=80
2026-08-21T06:36:18.478 [viewport] viewportOutgrewEmulator: source=onViewportSizeChanged viewport_rows=24 emulator_rows=24 viewport_cols=80 emulator_cols=80 viewport_w=800 viewport_h=480 cell_w=10 cell_h=20 operandsReady=true → false
2026-08-21T06:36:18.478 [viewport] source=onViewportSizeChanged result resized=false outgrewGuard=false candidateRows=24 candidateCols=80 emulatorRows=24 emulatorCols=80
2026-08-21T06:36:18.478 [viewport] source=onRealViewportChanged oldW=800 oldH=480 newW=800 newH=480 viewportSeeded=true emulatorRows=24 emulatorCols=80
2026-08-21T06:36:18.478 [reflow] source=resume view_width_px=800 cell_width_px=10 derived_cols=80 last_sent_cols=80
2026-08-21T06:36:18.478 [viewport] viewportOutgrewEmulator: source=onRealViewportChanged viewport_rows=24 emulator_rows=24 viewport_cols=80 emulator_cols=80 viewport_w=800 viewport_h=480 cell_w=10 cell_h=20 operandsReady=true → false
2026-08-21T06:36:18.478 [viewport] source=onRealViewportChanged cellsDirty=false resume_rows=24 emulator_rows=24 resume_cols=80 emulator_cols=80 outgrew=false mismatch=false → false
2026-08-21T06:36:18.478 [viewport] source=onRealViewportChanged result resized=false outgrewGuard=false candidateRows=24 candidateCols=80 emulatorRows=24 emulatorCols=80
2026-08-21T06:36:58.986 [viewport] source=onViewportSizeChanged oldW=800 oldH=480 newW=800 newH=480 viewportSeeded=true emulatorRows=24 emulatorCols=80
2026-08-21T06:36:58.986 [viewport] viewportOutgrewEmulator: source=onViewportSizeChanged viewport_rows=24 emulator_rows=24 viewport_cols=80 emulator_cols=80 viewport_w=800 viewport_h=480 cell_w=10 cell_h=20 operandsReady=true → false
2026-08-21T06:36:58.986 [viewport] source=onViewportSizeChanged result resized=false outgrewGuard=false candidateRows=24 candidateCols=80 emulatorRows=24 emulatorCols=80
2026-08-21T06:36:58.986 [viewport] source=onRealViewportChanged oldW=800 oldH=480 newW=800 newH=480 viewportSeeded=true emulatorRows=24 emulatorCols=80
2026-08-21T06:36:58.986 [reflow] source=resume view_width_px=800 cell_width_px=10 derived_cols=80 last_sent_cols=80
2026-08-21T06:36:58.986 [viewport] viewportOutgrewEmulator: source=onRealViewportChanged viewport_rows=24 emulator_rows=24 viewport_cols=80 emulator_cols=80 viewport_w=800 viewport_h=480 cell_w=10 cell_h=20 operandsReady=true → false
2026-08-21T06:36:58.986 [viewport] source=onRealViewportChanged cellsDirty=false resume_rows=24 emulator_rows=24 resume_cols=80 emulator_cols=80 outgrew=false mismatch=false → false
2026-08-21T06:36:58.986 [viewport] source=onRealViewportChanged result resized=false outgrewGuard=false candidateRows=24 candidateCols=80 emulatorRows=24 emulatorCols=80
2026-08-21T06:37:38.461 [viewport] source=onViewportSizeChanged oldW=800 oldH=480 newW=800 newH=480 viewportSeeded=true emulatorRows=24 emulatorCols=80
2026-08-21T06:37:38.461 [viewport] viewportOutgrewEmulator: source=onViewportSizeChanged viewport_rows=24 emulator_rows=24 viewport_cols=80 emulator_cols=80 viewport_w=800 viewport_h=480 cell_w=10 cell_h=20 operandsReady=true → false
2026-08-21T06:37:38.461 [viewport] source=onViewportSizeChanged result resized=false outgrewGuard=false candidateRows=24 candidateCols=80 emulatorRows=24 emulatorCols=80
2026-08-21T06:37:38.461 [viewport] source=onRealViewportChanged oldW=800 oldH=480 newW=800 newH=480 viewportSeeded=true emulatorRows=24 emulatorCols=80
2026-08-21T06:37:38.461 [reflow] source=resume view_width_px=800 cell_width_px=10 derived_cols=80 last_sent_cols=80
2026-08-21T06:37:38.461 [viewport] viewportOutgrewEmulator: source=onRealViewportChanged viewport_rows=24 emulator_rows=24 viewport_cols=80 emulator_cols=80 viewport_w=800 viewport_h=480 cell_w=10 cell_h=20 operandsReady=true → false
2026-08-21T06:37:38.461 [viewport] source=onRealViewportChanged cellsDirty=false resume_rows=24 emulator_rows=24 resume_cols=80 emulator_cols=80 outgrew=false mismatch=false → false
2026-08-21T06:37:38.461 [viewport] source=onRealViewportChanged result resized=false outgrewGuard=false candidateRows=24 candidateCols=80 emulatorRows=24 emulatorCols=80
2026-08-21T06:38:14.045 [viewport] source=onViewportSizeChanged oldW=800 oldH=480 newW=800 newH=480 viewportSeeded=true emulatorRows=24 emulatorCols=80
2026-08-21T06:38:14.045 [viewport] viewportOutgrewEmulator: source=onViewportSizeChanged viewport_rows=24 emulator_rows=24 viewport_cols=80 emulator_cols=80 viewport_w=800 viewport_h=480 cell_w=10 cell_h=20 operandsReady=true → false
2026-08-21T06:38:14.045 [viewport] source=onViewportSizeChanged result resized=false outgrewGuard=false candidateRows=24 candidateCols=80 emulatorRows=24 emulatorCols=80
2026-08-21T06:38:14.045 [viewport] source=onRealViewportChanged oldW=800 oldH=480 newW=800 newH=480 viewportSeeded=true emulatorRows=24 emulatorCols=80
2026-08-21T06:38:14.045 [reflow] source=resume view_width_px=800 cell_width_px=10 derived_cols=80 last_sent_cols=80
2026-08-21T06:38:14.045 [viewport] viewportOutgrewEmulator: source=onRealViewportChanged viewport_rows=24 emulator_rows=24 viewport_cols=80 emulator_cols=80 viewport_w=800 viewport_h=480 cell_w=10 cell_h=20 operandsReady=true → false
2026-08-21T06:38:14.045 [viewport] source=onRealViewportChanged cellsDirty=false resume_rows=24 emulator_rows=24 resume_cols=80 emulator_cols=80 outgrew=false mismatch=false → false
2026-08-21T06:38:14.045 [viewport] source=onRealViewportChanged result resized=false outgrewGuard=false candidateRows=24 candidateCols=80 emulatorRows=24 emulatorCols=80
2026-08-21T06:39:20.726 [viewport] source=onViewportSizeChanged oldW=800 oldH=480 newW=800 newH=480 viewportSeeded=true emulatorRows=24 emulatorCols=80
2026-08-21T06:39:20.726 [viewport] viewportOutgrewEmulator: source=onViewportSizeChanged viewport_rows=24 emulator_rows=24 viewport_cols=80 emulator_cols=80 viewport_w=800 viewport_h=480 cell_w=10 cell_h=20 operandsReady=true → false
2026-08-21T06:39:20.726 [viewport] source=onViewportSizeChanged result resized=false outgrewGuard=false candidateRows=24 candidateCols=80 emulatorRows=24 emulatorCols=80
2026-08-21T06:39:20.726 [viewport] source=onRealViewportChanged oldW=800 oldH=480 newW=800 newH=480 viewportSeeded=true emulatorRows=24 emulatorCols=80
2026-08-21T06:39:20.726 [reflow] source=resume view_width_px=800 cell_width_px=10 derived_cols=80 last_sent_cols=80
2026-08-21T06:39:20.726 [viewport] viewportOutgrewEmulator: source=onRealViewportChanged viewport_rows=24 emulator_rows=24 viewport_cols=80 emulator_cols=80 viewport_w=800 viewport_h=480 cell_w=10 cell_h=20 operandsReady=true → false
2026-08-21T06:39:20.726 [viewport] source=onRealViewportChanged cellsDirty=false resume_rows=24 emulator_rows=24 resume_cols=80 emulator_cols=80 outgrew=false mismatch=false → false
2026-08-21T06:39:20.726 [viewport] source=onRealViewportChanged result resized=false outgrewGuard=false candidateRows=24 candidateCols=80 emulatorRows=24 emulatorCols=80
2026-08-21T06:39:55.292 [viewport] source=onViewportSizeChanged oldW=800 oldH=480 newW=800 newH=480 viewportSeeded=true emulatorRows=24 emulatorCols=80
2026-08-21T06:39:55.292 [viewport] viewportOutgrewEmulator: source=onViewportSizeChanged viewport_rows=24 emulator_rows=24 viewport_cols=80 emulator_cols=80 viewport_w=800 viewport_h=480 cell_w=10 cell_h=20 operandsReady=true → false
2026-08-21T06:39:55.292 [viewport] source=onViewportSizeChanged result resized=false outgrewGuard=false candidateRows=24 candidateCols=80 emulatorRows=24 emulatorCols=80
2026-08-21T06:39:55.292 [viewport] source=onRealViewportChanged oldW=800 oldH=480 newW=800 newH=480 viewportSeeded=true emulatorRows=24 emulatorCols=80
2026-08-21T06:39:55.292 [reflow] source=resume view_width_px=800 cell_width_px=10 derived_cols=80 last_sent_cols=80
2026-08-21T06:39:55.292 [viewport] viewportOutgrewEmulator: source=onRealViewportChanged viewport_rows=24 emulator_rows=24 viewport_cols=80 emulator_cols=80 viewport_w=800 viewport_h=480 cell_w=10 cell_h=20 operandsReady=true → false
2026-08-21T06:39:55.292 [viewport] source=onRealViewportChanged cellsDirty=false resume_rows=24 emulator_rows=24 resume_cols=80 emulator_cols=80 outgrew=false mismatch=false → false
2026-08-21T06:39:55.292 [viewport] source=onRealViewportChanged result resized=false outgrewGuard=false candidateRows=24 candidateCols=80 emulatorRows=24 emulatorCols=80
2026-08-21T06:40:31.440 [viewport] source=onViewportSizeChanged oldW=800 oldH=480 newW=800 newH=480 viewportSeeded=true emulatorRows=24 emulatorCols=80
2026-08-21T06:40:31.440 [viewport] viewportOutgrewEmulator: source=onViewportSizeChanged viewport_rows=24 emulator_rows=24 viewport_cols=80 emulator_cols=80 viewport_w=800 viewport_h=480 cell_w=10 cell_h=20 operandsReady=true → false
2026-08-21T06:40:31.440 [viewport] source=onViewportSizeChanged result resized=false outgrewGuard=false candidateRows=24 candidateCols=80 emulatorRows=24 emulatorCols=80
2026-08-21T06:40:31.440 [viewport] source=onRealViewportChanged oldW=800 oldH=480 newW=800 newH=480 viewportSeeded=true emulatorRows=24 emulatorCols=80
2026-08-21T06:40:31.440 [reflow] source=resume view_width_px=800 cell_width_px=10 derived_cols=80 last_sent_cols=80
2026-08-21T06:40:31.440 [viewport] viewportOutgrewEmulator: source=onRealViewportChanged viewport_rows=24 emulator_rows=24 viewport_cols=80 emulator_cols=80 viewport_w=800 viewport_h=480 cell_w=10 cell_h=20 operandsReady=true → false
2026-08-21T06:40:31.440 [viewport] source=onRealViewportChanged cellsDirty=false resume_rows=24 emulator_rows=24 resume_cols=80 emulator_cols=80 outgrew=false mismatch=false → false
2026-08-21T06:40:31.440 [viewport] source=onRealViewportChanged result resized=false outgrewGuard=false candidateRows=24 candidateCols=80 emulatorRows=24 emulatorCols=80
2026-08-21T06:41:03.397 [viewport] source=onViewportSizeChanged oldW=800 oldH=480 newW=800 newH=480 viewportSeeded=true emulatorRows=24 emulatorCols=80
2026-08-21T06:41:03.397 [viewport] viewportOutgrewEmulator: source=onViewportSizeChanged viewport_rows=24 emulator_rows=24 viewport_cols=80 emulator_cols=80 viewport_w=800 viewport_h=480 cell_w=10 cell_h=20 operandsReady=true → false
2026-08-21T06:41:03.397 [viewport] source=onViewportSizeChanged result resized=false outgrewGuard=false candidateRows=24 candidateCols=80 emulatorRows=24 emulatorCols=80
2026-08-21T06:41:03.397 [viewport] source=onRealViewportChanged oldW=800 oldH=480 newW=800 newH=480 viewportSeeded=true emulatorRows=24 emulatorCols=80
2026-08-21T06:41:03.397 [reflow] source=resume view_width_px=800 cell_width_px=10 derived_cols=80 last_sent_cols=80
2026-08-21T06:41:03.397 [viewport] viewportOutgrewEmulator: source=onRealViewportChanged viewport_rows=24 emulator_rows=24 viewport_cols=80 emulator_cols=80 viewport_w=800 viewport_h=480 cell_w=10 cell_h=20 operandsReady=true → false
2026-08-21T06:41:03.397 [viewport] source=onRealViewportChanged cellsDirty=false resume_rows=24 emulator_rows=24 resume_cols=80 emulator_cols=80 outgrew=false mismatch=false → false
2026-08-21T06:41:03.397 [viewport] source=onRealViewportChanged result resized=false outgrewGuard=false candidateRows=24 candidateCols=80 emulatorRows=24 emulatorCols=80
2026-08-21T06:41:43.132 [viewport] source=onViewportSizeChanged oldW=800 oldH=480 newW=800 newH=480 viewportSeeded=true emulatorRows=24 emulatorCols=80
2026-08-21T06:41:43.132 [viewport] viewportOutgrewEmulator: source=onViewportSizeChanged viewport_rows=24 emulator_rows=24 viewport_cols=80 emulator_cols=80 viewport_w=800 viewport_h=480 cell_w=10 cell_h=20 operandsReady=true → false
2026-08-21T06:41:43.132 [viewport] source=onViewportSizeChanged result resized=false outgrewGuard=false candidateRows=24 candidateCols=80 emulatorRows=24 emulatorCols=80
2026-08-21T06:41:43.132 [viewport] source=onRealViewportChanged oldW=800 oldH=480 newW=800 newH=480 viewportSeeded=true emulatorRows=24 emulatorCols=80
2026-08-21T06:41:43.132 [reflow] source=resume view_width_px=800 cell_width_px=10 derived_cols=80 last_sent_cols=80
2026-08-21T06:41:43.132 [viewport] viewportOutgrewEmulator: source=onRealViewportChanged viewport_rows=24 emulator_rows=24 viewport_cols=80 emulator_cols=80 viewport_w=800 viewport_h=480 cell_w=10 cell_h=20 operandsReady=true → false
2026-08-21T06:41:43.132 [viewport] source=onRealViewportChanged cellsDirty=false resume_rows=24 emulator_rows=24 resume_cols=80 emulator_cols=80 outgrew=false mismatch=false → false
2026-08-21T06:41:43.132 [viewport] source=onRealViewportChanged result resized=false outgrewGuard=false candidateRows=24 candidateCols=80 emulatorRows=24 emulatorCols=80
2026-08-21T06:42:17.466 [viewport] source=onViewportSizeChanged oldW=800 oldH=480 newW=800 newH=480 viewportSeeded=true emulatorRows=24 emulatorCols=80
2026-08-21T06:42:17.466 [viewport] viewportOutgrewEmulator: source=onViewportSizeChanged viewport_rows=24 emulator_rows=24 viewport_cols=80 emulator_cols=80 viewport_w=800 viewport_h=480 cell_w=10 cell_h=20 operandsReady=true → false
2026-08-21T06:42:17.466 [viewport] source=onViewportSizeChanged result resized=false outgrewGuard=false candidateRows=24 candidateCols=80 emulatorRows=24 emulatorCols=80
2026-08-21T06:42:17.466 [viewport] source=onRealViewportChanged oldW=800 oldH=480 newW=800 newH=480 viewportSeeded=true emulatorRows=24 emulatorCols=80
2026-08-21T06:42:17.466 [reflow] source=resume view_width_px=800 cell_width_px=10 derived_cols=80 last_sent_cols=80
2026-08-21T06:42:17.466 [viewport] viewportOutgrewEmulator: source=onRealViewportChanged viewport_rows=24 emulator_rows=24 viewport_cols=80 emulator_cols=80 viewport_w=800 viewport_h=480 cell_w=10 cell_h=20 operandsReady=true → false
2026-08-21T06:42:17.466 [viewport] source=onRealViewportChanged cellsDirty=false resume_rows=24 emulator_rows=24 resume_cols=80 emulator_cols=80 outgrew=false mismatch=false → false
2026-08-21T06:42:17.466 [viewport] source=onRealViewportChanged result resized=false outgrewGuard=false candidateRows=24 candidateCols=80 emulatorRows=24 emulatorCols=80
2026-08-21T06:42:51.930 [viewport] source=onViewportSizeChanged oldW=800 oldH=480 newW=800 newH=480 viewportSeeded=true emulatorRows=24 emulatorCols=80
2026-08-21T06:42:51.930 [viewport] viewportOutgrewEmulator: source=onViewportSizeChanged viewport_rows=24 emulator_rows=24 viewport_cols=80 emulator_cols=80 viewport_w=800 viewport_h=480 cell_w=10 cell_h=20 operandsReady=true → false
2026-08-21T06:42:51.930 [viewport] source=onViewportSizeChanged result resized=false outgrewGuard=false candidateRows=24 candidateCols=80 emulatorRows=24 emulatorCols=80
2026-08-21T06:42:51.930 [viewport] source=onRealViewportChanged oldW=800 oldH=480 newW=800 newH=480 viewportSeeded=true emulatorRows=24 emulatorCols=80
2026-08-21T06:42:51.930 [reflow] source=resume view_width_px=800 cell_width_px=10 derived_cols=80 last_sent_cols=80
2026-08-21T06:42:51.930 [viewport] viewportOutgrewEmulator: source=onRealViewportChanged viewport_rows=24 emulator_rows=24 viewport_cols=80 emulator_cols=80 viewport_w=800 viewport_h=480 cell_w=10 cell_h=20 operandsReady=true → false
2026-08-21T06:42:51.930 [viewport] source=onRealViewportChanged cellsDirty=false resume_rows=24 emulator_rows=24 resume_cols=80 emulator_cols=80 outgrew=false mismatch=false → false
2026-08-21T06:42:51.930 [viewport] source=onRealViewportChanged result resized=false outgrewGuard=false candidateRows=24 candidateCols=80 emulatorRows=24 emulatorCols=80
2026-08-21T06:43:22.129 [viewport] source=onViewportSizeChanged oldW=800 oldH=480 newW=800 newH=480 viewportSeeded=true emulatorRows=24 emulatorCols=80
2026-08-21T06:43:22.129 [viewport] viewportOutgrewEmulator: source=onViewportSizeChanged viewport_rows=24 emulator_rows=24 viewport_cols=80 emulator_cols=80 viewport_w=800 viewport_h=480 cell_w=10 cell_h=20 operandsReady=true → false
2026-08-21T06:43:22.129 [viewport] source=onViewportSizeChanged result resized=false outgrewGuard=false candidateRows=24 candidateCols=80 emulatorRows=24 emulatorCols=80
2026-08-21T06:43:22.129 [viewport] source=onRealViewportChanged oldW=800 oldH=480 newW=800 newH=480 viewportSeeded=true emulatorRows=24 emulatorCols=80
2026-08-21T06:43:22.129 [reflow] source=resume view_width_px=800 cell_width_px=10 derived_cols=80 last_sent_cols=80
2026-08-21T06:43:22.129 [viewport] viewportOutgrewEmulator: source=onRealViewportChanged viewport_rows=24 emulator_rows=24 viewport_cols=80 emulator_cols=80 viewport_w=800 viewport_h=480 cell_w=10 cell_h=20 operandsReady=true → false
2026-08-21T06:43:22.129 [viewport] source=onRealViewportChanged cellsDirty=false resume_rows=24 emulator_rows=24 resume_cols=80 emulator_cols=80 outgrew=false mismatch=false → false
2026-08-21T06:43:22.129 [viewport] source=onRealViewportChanged result resized=false outgrewGuard=false candidateRows=24 candidateCols=80 emulatorRows=24 emulatorCols=80
2026-08-21T06:44:47.089 [viewport] source=onViewportSizeChanged oldW=800 oldH=480 newW=800 newH=480 viewportSeeded=true emulatorRows=24 emulatorCols=80
2026-08-21T06:44:47.089 [viewport] viewportOutgrewEmulator: source=onViewportSizeChanged viewport_rows=24 emulator_rows=24 viewport_cols=80 emulator_cols=80 viewport_w=800 viewport_h=480 cell_w=10 cell_h=20 operandsReady=true → false
2026-08-21T06:44:47.089 [viewport] source=onViewportSizeChanged result resized=false outgrewGuard=false candidateRows=24 candidateCols=80 emulatorRows=24 emulatorCols=80
2026-08-21T06:44:47.089 [viewport] source=onRealViewportChanged oldW=800 oldH=480 newW=800 newH=480 viewportSeeded=true emulatorRows=24 emulatorCols=80
2026-08-21T06:44:47.089 [reflow] source=resume view_width_px=800 cell_width_px=10 derived_cols=80 last_sent_cols=80
2026-08-21T06:44:47.089 [viewport] viewportOutgrewEmulator: source=onRealViewportChanged viewport_rows=24 emulator_rows=24 viewport_cols=80 emulator_cols=80 viewport_w=800 viewport_h=480 cell_w=10 cell_h=20 operandsReady=true → false
2026-08-21T06:44:47.089 [viewport] source=onRealViewportChanged cellsDirty=false resume_rows=24 emulator_rows=24 resume_cols=80 emulator_cols=80 outgrew=false mismatch=false → false
2026-08-21T06:44:47.089 [viewport] source=onRealViewportChanged result resized=false outgrewGuard=false candidateRows=24 candidateCols=80 emulatorRows=24 emulatorCols=80
2026-08-21T06:45:27.141 [viewport] source=onViewportSizeChanged oldW=800 oldH=480 newW=800 newH=480 viewportSeeded=true emulatorRows=24 emulatorCols=80
2026-08-21T06:45:27.141 [viewport] viewportOutgrewEmulator: source=onViewportSizeChanged viewport_rows=24 emulator_rows=24 viewport_cols=80 emulator_cols=80 viewport_w=800 viewport_h=480 cell_w=10 cell_h=20 operandsReady=true → false
2026-08-21T06:45:27.141 [viewport] source=onViewportSizeChanged result resized=false outgrewGuard=false candidateRows=24 candidateCols=80 emulatorRows=24 emulatorCols=80
2026-08-21T06:45:27.141 [viewport] source=onRealViewportChanged oldW=800 oldH=480 newW=800 newH=480 viewportSeeded=true emulatorRows=24 emulatorCols=80
2026-08-21T06:45:27.141 [reflow] source=resume view_width_px=800 cell_width_px=10 derived_cols=80 last_sent_cols=80
2026-08-21T06:45:27.141 [viewport] viewportOutgrewEmulator: source=onRealViewportChanged viewport_rows=24 emulator_rows=24 viewport_cols=80 emulator_cols=80 viewport_w=800 viewport_h=480 cell_w=10 cell_h=20 operandsReady=true → false
2026-08-21T06:45:27.141 [viewport] source=onRealViewportChanged cellsDirty=false resume_rows=24 emulator_rows=24 resume_cols=80 emulator_cols=80 outgrew=false mismatch=false → false
2026-08-21T06:45:27.141 [viewport] source=onRealViewportChanged result resized=false outgrewGuard=false candidateRows=24 candidateCols=80 emulatorRows=24 emulatorCols=80
2026-08-21T06:46:06.456 [viewport] source=onViewportSizeChanged oldW=800 oldH=480 newW=800 newH=480 viewportSeeded=true emulatorRows=24 emulatorCols=80
2026-08-21T06:46:06.456 [viewport] viewportOutgrewEmulator: source=onViewportSizeChanged viewport_rows=24 emulator_rows=24 viewport_cols=80 emulator_cols=80 viewport_w=800 viewport_h=480 cell_w=10 cell_h=20 operandsReady=true → false
2026-08-21T06:46:06.456 [viewport] source=onViewportSizeChanged result resized=false outgrewGuard=false candidateRows=24 candidateCols=80 emulatorRows=24 emulatorCols=80
2026-08-21T06:46:06.456 [viewport] source=onRealViewportChanged oldW=800 oldH=480 newW=800 newH=480 viewportSeeded=true emulatorRows=24 emulatorCols=80
2026-08-21T06:46:06.456 [reflow] source=resume view_width_px=800 cell_width_px=10 derived_cols=80 last_sent_cols=80
2026-08-21T06:46:06.456 [viewport] viewportOutgrewEmulator: source=onRealViewportChanged viewport_rows=24 emulator_rows=24 viewport_cols=80 emulator_cols=80 viewport_w=800 viewport_h=480 cell_w=10 cell_h=20 operandsReady=true → false
2026-08-21T06:46:06.456 [viewport] source=onRealViewportChanged cellsDirty=false resume_rows=24 emulator_rows=24 resume_cols=80 emulator_cols=80 outgrew=false mismatch=false → false
2026-08-21T06:46:06.456 [viewport] source=onRealViewportChanged result resized=false outgrewGuard=false candidateRows=24 candidateCols=80 emulatorRows=24 emulatorCols=80
2026-08-21T06:46:41.057 [viewport] source=onViewportSizeChanged oldW=800 oldH=480 newW=800 newH=480 viewportSeeded=true emulatorRows=24 emulatorCols=80
2026-08-21T06:46:41.057 [viewport] viewportOutgrewEmulator: source=onViewportSizeChanged viewport_rows=24 emulator_rows=24 viewport_cols=80 emulator_cols=80 viewport_w=800 viewport_h=480 cell_w=10 cell_h=20 operandsReady=true → false
2026-08-21T06:46:41.057 [viewport] source=onViewportSizeChanged result resized=false outgrewGuard=false candidateRows=24 candidateCols=80 emulatorRows=24 emulatorCols=80
2026-08-21T06:46:41.057 [viewport] source=onRealViewportChanged oldW=800 oldH=480 newW=800 newH=480 viewportSeeded=true emulatorRows=24 emulatorCols=80
2026-08-21T06:46:41.057 [reflow] source=resume view_width_px=800 cell_width_px=10 derived_cols=80 last_sent_cols=80
2026-08-21T06:46:41.057 [viewport] viewportOutgrewEmulator: source=onRealViewportChanged viewport_rows=24 emulator_rows=24 viewport_cols=80 emulator_cols=80 viewport_w=800 viewport_h=480 cell_w=10 cell_h=20 operandsReady=true → false
2026-08-21T06:46:41.057 [viewport] source=onRealViewportChanged cellsDirty=false resume_rows=24 emulator_rows=24 resume_cols=80 emulator_cols=80 outgrew=false mismatch=false → false
2026-08-21T06:46:41.057 [viewport] source=onRealViewportChanged result resized=false outgrewGuard=false candidateRows=24 candidateCols=80 emulatorRows=24 emulatorCols=80
2026-08-21T06:47:42.869 [viewport] source=onViewportSizeChanged oldW=800 oldH=480 newW=800 newH=480 viewportSeeded=true emulatorRows=24 emulatorCols=80
2026-08-21T06:47:42.869 [viewport] viewportOutgrewEmulator: source=onViewportSizeChanged viewport_rows=24 emulator_rows=24 viewport_cols=80 emulator_cols=80 viewport_w=800 viewport_h=480 cell_w=10 cell_h=20 operandsReady=true → false
2026-08-21T06:47:42.869 [viewport] source=onViewportSizeChanged result resized=false outgrewGuard=false candidateRows=24 candidateCols=80 emulatorRows=24 emulatorCols=80
2026-08-21T06:47:42.869 [viewport] source=onRealViewportChanged oldW=800 oldH=480 newW=800 newH=480 viewportSeeded=true emulatorRows=24 emulatorCols=80
2026-08-21T06:47:42.869 [reflow] source=resume view_width_px=800 cell_width_px=10 derived_cols=80 last_sent_cols=80
2026-08-21T06:47:42.869 [viewport] viewportOutgrewEmulator: source=onRealViewportChanged viewport_rows=24 emulator_rows=24 viewport_cols=80 emulator_cols=80 viewport_w=800 viewport_h=480 cell_w=10 cell_h=20 operandsReady=true → false
2026-08-21T06:47:42.869 [viewport] source=onRealViewportChanged cellsDirty=false resume_rows=24 emulator_rows=24 resume_cols=80 emulator_cols=80 outgrew=false mismatch=false → false
2026-08-21T06:47:42.869 [viewport] source=onRealViewportChanged result resized=false outgrewGuard=false candidateRows=24 candidateCols=80 emulatorRows=24 emulatorCols=80
2026-08-21T06:48:17.268 [viewport] source=onViewportSizeChanged oldW=800 oldH=480 newW=800 newH=480 viewportSeeded=true emulatorRows=24 emulatorCols=80
2026-08-21T06:48:17.268 [viewport] viewportOutgrewEmulator: source=onViewportSizeChanged viewport_rows=24 emulator_rows=24 viewport_cols=80 emulator_cols=80 viewport_w=800 viewport_h=480 cell_w=10 cell_h=20 operandsReady=true → false
2026-08-21T06:48:17.268 [viewport] source=onViewportSizeChanged result resized=false outgrewGuard=false candidateRows=24 candidateCols=80 emulatorRows=24 emulatorCols=80
2026-08-21T06:48:17.268 [viewport] source=onRealViewportChanged oldW=800 oldH=480 newW=800 newH=480 viewportSeeded=true emulatorRows=24 emulatorCols=80
2026-08-21T06:48:17.268 [reflow] source=resume view_width_px=800 cell_width_px=10 derived_cols=80 last_sent_cols=80
2026-08-21T06:48:17.268 [viewport] viewportOutgrewEmulator: source=onRealViewportChanged viewport_rows=24 emulator_rows=24 viewport_cols=80 emulator_cols=80 viewport_w=800 viewport_h=480 cell_w=10 cell_h=20 operandsReady=true → false
2026-08-21T06:48:17.268 [viewport] source=onRealViewportChanged cellsDirty=false resume_rows=24 emulator_rows=24 resume_cols=80 emulator_cols=80 outgrew=false mismatch=false → false
2026-08-21T06:48:17.268 [viewport] source=onRealViewportChanged result resized=false outgrewGuard=false candidateRows=24 candidateCols=80 emulatorRows=24 emulatorCols=80
2026-08-21T06:48:53.026 [viewport] source=onViewportSizeChanged oldW=800 oldH=480 newW=800 newH=480 viewportSeeded=true emulatorRows=24 emulatorCols=80
2026-08-21T06:48:53.026 [viewport] viewportOutgrewEmulator: source=onViewportSizeChanged viewport_rows=24 emulator_rows=24 viewport_cols=80 emulator_cols=80 viewport_w=800 viewport_h=480 cell_w=10 cell_h=20 operandsReady=true → false
2026-08-21T06:48:53.026 [viewport] source=onViewportSizeChanged result resized=false outgrewGuard=false candidateRows=24 candidateCols=80 emulatorRows=24 emulatorCols=80
2026-08-21T06:48:53.026 [viewport] source=onRealViewportChanged oldW=800 oldH=480 newW=800 newH=480 viewportSeeded=true emulatorRows=24 emulatorCols=80
2026-08-21T06:48:53.026 [reflow] source=resume view_width_px=800 cell_width_px=10 derived_cols=80 last_sent_cols=80
2026-08-21T06:48:53.026 [viewport] viewportOutgrewEmulator: source=onRealViewportChanged viewport_rows=24 emulator_rows=24 viewport_cols=80 emulator_cols=80 viewport_w=800 viewport_h=480 cell_w=10 cell_h=20 operandsReady=true → false
2026-08-21T06:48:53.026 [viewport] source=onRealViewportChanged cellsDirty=false resume_rows=24 emulator_rows=24 resume_cols=80 emulator_cols=80 outgrew=false mismatch=false → false
2026-08-21T06:48:53.026 [viewport] source=onRealViewportChanged result resized=false outgrewGuard=false candidateRows=24 candidateCols=80 emulatorRows=24 emulatorCols=80
2026-08-21T06:49:25.082 [viewport] source=onViewportSizeChanged oldW=800 oldH=480 newW=800 newH=480 viewportSeeded=true emulatorRows=24 emulatorCols=80
2026-08-21T06:49:25.082 [viewport] viewportOutgrewEmulator: source=onViewportSizeChanged viewport_rows=24 emulator_rows=24 viewport_cols=80 emulator_cols=80 viewport_w=800 viewport_h=480 cell_w=10 cell_h=20 operandsReady=true → false
2026-08-21T06:49:25.082 [viewport] source=onViewportSizeChanged result resized=false outgrewGuard=false candidateRows=24 candidateCols=80 emulatorRows=24 emulatorCols=80
2026-08-21T06:49:25.082 [viewport] source=onRealViewportChanged oldW=800 oldH=480 newW=800 newH=480 viewportSeeded=true emulatorRows=24 emulatorCols=80
2026-08-21T06:49:25.082 [reflow] source=resume view_width_px=800 cell_width_px=10 derived_cols=80 last_sent_cols=80
2026-08-21T06:49:25.082 [viewport] viewportOutgrewEmulator: source=onRealViewportChanged viewport_rows=24 emulator_rows=24 viewport_cols=80 emulator_cols=80 viewport_w=800 viewport_h=480 cell_w=10 cell_h=20 operandsReady=true → false
2026-08-21T06:49:25.082 [viewport] source=onRealViewportChanged cellsDirty=false resume_rows=24 emulator_rows=24 resume_cols=80 emulator_cols=80 outgrew=false mismatch=false → false
2026-08-21T06:49:25.082 [viewport] source=onRealViewportChanged result resized=false outgrewGuard=false candidateRows=24 candidateCols=80 emulatorRows=24 emulatorCols=80
2026-08-21T06:50:04.913 [viewport] source=onViewportSizeChanged oldW=800 oldH=480 newW=800 newH=480 viewportSeeded=true emulatorRows=24 emulatorCols=80
2026-08-21T06:50:04.913 [viewport] viewportOutgrewEmulator: source=onViewportSizeChanged viewport_rows=24 emulator_rows=24 viewport_cols=80 emulator_cols=80 viewport_w=800 viewport_h=480 cell_w=10 cell_h=20 operandsReady=true → false
2026-08-21T06:50:04.913 [viewport] source=onViewportSizeChanged result resized=false outgrewGuard=false candidateRows=24 candidateCols=80 emulatorRows=24 emulatorCols=80
2026-08-21T06:50:04.913 [viewport] source=onRealViewportChanged oldW=800 oldH=480 newW=800 newH=480 viewportSeeded=true emulatorRows=24 emulatorCols=80
2026-08-21T06:50:04.913 [reflow] source=resume view_width_px=800 cell_width_px=10 derived_cols=80 last_sent_cols=80
2026-08-21T06:50:04.913 [viewport] viewportOutgrewEmulator: source=onRealViewportChanged viewport_rows=24 emulator_rows=24 viewport_cols=80 emulator_cols=80 viewport_w=800 viewport_h=480 cell_w=10 cell_h=20 operandsReady=true → false
2026-08-21T06:50:04.913 [viewport] source=onRealViewportChanged cellsDirty=false resume_rows=24 emulator_rows=24 resume_cols=80 emulator_cols=80 outgrew=false mismatch=false → false
2026-08-21T06:50:04.913 [viewport] source=onRealViewportChanged result resized=false outgrewGuard=false candidateRows=24 candidateCols=80 emulatorRows=24 emulatorCols=80
2026-08-21T06:50:39.160 [viewport] source=onViewportSizeChanged oldW=800 oldH=480 newW=800 newH=480 viewportSeeded=true emulatorRows=24 emulatorCols=80
2026-08-21T06:50:39.160 [viewport] viewportOutgrewEmulator: source=onViewportSizeChanged viewport_rows=24 emulator_rows=24 viewport_cols=80 emulator_cols=80 viewport_w=800 viewport_h=480 cell_w=10 cell_h=20 operandsReady=true → false
2026-08-21T06:50:39.160 [viewport] source=onViewportSizeChanged result resized=false outgrewGuard=false candidateRows=24 candidateCols=80 emulatorRows=24 emulatorCols=80
2026-08-21T06:50:39.160 [viewport] source=onRealViewportChanged oldW=800 oldH=480 newW=800 newH=480 viewportSeeded=true emulatorRows=24 emulatorCols=80
2026-08-21T06:50:39.160 [reflow] source=resume view_width_px=800 cell_width_px=10 derived_cols=80 last_sent_cols=80
2026-08-21T06:50:39.160 [viewport] viewportOutgrewEmulator: source=onRealViewportChanged viewport_rows=24 emulator_rows=24 viewport_cols=80 emulator_cols=80 viewport_w=800 viewport_h=480 cell_w=10 cell_h=20 operandsReady=true → false
2026-08-21T06:50:39.160 [viewport] source=onRealViewportChanged cellsDirty=false resume_rows=24 emulator_rows=24 resume_cols=80 emulator_cols=80 outgrew=false mismatch=false → false
2026-08-21T06:50:39.160 [viewport] source=onRealViewportChanged result resized=false outgrewGuard=false candidateRows=24 candidateCols=80 emulatorRows=24 emulatorCols=80
2026-08-21T06:51:13.552 [viewport] source=onViewportSizeChanged oldW=800 oldH=480 newW=800 newH=480 viewportSeeded=true emulatorRows=24 emulatorCols=80
2026-08-21T06:51:13.552 [viewport] viewportOutgrewEmulator: source=onViewportSizeChanged viewport_rows=24 emulator_rows=24 viewport_cols=80 emulator_cols=80 viewport_w=800 viewport_h=480 cell_w=10 cell_h=20 operandsReady=true → false
2026-08-21T06:51:13.552 [viewport] source=onViewportSizeChanged result resized=false outgrewGuard=false candidateRows=24 candidateCols=80 emulatorRows=24 emulatorCols=80
2026-08-21T06:51:13.552 [viewport] source=onRealViewportChanged oldW=800 oldH=480 newW=800 newH=480 viewportSeeded=true emulatorRows=24 emulatorCols=80
2026-08-21T06:51:13.552 [reflow] source=resume view_width_px=800 cell_width_px=10 derived_cols=80 last_sent_cols=80
2026-08-21T06:51:13.552 [viewport] viewportOutgrewEmulator: source=onRealViewportChanged viewport_rows=24 emulator_rows=24 viewport_cols=80 emulator_cols=80 viewport_w=800 viewport_h=480 cell_w=10 cell_h=20 operandsReady=true → false
2026-08-21T06:51:13.552 [viewport] source=onRealViewportChanged cellsDirty=false resume_rows=24 emulator_rows=24 resume_cols=80 emulator_cols=80 outgrew=false mismatch=false → false
2026-08-21T06:51:13.552 [viewport] source=onRealViewportChanged result resized=false outgrewGuard=false candidateRows=24 candidateCols=80 emulatorRows=24 emulatorCols=80
2026-08-21T06:51:43.994 [viewport] source=onViewportSizeChanged oldW=800 oldH=480 newW=800 newH=480 viewportSeeded=true emulatorRows=24 emulatorCols=80
2026-08-21T06:51:43.994 [viewport] viewportOutgrewEmulator: source=onViewportSizeChanged viewport_rows=24 emulator_rows=24 viewport_cols=80 emulator_cols=80 viewport_w=800 viewport_h=480 cell_w=10 cell_h=20 operandsReady=true → false
2026-08-21T06:51:43.994 [viewport] source=onViewportSizeChanged result resized=false outgrewGuard=false candidateRows=24 candidateCols=80 emulatorRows=24 emulatorCols=80
2026-08-21T06:51:43.994 [viewport] source=onRealViewportChanged oldW=800 oldH=480 newW=800 newH=480 viewportSeeded=true emulatorRows=24 emulatorCols=80
2026-08-21T06:51:43.994 [reflow] source=resume view_width_px=800 cell_width_px=10 derived_cols=80 last_sent_cols=80
2026-08-21T06:51:43.994 [viewport] viewportOutgrewEmulator: source=onRealViewportChanged viewport_rows=24 emulator_rows=24 viewport_cols=80 emulator_cols=80 viewport_w=800 viewport_h=480 cell_w=10 cell_h=20 operandsReady=true → false
2026-08-21T06:51:43.994 [viewport] source=onRealViewportChanged cellsDirty=false resume_rows=24 emulator_rows=24 resume_cols=80 emulator_cols=80 outgrew=false mismatch=false → false
2026-08-21T06:51:43.994 [viewport] source=onRealViewportChanged result resized=false outgrewGuard=false candidateRows=24 candidateCols=80 emulatorRows=24 emulatorCols=80
2026-08-21T06:53:07.238 [viewport] source=onViewportSizeChanged oldW=800 oldH=480 newW=800 newH=480 viewportSeeded=true emulatorRows=24 emulatorCols=80
2026-08-21T06:53:07.238 [viewport] viewportOutgrewEmulator: source=onViewportSizeChanged viewport_rows=24 emulator_rows=24 viewport_cols=80 emulator_cols=80 viewport_w=800 viewport_h=480 cell_w=10 cell_h=20 operandsReady=true → false
2026-08-21T06:53:07.238 [viewport] source=onViewportSizeChanged result resized=false outgrewGuard=false candidateRows=24 candidateCols=80 emulatorRows=24 emulatorCols=80
2026-08-21T06:53:07.238 [viewport] source=onRealViewportChanged oldW=800 oldH=480 newW=800 newH=480 viewportSeeded=true emulatorRows=24 emulatorCols=80
2026-08-21T06:53:07.238 [reflow] source=resume view_width_px=800 cell_width_px=10 derived_cols=80 last_sent_cols=80
2026-08-21T06:53:07.238 [viewport] viewportOutgrewEmulator: source=onRealViewportChanged viewport_rows=24 emulator_rows=24 viewport_cols=80 emulator_cols=80 viewport_w=800 viewport_h=480 cell_w=10 cell_h=20 operandsReady=true → false
2026-08-21T06:53:07.238 [viewport] source=onRealViewportChanged cellsDirty=false resume_rows=24 emulator_rows=24 resume_cols=80 emulator_cols=80 outgrew=false mismatch=false → false
2026-08-21T06:53:07.238 [viewport] source=onRealViewportChanged result resized=false outgrewGuard=false candidateRows=24 candidateCols=80 emulatorRows=24 emulatorCols=80
2026-08-21T06:53:47.045 [viewport] source=onViewportSizeChanged oldW=800 oldH=480 newW=800 newH=480 viewportSeeded=true emulatorRows=24 emulatorCols=80
2026-08-21T06:53:47.045 [viewport] viewportOutgrewEmulator: source=onViewportSizeChanged viewport_rows=24 emulator_rows=24 viewport_cols=80 emulator_cols=80 viewport_w=800 viewport_h=480 cell_w=10 cell_h=20 operandsReady=true → false
2026-08-21T06:53:47.045 [viewport] source=onViewportSizeChanged result resized=false outgrewGuard=false candidateRows=24 candidateCols=80 emulatorRows=24 emulatorCols=80
2026-08-21T06:53:47.045 [viewport] source=onRealViewportChanged oldW=800 oldH=480 newW=800 newH=480 viewportSeeded=true emulatorRows=24 emulatorCols=80
2026-08-21T06:53:47.045 [reflow] source=resume view_width_px=800 cell_width_px=10 derived_cols=80 last_sent_cols=80
2026-08-21T06:53:47.045 [viewport] viewportOutgrewEmulator: source=onRealViewportChanged viewport_rows=24 emulator_rows=24 viewport_cols=80 emulator_cols=80 viewport_w=800 viewport_h=480 cell_w=10 cell_h=20 operandsReady=true → false
2026-08-21T06:53:47.045 [viewport] source=onRealViewportChanged cellsDirty=false resume_rows=24 emulator_rows=24 resume_cols=80 emulator_cols=80 outgrew=false mismatch=false → false
2026-08-21T06:53:47.045 [viewport] source=onRealViewportChanged result resized=false outgrewGuard=false candidateRows=24 candidateCols=80 emulatorRows=24 emulatorCols=80
2026-08-21T06:54:25.467 [viewport] source=onViewportSizeChanged oldW=800 oldH=480 newW=800 newH=480 viewportSeeded=true emulatorRows=24 emulatorCols=80
2026-08-21T06:54:25.467 [viewport] viewportOutgrewEmulator: source=onViewportSizeChanged viewport_rows=24 emulator_rows=24 viewport_cols=80 emulator_cols=80 viewport_w=800 viewport_h=480 cell_w=10 cell_h=20 operandsReady=true → false
2026-08-21T06:54:25.467 [viewport] source=onViewportSizeChanged result resized=false outgrewGuard=false candidateRows=24 candidateCols=80 emulatorRows=24 emulatorCols=80
2026-08-21T06:54:25.467 [viewport] source=onRealViewportChanged oldW=800 oldH=480 newW=800 newH=480 viewportSeeded=true emulatorRows=24 emulatorCols=80
2026-08-21T06:54:25.467 [reflow] source=resume view_width_px=800 cell_width_px=10 derived_cols=80 last_sent_cols=80
2026-08-21T06:54:25.467 [viewport] viewportOutgrewEmulator: source=onRealViewportChanged viewport_rows=24 emulator_rows=24 viewport_cols=80 emulator_cols=80 viewport_w=800 viewport_h=480 cell_w=10 cell_h=20 operandsReady=true → false
2026-08-21T06:54:25.467 [viewport] source=onRealViewportChanged cellsDirty=false resume_rows=24 emulator_rows=24 resume_cols=80 emulator_cols=80 outgrew=false mismatch=false → false
2026-08-21T06:54:25.467 [viewport] source=onRealViewportChanged result resized=false outgrewGuard=false candidateRows=24 candidateCols=80 emulatorRows=24 emulatorCols=80
2026-08-21T06:54:59.898 [viewport] source=onViewportSizeChanged oldW=800 oldH=480 newW=800 newH=480 viewportSeeded=true emulatorRows=24 emulatorCols=80
2026-08-21T06:54:59.898 [viewport] viewportOutgrewEmulator: source=onViewportSizeChanged viewport_rows=24 emulator_rows=24 viewport_cols=80 emulator_cols=80 viewport_w=800 viewport_h=480 cell_w=10 cell_h=20 operandsReady=true → false
2026-08-21T06:54:59.898 [viewport] source=onViewportSizeChanged result resized=false outgrewGuard=false candidateRows=24 candidateCols=80 emulatorRows=24 emulatorCols=80
2026-08-21T06:54:59.898 [viewport] source=onRealViewportChanged oldW=800 oldH=480 newW=800 newH=480 viewportSeeded=true emulatorRows=24 emulatorCols=80
2026-08-21T06:54:59.898 [reflow] source=resume view_width_px=800 cell_width_px=10 derived_cols=80 last_sent_cols=80
2026-08-21T06:54:59.898 [viewport] viewportOutgrewEmulator: source=onRealViewportChanged viewport_rows=24 emulator_rows=24 viewport_cols=80 emulator_cols=80 viewport_w=800 viewport_h=480 cell_w=10 cell_h=20 operandsReady=true → false
2026-08-21T06:54:59.898 [viewport] source=onRealViewportChanged cellsDirty=false resume_rows=24 emulator_rows=24 resume_cols=80 emulator_cols=80 outgrew=false mismatch=false → false
2026-08-21T06:54:59.898 [viewport] source=onRealViewportChanged result resized=false outgrewGuard=false candidateRows=24 candidateCols=80 emulatorRows=24 emulatorCols=80
2026-08-21T08:26:03.270 [viewport] source=onViewportSizeChanged oldW=800 oldH=480 newW=800 newH=480 viewportSeeded=true emulatorRows=24 emulatorCols=80
2026-08-21T08:26:03.270 [viewport] viewportOutgrewEmulator: source=onViewportSizeChanged viewport_rows=24 emulator_rows=24 viewport_cols=80 emulator_cols=80 viewport_w=800 viewport_h=480 cell_w=10 cell_h=20 operandsReady=true → false
2026-08-21T08:26:03.270 [viewport] source=onViewportSizeChanged result resized=false outgrewGuard=false candidateRows=24 candidateCols=80 emulatorRows=24 emulatorCols=80
2026-08-21T08:26:03.270 [viewport] source=onRealViewportChanged oldW=800 oldH=480 newW=800 newH=480 viewportSeeded=true emulatorRows=24 emulatorCols=80
2026-08-21T08:26:03.270 [reflow] source=resume view_width_px=800 cell_width_px=10 derived_cols=80 last_sent_cols=80
2026-08-21T08:26:03.270 [viewport] viewportOutgrewEmulator: source=onRealViewportChanged viewport_rows=24 emulator_rows=24 viewport_cols=80 emulator_cols=80 viewport_w=800 viewport_h=480 cell_w=10 cell_h=20 operandsReady=true → false
2026-08-21T08:26:03.270 [viewport] source=onRealViewportChanged cellsDirty=false resume_rows=24 emulator_rows=24 resume_cols=80 emulator_cols=80 outgrew=false mismatch=false → false
2026-08-21T08:26:03.270 [viewport] source=onRealViewportChanged result resized=false outgrewGuard=false candidateRows=24 candidateCols=80 emulatorRows=24 emulatorCols=80
2026-08-21T08:26:38.034 [viewport] source=onViewportSizeChanged oldW=800 oldH=480 newW=800 newH=480 viewportSeeded=true emulatorRows=24 emulatorCols=80
2026-08-21T08:26:38.034 [viewport] viewportOutgrewEmulator: source=onViewportSizeChanged viewport_rows=24 emulator_rows=24 viewport_cols=80 emulator_cols=80 viewport_w=800 viewport_h=480 cell_w=10 cell_h=20 operandsReady=true → false
2026-08-21T08:26:38.034 [viewport] source=onViewportSizeChanged result resized=false outgrewGuard=false candidateRows=24 candidateCols=80 emulatorRows=24 emulatorCols=80
2026-08-21T08:26:38.034 [viewport] source=onRealViewportChanged oldW=800 oldH=480 newW=800 newH=480 viewportSeeded=true emulatorRows=24 emulatorCols=80
2026-08-21T08:26:38.034 [reflow] source=resume view_width_px=800 cell_width_px=10 derived_cols=80 last_sent_cols=80
2026-08-21T08:26:38.034 [viewport] viewportOutgrewEmulator: source=onRealViewportChanged viewport_rows=24 emulator_rows=24 viewport_cols=80 emulator_cols=80 viewport_w=800 viewport_h=480 cell_w=10 cell_h=20 operandsReady=true → false
2026-08-21T08:26:38.034 [viewport] source=onRealViewportChanged cellsDirty=false resume_rows=24 emulator_rows=24 resume_cols=80 emulator_cols=80 outgrew=false mismatch=false → false
2026-08-21T08:26:38.034 [viewport] source=onRealViewportChanged result resized=false outgrewGuard=false candidateRows=24 candidateCols=80 emulatorRows=24 emulatorCols=80
2026-08-21T08:27:14.674 [viewport] source=onViewportSizeChanged oldW=800 oldH=480 newW=800 newH=480 viewportSeeded=true emulatorRows=24 emulatorCols=80
2026-08-21T08:27:14.674 [viewport] viewportOutgrewEmulator: source=onViewportSizeChanged viewport_rows=24 emulator_rows=24 viewport_cols=80 emulator_cols=80 viewport_w=800 viewport_h=480 cell_w=10 cell_h=20 operandsReady=true → false
2026-08-21T08:27:14.674 [viewport] source=onViewportSizeChanged result resized=false outgrewGuard=false candidateRows=24 candidateCols=80 emulatorRows=24 emulatorCols=80
2026-08-21T08:27:14.674 [viewport] source=onRealViewportChanged oldW=800 oldH=480 newW=800 newH=480 viewportSeeded=true emulatorRows=24 emulatorCols=80
2026-08-21T08:27:14.674 [reflow] source=resume view_width_px=800 cell_width_px=10 derived_cols=80 last_sent_cols=80
2026-08-21T08:27:14.675 [viewport] viewportOutgrewEmulator: source=onRealViewportChanged viewport_rows=24 emulator_rows=24 viewport_cols=80 emulator_cols=80 viewport_w=800 viewport_h=480 cell_w=10 cell_h=20 operandsReady=true → false
2026-08-21T08:27:14.675 [viewport] source=onRealViewportChanged cellsDirty=false resume_rows=24 emulator_rows=24 resume_cols=80 emulator_cols=80 outgrew=false mismatch=false → false
2026-08-21T08:27:14.675 [viewport] source=onRealViewportChanged result resized=false outgrewGuard=false candidateRows=24 candidateCols=80 emulatorRows=24 emulatorCols=80
2026-08-21T08:27:46.697 [viewport] source=onViewportSizeChanged oldW=800 oldH=480 newW=800 newH=480 viewportSeeded=true emulatorRows=24 emulatorCols=80
2026-08-21T08:27:46.697 [viewport] viewportOutgrewEmulator: source=onViewportSizeChanged viewport_rows=24 emulator_rows=24 viewport_cols=80 emulator_cols=80 viewport_w=800 viewport_h=480 cell_w=10 cell_h=20 operandsReady=true → false
2026-08-21T08:27:46.697 [viewport] source=onViewportSizeChanged result resized=false outgrewGuard=false candidateRows=24 candidateCols=80 emulatorRows=24 emulatorCols=80
2026-08-21T08:27:46.697 [viewport] source=onRealViewportChanged oldW=800 oldH=480 newW=800 newH=480 viewportSeeded=true emulatorRows=24 emulatorCols=80
2026-08-21T08:27:46.697 [reflow] source=resume view_width_px=800 cell_width_px=10 derived_cols=80 last_sent_cols=80
2026-08-21T08:27:46.697 [viewport] viewportOutgrewEmulator: source=onRealViewportChanged viewport_rows=24 emulator_rows=24 viewport_cols=80 emulator_cols=80 viewport_w=800 viewport_h=480 cell_w=10 cell_h=20 operandsReady=true → false
2026-08-21T08:27:46.697 [viewport] source=onRealViewportChanged cellsDirty=false resume_rows=24 emulator_rows=24 resume_cols=80 emulator_cols=80 outgrew=false mismatch=false → false
2026-08-21T08:27:46.697 [viewport] source=onRealViewportChanged result resized=false outgrewGuard=false candidateRows=24 candidateCols=80 emulatorRows=24 emulatorCols=80
2026-08-21T08:28:25.909 [viewport] source=onViewportSizeChanged oldW=800 oldH=480 newW=800 newH=480 viewportSeeded=true emulatorRows=24 emulatorCols=80
2026-08-21T08:28:25.909 [viewport] viewportOutgrewEmulator: source=onViewportSizeChanged viewport_rows=24 emulator_rows=24 viewport_cols=80 emulator_cols=80 viewport_w=800 viewport_h=480 cell_w=10 cell_h=20 operandsReady=true → false
2026-08-21T08:28:25.909 [viewport] source=onViewportSizeChanged result resized=false outgrewGuard=false candidateRows=24 candidateCols=80 emulatorRows=24 emulatorCols=80
2026-08-21T08:28:25.909 [viewport] source=onRealViewportChanged oldW=800 oldH=480 newW=800 newH=480 viewportSeeded=true emulatorRows=24 emulatorCols=80
2026-08-21T08:28:25.909 [reflow] source=resume view_width_px=800 cell_width_px=10 derived_cols=80 last_sent_cols=80
2026-08-21T08:28:25.909 [viewport] viewportOutgrewEmulator: source=onRealViewportChanged viewport_rows=24 emulator_rows=24 viewport_cols=80 emulator_cols=80 viewport_w=800 viewport_h=480 cell_w=10 cell_h=20 operandsReady=true → false
2026-08-21T08:28:25.909 [viewport] source=onRealViewportChanged cellsDirty=false resume_rows=24 emulator_rows=24 resume_cols=80 emulator_cols=80 outgrew=false mismatch=false → false
2026-08-21T08:28:25.909 [viewport] source=onRealViewportChanged result resized=false outgrewGuard=false candidateRows=24 candidateCols=80 emulatorRows=24 emulatorCols=80
2026-08-21T08:29:00.377 [viewport] source=onViewportSizeChanged oldW=800 oldH=480 newW=800 newH=480 viewportSeeded=true emulatorRows=24 emulatorCols=80
2026-08-21T08:29:00.377 [viewport] viewportOutgrewEmulator: source=onViewportSizeChanged viewport_rows=24 emulator_rows=24 viewport_cols=80 emulator_cols=80 viewport_w=800 viewport_h=480 cell_w=10 cell_h=20 operandsReady=true → false
2026-08-21T08:29:00.377 [viewport] source=onViewportSizeChanged result resized=false outgrewGuard=false candidateRows=24 candidateCols=80 emulatorRows=24 emulatorCols=80
2026-08-21T08:29:00.377 [viewport] source=onRealViewportChanged oldW=800 oldH=480 newW=800 newH=480 viewportSeeded=true emulatorRows=24 emulatorCols=80
2026-08-21T08:29:00.377 [reflow] source=resume view_width_px=800 cell_width_px=10 derived_cols=80 last_sent_cols=80
2026-08-21T08:29:00.377 [viewport] viewportOutgrewEmulator: source=onRealViewportChanged viewport_rows=24 emulator_rows=24 viewport_cols=80 emulator_cols=80 viewport_w=800 viewport_h=480 cell_w=10 cell_h=20 operandsReady=true → false
2026-08-21T08:29:00.377 [viewport] source=onRealViewportChanged cellsDirty=false resume_rows=24 emulator_rows=24 resume_cols=80 emulator_cols=80 outgrew=false mismatch=false → false
2026-08-21T08:29:00.377 [viewport] source=onRealViewportChanged result resized=false outgrewGuard=false candidateRows=24 candidateCols=80 emulatorRows=24 emulatorCols=80
2026-08-21T08:29:34.671 [viewport] source=onViewportSizeChanged oldW=800 oldH=480 newW=800 newH=480 viewportSeeded=true emulatorRows=24 emulatorCols=80
2026-08-21T08:29:34.671 [viewport] viewportOutgrewEmulator: source=onViewportSizeChanged viewport_rows=24 emulator_rows=24 viewport_cols=80 emulator_cols=80 viewport_w=800 viewport_h=480 cell_w=10 cell_h=20 operandsReady=true → false
2026-08-21T08:29:34.671 [viewport] source=onViewportSizeChanged result resized=false outgrewGuard=false candidateRows=24 candidateCols=80 emulatorRows=24 emulatorCols=80
2026-08-21T08:29:34.671 [viewport] source=onRealViewportChanged oldW=800 oldH=480 newW=800 newH=480 viewportSeeded=true emulatorRows=24 emulatorCols=80
2026-08-21T08:29:34.671 [reflow] source=resume view_width_px=800 cell_width_px=10 derived_cols=80 last_sent_cols=80
2026-08-21T08:29:34.671 [viewport] viewportOutgrewEmulator: source=onRealViewportChanged viewport_rows=24 emulator_rows=24 viewport_cols=80 emulator_cols=80 viewport_w=800 viewport_h=480 cell_w=10 cell_h=20 operandsReady=true → false
2026-08-21T08:29:34.671 [viewport] source=onRealViewportChanged cellsDirty=false resume_rows=24 emulator_rows=24 resume_cols=80 emulator_cols=80 outgrew=false mismatch=false → false
2026-08-21T08:29:34.671 [viewport] source=onRealViewportChanged result resized=false outgrewGuard=false candidateRows=24 candidateCols=80 emulatorRows=24 emulatorCols=80
2026-08-21T08:30:04.677 [viewport] source=onViewportSizeChanged oldW=800 oldH=480 newW=800 newH=480 viewportSeeded=true emulatorRows=24 emulatorCols=80
2026-08-21T08:30:04.677 [viewport] viewportOutgrewEmulator: source=onViewportSizeChanged viewport_rows=24 emulator_rows=24 viewport_cols=80 emulator_cols=80 viewport_w=800 viewport_h=480 cell_w=10 cell_h=20 operandsReady=true → false
2026-08-21T08:30:04.677 [viewport] source=onViewportSizeChanged result resized=false outgrewGuard=false candidateRows=24 candidateCols=80 emulatorRows=24 emulatorCols=80
2026-08-21T08:30:04.677 [viewport] source=onRealViewportChanged oldW=800 oldH=480 newW=800 newH=480 viewportSeeded=true emulatorRows=24 emulatorCols=80
2026-08-21T08:30:04.677 [reflow] source=resume view_width_px=800 cell_width_px=10 derived_cols=80 last_sent_cols=80
2026-08-21T08:30:04.677 [viewport] viewportOutgrewEmulator: source=onRealViewportChanged viewport_rows=24 emulator_rows=24 viewport_cols=80 emulator_cols=80 viewport_w=800 viewport_h=480 cell_w=10 cell_h=20 operandsReady=true → false
2026-08-21T08:30:04.677 [viewport] source=onRealViewportChanged cellsDirty=false resume_rows=24 emulator_rows=24 resume_cols=80 emulator_cols=80 outgrew=false mismatch=false → false
2026-08-21T08:30:04.677 [viewport] source=onRealViewportChanged result resized=false outgrewGuard=false candidateRows=24 candidateCols=80 emulatorRows=24 emulatorCols=80
2026-08-21T08:31:28.099 [viewport] source=onViewportSizeChanged oldW=800 oldH=480 newW=800 newH=480 viewportSeeded=true emulatorRows=24 emulatorCols=80
2026-08-21T08:31:28.099 [viewport] viewportOutgrewEmulator: source=onViewportSizeChanged viewport_rows=24 emulator_rows=24 viewport_cols=80 emulator_cols=80 viewport_w=800 viewport_h=480 cell_w=10 cell_h=20 operandsReady=true → false
2026-08-21T08:31:28.099 [viewport] source=onViewportSizeChanged result resized=false outgrewGuard=false candidateRows=24 candidateCols=80 emulatorRows=24 emulatorCols=80
2026-08-21T08:31:28.099 [viewport] source=onRealViewportChanged oldW=800 oldH=480 newW=800 newH=480 viewportSeeded=true emulatorRows=24 emulatorCols=80
2026-08-21T08:31:28.099 [reflow] source=resume view_width_px=800 cell_width_px=10 derived_cols=80 last_sent_cols=80
2026-08-21T08:31:28.099 [viewport] viewportOutgrewEmulator: source=onRealViewportChanged viewport_rows=24 emulator_rows=24 viewport_cols=80 emulator_cols=80 viewport_w=800 viewport_h=480 cell_w=10 cell_h=20 operandsReady=true → false
2026-08-21T08:31:28.099 [viewport] source=onRealViewportChanged cellsDirty=false resume_rows=24 emulator_rows=24 resume_cols=80 emulator_cols=80 outgrew=false mismatch=false → false
2026-08-21T08:31:28.099 [viewport] source=onRealViewportChanged result resized=false outgrewGuard=false candidateRows=24 candidateCols=80 emulatorRows=24 emulatorCols=80
2026-08-21T08:32:07.607 [viewport] source=onViewportSizeChanged oldW=800 oldH=480 newW=800 newH=480 viewportSeeded=true emulatorRows=24 emulatorCols=80
2026-08-21T08:32:07.607 [viewport] viewportOutgrewEmulator: source=onViewportSizeChanged viewport_rows=24 emulator_rows=24 viewport_cols=80 emulator_cols=80 viewport_w=800 viewport_h=480 cell_w=10 cell_h=20 operandsReady=true → false
2026-08-21T08:32:07.607 [viewport] source=onViewportSizeChanged result resized=false outgrewGuard=false candidateRows=24 candidateCols=80 emulatorRows=24 emulatorCols=80
2026-08-21T08:32:07.607 [viewport] source=onRealViewportChanged oldW=800 oldH=480 newW=800 newH=480 viewportSeeded=true emulatorRows=24 emulatorCols=80
2026-08-21T08:32:07.607 [reflow] source=resume view_width_px=800 cell_width_px=10 derived_cols=80 last_sent_cols=80
2026-08-21T08:32:07.607 [viewport] viewportOutgrewEmulator: source=onRealViewportChanged viewport_rows=24 emulator_rows=24 viewport_cols=80 emulator_cols=80 viewport_w=800 viewport_h=480 cell_w=10 cell_h=20 operandsReady=true → false
2026-08-21T08:32:07.607 [viewport] source=onRealViewportChanged cellsDirty=false resume_rows=24 emulator_rows=24 resume_cols=80 emulator_cols=80 outgrew=false mismatch=false → false
2026-08-21T08:32:07.607 [viewport] source=onRealViewportChanged result resized=false outgrewGuard=false candidateRows=24 candidateCols=80 emulatorRows=24 emulatorCols=80
2026-08-21T08:32:46.485 [viewport] source=onViewportSizeChanged oldW=800 oldH=480 newW=800 newH=480 viewportSeeded=true emulatorRows=24 emulatorCols=80
2026-08-21T08:32:46.485 [viewport] viewportOutgrewEmulator: source=onViewportSizeChanged viewport_rows=24 emulator_rows=24 viewport_cols=80 emulator_cols=80 viewport_w=800 viewport_h=480 cell_w=10 cell_h=20 operandsReady=true → false
2026-08-21T08:32:46.485 [viewport] source=onViewportSizeChanged result resized=false outgrewGuard=false candidateRows=24 candidateCols=80 emulatorRows=24 emulatorCols=80
2026-08-21T08:32:46.485 [viewport] source=onRealViewportChanged oldW=800 oldH=480 newW=800 newH=480 viewportSeeded=true emulatorRows=24 emulatorCols=80
2026-08-21T08:32:46.485 [reflow] source=resume view_width_px=800 cell_width_px=10 derived_cols=80 last_sent_cols=80
2026-08-21T08:32:46.485 [viewport] viewportOutgrewEmulator: source=onRealViewportChanged viewport_rows=24 emulator_rows=24 viewport_cols=80 emulator_cols=80 viewport_w=800 viewport_h=480 cell_w=10 cell_h=20 operandsReady=true → false
2026-08-21T08:32:46.485 [viewport] source=onRealViewportChanged cellsDirty=false resume_rows=24 emulator_rows=24 resume_cols=80 emulator_cols=80 outgrew=false mismatch=false → false
2026-08-21T08:32:46.485 [viewport] source=onRealViewportChanged result resized=false outgrewGuard=false candidateRows=24 candidateCols=80 emulatorRows=24 emulatorCols=80
2026-08-21T08:33:21.121 [viewport] source=onViewportSizeChanged oldW=800 oldH=480 newW=800 newH=480 viewportSeeded=true emulatorRows=24 emulatorCols=80
2026-08-21T08:33:21.121 [viewport] viewportOutgrewEmulator: source=onViewportSizeChanged viewport_rows=24 emulator_rows=24 viewport_cols=80 emulator_cols=80 viewport_w=800 viewport_h=480 cell_w=10 cell_h=20 operandsReady=true → false
2026-08-21T08:33:21.121 [viewport] source=onViewportSizeChanged result resized=false outgrewGuard=false candidateRows=24 candidateCols=80 emulatorRows=24 emulatorCols=80
2026-08-21T08:33:21.121 [viewport] source=onRealViewportChanged oldW=800 oldH=480 newW=800 newH=480 viewportSeeded=true emulatorRows=24 emulatorCols=80
2026-08-21T08:33:21.121 [reflow] source=resume view_width_px=800 cell_width_px=10 derived_cols=80 last_sent_cols=80
2026-08-21T08:33:21.121 [viewport] viewportOutgrewEmulator: source=onRealViewportChanged viewport_rows=24 emulator_rows=24 viewport_cols=80 emulator_cols=80 viewport_w=800 viewport_h=480 cell_w=10 cell_h=20 operandsReady=true → false
2026-08-21T08:33:21.121 [viewport] source=onRealViewportChanged cellsDirty=false resume_rows=24 emulator_rows=24 resume_cols=80 emulator_cols=80 outgrew=false mismatch=false → false
2026-08-21T08:33:21.121 [viewport] source=onRealViewportChanged result resized=false outgrewGuard=false candidateRows=24 candidateCols=80 emulatorRows=24 emulatorCols=80
2026-08-21T08:57:17.056 [viewport] source=onViewportSizeChanged oldW=800 oldH=480 newW=800 newH=480 viewportSeeded=true emulatorRows=24 emulatorCols=80
2026-08-21T08:57:17.056 [viewport] viewportOutgrewEmulator: source=onViewportSizeChanged viewport_rows=24 emulator_rows=24 viewport_cols=80 emulator_cols=80 viewport_w=800 viewport_h=480 cell_w=10 cell_h=20 operandsReady=true → false
2026-08-21T08:57:17.056 [viewport] source=onViewportSizeChanged result resized=false outgrewGuard=false candidateRows=24 candidateCols=80 emulatorRows=24 emulatorCols=80
2026-08-21T08:57:17.056 [viewport] source=onRealViewportChanged oldW=800 oldH=480 newW=800 newH=480 viewportSeeded=true emulatorRows=24 emulatorCols=80
2026-08-21T08:57:17.056 [reflow] source=resume view_width_px=800 cell_width_px=10 derived_cols=80 last_sent_cols=80
2026-08-21T08:57:17.056 [viewport] viewportOutgrewEmulator: source=onRealViewportChanged viewport_rows=24 emulator_rows=24 viewport_cols=80 emulator_cols=80 viewport_w=800 viewport_h=480 cell_w=10 cell_h=20 operandsReady=true → false
2026-08-21T08:57:17.056 [viewport] source=onRealViewportChanged cellsDirty=false resume_rows=24 emulator_rows=24 resume_cols=80 emulator_cols=80 outgrew=false mismatch=false → false
2026-08-21T08:57:17.056 [viewport] source=onRealViewportChanged result resized=false outgrewGuard=false candidateRows=24 candidateCols=80 emulatorRows=24 emulatorCols=80
2026-08-21T08:57:44.252 [viewport] source=onViewportSizeChanged oldW=800 oldH=480 newW=800 newH=480 viewportSeeded=true emulatorRows=24 emulatorCols=80
2026-08-21T08:57:44.252 [viewport] viewportOutgrewEmulator: source=onViewportSizeChanged viewport_rows=24 emulator_rows=24 viewport_cols=80 emulator_cols=80 viewport_w=800 viewport_h=480 cell_w=10 cell_h=20 operandsReady=true → false
2026-08-21T08:57:44.252 [viewport] source=onViewportSizeChanged result resized=false outgrewGuard=false candidateRows=24 candidateCols=80 emulatorRows=24 emulatorCols=80
2026-08-21T08:57:44.252 [viewport] source=onRealViewportChanged oldW=800 oldH=480 newW=800 newH=480 viewportSeeded=true emulatorRows=24 emulatorCols=80
2026-08-21T08:57:44.252 [reflow] source=resume view_width_px=800 cell_width_px=10 derived_cols=80 last_sent_cols=80
2026-08-21T08:57:44.252 [viewport] viewportOutgrewEmulator: source=onRealViewportChanged viewport_rows=24 emulator_rows=24 viewport_cols=80 emulator_cols=80 viewport_w=800 viewport_h=480 cell_w=10 cell_h=20 operandsReady=true → false
2026-08-21T08:57:44.252 [viewport] source=onRealViewportChanged cellsDirty=false resume_rows=24 emulator_rows=24 resume_cols=80 emulator_cols=80 outgrew=false mismatch=false → false
2026-08-21T08:57:44.252 [viewport] source=onRealViewportChanged result resized=false outgrewGuard=false candidateRows=24 candidateCols=80 emulatorRows=24 emulatorCols=80
2026-08-21T09:00:12.358 [viewport] source=onViewportSizeChanged oldW=800 oldH=480 newW=800 newH=480 viewportSeeded=true emulatorRows=24 emulatorCols=80
2026-08-21T09:00:12.358 [viewport] viewportOutgrewEmulator: source=onViewportSizeChanged viewport_rows=24 emulator_rows=24 viewport_cols=80 emulator_cols=80 viewport_w=800 viewport_h=480 cell_w=10 cell_h=20 operandsReady=true → false
2026-08-21T09:00:12.358 [viewport] source=onViewportSizeChanged result resized=false outgrewGuard=false candidateRows=24 candidateCols=80 emulatorRows=24 emulatorCols=80
2026-08-21T09:00:12.358 [viewport] source=onRealViewportChanged oldW=800 oldH=480 newW=800 newH=480 viewportSeeded=true emulatorRows=24 emulatorCols=80
2026-08-21T09:00:12.358 [reflow] source=resume view_width_px=800 cell_width_px=10 derived_cols=80 last_sent_cols=80
2026-08-21T09:00:12.358 [viewport] viewportOutgrewEmulator: source=onRealViewportChanged viewport_rows=24 emulator_rows=24 viewport_cols=80 emulator_cols=80 viewport_w=800 viewport_h=480 cell_w=10 cell_h=20 operandsReady=true → false
2026-08-21T09:00:12.358 [viewport] source=onRealViewportChanged cellsDirty=false resume_rows=24 emulator_rows=24 resume_cols=80 emulator_cols=80 outgrew=false mismatch=false → false
2026-08-21T09:00:12.358 [viewport] source=onRealViewportChanged result resized=false outgrewGuard=false candidateRows=24 candidateCols=80 emulatorRows=24 emulatorCols=80
2026-08-21T09:00:49.886 [viewport] source=onViewportSizeChanged oldW=800 oldH=480 newW=800 newH=480 viewportSeeded=true emulatorRows=24 emulatorCols=80
2026-08-21T09:00:49.886 [viewport] viewportOutgrewEmulator: source=onViewportSizeChanged viewport_rows=24 emulator_rows=24 viewport_cols=80 emulator_cols=80 viewport_w=800 viewport_h=480 cell_w=10 cell_h=20 operandsReady=true → false
2026-08-21T09:00:49.886 [viewport] source=onViewportSizeChanged result resized=false outgrewGuard=false candidateRows=24 candidateCols=80 emulatorRows=24 emulatorCols=80
2026-08-21T09:00:49.886 [viewport] source=onRealViewportChanged oldW=800 oldH=480 newW=800 newH=480 viewportSeeded=true emulatorRows=24 emulatorCols=80
2026-08-21T09:00:49.886 [reflow] source=resume view_width_px=800 cell_width_px=10 derived_cols=80 last_sent_cols=80
2026-08-21T09:00:49.886 [viewport] viewportOutgrewEmulator: source=onRealViewportChanged viewport_rows=24 emulator_rows=24 viewport_cols=80 emulator_cols=80 viewport_w=800 viewport_h=480 cell_w=10 cell_h=20 operandsReady=true → false
2026-08-21T09:00:49.886 [viewport] source=onRealViewportChanged cellsDirty=false resume_rows=24 emulator_rows=24 resume_cols=80 emulator_cols=80 outgrew=false mismatch=false → false
2026-08-21T09:00:49.886 [viewport] source=onRealViewportChanged result resized=false outgrewGuard=false candidateRows=24 candidateCols=80 emulatorRows=24 emulatorCols=80
2026-08-21T09:01:29.862 [viewport] source=onViewportSizeChanged oldW=800 oldH=480 newW=800 newH=480 viewportSeeded=true emulatorRows=24 emulatorCols=80
2026-08-21T09:01:29.862 [viewport] viewportOutgrewEmulator: source=onViewportSizeChanged viewport_rows=24 emulator_rows=24 viewport_cols=80 emulator_cols=80 viewport_w=800 viewport_h=480 cell_w=10 cell_h=20 operandsReady=true → false
2026-08-21T09:01:29.862 [viewport] source=onViewportSizeChanged result resized=false outgrewGuard=false candidateRows=24 candidateCols=80 emulatorRows=24 emulatorCols=80
2026-08-21T09:01:29.862 [viewport] source=onRealViewportChanged oldW=800 oldH=480 newW=800 newH=480 viewportSeeded=true emulatorRows=24 emulatorCols=80
2026-08-21T09:01:29.862 [reflow] source=resume view_width_px=800 cell_width_px=10 derived_cols=80 last_sent_cols=80
2026-08-21T09:01:29.862 [viewport] viewportOutgrewEmulator: source=onRealViewportChanged viewport_rows=24 emulator_rows=24 viewport_cols=80 emulator_cols=80 viewport_w=800 viewport_h=480 cell_w=10 cell_h=20 operandsReady=true → false
2026-08-21T09:01:29.862 [viewport] source=onRealViewportChanged cellsDirty=false resume_rows=24 emulator_rows=24 resume_cols=80 emulator_cols=80 outgrew=false mismatch=false → false
2026-08-21T09:01:29.862 [viewport] source=onRealViewportChanged result resized=false outgrewGuard=false candidateRows=24 candidateCols=80 emulatorRows=24 emulatorCols=80
2026-08-21T09:02:05.312 [viewport] source=onViewportSizeChanged oldW=800 oldH=480 newW=800 newH=480 viewportSeeded=true emulatorRows=24 emulatorCols=80
2026-08-21T09:02:05.312 [viewport] viewportOutgrewEmulator: source=onViewportSizeChanged viewport_rows=24 emulator_rows=24 viewport_cols=80 emulator_cols=80 viewport_w=800 viewport_h=480 cell_w=10 cell_h=20 operandsReady=true → false
2026-08-21T09:02:05.312 [viewport] source=onViewportSizeChanged result resized=false outgrewGuard=false candidateRows=24 candidateCols=80 emulatorRows=24 emulatorCols=80
2026-08-21T09:02:05.312 [viewport] source=onRealViewportChanged oldW=800 oldH=480 newW=800 newH=480 viewportSeeded=true emulatorRows=24 emulatorCols=80
2026-08-21T09:02:05.312 [reflow] source=resume view_width_px=800 cell_width_px=10 derived_cols=80 last_sent_cols=80
2026-08-21T09:02:05.312 [viewport] viewportOutgrewEmulator: source=onRealViewportChanged viewport_rows=24 emulator_rows=24 viewport_cols=80 emulator_cols=80 viewport_w=800 viewport_h=480 cell_w=10 cell_h=20 operandsReady=true → false
2026-08-21T09:02:05.312 [viewport] source=onRealViewportChanged cellsDirty=false resume_rows=24 emulator_rows=24 resume_cols=80 emulator_cols=80 outgrew=false mismatch=false → false
2026-08-21T09:02:05.312 [viewport] source=onRealViewportChanged result resized=false outgrewGuard=false candidateRows=24 candidateCols=80 emulatorRows=24 emulatorCols=80
2026-08-21T09:02:52.210 [viewport] source=onViewportSizeChanged oldW=800 oldH=480 newW=800 newH=480 viewportSeeded=true emulatorRows=24 emulatorCols=80
2026-08-21T09:02:52.210 [viewport] viewportOutgrewEmulator: source=onViewportSizeChanged viewport_rows=24 emulator_rows=24 viewport_cols=80 emulator_cols=80 viewport_w=800 viewport_h=480 cell_w=10 cell_h=20 operandsReady=true → false
2026-08-21T09:02:52.210 [viewport] source=onViewportSizeChanged result resized=false outgrewGuard=false candidateRows=24 candidateCols=80 emulatorRows=24 emulatorCols=80
2026-08-21T09:02:52.210 [viewport] source=onRealViewportChanged oldW=800 oldH=480 newW=800 newH=480 viewportSeeded=true emulatorRows=24 emulatorCols=80
2026-08-21T09:02:52.210 [reflow] source=resume view_width_px=800 cell_width_px=10 derived_cols=80 last_sent_cols=80
2026-08-21T09:02:52.210 [viewport] viewportOutgrewEmulator: source=onRealViewportChanged viewport_rows=24 emulator_rows=24 viewport_cols=80 emulator_cols=80 viewport_w=800 viewport_h=480 cell_w=10 cell_h=20 operandsReady=true → false
2026-08-21T09:02:52.210 [viewport] source=onRealViewportChanged cellsDirty=false resume_rows=24 emulator_rows=24 resume_cols=80 emulator_cols=80 outgrew=false mismatch=false → false
2026-08-21T09:02:52.210 [viewport] source=onRealViewportChanged result resized=false outgrewGuard=false candidateRows=24 candidateCols=80 emulatorRows=24 emulatorCols=80
2026-08-21T09:03:38.302 [viewport] source=onViewportSizeChanged oldW=800 oldH=480 newW=800 newH=480 viewportSeeded=true emulatorRows=24 emulatorCols=80
2026-08-21T09:03:38.302 [viewport] viewportOutgrewEmulator: source=onViewportSizeChanged viewport_rows=24 emulator_rows=24 viewport_cols=80 emulator_cols=80 viewport_w=800 viewport_h=480 cell_w=10 cell_h=20 operandsReady=true → false
2026-08-21T09:03:38.302 [viewport] source=onViewportSizeChanged result resized=false outgrewGuard=false candidateRows=24 candidateCols=80 emulatorRows=24 emulatorCols=80
2026-08-21T09:03:38.302 [viewport] source=onRealViewportChanged oldW=800 oldH=480 newW=800 newH=480 viewportSeeded=true emulatorRows=24 emulatorCols=80
2026-08-21T09:03:38.302 [reflow] source=resume view_width_px=800 cell_width_px=10 derived_cols=80 last_sent_cols=80
2026-08-21T09:03:38.302 [viewport] viewportOutgrewEmulator: source=onRealViewportChanged viewport_rows=24 emulator_rows=24 viewport_cols=80 emulator_cols=80 viewport_w=800 viewport_h=480 cell_w=10 cell_h=20 operandsReady=true → false
2026-08-21T09:03:38.302 [viewport] source=onRealViewportChanged cellsDirty=false resume_rows=24 emulator_rows=24 resume_cols=80 emulator_cols=80 outgrew=false mismatch=false → false
2026-08-21T09:03:38.302 [viewport] source=onRealViewportChanged result resized=false outgrewGuard=false candidateRows=24 candidateCols=80 emulatorRows=24 emulatorCols=80
2026-08-21T09:04:16.959 [viewport] source=onViewportSizeChanged oldW=800 oldH=480 newW=800 newH=480 viewportSeeded=true emulatorRows=24 emulatorCols=80
2026-08-21T09:04:16.959 [viewport] viewportOutgrewEmulator: source=onViewportSizeChanged viewport_rows=24 emulator_rows=24 viewport_cols=80 emulator_cols=80 viewport_w=800 viewport_h=480 cell_w=10 cell_h=20 operandsReady=true → false
2026-08-21T09:04:16.959 [viewport] source=onViewportSizeChanged result resized=false outgrewGuard=false candidateRows=24 candidateCols=80 emulatorRows=24 emulatorCols=80
2026-08-21T09:04:16.959 [viewport] source=onRealViewportChanged oldW=800 oldH=480 newW=800 newH=480 viewportSeeded=true emulatorRows=24 emulatorCols=80
2026-08-21T09:04:16.959 [reflow] source=resume view_width_px=800 cell_width_px=10 derived_cols=80 last_sent_cols=80
2026-08-21T09:04:16.959 [viewport] viewportOutgrewEmulator: source=onRealViewportChanged viewport_rows=24 emulator_rows=24 viewport_cols=80 emulator_cols=80 viewport_w=800 viewport_h=480 cell_w=10 cell_h=20 operandsReady=true → false
2026-08-21T09:04:16.959 [viewport] source=onRealViewportChanged cellsDirty=false resume_rows=24 emulator_rows=24 resume_cols=80 emulator_cols=80 outgrew=false mismatch=false → false
2026-08-21T09:04:16.959 [viewport] source=onRealViewportChanged result resized=false outgrewGuard=false candidateRows=24 candidateCols=80 emulatorRows=24 emulatorCols=80
2026-08-21T09:04:50.617 [viewport] source=onViewportSizeChanged oldW=800 oldH=480 newW=800 newH=480 viewportSeeded=true emulatorRows=24 emulatorCols=80
2026-08-21T09:04:50.617 [viewport] viewportOutgrewEmulator: source=onViewportSizeChanged viewport_rows=24 emulator_rows=24 viewport_cols=80 emulator_cols=80 viewport_w=800 viewport_h=480 cell_w=10 cell_h=20 operandsReady=true → false
2026-08-21T09:04:50.617 [viewport] source=onViewportSizeChanged result resized=false outgrewGuard=false candidateRows=24 candidateCols=80 emulatorRows=24 emulatorCols=80
2026-08-21T09:04:50.617 [viewport] source=onRealViewportChanged oldW=800 oldH=480 newW=800 newH=480 viewportSeeded=true emulatorRows=24 emulatorCols=80
2026-08-21T09:04:50.617 [reflow] source=resume view_width_px=800 cell_width_px=10 derived_cols=80 last_sent_cols=80
2026-08-21T09:04:50.617 [viewport] viewportOutgrewEmulator: source=onRealViewportChanged viewport_rows=24 emulator_rows=24 viewport_cols=80 emulator_cols=80 viewport_w=800 viewport_h=480 cell_w=10 cell_h=20 operandsReady=true → false
2026-08-21T09:04:50.617 [viewport] source=onRealViewportChanged cellsDirty=false resume_rows=24 emulator_rows=24 resume_cols=80 emulator_cols=80 outgrew=false mismatch=false → false
2026-08-21T09:04:50.617 [viewport] source=onRealViewportChanged result resized=false outgrewGuard=false candidateRows=24 candidateCols=80 emulatorRows=24 emulatorCols=80
2026-08-21T09:05:58.759 [viewport] source=onViewportSizeChanged oldW=800 oldH=480 newW=800 newH=480 viewportSeeded=true emulatorRows=24 emulatorCols=80
2026-08-21T09:05:58.759 [viewport] viewportOutgrewEmulator: source=onViewportSizeChanged viewport_rows=24 emulator_rows=24 viewport_cols=80 emulator_cols=80 viewport_w=800 viewport_h=480 cell_w=10 cell_h=20 operandsReady=true → false
2026-08-21T09:05:58.759 [viewport] source=onViewportSizeChanged result resized=false outgrewGuard=false candidateRows=24 candidateCols=80 emulatorRows=24 emulatorCols=80
2026-08-21T09:05:58.759 [viewport] source=onRealViewportChanged oldW=800 oldH=480 newW=800 newH=480 viewportSeeded=true emulatorRows=24 emulatorCols=80
2026-08-21T09:05:58.759 [reflow] source=resume view_width_px=800 cell_width_px=10 derived_cols=80 last_sent_cols=80
2026-08-21T09:05:58.759 [viewport] viewportOutgrewEmulator: source=onRealViewportChanged viewport_rows=24 emulator_rows=24 viewport_cols=80 emulator_cols=80 viewport_w=800 viewport_h=480 cell_w=10 cell_h=20 operandsReady=true → false
2026-08-21T09:05:58.759 [viewport] source=onRealViewportChanged cellsDirty=false resume_rows=24 emulator_rows=24 resume_cols=80 emulator_cols=80 outgrew=false mismatch=false → false
2026-08-21T09:05:58.759 [viewport] source=onRealViewportChanged result resized=false outgrewGuard=false candidateRows=24 candidateCols=80 emulatorRows=24 emulatorCols=80
2026-08-21T09:06:52.222 [viewport] source=onViewportSizeChanged oldW=800 oldH=480 newW=800 newH=480 viewportSeeded=true emulatorRows=24 emulatorCols=80
2026-08-21T09:06:52.222 [viewport] viewportOutgrewEmulator: source=onViewportSizeChanged viewport_rows=24 emulator_rows=24 viewport_cols=80 emulator_cols=80 viewport_w=800 viewport_h=480 cell_w=10 cell_h=20 operandsReady=true → false
2026-08-21T09:06:52.222 [viewport] source=onViewportSizeChanged result resized=false outgrewGuard=false candidateRows=24 candidateCols=80 emulatorRows=24 emulatorCols=80
2026-08-21T09:06:52.222 [viewport] source=onRealViewportChanged oldW=800 oldH=480 newW=800 newH=480 viewportSeeded=true emulatorRows=24 emulatorCols=80
2026-08-21T09:06:52.222 [reflow] source=resume view_width_px=800 cell_width_px=10 derived_cols=80 last_sent_cols=80
2026-08-21T09:06:52.222 [viewport] viewportOutgrewEmulator: source=onRealViewportChanged viewport_rows=24 emulator_rows=24 viewport_cols=80 emulator_cols=80 viewport_w=800 viewport_h=480 cell_w=10 cell_h=20 operandsReady=true → false
2026-08-21T09:06:52.222 [viewport] source=onRealViewportChanged cellsDirty=false resume_rows=24 emulator_rows=24 resume_cols=80 emulator_cols=80 outgrew=false mismatch=false → false
2026-08-21T09:06:52.222 [viewport] source=onRealViewportChanged result resized=false outgrewGuard=false candidateRows=24 candidateCols=80 emulatorRows=24 emulatorCols=80
2026-08-21T09:07:36.101 [viewport] source=onViewportSizeChanged oldW=800 oldH=480 newW=800 newH=480 viewportSeeded=true emulatorRows=24 emulatorCols=80
2026-08-21T09:07:36.101 [viewport] viewportOutgrewEmulator: source=onViewportSizeChanged viewport_rows=24 emulator_rows=24 viewport_cols=80 emulator_cols=80 viewport_w=800 viewport_h=480 cell_w=10 cell_h=20 operandsReady=true → false
2026-08-21T09:07:36.101 [viewport] source=onViewportSizeChanged result resized=false outgrewGuard=false candidateRows=24 candidateCols=80 emulatorRows=24 emulatorCols=80
2026-08-21T09:07:36.101 [viewport] source=onRealViewportChanged oldW=800 oldH=480 newW=800 newH=480 viewportSeeded=true emulatorRows=24 emulatorCols=80
2026-08-21T09:07:36.101 [reflow] source=resume view_width_px=800 cell_width_px=10 derived_cols=80 last_sent_cols=80
2026-08-21T09:07:36.101 [viewport] viewportOutgrewEmulator: source=onRealViewportChanged viewport_rows=24 emulator_rows=24 viewport_cols=80 emulator_cols=80 viewport_w=800 viewport_h=480 cell_w=10 cell_h=20 operandsReady=true → false
2026-08-21T09:07:36.101 [viewport] source=onRealViewportChanged cellsDirty=false resume_rows=24 emulator_rows=24 resume_cols=80 emulator_cols=80 outgrew=false mismatch=false → false
2026-08-21T09:07:36.101 [viewport] source=onRealViewportChanged result resized=false outgrewGuard=false candidateRows=24 candidateCols=80 emulatorRows=24 emulatorCols=80
2026-08-21T09:08:20.496 [viewport] source=onViewportSizeChanged oldW=800 oldH=480 newW=800 newH=480 viewportSeeded=true emulatorRows=24 emulatorCols=80
2026-08-21T09:08:20.496 [viewport] viewportOutgrewEmulator: source=onViewportSizeChanged viewport_rows=24 emulator_rows=24 viewport_cols=80 emulator_cols=80 viewport_w=800 viewport_h=480 cell_w=10 cell_h=20 operandsReady=true → false
2026-08-21T09:08:20.496 [viewport] source=onViewportSizeChanged result resized=false outgrewGuard=false candidateRows=24 candidateCols=80 emulatorRows=24 emulatorCols=80
2026-08-21T09:08:20.496 [viewport] source=onRealViewportChanged oldW=800 oldH=480 newW=800 newH=480 viewportSeeded=true emulatorRows=24 emulatorCols=80
2026-08-21T09:08:20.496 [reflow] source=resume view_width_px=800 cell_width_px=10 derived_cols=80 last_sent_cols=80
2026-08-21T09:08:20.496 [viewport] viewportOutgrewEmulator: source=onRealViewportChanged viewport_rows=24 emulator_rows=24 viewport_cols=80 emulator_cols=80 viewport_w=800 viewport_h=480 cell_w=10 cell_h=20 operandsReady=true → false
2026-08-21T09:08:20.496 [viewport] source=onRealViewportChanged cellsDirty=false resume_rows=24 emulator_rows=24 resume_cols=80 emulator_cols=80 outgrew=false mismatch=false → false
2026-08-21T09:08:20.496 [viewport] source=onRealViewportChanged result resized=false outgrewGuard=false candidateRows=24 candidateCols=80 emulatorRows=24 emulatorCols=80
2026-08-21T09:09:09.071 [viewport] source=onViewportSizeChanged oldW=800 oldH=480 newW=800 newH=480 viewportSeeded=true emulatorRows=24 emulatorCols=80
2026-08-21T09:09:09.071 [viewport] viewportOutgrewEmulator: source=onViewportSizeChanged viewport_rows=24 emulator_rows=24 viewport_cols=80 emulator_cols=80 viewport_w=800 viewport_h=480 cell_w=10 cell_h=20 operandsReady=true → false
2026-08-21T09:09:09.071 [viewport] source=onViewportSizeChanged result resized=false outgrewGuard=false candidateRows=24 candidateCols=80 emulatorRows=24 emulatorCols=80
2026-08-21T09:09:09.071 [viewport] source=onRealViewportChanged oldW=800 oldH=480 newW=800 newH=480 viewportSeeded=true emulatorRows=24 emulatorCols=80
2026-08-21T09:09:09.071 [reflow] source=resume view_width_px=800 cell_width_px=10 derived_cols=80 last_sent_cols=80
2026-08-21T09:09:09.071 [viewport] viewportOutgrewEmulator: source=onRealViewportChanged viewport_rows=24 emulator_rows=24 viewport_cols=80 emulator_cols=80 viewport_w=800 viewport_h=480 cell_w=10 cell_h=20 operandsReady=true → false
2026-08-21T09:09:09.071 [viewport] source=onRealViewportChanged cellsDirty=false resume_rows=24 emulator_rows=24 resume_cols=80 emulator_cols=80 outgrew=false mismatch=false → false
2026-08-21T09:09:09.071 [viewport] source=onRealViewportChanged result resized=false outgrewGuard=false candidateRows=24 candidateCols=80 emulatorRows=24 emulatorCols=80
2026-08-21T09:09:47.073 [viewport] source=onViewportSizeChanged oldW=800 oldH=480 newW=800 newH=480 viewportSeeded=true emulatorRows=24 emulatorCols=80
2026-08-21T09:09:47.073 [viewport] viewportOutgrewEmulator: source=onViewportSizeChanged viewport_rows=24 emulator_rows=24 viewport_cols=80 emulator_cols=80 viewport_w=800 viewport_h=480 cell_w=10 cell_h=20 operandsReady=true → false
2026-08-21T09:09:47.073 [viewport] source=onViewportSizeChanged result resized=false outgrewGuard=false candidateRows=24 candidateCols=80 emulatorRows=24 emulatorCols=80
2026-08-21T09:09:47.073 [viewport] source=onRealViewportChanged oldW=800 oldH=480 newW=800 newH=480 viewportSeeded=true emulatorRows=24 emulatorCols=80
2026-08-21T09:09:47.073 [reflow] source=resume view_width_px=800 cell_width_px=10 derived_cols=80 last_sent_cols=80
2026-08-21T09:09:47.073 [viewport] viewportOutgrewEmulator: source=onRealViewportChanged viewport_rows=24 emulator_rows=24 viewport_cols=80 emulator_cols=80 viewport_w=800 viewport_h=480 cell_w=10 cell_h=20 operandsReady=true → false
2026-08-21T09:09:47.073 [viewport] source=onRealViewportChanged cellsDirty=false resume_rows=24 emulator_rows=24 resume_cols=80 emulator_cols=80 outgrew=false mismatch=false → false
2026-08-21T09:09:47.073 [viewport] source=onRealViewportChanged result resized=false outgrewGuard=false candidateRows=24 candidateCols=80 emulatorRows=24 emulatorCols=80
2026-08-21T09:14:00.323 [viewport] source=onViewportSizeChanged oldW=800 oldH=480 newW=800 newH=480 viewportSeeded=true emulatorRows=24 emulatorCols=80
2026-08-21T09:14:00.323 [viewport] viewportOutgrewEmulator: source=onViewportSizeChanged viewport_rows=24 emulator_rows=24 viewport_cols=80 emulator_cols=80 viewport_w=800 viewport_h=480 cell_w=10 cell_h=20 operandsReady=true → false
2026-08-21T09:14:00.323 [viewport] source=onViewportSizeChanged result resized=false outgrewGuard=false candidateRows=24 candidateCols=80 emulatorRows=24 emulatorCols=80
2026-08-21T09:14:00.323 [viewport] source=onRealViewportChanged oldW=800 oldH=480 newW=800 newH=480 viewportSeeded=true emulatorRows=24 emulatorCols=80
2026-08-21T09:14:00.323 [reflow] source=resume view_width_px=800 cell_width_px=10 derived_cols=80 last_sent_cols=80
2026-08-21T09:14:00.323 [viewport] viewportOutgrewEmulator: source=onRealViewportChanged viewport_rows=24 emulator_rows=24 viewport_cols=80 emulator_cols=80 viewport_w=800 viewport_h=480 cell_w=10 cell_h=20 operandsReady=true → false
2026-08-21T09:14:00.323 [viewport] source=onRealViewportChanged cellsDirty=false resume_rows=24 emulator_rows=24 resume_cols=80 emulator_cols=80 outgrew=false mismatch=false → false
2026-08-21T09:14:00.323 [viewport] source=onRealViewportChanged result resized=false outgrewGuard=false candidateRows=24 candidateCols=80 emulatorRows=24 emulatorCols=80
2026-08-21T09:14:54.591 [viewport] source=onViewportSizeChanged oldW=800 oldH=480 newW=800 newH=480 viewportSeeded=true emulatorRows=24 emulatorCols=80
2026-08-21T09:14:54.591 [viewport] viewportOutgrewEmulator: source=onViewportSizeChanged viewport_rows=24 emulator_rows=24 viewport_cols=80 emulator_cols=80 viewport_w=800 viewport_h=480 cell_w=10 cell_h=20 operandsReady=true → false
2026-08-21T09:14:54.591 [viewport] source=onViewportSizeChanged result resized=false outgrewGuard=false candidateRows=24 candidateCols=80 emulatorRows=24 emulatorCols=80
2026-08-21T09:14:54.591 [viewport] source=onRealViewportChanged oldW=800 oldH=480 newW=800 newH=480 viewportSeeded=true emulatorRows=24 emulatorCols=80
2026-08-21T09:14:54.591 [reflow] source=resume view_width_px=800 cell_width_px=10 derived_cols=80 last_sent_cols=80
2026-08-21T09:14:54.591 [viewport] viewportOutgrewEmulator: source=onRealViewportChanged viewport_rows=24 emulator_rows=24 viewport_cols=80 emulator_cols=80 viewport_w=800 viewport_h=480 cell_w=10 cell_h=20 operandsReady=true → false
2026-08-21T09:14:54.591 [viewport] source=onRealViewportChanged cellsDirty=false resume_rows=24 emulator_rows=24 resume_cols=80 emulator_cols=80 outgrew=false mismatch=false → false
2026-08-21T09:14:54.591 [viewport] source=onRealViewportChanged result resized=false outgrewGuard=false candidateRows=24 candidateCols=80 emulatorRows=24 emulatorCols=80
2026-08-21T09:15:07.378 [viewport] source=onViewportSizeChanged oldW=800 oldH=480 newW=800 newH=480 viewportSeeded=true emulatorRows=24 emulatorCols=80
2026-08-21T09:15:07.378 [viewport] viewportOutgrewEmulator: source=onViewportSizeChanged viewport_rows=24 emulator_rows=24 viewport_cols=80 emulator_cols=80 viewport_w=800 viewport_h=480 cell_w=10 cell_h=20 operandsReady=true → false
2026-08-21T09:15:07.378 [viewport] source=onViewportSizeChanged result resized=false outgrewGuard=false candidateRows=24 candidateCols=80 emulatorRows=24 emulatorCols=80
2026-08-21T09:15:07.378 [viewport] source=onRealViewportChanged oldW=800 oldH=480 newW=800 newH=480 viewportSeeded=true emulatorRows=24 emulatorCols=80
2026-08-21T09:15:07.378 [reflow] source=resume view_width_px=800 cell_width_px=10 derived_cols=80 last_sent_cols=80
2026-08-21T09:15:07.378 [viewport] viewportOutgrewEmulator: source=onRealViewportChanged viewport_rows=24 emulator_rows=24 viewport_cols=80 emulator_cols=80 viewport_w=800 viewport_h=480 cell_w=10 cell_h=20 operandsReady=true → false
2026-08-21T09:15:07.378 [viewport] source=onRealViewportChanged cellsDirty=false resume_rows=24 emulator_rows=24 resume_cols=80 emulator_cols=80 outgrew=false mismatch=false → false
2026-08-21T09:15:07.378 [viewport] source=onRealViewportChanged result resized=false outgrewGuard=false candidateRows=24 candidateCols=80 emulatorRows=24 emulatorCols=80
2026-08-21T09:16:13.303 [viewport] source=onViewportSizeChanged oldW=800 oldH=480 newW=800 newH=480 viewportSeeded=true emulatorRows=24 emulatorCols=80
2026-08-21T09:16:13.303 [viewport] viewportOutgrewEmulator: source=onViewportSizeChanged viewport_rows=24 emulator_rows=24 viewport_cols=80 emulator_cols=80 viewport_w=800 viewport_h=480 cell_w=10 cell_h=20 operandsReady=true → false
2026-08-21T09:16:13.303 [viewport] source=onViewportSizeChanged result resized=false outgrewGuard=false candidateRows=24 candidateCols=80 emulatorRows=24 emulatorCols=80
2026-08-21T09:16:13.303 [viewport] source=onRealViewportChanged oldW=800 oldH=480 newW=800 newH=480 viewportSeeded=true emulatorRows=24 emulatorCols=80
2026-08-21T09:16:13.303 [reflow] source=resume view_width_px=800 cell_width_px=10 derived_cols=80 last_sent_cols=80
2026-08-21T09:16:13.303 [viewport] viewportOutgrewEmulator: source=onRealViewportChanged viewport_rows=24 emulator_rows=24 viewport_cols=80 emulator_cols=80 viewport_w=800 viewport_h=480 cell_w=10 cell_h=20 operandsReady=true → false
2026-08-21T09:16:13.303 [viewport] source=onRealViewportChanged cellsDirty=false resume_rows=24 emulator_rows=24 resume_cols=80 emulator_cols=80 outgrew=false mismatch=false → false
2026-08-21T09:16:13.303 [viewport] source=onRealViewportChanged result resized=false outgrewGuard=false candidateRows=24 candidateCols=80 emulatorRows=24 emulatorCols=80
2026-08-21T09:16:53.367 [viewport] source=onViewportSizeChanged oldW=800 oldH=480 newW=800 newH=480 viewportSeeded=true emulatorRows=24 emulatorCols=80
2026-08-21T09:16:53.367 [viewport] viewportOutgrewEmulator: source=onViewportSizeChanged viewport_rows=24 emulator_rows=24 viewport_cols=80 emulator_cols=80 viewport_w=800 viewport_h=480 cell_w=10 cell_h=20 operandsReady=true → false
2026-08-21T09:16:53.367 [viewport] source=onViewportSizeChanged result resized=false outgrewGuard=false candidateRows=24 candidateCols=80 emulatorRows=24 emulatorCols=80
2026-08-21T09:16:53.367 [viewport] source=onRealViewportChanged oldW=800 oldH=480 newW=800 newH=480 viewportSeeded=true emulatorRows=24 emulatorCols=80
2026-08-21T09:16:53.367 [reflow] source=resume view_width_px=800 cell_width_px=10 derived_cols=80 last_sent_cols=80
2026-08-21T09:16:53.367 [viewport] viewportOutgrewEmulator: source=onRealViewportChanged viewport_rows=24 emulator_rows=24 viewport_cols=80 emulator_cols=80 viewport_w=800 viewport_h=480 cell_w=10 cell_h=20 operandsReady=true → false
2026-08-21T09:16:53.367 [viewport] source=onRealViewportChanged cellsDirty=false resume_rows=24 emulator_rows=24 resume_cols=80 emulator_cols=80 outgrew=false mismatch=false → false
2026-08-21T09:16:53.367 [viewport] source=onRealViewportChanged result resized=false outgrewGuard=false candidateRows=24 candidateCols=80 emulatorRows=24 emulatorCols=80
2026-08-21T09:17:38.206 [viewport] source=onViewportSizeChanged oldW=800 oldH=480 newW=800 newH=480 viewportSeeded=true emulatorRows=24 emulatorCols=80
2026-08-21T09:17:38.206 [viewport] viewportOutgrewEmulator: source=onViewportSizeChanged viewport_rows=24 emulator_rows=24 viewport_cols=80 emulator_cols=80 viewport_w=800 viewport_h=480 cell_w=10 cell_h=20 operandsReady=true → false
2026-08-21T09:17:38.206 [viewport] source=onViewportSizeChanged result resized=false outgrewGuard=false candidateRows=24 candidateCols=80 emulatorRows=24 emulatorCols=80
2026-08-21T09:17:38.206 [viewport] source=onRealViewportChanged oldW=800 oldH=480 newW=800 newH=480 viewportSeeded=true emulatorRows=24 emulatorCols=80
2026-08-21T09:17:38.206 [reflow] source=resume view_width_px=800 cell_width_px=10 derived_cols=80 last_sent_cols=80
2026-08-21T09:17:38.206 [viewport] viewportOutgrewEmulator: source=onRealViewportChanged viewport_rows=24 emulator_rows=24 viewport_cols=80 emulator_cols=80 viewport_w=800 viewport_h=480 cell_w=10 cell_h=20 operandsReady=true → false
2026-08-21T09:17:38.206 [viewport] source=onRealViewportChanged cellsDirty=false resume_rows=24 emulator_rows=24 resume_cols=80 emulator_cols=80 outgrew=false mismatch=false → false
2026-08-21T09:17:38.206 [viewport] source=onRealViewportChanged result resized=false outgrewGuard=false candidateRows=24 candidateCols=80 emulatorRows=24 emulatorCols=80
2026-08-21T09:18:13.952 [viewport] source=onViewportSizeChanged oldW=800 oldH=480 newW=800 newH=480 viewportSeeded=true emulatorRows=24 emulatorCols=80
2026-08-21T09:18:13.952 [viewport] viewportOutgrewEmulator: source=onViewportSizeChanged viewport_rows=24 emulator_rows=24 viewport_cols=80 emulator_cols=80 viewport_w=800 viewport_h=480 cell_w=10 cell_h=20 operandsReady=true → false
2026-08-21T09:18:13.952 [viewport] source=onViewportSizeChanged result resized=false outgrewGuard=false candidateRows=24 candidateCols=80 emulatorRows=24 emulatorCols=80
2026-08-21T09:18:13.952 [viewport] source=onRealViewportChanged oldW=800 oldH=480 newW=800 newH=480 viewportSeeded=true emulatorRows=24 emulatorCols=80
2026-08-21T09:18:13.952 [reflow] source=resume view_width_px=800 cell_width_px=10 derived_cols=80 last_sent_cols=80
2026-08-21T09:18:13.952 [viewport] viewportOutgrewEmulator: source=onRealViewportChanged viewport_rows=24 emulator_rows=24 viewport_cols=80 emulator_cols=80 viewport_w=800 viewport_h=480 cell_w=10 cell_h=20 operandsReady=true → false
2026-08-21T09:18:13.952 [viewport] source=onRealViewportChanged cellsDirty=false resume_rows=24 emulator_rows=24 resume_cols=80 emulator_cols=80 outgrew=false mismatch=false → false
2026-08-21T09:18:13.952 [viewport] source=onRealViewportChanged result resized=false outgrewGuard=false candidateRows=24 candidateCols=80 emulatorRows=24 emulatorCols=80
2026-08-21T09:18:55.895 [viewport] source=onViewportSizeChanged oldW=800 oldH=480 newW=800 newH=480 viewportSeeded=true emulatorRows=24 emulatorCols=80
2026-08-21T09:18:55.895 [viewport] viewportOutgrewEmulator: source=onViewportSizeChanged viewport_rows=24 emulator_rows=24 viewport_cols=80 emulator_cols=80 viewport_w=800 viewport_h=480 cell_w=10 cell_h=20 operandsReady=true → false
2026-08-21T09:18:55.895 [viewport] source=onViewportSizeChanged result resized=false outgrewGuard=false candidateRows=24 candidateCols=80 emulatorRows=24 emulatorCols=80
2026-08-21T09:18:55.895 [viewport] source=onRealViewportChanged oldW=800 oldH=480 newW=800 newH=480 viewportSeeded=true emulatorRows=24 emulatorCols=80
2026-08-21T09:18:55.895 [reflow] source=resume view_width_px=800 cell_width_px=10 derived_cols=80 last_sent_cols=80
2026-08-21T09:18:55.895 [viewport] viewportOutgrewEmulator: source=onRealViewportChanged viewport_rows=24 emulator_rows=24 viewport_cols=80 emulator_cols=80 viewport_w=800 viewport_h=480 cell_w=10 cell_h=20 operandsReady=true → false
2026-08-21T09:18:55.895 [viewport] source=onRealViewportChanged cellsDirty=false resume_rows=24 emulator_rows=24 resume_cols=80 emulator_cols=80 outgrew=false mismatch=false → false
2026-08-21T09:18:55.895 [viewport] source=onRealViewportChanged result resized=false outgrewGuard=false candidateRows=24 candidateCols=80 emulatorRows=24 emulatorCols=80
2026-08-21T09:19:03.073 [viewport] source=onViewportSizeChanged oldW=800 oldH=480 newW=800 newH=480 viewportSeeded=true emulatorRows=24 emulatorCols=80
2026-08-21T09:19:03.073 [viewport] viewportOutgrewEmulator: source=onViewportSizeChanged viewport_rows=24 emulator_rows=24 viewport_cols=80 emulator_cols=80 viewport_w=800 viewport_h=480 cell_w=10 cell_h=20 operandsReady=true → false
2026-08-21T09:19:03.073 [viewport] source=onViewportSizeChanged result resized=false outgrewGuard=false candidateRows=24 candidateCols=80 emulatorRows=24 emulatorCols=80
2026-08-21T09:19:03.073 [viewport] source=onRealViewportChanged oldW=800 oldH=480 newW=800 newH=480 viewportSeeded=true emulatorRows=24 emulatorCols=80
2026-08-21T09:19:03.073 [reflow] source=resume view_width_px=800 cell_width_px=10 derived_cols=80 last_sent_cols=80
2026-08-21T09:19:03.073 [viewport] viewportOutgrewEmulator: source=onRealViewportChanged viewport_rows=24 emulator_rows=24 viewport_cols=80 emulator_cols=80 viewport_w=800 viewport_h=480 cell_w=10 cell_h=20 operandsReady=true → false
2026-08-21T09:19:03.073 [viewport] source=onRealViewportChanged cellsDirty=false resume_rows=24 emulator_rows=24 resume_cols=80 emulator_cols=80 outgrew=false mismatch=false → false
2026-08-21T09:19:03.073 [viewport] source=onRealViewportChanged result resized=false outgrewGuard=false candidateRows=24 candidateCols=80 emulatorRows=24 emulatorCols=80
2026-08-21T09:19:40.517 [viewport] source=onViewportSizeChanged oldW=800 oldH=480 newW=800 newH=480 viewportSeeded=true emulatorRows=24 emulatorCols=80
2026-08-21T09:19:40.517 [viewport] viewportOutgrewEmulator: source=onViewportSizeChanged viewport_rows=24 emulator_rows=24 viewport_cols=80 emulator_cols=80 viewport_w=800 viewport_h=480 cell_w=10 cell_h=20 operandsReady=true → false
2026-08-21T09:19:40.517 [viewport] source=onViewportSizeChanged result resized=false outgrewGuard=false candidateRows=24 candidateCols=80 emulatorRows=24 emulatorCols=80
2026-08-21T09:19:40.517 [viewport] source=onRealViewportChanged oldW=800 oldH=480 newW=800 newH=480 viewportSeeded=true emulatorRows=24 emulatorCols=80
2026-08-21T09:19:40.517 [reflow] source=resume view_width_px=800 cell_width_px=10 derived_cols=80 last_sent_cols=80
2026-08-21T09:19:40.517 [viewport] viewportOutgrewEmulator: source=onRealViewportChanged viewport_rows=24 emulator_rows=24 viewport_cols=80 emulator_cols=80 viewport_w=800 viewport_h=480 cell_w=10 cell_h=20 operandsReady=true → false
2026-08-21T09:19:40.517 [viewport] source=onRealViewportChanged cellsDirty=false resume_rows=24 emulator_rows=24 resume_cols=80 emulator_cols=80 outgrew=false mismatch=false → false
2026-08-21T09:19:40.517 [viewport] source=onRealViewportChanged result resized=false outgrewGuard=false candidateRows=24 candidateCols=80 emulatorRows=24 emulatorCols=80
2026-08-21T09:20:19.465 [viewport] source=onViewportSizeChanged oldW=800 oldH=480 newW=800 newH=480 viewportSeeded=true emulatorRows=24 emulatorCols=80
2026-08-21T09:20:19.465 [viewport] viewportOutgrewEmulator: source=onViewportSizeChanged viewport_rows=24 emulator_rows=24 viewport_cols=80 emulator_cols=80 viewport_w=800 viewport_h=480 cell_w=10 cell_h=20 operandsReady=true → false
2026-08-21T09:20:19.465 [viewport] source=onViewportSizeChanged result resized=false outgrewGuard=false candidateRows=24 candidateCols=80 emulatorRows=24 emulatorCols=80
2026-08-21T09:20:19.465 [viewport] source=onRealViewportChanged oldW=800 oldH=480 newW=800 newH=480 viewportSeeded=true emulatorRows=24 emulatorCols=80
2026-08-21T09:20:19.465 [reflow] source=resume view_width_px=800 cell_width_px=10 derived_cols=80 last_sent_cols=80
2026-08-21T09:20:19.465 [viewport] viewportOutgrewEmulator: source=onRealViewportChanged viewport_rows=24 emulator_rows=24 viewport_cols=80 emulator_cols=80 viewport_w=800 viewport_h=480 cell_w=10 cell_h=20 operandsReady=true → false
2026-08-21T09:20:19.465 [viewport] source=onRealViewportChanged cellsDirty=false resume_rows=24 emulator_rows=24 resume_cols=80 emulator_cols=80 outgrew=false mismatch=false → false
2026-08-21T09:20:19.465 [viewport] source=onRealViewportChanged result resized=false outgrewGuard=false candidateRows=24 candidateCols=80 emulatorRows=24 emulatorCols=80
2026-08-21T09:20:54.035 [viewport] source=onViewportSizeChanged oldW=800 oldH=480 newW=800 newH=480 viewportSeeded=true emulatorRows=24 emulatorCols=80
2026-08-21T09:20:54.035 [viewport] viewportOutgrewEmulator: source=onViewportSizeChanged viewport_rows=24 emulator_rows=24 viewport_cols=80 emulator_cols=80 viewport_w=800 viewport_h=480 cell_w=10 cell_h=20 operandsReady=true → false
2026-08-21T09:20:54.035 [viewport] source=onViewportSizeChanged result resized=false outgrewGuard=false candidateRows=24 candidateCols=80 emulatorRows=24 emulatorCols=80
2026-08-21T09:20:54.035 [viewport] source=onRealViewportChanged oldW=800 oldH=480 newW=800 newH=480 viewportSeeded=true emulatorRows=24 emulatorCols=80
2026-08-21T09:20:54.035 [reflow] source=resume view_width_px=800 cell_width_px=10 derived_cols=80 last_sent_cols=80
2026-08-21T09:20:54.035 [viewport] viewportOutgrewEmulator: source=onRealViewportChanged viewport_rows=24 emulator_rows=24 viewport_cols=80 emulator_cols=80 viewport_w=800 viewport_h=480 cell_w=10 cell_h=20 operandsReady=true → false
2026-08-21T09:20:54.035 [viewport] source=onRealViewportChanged cellsDirty=false resume_rows=24 emulator_rows=24 resume_cols=80 emulator_cols=80 outgrew=false mismatch=false → false
2026-08-21T09:20:54.035 [viewport] source=onRealViewportChanged result resized=false outgrewGuard=false candidateRows=24 candidateCols=80 emulatorRows=24 emulatorCols=80
2026-08-21T09:22:06.800 [viewport] source=onViewportSizeChanged oldW=800 oldH=480 newW=800 newH=480 viewportSeeded=true emulatorRows=24 emulatorCols=80
2026-08-21T09:22:06.800 [viewport] viewportOutgrewEmulator: source=onViewportSizeChanged viewport_rows=24 emulator_rows=24 viewport_cols=80 emulator_cols=80 viewport_w=800 viewport_h=480 cell_w=10 cell_h=20 operandsReady=true → false
2026-08-21T09:22:06.800 [viewport] source=onViewportSizeChanged result resized=false outgrewGuard=false candidateRows=24 candidateCols=80 emulatorRows=24 emulatorCols=80
2026-08-21T09:22:06.800 [viewport] source=onRealViewportChanged oldW=800 oldH=480 newW=800 newH=480 viewportSeeded=true emulatorRows=24 emulatorCols=80
2026-08-21T09:22:06.800 [reflow] source=resume view_width_px=800 cell_width_px=10 derived_cols=80 last_sent_cols=80
2026-08-21T09:22:06.800 [viewport] viewportOutgrewEmulator: source=onRealViewportChanged viewport_rows=24 emulator_rows=24 viewport_cols=80 emulator_cols=80 viewport_w=800 viewport_h=480 cell_w=10 cell_h=20 operandsReady=true → false
2026-08-21T09:22:06.800 [viewport] source=onRealViewportChanged cellsDirty=false resume_rows=24 emulator_rows=24 resume_cols=80 emulator_cols=80 outgrew=false mismatch=false → false
2026-08-21T09:22:06.800 [viewport] source=onRealViewportChanged result resized=false outgrewGuard=false candidateRows=24 candidateCols=80 emulatorRows=24 emulatorCols=80
2026-08-21T09:23:16.554 [viewport] source=onViewportSizeChanged oldW=800 oldH=480 newW=800 newH=480 viewportSeeded=true emulatorRows=24 emulatorCols=80
2026-08-21T09:23:16.554 [viewport] viewportOutgrewEmulator: source=onViewportSizeChanged viewport_rows=24 emulator_rows=24 viewport_cols=80 emulator_cols=80 viewport_w=800 viewport_h=480 cell_w=10 cell_h=20 operandsReady=true → false
2026-08-21T09:23:16.554 [viewport] source=onViewportSizeChanged result resized=false outgrewGuard=false candidateRows=24 candidateCols=80 emulatorRows=24 emulatorCols=80
2026-08-21T09:23:16.554 [viewport] source=onRealViewportChanged oldW=800 oldH=480 newW=800 newH=480 viewportSeeded=true emulatorRows=24 emulatorCols=80
2026-08-21T09:23:16.554 [reflow] source=resume view_width_px=800 cell_width_px=10 derived_cols=80 last_sent_cols=80
2026-08-21T09:23:16.554 [viewport] viewportOutgrewEmulator: source=onRealViewportChanged viewport_rows=24 emulator_rows=24 viewport_cols=80 emulator_cols=80 viewport_w=800 viewport_h=480 cell_w=10 cell_h=20 operandsReady=true → false
2026-08-21T09:23:16.554 [viewport] source=onRealViewportChanged cellsDirty=false resume_rows=24 emulator_rows=24 resume_cols=80 emulator_cols=80 outgrew=false mismatch=false → false
2026-08-21T09:23:16.554 [viewport] source=onRealViewportChanged result resized=false outgrewGuard=false candidateRows=24 candidateCols=80 emulatorRows=24 emulatorCols=80
2026-08-21T09:24:00.301 [viewport] source=onViewportSizeChanged oldW=800 oldH=480 newW=800 newH=480 viewportSeeded=true emulatorRows=24 emulatorCols=80
2026-08-21T09:24:00.301 [viewport] viewportOutgrewEmulator: source=onViewportSizeChanged viewport_rows=24 emulator_rows=24 viewport_cols=80 emulator_cols=80 viewport_w=800 viewport_h=480 cell_w=10 cell_h=20 operandsReady=true → false
2026-08-21T09:24:00.301 [viewport] source=onViewportSizeChanged result resized=false outgrewGuard=false candidateRows=24 candidateCols=80 emulatorRows=24 emulatorCols=80
2026-08-21T09:24:00.301 [viewport] source=onRealViewportChanged oldW=800 oldH=480 newW=800 newH=480 viewportSeeded=true emulatorRows=24 emulatorCols=80
2026-08-21T09:24:00.301 [reflow] source=resume view_width_px=800 cell_width_px=10 derived_cols=80 last_sent_cols=80
2026-08-21T09:24:00.301 [viewport] viewportOutgrewEmulator: source=onRealViewportChanged viewport_rows=24 emulator_rows=24 viewport_cols=80 emulator_cols=80 viewport_w=800 viewport_h=480 cell_w=10 cell_h=20 operandsReady=true → false
2026-08-21T09:24:00.301 [viewport] source=onRealViewportChanged cellsDirty=false resume_rows=24 emulator_rows=24 resume_cols=80 emulator_cols=80 outgrew=false mismatch=false → false
2026-08-21T09:24:00.301 [viewport] source=onRealViewportChanged result resized=false outgrewGuard=false candidateRows=24 candidateCols=80 emulatorRows=24 emulatorCols=80
2026-08-21T09:24:43.746 [viewport] source=onViewportSizeChanged oldW=800 oldH=480 newW=800 newH=480 viewportSeeded=true emulatorRows=24 emulatorCols=80
2026-08-21T09:24:43.746 [viewport] viewportOutgrewEmulator: source=onViewportSizeChanged viewport_rows=24 emulator_rows=24 viewport_cols=80 emulator_cols=80 viewport_w=800 viewport_h=480 cell_w=10 cell_h=20 operandsReady=true → false
2026-08-21T09:24:43.746 [viewport] source=onViewportSizeChanged result resized=false outgrewGuard=false candidateRows=24 candidateCols=80 emulatorRows=24 emulatorCols=80
2026-08-21T09:24:43.746 [viewport] source=onRealViewportChanged oldW=800 oldH=480 newW=800 newH=480 viewportSeeded=true emulatorRows=24 emulatorCols=80
2026-08-21T09:24:43.746 [reflow] source=resume view_width_px=800 cell_width_px=10 derived_cols=80 last_sent_cols=80
2026-08-21T09:24:43.746 [viewport] viewportOutgrewEmulator: source=onRealViewportChanged viewport_rows=24 emulator_rows=24 viewport_cols=80 emulator_cols=80 viewport_w=800 viewport_h=480 cell_w=10 cell_h=20 operandsReady=true → false
2026-08-21T09:24:43.746 [viewport] source=onRealViewportChanged cellsDirty=false resume_rows=24 emulator_rows=24 resume_cols=80 emulator_cols=80 outgrew=false mismatch=false → false
2026-08-21T09:24:43.746 [viewport] source=onRealViewportChanged result resized=false outgrewGuard=false candidateRows=24 candidateCols=80 emulatorRows=24 emulatorCols=80
2026-08-21T09:25:19.977 [viewport] source=onViewportSizeChanged oldW=800 oldH=480 newW=800 newH=480 viewportSeeded=true emulatorRows=24 emulatorCols=80
2026-08-21T09:25:19.977 [viewport] viewportOutgrewEmulator: source=onViewportSizeChanged viewport_rows=24 emulator_rows=24 viewport_cols=80 emulator_cols=80 viewport_w=800 viewport_h=480 cell_w=10 cell_h=20 operandsReady=true → false
2026-08-21T09:25:19.977 [viewport] source=onViewportSizeChanged result resized=false outgrewGuard=false candidateRows=24 candidateCols=80 emulatorRows=24 emulatorCols=80
2026-08-21T09:25:19.977 [viewport] source=onRealViewportChanged oldW=800 oldH=480 newW=800 newH=480 viewportSeeded=true emulatorRows=24 emulatorCols=80
2026-08-21T09:25:19.977 [reflow] source=resume view_width_px=800 cell_width_px=10 derived_cols=80 last_sent_cols=80
2026-08-21T09:25:19.977 [viewport] viewportOutgrewEmulator: source=onRealViewportChanged viewport_rows=24 emulator_rows=24 viewport_cols=80 emulator_cols=80 viewport_w=800 viewport_h=480 cell_w=10 cell_h=20 operandsReady=true → false
2026-08-21T09:25:19.977 [viewport] source=onRealViewportChanged cellsDirty=false resume_rows=24 emulator_rows=24 resume_cols=80 emulator_cols=80 outgrew=false mismatch=false → false
2026-08-21T09:25:19.977 [viewport] source=onRealViewportChanged result resized=false outgrewGuard=false candidateRows=24 candidateCols=80 emulatorRows=24 emulatorCols=80
2026-08-21T09:26:24.051 [viewport] source=onViewportSizeChanged oldW=800 oldH=480 newW=800 newH=480 viewportSeeded=true emulatorRows=24 emulatorCols=80
2026-08-21T09:26:24.051 [viewport] viewportOutgrewEmulator: source=onViewportSizeChanged viewport_rows=24 emulator_rows=24 viewport_cols=80 emulator_cols=80 viewport_w=800 viewport_h=480 cell_w=10 cell_h=20 operandsReady=true → false
2026-08-21T09:26:24.051 [viewport] source=onViewportSizeChanged result resized=false outgrewGuard=false candidateRows=24 candidateCols=80 emulatorRows=24 emulatorCols=80
2026-08-21T09:26:24.051 [viewport] source=onRealViewportChanged oldW=800 oldH=480 newW=800 newH=480 viewportSeeded=true emulatorRows=24 emulatorCols=80
2026-08-21T09:26:24.051 [reflow] source=resume view_width_px=800 cell_width_px=10 derived_cols=80 last_sent_cols=80
2026-08-21T09:26:24.051 [viewport] viewportOutgrewEmulator: source=onRealViewportChanged viewport_rows=24 emulator_rows=24 viewport_cols=80 emulator_cols=80 viewport_w=800 viewport_h=480 cell_w=10 cell_h=20 operandsReady=true → false
2026-08-21T09:26:24.051 [viewport] source=onRealViewportChanged cellsDirty=false resume_rows=24 emulator_rows=24 resume_cols=80 emulator_cols=80 outgrew=false mismatch=false → false
2026-08-21T09:26:24.051 [viewport] source=onRealViewportChanged result resized=false outgrewGuard=false candidateRows=24 candidateCols=80 emulatorRows=24 emulatorCols=80
2026-08-21T09:26:58.519 [viewport] source=onViewportSizeChanged oldW=800 oldH=480 newW=800 newH=480 viewportSeeded=true emulatorRows=24 emulatorCols=80
2026-08-21T09:26:58.519 [viewport] viewportOutgrewEmulator: source=onViewportSizeChanged viewport_rows=24 emulator_rows=24 viewport_cols=80 emulator_cols=80 viewport_w=800 viewport_h=480 cell_w=10 cell_h=20 operandsReady=true → false
2026-08-21T09:26:58.519 [viewport] source=onViewportSizeChanged result resized=false outgrewGuard=false candidateRows=24 candidateCols=80 emulatorRows=24 emulatorCols=80
2026-08-21T09:26:58.519 [viewport] source=onRealViewportChanged oldW=800 oldH=480 newW=800 newH=480 viewportSeeded=true emulatorRows=24 emulatorCols=80
2026-08-21T09:26:58.519 [reflow] source=resume view_width_px=800 cell_width_px=10 derived_cols=80 last_sent_cols=80
2026-08-21T09:26:58.519 [viewport] viewportOutgrewEmulator: source=onRealViewportChanged viewport_rows=24 emulator_rows=24 viewport_cols=80 emulator_cols=80 viewport_w=800 viewport_h=480 cell_w=10 cell_h=20 operandsReady=true → false
2026-08-21T09:26:58.519 [viewport] source=onRealViewportChanged cellsDirty=false resume_rows=24 emulator_rows=24 resume_cols=80 emulator_cols=80 outgrew=false mismatch=false → false
2026-08-21T09:26:58.519 [viewport] source=onRealViewportChanged result resized=false outgrewGuard=false candidateRows=24 candidateCols=80 emulatorRows=24 emulatorCols=80
2026-08-21T09:28:25.915 [viewport] source=onViewportSizeChanged oldW=800 oldH=480 newW=800 newH=480 viewportSeeded=true emulatorRows=24 emulatorCols=80
2026-08-21T09:28:25.915 [viewport] viewportOutgrewEmulator: source=onViewportSizeChanged viewport_rows=24 emulator_rows=24 viewport_cols=80 emulator_cols=80 viewport_w=800 viewport_h=480 cell_w=10 cell_h=20 operandsReady=true → false
2026-08-21T09:28:25.915 [viewport] source=onViewportSizeChanged result resized=false outgrewGuard=false candidateRows=24 candidateCols=80 emulatorRows=24 emulatorCols=80
2026-08-21T09:28:25.915 [viewport] source=onRealViewportChanged oldW=800 oldH=480 newW=800 newH=480 viewportSeeded=true emulatorRows=24 emulatorCols=80
2026-08-21T09:28:25.915 [reflow] source=resume view_width_px=800 cell_width_px=10 derived_cols=80 last_sent_cols=80
2026-08-21T09:28:25.915 [viewport] viewportOutgrewEmulator: source=onRealViewportChanged viewport_rows=24 emulator_rows=24 viewport_cols=80 emulator_cols=80 viewport_w=800 viewport_h=480 cell_w=10 cell_h=20 operandsReady=true → false
2026-08-21T09:28:25.915 [viewport] source=onRealViewportChanged cellsDirty=false resume_rows=24 emulator_rows=24 resume_cols=80 emulator_cols=80 outgrew=false mismatch=false → false
2026-08-21T09:28:25.915 [viewport] source=onRealViewportChanged result resized=false outgrewGuard=false candidateRows=24 candidateCols=80 emulatorRows=24 emulatorCols=80
2026-08-21T09:29:16.159 [viewport] source=onViewportSizeChanged oldW=800 oldH=480 newW=800 newH=480 viewportSeeded=true emulatorRows=24 emulatorCols=80
2026-08-21T09:29:16.159 [viewport] viewportOutgrewEmulator: source=onViewportSizeChanged viewport_rows=24 emulator_rows=24 viewport_cols=80 emulator_cols=80 viewport_w=800 viewport_h=480 cell_w=10 cell_h=20 operandsReady=true → false
2026-08-21T09:29:16.159 [viewport] source=onViewportSizeChanged result resized=false outgrewGuard=false candidateRows=24 candidateCols=80 emulatorRows=24 emulatorCols=80
2026-08-21T09:29:16.159 [viewport] source=onRealViewportChanged oldW=800 oldH=480 newW=800 newH=480 viewportSeeded=true emulatorRows=24 emulatorCols=80
2026-08-21T09:29:16.159 [reflow] source=resume view_width_px=800 cell_width_px=10 derived_cols=80 last_sent_cols=80
2026-08-21T09:29:16.159 [viewport] viewportOutgrewEmulator: source=onRealViewportChanged viewport_rows=24 emulator_rows=24 viewport_cols=80 emulator_cols=80 viewport_w=800 viewport_h=480 cell_w=10 cell_h=20 operandsReady=true → false
2026-08-21T09:29:16.159 [viewport] source=onRealViewportChanged cellsDirty=false resume_rows=24 emulator_rows=24 resume_cols=80 emulator_cols=80 outgrew=false mismatch=false → false
2026-08-21T09:29:16.159 [viewport] source=onRealViewportChanged result resized=false outgrewGuard=false candidateRows=24 candidateCols=80 emulatorRows=24 emulatorCols=80
2026-08-21T09:30:01.888 [viewport] source=onViewportSizeChanged oldW=800 oldH=480 newW=800 newH=480 viewportSeeded=true emulatorRows=24 emulatorCols=80
2026-08-21T09:30:01.888 [viewport] viewportOutgrewEmulator: source=onViewportSizeChanged viewport_rows=24 emulator_rows=24 viewport_cols=80 emulator_cols=80 viewport_w=800 viewport_h=480 cell_w=10 cell_h=20 operandsReady=true → false
2026-08-21T09:30:01.888 [viewport] source=onViewportSizeChanged result resized=false outgrewGuard=false candidateRows=24 candidateCols=80 emulatorRows=24 emulatorCols=80
2026-08-21T09:30:01.888 [viewport] source=onRealViewportChanged oldW=800 oldH=480 newW=800 newH=480 viewportSeeded=true emulatorRows=24 emulatorCols=80
2026-08-21T09:30:01.888 [reflow] source=resume view_width_px=800 cell_width_px=10 derived_cols=80 last_sent_cols=80
2026-08-21T09:30:01.888 [viewport] viewportOutgrewEmulator: source=onRealViewportChanged viewport_rows=24 emulator_rows=24 viewport_cols=80 emulator_cols=80 viewport_w=800 viewport_h=480 cell_w=10 cell_h=20 operandsReady=true → false
2026-08-21T09:30:01.888 [viewport] source=onRealViewportChanged cellsDirty=false resume_rows=24 emulator_rows=24 resume_cols=80 emulator_cols=80 outgrew=false mismatch=false → false
2026-08-21T09:30:01.888 [viewport] source=onRealViewportChanged result resized=false outgrewGuard=false candidateRows=24 candidateCols=80 emulatorRows=24 emulatorCols=80
2026-08-21T09:30:34.232 [viewport] source=onViewportSizeChanged oldW=800 oldH=480 newW=800 newH=480 viewportSeeded=true emulatorRows=24 emulatorCols=80
2026-08-21T09:30:34.232 [viewport] viewportOutgrewEmulator: source=onViewportSizeChanged viewport_rows=24 emulator_rows=24 viewport_cols=80 emulator_cols=80 viewport_w=800 viewport_h=480 cell_w=10 cell_h=20 operandsReady=true → false
2026-08-21T09:30:34.232 [viewport] source=onViewportSizeChanged result resized=false outgrewGuard=false candidateRows=24 candidateCols=80 emulatorRows=24 emulatorCols=80
2026-08-21T09:30:34.232 [viewport] source=onRealViewportChanged oldW=800 oldH=480 newW=800 newH=480 viewportSeeded=true emulatorRows=24 emulatorCols=80
2026-08-21T09:30:34.232 [reflow] source=resume view_width_px=800 cell_width_px=10 derived_cols=80 last_sent_cols=80
2026-08-21T09:30:34.232 [viewport] viewportOutgrewEmulator: source=onRealViewportChanged viewport_rows=24 emulator_rows=24 viewport_cols=80 emulator_cols=80 viewport_w=800 viewport_h=480 cell_w=10 cell_h=20 operandsReady=true → false
2026-08-21T09:30:34.232 [viewport] source=onRealViewportChanged cellsDirty=false resume_rows=24 emulator_rows=24 resume_cols=80 emulator_cols=80 outgrew=false mismatch=false → false
2026-08-21T09:30:34.232 [viewport] source=onRealViewportChanged result resized=false outgrewGuard=false candidateRows=24 candidateCols=80 emulatorRows=24 emulatorCols=80
2026-08-21T09:31:13.912 [viewport] source=onViewportSizeChanged oldW=800 oldH=480 newW=800 newH=480 viewportSeeded=true emulatorRows=24 emulatorCols=80
2026-08-21T09:31:13.912 [viewport] viewportOutgrewEmulator: source=onViewportSizeChanged viewport_rows=24 emulator_rows=24 viewport_cols=80 emulator_cols=80 viewport_w=800 viewport_h=480 cell_w=10 cell_h=20 operandsReady=true → false
2026-08-21T09:31:13.912 [viewport] source=onViewportSizeChanged result resized=false outgrewGuard=false candidateRows=24 candidateCols=80 emulatorRows=24 emulatorCols=80
2026-08-21T09:31:13.912 [viewport] source=onRealViewportChanged oldW=800 oldH=480 newW=800 newH=480 viewportSeeded=true emulatorRows=24 emulatorCols=80
2026-08-21T09:31:13.912 [reflow] source=resume view_width_px=800 cell_width_px=10 derived_cols=80 last_sent_cols=80
2026-08-21T09:31:13.912 [viewport] viewportOutgrewEmulator: source=onRealViewportChanged viewport_rows=24 emulator_rows=24 viewport_cols=80 emulator_cols=80 viewport_w=800 viewport_h=480 cell_w=10 cell_h=20 operandsReady=true → false
2026-08-21T09:31:13.912 [viewport] source=onRealViewportChanged cellsDirty=false resume_rows=24 emulator_rows=24 resume_cols=80 emulator_cols=80 outgrew=false mismatch=false → false
2026-08-21T09:31:13.912 [viewport] source=onRealViewportChanged result resized=false outgrewGuard=false candidateRows=24 candidateCols=80 emulatorRows=24 emulatorCols=80
2026-08-21T09:31:49.017 [viewport] source=onViewportSizeChanged oldW=800 oldH=480 newW=800 newH=480 viewportSeeded=true emulatorRows=24 emulatorCols=80
2026-08-21T09:31:49.017 [viewport] viewportOutgrewEmulator: source=onViewportSizeChanged viewport_rows=24 emulator_rows=24 viewport_cols=80 emulator_cols=80 viewport_w=800 viewport_h=480 cell_w=10 cell_h=20 operandsReady=true → false
2026-08-21T09:31:49.017 [viewport] source=onViewportSizeChanged result resized=false outgrewGuard=false candidateRows=24 candidateCols=80 emulatorRows=24 emulatorCols=80
2026-08-21T09:31:49.017 [viewport] source=onRealViewportChanged oldW=800 oldH=480 newW=800 newH=480 viewportSeeded=true emulatorRows=24 emulatorCols=80
2026-08-21T09:31:49.017 [reflow] source=resume view_width_px=800 cell_width_px=10 derived_cols=80 last_sent_cols=80
2026-08-21T09:31:49.017 [viewport] viewportOutgrewEmulator: source=onRealViewportChanged viewport_rows=24 emulator_rows=24 viewport_cols=80 emulator_cols=80 viewport_w=800 viewport_h=480 cell_w=10 cell_h=20 operandsReady=true → false
2026-08-21T09:31:49.017 [viewport] source=onRealViewportChanged cellsDirty=false resume_rows=24 emulator_rows=24 resume_cols=80 emulator_cols=80 outgrew=false mismatch=false → false
2026-08-21T09:31:49.017 [viewport] source=onRealViewportChanged result resized=false outgrewGuard=false candidateRows=24 candidateCols=80 emulatorRows=24 emulatorCols=80
2026-08-21T09:32:24.968 [viewport] source=onViewportSizeChanged oldW=800 oldH=480 newW=800 newH=480 viewportSeeded=true emulatorRows=24 emulatorCols=80
2026-08-21T09:32:24.968 [viewport] viewportOutgrewEmulator: source=onViewportSizeChanged viewport_rows=24 emulator_rows=24 viewport_cols=80 emulator_cols=80 viewport_w=800 viewport_h=480 cell_w=10 cell_h=20 operandsReady=true → false
2026-08-21T09:32:24.968 [viewport] source=onViewportSizeChanged result resized=false outgrewGuard=false candidateRows=24 candidateCols=80 emulatorRows=24 emulatorCols=80
2026-08-21T09:32:24.968 [viewport] source=onRealViewportChanged oldW=800 oldH=480 newW=800 newH=480 viewportSeeded=true emulatorRows=24 emulatorCols=80
2026-08-21T09:32:24.968 [reflow] source=resume view_width_px=800 cell_width_px=10 derived_cols=80 last_sent_cols=80
2026-08-21T09:32:24.968 [viewport] viewportOutgrewEmulator: source=onRealViewportChanged viewport_rows=24 emulator_rows=24 viewport_cols=80 emulator_cols=80 viewport_w=800 viewport_h=480 cell_w=10 cell_h=20 operandsReady=true → false
2026-08-21T09:32:24.969 [viewport] source=onRealViewportChanged cellsDirty=false resume_rows=24 emulator_rows=24 resume_cols=80 emulator_cols=80 outgrew=false mismatch=false → false
2026-08-21T09:32:24.969 [viewport] source=onRealViewportChanged result resized=false outgrewGuard=false candidateRows=24 candidateCols=80 emulatorRows=24 emulatorCols=80
2026-08-21T09:32:55.476 [viewport] source=onViewportSizeChanged oldW=800 oldH=480 newW=800 newH=480 viewportSeeded=true emulatorRows=24 emulatorCols=80
2026-08-21T09:32:55.476 [viewport] viewportOutgrewEmulator: source=onViewportSizeChanged viewport_rows=24 emulator_rows=24 viewport_cols=80 emulator_cols=80 viewport_w=800 viewport_h=480 cell_w=10 cell_h=20 operandsReady=true → false
2026-08-21T09:32:55.476 [viewport] source=onViewportSizeChanged result resized=false outgrewGuard=false candidateRows=24 candidateCols=80 emulatorRows=24 emulatorCols=80
2026-08-21T09:32:55.476 [viewport] source=onRealViewportChanged oldW=800 oldH=480 newW=800 newH=480 viewportSeeded=true emulatorRows=24 emulatorCols=80
2026-08-21T09:32:55.476 [reflow] source=resume view_width_px=800 cell_width_px=10 derived_cols=80 last_sent_cols=80
2026-08-21T09:32:55.476 [viewport] viewportOutgrewEmulator: source=onRealViewportChanged viewport_rows=24 emulator_rows=24 viewport_cols=80 emulator_cols=80 viewport_w=800 viewport_h=480 cell_w=10 cell_h=20 operandsReady=true → false
2026-08-21T09:32:55.476 [viewport] source=onRealViewportChanged cellsDirty=false resume_rows=24 emulator_rows=24 resume_cols=80 emulator_cols=80 outgrew=false mismatch=false → false
2026-08-21T09:32:55.476 [viewport] source=onRealViewportChanged result resized=false outgrewGuard=false candidateRows=24 candidateCols=80 emulatorRows=24 emulatorCols=80
2026-08-21T09:33:58.355 [viewport] source=onViewportSizeChanged oldW=800 oldH=480 newW=800 newH=480 viewportSeeded=true emulatorRows=24 emulatorCols=80
2026-08-21T09:33:58.355 [viewport] viewportOutgrewEmulator: source=onViewportSizeChanged viewport_rows=24 emulator_rows=24 viewport_cols=80 emulator_cols=80 viewport_w=800 viewport_h=480 cell_w=10 cell_h=20 operandsReady=true → false
2026-08-21T09:33:58.355 [viewport] source=onViewportSizeChanged result resized=false outgrewGuard=false candidateRows=24 candidateCols=80 emulatorRows=24 emulatorCols=80
2026-08-21T09:33:58.355 [viewport] source=onRealViewportChanged oldW=800 oldH=480 newW=800 newH=480 viewportSeeded=true emulatorRows=24 emulatorCols=80
2026-08-21T09:33:58.355 [reflow] source=resume view_width_px=800 cell_width_px=10 derived_cols=80 last_sent_cols=80
2026-08-21T09:33:58.355 [viewport] viewportOutgrewEmulator: source=onRealViewportChanged viewport_rows=24 emulator_rows=24 viewport_cols=80 emulator_cols=80 viewport_w=800 viewport_h=480 cell_w=10 cell_h=20 operandsReady=true → false
2026-08-21T09:33:58.355 [viewport] source=onRealViewportChanged cellsDirty=false resume_rows=24 emulator_rows=24 resume_cols=80 emulator_cols=80 outgrew=false mismatch=false → false
2026-08-21T09:33:58.355 [viewport] source=onRealViewportChanged result resized=false outgrewGuard=false candidateRows=24 candidateCols=80 emulatorRows=24 emulatorCols=80
2026-08-21T09:34:47.704 [viewport] source=onViewportSizeChanged oldW=800 oldH=480 newW=800 newH=480 viewportSeeded=true emulatorRows=24 emulatorCols=80
2026-08-21T09:34:47.704 [viewport] viewportOutgrewEmulator: source=onViewportSizeChanged viewport_rows=24 emulator_rows=24 viewport_cols=80 emulator_cols=80 viewport_w=800 viewport_h=480 cell_w=10 cell_h=20 operandsReady=true → false
2026-08-21T09:34:47.704 [viewport] source=onViewportSizeChanged result resized=false outgrewGuard=false candidateRows=24 candidateCols=80 emulatorRows=24 emulatorCols=80
2026-08-21T09:34:47.704 [viewport] source=onRealViewportChanged oldW=800 oldH=480 newW=800 newH=480 viewportSeeded=true emulatorRows=24 emulatorCols=80
2026-08-21T09:34:47.704 [reflow] source=resume view_width_px=800 cell_width_px=10 derived_cols=80 last_sent_cols=80
2026-08-21T09:34:47.704 [viewport] viewportOutgrewEmulator: source=onRealViewportChanged viewport_rows=24 emulator_rows=24 viewport_cols=80 emulator_cols=80 viewport_w=800 viewport_h=480 cell_w=10 cell_h=20 operandsReady=true → false
2026-08-21T09:34:47.704 [viewport] source=onRealViewportChanged cellsDirty=false resume_rows=24 emulator_rows=24 resume_cols=80 emulator_cols=80 outgrew=false mismatch=false → false
2026-08-21T09:34:47.704 [viewport] source=onRealViewportChanged result resized=false outgrewGuard=false candidateRows=24 candidateCols=80 emulatorRows=24 emulatorCols=80
2026-08-21T09:35:27.583 [viewport] source=onViewportSizeChanged oldW=800 oldH=480 newW=800 newH=480 viewportSeeded=true emulatorRows=24 emulatorCols=80
2026-08-21T09:35:27.583 [viewport] viewportOutgrewEmulator: source=onViewportSizeChanged viewport_rows=24 emulator_rows=24 viewport_cols=80 emulator_cols=80 viewport_w=800 viewport_h=480 cell_w=10 cell_h=20 operandsReady=true → false
2026-08-21T09:35:27.583 [viewport] source=onViewportSizeChanged result resized=false outgrewGuard=false candidateRows=24 candidateCols=80 emulatorRows=24 emulatorCols=80
2026-08-21T09:35:27.583 [viewport] source=onRealViewportChanged oldW=800 oldH=480 newW=800 newH=480 viewportSeeded=true emulatorRows=24 emulatorCols=80
2026-08-21T09:35:27.583 [reflow] source=resume view_width_px=800 cell_width_px=10 derived_cols=80 last_sent_cols=80
2026-08-21T09:35:27.583 [viewport] viewportOutgrewEmulator: source=onRealViewportChanged viewport_rows=24 emulator_rows=24 viewport_cols=80 emulator_cols=80 viewport_w=800 viewport_h=480 cell_w=10 cell_h=20 operandsReady=true → false
2026-08-21T09:35:27.583 [viewport] source=onRealViewportChanged cellsDirty=false resume_rows=24 emulator_rows=24 resume_cols=80 emulator_cols=80 outgrew=false mismatch=false → false
2026-08-21T09:35:27.583 [viewport] source=onRealViewportChanged result resized=false outgrewGuard=false candidateRows=24 candidateCols=80 emulatorRows=24 emulatorCols=80
2026-08-21T09:36:08.023 [viewport] source=onViewportSizeChanged oldW=800 oldH=480 newW=800 newH=480 viewportSeeded=true emulatorRows=24 emulatorCols=80
2026-08-21T09:36:08.023 [viewport] viewportOutgrewEmulator: source=onViewportSizeChanged viewport_rows=24 emulator_rows=24 viewport_cols=80 emulator_cols=80 viewport_w=800 viewport_h=480 cell_w=10 cell_h=20 operandsReady=true → false
2026-08-21T09:36:08.023 [viewport] source=onViewportSizeChanged result resized=false outgrewGuard=false candidateRows=24 candidateCols=80 emulatorRows=24 emulatorCols=80
2026-08-21T09:36:08.023 [viewport] source=onRealViewportChanged oldW=800 oldH=480 newW=800 newH=480 viewportSeeded=true emulatorRows=24 emulatorCols=80
2026-08-21T09:36:08.023 [reflow] source=resume view_width_px=800 cell_width_px=10 derived_cols=80 last_sent_cols=80
2026-08-21T09:36:08.023 [viewport] viewportOutgrewEmulator: source=onRealViewportChanged viewport_rows=24 emulator_rows=24 viewport_cols=80 emulator_cols=80 viewport_w=800 viewport_h=480 cell_w=10 cell_h=20 operandsReady=true → false
2026-08-21T09:36:08.023 [viewport] source=onRealViewportChanged cellsDirty=false resume_rows=24 emulator_rows=24 resume_cols=80 emulator_cols=80 outgrew=false mismatch=false → false
2026-08-21T09:36:08.023 [viewport] source=onRealViewportChanged result resized=false outgrewGuard=false candidateRows=24 candidateCols=80 emulatorRows=24 emulatorCols=80
2026-08-21T09:36:47.760 [viewport] source=onViewportSizeChanged oldW=800 oldH=480 newW=800 newH=480 viewportSeeded=true emulatorRows=24 emulatorCols=80
2026-08-21T09:36:47.760 [viewport] viewportOutgrewEmulator: source=onViewportSizeChanged viewport_rows=24 emulator_rows=24 viewport_cols=80 emulator_cols=80 viewport_w=800 viewport_h=480 cell_w=10 cell_h=20 operandsReady=true → false
2026-08-21T09:36:47.760 [viewport] source=onViewportSizeChanged result resized=false outgrewGuard=false candidateRows=24 candidateCols=80 emulatorRows=24 emulatorCols=80
2026-08-21T09:36:47.760 [viewport] source=onRealViewportChanged oldW=800 oldH=480 newW=800 newH=480 viewportSeeded=true emulatorRows=24 emulatorCols=80
2026-08-21T09:36:47.760 [reflow] source=resume view_width_px=800 cell_width_px=10 derived_cols=80 last_sent_cols=80
2026-08-21T09:36:47.760 [viewport] viewportOutgrewEmulator: source=onRealViewportChanged viewport_rows=24 emulator_rows=24 viewport_cols=80 emulator_cols=80 viewport_w=800 viewport_h=480 cell_w=10 cell_h=20 operandsReady=true → false
2026-08-21T09:36:47.760 [viewport] source=onRealViewportChanged cellsDirty=false resume_rows=24 emulator_rows=24 resume_cols=80 emulator_cols=80 outgrew=false mismatch=false → false
2026-08-21T09:36:47.760 [viewport] source=onRealViewportChanged result resized=false outgrewGuard=false candidateRows=24 candidateCols=80 emulatorRows=24 emulatorCols=80
2026-08-21T09:37:22.259 [viewport] source=onViewportSizeChanged oldW=800 oldH=480 newW=800 newH=480 viewportSeeded=true emulatorRows=24 emulatorCols=80
2026-08-21T09:37:22.259 [viewport] viewportOutgrewEmulator: source=onViewportSizeChanged viewport_rows=24 emulator_rows=24 viewport_cols=80 emulator_cols=80 viewport_w=800 viewport_h=480 cell_w=10 cell_h=20 operandsReady=true → false
2026-08-21T09:37:22.259 [viewport] source=onViewportSizeChanged result resized=false outgrewGuard=false candidateRows=24 candidateCols=80 emulatorRows=24 emulatorCols=80
2026-08-21T09:37:22.259 [viewport] source=onRealViewportChanged oldW=800 oldH=480 newW=800 newH=480 viewportSeeded=true emulatorRows=24 emulatorCols=80
2026-08-21T09:37:22.259 [reflow] source=resume view_width_px=800 cell_width_px=10 derived_cols=80 last_sent_cols=80
2026-08-21T09:37:22.259 [viewport] viewportOutgrewEmulator: source=onRealViewportChanged viewport_rows=24 emulator_rows=24 viewport_cols=80 emulator_cols=80 viewport_w=800 viewport_h=480 cell_w=10 cell_h=20 operandsReady=true → false
2026-08-21T09:37:22.259 [viewport] source=onRealViewportChanged cellsDirty=false resume_rows=24 emulator_rows=24 resume_cols=80 emulator_cols=80 outgrew=false mismatch=false → false
2026-08-21T09:37:22.259 [viewport] source=onRealViewportChanged result resized=false outgrewGuard=false candidateRows=24 candidateCols=80 emulatorRows=24 emulatorCols=80
2026-08-21T09:41:02.134 [viewport] source=onViewportSizeChanged oldW=800 oldH=480 newW=800 newH=480 viewportSeeded=true emulatorRows=24 emulatorCols=80
2026-08-21T09:41:02.134 [viewport] viewportOutgrewEmulator: source=onViewportSizeChanged viewport_rows=24 emulator_rows=24 viewport_cols=80 emulator_cols=80 viewport_w=800 viewport_h=480 cell_w=10 cell_h=20 operandsReady=true → false
2026-08-21T09:41:02.134 [viewport] source=onViewportSizeChanged result resized=false outgrewGuard=false candidateRows=24 candidateCols=80 emulatorRows=24 emulatorCols=80
2026-08-21T09:41:02.134 [viewport] source=onRealViewportChanged oldW=800 oldH=480 newW=800 newH=480 viewportSeeded=true emulatorRows=24 emulatorCols=80
2026-08-21T09:41:02.134 [reflow] source=resume view_width_px=800 cell_width_px=10 derived_cols=80 last_sent_cols=80
2026-08-21T09:41:02.134 [viewport] viewportOutgrewEmulator: source=onRealViewportChanged viewport_rows=24 emulator_rows=24 viewport_cols=80 emulator_cols=80 viewport_w=800 viewport_h=480 cell_w=10 cell_h=20 operandsReady=true → false
2026-08-21T09:41:02.134 [viewport] source=onRealViewportChanged cellsDirty=false resume_rows=24 emulator_rows=24 resume_cols=80 emulator_cols=80 outgrew=false mismatch=false → false
2026-08-21T09:41:02.134 [viewport] source=onRealViewportChanged result resized=false outgrewGuard=false candidateRows=24 candidateCols=80 emulatorRows=24 emulatorCols=80
2026-08-21T09:41:53.481 [viewport] source=onViewportSizeChanged oldW=800 oldH=480 newW=800 newH=480 viewportSeeded=true emulatorRows=24 emulatorCols=80
2026-08-21T09:41:53.481 [viewport] viewportOutgrewEmulator: source=onViewportSizeChanged viewport_rows=24 emulator_rows=24 viewport_cols=80 emulator_cols=80 viewport_w=800 viewport_h=480 cell_w=10 cell_h=20 operandsReady=true → false
2026-08-21T09:41:53.481 [viewport] source=onViewportSizeChanged result resized=false outgrewGuard=false candidateRows=24 candidateCols=80 emulatorRows=24 emulatorCols=80
2026-08-21T09:41:53.481 [viewport] source=onRealViewportChanged oldW=800 oldH=480 newW=800 newH=480 viewportSeeded=true emulatorRows=24 emulatorCols=80
2026-08-21T09:41:53.481 [reflow] source=resume view_width_px=800 cell_width_px=10 derived_cols=80 last_sent_cols=80
2026-08-21T09:41:53.481 [viewport] viewportOutgrewEmulator: source=onRealViewportChanged viewport_rows=24 emulator_rows=24 viewport_cols=80 emulator_cols=80 viewport_w=800 viewport_h=480 cell_w=10 cell_h=20 operandsReady=true → false
2026-08-21T09:41:53.481 [viewport] source=onRealViewportChanged cellsDirty=false resume_rows=24 emulator_rows=24 resume_cols=80 emulator_cols=80 outgrew=false mismatch=false → false
2026-08-21T09:41:53.481 [viewport] source=onRealViewportChanged result resized=false outgrewGuard=false candidateRows=24 candidateCols=80 emulatorRows=24 emulatorCols=80
2026-08-21T09:42:42.163 [viewport] source=onViewportSizeChanged oldW=800 oldH=480 newW=800 newH=480 viewportSeeded=true emulatorRows=24 emulatorCols=80
2026-08-21T09:42:42.163 [viewport] viewportOutgrewEmulator: source=onViewportSizeChanged viewport_rows=24 emulator_rows=24 viewport_cols=80 emulator_cols=80 viewport_w=800 viewport_h=480 cell_w=10 cell_h=20 operandsReady=true → false
2026-08-21T09:42:42.163 [viewport] source=onViewportSizeChanged result resized=false outgrewGuard=false candidateRows=24 candidateCols=80 emulatorRows=24 emulatorCols=80
2026-08-21T09:42:42.163 [viewport] source=onRealViewportChanged oldW=800 oldH=480 newW=800 newH=480 viewportSeeded=true emulatorRows=24 emulatorCols=80
2026-08-21T09:42:42.163 [reflow] source=resume view_width_px=800 cell_width_px=10 derived_cols=80 last_sent_cols=80
2026-08-21T09:42:42.163 [viewport] viewportOutgrewEmulator: source=onRealViewportChanged viewport_rows=24 emulator_rows=24 viewport_cols=80 emulator_cols=80 viewport_w=800 viewport_h=480 cell_w=10 cell_h=20 operandsReady=true → false
2026-08-21T09:42:42.163 [viewport] source=onRealViewportChanged cellsDirty=false resume_rows=24 emulator_rows=24 resume_cols=80 emulator_cols=80 outgrew=false mismatch=false → false
2026-08-21T09:42:42.163 [viewport] source=onRealViewportChanged result resized=false outgrewGuard=false candidateRows=24 candidateCols=80 emulatorRows=24 emulatorCols=80
2026-08-21T09:43:18.400 [viewport] source=onViewportSizeChanged oldW=800 oldH=480 newW=800 newH=480 viewportSeeded=true emulatorRows=24 emulatorCols=80
2026-08-21T09:43:18.400 [viewport] viewportOutgrewEmulator: source=onViewportSizeChanged viewport_rows=24 emulator_rows=24 viewport_cols=80 emulator_cols=80 viewport_w=800 viewport_h=480 cell_w=10 cell_h=20 operandsReady=true → false
2026-08-21T09:43:18.400 [viewport] source=onViewportSizeChanged result resized=false outgrewGuard=false candidateRows=24 candidateCols=80 emulatorRows=24 emulatorCols=80
2026-08-21T09:43:18.400 [viewport] source=onRealViewportChanged oldW=800 oldH=480 newW=800 newH=480 viewportSeeded=true emulatorRows=24 emulatorCols=80
2026-08-21T09:43:18.400 [reflow] source=resume view_width_px=800 cell_width_px=10 derived_cols=80 last_sent_cols=80
2026-08-21T09:43:18.400 [viewport] viewportOutgrewEmulator: source=onRealViewportChanged viewport_rows=24 emulator_rows=24 viewport_cols=80 emulator_cols=80 viewport_w=800 viewport_h=480 cell_w=10 cell_h=20 operandsReady=true → false
2026-08-21T09:43:18.400 [viewport] source=onRealViewportChanged cellsDirty=false resume_rows=24 emulator_rows=24 resume_cols=80 emulator_cols=80 outgrew=false mismatch=false → false
2026-08-21T09:43:18.400 [viewport] source=onRealViewportChanged result resized=false outgrewGuard=false candidateRows=24 candidateCols=80 emulatorRows=24 emulatorCols=80
2026-08-21T09:43:54.322 [viewport] source=onViewportSizeChanged oldW=800 oldH=480 newW=800 newH=480 viewportSeeded=true emulatorRows=24 emulatorCols=80
2026-08-21T09:43:54.322 [viewport] viewportOutgrewEmulator: source=onViewportSizeChanged viewport_rows=24 emulator_rows=24 viewport_cols=80 emulator_cols=80 viewport_w=800 viewport_h=480 cell_w=10 cell_h=20 operandsReady=true → false
2026-08-21T09:43:54.322 [viewport] source=onViewportSizeChanged result resized=false outgrewGuard=false candidateRows=24 candidateCols=80 emulatorRows=24 emulatorCols=80
2026-08-21T09:43:54.322 [viewport] source=onRealViewportChanged oldW=800 oldH=480 newW=800 newH=480 viewportSeeded=true emulatorRows=24 emulatorCols=80
2026-08-21T09:43:54.322 [reflow] source=resume view_width_px=800 cell_width_px=10 derived_cols=80 last_sent_cols=80
2026-08-21T09:43:54.322 [viewport] viewportOutgrewEmulator: source=onRealViewportChanged viewport_rows=24 emulator_rows=24 viewport_cols=80 emulator_cols=80 viewport_w=800 viewport_h=480 cell_w=10 cell_h=20 operandsReady=true → false
2026-08-21T09:43:54.322 [viewport] source=onRealViewportChanged cellsDirty=false resume_rows=24 emulator_rows=24 resume_cols=80 emulator_cols=80 outgrew=false mismatch=false → false
2026-08-21T09:43:54.322 [viewport] source=onRealViewportChanged result resized=false outgrewGuard=false candidateRows=24 candidateCols=80 emulatorRows=24 emulatorCols=80
2026-08-21T09:44:27.034 [viewport] source=onViewportSizeChanged oldW=800 oldH=480 newW=800 newH=480 viewportSeeded=true emulatorRows=24 emulatorCols=80
2026-08-21T09:44:27.034 [viewport] viewportOutgrewEmulator: source=onViewportSizeChanged viewport_rows=24 emulator_rows=24 viewport_cols=80 emulator_cols=80 viewport_w=800 viewport_h=480 cell_w=10 cell_h=20 operandsReady=true → false
2026-08-21T09:44:27.034 [viewport] source=onViewportSizeChanged result resized=false outgrewGuard=false candidateRows=24 candidateCols=80 emulatorRows=24 emulatorCols=80
2026-08-21T09:44:27.034 [viewport] source=onRealViewportChanged oldW=800 oldH=480 newW=800 newH=480 viewportSeeded=true emulatorRows=24 emulatorCols=80
2026-08-21T09:44:27.034 [reflow] source=resume view_width_px=800 cell_width_px=10 derived_cols=80 last_sent_cols=80
2026-08-21T09:44:27.034 [viewport] viewportOutgrewEmulator: source=onRealViewportChanged viewport_rows=24 emulator_rows=24 viewport_cols=80 emulator_cols=80 viewport_w=800 viewport_h=480 cell_w=10 cell_h=20 operandsReady=true → false
2026-08-21T09:44:27.034 [viewport] source=onRealViewportChanged cellsDirty=false resume_rows=24 emulator_rows=24 resume_cols=80 emulator_cols=80 outgrew=false mismatch=false → false
2026-08-21T09:44:27.034 [viewport] source=onRealViewportChanged result resized=false outgrewGuard=false candidateRows=24 candidateCols=80 emulatorRows=24 emulatorCols=80
2026-08-21T09:45:07.747 [viewport] source=onViewportSizeChanged oldW=800 oldH=480 newW=800 newH=480 viewportSeeded=true emulatorRows=24 emulatorCols=80
2026-08-21T09:45:07.747 [viewport] viewportOutgrewEmulator: source=onViewportSizeChanged viewport_rows=24 emulator_rows=24 viewport_cols=80 emulator_cols=80 viewport_w=800 viewport_h=480 cell_w=10 cell_h=20 operandsReady=true → false
2026-08-21T09:45:07.747 [viewport] source=onViewportSizeChanged result resized=false outgrewGuard=false candidateRows=24 candidateCols=80 emulatorRows=24 emulatorCols=80
2026-08-21T09:45:07.747 [viewport] source=onRealViewportChanged oldW=800 oldH=480 newW=800 newH=480 viewportSeeded=true emulatorRows=24 emulatorCols=80
2026-08-21T09:45:07.747 [reflow] source=resume view_width_px=800 cell_width_px=10 derived_cols=80 last_sent_cols=80
2026-08-21T09:45:07.747 [viewport] viewportOutgrewEmulator: source=onRealViewportChanged viewport_rows=24 emulator_rows=24 viewport_cols=80 emulator_cols=80 viewport_w=800 viewport_h=480 cell_w=10 cell_h=20 operandsReady=true → false
2026-08-21T09:45:07.747 [viewport] source=onRealViewportChanged cellsDirty=false resume_rows=24 emulator_rows=24 resume_cols=80 emulator_cols=80 outgrew=false mismatch=false → false
2026-08-21T09:45:07.747 [viewport] source=onRealViewportChanged result resized=false outgrewGuard=false candidateRows=24 candidateCols=80 emulatorRows=24 emulatorCols=80
2026-08-21T09:45:43.160 [viewport] source=onViewportSizeChanged oldW=800 oldH=480 newW=800 newH=480 viewportSeeded=true emulatorRows=24 emulatorCols=80
2026-08-21T09:45:43.160 [viewport] viewportOutgrewEmulator: source=onViewportSizeChanged viewport_rows=24 emulator_rows=24 viewport_cols=80 emulator_cols=80 viewport_w=800 viewport_h=480 cell_w=10 cell_h=20 operandsReady=true → false
2026-08-21T09:45:43.160 [viewport] source=onViewportSizeChanged result resized=false outgrewGuard=false candidateRows=24 candidateCols=80 emulatorRows=24 emulatorCols=80
2026-08-21T09:45:43.160 [viewport] source=onRealViewportChanged oldW=800 oldH=480 newW=800 newH=480 viewportSeeded=true emulatorRows=24 emulatorCols=80
2026-08-21T09:45:43.160 [reflow] source=resume view_width_px=800 cell_width_px=10 derived_cols=80 last_sent_cols=80
2026-08-21T09:45:43.160 [viewport] viewportOutgrewEmulator: source=onRealViewportChanged viewport_rows=24 emulator_rows=24 viewport_cols=80 emulator_cols=80 viewport_w=800 viewport_h=480 cell_w=10 cell_h=20 operandsReady=true → false
2026-08-21T09:45:43.160 [viewport] source=onRealViewportChanged cellsDirty=false resume_rows=24 emulator_rows=24 resume_cols=80 emulator_cols=80 outgrew=false mismatch=false → false
2026-08-21T09:45:43.160 [viewport] source=onRealViewportChanged result resized=false outgrewGuard=false candidateRows=24 candidateCols=80 emulatorRows=24 emulatorCols=80
2026-08-21T09:46:18.229 [viewport] source=onViewportSizeChanged oldW=800 oldH=480 newW=800 newH=480 viewportSeeded=true emulatorRows=24 emulatorCols=80
2026-08-21T09:46:18.229 [viewport] viewportOutgrewEmulator: source=onViewportSizeChanged viewport_rows=24 emulator_rows=24 viewport_cols=80 emulator_cols=80 viewport_w=800 viewport_h=480 cell_w=10 cell_h=20 operandsReady=true → false
2026-08-21T09:46:18.229 [viewport] source=onViewportSizeChanged result resized=false outgrewGuard=false candidateRows=24 candidateCols=80 emulatorRows=24 emulatorCols=80
2026-08-21T09:46:18.229 [viewport] source=onRealViewportChanged oldW=800 oldH=480 newW=800 newH=480 viewportSeeded=true emulatorRows=24 emulatorCols=80
2026-08-21T09:46:18.229 [reflow] source=resume view_width_px=800 cell_width_px=10 derived_cols=80 last_sent_cols=80
2026-08-21T09:46:18.229 [viewport] viewportOutgrewEmulator: source=onRealViewportChanged viewport_rows=24 emulator_rows=24 viewport_cols=80 emulator_cols=80 viewport_w=800 viewport_h=480 cell_w=10 cell_h=20 operandsReady=true → false
2026-08-21T09:46:18.229 [viewport] source=onRealViewportChanged cellsDirty=false resume_rows=24 emulator_rows=24 resume_cols=80 emulator_cols=80 outgrew=false mismatch=false → false
2026-08-21T09:46:18.229 [viewport] source=onRealViewportChanged result resized=false outgrewGuard=false candidateRows=24 candidateCols=80 emulatorRows=24 emulatorCols=80
2026-08-21T09:46:48.597 [viewport] source=onViewportSizeChanged oldW=800 oldH=480 newW=800 newH=480 viewportSeeded=true emulatorRows=24 emulatorCols=80
2026-08-21T09:46:48.597 [viewport] viewportOutgrewEmulator: source=onViewportSizeChanged viewport_rows=24 emulator_rows=24 viewport_cols=80 emulator_cols=80 viewport_w=800 viewport_h=480 cell_w=10 cell_h=20 operandsReady=true → false
2026-08-21T09:46:48.597 [viewport] source=onViewportSizeChanged result resized=false outgrewGuard=false candidateRows=24 candidateCols=80 emulatorRows=24 emulatorCols=80
2026-08-21T09:46:48.597 [viewport] source=onRealViewportChanged oldW=800 oldH=480 newW=800 newH=480 viewportSeeded=true emulatorRows=24 emulatorCols=80
2026-08-21T09:46:48.597 [reflow] source=resume view_width_px=800 cell_width_px=10 derived_cols=80 last_sent_cols=80
2026-08-21T09:46:48.597 [viewport] viewportOutgrewEmulator: source=onRealViewportChanged viewport_rows=24 emulator_rows=24 viewport_cols=80 emulator_cols=80 viewport_w=800 viewport_h=480 cell_w=10 cell_h=20 operandsReady=true → false
2026-08-21T09:46:48.597 [viewport] source=onRealViewportChanged cellsDirty=false resume_rows=24 emulator_rows=24 resume_cols=80 emulator_cols=80 outgrew=false mismatch=false → false
2026-08-21T09:46:48.597 [viewport] source=onRealViewportChanged result resized=false outgrewGuard=false candidateRows=24 candidateCols=80 emulatorRows=24 emulatorCols=80
2026-08-21T09:48:12.644 [viewport] source=onViewportSizeChanged oldW=800 oldH=480 newW=800 newH=480 viewportSeeded=true emulatorRows=24 emulatorCols=80
2026-08-21T09:48:12.644 [viewport] viewportOutgrewEmulator: source=onViewportSizeChanged viewport_rows=24 emulator_rows=24 viewport_cols=80 emulator_cols=80 viewport_w=800 viewport_h=480 cell_w=10 cell_h=20 operandsReady=true → false
2026-08-21T09:48:12.644 [viewport] source=onViewportSizeChanged result resized=false outgrewGuard=false candidateRows=24 candidateCols=80 emulatorRows=24 emulatorCols=80
2026-08-21T09:48:12.644 [viewport] source=onRealViewportChanged oldW=800 oldH=480 newW=800 newH=480 viewportSeeded=true emulatorRows=24 emulatorCols=80
2026-08-21T09:48:12.644 [reflow] source=resume view_width_px=800 cell_width_px=10 derived_cols=80 last_sent_cols=80
2026-08-21T09:48:12.644 [viewport] viewportOutgrewEmulator: source=onRealViewportChanged viewport_rows=24 emulator_rows=24 viewport_cols=80 emulator_cols=80 viewport_w=800 viewport_h=480 cell_w=10 cell_h=20 operandsReady=true → false
2026-08-21T09:48:12.644 [viewport] source=onRealViewportChanged cellsDirty=false resume_rows=24 emulator_rows=24 resume_cols=80 emulator_cols=80 outgrew=false mismatch=false → false
2026-08-21T09:48:12.644 [viewport] source=onRealViewportChanged result resized=false outgrewGuard=false candidateRows=24 candidateCols=80 emulatorRows=24 emulatorCols=80
2026-08-21T09:48:53.034 [viewport] source=onViewportSizeChanged oldW=800 oldH=480 newW=800 newH=480 viewportSeeded=true emulatorRows=24 emulatorCols=80
2026-08-21T09:48:53.034 [viewport] viewportOutgrewEmulator: source=onViewportSizeChanged viewport_rows=24 emulator_rows=24 viewport_cols=80 emulator_cols=80 viewport_w=800 viewport_h=480 cell_w=10 cell_h=20 operandsReady=true → false
2026-08-21T09:48:53.034 [viewport] source=onViewportSizeChanged result resized=false outgrewGuard=false candidateRows=24 candidateCols=80 emulatorRows=24 emulatorCols=80
2026-08-21T09:48:53.034 [viewport] source=onRealViewportChanged oldW=800 oldH=480 newW=800 newH=480 viewportSeeded=true emulatorRows=24 emulatorCols=80
2026-08-21T09:48:53.034 [reflow] source=resume view_width_px=800 cell_width_px=10 derived_cols=80 last_sent_cols=80
2026-08-21T09:48:53.034 [viewport] viewportOutgrewEmulator: source=onRealViewportChanged viewport_rows=24 emulator_rows=24 viewport_cols=80 emulator_cols=80 viewport_w=800 viewport_h=480 cell_w=10 cell_h=20 operandsReady=true → false
2026-08-21T09:48:53.034 [viewport] source=onRealViewportChanged cellsDirty=false resume_rows=24 emulator_rows=24 resume_cols=80 emulator_cols=80 outgrew=false mismatch=false → false
2026-08-21T09:48:53.034 [viewport] source=onRealViewportChanged result resized=false outgrewGuard=false candidateRows=24 candidateCols=80 emulatorRows=24 emulatorCols=80
2026-08-21T09:49:33.321 [viewport] source=onViewportSizeChanged oldW=800 oldH=480 newW=800 newH=480 viewportSeeded=true emulatorRows=24 emulatorCols=80
2026-08-21T09:49:33.321 [viewport] viewportOutgrewEmulator: source=onViewportSizeChanged viewport_rows=24 emulator_rows=24 viewport_cols=80 emulator_cols=80 viewport_w=800 viewport_h=480 cell_w=10 cell_h=20 operandsReady=true → false
2026-08-21T09:49:33.321 [viewport] source=onViewportSizeChanged result resized=false outgrewGuard=false candidateRows=24 candidateCols=80 emulatorRows=24 emulatorCols=80
2026-08-21T09:49:33.321 [viewport] source=onRealViewportChanged oldW=800 oldH=480 newW=800 newH=480 viewportSeeded=true emulatorRows=24 emulatorCols=80
2026-08-21T09:49:33.321 [reflow] source=resume view_width_px=800 cell_width_px=10 derived_cols=80 last_sent_cols=80
2026-08-21T09:49:33.321 [viewport] viewportOutgrewEmulator: source=onRealViewportChanged viewport_rows=24 emulator_rows=24 viewport_cols=80 emulator_cols=80 viewport_w=800 viewport_h=480 cell_w=10 cell_h=20 operandsReady=true → false
2026-08-21T09:49:33.321 [viewport] source=onRealViewportChanged cellsDirty=false resume_rows=24 emulator_rows=24 resume_cols=80 emulator_cols=80 outgrew=false mismatch=false → false
2026-08-21T09:49:33.321 [viewport] source=onRealViewportChanged result resized=false outgrewGuard=false candidateRows=24 candidateCols=80 emulatorRows=24 emulatorCols=80
2026-08-21T09:50:08.820 [viewport] source=onViewportSizeChanged oldW=800 oldH=480 newW=800 newH=480 viewportSeeded=true emulatorRows=24 emulatorCols=80
2026-08-21T09:50:08.820 [viewport] viewportOutgrewEmulator: source=onViewportSizeChanged viewport_rows=24 emulator_rows=24 viewport_cols=80 emulator_cols=80 viewport_w=800 viewport_h=480 cell_w=10 cell_h=20 operandsReady=true → false
2026-08-21T09:50:08.820 [viewport] source=onViewportSizeChanged result resized=false outgrewGuard=false candidateRows=24 candidateCols=80 emulatorRows=24 emulatorCols=80
2026-08-21T09:50:08.820 [viewport] source=onRealViewportChanged oldW=800 oldH=480 newW=800 newH=480 viewportSeeded=true emulatorRows=24 emulatorCols=80
2026-08-21T09:50:08.820 [reflow] source=resume view_width_px=800 cell_width_px=10 derived_cols=80 last_sent_cols=80
2026-08-21T09:50:08.820 [viewport] viewportOutgrewEmulator: source=onRealViewportChanged viewport_rows=24 emulator_rows=24 viewport_cols=80 emulator_cols=80 viewport_w=800 viewport_h=480 cell_w=10 cell_h=20 operandsReady=true → false
2026-08-21T09:50:08.820 [viewport] source=onRealViewportChanged cellsDirty=false resume_rows=24 emulator_rows=24 resume_cols=80 emulator_cols=80 outgrew=false mismatch=false → false
2026-08-21T09:50:08.820 [viewport] source=onRealViewportChanged result resized=false outgrewGuard=false candidateRows=24 candidateCols=80 emulatorRows=24 emulatorCols=80
2026-08-21T09:51:12.120 [viewport] source=onViewportSizeChanged oldW=800 oldH=480 newW=800 newH=480 viewportSeeded=true emulatorRows=24 emulatorCols=80
2026-08-21T09:51:12.120 [viewport] viewportOutgrewEmulator: source=onViewportSizeChanged viewport_rows=24 emulator_rows=24 viewport_cols=80 emulator_cols=80 viewport_w=800 viewport_h=480 cell_w=10 cell_h=20 operandsReady=true → false
2026-08-21T09:51:12.120 [viewport] source=onViewportSizeChanged result resized=false outgrewGuard=false candidateRows=24 candidateCols=80 emulatorRows=24 emulatorCols=80
2026-08-21T09:51:12.120 [viewport] source=onRealViewportChanged oldW=800 oldH=480 newW=800 newH=480 viewportSeeded=true emulatorRows=24 emulatorCols=80
2026-08-21T09:51:12.120 [reflow] source=resume view_width_px=800 cell_width_px=10 derived_cols=80 last_sent_cols=80
2026-08-21T09:51:12.120 [viewport] viewportOutgrewEmulator: source=onRealViewportChanged viewport_rows=24 emulator_rows=24 viewport_cols=80 emulator_cols=80 viewport_w=800 viewport_h=480 cell_w=10 cell_h=20 operandsReady=true → false
2026-08-21T09:51:12.120 [viewport] source=onRealViewportChanged cellsDirty=false resume_rows=24 emulator_rows=24 resume_cols=80 emulator_cols=80 outgrew=false mismatch=false → false
2026-08-21T09:51:12.120 [viewport] source=onRealViewportChanged result resized=false outgrewGuard=false candidateRows=24 candidateCols=80 emulatorRows=24 emulatorCols=80
2026-08-21T09:51:46.991 [viewport] source=onViewportSizeChanged oldW=800 oldH=480 newW=800 newH=480 viewportSeeded=true emulatorRows=24 emulatorCols=80
2026-08-21T09:51:46.991 [viewport] viewportOutgrewEmulator: source=onViewportSizeChanged viewport_rows=24 emulator_rows=24 viewport_cols=80 emulator_cols=80 viewport_w=800 viewport_h=480 cell_w=10 cell_h=20 operandsReady=true → false
2026-08-21T09:51:46.991 [viewport] source=onViewportSizeChanged result resized=false outgrewGuard=false candidateRows=24 candidateCols=80 emulatorRows=24 emulatorCols=80
2026-08-21T09:51:46.991 [viewport] source=onRealViewportChanged oldW=800 oldH=480 newW=800 newH=480 viewportSeeded=true emulatorRows=24 emulatorCols=80
2026-08-21T09:51:46.991 [reflow] source=resume view_width_px=800 cell_width_px=10 derived_cols=80 last_sent_cols=80
2026-08-21T09:51:46.991 [viewport] viewportOutgrewEmulator: source=onRealViewportChanged viewport_rows=24 emulator_rows=24 viewport_cols=80 emulator_cols=80 viewport_w=800 viewport_h=480 cell_w=10 cell_h=20 operandsReady=true → false
2026-08-21T09:51:46.991 [viewport] source=onRealViewportChanged cellsDirty=false resume_rows=24 emulator_rows=24 resume_cols=80 emulator_cols=80 outgrew=false mismatch=false → false
2026-08-21T09:51:46.991 [viewport] source=onRealViewportChanged result resized=false outgrewGuard=false candidateRows=24 candidateCols=80 emulatorRows=24 emulatorCols=80
2026-08-21T09:52:24.253 [viewport] source=onViewportSizeChanged oldW=800 oldH=480 newW=800 newH=480 viewportSeeded=true emulatorRows=24 emulatorCols=80
2026-08-21T09:52:24.253 [viewport] viewportOutgrewEmulator: source=onViewportSizeChanged viewport_rows=24 emulator_rows=24 viewport_cols=80 emulator_cols=80 viewport_w=800 viewport_h=480 cell_w=10 cell_h=20 operandsReady=true → false
2026-08-21T09:52:24.253 [viewport] source=onViewportSizeChanged result resized=false outgrewGuard=false candidateRows=24 candidateCols=80 emulatorRows=24 emulatorCols=80
2026-08-21T09:52:24.253 [viewport] source=onRealViewportChanged oldW=800 oldH=480 newW=800 newH=480 viewportSeeded=true emulatorRows=24 emulatorCols=80
2026-08-21T09:52:24.253 [reflow] source=resume view_width_px=800 cell_width_px=10 derived_cols=80 last_sent_cols=80
2026-08-21T09:52:24.253 [viewport] viewportOutgrewEmulator: source=onRealViewportChanged viewport_rows=24 emulator_rows=24 viewport_cols=80 emulator_cols=80 viewport_w=800 viewport_h=480 cell_w=10 cell_h=20 operandsReady=true → false
2026-08-21T09:52:24.253 [viewport] source=onRealViewportChanged cellsDirty=false resume_rows=24 emulator_rows=24 resume_cols=80 emulator_cols=80 outgrew=false mismatch=false → false
2026-08-21T09:52:24.253 [viewport] source=onRealViewportChanged result resized=false outgrewGuard=false candidateRows=24 candidateCols=80 emulatorRows=24 emulatorCols=80
2026-08-21T09:52:56.839 [viewport] source=onViewportSizeChanged oldW=800 oldH=480 newW=800 newH=480 viewportSeeded=true emulatorRows=24 emulatorCols=80
2026-08-21T09:52:56.839 [viewport] viewportOutgrewEmulator: source=onViewportSizeChanged viewport_rows=24 emulator_rows=24 viewport_cols=80 emulator_cols=80 viewport_w=800 viewport_h=480 cell_w=10 cell_h=20 operandsReady=true → false
2026-08-21T09:52:56.839 [viewport] source=onViewportSizeChanged result resized=false outgrewGuard=false candidateRows=24 candidateCols=80 emulatorRows=24 emulatorCols=80
2026-08-21T09:52:56.839 [viewport] source=onRealViewportChanged oldW=800 oldH=480 newW=800 newH=480 viewportSeeded=true emulatorRows=24 emulatorCols=80
2026-08-21T09:52:56.839 [reflow] source=resume view_width_px=800 cell_width_px=10 derived_cols=80 last_sent_cols=80
2026-08-21T09:52:56.839 [viewport] viewportOutgrewEmulator: source=onRealViewportChanged viewport_rows=24 emulator_rows=24 viewport_cols=80 emulator_cols=80 viewport_w=800 viewport_h=480 cell_w=10 cell_h=20 operandsReady=true → false
2026-08-21T09:52:56.839 [viewport] source=onRealViewportChanged cellsDirty=false resume_rows=24 emulator_rows=24 resume_cols=80 emulator_cols=80 outgrew=false mismatch=false → false
2026-08-21T09:52:56.839 [viewport] source=onRealViewportChanged result resized=false outgrewGuard=false candidateRows=24 candidateCols=80 emulatorRows=24 emulatorCols=80
2026-08-21T09:53:44.085 [viewport] source=onViewportSizeChanged oldW=800 oldH=480 newW=800 newH=480 viewportSeeded=true emulatorRows=24 emulatorCols=80
2026-08-21T09:53:44.085 [viewport] viewportOutgrewEmulator: source=onViewportSizeChanged viewport_rows=24 emulator_rows=24 viewport_cols=80 emulator_cols=80 viewport_w=800 viewport_h=480 cell_w=10 cell_h=20 operandsReady=true → false
2026-08-21T09:53:44.085 [viewport] source=onViewportSizeChanged result resized=false outgrewGuard=false candidateRows=24 candidateCols=80 emulatorRows=24 emulatorCols=80
2026-08-21T09:53:44.085 [viewport] source=onRealViewportChanged oldW=800 oldH=480 newW=800 newH=480 viewportSeeded=true emulatorRows=24 emulatorCols=80
2026-08-21T09:53:44.085 [reflow] source=resume view_width_px=800 cell_width_px=10 derived_cols=80 last_sent_cols=80
2026-08-21T09:53:44.085 [viewport] viewportOutgrewEmulator: source=onRealViewportChanged viewport_rows=24 emulator_rows=24 viewport_cols=80 emulator_cols=80 viewport_w=800 viewport_h=480 cell_w=10 cell_h=20 operandsReady=true → false
2026-08-21T09:53:44.085 [viewport] source=onRealViewportChanged cellsDirty=false resume_rows=24 emulator_rows=24 resume_cols=80 emulator_cols=80 outgrew=false mismatch=false → false
2026-08-21T09:53:44.085 [viewport] source=onRealViewportChanged result resized=false outgrewGuard=false candidateRows=24 candidateCols=80 emulatorRows=24 emulatorCols=80
2026-08-21T09:54:20.648 [viewport] source=onViewportSizeChanged oldW=800 oldH=480 newW=800 newH=480 viewportSeeded=true emulatorRows=24 emulatorCols=80
2026-08-21T09:54:20.648 [viewport] viewportOutgrewEmulator: source=onViewportSizeChanged viewport_rows=24 emulator_rows=24 viewport_cols=80 emulator_cols=80 viewport_w=800 viewport_h=480 cell_w=10 cell_h=20 operandsReady=true → false
2026-08-21T09:54:20.648 [viewport] source=onViewportSizeChanged result resized=false outgrewGuard=false candidateRows=24 candidateCols=80 emulatorRows=24 emulatorCols=80
2026-08-21T09:54:20.648 [viewport] source=onRealViewportChanged oldW=800 oldH=480 newW=800 newH=480 viewportSeeded=true emulatorRows=24 emulatorCols=80
2026-08-21T09:54:20.648 [reflow] source=resume view_width_px=800 cell_width_px=10 derived_cols=80 last_sent_cols=80
2026-08-21T09:54:20.648 [viewport] viewportOutgrewEmulator: source=onRealViewportChanged viewport_rows=24 emulator_rows=24 viewport_cols=80 emulator_cols=80 viewport_w=800 viewport_h=480 cell_w=10 cell_h=20 operandsReady=true → false
2026-08-21T09:54:20.648 [viewport] source=onRealViewportChanged cellsDirty=false resume_rows=24 emulator_rows=24 resume_cols=80 emulator_cols=80 outgrew=false mismatch=false → false
2026-08-21T09:54:20.648 [viewport] source=onRealViewportChanged result resized=false outgrewGuard=false candidateRows=24 candidateCols=80 emulatorRows=24 emulatorCols=80
2026-08-21T09:54:56.088 [viewport] source=onViewportSizeChanged oldW=800 oldH=480 newW=800 newH=480 viewportSeeded=true emulatorRows=24 emulatorCols=80
2026-08-21T09:54:56.088 [viewport] viewportOutgrewEmulator: source=onViewportSizeChanged viewport_rows=24 emulator_rows=24 viewport_cols=80 emulator_cols=80 viewport_w=800 viewport_h=480 cell_w=10 cell_h=20 operandsReady=true → false
2026-08-21T09:54:56.088 [viewport] source=onViewportSizeChanged result resized=false outgrewGuard=false candidateRows=24 candidateCols=80 emulatorRows=24 emulatorCols=80
2026-08-21T09:54:56.088 [viewport] source=onRealViewportChanged oldW=800 oldH=480 newW=800 newH=480 viewportSeeded=true emulatorRows=24 emulatorCols=80
2026-08-21T09:54:56.088 [reflow] source=resume view_width_px=800 cell_width_px=10 derived_cols=80 last_sent_cols=80
2026-08-21T09:54:56.088 [viewport] viewportOutgrewEmulator: source=onRealViewportChanged viewport_rows=24 emulator_rows=24 viewport_cols=80 emulator_cols=80 viewport_w=800 viewport_h=480 cell_w=10 cell_h=20 operandsReady=true → false
2026-08-21T09:54:56.088 [viewport] source=onRealViewportChanged cellsDirty=false resume_rows=24 emulator_rows=24 resume_cols=80 emulator_cols=80 outgrew=false mismatch=false → false
2026-08-21T09:54:56.088 [viewport] source=onRealViewportChanged result resized=false outgrewGuard=false candidateRows=24 candidateCols=80 emulatorRows=24 emulatorCols=80
2026-08-21T09:55:26.850 [viewport] source=onViewportSizeChanged oldW=800 oldH=480 newW=800 newH=480 viewportSeeded=true emulatorRows=24 emulatorCols=80
2026-08-21T09:55:26.850 [viewport] viewportOutgrewEmulator: source=onViewportSizeChanged viewport_rows=24 emulator_rows=24 viewport_cols=80 emulator_cols=80 viewport_w=800 viewport_h=480 cell_w=10 cell_h=20 operandsReady=true → false
2026-08-21T09:55:26.850 [viewport] source=onViewportSizeChanged result resized=false outgrewGuard=false candidateRows=24 candidateCols=80 emulatorRows=24 emulatorCols=80
2026-08-21T09:55:26.850 [viewport] source=onRealViewportChanged oldW=800 oldH=480 newW=800 newH=480 viewportSeeded=true emulatorRows=24 emulatorCols=80
2026-08-21T09:55:26.850 [reflow] source=resume view_width_px=800 cell_width_px=10 derived_cols=80 last_sent_cols=80
2026-08-21T09:55:26.850 [viewport] viewportOutgrewEmulator: source=onRealViewportChanged viewport_rows=24 emulator_rows=24 viewport_cols=80 emulator_cols=80 viewport_w=800 viewport_h=480 cell_w=10 cell_h=20 operandsReady=true → false
2026-08-21T09:55:26.850 [viewport] source=onRealViewportChanged cellsDirty=false resume_rows=24 emulator_rows=24 resume_cols=80 emulator_cols=80 outgrew=false mismatch=false → false
2026-08-21T09:55:26.850 [viewport] source=onRealViewportChanged result resized=false outgrewGuard=false candidateRows=24 candidateCols=80 emulatorRows=24 emulatorCols=80
2026-08-21T09:56:08.555 [viewport] source=onViewportSizeChanged oldW=800 oldH=480 newW=800 newH=480 viewportSeeded=true emulatorRows=24 emulatorCols=80
2026-08-21T09:56:08.555 [viewport] viewportOutgrewEmulator: source=onViewportSizeChanged viewport_rows=24 emulator_rows=24 viewport_cols=80 emulator_cols=80 viewport_w=800 viewport_h=480 cell_w=10 cell_h=20 operandsReady=true → false
2026-08-21T09:56:08.555 [viewport] source=onViewportSizeChanged result resized=false outgrewGuard=false candidateRows=24 candidateCols=80 emulatorRows=24 emulatorCols=80
2026-08-21T09:56:08.555 [viewport] source=onRealViewportChanged oldW=800 oldH=480 newW=800 newH=480 viewportSeeded=true emulatorRows=24 emulatorCols=80
2026-08-21T09:56:08.555 [reflow] source=resume view_width_px=800 cell_width_px=10 derived_cols=80 last_sent_cols=80
2026-08-21T09:56:08.555 [viewport] viewportOutgrewEmulator: source=onRealViewportChanged viewport_rows=24 emulator_rows=24 viewport_cols=80 emulator_cols=80 viewport_w=800 viewport_h=480 cell_w=10 cell_h=20 operandsReady=true → false
2026-08-21T09:56:08.555 [viewport] source=onRealViewportChanged cellsDirty=false resume_rows=24 emulator_rows=24 resume_cols=80 emulator_cols=80 outgrew=false mismatch=false → false
2026-08-21T09:56:08.555 [viewport] source=onRealViewportChanged result resized=false outgrewGuard=false candidateRows=24 candidateCols=80 emulatorRows=24 emulatorCols=80
2026-08-21T09:57:00.497 [viewport] source=onViewportSizeChanged oldW=800 oldH=480 newW=800 newH=480 viewportSeeded=true emulatorRows=24 emulatorCols=80
2026-08-21T09:57:00.497 [viewport] viewportOutgrewEmulator: source=onViewportSizeChanged viewport_rows=24 emulator_rows=24 viewport_cols=80 emulator_cols=80 viewport_w=800 viewport_h=480 cell_w=10 cell_h=20 operandsReady=true → false
2026-08-21T09:57:00.497 [viewport] source=onViewportSizeChanged result resized=false outgrewGuard=false candidateRows=24 candidateCols=80 emulatorRows=24 emulatorCols=80
2026-08-21T09:57:00.497 [viewport] source=onRealViewportChanged oldW=800 oldH=480 newW=800 newH=480 viewportSeeded=true emulatorRows=24 emulatorCols=80
2026-08-21T09:57:00.497 [reflow] source=resume view_width_px=800 cell_width_px=10 derived_cols=80 last_sent_cols=80
2026-08-21T09:57:00.497 [viewport] viewportOutgrewEmulator: source=onRealViewportChanged viewport_rows=24 emulator_rows=24 viewport_cols=80 emulator_cols=80 viewport_w=800 viewport_h=480 cell_w=10 cell_h=20 operandsReady=true → false
2026-08-21T09:57:00.497 [viewport] source=onRealViewportChanged cellsDirty=false resume_rows=24 emulator_rows=24 resume_cols=80 emulator_cols=80 outgrew=false mismatch=false → false
2026-08-21T09:57:00.497 [viewport] source=onRealViewportChanged result resized=false outgrewGuard=false candidateRows=24 candidateCols=80 emulatorRows=24 emulatorCols=80
2026-08-21T09:57:42.787 [viewport] source=onViewportSizeChanged oldW=800 oldH=480 newW=800 newH=480 viewportSeeded=true emulatorRows=24 emulatorCols=80
2026-08-21T09:57:42.787 [viewport] viewportOutgrewEmulator: source=onViewportSizeChanged viewport_rows=24 emulator_rows=24 viewport_cols=80 emulator_cols=80 viewport_w=800 viewport_h=480 cell_w=10 cell_h=20 operandsReady=true → false
2026-08-21T09:57:42.787 [viewport] source=onViewportSizeChanged result resized=false outgrewGuard=false candidateRows=24 candidateCols=80 emulatorRows=24 emulatorCols=80
2026-08-21T09:57:42.787 [viewport] source=onRealViewportChanged oldW=800 oldH=480 newW=800 newH=480 viewportSeeded=true emulatorRows=24 emulatorCols=80
2026-08-21T09:57:42.787 [reflow] source=resume view_width_px=800 cell_width_px=10 derived_cols=80 last_sent_cols=80
2026-08-21T09:57:42.787 [viewport] viewportOutgrewEmulator: source=onRealViewportChanged viewport_rows=24 emulator_rows=24 viewport_cols=80 emulator_cols=80 viewport_w=800 viewport_h=480 cell_w=10 cell_h=20 operandsReady=true → false
2026-08-21T09:57:42.787 [viewport] source=onRealViewportChanged cellsDirty=false resume_rows=24 emulator_rows=24 resume_cols=80 emulator_cols=80 outgrew=false mismatch=false → false
2026-08-21T09:57:42.787 [viewport] source=onRealViewportChanged result resized=false outgrewGuard=false candidateRows=24 candidateCols=80 emulatorRows=24 emulatorCols=80
2026-08-21T09:58:33.035 [viewport] source=onViewportSizeChanged oldW=800 oldH=480 newW=800 newH=480 viewportSeeded=true emulatorRows=24 emulatorCols=80
2026-08-21T09:58:33.035 [viewport] viewportOutgrewEmulator: source=onViewportSizeChanged viewport_rows=24 emulator_rows=24 viewport_cols=80 emulator_cols=80 viewport_w=800 viewport_h=480 cell_w=10 cell_h=20 operandsReady=true → false
2026-08-21T09:58:33.035 [viewport] source=onViewportSizeChanged result resized=false outgrewGuard=false candidateRows=24 candidateCols=80 emulatorRows=24 emulatorCols=80
2026-08-21T09:58:33.035 [viewport] source=onRealViewportChanged oldW=800 oldH=480 newW=800 newH=480 viewportSeeded=true emulatorRows=24 emulatorCols=80
2026-08-21T09:58:33.035 [reflow] source=resume view_width_px=800 cell_width_px=10 derived_cols=80 last_sent_cols=80
2026-08-21T09:58:33.035 [viewport] viewportOutgrewEmulator: source=onRealViewportChanged viewport_rows=24 emulator_rows=24 viewport_cols=80 emulator_cols=80 viewport_w=800 viewport_h=480 cell_w=10 cell_h=20 operandsReady=true → false
2026-08-21T09:58:33.035 [viewport] source=onRealViewportChanged cellsDirty=false resume_rows=24 emulator_rows=24 resume_cols=80 emulator_cols=80 outgrew=false mismatch=false → false
2026-08-21T09:58:33.035 [viewport] source=onRealViewportChanged result resized=false outgrewGuard=false candidateRows=24 candidateCols=80 emulatorRows=24 emulatorCols=80
2026-08-21T09:59:12.960 [viewport] source=onViewportSizeChanged oldW=800 oldH=480 newW=800 newH=480 viewportSeeded=true emulatorRows=24 emulatorCols=80
2026-08-21T09:59:12.960 [viewport] viewportOutgrewEmulator: source=onViewportSizeChanged viewport_rows=24 emulator_rows=24 viewport_cols=80 emulator_cols=80 viewport_w=800 viewport_h=480 cell_w=10 cell_h=20 operandsReady=true → false
2026-08-21T09:59:12.960 [viewport] source=onViewportSizeChanged result resized=false outgrewGuard=false candidateRows=24 candidateCols=80 emulatorRows=24 emulatorCols=80
2026-08-21T09:59:12.960 [viewport] source=onRealViewportChanged oldW=800 oldH=480 newW=800 newH=480 viewportSeeded=true emulatorRows=24 emulatorCols=80
2026-08-21T09:59:12.960 [reflow] source=resume view_width_px=800 cell_width_px=10 derived_cols=80 last_sent_cols=80
2026-08-21T09:59:12.960 [viewport] viewportOutgrewEmulator: source=onRealViewportChanged viewport_rows=24 emulator_rows=24 viewport_cols=80 emulator_cols=80 viewport_w=800 viewport_h=480 cell_w=10 cell_h=20 operandsReady=true → false
2026-08-21T09:59:12.960 [viewport] source=onRealViewportChanged cellsDirty=false resume_rows=24 emulator_rows=24 resume_cols=80 emulator_cols=80 outgrew=false mismatch=false → false
2026-08-21T09:59:12.960 [viewport] source=onRealViewportChanged result resized=false outgrewGuard=false candidateRows=24 candidateCols=80 emulatorRows=24 emulatorCols=80
2026-08-21T09:59:53.607 [viewport] source=onViewportSizeChanged oldW=800 oldH=480 newW=800 newH=480 viewportSeeded=true emulatorRows=24 emulatorCols=80
2026-08-21T09:59:53.607 [viewport] viewportOutgrewEmulator: source=onViewportSizeChanged viewport_rows=24 emulator_rows=24 viewport_cols=80 emulator_cols=80 viewport_w=800 viewport_h=480 cell_w=10 cell_h=20 operandsReady=true → false
2026-08-21T09:59:53.607 [viewport] source=onViewportSizeChanged result resized=false outgrewGuard=false candidateRows=24 candidateCols=80 emulatorRows=24 emulatorCols=80
2026-08-21T09:59:53.607 [viewport] source=onRealViewportChanged oldW=800 oldH=480 newW=800 newH=480 viewportSeeded=true emulatorRows=24 emulatorCols=80
2026-08-21T09:59:53.607 [reflow] source=resume view_width_px=800 cell_width_px=10 derived_cols=80 last_sent_cols=80
2026-08-21T09:59:53.607 [viewport] viewportOutgrewEmulator: source=onRealViewportChanged viewport_rows=24 emulator_rows=24 viewport_cols=80 emulator_cols=80 viewport_w=800 viewport_h=480 cell_w=10 cell_h=20 operandsReady=true → false
2026-08-21T09:59:53.607 [viewport] source=onRealViewportChanged cellsDirty=false resume_rows=24 emulator_rows=24 resume_cols=80 emulator_cols=80 outgrew=false mismatch=false → false
2026-08-21T09:59:53.607 [viewport] source=onRealViewportChanged result resized=false outgrewGuard=false candidateRows=24 candidateCols=80 emulatorRows=24 emulatorCols=80
2026-08-21T10:00:33.848 [viewport] source=onViewportSizeChanged oldW=800 oldH=480 newW=800 newH=480 viewportSeeded=true emulatorRows=24 emulatorCols=80
2026-08-21T10:00:33.848 [viewport] viewportOutgrewEmulator: source=onViewportSizeChanged viewport_rows=24 emulator_rows=24 viewport_cols=80 emulator_cols=80 viewport_w=800 viewport_h=480 cell_w=10 cell_h=20 operandsReady=true → false
2026-08-21T10:00:33.848 [viewport] source=onViewportSizeChanged result resized=false outgrewGuard=false candidateRows=24 candidateCols=80 emulatorRows=24 emulatorCols=80
2026-08-21T10:00:33.848 [viewport] source=onRealViewportChanged oldW=800 oldH=480 newW=800 newH=480 viewportSeeded=true emulatorRows=24 emulatorCols=80
2026-08-21T10:00:33.848 [reflow] source=resume view_width_px=800 cell_width_px=10 derived_cols=80 last_sent_cols=80
2026-08-21T10:00:33.848 [viewport] viewportOutgrewEmulator: source=onRealViewportChanged viewport_rows=24 emulator_rows=24 viewport_cols=80 emulator_cols=80 viewport_w=800 viewport_h=480 cell_w=10 cell_h=20 operandsReady=true → false
2026-08-21T10:00:33.848 [viewport] source=onRealViewportChanged cellsDirty=false resume_rows=24 emulator_rows=24 resume_cols=80 emulator_cols=80 outgrew=false mismatch=false → false
2026-08-21T10:00:33.848 [viewport] source=onRealViewportChanged result resized=false outgrewGuard=false candidateRows=24 candidateCols=80 emulatorRows=24 emulatorCols=80
2026-08-21T10:01:11.435 [viewport] source=onViewportSizeChanged oldW=800 oldH=480 newW=800 newH=480 viewportSeeded=true emulatorRows=24 emulatorCols=80
2026-08-21T10:01:11.435 [viewport] viewportOutgrewEmulator: source=onViewportSizeChanged viewport_rows=24 emulator_rows=24 viewport_cols=80 emulator_cols=80 viewport_w=800 viewport_h=480 cell_w=10 cell_h=20 operandsReady=true → false
2026-08-21T10:01:11.435 [viewport] source=onViewportSizeChanged result resized=false outgrewGuard=false candidateRows=24 candidateCols=80 emulatorRows=24 emulatorCols=80
2026-08-21T10:01:11.435 [viewport] source=onRealViewportChanged oldW=800 oldH=480 newW=800 newH=480 viewportSeeded=true emulatorRows=24 emulatorCols=80
2026-08-21T10:01:11.435 [reflow] source=resume view_width_px=800 cell_width_px=10 derived_cols=80 last_sent_cols=80
2026-08-21T10:01:11.435 [viewport] viewportOutgrewEmulator: source=onRealViewportChanged viewport_rows=24 emulator_rows=24 viewport_cols=80 emulator_cols=80 viewport_w=800 viewport_h=480 cell_w=10 cell_h=20 operandsReady=true → false
2026-08-21T10:01:11.435 [viewport] source=onRealViewportChanged cellsDirty=false resume_rows=24 emulator_rows=24 resume_cols=80 emulator_cols=80 outgrew=false mismatch=false → false
2026-08-21T10:01:11.435 [viewport] source=onRealViewportChanged result resized=false outgrewGuard=false candidateRows=24 candidateCols=80 emulatorRows=24 emulatorCols=80
2026-08-21T10:11:52.226 [viewport] source=onViewportSizeChanged oldW=800 oldH=480 newW=800 newH=480 viewportSeeded=true emulatorRows=24 emulatorCols=80
2026-08-21T10:11:52.226 [viewport] viewportOutgrewEmulator: source=onViewportSizeChanged viewport_rows=24 emulator_rows=24 viewport_cols=80 emulator_cols=80 viewport_w=800 viewport_h=480 cell_w=10 cell_h=20 operandsReady=true → false
2026-08-21T10:11:52.226 [viewport] source=onViewportSizeChanged result resized=false outgrewGuard=false candidateRows=24 candidateCols=80 emulatorRows=24 emulatorCols=80
2026-08-21T10:11:52.226 [viewport] source=onRealViewportChanged oldW=800 oldH=480 newW=800 newH=480 viewportSeeded=true emulatorRows=24 emulatorCols=80
2026-08-21T10:11:52.226 [reflow] source=resume view_width_px=800 cell_width_px=10 derived_cols=80 last_sent_cols=80
2026-08-21T10:11:52.226 [viewport] viewportOutgrewEmulator: source=onRealViewportChanged viewport_rows=24 emulator_rows=24 viewport_cols=80 emulator_cols=80 viewport_w=800 viewport_h=480 cell_w=10 cell_h=20 operandsReady=true → false
2026-08-21T10:11:52.226 [viewport] source=onRealViewportChanged cellsDirty=false resume_rows=24 emulator_rows=24 resume_cols=80 emulator_cols=80 outgrew=false mismatch=false → false
2026-08-21T10:11:52.226 [viewport] source=onRealViewportChanged result resized=false outgrewGuard=false candidateRows=24 candidateCols=80 emulatorRows=24 emulatorCols=80
2026-08-21T10:11:58.071 [viewport] source=onViewportSizeChanged oldW=800 oldH=480 newW=800 newH=480 viewportSeeded=true emulatorRows=24 emulatorCols=80
2026-08-21T10:11:58.071 [viewport] viewportOutgrewEmulator: source=onViewportSizeChanged viewport_rows=24 emulator_rows=24 viewport_cols=80 emulator_cols=80 viewport_w=800 viewport_h=480 cell_w=10 cell_h=20 operandsReady=true → false
2026-08-21T10:11:58.071 [viewport] source=onViewportSizeChanged result resized=false outgrewGuard=false candidateRows=24 candidateCols=80 emulatorRows=24 emulatorCols=80
2026-08-21T10:11:58.071 [viewport] source=onRealViewportChanged oldW=800 oldH=480 newW=800 newH=480 viewportSeeded=true emulatorRows=24 emulatorCols=80
2026-08-21T10:11:58.071 [reflow] source=resume view_width_px=800 cell_width_px=10 derived_cols=80 last_sent_cols=80
2026-08-21T10:11:58.071 [viewport] viewportOutgrewEmulator: source=onRealViewportChanged viewport_rows=24 emulator_rows=24 viewport_cols=80 emulator_cols=80 viewport_w=800 viewport_h=480 cell_w=10 cell_h=20 operandsReady=true → false
2026-08-21T10:11:58.071 [viewport] source=onRealViewportChanged cellsDirty=false resume_rows=24 emulator_rows=24 resume_cols=80 emulator_cols=80 outgrew=false mismatch=false → false
2026-08-21T10:11:58.071 [viewport] source=onRealViewportChanged result resized=false outgrewGuard=false candidateRows=24 candidateCols=80 emulatorRows=24 emulatorCols=80
2026-08-21T10:12:30.310 [viewport] source=onViewportSizeChanged oldW=800 oldH=480 newW=800 newH=480 viewportSeeded=true emulatorRows=24 emulatorCols=80
2026-08-21T10:12:30.310 [viewport] viewportOutgrewEmulator: source=onViewportSizeChanged viewport_rows=24 emulator_rows=24 viewport_cols=80 emulator_cols=80 viewport_w=800 viewport_h=480 cell_w=10 cell_h=20 operandsReady=true → false
2026-08-21T10:12:30.310 [viewport] source=onViewportSizeChanged result resized=false outgrewGuard=false candidateRows=24 candidateCols=80 emulatorRows=24 emulatorCols=80
2026-08-21T10:12:30.310 [viewport] source=onRealViewportChanged oldW=800 oldH=480 newW=800 newH=480 viewportSeeded=true emulatorRows=24 emulatorCols=80
2026-08-21T10:12:30.310 [reflow] source=resume view_width_px=800 cell_width_px=10 derived_cols=80 last_sent_cols=80
2026-08-21T10:12:30.310 [viewport] viewportOutgrewEmulator: source=onRealViewportChanged viewport_rows=24 emulator_rows=24 viewport_cols=80 emulator_cols=80 viewport_w=800 viewport_h=480 cell_w=10 cell_h=20 operandsReady=true → false
2026-08-21T10:12:30.310 [viewport] source=onRealViewportChanged cellsDirty=false resume_rows=24 emulator_rows=24 resume_cols=80 emulator_cols=80 outgrew=false mismatch=false → false
2026-08-21T10:12:30.310 [viewport] source=onRealViewportChanged result resized=false outgrewGuard=false candidateRows=24 candidateCols=80 emulatorRows=24 emulatorCols=80
2026-08-21T10:14:30.144 [viewport] source=onViewportSizeChanged oldW=800 oldH=480 newW=800 newH=480 viewportSeeded=true emulatorRows=24 emulatorCols=80
2026-08-21T10:14:30.144 [viewport] viewportOutgrewEmulator: source=onViewportSizeChanged viewport_rows=24 emulator_rows=24 viewport_cols=80 emulator_cols=80 viewport_w=800 viewport_h=480 cell_w=10 cell_h=20 operandsReady=true → false
2026-08-21T10:14:30.144 [viewport] source=onViewportSizeChanged result resized=false outgrewGuard=false candidateRows=24 candidateCols=80 emulatorRows=24 emulatorCols=80
2026-08-21T10:14:30.144 [viewport] source=onRealViewportChanged oldW=800 oldH=480 newW=800 newH=480 viewportSeeded=true emulatorRows=24 emulatorCols=80
2026-08-21T10:14:30.144 [reflow] source=resume view_width_px=800 cell_width_px=10 derived_cols=80 last_sent_cols=80
2026-08-21T10:14:30.144 [viewport] viewportOutgrewEmulator: source=onRealViewportChanged viewport_rows=24 emulator_rows=24 viewport_cols=80 emulator_cols=80 viewport_w=800 viewport_h=480 cell_w=10 cell_h=20 operandsReady=true → false
2026-08-21T10:14:30.144 [viewport] source=onRealViewportChanged cellsDirty=false resume_rows=24 emulator_rows=24 resume_cols=80 emulator_cols=80 outgrew=false mismatch=false → false
2026-08-21T10:14:30.144 [viewport] source=onRealViewportChanged result resized=false outgrewGuard=false candidateRows=24 candidateCols=80 emulatorRows=24 emulatorCols=80
2026-08-21T10:15:05.103 [viewport] source=onViewportSizeChanged oldW=800 oldH=480 newW=800 newH=480 viewportSeeded=true emulatorRows=24 emulatorCols=80
2026-08-21T10:15:05.103 [viewport] viewportOutgrewEmulator: source=onViewportSizeChanged viewport_rows=24 emulator_rows=24 viewport_cols=80 emulator_cols=80 viewport_w=800 viewport_h=480 cell_w=10 cell_h=20 operandsReady=true → false
2026-08-21T10:15:05.103 [viewport] source=onViewportSizeChanged result resized=false outgrewGuard=false candidateRows=24 candidateCols=80 emulatorRows=24 emulatorCols=80
2026-08-21T10:15:05.103 [viewport] source=onRealViewportChanged oldW=800 oldH=480 newW=800 newH=480 viewportSeeded=true emulatorRows=24 emulatorCols=80
2026-08-21T10:15:05.103 [reflow] source=resume view_width_px=800 cell_width_px=10 derived_cols=80 last_sent_cols=80
2026-08-21T10:15:05.103 [viewport] viewportOutgrewEmulator: source=onRealViewportChanged viewport_rows=24 emulator_rows=24 viewport_cols=80 emulator_cols=80 viewport_w=800 viewport_h=480 cell_w=10 cell_h=20 operandsReady=true → false
2026-08-21T10:15:05.103 [viewport] source=onRealViewportChanged cellsDirty=false resume_rows=24 emulator_rows=24 resume_cols=80 emulator_cols=80 outgrew=false mismatch=false → false
2026-08-21T10:15:05.104 [viewport] source=onRealViewportChanged result resized=false outgrewGuard=false candidateRows=24 candidateCols=80 emulatorRows=24 emulatorCols=80
2026-08-21T10:15:42.775 [viewport] source=onViewportSizeChanged oldW=800 oldH=480 newW=800 newH=480 viewportSeeded=true emulatorRows=24 emulatorCols=80
2026-08-21T10:15:42.775 [viewport] viewportOutgrewEmulator: source=onViewportSizeChanged viewport_rows=24 emulator_rows=24 viewport_cols=80 emulator_cols=80 viewport_w=800 viewport_h=480 cell_w=10 cell_h=20 operandsReady=true → false
2026-08-21T10:15:42.775 [viewport] source=onViewportSizeChanged result resized=false outgrewGuard=false candidateRows=24 candidateCols=80 emulatorRows=24 emulatorCols=80
2026-08-21T10:15:42.775 [viewport] source=onRealViewportChanged oldW=800 oldH=480 newW=800 newH=480 viewportSeeded=true emulatorRows=24 emulatorCols=80
2026-08-21T10:15:42.775 [reflow] source=resume view_width_px=800 cell_width_px=10 derived_cols=80 last_sent_cols=80
2026-08-21T10:15:42.775 [viewport] viewportOutgrewEmulator: source=onRealViewportChanged viewport_rows=24 emulator_rows=24 viewport_cols=80 emulator_cols=80 viewport_w=800 viewport_h=480 cell_w=10 cell_h=20 operandsReady=true → false
2026-08-21T10:15:42.775 [viewport] source=onRealViewportChanged cellsDirty=false resume_rows=24 emulator_rows=24 resume_cols=80 emulator_cols=80 outgrew=false mismatch=false → false
2026-08-21T10:15:42.775 [viewport] source=onRealViewportChanged result resized=false outgrewGuard=false candidateRows=24 candidateCols=80 emulatorRows=24 emulatorCols=80
2026-08-21T10:16:16.513 [viewport] source=onViewportSizeChanged oldW=800 oldH=480 newW=800 newH=480 viewportSeeded=true emulatorRows=24 emulatorCols=80
2026-08-21T10:16:16.513 [viewport] viewportOutgrewEmulator: source=onViewportSizeChanged viewport_rows=24 emulator_rows=24 viewport_cols=80 emulator_cols=80 viewport_w=800 viewport_h=480 cell_w=10 cell_h=20 operandsReady=true → false
2026-08-21T10:16:16.513 [viewport] source=onViewportSizeChanged result resized=false outgrewGuard=false candidateRows=24 candidateCols=80 emulatorRows=24 emulatorCols=80
2026-08-21T10:16:16.513 [viewport] source=onRealViewportChanged oldW=800 oldH=480 newW=800 newH=480 viewportSeeded=true emulatorRows=24 emulatorCols=80
2026-08-21T10:16:16.513 [reflow] source=resume view_width_px=800 cell_width_px=10 derived_cols=80 last_sent_cols=80
2026-08-21T10:16:16.513 [viewport] viewportOutgrewEmulator: source=onRealViewportChanged viewport_rows=24 emulator_rows=24 viewport_cols=80 emulator_cols=80 viewport_w=800 viewport_h=480 cell_w=10 cell_h=20 operandsReady=true → false
2026-08-21T10:16:16.513 [viewport] source=onRealViewportChanged cellsDirty=false resume_rows=24 emulator_rows=24 resume_cols=80 emulator_cols=80 outgrew=false mismatch=false → false
2026-08-21T10:16:16.513 [viewport] source=onRealViewportChanged result resized=false outgrewGuard=false candidateRows=24 candidateCols=80 emulatorRows=24 emulatorCols=80
2026-08-21T10:16:57.980 [viewport] source=onViewportSizeChanged oldW=800 oldH=480 newW=800 newH=480 viewportSeeded=true emulatorRows=24 emulatorCols=80
2026-08-21T10:16:57.980 [viewport] viewportOutgrewEmulator: source=onViewportSizeChanged viewport_rows=24 emulator_rows=24 viewport_cols=80 emulator_cols=80 viewport_w=800 viewport_h=480 cell_w=10 cell_h=20 operandsReady=true → false
2026-08-21T10:16:57.980 [viewport] source=onViewportSizeChanged result resized=false outgrewGuard=false candidateRows=24 candidateCols=80 emulatorRows=24 emulatorCols=80
2026-08-21T10:16:57.980 [viewport] source=onRealViewportChanged oldW=800 oldH=480 newW=800 newH=480 viewportSeeded=true emulatorRows=24 emulatorCols=80
2026-08-21T10:16:57.980 [reflow] source=resume view_width_px=800 cell_width_px=10 derived_cols=80 last_sent_cols=80
2026-08-21T10:16:57.980 [viewport] viewportOutgrewEmulator: source=onRealViewportChanged viewport_rows=24 emulator_rows=24 viewport_cols=80 emulator_cols=80 viewport_w=800 viewport_h=480 cell_w=10 cell_h=20 operandsReady=true → false
2026-08-21T10:16:57.980 [viewport] source=onRealViewportChanged cellsDirty=false resume_rows=24 emulator_rows=24 resume_cols=80 emulator_cols=80 outgrew=false mismatch=false → false
2026-08-21T10:16:57.980 [viewport] source=onRealViewportChanged result resized=false outgrewGuard=false candidateRows=24 candidateCols=80 emulatorRows=24 emulatorCols=80
2026-08-21T10:17:35.048 [viewport] source=onViewportSizeChanged oldW=800 oldH=480 newW=800 newH=480 viewportSeeded=true emulatorRows=24 emulatorCols=80
2026-08-21T10:17:35.048 [viewport] viewportOutgrewEmulator: source=onViewportSizeChanged viewport_rows=24 emulator_rows=24 viewport_cols=80 emulator_cols=80 viewport_w=800 viewport_h=480 cell_w=10 cell_h=20 operandsReady=true → false
2026-08-21T10:17:35.048 [viewport] source=onViewportSizeChanged result resized=false outgrewGuard=false candidateRows=24 candidateCols=80 emulatorRows=24 emulatorCols=80
2026-08-21T10:17:35.048 [viewport] source=onRealViewportChanged oldW=800 oldH=480 newW=800 newH=480 viewportSeeded=true emulatorRows=24 emulatorCols=80
2026-08-21T10:17:35.048 [reflow] source=resume view_width_px=800 cell_width_px=10 derived_cols=80 last_sent_cols=80
2026-08-21T10:17:35.048 [viewport] viewportOutgrewEmulator: source=onRealViewportChanged viewport_rows=24 emulator_rows=24 viewport_cols=80 emulator_cols=80 viewport_w=800 viewport_h=480 cell_w=10 cell_h=20 operandsReady=true → false
2026-08-21T10:17:35.048 [viewport] source=onRealViewportChanged cellsDirty=false resume_rows=24 emulator_rows=24 resume_cols=80 emulator_cols=80 outgrew=false mismatch=false → false
2026-08-21T10:17:35.048 [viewport] source=onRealViewportChanged result resized=false outgrewGuard=false candidateRows=24 candidateCols=80 emulatorRows=24 emulatorCols=80
2026-08-21T10:18:11.907 [viewport] source=onViewportSizeChanged oldW=800 oldH=480 newW=800 newH=480 viewportSeeded=true emulatorRows=24 emulatorCols=80
2026-08-21T10:18:11.907 [viewport] viewportOutgrewEmulator: source=onViewportSizeChanged viewport_rows=24 emulator_rows=24 viewport_cols=80 emulator_cols=80 viewport_w=800 viewport_h=480 cell_w=10 cell_h=20 operandsReady=true → false
2026-08-21T10:18:11.907 [viewport] source=onViewportSizeChanged result resized=false outgrewGuard=false candidateRows=24 candidateCols=80 emulatorRows=24 emulatorCols=80
2026-08-21T10:18:11.907 [viewport] source=onRealViewportChanged oldW=800 oldH=480 newW=800 newH=480 viewportSeeded=true emulatorRows=24 emulatorCols=80
2026-08-21T10:18:11.907 [reflow] source=resume view_width_px=800 cell_width_px=10 derived_cols=80 last_sent_cols=80
2026-08-21T10:18:11.907 [viewport] viewportOutgrewEmulator: source=onRealViewportChanged viewport_rows=24 emulator_rows=24 viewport_cols=80 emulator_cols=80 viewport_w=800 viewport_h=480 cell_w=10 cell_h=20 operandsReady=true → false
2026-08-21T10:18:11.907 [viewport] source=onRealViewportChanged cellsDirty=false resume_rows=24 emulator_rows=24 resume_cols=80 emulator_cols=80 outgrew=false mismatch=false → false
2026-08-21T10:18:11.907 [viewport] source=onRealViewportChanged result resized=false outgrewGuard=false candidateRows=24 candidateCols=80 emulatorRows=24 emulatorCols=80
2026-08-21T10:18:44.225 [viewport] source=onViewportSizeChanged oldW=800 oldH=480 newW=800 newH=480 viewportSeeded=true emulatorRows=24 emulatorCols=80
2026-08-21T10:18:44.225 [viewport] viewportOutgrewEmulator: source=onViewportSizeChanged viewport_rows=24 emulator_rows=24 viewport_cols=80 emulator_cols=80 viewport_w=800 viewport_h=480 cell_w=10 cell_h=20 operandsReady=true → false
2026-08-21T10:18:44.225 [viewport] source=onViewportSizeChanged result resized=false outgrewGuard=false candidateRows=24 candidateCols=80 emulatorRows=24 emulatorCols=80
2026-08-21T10:18:44.225 [viewport] source=onRealViewportChanged oldW=800 oldH=480 newW=800 newH=480 viewportSeeded=true emulatorRows=24 emulatorCols=80
2026-08-21T10:18:44.225 [reflow] source=resume view_width_px=800 cell_width_px=10 derived_cols=80 last_sent_cols=80
2026-08-21T10:18:44.225 [viewport] viewportOutgrewEmulator: source=onRealViewportChanged viewport_rows=24 emulator_rows=24 viewport_cols=80 emulator_cols=80 viewport_w=800 viewport_h=480 cell_w=10 cell_h=20 operandsReady=true → false
2026-08-21T10:18:44.225 [viewport] source=onRealViewportChanged cellsDirty=false resume_rows=24 emulator_rows=24 resume_cols=80 emulator_cols=80 outgrew=false mismatch=false → false
2026-08-21T10:18:44.225 [viewport] source=onRealViewportChanged result resized=false outgrewGuard=false candidateRows=24 candidateCols=80 emulatorRows=24 emulatorCols=80
2026-08-21T10:20:12.467 [viewport] source=onViewportSizeChanged oldW=800 oldH=480 newW=800 newH=480 viewportSeeded=true emulatorRows=24 emulatorCols=80
2026-08-21T10:20:12.467 [viewport] viewportOutgrewEmulator: source=onViewportSizeChanged viewport_rows=24 emulator_rows=24 viewport_cols=80 emulator_cols=80 viewport_w=800 viewport_h=480 cell_w=10 cell_h=20 operandsReady=true → false
2026-08-21T10:20:12.467 [viewport] source=onViewportSizeChanged result resized=false outgrewGuard=false candidateRows=24 candidateCols=80 emulatorRows=24 emulatorCols=80
2026-08-21T10:20:12.467 [viewport] source=onRealViewportChanged oldW=800 oldH=480 newW=800 newH=480 viewportSeeded=true emulatorRows=24 emulatorCols=80
2026-08-21T10:20:12.467 [reflow] source=resume view_width_px=800 cell_width_px=10 derived_cols=80 last_sent_cols=80
2026-08-21T10:20:12.467 [viewport] viewportOutgrewEmulator: source=onRealViewportChanged viewport_rows=24 emulator_rows=24 viewport_cols=80 emulator_cols=80 viewport_w=800 viewport_h=480 cell_w=10 cell_h=20 operandsReady=true → false
2026-08-21T10:20:12.467 [viewport] source=onRealViewportChanged cellsDirty=false resume_rows=24 emulator_rows=24 resume_cols=80 emulator_cols=80 outgrew=false mismatch=false → false
2026-08-21T10:20:12.467 [viewport] source=onRealViewportChanged result resized=false outgrewGuard=false candidateRows=24 candidateCols=80 emulatorRows=24 emulatorCols=80
2026-08-21T10:20:54.348 [viewport] source=onViewportSizeChanged oldW=800 oldH=480 newW=800 newH=480 viewportSeeded=true emulatorRows=24 emulatorCols=80
2026-08-21T10:20:54.348 [viewport] viewportOutgrewEmulator: source=onViewportSizeChanged viewport_rows=24 emulator_rows=24 viewport_cols=80 emulator_cols=80 viewport_w=800 viewport_h=480 cell_w=10 cell_h=20 operandsReady=true → false
2026-08-21T10:20:54.348 [viewport] source=onViewportSizeChanged result resized=false outgrewGuard=false candidateRows=24 candidateCols=80 emulatorRows=24 emulatorCols=80
2026-08-21T10:20:54.348 [viewport] source=onRealViewportChanged oldW=800 oldH=480 newW=800 newH=480 viewportSeeded=true emulatorRows=24 emulatorCols=80
2026-08-21T10:20:54.348 [reflow] source=resume view_width_px=800 cell_width_px=10 derived_cols=80 last_sent_cols=80
2026-08-21T10:20:54.348 [viewport] viewportOutgrewEmulator: source=onRealViewportChanged viewport_rows=24 emulator_rows=24 viewport_cols=80 emulator_cols=80 viewport_w=800 viewport_h=480 cell_w=10 cell_h=20 operandsReady=true → false
2026-08-21T10:20:54.348 [viewport] source=onRealViewportChanged cellsDirty=false resume_rows=24 emulator_rows=24 resume_cols=80 emulator_cols=80 outgrew=false mismatch=false → false
2026-08-21T10:20:54.348 [viewport] source=onRealViewportChanged result resized=false outgrewGuard=false candidateRows=24 candidateCols=80 emulatorRows=24 emulatorCols=80
2026-08-21T10:21:36.386 [viewport] source=onViewportSizeChanged oldW=800 oldH=480 newW=800 newH=480 viewportSeeded=true emulatorRows=24 emulatorCols=80
2026-08-21T10:21:36.386 [viewport] viewportOutgrewEmulator: source=onViewportSizeChanged viewport_rows=24 emulator_rows=24 viewport_cols=80 emulator_cols=80 viewport_w=800 viewport_h=480 cell_w=10 cell_h=20 operandsReady=true → false
2026-08-21T10:21:36.386 [viewport] source=onViewportSizeChanged result resized=false outgrewGuard=false candidateRows=24 candidateCols=80 emulatorRows=24 emulatorCols=80
2026-08-21T10:21:36.386 [viewport] source=onRealViewportChanged oldW=800 oldH=480 newW=800 newH=480 viewportSeeded=true emulatorRows=24 emulatorCols=80
2026-08-21T10:21:36.386 [reflow] source=resume view_width_px=800 cell_width_px=10 derived_cols=80 last_sent_cols=80
2026-08-21T10:21:36.386 [viewport] viewportOutgrewEmulator: source=onRealViewportChanged viewport_rows=24 emulator_rows=24 viewport_cols=80 emulator_cols=80 viewport_w=800 viewport_h=480 cell_w=10 cell_h=20 operandsReady=true → false
2026-08-21T10:21:36.386 [viewport] source=onRealViewportChanged cellsDirty=false resume_rows=24 emulator_rows=24 resume_cols=80 emulator_cols=80 outgrew=false mismatch=false → false
2026-08-21T10:21:36.386 [viewport] source=onRealViewportChanged result resized=false outgrewGuard=false candidateRows=24 candidateCols=80 emulatorRows=24 emulatorCols=80
2026-08-21T10:22:12.677 [viewport] source=onViewportSizeChanged oldW=800 oldH=480 newW=800 newH=480 viewportSeeded=true emulatorRows=24 emulatorCols=80
2026-08-21T10:22:12.677 [viewport] viewportOutgrewEmulator: source=onViewportSizeChanged viewport_rows=24 emulator_rows=24 viewport_cols=80 emulator_cols=80 viewport_w=800 viewport_h=480 cell_w=10 cell_h=20 operandsReady=true → false
2026-08-21T10:22:12.677 [viewport] source=onViewportSizeChanged result resized=false outgrewGuard=false candidateRows=24 candidateCols=80 emulatorRows=24 emulatorCols=80
2026-08-21T10:22:12.677 [viewport] source=onRealViewportChanged oldW=800 oldH=480 newW=800 newH=480 viewportSeeded=true emulatorRows=24 emulatorCols=80
2026-08-21T10:22:12.677 [reflow] source=resume view_width_px=800 cell_width_px=10 derived_cols=80 last_sent_cols=80
2026-08-21T10:22:12.677 [viewport] viewportOutgrewEmulator: source=onRealViewportChanged viewport_rows=24 emulator_rows=24 viewport_cols=80 emulator_cols=80 viewport_w=800 viewport_h=480 cell_w=10 cell_h=20 operandsReady=true → false
2026-08-21T10:22:12.677 [viewport] source=onRealViewportChanged cellsDirty=false resume_rows=24 emulator_rows=24 resume_cols=80 emulator_cols=80 outgrew=false mismatch=false → false
2026-08-21T10:22:12.677 [viewport] source=onRealViewportChanged result resized=false outgrewGuard=false candidateRows=24 candidateCols=80 emulatorRows=24 emulatorCols=80
2026-08-21T10:22:56.234 [viewport] source=onViewportSizeChanged oldW=800 oldH=480 newW=800 newH=480 viewportSeeded=true emulatorRows=24 emulatorCols=80
2026-08-21T10:22:56.234 [viewport] viewportOutgrewEmulator: source=onViewportSizeChanged viewport_rows=24 emulator_rows=24 viewport_cols=80 emulator_cols=80 viewport_w=800 viewport_h=480 cell_w=10 cell_h=20 operandsReady=true → false
2026-08-21T10:22:56.234 [viewport] source=onViewportSizeChanged result resized=false outgrewGuard=false candidateRows=24 candidateCols=80 emulatorRows=24 emulatorCols=80
2026-08-21T10:22:56.234 [viewport] source=onRealViewportChanged oldW=800 oldH=480 newW=800 newH=480 viewportSeeded=true emulatorRows=24 emulatorCols=80
2026-08-21T10:22:56.234 [reflow] source=resume view_width_px=800 cell_width_px=10 derived_cols=80 last_sent_cols=80
2026-08-21T10:22:56.234 [viewport] viewportOutgrewEmulator: source=onRealViewportChanged viewport_rows=24 emulator_rows=24 viewport_cols=80 emulator_cols=80 viewport_w=800 viewport_h=480 cell_w=10 cell_h=20 operandsReady=true → false
2026-08-21T10:22:56.234 [viewport] source=onRealViewportChanged cellsDirty=false resume_rows=24 emulator_rows=24 resume_cols=80 emulator_cols=80 outgrew=false mismatch=false → false
2026-08-21T10:22:56.234 [viewport] source=onRealViewportChanged result resized=false outgrewGuard=false candidateRows=24 candidateCols=80 emulatorRows=24 emulatorCols=80
2026-08-21T10:23:49.265 [viewport] source=onViewportSizeChanged oldW=800 oldH=480 newW=800 newH=480 viewportSeeded=true emulatorRows=24 emulatorCols=80
2026-08-21T10:23:49.265 [viewport] viewportOutgrewEmulator: source=onViewportSizeChanged viewport_rows=24 emulator_rows=24 viewport_cols=80 emulator_cols=80 viewport_w=800 viewport_h=480 cell_w=10 cell_h=20 operandsReady=true → false
2026-08-21T10:23:49.265 [viewport] source=onViewportSizeChanged result resized=false outgrewGuard=false candidateRows=24 candidateCols=80 emulatorRows=24 emulatorCols=80
2026-08-21T10:23:49.265 [viewport] source=onRealViewportChanged oldW=800 oldH=480 newW=800 newH=480 viewportSeeded=true emulatorRows=24 emulatorCols=80
2026-08-21T10:23:49.265 [reflow] source=resume view_width_px=800 cell_width_px=10 derived_cols=80 last_sent_cols=80
2026-08-21T10:23:49.265 [viewport] viewportOutgrewEmulator: source=onRealViewportChanged viewport_rows=24 emulator_rows=24 viewport_cols=80 emulator_cols=80 viewport_w=800 viewport_h=480 cell_w=10 cell_h=20 operandsReady=true → false
2026-08-21T10:23:49.265 [viewport] source=onRealViewportChanged cellsDirty=false resume_rows=24 emulator_rows=24 resume_cols=80 emulator_cols=80 outgrew=false mismatch=false → false
2026-08-21T10:23:49.265 [viewport] source=onRealViewportChanged result resized=false outgrewGuard=false candidateRows=24 candidateCols=80 emulatorRows=24 emulatorCols=80
2026-08-21T10:24:31.547 [viewport] source=onViewportSizeChanged oldW=800 oldH=480 newW=800 newH=480 viewportSeeded=true emulatorRows=24 emulatorCols=80
2026-08-21T10:24:31.547 [viewport] viewportOutgrewEmulator: source=onViewportSizeChanged viewport_rows=24 emulator_rows=24 viewport_cols=80 emulator_cols=80 viewport_w=800 viewport_h=480 cell_w=10 cell_h=20 operandsReady=true → false
2026-08-21T10:24:31.547 [viewport] source=onViewportSizeChanged result resized=false outgrewGuard=false candidateRows=24 candidateCols=80 emulatorRows=24 emulatorCols=80
2026-08-21T10:24:31.547 [viewport] source=onRealViewportChanged oldW=800 oldH=480 newW=800 newH=480 viewportSeeded=true emulatorRows=24 emulatorCols=80
2026-08-21T10:24:31.547 [reflow] source=resume view_width_px=800 cell_width_px=10 derived_cols=80 last_sent_cols=80
2026-08-21T10:24:31.547 [viewport] viewportOutgrewEmulator: source=onRealViewportChanged viewport_rows=24 emulator_rows=24 viewport_cols=80 emulator_cols=80 viewport_w=800 viewport_h=480 cell_w=10 cell_h=20 operandsReady=true → false
2026-08-21T10:24:31.547 [viewport] source=onRealViewportChanged cellsDirty=false resume_rows=24 emulator_rows=24 resume_cols=80 emulator_cols=80 outgrew=false mismatch=false → false
2026-08-21T10:24:31.547 [viewport] source=onRealViewportChanged result resized=false outgrewGuard=false candidateRows=24 candidateCols=80 emulatorRows=24 emulatorCols=80
2026-08-21T10:25:08.195 [viewport] source=onViewportSizeChanged oldW=800 oldH=480 newW=800 newH=480 viewportSeeded=true emulatorRows=24 emulatorCols=80
2026-08-21T10:25:08.195 [viewport] viewportOutgrewEmulator: source=onViewportSizeChanged viewport_rows=24 emulator_rows=24 viewport_cols=80 emulator_cols=80 viewport_w=800 viewport_h=480 cell_w=10 cell_h=20 operandsReady=true → false
2026-08-21T10:25:08.195 [viewport] source=onViewportSizeChanged result resized=false outgrewGuard=false candidateRows=24 candidateCols=80 emulatorRows=24 emulatorCols=80
2026-08-21T10:25:08.195 [viewport] source=onRealViewportChanged oldW=800 oldH=480 newW=800 newH=480 viewportSeeded=true emulatorRows=24 emulatorCols=80
2026-08-21T10:25:08.195 [reflow] source=resume view_width_px=800 cell_width_px=10 derived_cols=80 last_sent_cols=80
2026-08-21T10:25:08.195 [viewport] viewportOutgrewEmulator: source=onRealViewportChanged viewport_rows=24 emulator_rows=24 viewport_cols=80 emulator_cols=80 viewport_w=800 viewport_h=480 cell_w=10 cell_h=20 operandsReady=true → false
2026-08-21T10:25:08.195 [viewport] source=onRealViewportChanged cellsDirty=false resume_rows=24 emulator_rows=24 resume_cols=80 emulator_cols=80 outgrew=false mismatch=false → false
2026-08-21T10:25:08.195 [viewport] source=onRealViewportChanged result resized=false outgrewGuard=false candidateRows=24 candidateCols=80 emulatorRows=24 emulatorCols=80
2026-08-21T10:25:46.752 [viewport] source=onViewportSizeChanged oldW=800 oldH=480 newW=800 newH=480 viewportSeeded=true emulatorRows=24 emulatorCols=80
2026-08-21T10:25:46.752 [viewport] viewportOutgrewEmulator: source=onViewportSizeChanged viewport_rows=24 emulator_rows=24 viewport_cols=80 emulator_cols=80 viewport_w=800 viewport_h=480 cell_w=10 cell_h=20 operandsReady=true → false
2026-08-21T10:25:46.752 [viewport] source=onViewportSizeChanged result resized=false outgrewGuard=false candidateRows=24 candidateCols=80 emulatorRows=24 emulatorCols=80
2026-08-21T10:25:46.752 [viewport] source=onRealViewportChanged oldW=800 oldH=480 newW=800 newH=480 viewportSeeded=true emulatorRows=24 emulatorCols=80
2026-08-21T10:25:46.752 [reflow] source=resume view_width_px=800 cell_width_px=10 derived_cols=80 last_sent_cols=80
2026-08-21T10:25:46.752 [viewport] viewportOutgrewEmulator: source=onRealViewportChanged viewport_rows=24 emulator_rows=24 viewport_cols=80 emulator_cols=80 viewport_w=800 viewport_h=480 cell_w=10 cell_h=20 operandsReady=true → false
2026-08-21T10:25:46.752 [viewport] source=onRealViewportChanged cellsDirty=false resume_rows=24 emulator_rows=24 resume_cols=80 emulator_cols=80 outgrew=false mismatch=false → false
2026-08-21T10:25:46.752 [viewport] source=onRealViewportChanged result resized=false outgrewGuard=false candidateRows=24 candidateCols=80 emulatorRows=24 emulatorCols=80
2026-08-21T10:26:21.206 [viewport] source=onViewportSizeChanged oldW=800 oldH=480 newW=800 newH=480 viewportSeeded=true emulatorRows=24 emulatorCols=80
2026-08-21T10:26:21.206 [viewport] viewportOutgrewEmulator: source=onViewportSizeChanged viewport_rows=24 emulator_rows=24 viewport_cols=80 emulator_cols=80 viewport_w=800 viewport_h=480 cell_w=10 cell_h=20 operandsReady=true → false
2026-08-21T10:26:21.206 [viewport] source=onViewportSizeChanged result resized=false outgrewGuard=false candidateRows=24 candidateCols=80 emulatorRows=24 emulatorCols=80
2026-08-21T10:26:21.206 [viewport] source=onRealViewportChanged oldW=800 oldH=480 newW=800 newH=480 viewportSeeded=true emulatorRows=24 emulatorCols=80
2026-08-21T10:26:21.206 [reflow] source=resume view_width_px=800 cell_width_px=10 derived_cols=80 last_sent_cols=80
2026-08-21T10:26:21.206 [viewport] viewportOutgrewEmulator: source=onRealViewportChanged viewport_rows=24 emulator_rows=24 viewport_cols=80 emulator_cols=80 viewport_w=800 viewport_h=480 cell_w=10 cell_h=20 operandsReady=true → false
2026-08-21T10:26:21.206 [viewport] source=onRealViewportChanged cellsDirty=false resume_rows=24 emulator_rows=24 resume_cols=80 emulator_cols=80 outgrew=false mismatch=false → false
2026-08-21T10:26:21.206 [viewport] source=onRealViewportChanged result resized=false outgrewGuard=false candidateRows=24 candidateCols=80 emulatorRows=24 emulatorCols=80
2026-08-21T10:27:02.987 [viewport] source=onViewportSizeChanged oldW=800 oldH=480 newW=800 newH=480 viewportSeeded=true emulatorRows=24 emulatorCols=80
2026-08-21T10:27:02.987 [viewport] viewportOutgrewEmulator: source=onViewportSizeChanged viewport_rows=24 emulator_rows=24 viewport_cols=80 emulator_cols=80 viewport_w=800 viewport_h=480 cell_w=10 cell_h=20 operandsReady=true → false
2026-08-21T10:27:02.987 [viewport] source=onViewportSizeChanged result resized=false outgrewGuard=false candidateRows=24 candidateCols=80 emulatorRows=24 emulatorCols=80
2026-08-21T10:27:02.987 [viewport] source=onRealViewportChanged oldW=800 oldH=480 newW=800 newH=480 viewportSeeded=true emulatorRows=24 emulatorCols=80
2026-08-21T10:27:02.987 [reflow] source=resume view_width_px=800 cell_width_px=10 derived_cols=80 last_sent_cols=80
2026-08-21T10:27:02.987 [viewport] viewportOutgrewEmulator: source=onRealViewportChanged viewport_rows=24 emulator_rows=24 viewport_cols=80 emulator_cols=80 viewport_w=800 viewport_h=480 cell_w=10 cell_h=20 operandsReady=true → false
2026-08-21T10:27:02.987 [viewport] source=onRealViewportChanged cellsDirty=false resume_rows=24 emulator_rows=24 resume_cols=80 emulator_cols=80 outgrew=false mismatch=false → false
2026-08-21T10:27:02.987 [viewport] source=onRealViewportChanged result resized=false outgrewGuard=false candidateRows=24 candidateCols=80 emulatorRows=24 emulatorCols=80
2026-08-21T10:27:40.033 [viewport] source=onViewportSizeChanged oldW=800 oldH=480 newW=800 newH=480 viewportSeeded=true emulatorRows=24 emulatorCols=80
2026-08-21T10:27:40.033 [viewport] viewportOutgrewEmulator: source=onViewportSizeChanged viewport_rows=24 emulator_rows=24 viewport_cols=80 emulator_cols=80 viewport_w=800 viewport_h=480 cell_w=10 cell_h=20 operandsReady=true → false
2026-08-21T10:27:40.033 [viewport] source=onViewportSizeChanged result resized=false outgrewGuard=false candidateRows=24 candidateCols=80 emulatorRows=24 emulatorCols=80
2026-08-21T10:27:40.033 [viewport] source=onRealViewportChanged oldW=800 oldH=480 newW=800 newH=480 viewportSeeded=true emulatorRows=24 emulatorCols=80
2026-08-21T10:27:40.033 [reflow] source=resume view_width_px=800 cell_width_px=10 derived_cols=80 last_sent_cols=80
2026-08-21T10:27:40.033 [viewport] viewportOutgrewEmulator: source=onRealViewportChanged viewport_rows=24 emulator_rows=24 viewport_cols=80 emulator_cols=80 viewport_w=800 viewport_h=480 cell_w=10 cell_h=20 operandsReady=true → false
2026-08-21T10:27:40.033 [viewport] source=onRealViewportChanged cellsDirty=false resume_rows=24 emulator_rows=24 resume_cols=80 emulator_cols=80 outgrew=false mismatch=false → false
2026-08-21T10:27:40.033 [viewport] source=onRealViewportChanged result resized=false outgrewGuard=false candidateRows=24 candidateCols=80 emulatorRows=24 emulatorCols=80
2026-08-21T10:28:17.704 [viewport] source=onViewportSizeChanged oldW=800 oldH=480 newW=800 newH=480 viewportSeeded=true emulatorRows=24 emulatorCols=80
2026-08-21T10:28:17.704 [viewport] viewportOutgrewEmulator: source=onViewportSizeChanged viewport_rows=24 emulator_rows=24 viewport_cols=80 emulator_cols=80 viewport_w=800 viewport_h=480 cell_w=10 cell_h=20 operandsReady=true → false
2026-08-21T10:28:17.704 [viewport] source=onViewportSizeChanged result resized=false outgrewGuard=false candidateRows=24 candidateCols=80 emulatorRows=24 emulatorCols=80
2026-08-21T10:28:17.704 [viewport] source=onRealViewportChanged oldW=800 oldH=480 newW=800 newH=480 viewportSeeded=true emulatorRows=24 emulatorCols=80
2026-08-21T10:28:17.704 [reflow] source=resume view_width_px=800 cell_width_px=10 derived_cols=80 last_sent_cols=80
2026-08-21T10:28:17.704 [viewport] viewportOutgrewEmulator: source=onRealViewportChanged viewport_rows=24 emulator_rows=24 viewport_cols=80 emulator_cols=80 viewport_w=800 viewport_h=480 cell_w=10 cell_h=20 operandsReady=true → false
2026-08-21T10:28:17.704 [viewport] source=onRealViewportChanged cellsDirty=false resume_rows=24 emulator_rows=24 resume_cols=80 emulator_cols=80 outgrew=false mismatch=false → false
2026-08-21T10:28:17.704 [viewport] source=onRealViewportChanged result resized=false outgrewGuard=false candidateRows=24 candidateCols=80 emulatorRows=24 emulatorCols=80
2026-08-21T10:33:07.261 [viewport] source=onViewportSizeChanged oldW=800 oldH=480 newW=800 newH=480 viewportSeeded=true emulatorRows=24 emulatorCols=80
2026-08-21T10:33:07.261 [viewport] viewportOutgrewEmulator: source=onViewportSizeChanged viewport_rows=24 emulator_rows=24 viewport_cols=80 emulator_cols=80 viewport_w=800 viewport_h=480 cell_w=10 cell_h=20 operandsReady=true → false
2026-08-21T10:33:07.261 [viewport] source=onViewportSizeChanged result resized=false outgrewGuard=false candidateRows=24 candidateCols=80 emulatorRows=24 emulatorCols=80
2026-08-21T10:33:07.261 [viewport] source=onRealViewportChanged oldW=800 oldH=480 newW=800 newH=480 viewportSeeded=true emulatorRows=24 emulatorCols=80
2026-08-21T10:33:07.261 [reflow] source=resume view_width_px=800 cell_width_px=10 derived_cols=80 last_sent_cols=80
2026-08-21T10:33:07.261 [viewport] viewportOutgrewEmulator: source=onRealViewportChanged viewport_rows=24 emulator_rows=24 viewport_cols=80 emulator_cols=80 viewport_w=800 viewport_h=480 cell_w=10 cell_h=20 operandsReady=true → false
2026-08-21T10:33:07.261 [viewport] source=onRealViewportChanged cellsDirty=false resume_rows=24 emulator_rows=24 resume_cols=80 emulator_cols=80 outgrew=false mismatch=false → false
2026-08-21T10:33:07.261 [viewport] source=onRealViewportChanged result resized=false outgrewGuard=false candidateRows=24 candidateCols=80 emulatorRows=24 emulatorCols=80
2026-08-21T10:33:57.284 [viewport] source=onViewportSizeChanged oldW=800 oldH=480 newW=800 newH=480 viewportSeeded=true emulatorRows=24 emulatorCols=80
2026-08-21T10:33:57.284 [viewport] viewportOutgrewEmulator: source=onViewportSizeChanged viewport_rows=24 emulator_rows=24 viewport_cols=80 emulator_cols=80 viewport_w=800 viewport_h=480 cell_w=10 cell_h=20 operandsReady=true → false
2026-08-21T10:33:57.284 [viewport] source=onViewportSizeChanged result resized=false outgrewGuard=false candidateRows=24 candidateCols=80 emulatorRows=24 emulatorCols=80
2026-08-21T10:33:57.284 [viewport] source=onRealViewportChanged oldW=800 oldH=480 newW=800 newH=480 viewportSeeded=true emulatorRows=24 emulatorCols=80
2026-08-21T10:33:57.284 [reflow] source=resume view_width_px=800 cell_width_px=10 derived_cols=80 last_sent_cols=80
2026-08-21T10:33:57.284 [viewport] viewportOutgrewEmulator: source=onRealViewportChanged viewport_rows=24 emulator_rows=24 viewport_cols=80 emulator_cols=80 viewport_w=800 viewport_h=480 cell_w=10 cell_h=20 operandsReady=true → false
2026-08-21T10:33:57.284 [viewport] source=onRealViewportChanged cellsDirty=false resume_rows=24 emulator_rows=24 resume_cols=80 emulator_cols=80 outgrew=false mismatch=false → false
2026-08-21T10:33:57.284 [viewport] source=onRealViewportChanged result resized=false outgrewGuard=false candidateRows=24 candidateCols=80 emulatorRows=24 emulatorCols=80
2026-08-21T10:34:59.153 [viewport] source=onViewportSizeChanged oldW=800 oldH=480 newW=800 newH=480 viewportSeeded=true emulatorRows=24 emulatorCols=80
2026-08-21T10:34:59.153 [viewport] viewportOutgrewEmulator: source=onViewportSizeChanged viewport_rows=24 emulator_rows=24 viewport_cols=80 emulator_cols=80 viewport_w=800 viewport_h=480 cell_w=10 cell_h=20 operandsReady=true → false
2026-08-21T10:34:59.153 [viewport] source=onViewportSizeChanged result resized=false outgrewGuard=false candidateRows=24 candidateCols=80 emulatorRows=24 emulatorCols=80
2026-08-21T10:34:59.153 [viewport] source=onRealViewportChanged oldW=800 oldH=480 newW=800 newH=480 viewportSeeded=true emulatorRows=24 emulatorCols=80
2026-08-21T10:34:59.153 [reflow] source=resume view_width_px=800 cell_width_px=10 derived_cols=80 last_sent_cols=80
2026-08-21T10:34:59.153 [viewport] viewportOutgrewEmulator: source=onRealViewportChanged viewport_rows=24 emulator_rows=24 viewport_cols=80 emulator_cols=80 viewport_w=800 viewport_h=480 cell_w=10 cell_h=20 operandsReady=true → false
2026-08-21T10:34:59.153 [viewport] source=onRealViewportChanged cellsDirty=false resume_rows=24 emulator_rows=24 resume_cols=80 emulator_cols=80 outgrew=false mismatch=false → false
2026-08-21T10:34:59.153 [viewport] source=onRealViewportChanged result resized=false outgrewGuard=false candidateRows=24 candidateCols=80 emulatorRows=24 emulatorCols=80
2026-08-21T10:35:37.917 [viewport] source=onViewportSizeChanged oldW=800 oldH=480 newW=800 newH=480 viewportSeeded=true emulatorRows=24 emulatorCols=80
2026-08-21T10:35:37.917 [viewport] viewportOutgrewEmulator: source=onViewportSizeChanged viewport_rows=24 emulator_rows=24 viewport_cols=80 emulator_cols=80 viewport_w=800 viewport_h=480 cell_w=10 cell_h=20 operandsReady=true → false
2026-08-21T10:35:37.917 [viewport] source=onViewportSizeChanged result resized=false outgrewGuard=false candidateRows=24 candidateCols=80 emulatorRows=24 emulatorCols=80
2026-08-21T10:35:37.917 [viewport] source=onRealViewportChanged oldW=800 oldH=480 newW=800 newH=480 viewportSeeded=true emulatorRows=24 emulatorCols=80
2026-08-21T10:35:37.917 [reflow] source=resume view_width_px=800 cell_width_px=10 derived_cols=80 last_sent_cols=80
2026-08-21T10:35:37.917 [viewport] viewportOutgrewEmulator: source=onRealViewportChanged viewport_rows=24 emulator_rows=24 viewport_cols=80 emulator_cols=80 viewport_w=800 viewport_h=480 cell_w=10 cell_h=20 operandsReady=true → false
2026-08-21T10:35:37.917 [viewport] source=onRealViewportChanged cellsDirty=false resume_rows=24 emulator_rows=24 resume_cols=80 emulator_cols=80 outgrew=false mismatch=false → false
2026-08-21T10:35:37.917 [viewport] source=onRealViewportChanged result resized=false outgrewGuard=false candidateRows=24 candidateCols=80 emulatorRows=24 emulatorCols=80
2026-08-21T10:36:33.011 [viewport] source=onViewportSizeChanged oldW=800 oldH=480 newW=800 newH=480 viewportSeeded=true emulatorRows=24 emulatorCols=80
2026-08-21T10:36:33.011 [viewport] viewportOutgrewEmulator: source=onViewportSizeChanged viewport_rows=24 emulator_rows=24 viewport_cols=80 emulator_cols=80 viewport_w=800 viewport_h=480 cell_w=10 cell_h=20 operandsReady=true → false
2026-08-21T10:36:33.011 [viewport] source=onViewportSizeChanged result resized=false outgrewGuard=false candidateRows=24 candidateCols=80 emulatorRows=24 emulatorCols=80
2026-08-21T10:36:33.011 [viewport] source=onRealViewportChanged oldW=800 oldH=480 newW=800 newH=480 viewportSeeded=true emulatorRows=24 emulatorCols=80
2026-08-21T10:36:33.011 [reflow] source=resume view_width_px=800 cell_width_px=10 derived_cols=80 last_sent_cols=80
2026-08-21T10:36:33.011 [viewport] viewportOutgrewEmulator: source=onRealViewportChanged viewport_rows=24 emulator_rows=24 viewport_cols=80 emulator_cols=80 viewport_w=800 viewport_h=480 cell_w=10 cell_h=20 operandsReady=true → false
2026-08-21T10:36:33.011 [viewport] source=onRealViewportChanged cellsDirty=false resume_rows=24 emulator_rows=24 resume_cols=80 emulator_cols=80 outgrew=false mismatch=false → false
2026-08-21T10:36:33.011 [viewport] source=onRealViewportChanged result resized=false outgrewGuard=false candidateRows=24 candidateCols=80 emulatorRows=24 emulatorCols=80
2026-08-21T10:37:15.433 [viewport] source=onViewportSizeChanged oldW=800 oldH=480 newW=800 newH=480 viewportSeeded=true emulatorRows=24 emulatorCols=80
2026-08-21T10:37:15.433 [viewport] viewportOutgrewEmulator: source=onViewportSizeChanged viewport_rows=24 emulator_rows=24 viewport_cols=80 emulator_cols=80 viewport_w=800 viewport_h=480 cell_w=10 cell_h=20 operandsReady=true → false
2026-08-21T10:37:15.433 [viewport] source=onViewportSizeChanged result resized=false outgrewGuard=false candidateRows=24 candidateCols=80 emulatorRows=24 emulatorCols=80
2026-08-21T10:37:15.433 [viewport] source=onRealViewportChanged oldW=800 oldH=480 newW=800 newH=480 viewportSeeded=true emulatorRows=24 emulatorCols=80
2026-08-21T10:37:15.433 [reflow] source=resume view_width_px=800 cell_width_px=10 derived_cols=80 last_sent_cols=80
2026-08-21T10:37:15.433 [viewport] viewportOutgrewEmulator: source=onRealViewportChanged viewport_rows=24 emulator_rows=24 viewport_cols=80 emulator_cols=80 viewport_w=800 viewport_h=480 cell_w=10 cell_h=20 operandsReady=true → false
2026-08-21T10:37:15.433 [viewport] source=onRealViewportChanged cellsDirty=false resume_rows=24 emulator_rows=24 resume_cols=80 emulator_cols=80 outgrew=false mismatch=false → false
2026-08-21T10:37:15.433 [viewport] source=onRealViewportChanged result resized=false outgrewGuard=false candidateRows=24 candidateCols=80 emulatorRows=24 emulatorCols=80
2026-08-21T10:37:48.017 [viewport] source=onViewportSizeChanged oldW=800 oldH=480 newW=800 newH=480 viewportSeeded=true emulatorRows=24 emulatorCols=80
2026-08-21T10:37:48.017 [viewport] viewportOutgrewEmulator: source=onViewportSizeChanged viewport_rows=24 emulator_rows=24 viewport_cols=80 emulator_cols=80 viewport_w=800 viewport_h=480 cell_w=10 cell_h=20 operandsReady=true → false
2026-08-21T10:37:48.017 [viewport] source=onViewportSizeChanged result resized=false outgrewGuard=false candidateRows=24 candidateCols=80 emulatorRows=24 emulatorCols=80
2026-08-21T10:37:48.017 [viewport] source=onRealViewportChanged oldW=800 oldH=480 newW=800 newH=480 viewportSeeded=true emulatorRows=24 emulatorCols=80
2026-08-21T10:37:48.017 [reflow] source=resume view_width_px=800 cell_width_px=10 derived_cols=80 last_sent_cols=80
2026-08-21T10:37:48.017 [viewport] viewportOutgrewEmulator: source=onRealViewportChanged viewport_rows=24 emulator_rows=24 viewport_cols=80 emulator_cols=80 viewport_w=800 viewport_h=480 cell_w=10 cell_h=20 operandsReady=true → false
2026-08-21T10:37:48.017 [viewport] source=onRealViewportChanged cellsDirty=false resume_rows=24 emulator_rows=24 resume_cols=80 emulator_cols=80 outgrew=false mismatch=false → false
2026-08-21T10:37:48.017 [viewport] source=onRealViewportChanged result resized=false outgrewGuard=false candidateRows=24 candidateCols=80 emulatorRows=24 emulatorCols=80
2026-08-21T10:38:27.584 [viewport] source=onViewportSizeChanged oldW=800 oldH=480 newW=800 newH=480 viewportSeeded=true emulatorRows=24 emulatorCols=80
2026-08-21T10:38:27.584 [viewport] viewportOutgrewEmulator: source=onViewportSizeChanged viewport_rows=24 emulator_rows=24 viewport_cols=80 emulator_cols=80 viewport_w=800 viewport_h=480 cell_w=10 cell_h=20 operandsReady=true → false
2026-08-21T10:38:27.584 [viewport] source=onViewportSizeChanged result resized=false outgrewGuard=false candidateRows=24 candidateCols=80 emulatorRows=24 emulatorCols=80
2026-08-21T10:38:27.584 [viewport] source=onRealViewportChanged oldW=800 oldH=480 newW=800 newH=480 viewportSeeded=true emulatorRows=24 emulatorCols=80
2026-08-21T10:38:27.584 [reflow] source=resume view_width_px=800 cell_width_px=10 derived_cols=80 last_sent_cols=80
2026-08-21T10:38:27.584 [viewport] viewportOutgrewEmulator: source=onRealViewportChanged viewport_rows=24 emulator_rows=24 viewport_cols=80 emulator_cols=80 viewport_w=800 viewport_h=480 cell_w=10 cell_h=20 operandsReady=true → false
2026-08-21T10:38:27.584 [viewport] source=onRealViewportChanged cellsDirty=false resume_rows=24 emulator_rows=24 resume_cols=80 emulator_cols=80 outgrew=false mismatch=false → false
2026-08-21T10:38:27.584 [viewport] source=onRealViewportChanged result resized=false outgrewGuard=false candidateRows=24 candidateCols=80 emulatorRows=24 emulatorCols=80
2026-08-21T10:39:01.722 [viewport] source=onViewportSizeChanged oldW=800 oldH=480 newW=800 newH=480 viewportSeeded=true emulatorRows=24 emulatorCols=80
2026-08-21T10:39:01.722 [viewport] viewportOutgrewEmulator: source=onViewportSizeChanged viewport_rows=24 emulator_rows=24 viewport_cols=80 emulator_cols=80 viewport_w=800 viewport_h=480 cell_w=10 cell_h=20 operandsReady=true → false
2026-08-21T10:39:01.722 [viewport] source=onViewportSizeChanged result resized=false outgrewGuard=false candidateRows=24 candidateCols=80 emulatorRows=24 emulatorCols=80
2026-08-21T10:39:01.722 [viewport] source=onRealViewportChanged oldW=800 oldH=480 newW=800 newH=480 viewportSeeded=true emulatorRows=24 emulatorCols=80
2026-08-21T10:39:01.722 [reflow] source=resume view_width_px=800 cell_width_px=10 derived_cols=80 last_sent_cols=80
2026-08-21T10:39:01.722 [viewport] viewportOutgrewEmulator: source=onRealViewportChanged viewport_rows=24 emulator_rows=24 viewport_cols=80 emulator_cols=80 viewport_w=800 viewport_h=480 cell_w=10 cell_h=20 operandsReady=true → false
2026-08-21T10:39:01.722 [viewport] source=onRealViewportChanged cellsDirty=false resume_rows=24 emulator_rows=24 resume_cols=80 emulator_cols=80 outgrew=false mismatch=false → false
2026-08-21T10:39:01.722 [viewport] source=onRealViewportChanged result resized=false outgrewGuard=false candidateRows=24 candidateCols=80 emulatorRows=24 emulatorCols=80
2026-08-21T10:39:40.427 [viewport] source=onViewportSizeChanged oldW=800 oldH=480 newW=800 newH=480 viewportSeeded=true emulatorRows=24 emulatorCols=80
2026-08-21T10:39:40.427 [viewport] viewportOutgrewEmulator: source=onViewportSizeChanged viewport_rows=24 emulator_rows=24 viewport_cols=80 emulator_cols=80 viewport_w=800 viewport_h=480 cell_w=10 cell_h=20 operandsReady=true → false
2026-08-21T10:39:40.427 [viewport] source=onViewportSizeChanged result resized=false outgrewGuard=false candidateRows=24 candidateCols=80 emulatorRows=24 emulatorCols=80
2026-08-21T10:39:40.427 [viewport] source=onRealViewportChanged oldW=800 oldH=480 newW=800 newH=480 viewportSeeded=true emulatorRows=24 emulatorCols=80
2026-08-21T10:39:40.427 [reflow] source=resume view_width_px=800 cell_width_px=10 derived_cols=80 last_sent_cols=80
2026-08-21T10:39:40.427 [viewport] viewportOutgrewEmulator: source=onRealViewportChanged viewport_rows=24 emulator_rows=24 viewport_cols=80 emulator_cols=80 viewport_w=800 viewport_h=480 cell_w=10 cell_h=20 operandsReady=true → false
2026-08-21T10:39:40.427 [viewport] source=onRealViewportChanged cellsDirty=false resume_rows=24 emulator_rows=24 resume_cols=80 emulator_cols=80 outgrew=false mismatch=false → false
2026-08-21T10:39:40.427 [viewport] source=onRealViewportChanged result resized=false outgrewGuard=false candidateRows=24 candidateCols=80 emulatorRows=24 emulatorCols=80
2026-08-21T10:40:28.970 [viewport] source=onViewportSizeChanged oldW=800 oldH=480 newW=800 newH=480 viewportSeeded=true emulatorRows=24 emulatorCols=80
2026-08-21T10:40:28.970 [viewport] viewportOutgrewEmulator: source=onViewportSizeChanged viewport_rows=24 emulator_rows=24 viewport_cols=80 emulator_cols=80 viewport_w=800 viewport_h=480 cell_w=10 cell_h=20 operandsReady=true → false
2026-08-21T10:40:28.970 [viewport] source=onViewportSizeChanged result resized=false outgrewGuard=false candidateRows=24 candidateCols=80 emulatorRows=24 emulatorCols=80
2026-08-21T10:40:28.970 [viewport] source=onRealViewportChanged oldW=800 oldH=480 newW=800 newH=480 viewportSeeded=true emulatorRows=24 emulatorCols=80
2026-08-21T10:40:28.970 [reflow] source=resume view_width_px=800 cell_width_px=10 derived_cols=80 last_sent_cols=80
2026-08-21T10:40:28.970 [viewport] viewportOutgrewEmulator: source=onRealViewportChanged viewport_rows=24 emulator_rows=24 viewport_cols=80 emulator_cols=80 viewport_w=800 viewport_h=480 cell_w=10 cell_h=20 operandsReady=true → false
2026-08-21T10:40:28.970 [viewport] source=onRealViewportChanged cellsDirty=false resume_rows=24 emulator_rows=24 resume_cols=80 emulator_cols=80 outgrew=false mismatch=false → false
2026-08-21T10:40:28.970 [viewport] source=onRealViewportChanged result resized=false outgrewGuard=false candidateRows=24 candidateCols=80 emulatorRows=24 emulatorCols=80
2026-08-21T10:41:03.290 [viewport] source=onViewportSizeChanged oldW=800 oldH=480 newW=800 newH=480 viewportSeeded=true emulatorRows=24 emulatorCols=80
2026-08-21T10:41:03.290 [viewport] viewportOutgrewEmulator: source=onViewportSizeChanged viewport_rows=24 emulator_rows=24 viewport_cols=80 emulator_cols=80 viewport_w=800 viewport_h=480 cell_w=10 cell_h=20 operandsReady=true → false
2026-08-21T10:41:03.290 [viewport] source=onViewportSizeChanged result resized=false outgrewGuard=false candidateRows=24 candidateCols=80 emulatorRows=24 emulatorCols=80
2026-08-21T10:41:03.290 [viewport] source=onRealViewportChanged oldW=800 oldH=480 newW=800 newH=480 viewportSeeded=true emulatorRows=24 emulatorCols=80
2026-08-21T10:41:03.290 [reflow] source=resume view_width_px=800 cell_width_px=10 derived_cols=80 last_sent_cols=80
2026-08-21T10:41:03.290 [viewport] viewportOutgrewEmulator: source=onRealViewportChanged viewport_rows=24 emulator_rows=24 viewport_cols=80 emulator_cols=80 viewport_w=800 viewport_h=480 cell_w=10 cell_h=20 operandsReady=true → false
2026-08-21T10:41:03.290 [viewport] source=onRealViewportChanged cellsDirty=false resume_rows=24 emulator_rows=24 resume_cols=80 emulator_cols=80 outgrew=false mismatch=false → false
2026-08-21T10:41:03.290 [viewport] source=onRealViewportChanged result resized=false outgrewGuard=false candidateRows=24 candidateCols=80 emulatorRows=24 emulatorCols=80
2026-08-21T10:41:50.831 [viewport] source=onViewportSizeChanged oldW=800 oldH=480 newW=800 newH=480 viewportSeeded=true emulatorRows=24 emulatorCols=80
2026-08-21T10:41:50.831 [viewport] viewportOutgrewEmulator: source=onViewportSizeChanged viewport_rows=24 emulator_rows=24 viewport_cols=80 emulator_cols=80 viewport_w=800 viewport_h=480 cell_w=10 cell_h=20 operandsReady=true → false
2026-08-21T10:41:50.831 [viewport] source=onViewportSizeChanged result resized=false outgrewGuard=false candidateRows=24 candidateCols=80 emulatorRows=24 emulatorCols=80
2026-08-21T10:41:50.831 [viewport] source=onRealViewportChanged oldW=800 oldH=480 newW=800 newH=480 viewportSeeded=true emulatorRows=24 emulatorCols=80
2026-08-21T10:41:50.831 [reflow] source=resume view_width_px=800 cell_width_px=10 derived_cols=80 last_sent_cols=80
2026-08-21T10:41:50.831 [viewport] viewportOutgrewEmulator: source=onRealViewportChanged viewport_rows=24 emulator_rows=24 viewport_cols=80 emulator_cols=80 viewport_w=800 viewport_h=480 cell_w=10 cell_h=20 operandsReady=true → false
2026-08-21T10:41:50.831 [viewport] source=onRealViewportChanged cellsDirty=false resume_rows=24 emulator_rows=24 resume_cols=80 emulator_cols=80 outgrew=false mismatch=false → false
2026-08-21T10:41:50.831 [viewport] source=onRealViewportChanged result resized=false outgrewGuard=false candidateRows=24 candidateCols=80 emulatorRows=24 emulatorCols=80
2026-08-21T10:42:45.059 [viewport] source=onViewportSizeChanged oldW=800 oldH=480 newW=800 newH=480 viewportSeeded=true emulatorRows=24 emulatorCols=80
2026-08-21T10:42:45.059 [viewport] viewportOutgrewEmulator: source=onViewportSizeChanged viewport_rows=24 emulator_rows=24 viewport_cols=80 emulator_cols=80 viewport_w=800 viewport_h=480 cell_w=10 cell_h=20 operandsReady=true → false
2026-08-21T10:42:45.059 [viewport] source=onViewportSizeChanged result resized=false outgrewGuard=false candidateRows=24 candidateCols=80 emulatorRows=24 emulatorCols=80
2026-08-21T10:42:45.059 [viewport] source=onRealViewportChanged oldW=800 oldH=480 newW=800 newH=480 viewportSeeded=true emulatorRows=24 emulatorCols=80
2026-08-21T10:42:45.059 [reflow] source=resume view_width_px=800 cell_width_px=10 derived_cols=80 last_sent_cols=80
2026-08-21T10:42:45.059 [viewport] viewportOutgrewEmulator: source=onRealViewportChanged viewport_rows=24 emulator_rows=24 viewport_cols=80 emulator_cols=80 viewport_w=800 viewport_h=480 cell_w=10 cell_h=20 operandsReady=true → false
2026-08-21T10:42:45.059 [viewport] source=onRealViewportChanged cellsDirty=false resume_rows=24 emulator_rows=24 resume_cols=80 emulator_cols=80 outgrew=false mismatch=false → false
2026-08-21T10:42:45.059 [viewport] source=onRealViewportChanged result resized=false outgrewGuard=false candidateRows=24 candidateCols=80 emulatorRows=24 emulatorCols=80
2026-08-21T10:43:20.653 [viewport] source=onViewportSizeChanged oldW=800 oldH=480 newW=800 newH=480 viewportSeeded=true emulatorRows=24 emulatorCols=80
2026-08-21T10:43:20.653 [viewport] viewportOutgrewEmulator: source=onViewportSizeChanged viewport_rows=24 emulator_rows=24 viewport_cols=80 emulator_cols=80 viewport_w=800 viewport_h=480 cell_w=10 cell_h=20 operandsReady=true → false
2026-08-21T10:43:20.653 [viewport] source=onViewportSizeChanged result resized=false outgrewGuard=false candidateRows=24 candidateCols=80 emulatorRows=24 emulatorCols=80
2026-08-21T10:43:20.653 [viewport] source=onRealViewportChanged oldW=800 oldH=480 newW=800 newH=480 viewportSeeded=true emulatorRows=24 emulatorCols=80
2026-08-21T10:43:20.653 [reflow] source=resume view_width_px=800 cell_width_px=10 derived_cols=80 last_sent_cols=80
2026-08-21T10:43:20.653 [viewport] viewportOutgrewEmulator: source=onRealViewportChanged viewport_rows=24 emulator_rows=24 viewport_cols=80 emulator_cols=80 viewport_w=800 viewport_h=480 cell_w=10 cell_h=20 operandsReady=true → false
2026-08-21T10:43:20.653 [viewport] source=onRealViewportChanged cellsDirty=false resume_rows=24 emulator_rows=24 resume_cols=80 emulator_cols=80 outgrew=false mismatch=false → false
2026-08-21T10:43:20.653 [viewport] source=onRealViewportChanged result resized=false outgrewGuard=false candidateRows=24 candidateCols=80 emulatorRows=24 emulatorCols=80
2026-08-21T10:48:16.647 [viewport] source=onViewportSizeChanged oldW=800 oldH=480 newW=800 newH=480 viewportSeeded=true emulatorRows=24 emulatorCols=80
2026-08-21T10:48:16.648 [viewport] viewportOutgrewEmulator: source=onViewportSizeChanged viewport_rows=24 emulator_rows=24 viewport_cols=80 emulator_cols=80 viewport_w=800 viewport_h=480 cell_w=10 cell_h=20 operandsReady=true → false
2026-08-21T10:48:16.648 [viewport] source=onViewportSizeChanged result resized=false outgrewGuard=false candidateRows=24 candidateCols=80 emulatorRows=24 emulatorCols=80
2026-08-21T10:48:16.648 [viewport] source=onRealViewportChanged oldW=800 oldH=480 newW=800 newH=480 viewportSeeded=true emulatorRows=24 emulatorCols=80
2026-08-21T10:48:16.648 [reflow] source=resume view_width_px=800 cell_width_px=10 derived_cols=80 last_sent_cols=80
2026-08-21T10:48:16.648 [viewport] viewportOutgrewEmulator: source=onRealViewportChanged viewport_rows=24 emulator_rows=24 viewport_cols=80 emulator_cols=80 viewport_w=800 viewport_h=480 cell_w=10 cell_h=20 operandsReady=true → false
2026-08-21T10:48:16.648 [viewport] source=onRealViewportChanged cellsDirty=false resume_rows=24 emulator_rows=24 resume_cols=80 emulator_cols=80 outgrew=false mismatch=false → false
2026-08-21T10:48:16.648 [viewport] source=onRealViewportChanged result resized=false outgrewGuard=false candidateRows=24 candidateCols=80 emulatorRows=24 emulatorCols=80
2026-08-21T10:49:06.541 [viewport] source=onViewportSizeChanged oldW=800 oldH=480 newW=800 newH=480 viewportSeeded=true emulatorRows=24 emulatorCols=80
2026-08-21T10:49:06.541 [viewport] viewportOutgrewEmulator: source=onViewportSizeChanged viewport_rows=24 emulator_rows=24 viewport_cols=80 emulator_cols=80 viewport_w=800 viewport_h=480 cell_w=10 cell_h=20 operandsReady=true → false
2026-08-21T10:49:06.541 [viewport] source=onViewportSizeChanged result resized=false outgrewGuard=false candidateRows=24 candidateCols=80 emulatorRows=24 emulatorCols=80
2026-08-21T10:49:06.541 [viewport] source=onRealViewportChanged oldW=800 oldH=480 newW=800 newH=480 viewportSeeded=true emulatorRows=24 emulatorCols=80
2026-08-21T10:49:06.541 [reflow] source=resume view_width_px=800 cell_width_px=10 derived_cols=80 last_sent_cols=80
2026-08-21T10:49:06.541 [viewport] viewportOutgrewEmulator: source=onRealViewportChanged viewport_rows=24 emulator_rows=24 viewport_cols=80 emulator_cols=80 viewport_w=800 viewport_h=480 cell_w=10 cell_h=20 operandsReady=true → false
2026-08-21T10:49:06.541 [viewport] source=onRealViewportChanged cellsDirty=false resume_rows=24 emulator_rows=24 resume_cols=80 emulator_cols=80 outgrew=false mismatch=false → false
2026-08-21T10:49:06.541 [viewport] source=onRealViewportChanged result resized=false outgrewGuard=false candidateRows=24 candidateCols=80 emulatorRows=24 emulatorCols=80
2026-08-21T10:49:44.247 [viewport] source=onViewportSizeChanged oldW=800 oldH=480 newW=800 newH=480 viewportSeeded=true emulatorRows=24 emulatorCols=80
2026-08-21T10:49:44.247 [viewport] viewportOutgrewEmulator: source=onViewportSizeChanged viewport_rows=24 emulator_rows=24 viewport_cols=80 emulator_cols=80 viewport_w=800 viewport_h=480 cell_w=10 cell_h=20 operandsReady=true → false
2026-08-21T10:49:44.247 [viewport] source=onViewportSizeChanged result resized=false outgrewGuard=false candidateRows=24 candidateCols=80 emulatorRows=24 emulatorCols=80
2026-08-21T10:49:44.247 [viewport] source=onRealViewportChanged oldW=800 oldH=480 newW=800 newH=480 viewportSeeded=true emulatorRows=24 emulatorCols=80
2026-08-21T10:49:44.247 [reflow] source=resume view_width_px=800 cell_width_px=10 derived_cols=80 last_sent_cols=80
2026-08-21T10:49:44.247 [viewport] viewportOutgrewEmulator: source=onRealViewportChanged viewport_rows=24 emulator_rows=24 viewport_cols=80 emulator_cols=80 viewport_w=800 viewport_h=480 cell_w=10 cell_h=20 operandsReady=true → false
2026-08-21T10:49:44.247 [viewport] source=onRealViewportChanged cellsDirty=false resume_rows=24 emulator_rows=24 resume_cols=80 emulator_cols=80 outgrew=false mismatch=false → false
2026-08-21T10:49:44.247 [viewport] source=onRealViewportChanged result resized=false outgrewGuard=false candidateRows=24 candidateCols=80 emulatorRows=24 emulatorCols=80
2026-08-21T10:50:18.889 [viewport] source=onViewportSizeChanged oldW=800 oldH=480 newW=800 newH=480 viewportSeeded=true emulatorRows=24 emulatorCols=80
2026-08-21T10:50:18.889 [viewport] viewportOutgrewEmulator: source=onViewportSizeChanged viewport_rows=24 emulator_rows=24 viewport_cols=80 emulator_cols=80 viewport_w=800 viewport_h=480 cell_w=10 cell_h=20 operandsReady=true → false
2026-08-21T10:50:18.889 [viewport] source=onViewportSizeChanged result resized=false outgrewGuard=false candidateRows=24 candidateCols=80 emulatorRows=24 emulatorCols=80
2026-08-21T10:50:18.889 [viewport] source=onRealViewportChanged oldW=800 oldH=480 newW=800 newH=480 viewportSeeded=true emulatorRows=24 emulatorCols=80
2026-08-21T10:50:18.889 [reflow] source=resume view_width_px=800 cell_width_px=10 derived_cols=80 last_sent_cols=80
2026-08-21T10:50:18.889 [viewport] viewportOutgrewEmulator: source=onRealViewportChanged viewport_rows=24 emulator_rows=24 viewport_cols=80 emulator_cols=80 viewport_w=800 viewport_h=480 cell_w=10 cell_h=20 operandsReady=true → false
2026-08-21T10:50:18.889 [viewport] source=onRealViewportChanged cellsDirty=false resume_rows=24 emulator_rows=24 resume_cols=80 emulator_cols=80 outgrew=false mismatch=false → false
2026-08-21T10:50:18.889 [viewport] source=onRealViewportChanged result resized=false outgrewGuard=false candidateRows=24 candidateCols=80 emulatorRows=24 emulatorCols=80
2026-08-21T10:50:56.288 [viewport] source=onViewportSizeChanged oldW=800 oldH=480 newW=800 newH=480 viewportSeeded=true emulatorRows=24 emulatorCols=80
2026-08-21T10:50:56.288 [viewport] viewportOutgrewEmulator: source=onViewportSizeChanged viewport_rows=24 emulator_rows=24 viewport_cols=80 emulator_cols=80 viewport_w=800 viewport_h=480 cell_w=10 cell_h=20 operandsReady=true → false
2026-08-21T10:50:56.288 [viewport] source=onViewportSizeChanged result resized=false outgrewGuard=false candidateRows=24 candidateCols=80 emulatorRows=24 emulatorCols=80
2026-08-21T10:50:56.288 [viewport] source=onRealViewportChanged oldW=800 oldH=480 newW=800 newH=480 viewportSeeded=true emulatorRows=24 emulatorCols=80
2026-08-21T10:50:56.288 [reflow] source=resume view_width_px=800 cell_width_px=10 derived_cols=80 last_sent_cols=80
2026-08-21T10:50:56.288 [viewport] viewportOutgrewEmulator: source=onRealViewportChanged viewport_rows=24 emulator_rows=24 viewport_cols=80 emulator_cols=80 viewport_w=800 viewport_h=480 cell_w=10 cell_h=20 operandsReady=true → false
2026-08-21T10:50:56.288 [viewport] source=onRealViewportChanged cellsDirty=false resume_rows=24 emulator_rows=24 resume_cols=80 emulator_cols=80 outgrew=false mismatch=false → false
2026-08-21T10:50:56.288 [viewport] source=onRealViewportChanged result resized=false outgrewGuard=false candidateRows=24 candidateCols=80 emulatorRows=24 emulatorCols=80
2026-08-21T10:51:28.822 [viewport] source=onViewportSizeChanged oldW=800 oldH=480 newW=800 newH=480 viewportSeeded=true emulatorRows=24 emulatorCols=80
2026-08-21T10:51:28.822 [viewport] viewportOutgrewEmulator: source=onViewportSizeChanged viewport_rows=24 emulator_rows=24 viewport_cols=80 emulator_cols=80 viewport_w=800 viewport_h=480 cell_w=10 cell_h=20 operandsReady=true → false
2026-08-21T10:51:28.822 [viewport] source=onViewportSizeChanged result resized=false outgrewGuard=false candidateRows=24 candidateCols=80 emulatorRows=24 emulatorCols=80
2026-08-21T10:51:28.822 [viewport] source=onRealViewportChanged oldW=800 oldH=480 newW=800 newH=480 viewportSeeded=true emulatorRows=24 emulatorCols=80
2026-08-21T10:51:28.822 [reflow] source=resume view_width_px=800 cell_width_px=10 derived_cols=80 last_sent_cols=80
2026-08-21T10:51:28.822 [viewport] viewportOutgrewEmulator: source=onRealViewportChanged viewport_rows=24 emulator_rows=24 viewport_cols=80 emulator_cols=80 viewport_w=800 viewport_h=480 cell_w=10 cell_h=20 operandsReady=true → false
2026-08-21T10:51:28.822 [viewport] source=onRealViewportChanged cellsDirty=false resume_rows=24 emulator_rows=24 resume_cols=80 emulator_cols=80 outgrew=false mismatch=false → false
2026-08-21T10:51:28.822 [viewport] source=onRealViewportChanged result resized=false outgrewGuard=false candidateRows=24 candidateCols=80 emulatorRows=24 emulatorCols=80
2026-08-21T10:52:08.678 [viewport] source=onViewportSizeChanged oldW=800 oldH=480 newW=800 newH=480 viewportSeeded=true emulatorRows=24 emulatorCols=80
2026-08-21T10:52:08.678 [viewport] viewportOutgrewEmulator: source=onViewportSizeChanged viewport_rows=24 emulator_rows=24 viewport_cols=80 emulator_cols=80 viewport_w=800 viewport_h=480 cell_w=10 cell_h=20 operandsReady=true → false
2026-08-21T10:52:08.678 [viewport] source=onViewportSizeChanged result resized=false outgrewGuard=false candidateRows=24 candidateCols=80 emulatorRows=24 emulatorCols=80
2026-08-21T10:52:08.678 [viewport] source=onRealViewportChanged oldW=800 oldH=480 newW=800 newH=480 viewportSeeded=true emulatorRows=24 emulatorCols=80
2026-08-21T10:52:08.678 [reflow] source=resume view_width_px=800 cell_width_px=10 derived_cols=80 last_sent_cols=80
2026-08-21T10:52:08.678 [viewport] viewportOutgrewEmulator: source=onRealViewportChanged viewport_rows=24 emulator_rows=24 viewport_cols=80 emulator_cols=80 viewport_w=800 viewport_h=480 cell_w=10 cell_h=20 operandsReady=true → false
2026-08-21T10:52:08.678 [viewport] source=onRealViewportChanged cellsDirty=false resume_rows=24 emulator_rows=24 resume_cols=80 emulator_cols=80 outgrew=false mismatch=false → false
2026-08-21T10:52:08.678 [viewport] source=onRealViewportChanged result resized=false outgrewGuard=false candidateRows=24 candidateCols=80 emulatorRows=24 emulatorCols=80
2026-08-21T10:52:46.711 [viewport] source=onViewportSizeChanged oldW=800 oldH=480 newW=800 newH=480 viewportSeeded=true emulatorRows=24 emulatorCols=80
2026-08-21T10:52:46.711 [viewport] viewportOutgrewEmulator: source=onViewportSizeChanged viewport_rows=24 emulator_rows=24 viewport_cols=80 emulator_cols=80 viewport_w=800 viewport_h=480 cell_w=10 cell_h=20 operandsReady=true → false
2026-08-21T10:52:46.711 [viewport] source=onViewportSizeChanged result resized=false outgrewGuard=false candidateRows=24 candidateCols=80 emulatorRows=24 emulatorCols=80
2026-08-21T10:52:46.711 [viewport] source=onRealViewportChanged oldW=800 oldH=480 newW=800 newH=480 viewportSeeded=true emulatorRows=24 emulatorCols=80
2026-08-21T10:52:46.711 [reflow] source=resume view_width_px=800 cell_width_px=10 derived_cols=80 last_sent_cols=80
2026-08-21T10:52:46.711 [viewport] viewportOutgrewEmulator: source=onRealViewportChanged viewport_rows=24 emulator_rows=24 viewport_cols=80 emulator_cols=80 viewport_w=800 viewport_h=480 cell_w=10 cell_h=20 operandsReady=true → false
2026-08-21T10:52:46.711 [viewport] source=onRealViewportChanged cellsDirty=false resume_rows=24 emulator_rows=24 resume_cols=80 emulator_cols=80 outgrew=false mismatch=false → false
2026-08-21T10:52:46.711 [viewport] source=onRealViewportChanged result resized=false outgrewGuard=false candidateRows=24 candidateCols=80 emulatorRows=24 emulatorCols=80
2026-08-21T10:53:23.147 [viewport] source=onViewportSizeChanged oldW=800 oldH=480 newW=800 newH=480 viewportSeeded=true emulatorRows=24 emulatorCols=80
2026-08-21T10:53:23.147 [viewport] viewportOutgrewEmulator: source=onViewportSizeChanged viewport_rows=24 emulator_rows=24 viewport_cols=80 emulator_cols=80 viewport_w=800 viewport_h=480 cell_w=10 cell_h=20 operandsReady=true → false
2026-08-21T10:53:23.147 [viewport] source=onViewportSizeChanged result resized=false outgrewGuard=false candidateRows=24 candidateCols=80 emulatorRows=24 emulatorCols=80
2026-08-21T10:53:23.147 [viewport] source=onRealViewportChanged oldW=800 oldH=480 newW=800 newH=480 viewportSeeded=true emulatorRows=24 emulatorCols=80
2026-08-21T10:53:23.147 [reflow] source=resume view_width_px=800 cell_width_px=10 derived_cols=80 last_sent_cols=80
2026-08-21T10:53:23.147 [viewport] viewportOutgrewEmulator: source=onRealViewportChanged viewport_rows=24 emulator_rows=24 viewport_cols=80 emulator_cols=80 viewport_w=800 viewport_h=480 cell_w=10 cell_h=20 operandsReady=true → false
2026-08-21T10:53:23.147 [viewport] source=onRealViewportChanged cellsDirty=false resume_rows=24 emulator_rows=24 resume_cols=80 emulator_cols=80 outgrew=false mismatch=false → false
2026-08-21T10:53:23.147 [viewport] source=onRealViewportChanged result resized=false outgrewGuard=false candidateRows=24 candidateCols=80 emulatorRows=24 emulatorCols=80
2026-08-21T10:54:11.880 [viewport] source=onViewportSizeChanged oldW=800 oldH=480 newW=800 newH=480 viewportSeeded=true emulatorRows=24 emulatorCols=80
2026-08-21T10:54:11.880 [viewport] viewportOutgrewEmulator: source=onViewportSizeChanged viewport_rows=24 emulator_rows=24 viewport_cols=80 emulator_cols=80 viewport_w=800 viewport_h=480 cell_w=10 cell_h=20 operandsReady=true → false
2026-08-21T10:54:11.880 [viewport] source=onViewportSizeChanged result resized=false outgrewGuard=false candidateRows=24 candidateCols=80 emulatorRows=24 emulatorCols=80
2026-08-21T10:54:11.880 [viewport] source=onRealViewportChanged oldW=800 oldH=480 newW=800 newH=480 viewportSeeded=true emulatorRows=24 emulatorCols=80
2026-08-21T10:54:11.880 [reflow] source=resume view_width_px=800 cell_width_px=10 derived_cols=80 last_sent_cols=80
2026-08-21T10:54:11.880 [viewport] viewportOutgrewEmulator: source=onRealViewportChanged viewport_rows=24 emulator_rows=24 viewport_cols=80 emulator_cols=80 viewport_w=800 viewport_h=480 cell_w=10 cell_h=20 operandsReady=true → false
2026-08-21T10:54:11.880 [viewport] source=onRealViewportChanged cellsDirty=false resume_rows=24 emulator_rows=24 resume_cols=80 emulator_cols=80 outgrew=false mismatch=false → false
2026-08-21T10:54:11.880 [viewport] source=onRealViewportChanged result resized=false outgrewGuard=false candidateRows=24 candidateCols=80 emulatorRows=24 emulatorCols=80
2026-08-21T10:55:44.442 [viewport] source=onViewportSizeChanged oldW=800 oldH=480 newW=800 newH=480 viewportSeeded=true emulatorRows=24 emulatorCols=80
2026-08-21T10:55:44.442 [viewport] viewportOutgrewEmulator: source=onViewportSizeChanged viewport_rows=24 emulator_rows=24 viewport_cols=80 emulator_cols=80 viewport_w=800 viewport_h=480 cell_w=10 cell_h=20 operandsReady=true → false
2026-08-21T10:55:44.442 [viewport] source=onViewportSizeChanged result resized=false outgrewGuard=false candidateRows=24 candidateCols=80 emulatorRows=24 emulatorCols=80
2026-08-21T10:55:44.442 [viewport] source=onRealViewportChanged oldW=800 oldH=480 newW=800 newH=480 viewportSeeded=true emulatorRows=24 emulatorCols=80
2026-08-21T10:55:44.442 [reflow] source=resume view_width_px=800 cell_width_px=10 derived_cols=80 last_sent_cols=80
2026-08-21T10:55:44.442 [viewport] viewportOutgrewEmulator: source=onRealViewportChanged viewport_rows=24 emulator_rows=24 viewport_cols=80 emulator_cols=80 viewport_w=800 viewport_h=480 cell_w=10 cell_h=20 operandsReady=true → false
2026-08-21T10:55:44.442 [viewport] source=onRealViewportChanged cellsDirty=false resume_rows=24 emulator_rows=24 resume_cols=80 emulator_cols=80 outgrew=false mismatch=false → false
2026-08-21T10:55:44.442 [viewport] source=onRealViewportChanged result resized=false outgrewGuard=false candidateRows=24 candidateCols=80 emulatorRows=24 emulatorCols=80
2026-08-21T10:56:25.393 [viewport] source=onViewportSizeChanged oldW=800 oldH=480 newW=800 newH=480 viewportSeeded=true emulatorRows=24 emulatorCols=80
2026-08-21T10:56:25.393 [viewport] viewportOutgrewEmulator: source=onViewportSizeChanged viewport_rows=24 emulator_rows=24 viewport_cols=80 emulator_cols=80 viewport_w=800 viewport_h=480 cell_w=10 cell_h=20 operandsReady=true → false
2026-08-21T10:56:25.393 [viewport] source=onViewportSizeChanged result resized=false outgrewGuard=false candidateRows=24 candidateCols=80 emulatorRows=24 emulatorCols=80
2026-08-21T10:56:25.393 [viewport] source=onRealViewportChanged oldW=800 oldH=480 newW=800 newH=480 viewportSeeded=true emulatorRows=24 emulatorCols=80
2026-08-21T10:56:25.393 [reflow] source=resume view_width_px=800 cell_width_px=10 derived_cols=80 last_sent_cols=80
2026-08-21T10:56:25.393 [viewport] viewportOutgrewEmulator: source=onRealViewportChanged viewport_rows=24 emulator_rows=24 viewport_cols=80 emulator_cols=80 viewport_w=800 viewport_h=480 cell_w=10 cell_h=20 operandsReady=true → false
2026-08-21T10:56:25.393 [viewport] source=onRealViewportChanged cellsDirty=false resume_rows=24 emulator_rows=24 resume_cols=80 emulator_cols=80 outgrew=false mismatch=false → false
2026-08-21T10:56:25.393 [viewport] source=onRealViewportChanged result resized=false outgrewGuard=false candidateRows=24 candidateCols=80 emulatorRows=24 emulatorCols=80
2026-08-21T10:57:16.708 [viewport] source=onViewportSizeChanged oldW=800 oldH=480 newW=800 newH=480 viewportSeeded=true emulatorRows=24 emulatorCols=80
2026-08-21T10:57:16.708 [viewport] viewportOutgrewEmulator: source=onViewportSizeChanged viewport_rows=24 emulator_rows=24 viewport_cols=80 emulator_cols=80 viewport_w=800 viewport_h=480 cell_w=10 cell_h=20 operandsReady=true → false
2026-08-21T10:57:16.708 [viewport] source=onViewportSizeChanged result resized=false outgrewGuard=false candidateRows=24 candidateCols=80 emulatorRows=24 emulatorCols=80
2026-08-21T10:57:16.708 [viewport] source=onRealViewportChanged oldW=800 oldH=480 newW=800 newH=480 viewportSeeded=true emulatorRows=24 emulatorCols=80
2026-08-21T10:57:16.708 [reflow] source=resume view_width_px=800 cell_width_px=10 derived_cols=80 last_sent_cols=80
2026-08-21T10:57:16.708 [viewport] viewportOutgrewEmulator: source=onRealViewportChanged viewport_rows=24 emulator_rows=24 viewport_cols=80 emulator_cols=80 viewport_w=800 viewport_h=480 cell_w=10 cell_h=20 operandsReady=true → false
2026-08-21T10:57:16.708 [viewport] source=onRealViewportChanged cellsDirty=false resume_rows=24 emulator_rows=24 resume_cols=80 emulator_cols=80 outgrew=false mismatch=false → false
2026-08-21T10:57:16.708 [viewport] source=onRealViewportChanged result resized=false outgrewGuard=false candidateRows=24 candidateCols=80 emulatorRows=24 emulatorCols=80
2026-08-21T10:57:52.884 [viewport] source=onViewportSizeChanged oldW=800 oldH=480 newW=800 newH=480 viewportSeeded=true emulatorRows=24 emulatorCols=80
2026-08-21T10:57:52.884 [viewport] viewportOutgrewEmulator: source=onViewportSizeChanged viewport_rows=24 emulator_rows=24 viewport_cols=80 emulator_cols=80 viewport_w=800 viewport_h=480 cell_w=10 cell_h=20 operandsReady=true → false
2026-08-21T10:57:52.884 [viewport] source=onViewportSizeChanged result resized=false outgrewGuard=false candidateRows=24 candidateCols=80 emulatorRows=24 emulatorCols=80
2026-08-21T10:57:52.884 [viewport] source=onRealViewportChanged oldW=800 oldH=480 newW=800 newH=480 viewportSeeded=true emulatorRows=24 emulatorCols=80
2026-08-21T10:57:52.884 [reflow] source=resume view_width_px=800 cell_width_px=10 derived_cols=80 last_sent_cols=80
2026-08-21T10:57:52.884 [viewport] viewportOutgrewEmulator: source=onRealViewportChanged viewport_rows=24 emulator_rows=24 viewport_cols=80 emulator_cols=80 viewport_w=800 viewport_h=480 cell_w=10 cell_h=20 operandsReady=true → false
2026-08-21T10:57:52.884 [viewport] source=onRealViewportChanged cellsDirty=false resume_rows=24 emulator_rows=24 resume_cols=80 emulator_cols=80 outgrew=false mismatch=false → false
2026-08-21T10:57:52.884 [viewport] source=onRealViewportChanged result resized=false outgrewGuard=false candidateRows=24 candidateCols=80 emulatorRows=24 emulatorCols=80
2026-08-21T10:58:57.818 [viewport] source=onViewportSizeChanged oldW=800 oldH=480 newW=800 newH=480 viewportSeeded=true emulatorRows=24 emulatorCols=80
2026-08-21T10:58:57.818 [viewport] viewportOutgrewEmulator: source=onViewportSizeChanged viewport_rows=24 emulator_rows=24 viewport_cols=80 emulator_cols=80 viewport_w=800 viewport_h=480 cell_w=10 cell_h=20 operandsReady=true → false
2026-08-21T10:58:57.818 [viewport] source=onViewportSizeChanged result resized=false outgrewGuard=false candidateRows=24 candidateCols=80 emulatorRows=24 emulatorCols=80
2026-08-21T10:58:57.818 [viewport] source=onRealViewportChanged oldW=800 oldH=480 newW=800 newH=480 viewportSeeded=true emulatorRows=24 emulatorCols=80
2026-08-21T10:58:57.818 [reflow] source=resume view_width_px=800 cell_width_px=10 derived_cols=80 last_sent_cols=80
2026-08-21T10:58:57.818 [viewport] viewportOutgrewEmulator: source=onRealViewportChanged viewport_rows=24 emulator_rows=24 viewport_cols=80 emulator_cols=80 viewport_w=800 viewport_h=480 cell_w=10 cell_h=20 operandsReady=true → false
2026-08-21T10:58:57.818 [viewport] source=onRealViewportChanged cellsDirty=false resume_rows=24 emulator_rows=24 resume_cols=80 emulator_cols=80 outgrew=false mismatch=false → false
2026-08-21T10:58:57.818 [viewport] source=onRealViewportChanged result resized=false outgrewGuard=false candidateRows=24 candidateCols=80 emulatorRows=24 emulatorCols=80
2026-08-21T10:59:33.885 [viewport] source=onViewportSizeChanged oldW=800 oldH=480 newW=800 newH=480 viewportSeeded=true emulatorRows=24 emulatorCols=80
2026-08-21T10:59:33.885 [viewport] viewportOutgrewEmulator: source=onViewportSizeChanged viewport_rows=24 emulator_rows=24 viewport_cols=80 emulator_cols=80 viewport_w=800 viewport_h=480 cell_w=10 cell_h=20 operandsReady=true → false
2026-08-21T10:59:33.885 [viewport] source=onViewportSizeChanged result resized=false outgrewGuard=false candidateRows=24 candidateCols=80 emulatorRows=24 emulatorCols=80
2026-08-21T10:59:33.885 [viewport] source=onRealViewportChanged oldW=800 oldH=480 newW=800 newH=480 viewportSeeded=true emulatorRows=24 emulatorCols=80
2026-08-21T10:59:33.885 [reflow] source=resume view_width_px=800 cell_width_px=10 derived_cols=80 last_sent_cols=80
2026-08-21T10:59:33.885 [viewport] viewportOutgrewEmulator: source=onRealViewportChanged viewport_rows=24 emulator_rows=24 viewport_cols=80 emulator_cols=80 viewport_w=800 viewport_h=480 cell_w=10 cell_h=20 operandsReady=true → false
2026-08-21T10:59:33.885 [viewport] source=onRealViewportChanged cellsDirty=false resume_rows=24 emulator_rows=24 resume_cols=80 emulator_cols=80 outgrew=false mismatch=false → false
2026-08-21T10:59:33.885 [viewport] source=onRealViewportChanged result resized=false outgrewGuard=false candidateRows=24 candidateCols=80 emulatorRows=24 emulatorCols=80
2026-08-21T11:00:11.004 [viewport] source=onViewportSizeChanged oldW=800 oldH=480 newW=800 newH=480 viewportSeeded=true emulatorRows=24 emulatorCols=80
2026-08-21T11:00:11.004 [viewport] viewportOutgrewEmulator: source=onViewportSizeChanged viewport_rows=24 emulator_rows=24 viewport_cols=80 emulator_cols=80 viewport_w=800 viewport_h=480 cell_w=10 cell_h=20 operandsReady=true → false
2026-08-21T11:00:11.004 [viewport] source=onViewportSizeChanged result resized=false outgrewGuard=false candidateRows=24 candidateCols=80 emulatorRows=24 emulatorCols=80
2026-08-21T11:00:11.004 [viewport] source=onRealViewportChanged oldW=800 oldH=480 newW=800 newH=480 viewportSeeded=true emulatorRows=24 emulatorCols=80
2026-08-21T11:00:11.004 [reflow] source=resume view_width_px=800 cell_width_px=10 derived_cols=80 last_sent_cols=80
2026-08-21T11:00:11.004 [viewport] viewportOutgrewEmulator: source=onRealViewportChanged viewport_rows=24 emulator_rows=24 viewport_cols=80 emulator_cols=80 viewport_w=800 viewport_h=480 cell_w=10 cell_h=20 operandsReady=true → false
2026-08-21T11:00:11.004 [viewport] source=onRealViewportChanged cellsDirty=false resume_rows=24 emulator_rows=24 resume_cols=80 emulator_cols=80 outgrew=false mismatch=false → false
2026-08-21T11:00:11.004 [viewport] source=onRealViewportChanged result resized=false outgrewGuard=false candidateRows=24 candidateCols=80 emulatorRows=24 emulatorCols=80
2026-08-21T11:00:44.614 [viewport] source=onViewportSizeChanged oldW=800 oldH=480 newW=800 newH=480 viewportSeeded=true emulatorRows=24 emulatorCols=80
2026-08-21T11:00:44.614 [viewport] viewportOutgrewEmulator: source=onViewportSizeChanged viewport_rows=24 emulator_rows=24 viewport_cols=80 emulator_cols=80 viewport_w=800 viewport_h=480 cell_w=10 cell_h=20 operandsReady=true → false
2026-08-21T11:00:44.614 [viewport] source=onViewportSizeChanged result resized=false outgrewGuard=false candidateRows=24 candidateCols=80 emulatorRows=24 emulatorCols=80
2026-08-21T11:00:44.614 [viewport] source=onRealViewportChanged oldW=800 oldH=480 newW=800 newH=480 viewportSeeded=true emulatorRows=24 emulatorCols=80
2026-08-21T11:00:44.614 [reflow] source=resume view_width_px=800 cell_width_px=10 derived_cols=80 last_sent_cols=80
2026-08-21T11:00:44.614 [viewport] viewportOutgrewEmulator: source=onRealViewportChanged viewport_rows=24 emulator_rows=24 viewport_cols=80 emulator_cols=80 viewport_w=800 viewport_h=480 cell_w=10 cell_h=20 operandsReady=true → false
2026-08-21T11:00:44.614 [viewport] source=onRealViewportChanged cellsDirty=false resume_rows=24 emulator_rows=24 resume_cols=80 emulator_cols=80 outgrew=false mismatch=false → false
2026-08-21T11:00:44.614 [viewport] source=onRealViewportChanged result resized=false outgrewGuard=false candidateRows=24 candidateCols=80 emulatorRows=24 emulatorCols=80
2026-08-21T11:01:24.548 [viewport] source=onViewportSizeChanged oldW=800 oldH=480 newW=800 newH=480 viewportSeeded=true emulatorRows=24 emulatorCols=80
2026-08-21T11:01:24.548 [viewport] viewportOutgrewEmulator: source=onViewportSizeChanged viewport_rows=24 emulator_rows=24 viewport_cols=80 emulator_cols=80 viewport_w=800 viewport_h=480 cell_w=10 cell_h=20 operandsReady=true → false
2026-08-21T11:01:24.548 [viewport] source=onViewportSizeChanged result resized=false outgrewGuard=false candidateRows=24 candidateCols=80 emulatorRows=24 emulatorCols=80
2026-08-21T11:01:24.548 [viewport] source=onRealViewportChanged oldW=800 oldH=480 newW=800 newH=480 viewportSeeded=true emulatorRows=24 emulatorCols=80
2026-08-21T11:01:24.548 [reflow] source=resume view_width_px=800 cell_width_px=10 derived_cols=80 last_sent_cols=80
2026-08-21T11:01:24.548 [viewport] viewportOutgrewEmulator: source=onRealViewportChanged viewport_rows=24 emulator_rows=24 viewport_cols=80 emulator_cols=80 viewport_w=800 viewport_h=480 cell_w=10 cell_h=20 operandsReady=true → false
2026-08-21T11:01:24.548 [viewport] source=onRealViewportChanged cellsDirty=false resume_rows=24 emulator_rows=24 resume_cols=80 emulator_cols=80 outgrew=false mismatch=false → false
2026-08-21T11:01:24.548 [viewport] source=onRealViewportChanged result resized=false outgrewGuard=false candidateRows=24 candidateCols=80 emulatorRows=24 emulatorCols=80
2026-08-21T11:01:58.992 [viewport] source=onViewportSizeChanged oldW=800 oldH=480 newW=800 newH=480 viewportSeeded=true emulatorRows=24 emulatorCols=80
2026-08-21T11:01:58.992 [viewport] viewportOutgrewEmulator: source=onViewportSizeChanged viewport_rows=24 emulator_rows=24 viewport_cols=80 emulator_cols=80 viewport_w=800 viewport_h=480 cell_w=10 cell_h=20 operandsReady=true → false
2026-08-21T11:01:58.992 [viewport] source=onViewportSizeChanged result resized=false outgrewGuard=false candidateRows=24 candidateCols=80 emulatorRows=24 emulatorCols=80
2026-08-21T11:01:58.992 [viewport] source=onRealViewportChanged oldW=800 oldH=480 newW=800 newH=480 viewportSeeded=true emulatorRows=24 emulatorCols=80
2026-08-21T11:01:58.992 [reflow] source=resume view_width_px=800 cell_width_px=10 derived_cols=80 last_sent_cols=80
2026-08-21T11:01:58.992 [viewport] viewportOutgrewEmulator: source=onRealViewportChanged viewport_rows=24 emulator_rows=24 viewport_cols=80 emulator_cols=80 viewport_w=800 viewport_h=480 cell_w=10 cell_h=20 operandsReady=true → false
2026-08-21T11:01:58.992 [viewport] source=onRealViewportChanged cellsDirty=false resume_rows=24 emulator_rows=24 resume_cols=80 emulator_cols=80 outgrew=false mismatch=false → false
2026-08-21T11:01:58.992 [viewport] source=onRealViewportChanged result resized=false outgrewGuard=false candidateRows=24 candidateCols=80 emulatorRows=24 emulatorCols=80
2026-08-21T11:02:34.509 [viewport] source=onViewportSizeChanged oldW=800 oldH=480 newW=800 newH=480 viewportSeeded=true emulatorRows=24 emulatorCols=80
2026-08-21T11:02:34.509 [viewport] viewportOutgrewEmulator: source=onViewportSizeChanged viewport_rows=24 emulator_rows=24 viewport_cols=80 emulator_cols=80 viewport_w=800 viewport_h=480 cell_w=10 cell_h=20 operandsReady=true → false
2026-08-21T11:02:34.509 [viewport] source=onViewportSizeChanged result resized=false outgrewGuard=false candidateRows=24 candidateCols=80 emulatorRows=24 emulatorCols=80
2026-08-21T11:02:34.509 [viewport] source=onRealViewportChanged oldW=800 oldH=480 newW=800 newH=480 viewportSeeded=true emulatorRows=24 emulatorCols=80
2026-08-21T11:02:34.509 [reflow] source=resume view_width_px=800 cell_width_px=10 derived_cols=80 last_sent_cols=80
2026-08-21T11:02:34.509 [viewport] viewportOutgrewEmulator: source=onRealViewportChanged viewport_rows=24 emulator_rows=24 viewport_cols=80 emulator_cols=80 viewport_w=800 viewport_h=480 cell_w=10 cell_h=20 operandsReady=true → false
2026-08-21T11:02:34.509 [viewport] source=onRealViewportChanged cellsDirty=false resume_rows=24 emulator_rows=24 resume_cols=80 emulator_cols=80 outgrew=false mismatch=false → false
2026-08-21T11:02:34.509 [viewport] source=onRealViewportChanged result resized=false outgrewGuard=false candidateRows=24 candidateCols=80 emulatorRows=24 emulatorCols=80
2026-08-21T11:03:06.090 [viewport] source=onViewportSizeChanged oldW=800 oldH=480 newW=800 newH=480 viewportSeeded=true emulatorRows=24 emulatorCols=80
2026-08-21T11:03:06.090 [viewport] viewportOutgrewEmulator: source=onViewportSizeChanged viewport_rows=24 emulator_rows=24 viewport_cols=80 emulator_cols=80 viewport_w=800 viewport_h=480 cell_w=10 cell_h=20 operandsReady=true → false
2026-08-21T11:03:06.090 [viewport] source=onViewportSizeChanged result resized=false outgrewGuard=false candidateRows=24 candidateCols=80 emulatorRows=24 emulatorCols=80
2026-08-21T11:03:06.090 [viewport] source=onRealViewportChanged oldW=800 oldH=480 newW=800 newH=480 viewportSeeded=true emulatorRows=24 emulatorCols=80
2026-08-21T11:03:06.090 [reflow] source=resume view_width_px=800 cell_width_px=10 derived_cols=80 last_sent_cols=80
2026-08-21T11:03:06.090 [viewport] viewportOutgrewEmulator: source=onRealViewportChanged viewport_rows=24 emulator_rows=24 viewport_cols=80 emulator_cols=80 viewport_w=800 viewport_h=480 cell_w=10 cell_h=20 operandsReady=true → false
2026-08-21T11:03:06.090 [viewport] source=onRealViewportChanged cellsDirty=false resume_rows=24 emulator_rows=24 resume_cols=80 emulator_cols=80 outgrew=false mismatch=false → false
2026-08-21T11:03:06.090 [viewport] source=onRealViewportChanged result resized=false outgrewGuard=false candidateRows=24 candidateCols=80 emulatorRows=24 emulatorCols=80
2026-08-21T11:03:50.285 [viewport] source=onViewportSizeChanged oldW=800 oldH=480 newW=800 newH=480 viewportSeeded=true emulatorRows=24 emulatorCols=80
2026-08-21T11:03:50.285 [viewport] viewportOutgrewEmulator: source=onViewportSizeChanged viewport_rows=24 emulator_rows=24 viewport_cols=80 emulator_cols=80 viewport_w=800 viewport_h=480 cell_w=10 cell_h=20 operandsReady=true → false
2026-08-21T11:03:50.285 [viewport] source=onViewportSizeChanged result resized=false outgrewGuard=false candidateRows=24 candidateCols=80 emulatorRows=24 emulatorCols=80
2026-08-21T11:03:50.285 [viewport] source=onRealViewportChanged oldW=800 oldH=480 newW=800 newH=480 viewportSeeded=true emulatorRows=24 emulatorCols=80
2026-08-21T11:03:50.285 [reflow] source=resume view_width_px=800 cell_width_px=10 derived_cols=80 last_sent_cols=80
2026-08-21T11:03:50.285 [viewport] viewportOutgrewEmulator: source=onRealViewportChanged viewport_rows=24 emulator_rows=24 viewport_cols=80 emulator_cols=80 viewport_w=800 viewport_h=480 cell_w=10 cell_h=20 operandsReady=true → false
2026-08-21T11:03:50.285 [viewport] source=onRealViewportChanged cellsDirty=false resume_rows=24 emulator_rows=24 resume_cols=80 emulator_cols=80 outgrew=false mismatch=false → false
2026-08-21T11:03:50.285 [viewport] source=onRealViewportChanged result resized=false outgrewGuard=false candidateRows=24 candidateCols=80 emulatorRows=24 emulatorCols=80
2026-08-21T11:04:41.405 [viewport] source=onViewportSizeChanged oldW=800 oldH=480 newW=800 newH=480 viewportSeeded=true emulatorRows=24 emulatorCols=80
2026-08-21T11:04:41.405 [viewport] viewportOutgrewEmulator: source=onViewportSizeChanged viewport_rows=24 emulator_rows=24 viewport_cols=80 emulator_cols=80 viewport_w=800 viewport_h=480 cell_w=10 cell_h=20 operandsReady=true → false
2026-08-21T11:04:41.405 [viewport] source=onViewportSizeChanged result resized=false outgrewGuard=false candidateRows=24 candidateCols=80 emulatorRows=24 emulatorCols=80
2026-08-21T11:04:41.405 [viewport] source=onRealViewportChanged oldW=800 oldH=480 newW=800 newH=480 viewportSeeded=true emulatorRows=24 emulatorCols=80
2026-08-21T11:04:41.405 [reflow] source=resume view_width_px=800 cell_width_px=10 derived_cols=80 last_sent_cols=80
2026-08-21T11:04:41.405 [viewport] viewportOutgrewEmulator: source=onRealViewportChanged viewport_rows=24 emulator_rows=24 viewport_cols=80 emulator_cols=80 viewport_w=800 viewport_h=480 cell_w=10 cell_h=20 operandsReady=true → false
2026-08-21T11:04:41.405 [viewport] source=onRealViewportChanged cellsDirty=false resume_rows=24 emulator_rows=24 resume_cols=80 emulator_cols=80 outgrew=false mismatch=false → false
2026-08-21T11:04:41.405 [viewport] source=onRealViewportChanged result resized=false outgrewGuard=false candidateRows=24 candidateCols=80 emulatorRows=24 emulatorCols=80
2026-08-21T11:05:22.672 [viewport] source=onViewportSizeChanged oldW=800 oldH=480 newW=800 newH=480 viewportSeeded=true emulatorRows=24 emulatorCols=80
2026-08-21T11:05:22.672 [viewport] viewportOutgrewEmulator: source=onViewportSizeChanged viewport_rows=24 emulator_rows=24 viewport_cols=80 emulator_cols=80 viewport_w=800 viewport_h=480 cell_w=10 cell_h=20 operandsReady=true → false
2026-08-21T11:05:22.672 [viewport] source=onViewportSizeChanged result resized=false outgrewGuard=false candidateRows=24 candidateCols=80 emulatorRows=24 emulatorCols=80
2026-08-21T11:05:22.672 [viewport] source=onRealViewportChanged oldW=800 oldH=480 newW=800 newH=480 viewportSeeded=true emulatorRows=24 emulatorCols=80
2026-08-21T11:05:22.672 [reflow] source=resume view_width_px=800 cell_width_px=10 derived_cols=80 last_sent_cols=80
2026-08-21T11:05:22.672 [viewport] viewportOutgrewEmulator: source=onRealViewportChanged viewport_rows=24 emulator_rows=24 viewport_cols=80 emulator_cols=80 viewport_w=800 viewport_h=480 cell_w=10 cell_h=20 operandsReady=true → false
2026-08-21T11:05:22.672 [viewport] source=onRealViewportChanged cellsDirty=false resume_rows=24 emulator_rows=24 resume_cols=80 emulator_cols=80 outgrew=false mismatch=false → false
2026-08-21T11:05:22.672 [viewport] source=onRealViewportChanged result resized=false outgrewGuard=false candidateRows=24 candidateCols=80 emulatorRows=24 emulatorCols=80
2026-08-21T11:06:17.504 [viewport] source=onViewportSizeChanged oldW=800 oldH=480 newW=800 newH=480 viewportSeeded=true emulatorRows=24 emulatorCols=80
2026-08-21T11:06:17.504 [viewport] viewportOutgrewEmulator: source=onViewportSizeChanged viewport_rows=24 emulator_rows=24 viewport_cols=80 emulator_cols=80 viewport_w=800 viewport_h=480 cell_w=10 cell_h=20 operandsReady=true → false
2026-08-21T11:06:17.504 [viewport] source=onViewportSizeChanged result resized=false outgrewGuard=false candidateRows=24 candidateCols=80 emulatorRows=24 emulatorCols=80
2026-08-21T11:06:17.505 [viewport] source=onRealViewportChanged oldW=800 oldH=480 newW=800 newH=480 viewportSeeded=true emulatorRows=24 emulatorCols=80
2026-08-21T11:06:17.505 [reflow] source=resume view_width_px=800 cell_width_px=10 derived_cols=80 last_sent_cols=80
2026-08-21T11:06:17.505 [viewport] viewportOutgrewEmulator: source=onRealViewportChanged viewport_rows=24 emulator_rows=24 viewport_cols=80 emulator_cols=80 viewport_w=800 viewport_h=480 cell_w=10 cell_h=20 operandsReady=true → false
2026-08-21T11:06:17.505 [viewport] source=onRealViewportChanged cellsDirty=false resume_rows=24 emulator_rows=24 resume_cols=80 emulator_cols=80 outgrew=false mismatch=false → false
2026-08-21T11:06:17.505 [viewport] source=onRealViewportChanged result resized=false outgrewGuard=false candidateRows=24 candidateCols=80 emulatorRows=24 emulatorCols=80
2026-08-21T11:07:02.566 [viewport] source=onViewportSizeChanged oldW=800 oldH=480 newW=800 newH=480 viewportSeeded=true emulatorRows=24 emulatorCols=80
2026-08-21T11:07:02.566 [viewport] viewportOutgrewEmulator: source=onViewportSizeChanged viewport_rows=24 emulator_rows=24 viewport_cols=80 emulator_cols=80 viewport_w=800 viewport_h=480 cell_w=10 cell_h=20 operandsReady=true → false
2026-08-21T11:07:02.566 [viewport] source=onViewportSizeChanged result resized=false outgrewGuard=false candidateRows=24 candidateCols=80 emulatorRows=24 emulatorCols=80
2026-08-21T11:07:02.566 [viewport] source=onRealViewportChanged oldW=800 oldH=480 newW=800 newH=480 viewportSeeded=true emulatorRows=24 emulatorCols=80
2026-08-21T11:07:02.566 [reflow] source=resume view_width_px=800 cell_width_px=10 derived_cols=80 last_sent_cols=80
2026-08-21T11:07:02.566 [viewport] viewportOutgrewEmulator: source=onRealViewportChanged viewport_rows=24 emulator_rows=24 viewport_cols=80 emulator_cols=80 viewport_w=800 viewport_h=480 cell_w=10 cell_h=20 operandsReady=true → false
2026-08-21T11:07:02.566 [viewport] source=onRealViewportChanged cellsDirty=false resume_rows=24 emulator_rows=24 resume_cols=80 emulator_cols=80 outgrew=false mismatch=false → false
2026-08-21T11:07:02.566 [viewport] source=onRealViewportChanged result resized=false outgrewGuard=false candidateRows=24 candidateCols=80 emulatorRows=24 emulatorCols=80
2026-08-21T11:07:46.626 [viewport] source=onViewportSizeChanged oldW=800 oldH=480 newW=800 newH=480 viewportSeeded=true emulatorRows=24 emulatorCols=80
2026-08-21T11:07:46.626 [viewport] viewportOutgrewEmulator: source=onViewportSizeChanged viewport_rows=24 emulator_rows=24 viewport_cols=80 emulator_cols=80 viewport_w=800 viewport_h=480 cell_w=10 cell_h=20 operandsReady=true → false
2026-08-21T11:07:46.626 [viewport] source=onViewportSizeChanged result resized=false outgrewGuard=false candidateRows=24 candidateCols=80 emulatorRows=24 emulatorCols=80
2026-08-21T11:07:46.626 [viewport] source=onRealViewportChanged oldW=800 oldH=480 newW=800 newH=480 viewportSeeded=true emulatorRows=24 emulatorCols=80
2026-08-21T11:07:46.626 [reflow] source=resume view_width_px=800 cell_width_px=10 derived_cols=80 last_sent_cols=80
2026-08-21T11:07:46.626 [viewport] viewportOutgrewEmulator: source=onRealViewportChanged viewport_rows=24 emulator_rows=24 viewport_cols=80 emulator_cols=80 viewport_w=800 viewport_h=480 cell_w=10 cell_h=20 operandsReady=true → false
2026-08-21T11:07:46.626 [viewport] source=onRealViewportChanged cellsDirty=false resume_rows=24 emulator_rows=24 resume_cols=80 emulator_cols=80 outgrew=false mismatch=false → false
2026-08-21T11:07:46.626 [viewport] source=onRealViewportChanged result resized=false outgrewGuard=false candidateRows=24 candidateCols=80 emulatorRows=24 emulatorCols=80
2026-08-21T11:08:29.855 [viewport] source=onViewportSizeChanged oldW=800 oldH=480 newW=800 newH=480 viewportSeeded=true emulatorRows=24 emulatorCols=80
2026-08-21T11:08:29.855 [viewport] viewportOutgrewEmulator: source=onViewportSizeChanged viewport_rows=24 emulator_rows=24 viewport_cols=80 emulator_cols=80 viewport_w=800 viewport_h=480 cell_w=10 cell_h=20 operandsReady=true → false
2026-08-21T11:08:29.855 [viewport] source=onViewportSizeChanged result resized=false outgrewGuard=false candidateRows=24 candidateCols=80 emulatorRows=24 emulatorCols=80
2026-08-21T11:08:29.855 [viewport] source=onRealViewportChanged oldW=800 oldH=480 newW=800 newH=480 viewportSeeded=true emulatorRows=24 emulatorCols=80
2026-08-21T11:08:29.855 [reflow] source=resume view_width_px=800 cell_width_px=10 derived_cols=80 last_sent_cols=80
2026-08-21T11:08:29.855 [viewport] viewportOutgrewEmulator: source=onRealViewportChanged viewport_rows=24 emulator_rows=24 viewport_cols=80 emulator_cols=80 viewport_w=800 viewport_h=480 cell_w=10 cell_h=20 operandsReady=true → false
2026-08-21T11:08:29.855 [viewport] source=onRealViewportChanged cellsDirty=false resume_rows=24 emulator_rows=24 resume_cols=80 emulator_cols=80 outgrew=false mismatch=false → false
2026-08-21T11:08:29.855 [viewport] source=onRealViewportChanged result resized=false outgrewGuard=false candidateRows=24 candidateCols=80 emulatorRows=24 emulatorCols=80
2026-08-21T11:09:08.311 [viewport] source=onViewportSizeChanged oldW=800 oldH=480 newW=800 newH=480 viewportSeeded=true emulatorRows=24 emulatorCols=80
2026-08-21T11:09:08.311 [viewport] viewportOutgrewEmulator: source=onViewportSizeChanged viewport_rows=24 emulator_rows=24 viewport_cols=80 emulator_cols=80 viewport_w=800 viewport_h=480 cell_w=10 cell_h=20 operandsReady=true → false
2026-08-21T11:09:08.311 [viewport] source=onViewportSizeChanged result resized=false outgrewGuard=false candidateRows=24 candidateCols=80 emulatorRows=24 emulatorCols=80
2026-08-21T11:09:08.311 [viewport] source=onRealViewportChanged oldW=800 oldH=480 newW=800 newH=480 viewportSeeded=true emulatorRows=24 emulatorCols=80
2026-08-21T11:09:08.311 [reflow] source=resume view_width_px=800 cell_width_px=10 derived_cols=80 last_sent_cols=80
2026-08-21T11:09:08.311 [viewport] viewportOutgrewEmulator: source=onRealViewportChanged viewport_rows=24 emulator_rows=24 viewport_cols=80 emulator_cols=80 viewport_w=800 viewport_h=480 cell_w=10 cell_h=20 operandsReady=true → false
2026-08-21T11:09:08.311 [viewport] source=onRealViewportChanged cellsDirty=false resume_rows=24 emulator_rows=24 resume_cols=80 emulator_cols=80 outgrew=false mismatch=false → false
2026-08-21T11:09:08.311 [viewport] source=onRealViewportChanged result resized=false outgrewGuard=false candidateRows=24 candidateCols=80 emulatorRows=24 emulatorCols=80
2026-08-21T11:11:57.456 [viewport] source=onViewportSizeChanged oldW=800 oldH=480 newW=800 newH=480 viewportSeeded=true emulatorRows=24 emulatorCols=80
2026-08-21T11:11:57.456 [viewport] viewportOutgrewEmulator: source=onViewportSizeChanged viewport_rows=24 emulator_rows=24 viewport_cols=80 emulator_cols=80 viewport_w=800 viewport_h=480 cell_w=10 cell_h=20 operandsReady=true → false
2026-08-21T11:11:57.456 [viewport] source=onViewportSizeChanged result resized=false outgrewGuard=false candidateRows=24 candidateCols=80 emulatorRows=24 emulatorCols=80
2026-08-21T11:11:57.456 [viewport] source=onRealViewportChanged oldW=800 oldH=480 newW=800 newH=480 viewportSeeded=true emulatorRows=24 emulatorCols=80
2026-08-21T11:11:57.456 [reflow] source=resume view_width_px=800 cell_width_px=10 derived_cols=80 last_sent_cols=80
2026-08-21T11:11:57.456 [viewport] viewportOutgrewEmulator: source=onRealViewportChanged viewport_rows=24 emulator_rows=24 viewport_cols=80 emulator_cols=80 viewport_w=800 viewport_h=480 cell_w=10 cell_h=20 operandsReady=true → false
2026-08-21T11:11:57.456 [viewport] source=onRealViewportChanged cellsDirty=false resume_rows=24 emulator_rows=24 resume_cols=80 emulator_cols=80 outgrew=false mismatch=false → false
2026-08-21T11:11:57.456 [viewport] source=onRealViewportChanged result resized=false outgrewGuard=false candidateRows=24 candidateCols=80 emulatorRows=24 emulatorCols=80
2026-08-21T11:12:48.546 [viewport] source=onViewportSizeChanged oldW=800 oldH=480 newW=800 newH=480 viewportSeeded=true emulatorRows=24 emulatorCols=80
2026-08-21T11:12:48.546 [viewport] viewportOutgrewEmulator: source=onViewportSizeChanged viewport_rows=24 emulator_rows=24 viewport_cols=80 emulator_cols=80 viewport_w=800 viewport_h=480 cell_w=10 cell_h=20 operandsReady=true → false
2026-08-21T11:12:48.546 [viewport] source=onViewportSizeChanged result resized=false outgrewGuard=false candidateRows=24 candidateCols=80 emulatorRows=24 emulatorCols=80
2026-08-21T11:12:48.546 [viewport] source=onRealViewportChanged oldW=800 oldH=480 newW=800 newH=480 viewportSeeded=true emulatorRows=24 emulatorCols=80
2026-08-21T11:12:48.546 [reflow] source=resume view_width_px=800 cell_width_px=10 derived_cols=80 last_sent_cols=80
2026-08-21T11:12:48.546 [viewport] viewportOutgrewEmulator: source=onRealViewportChanged viewport_rows=24 emulator_rows=24 viewport_cols=80 emulator_cols=80 viewport_w=800 viewport_h=480 cell_w=10 cell_h=20 operandsReady=true → false
2026-08-21T11:12:48.546 [viewport] source=onRealViewportChanged cellsDirty=false resume_rows=24 emulator_rows=24 resume_cols=80 emulator_cols=80 outgrew=false mismatch=false → false
2026-08-21T11:12:48.546 [viewport] source=onRealViewportChanged result resized=false outgrewGuard=false candidateRows=24 candidateCols=80 emulatorRows=24 emulatorCols=80
2026-08-21T11:13:28.831 [viewport] source=onViewportSizeChanged oldW=800 oldH=480 newW=800 newH=480 viewportSeeded=true emulatorRows=24 emulatorCols=80
2026-08-21T11:13:28.831 [viewport] viewportOutgrewEmulator: source=onViewportSizeChanged viewport_rows=24 emulator_rows=24 viewport_cols=80 emulator_cols=80 viewport_w=800 viewport_h=480 cell_w=10 cell_h=20 operandsReady=true → false
2026-08-21T11:13:28.831 [viewport] source=onViewportSizeChanged result resized=false outgrewGuard=false candidateRows=24 candidateCols=80 emulatorRows=24 emulatorCols=80
2026-08-21T11:13:28.831 [viewport] source=onRealViewportChanged oldW=800 oldH=480 newW=800 newH=480 viewportSeeded=true emulatorRows=24 emulatorCols=80
2026-08-21T11:13:28.831 [reflow] source=resume view_width_px=800 cell_width_px=10 derived_cols=80 last_sent_cols=80
2026-08-21T11:13:28.831 [viewport] viewportOutgrewEmulator: source=onRealViewportChanged viewport_rows=24 emulator_rows=24 viewport_cols=80 emulator_cols=80 viewport_w=800 viewport_h=480 cell_w=10 cell_h=20 operandsReady=true → false
2026-08-21T11:13:28.831 [viewport] source=onRealViewportChanged cellsDirty=false resume_rows=24 emulator_rows=24 resume_cols=80 emulator_cols=80 outgrew=false mismatch=false → false
2026-08-21T11:13:28.831 [viewport] source=onRealViewportChanged result resized=false outgrewGuard=false candidateRows=24 candidateCols=80 emulatorRows=24 emulatorCols=80
2026-08-21T11:14:04.618 [viewport] source=onViewportSizeChanged oldW=800 oldH=480 newW=800 newH=480 viewportSeeded=true emulatorRows=24 emulatorCols=80
2026-08-21T11:14:04.618 [viewport] viewportOutgrewEmulator: source=onViewportSizeChanged viewport_rows=24 emulator_rows=24 viewport_cols=80 emulator_cols=80 viewport_w=800 viewport_h=480 cell_w=10 cell_h=20 operandsReady=true → false
2026-08-21T11:14:04.618 [viewport] source=onViewportSizeChanged result resized=false outgrewGuard=false candidateRows=24 candidateCols=80 emulatorRows=24 emulatorCols=80
2026-08-21T11:14:04.618 [viewport] source=onRealViewportChanged oldW=800 oldH=480 newW=800 newH=480 viewportSeeded=true emulatorRows=24 emulatorCols=80
2026-08-21T11:14:04.618 [reflow] source=resume view_width_px=800 cell_width_px=10 derived_cols=80 last_sent_cols=80
2026-08-21T11:14:04.618 [viewport] viewportOutgrewEmulator: source=onRealViewportChanged viewport_rows=24 emulator_rows=24 viewport_cols=80 emulator_cols=80 viewport_w=800 viewport_h=480 cell_w=10 cell_h=20 operandsReady=true → false
2026-08-21T11:14:04.618 [viewport] source=onRealViewportChanged cellsDirty=false resume_rows=24 emulator_rows=24 resume_cols=80 emulator_cols=80 outgrew=false mismatch=false → false
2026-08-21T11:14:04.618 [viewport] source=onRealViewportChanged result resized=false outgrewGuard=false candidateRows=24 candidateCols=80 emulatorRows=24 emulatorCols=80
2026-08-21T11:14:53.980 [viewport] source=onViewportSizeChanged oldW=800 oldH=480 newW=800 newH=480 viewportSeeded=true emulatorRows=24 emulatorCols=80
2026-08-21T11:14:53.980 [viewport] viewportOutgrewEmulator: source=onViewportSizeChanged viewport_rows=24 emulator_rows=24 viewport_cols=80 emulator_cols=80 viewport_w=800 viewport_h=480 cell_w=10 cell_h=20 operandsReady=true → false
2026-08-21T11:14:53.980 [viewport] source=onViewportSizeChanged result resized=false outgrewGuard=false candidateRows=24 candidateCols=80 emulatorRows=24 emulatorCols=80
2026-08-21T11:14:53.980 [viewport] source=onRealViewportChanged oldW=800 oldH=480 newW=800 newH=480 viewportSeeded=true emulatorRows=24 emulatorCols=80
2026-08-21T11:14:53.980 [reflow] source=resume view_width_px=800 cell_width_px=10 derived_cols=80 last_sent_cols=80
2026-08-21T11:14:53.980 [viewport] viewportOutgrewEmulator: source=onRealViewportChanged viewport_rows=24 emulator_rows=24 viewport_cols=80 emulator_cols=80 viewport_w=800 viewport_h=480 cell_w=10 cell_h=20 operandsReady=true → false
2026-08-21T11:14:53.980 [viewport] source=onRealViewportChanged cellsDirty=false resume_rows=24 emulator_rows=24 resume_cols=80 emulator_cols=80 outgrew=false mismatch=false → false
2026-08-21T11:14:53.980 [viewport] source=onRealViewportChanged result resized=false outgrewGuard=false candidateRows=24 candidateCols=80 emulatorRows=24 emulatorCols=80
2026-08-21T11:15:30.113 [viewport] source=onViewportSizeChanged oldW=800 oldH=480 newW=800 newH=480 viewportSeeded=true emulatorRows=24 emulatorCols=80
2026-08-21T11:15:30.113 [viewport] viewportOutgrewEmulator: source=onViewportSizeChanged viewport_rows=24 emulator_rows=24 viewport_cols=80 emulator_cols=80 viewport_w=800 viewport_h=480 cell_w=10 cell_h=20 operandsReady=true → false
2026-08-21T11:15:30.113 [viewport] source=onViewportSizeChanged result resized=false outgrewGuard=false candidateRows=24 candidateCols=80 emulatorRows=24 emulatorCols=80
2026-08-21T11:15:30.113 [viewport] source=onRealViewportChanged oldW=800 oldH=480 newW=800 newH=480 viewportSeeded=true emulatorRows=24 emulatorCols=80
2026-08-21T11:15:30.113 [reflow] source=resume view_width_px=800 cell_width_px=10 derived_cols=80 last_sent_cols=80
2026-08-21T11:15:30.113 [viewport] viewportOutgrewEmulator: source=onRealViewportChanged viewport_rows=24 emulator_rows=24 viewport_cols=80 emulator_cols=80 viewport_w=800 viewport_h=480 cell_w=10 cell_h=20 operandsReady=true → false
2026-08-21T11:15:30.113 [viewport] source=onRealViewportChanged cellsDirty=false resume_rows=24 emulator_rows=24 resume_cols=80 emulator_cols=80 outgrew=false mismatch=false → false
2026-08-21T11:15:30.113 [viewport] source=onRealViewportChanged result resized=false outgrewGuard=false candidateRows=24 candidateCols=80 emulatorRows=24 emulatorCols=80
2026-08-21T11:16:07.484 [viewport] source=onViewportSizeChanged oldW=800 oldH=480 newW=800 newH=480 viewportSeeded=true emulatorRows=24 emulatorCols=80
2026-08-21T11:16:07.484 [viewport] viewportOutgrewEmulator: source=onViewportSizeChanged viewport_rows=24 emulator_rows=24 viewport_cols=80 emulator_cols=80 viewport_w=800 viewport_h=480 cell_w=10 cell_h=20 operandsReady=true → false
2026-08-21T11:16:07.484 [viewport] source=onViewportSizeChanged result resized=false outgrewGuard=false candidateRows=24 candidateCols=80 emulatorRows=24 emulatorCols=80
2026-08-21T11:16:07.484 [viewport] source=onRealViewportChanged oldW=800 oldH=480 newW=800 newH=480 viewportSeeded=true emulatorRows=24 emulatorCols=80
2026-08-21T11:16:07.484 [reflow] source=resume view_width_px=800 cell_width_px=10 derived_cols=80 last_sent_cols=80
2026-08-21T11:16:07.484 [viewport] viewportOutgrewEmulator: source=onRealViewportChanged viewport_rows=24 emulator_rows=24 viewport_cols=80 emulator_cols=80 viewport_w=800 viewport_h=480 cell_w=10 cell_h=20 operandsReady=true → false
2026-08-21T11:16:07.484 [viewport] source=onRealViewportChanged cellsDirty=false resume_rows=24 emulator_rows=24 resume_cols=80 emulator_cols=80 outgrew=false mismatch=false → false
2026-08-21T11:16:07.484 [viewport] source=onRealViewportChanged result resized=false outgrewGuard=false candidateRows=24 candidateCols=80 emulatorRows=24 emulatorCols=80
2026-08-21T11:16:39.716 [viewport] source=onViewportSizeChanged oldW=800 oldH=480 newW=800 newH=480 viewportSeeded=true emulatorRows=24 emulatorCols=80
2026-08-21T11:16:39.716 [viewport] viewportOutgrewEmulator: source=onViewportSizeChanged viewport_rows=24 emulator_rows=24 viewport_cols=80 emulator_cols=80 viewport_w=800 viewport_h=480 cell_w=10 cell_h=20 operandsReady=true → false
2026-08-21T11:16:39.716 [viewport] source=onViewportSizeChanged result resized=false outgrewGuard=false candidateRows=24 candidateCols=80 emulatorRows=24 emulatorCols=80
2026-08-21T11:16:39.716 [viewport] source=onRealViewportChanged oldW=800 oldH=480 newW=800 newH=480 viewportSeeded=true emulatorRows=24 emulatorCols=80
2026-08-21T11:16:39.716 [reflow] source=resume view_width_px=800 cell_width_px=10 derived_cols=80 last_sent_cols=80
2026-08-21T11:16:39.716 [viewport] viewportOutgrewEmulator: source=onRealViewportChanged viewport_rows=24 emulator_rows=24 viewport_cols=80 emulator_cols=80 viewport_w=800 viewport_h=480 cell_w=10 cell_h=20 operandsReady=true → false
2026-08-21T11:16:39.716 [viewport] source=onRealViewportChanged cellsDirty=false resume_rows=24 emulator_rows=24 resume_cols=80 emulator_cols=80 outgrew=false mismatch=false → false
2026-08-21T11:16:39.716 [viewport] source=onRealViewportChanged result resized=false outgrewGuard=false candidateRows=24 candidateCols=80 emulatorRows=24 emulatorCols=80
2026-08-21T11:17:22.360 [viewport] source=onViewportSizeChanged oldW=800 oldH=480 newW=800 newH=480 viewportSeeded=true emulatorRows=24 emulatorCols=80
2026-08-21T11:17:22.360 [viewport] viewportOutgrewEmulator: source=onViewportSizeChanged viewport_rows=24 emulator_rows=24 viewport_cols=80 emulator_cols=80 viewport_w=800 viewport_h=480 cell_w=10 cell_h=20 operandsReady=true → false
2026-08-21T11:17:22.360 [viewport] source=onViewportSizeChanged result resized=false outgrewGuard=false candidateRows=24 candidateCols=80 emulatorRows=24 emulatorCols=80
2026-08-21T11:17:22.360 [viewport] source=onRealViewportChanged oldW=800 oldH=480 newW=800 newH=480 viewportSeeded=true emulatorRows=24 emulatorCols=80
2026-08-21T11:17:22.360 [reflow] source=resume view_width_px=800 cell_width_px=10 derived_cols=80 last_sent_cols=80
2026-08-21T11:17:22.360 [viewport] viewportOutgrewEmulator: source=onRealViewportChanged viewport_rows=24 emulator_rows=24 viewport_cols=80 emulator_cols=80 viewport_w=800 viewport_h=480 cell_w=10 cell_h=20 operandsReady=true → false
2026-08-21T11:17:22.360 [viewport] source=onRealViewportChanged cellsDirty=false resume_rows=24 emulator_rows=24 resume_cols=80 emulator_cols=80 outgrew=false mismatch=false → false
2026-08-21T11:17:22.360 [viewport] source=onRealViewportChanged result resized=false outgrewGuard=false candidateRows=24 candidateCols=80 emulatorRows=24 emulatorCols=80
2026-08-21T11:18:16.629 [viewport] source=onViewportSizeChanged oldW=800 oldH=480 newW=800 newH=480 viewportSeeded=true emulatorRows=24 emulatorCols=80
2026-08-21T11:18:16.629 [viewport] viewportOutgrewEmulator: source=onViewportSizeChanged viewport_rows=24 emulator_rows=24 viewport_cols=80 emulator_cols=80 viewport_w=800 viewport_h=480 cell_w=10 cell_h=20 operandsReady=true → false
2026-08-21T11:18:16.629 [viewport] source=onViewportSizeChanged result resized=false outgrewGuard=false candidateRows=24 candidateCols=80 emulatorRows=24 emulatorCols=80
2026-08-21T11:18:16.629 [viewport] source=onRealViewportChanged oldW=800 oldH=480 newW=800 newH=480 viewportSeeded=true emulatorRows=24 emulatorCols=80
2026-08-21T11:18:16.629 [reflow] source=resume view_width_px=800 cell_width_px=10 derived_cols=80 last_sent_cols=80
2026-08-21T11:18:16.629 [viewport] viewportOutgrewEmulator: source=onRealViewportChanged viewport_rows=24 emulator_rows=24 viewport_cols=80 emulator_cols=80 viewport_w=800 viewport_h=480 cell_w=10 cell_h=20 operandsReady=true → false
2026-08-21T11:18:16.629 [viewport] source=onRealViewportChanged cellsDirty=false resume_rows=24 emulator_rows=24 resume_cols=80 emulator_cols=80 outgrew=false mismatch=false → false
2026-08-21T11:18:16.629 [viewport] source=onRealViewportChanged result resized=false outgrewGuard=false candidateRows=24 candidateCols=80 emulatorRows=24 emulatorCols=80
2026-08-21T11:19:01.826 [viewport] source=onViewportSizeChanged oldW=800 oldH=480 newW=800 newH=480 viewportSeeded=true emulatorRows=24 emulatorCols=80
2026-08-21T11:19:01.826 [viewport] viewportOutgrewEmulator: source=onViewportSizeChanged viewport_rows=24 emulator_rows=24 viewport_cols=80 emulator_cols=80 viewport_w=800 viewport_h=480 cell_w=10 cell_h=20 operandsReady=true → false
2026-08-21T11:19:01.826 [viewport] source=onViewportSizeChanged result resized=false outgrewGuard=false candidateRows=24 candidateCols=80 emulatorRows=24 emulatorCols=80
2026-08-21T11:19:01.826 [viewport] source=onRealViewportChanged oldW=800 oldH=480 newW=800 newH=480 viewportSeeded=true emulatorRows=24 emulatorCols=80
2026-08-21T11:19:01.826 [reflow] source=resume view_width_px=800 cell_width_px=10 derived_cols=80 last_sent_cols=80
2026-08-21T11:19:01.826 [viewport] viewportOutgrewEmulator: source=onRealViewportChanged viewport_rows=24 emulator_rows=24 viewport_cols=80 emulator_cols=80 viewport_w=800 viewport_h=480 cell_w=10 cell_h=20 operandsReady=true → false
2026-08-21T11:19:01.826 [viewport] source=onRealViewportChanged cellsDirty=false resume_rows=24 emulator_rows=24 resume_cols=80 emulator_cols=80 outgrew=false mismatch=false → false
2026-08-21T11:19:01.826 [viewport] source=onRealViewportChanged result resized=false outgrewGuard=false candidateRows=24 candidateCols=80 emulatorRows=24 emulatorCols=80
2026-08-21T11:19:53.729 [viewport] source=onViewportSizeChanged oldW=800 oldH=480 newW=800 newH=480 viewportSeeded=true emulatorRows=24 emulatorCols=80
2026-08-21T11:19:53.729 [viewport] viewportOutgrewEmulator: source=onViewportSizeChanged viewport_rows=24 emulator_rows=24 viewport_cols=80 emulator_cols=80 viewport_w=800 viewport_h=480 cell_w=10 cell_h=20 operandsReady=true → false
2026-08-21T11:19:53.729 [viewport] source=onViewportSizeChanged result resized=false outgrewGuard=false candidateRows=24 candidateCols=80 emulatorRows=24 emulatorCols=80
2026-08-21T11:19:53.729 [viewport] source=onRealViewportChanged oldW=800 oldH=480 newW=800 newH=480 viewportSeeded=true emulatorRows=24 emulatorCols=80
2026-08-21T11:19:53.729 [reflow] source=resume view_width_px=800 cell_width_px=10 derived_cols=80 last_sent_cols=80
2026-08-21T11:19:53.729 [viewport] viewportOutgrewEmulator: source=onRealViewportChanged viewport_rows=24 emulator_rows=24 viewport_cols=80 emulator_cols=80 viewport_w=800 viewport_h=480 cell_w=10 cell_h=20 operandsReady=true → false
2026-08-21T11:19:53.729 [viewport] source=onRealViewportChanged cellsDirty=false resume_rows=24 emulator_rows=24 resume_cols=80 emulator_cols=80 outgrew=false mismatch=false → false
2026-08-21T11:19:53.729 [viewport] source=onRealViewportChanged result resized=false outgrewGuard=false candidateRows=24 candidateCols=80 emulatorRows=24 emulatorCols=80
2026-08-21T11:20:36.762 [viewport] source=onViewportSizeChanged oldW=800 oldH=480 newW=800 newH=480 viewportSeeded=true emulatorRows=24 emulatorCols=80
2026-08-21T11:20:36.762 [viewport] viewportOutgrewEmulator: source=onViewportSizeChanged viewport_rows=24 emulator_rows=24 viewport_cols=80 emulator_cols=80 viewport_w=800 viewport_h=480 cell_w=10 cell_h=20 operandsReady=true → false
2026-08-21T11:20:36.762 [viewport] source=onViewportSizeChanged result resized=false outgrewGuard=false candidateRows=24 candidateCols=80 emulatorRows=24 emulatorCols=80
2026-08-21T11:20:36.762 [viewport] source=onRealViewportChanged oldW=800 oldH=480 newW=800 newH=480 viewportSeeded=true emulatorRows=24 emulatorCols=80
2026-08-21T11:20:36.762 [reflow] source=resume view_width_px=800 cell_width_px=10 derived_cols=80 last_sent_cols=80
2026-08-21T11:20:36.762 [viewport] viewportOutgrewEmulator: source=onRealViewportChanged viewport_rows=24 emulator_rows=24 viewport_cols=80 emulator_cols=80 viewport_w=800 viewport_h=480 cell_w=10 cell_h=20 operandsReady=true → false
2026-08-21T11:20:36.762 [viewport] source=onRealViewportChanged cellsDirty=false resume_rows=24 emulator_rows=24 resume_cols=80 emulator_cols=80 outgrew=false mismatch=false → false
2026-08-21T11:20:36.762 [viewport] source=onRealViewportChanged result resized=false outgrewGuard=false candidateRows=24 candidateCols=80 emulatorRows=24 emulatorCols=80
2026-08-21T11:21:19.787 [viewport] source=onViewportSizeChanged oldW=800 oldH=480 newW=800 newH=480 viewportSeeded=true emulatorRows=24 emulatorCols=80
2026-08-21T11:21:19.787 [viewport] viewportOutgrewEmulator: source=onViewportSizeChanged viewport_rows=24 emulator_rows=24 viewport_cols=80 emulator_cols=80 viewport_w=800 viewport_h=480 cell_w=10 cell_h=20 operandsReady=true → false
2026-08-21T11:21:19.787 [viewport] source=onViewportSizeChanged result resized=false outgrewGuard=false candidateRows=24 candidateCols=80 emulatorRows=24 emulatorCols=80
2026-08-21T11:21:19.787 [viewport] source=onRealViewportChanged oldW=800 oldH=480 newW=800 newH=480 viewportSeeded=true emulatorRows=24 emulatorCols=80
2026-08-21T11:21:19.787 [reflow] source=resume view_width_px=800 cell_width_px=10 derived_cols=80 last_sent_cols=80
2026-08-21T11:21:19.787 [viewport] viewportOutgrewEmulator: source=onRealViewportChanged viewport_rows=24 emulator_rows=24 viewport_cols=80 emulator_cols=80 viewport_w=800 viewport_h=480 cell_w=10 cell_h=20 operandsReady=true → false
2026-08-21T11:21:19.787 [viewport] source=onRealViewportChanged cellsDirty=false resume_rows=24 emulator_rows=24 resume_cols=80 emulator_cols=80 outgrew=false mismatch=false → false
2026-08-21T11:21:19.787 [viewport] source=onRealViewportChanged result resized=false outgrewGuard=false candidateRows=24 candidateCols=80 emulatorRows=24 emulatorCols=80
2026-08-21T11:22:01.653 [viewport] source=onViewportSizeChanged oldW=800 oldH=480 newW=800 newH=480 viewportSeeded=true emulatorRows=24 emulatorCols=80
2026-08-21T11:22:01.653 [viewport] viewportOutgrewEmulator: source=onViewportSizeChanged viewport_rows=24 emulator_rows=24 viewport_cols=80 emulator_cols=80 viewport_w=800 viewport_h=480 cell_w=10 cell_h=20 operandsReady=true → false
2026-08-21T11:22:01.653 [viewport] source=onViewportSizeChanged result resized=false outgrewGuard=false candidateRows=24 candidateCols=80 emulatorRows=24 emulatorCols=80
2026-08-21T11:22:01.653 [viewport] source=onRealViewportChanged oldW=800 oldH=480 newW=800 newH=480 viewportSeeded=true emulatorRows=24 emulatorCols=80
2026-08-21T11:22:01.653 [reflow] source=resume view_width_px=800 cell_width_px=10 derived_cols=80 last_sent_cols=80
2026-08-21T11:22:01.653 [viewport] viewportOutgrewEmulator: source=onRealViewportChanged viewport_rows=24 emulator_rows=24 viewport_cols=80 emulator_cols=80 viewport_w=800 viewport_h=480 cell_w=10 cell_h=20 operandsReady=true → false
2026-08-21T11:22:01.653 [viewport] source=onRealViewportChanged cellsDirty=false resume_rows=24 emulator_rows=24 resume_cols=80 emulator_cols=80 outgrew=false mismatch=false → false
2026-08-21T11:22:01.653 [viewport] source=onRealViewportChanged result resized=false outgrewGuard=false candidateRows=24 candidateCols=80 emulatorRows=24 emulatorCols=80
2026-08-21T11:22:38.160 [viewport] source=onViewportSizeChanged oldW=800 oldH=480 newW=800 newH=480 viewportSeeded=true emulatorRows=24 emulatorCols=80
2026-08-21T11:22:38.160 [viewport] viewportOutgrewEmulator: source=onViewportSizeChanged viewport_rows=24 emulator_rows=24 viewport_cols=80 emulator_cols=80 viewport_w=800 viewport_h=480 cell_w=10 cell_h=20 operandsReady=true → false
2026-08-21T11:22:38.160 [viewport] source=onViewportSizeChanged result resized=false outgrewGuard=false candidateRows=24 candidateCols=80 emulatorRows=24 emulatorCols=80
2026-08-21T11:22:38.160 [viewport] source=onRealViewportChanged oldW=800 oldH=480 newW=800 newH=480 viewportSeeded=true emulatorRows=24 emulatorCols=80
2026-08-21T11:22:38.160 [reflow] source=resume view_width_px=800 cell_width_px=10 derived_cols=80 last_sent_cols=80
2026-08-21T11:22:38.160 [viewport] viewportOutgrewEmulator: source=onRealViewportChanged viewport_rows=24 emulator_rows=24 viewport_cols=80 emulator_cols=80 viewport_w=800 viewport_h=480 cell_w=10 cell_h=20 operandsReady=true → false
2026-08-21T11:22:38.160 [viewport] source=onRealViewportChanged cellsDirty=false resume_rows=24 emulator_rows=24 resume_cols=80 emulator_cols=80 outgrew=false mismatch=false → false
2026-08-21T11:22:38.160 [viewport] source=onRealViewportChanged result resized=false outgrewGuard=false candidateRows=24 candidateCols=80 emulatorRows=24 emulatorCols=80
2026-08-21T11:28:41.517 [viewport] source=onViewportSizeChanged oldW=800 oldH=480 newW=800 newH=480 viewportSeeded=true emulatorRows=24 emulatorCols=80
2026-08-21T11:28:41.517 [viewport] viewportOutgrewEmulator: source=onViewportSizeChanged viewport_rows=24 emulator_rows=24 viewport_cols=80 emulator_cols=80 viewport_w=800 viewport_h=480 cell_w=10 cell_h=20 operandsReady=true → false
2026-08-21T11:28:41.517 [viewport] source=onViewportSizeChanged result resized=false outgrewGuard=false candidateRows=24 candidateCols=80 emulatorRows=24 emulatorCols=80
2026-08-21T11:28:41.517 [viewport] source=onRealViewportChanged oldW=800 oldH=480 newW=800 newH=480 viewportSeeded=true emulatorRows=24 emulatorCols=80
2026-08-21T11:28:41.517 [reflow] source=resume view_width_px=800 cell_width_px=10 derived_cols=80 last_sent_cols=80
2026-08-21T11:28:41.517 [viewport] viewportOutgrewEmulator: source=onRealViewportChanged viewport_rows=24 emulator_rows=24 viewport_cols=80 emulator_cols=80 viewport_w=800 viewport_h=480 cell_w=10 cell_h=20 operandsReady=true → false
2026-08-21T11:28:41.517 [viewport] source=onRealViewportChanged cellsDirty=false resume_rows=24 emulator_rows=24 resume_cols=80 emulator_cols=80 outgrew=false mismatch=false → false
2026-08-21T11:28:41.517 [viewport] source=onRealViewportChanged result resized=false outgrewGuard=false candidateRows=24 candidateCols=80 emulatorRows=24 emulatorCols=80
2026-08-21T11:29:36.673 [viewport] source=onViewportSizeChanged oldW=800 oldH=480 newW=800 newH=480 viewportSeeded=true emulatorRows=24 emulatorCols=80
2026-08-21T11:29:36.673 [viewport] viewportOutgrewEmulator: source=onViewportSizeChanged viewport_rows=24 emulator_rows=24 viewport_cols=80 emulator_cols=80 viewport_w=800 viewport_h=480 cell_w=10 cell_h=20 operandsReady=true → false
2026-08-21T11:29:36.673 [viewport] source=onViewportSizeChanged result resized=false outgrewGuard=false candidateRows=24 candidateCols=80 emulatorRows=24 emulatorCols=80
2026-08-21T11:29:36.673 [viewport] source=onRealViewportChanged oldW=800 oldH=480 newW=800 newH=480 viewportSeeded=true emulatorRows=24 emulatorCols=80
2026-08-21T11:29:36.673 [reflow] source=resume view_width_px=800 cell_width_px=10 derived_cols=80 last_sent_cols=80
2026-08-21T11:29:36.673 [viewport] viewportOutgrewEmulator: source=onRealViewportChanged viewport_rows=24 emulator_rows=24 viewport_cols=80 emulator_cols=80 viewport_w=800 viewport_h=480 cell_w=10 cell_h=20 operandsReady=true → false
2026-08-21T11:29:36.673 [viewport] source=onRealViewportChanged cellsDirty=false resume_rows=24 emulator_rows=24 resume_cols=80 emulator_cols=80 outgrew=false mismatch=false → false
2026-08-21T11:29:36.673 [viewport] source=onRealViewportChanged result resized=false outgrewGuard=false candidateRows=24 candidateCols=80 emulatorRows=24 emulatorCols=80
2026-08-21T11:30:20.945 [viewport] source=onViewportSizeChanged oldW=800 oldH=480 newW=800 newH=480 viewportSeeded=true emulatorRows=24 emulatorCols=80
2026-08-21T11:30:20.945 [viewport] viewportOutgrewEmulator: source=onViewportSizeChanged viewport_rows=24 emulator_rows=24 viewport_cols=80 emulator_cols=80 viewport_w=800 viewport_h=480 cell_w=10 cell_h=20 operandsReady=true → false
2026-08-21T11:30:20.945 [viewport] source=onViewportSizeChanged result resized=false outgrewGuard=false candidateRows=24 candidateCols=80 emulatorRows=24 emulatorCols=80
2026-08-21T11:30:20.945 [viewport] source=onRealViewportChanged oldW=800 oldH=480 newW=800 newH=480 viewportSeeded=true emulatorRows=24 emulatorCols=80
2026-08-21T11:30:20.945 [reflow] source=resume view_width_px=800 cell_width_px=10 derived_cols=80 last_sent_cols=80
2026-08-21T11:30:20.945 [viewport] viewportOutgrewEmulator: source=onRealViewportChanged viewport_rows=24 emulator_rows=24 viewport_cols=80 emulator_cols=80 viewport_w=800 viewport_h=480 cell_w=10 cell_h=20 operandsReady=true → false
2026-08-21T11:30:20.945 [viewport] source=onRealViewportChanged cellsDirty=false resume_rows=24 emulator_rows=24 resume_cols=80 emulator_cols=80 outgrew=false mismatch=false → false
2026-08-21T11:30:20.945 [viewport] source=onRealViewportChanged result resized=false outgrewGuard=false candidateRows=24 candidateCols=80 emulatorRows=24 emulatorCols=80
2026-08-21T11:30:58.789 [viewport] source=onViewportSizeChanged oldW=800 oldH=480 newW=800 newH=480 viewportSeeded=true emulatorRows=24 emulatorCols=80
2026-08-21T11:30:58.789 [viewport] viewportOutgrewEmulator: source=onViewportSizeChanged viewport_rows=24 emulator_rows=24 viewport_cols=80 emulator_cols=80 viewport_w=800 viewport_h=480 cell_w=10 cell_h=20 operandsReady=true → false
2026-08-21T11:30:58.789 [viewport] source=onViewportSizeChanged result resized=false outgrewGuard=false candidateRows=24 candidateCols=80 emulatorRows=24 emulatorCols=80
2026-08-21T11:30:58.789 [viewport] source=onRealViewportChanged oldW=800 oldH=480 newW=800 newH=480 viewportSeeded=true emulatorRows=24 emulatorCols=80
2026-08-21T11:30:58.789 [reflow] source=resume view_width_px=800 cell_width_px=10 derived_cols=80 last_sent_cols=80
2026-08-21T11:30:58.789 [viewport] viewportOutgrewEmulator: source=onRealViewportChanged viewport_rows=24 emulator_rows=24 viewport_cols=80 emulator_cols=80 viewport_w=800 viewport_h=480 cell_w=10 cell_h=20 operandsReady=true → false
2026-08-21T11:30:58.789 [viewport] source=onRealViewportChanged cellsDirty=false resume_rows=24 emulator_rows=24 resume_cols=80 emulator_cols=80 outgrew=false mismatch=false → false
2026-08-21T11:30:58.789 [viewport] source=onRealViewportChanged result resized=false outgrewGuard=false candidateRows=24 candidateCols=80 emulatorRows=24 emulatorCols=80
2026-08-21T11:31:37.249 [viewport] source=onViewportSizeChanged oldW=800 oldH=480 newW=800 newH=480 viewportSeeded=true emulatorRows=24 emulatorCols=80
2026-08-21T11:31:37.249 [viewport] viewportOutgrewEmulator: source=onViewportSizeChanged viewport_rows=24 emulator_rows=24 viewport_cols=80 emulator_cols=80 viewport_w=800 viewport_h=480 cell_w=10 cell_h=20 operandsReady=true → false
2026-08-21T11:31:37.249 [viewport] source=onViewportSizeChanged result resized=false outgrewGuard=false candidateRows=24 candidateCols=80 emulatorRows=24 emulatorCols=80
2026-08-21T11:31:37.249 [viewport] source=onRealViewportChanged oldW=800 oldH=480 newW=800 newH=480 viewportSeeded=true emulatorRows=24 emulatorCols=80
2026-08-21T11:31:37.249 [reflow] source=resume view_width_px=800 cell_width_px=10 derived_cols=80 last_sent_cols=80
2026-08-21T11:31:37.249 [viewport] viewportOutgrewEmulator: source=onRealViewportChanged viewport_rows=24 emulator_rows=24 viewport_cols=80 emulator_cols=80 viewport_w=800 viewport_h=480 cell_w=10 cell_h=20 operandsReady=true → false
2026-08-21T11:31:37.249 [viewport] source=onRealViewportChanged cellsDirty=false resume_rows=24 emulator_rows=24 resume_cols=80 emulator_cols=80 outgrew=false mismatch=false → false
2026-08-21T11:31:37.249 [viewport] source=onRealViewportChanged result resized=false outgrewGuard=false candidateRows=24 candidateCols=80 emulatorRows=24 emulatorCols=80
2026-08-21T11:32:11.841 [viewport] source=onViewportSizeChanged oldW=800 oldH=480 newW=800 newH=480 viewportSeeded=true emulatorRows=24 emulatorCols=80
2026-08-21T11:32:11.841 [viewport] viewportOutgrewEmulator: source=onViewportSizeChanged viewport_rows=24 emulator_rows=24 viewport_cols=80 emulator_cols=80 viewport_w=800 viewport_h=480 cell_w=10 cell_h=20 operandsReady=true → false
2026-08-21T11:32:11.841 [viewport] source=onViewportSizeChanged result resized=false outgrewGuard=false candidateRows=24 candidateCols=80 emulatorRows=24 emulatorCols=80
2026-08-21T11:32:11.841 [viewport] source=onRealViewportChanged oldW=800 oldH=480 newW=800 newH=480 viewportSeeded=true emulatorRows=24 emulatorCols=80
2026-08-21T11:32:11.841 [reflow] source=resume view_width_px=800 cell_width_px=10 derived_cols=80 last_sent_cols=80
2026-08-21T11:32:11.841 [viewport] viewportOutgrewEmulator: source=onRealViewportChanged viewport_rows=24 emulator_rows=24 viewport_cols=80 emulator_cols=80 viewport_w=800 viewport_h=480 cell_w=10 cell_h=20 operandsReady=true → false
2026-08-21T11:32:11.841 [viewport] source=onRealViewportChanged cellsDirty=false resume_rows=24 emulator_rows=24 resume_cols=80 emulator_cols=80 outgrew=false mismatch=false → false
2026-08-21T11:32:11.841 [viewport] source=onRealViewportChanged result resized=false outgrewGuard=false candidateRows=24 candidateCols=80 emulatorRows=24 emulatorCols=80
2026-08-21T11:32:53.980 [viewport] source=onViewportSizeChanged oldW=800 oldH=480 newW=800 newH=480 viewportSeeded=true emulatorRows=24 emulatorCols=80
2026-08-21T11:32:53.980 [viewport] viewportOutgrewEmulator: source=onViewportSizeChanged viewport_rows=24 emulator_rows=24 viewport_cols=80 emulator_cols=80 viewport_w=800 viewport_h=480 cell_w=10 cell_h=20 operandsReady=true → false
2026-08-21T11:32:53.980 [viewport] source=onViewportSizeChanged result resized=false outgrewGuard=false candidateRows=24 candidateCols=80 emulatorRows=24 emulatorCols=80
2026-08-21T11:32:53.980 [viewport] source=onRealViewportChanged oldW=800 oldH=480 newW=800 newH=480 viewportSeeded=true emulatorRows=24 emulatorCols=80
2026-08-21T11:32:53.980 [reflow] source=resume view_width_px=800 cell_width_px=10 derived_cols=80 last_sent_cols=80
2026-08-21T11:32:53.980 [viewport] viewportOutgrewEmulator: source=onRealViewportChanged viewport_rows=24 emulator_rows=24 viewport_cols=80 emulator_cols=80 viewport_w=800 viewport_h=480 cell_w=10 cell_h=20 operandsReady=true → false
2026-08-21T11:32:53.980 [viewport] source=onRealViewportChanged cellsDirty=false resume_rows=24 emulator_rows=24 resume_cols=80 emulator_cols=80 outgrew=false mismatch=false → false
2026-08-21T11:32:53.980 [viewport] source=onRealViewportChanged result resized=false outgrewGuard=false candidateRows=24 candidateCols=80 emulatorRows=24 emulatorCols=80
2026-08-21T11:33:30.810 [viewport] source=onViewportSizeChanged oldW=800 oldH=480 newW=800 newH=480 viewportSeeded=true emulatorRows=24 emulatorCols=80
2026-08-21T11:33:30.810 [viewport] viewportOutgrewEmulator: source=onViewportSizeChanged viewport_rows=24 emulator_rows=24 viewport_cols=80 emulator_cols=80 viewport_w=800 viewport_h=480 cell_w=10 cell_h=20 operandsReady=true → false
2026-08-21T11:33:30.810 [viewport] source=onViewportSizeChanged result resized=false outgrewGuard=false candidateRows=24 candidateCols=80 emulatorRows=24 emulatorCols=80
2026-08-21T11:33:30.810 [viewport] source=onRealViewportChanged oldW=800 oldH=480 newW=800 newH=480 viewportSeeded=true emulatorRows=24 emulatorCols=80
2026-08-21T11:33:30.810 [reflow] source=resume view_width_px=800 cell_width_px=10 derived_cols=80 last_sent_cols=80
2026-08-21T11:33:30.810 [viewport] viewportOutgrewEmulator: source=onRealViewportChanged viewport_rows=24 emulator_rows=24 viewport_cols=80 emulator_cols=80 viewport_w=800 viewport_h=480 cell_w=10 cell_h=20 operandsReady=true → false
2026-08-21T11:33:30.810 [viewport] source=onRealViewportChanged cellsDirty=false resume_rows=24 emulator_rows=24 resume_cols=80 emulator_cols=80 outgrew=false mismatch=false → false
2026-08-21T11:33:30.810 [viewport] source=onRealViewportChanged result resized=false outgrewGuard=false candidateRows=24 candidateCols=80 emulatorRows=24 emulatorCols=80
2026-08-21T11:34:07.920 [viewport] source=onViewportSizeChanged oldW=800 oldH=480 newW=800 newH=480 viewportSeeded=true emulatorRows=24 emulatorCols=80
2026-08-21T11:34:07.920 [viewport] viewportOutgrewEmulator: source=onViewportSizeChanged viewport_rows=24 emulator_rows=24 viewport_cols=80 emulator_cols=80 viewport_w=800 viewport_h=480 cell_w=10 cell_h=20 operandsReady=true → false
2026-08-21T11:34:07.920 [viewport] source=onViewportSizeChanged result resized=false outgrewGuard=false candidateRows=24 candidateCols=80 emulatorRows=24 emulatorCols=80
2026-08-21T11:34:07.920 [viewport] source=onRealViewportChanged oldW=800 oldH=480 newW=800 newH=480 viewportSeeded=true emulatorRows=24 emulatorCols=80
2026-08-21T11:34:07.920 [reflow] source=resume view_width_px=800 cell_width_px=10 derived_cols=80 last_sent_cols=80
2026-08-21T11:34:07.920 [viewport] viewportOutgrewEmulator: source=onRealViewportChanged viewport_rows=24 emulator_rows=24 viewport_cols=80 emulator_cols=80 viewport_w=800 viewport_h=480 cell_w=10 cell_h=20 operandsReady=true → false
2026-08-21T11:34:07.920 [viewport] source=onRealViewportChanged cellsDirty=false resume_rows=24 emulator_rows=24 resume_cols=80 emulator_cols=80 outgrew=false mismatch=false → false
2026-08-21T11:34:07.920 [viewport] source=onRealViewportChanged result resized=false outgrewGuard=false candidateRows=24 candidateCols=80 emulatorRows=24 emulatorCols=80
2026-08-21T11:34:38.979 [viewport] source=onViewportSizeChanged oldW=800 oldH=480 newW=800 newH=480 viewportSeeded=true emulatorRows=24 emulatorCols=80
2026-08-21T11:34:38.979 [viewport] viewportOutgrewEmulator: source=onViewportSizeChanged viewport_rows=24 emulator_rows=24 viewport_cols=80 emulator_cols=80 viewport_w=800 viewport_h=480 cell_w=10 cell_h=20 operandsReady=true → false
2026-08-21T11:34:38.979 [viewport] source=onViewportSizeChanged result resized=false outgrewGuard=false candidateRows=24 candidateCols=80 emulatorRows=24 emulatorCols=80
2026-08-21T11:34:38.979 [viewport] source=onRealViewportChanged oldW=800 oldH=480 newW=800 newH=480 viewportSeeded=true emulatorRows=24 emulatorCols=80
2026-08-21T11:34:38.979 [reflow] source=resume view_width_px=800 cell_width_px=10 derived_cols=80 last_sent_cols=80
2026-08-21T11:34:38.979 [viewport] viewportOutgrewEmulator: source=onRealViewportChanged viewport_rows=24 emulator_rows=24 viewport_cols=80 emulator_cols=80 viewport_w=800 viewport_h=480 cell_w=10 cell_h=20 operandsReady=true → false
2026-08-21T11:34:38.979 [viewport] source=onRealViewportChanged cellsDirty=false resume_rows=24 emulator_rows=24 resume_cols=80 emulator_cols=80 outgrew=false mismatch=false → false
2026-08-21T11:34:38.979 [viewport] source=onRealViewportChanged result resized=false outgrewGuard=false candidateRows=24 candidateCols=80 emulatorRows=24 emulatorCols=80
2026-08-21T11:35:18.355 [viewport] source=onViewportSizeChanged oldW=800 oldH=480 newW=800 newH=480 viewportSeeded=true emulatorRows=24 emulatorCols=80
2026-08-21T11:35:18.355 [viewport] viewportOutgrewEmulator: source=onViewportSizeChanged viewport_rows=24 emulator_rows=24 viewport_cols=80 emulator_cols=80 viewport_w=800 viewport_h=480 cell_w=10 cell_h=20 operandsReady=true → false
2026-08-21T11:35:18.355 [viewport] source=onViewportSizeChanged result resized=false outgrewGuard=false candidateRows=24 candidateCols=80 emulatorRows=24 emulatorCols=80
2026-08-21T11:35:18.355 [viewport] source=onRealViewportChanged oldW=800 oldH=480 newW=800 newH=480 viewportSeeded=true emulatorRows=24 emulatorCols=80
2026-08-21T11:35:18.355 [reflow] source=resume view_width_px=800 cell_width_px=10 derived_cols=80 last_sent_cols=80
2026-08-21T11:35:18.355 [viewport] viewportOutgrewEmulator: source=onRealViewportChanged viewport_rows=24 emulator_rows=24 viewport_cols=80 emulator_cols=80 viewport_w=800 viewport_h=480 cell_w=10 cell_h=20 operandsReady=true → false
2026-08-21T11:35:18.355 [viewport] source=onRealViewportChanged cellsDirty=false resume_rows=24 emulator_rows=24 resume_cols=80 emulator_cols=80 outgrew=false mismatch=false → false
2026-08-21T11:35:18.355 [viewport] source=onRealViewportChanged result resized=false outgrewGuard=false candidateRows=24 candidateCols=80 emulatorRows=24 emulatorCols=80
2026-08-21T11:36:12.398 [viewport] source=onViewportSizeChanged oldW=800 oldH=480 newW=800 newH=480 viewportSeeded=true emulatorRows=24 emulatorCols=80
2026-08-21T11:36:12.398 [viewport] viewportOutgrewEmulator: source=onViewportSizeChanged viewport_rows=24 emulator_rows=24 viewport_cols=80 emulator_cols=80 viewport_w=800 viewport_h=480 cell_w=10 cell_h=20 operandsReady=true → false
2026-08-21T11:36:12.398 [viewport] source=onViewportSizeChanged result resized=false outgrewGuard=false candidateRows=24 candidateCols=80 emulatorRows=24 emulatorCols=80
2026-08-21T11:36:12.398 [viewport] source=onRealViewportChanged oldW=800 oldH=480 newW=800 newH=480 viewportSeeded=true emulatorRows=24 emulatorCols=80
2026-08-21T11:36:12.398 [reflow] source=resume view_width_px=800 cell_width_px=10 derived_cols=80 last_sent_cols=80
2026-08-21T11:36:12.398 [viewport] viewportOutgrewEmulator: source=onRealViewportChanged viewport_rows=24 emulator_rows=24 viewport_cols=80 emulator_cols=80 viewport_w=800 viewport_h=480 cell_w=10 cell_h=20 operandsReady=true → false
2026-08-21T11:36:12.398 [viewport] source=onRealViewportChanged cellsDirty=false resume_rows=24 emulator_rows=24 resume_cols=80 emulator_cols=80 outgrew=false mismatch=false → false
2026-08-21T11:36:12.398 [viewport] source=onRealViewportChanged result resized=false outgrewGuard=false candidateRows=24 candidateCols=80 emulatorRows=24 emulatorCols=80
2026-08-21T11:36:54.542 [viewport] source=onViewportSizeChanged oldW=800 oldH=480 newW=800 newH=480 viewportSeeded=true emulatorRows=24 emulatorCols=80
2026-08-21T11:36:54.542 [viewport] viewportOutgrewEmulator: source=onViewportSizeChanged viewport_rows=24 emulator_rows=24 viewport_cols=80 emulator_cols=80 viewport_w=800 viewport_h=480 cell_w=10 cell_h=20 operandsReady=true → false
2026-08-21T11:36:54.542 [viewport] source=onViewportSizeChanged result resized=false outgrewGuard=false candidateRows=24 candidateCols=80 emulatorRows=24 emulatorCols=80
2026-08-21T11:36:54.542 [viewport] source=onRealViewportChanged oldW=800 oldH=480 newW=800 newH=480 viewportSeeded=true emulatorRows=24 emulatorCols=80
2026-08-21T11:36:54.542 [reflow] source=resume view_width_px=800 cell_width_px=10 derived_cols=80 last_sent_cols=80
2026-08-21T11:36:54.542 [viewport] viewportOutgrewEmulator: source=onRealViewportChanged viewport_rows=24 emulator_rows=24 viewport_cols=80 emulator_cols=80 viewport_w=800 viewport_h=480 cell_w=10 cell_h=20 operandsReady=true → false
2026-08-21T11:36:54.542 [viewport] source=onRealViewportChanged cellsDirty=false resume_rows=24 emulator_rows=24 resume_cols=80 emulator_cols=80 outgrew=false mismatch=false → false
2026-08-21T11:36:54.542 [viewport] source=onRealViewportChanged result resized=false outgrewGuard=false candidateRows=24 candidateCols=80 emulatorRows=24 emulatorCols=80
2026-08-21T11:37:46.916 [viewport] source=onViewportSizeChanged oldW=800 oldH=480 newW=800 newH=480 viewportSeeded=true emulatorRows=24 emulatorCols=80
2026-08-21T11:37:46.916 [viewport] viewportOutgrewEmulator: source=onViewportSizeChanged viewport_rows=24 emulator_rows=24 viewport_cols=80 emulator_cols=80 viewport_w=800 viewport_h=480 cell_w=10 cell_h=20 operandsReady=true → false
2026-08-21T11:37:46.916 [viewport] source=onViewportSizeChanged result resized=false outgrewGuard=false candidateRows=24 candidateCols=80 emulatorRows=24 emulatorCols=80
2026-08-21T11:37:46.916 [viewport] source=onRealViewportChanged oldW=800 oldH=480 newW=800 newH=480 viewportSeeded=true emulatorRows=24 emulatorCols=80
2026-08-21T11:37:46.916 [reflow] source=resume view_width_px=800 cell_width_px=10 derived_cols=80 last_sent_cols=80
2026-08-21T11:37:46.916 [viewport] viewportOutgrewEmulator: source=onRealViewportChanged viewport_rows=24 emulator_rows=24 viewport_cols=80 emulator_cols=80 viewport_w=800 viewport_h=480 cell_w=10 cell_h=20 operandsReady=true → false
2026-08-21T11:37:46.917 [viewport] source=onRealViewportChanged cellsDirty=false resume_rows=24 emulator_rows=24 resume_cols=80 emulator_cols=80 outgrew=false mismatch=false → false
2026-08-21T11:37:46.917 [viewport] source=onRealViewportChanged result resized=false outgrewGuard=false candidateRows=24 candidateCols=80 emulatorRows=24 emulatorCols=80
2026-08-21T11:38:37.542 [viewport] source=onViewportSizeChanged oldW=800 oldH=480 newW=800 newH=480 viewportSeeded=true emulatorRows=24 emulatorCols=80
2026-08-21T11:38:37.542 [viewport] viewportOutgrewEmulator: source=onViewportSizeChanged viewport_rows=24 emulator_rows=24 viewport_cols=80 emulator_cols=80 viewport_w=800 viewport_h=480 cell_w=10 cell_h=20 operandsReady=true → false
2026-08-21T11:38:37.542 [viewport] source=onViewportSizeChanged result resized=false outgrewGuard=false candidateRows=24 candidateCols=80 emulatorRows=24 emulatorCols=80
2026-08-21T11:38:37.542 [viewport] source=onRealViewportChanged oldW=800 oldH=480 newW=800 newH=480 viewportSeeded=true emulatorRows=24 emulatorCols=80
2026-08-21T11:38:37.542 [reflow] source=resume view_width_px=800 cell_width_px=10 derived_cols=80 last_sent_cols=80
2026-08-21T11:38:37.542 [viewport] viewportOutgrewEmulator: source=onRealViewportChanged viewport_rows=24 emulator_rows=24 viewport_cols=80 emulator_cols=80 viewport_w=800 viewport_h=480 cell_w=10 cell_h=20 operandsReady=true → false
2026-08-21T11:38:37.542 [viewport] source=onRealViewportChanged cellsDirty=false resume_rows=24 emulator_rows=24 resume_cols=80 emulator_cols=80 outgrew=false mismatch=false → false
2026-08-21T11:38:37.542 [viewport] source=onRealViewportChanged result resized=false outgrewGuard=false candidateRows=24 candidateCols=80 emulatorRows=24 emulatorCols=80
2026-08-21T11:39:21.385 [viewport] source=onViewportSizeChanged oldW=800 oldH=480 newW=800 newH=480 viewportSeeded=true emulatorRows=24 emulatorCols=80
2026-08-21T11:39:21.385 [viewport] viewportOutgrewEmulator: source=onViewportSizeChanged viewport_rows=24 emulator_rows=24 viewport_cols=80 emulator_cols=80 viewport_w=800 viewport_h=480 cell_w=10 cell_h=20 operandsReady=true → false
2026-08-21T11:39:21.385 [viewport] source=onViewportSizeChanged result resized=false outgrewGuard=false candidateRows=24 candidateCols=80 emulatorRows=24 emulatorCols=80
2026-08-21T11:39:21.385 [viewport] source=onRealViewportChanged oldW=800 oldH=480 newW=800 newH=480 viewportSeeded=true emulatorRows=24 emulatorCols=80
2026-08-21T11:39:21.385 [reflow] source=resume view_width_px=800 cell_width_px=10 derived_cols=80 last_sent_cols=80
2026-08-21T11:39:21.385 [viewport] viewportOutgrewEmulator: source=onRealViewportChanged viewport_rows=24 emulator_rows=24 viewport_cols=80 emulator_cols=80 viewport_w=800 viewport_h=480 cell_w=10 cell_h=20 operandsReady=true → false
2026-08-21T11:39:21.385 [viewport] source=onRealViewportChanged cellsDirty=false resume_rows=24 emulator_rows=24 resume_cols=80 emulator_cols=80 outgrew=false mismatch=false → false
2026-08-21T11:39:21.385 [viewport] source=onRealViewportChanged result resized=false outgrewGuard=false candidateRows=24 candidateCols=80 emulatorRows=24 emulatorCols=80
2026-08-21T11:40:04.269 [viewport] source=onViewportSizeChanged oldW=800 oldH=480 newW=800 newH=480 viewportSeeded=true emulatorRows=24 emulatorCols=80
2026-08-21T11:40:04.269 [viewport] viewportOutgrewEmulator: source=onViewportSizeChanged viewport_rows=24 emulator_rows=24 viewport_cols=80 emulator_cols=80 viewport_w=800 viewport_h=480 cell_w=10 cell_h=20 operandsReady=true → false
2026-08-21T11:40:04.269 [viewport] source=onViewportSizeChanged result resized=false outgrewGuard=false candidateRows=24 candidateCols=80 emulatorRows=24 emulatorCols=80
2026-08-21T11:40:04.269 [viewport] source=onRealViewportChanged oldW=800 oldH=480 newW=800 newH=480 viewportSeeded=true emulatorRows=24 emulatorCols=80
2026-08-21T11:40:04.269 [reflow] source=resume view_width_px=800 cell_width_px=10 derived_cols=80 last_sent_cols=80
2026-08-21T11:40:04.269 [viewport] viewportOutgrewEmulator: source=onRealViewportChanged viewport_rows=24 emulator_rows=24 viewport_cols=80 emulator_cols=80 viewport_w=800 viewport_h=480 cell_w=10 cell_h=20 operandsReady=true → false
2026-08-21T11:40:04.269 [viewport] source=onRealViewportChanged cellsDirty=false resume_rows=24 emulator_rows=24 resume_cols=80 emulator_cols=80 outgrew=false mismatch=false → false
2026-08-21T11:40:04.269 [viewport] source=onRealViewportChanged result resized=false outgrewGuard=false candidateRows=24 candidateCols=80 emulatorRows=24 emulatorCols=80
2026-08-21T11:40:43.314 [viewport] source=onViewportSizeChanged oldW=800 oldH=480 newW=800 newH=480 viewportSeeded=true emulatorRows=24 emulatorCols=80
2026-08-21T11:40:43.314 [viewport] viewportOutgrewEmulator: source=onViewportSizeChanged viewport_rows=24 emulator_rows=24 viewport_cols=80 emulator_cols=80 viewport_w=800 viewport_h=480 cell_w=10 cell_h=20 operandsReady=true → false
2026-08-21T11:40:43.314 [viewport] source=onViewportSizeChanged result resized=false outgrewGuard=false candidateRows=24 candidateCols=80 emulatorRows=24 emulatorCols=80
2026-08-21T11:40:43.314 [viewport] source=onRealViewportChanged oldW=800 oldH=480 newW=800 newH=480 viewportSeeded=true emulatorRows=24 emulatorCols=80
2026-08-21T11:40:43.314 [reflow] source=resume view_width_px=800 cell_width_px=10 derived_cols=80 last_sent_cols=80
2026-08-21T11:40:43.314 [viewport] viewportOutgrewEmulator: source=onRealViewportChanged viewport_rows=24 emulator_rows=24 viewport_cols=80 emulator_cols=80 viewport_w=800 viewport_h=480 cell_w=10 cell_h=20 operandsReady=true → false
2026-08-21T11:40:43.314 [viewport] source=onRealViewportChanged cellsDirty=false resume_rows=24 emulator_rows=24 resume_cols=80 emulator_cols=80 outgrew=false mismatch=false → false
2026-08-21T11:40:43.314 [viewport] source=onRealViewportChanged result resized=false outgrewGuard=false candidateRows=24 candidateCols=80 emulatorRows=24 emulatorCols=80
2026-08-21T11:55:13.591 [viewport] source=onViewportSizeChanged oldW=800 oldH=480 newW=800 newH=480 viewportSeeded=true emulatorRows=24 emulatorCols=80
2026-08-21T11:55:13.591 [viewport] viewportOutgrewEmulator: source=onViewportSizeChanged viewport_rows=24 emulator_rows=24 viewport_cols=80 emulator_cols=80 viewport_w=800 viewport_h=480 cell_w=10 cell_h=20 operandsReady=true → false
2026-08-21T11:55:13.591 [viewport] source=onViewportSizeChanged result resized=false outgrewGuard=false candidateRows=24 candidateCols=80 emulatorRows=24 emulatorCols=80
2026-08-21T11:55:13.591 [viewport] source=onRealViewportChanged oldW=800 oldH=480 newW=800 newH=480 viewportSeeded=true emulatorRows=24 emulatorCols=80
2026-08-21T11:55:13.591 [reflow] source=resume view_width_px=800 cell_width_px=10 derived_cols=80 last_sent_cols=80
2026-08-21T11:55:13.591 [viewport] viewportOutgrewEmulator: source=onRealViewportChanged viewport_rows=24 emulator_rows=24 viewport_cols=80 emulator_cols=80 viewport_w=800 viewport_h=480 cell_w=10 cell_h=20 operandsReady=true → false
2026-08-21T11:55:13.591 [viewport] source=onRealViewportChanged cellsDirty=false resume_rows=24 emulator_rows=24 resume_cols=80 emulator_cols=80 outgrew=false mismatch=false → false
2026-08-21T11:55:13.591 [viewport] source=onRealViewportChanged result resized=false outgrewGuard=false candidateRows=24 candidateCols=80 emulatorRows=24 emulatorCols=80
2026-08-21T11:56:41.682 [viewport] source=onViewportSizeChanged oldW=800 oldH=480 newW=800 newH=480 viewportSeeded=true emulatorRows=24 emulatorCols=80
2026-08-21T11:56:41.682 [viewport] viewportOutgrewEmulator: source=onViewportSizeChanged viewport_rows=24 emulator_rows=24 viewport_cols=80 emulator_cols=80 viewport_w=800 viewport_h=480 cell_w=10 cell_h=20 operandsReady=true → false
2026-08-21T11:56:41.682 [viewport] source=onViewportSizeChanged result resized=false outgrewGuard=false candidateRows=24 candidateCols=80 emulatorRows=24 emulatorCols=80
2026-08-21T11:56:41.682 [viewport] source=onRealViewportChanged oldW=800 oldH=480 newW=800 newH=480 viewportSeeded=true emulatorRows=24 emulatorCols=80
2026-08-21T11:56:41.682 [reflow] source=resume view_width_px=800 cell_width_px=10 derived_cols=80 last_sent_cols=80
2026-08-21T11:56:41.682 [viewport] viewportOutgrewEmulator: source=onRealViewportChanged viewport_rows=24 emulator_rows=24 viewport_cols=80 emulator_cols=80 viewport_w=800 viewport_h=480 cell_w=10 cell_h=20 operandsReady=true → false
2026-08-21T11:56:41.682 [viewport] source=onRealViewportChanged cellsDirty=false resume_rows=24 emulator_rows=24 resume_cols=80 emulator_cols=80 outgrew=false mismatch=false → false
2026-08-21T11:56:41.682 [viewport] source=onRealViewportChanged result resized=false outgrewGuard=false candidateRows=24 candidateCols=80 emulatorRows=24 emulatorCols=80
2026-08-21T11:57:25.490 [viewport] source=onViewportSizeChanged oldW=800 oldH=480 newW=800 newH=480 viewportSeeded=true emulatorRows=24 emulatorCols=80
2026-08-21T11:57:25.490 [viewport] viewportOutgrewEmulator: source=onViewportSizeChanged viewport_rows=24 emulator_rows=24 viewport_cols=80 emulator_cols=80 viewport_w=800 viewport_h=480 cell_w=10 cell_h=20 operandsReady=true → false
2026-08-21T11:57:25.490 [viewport] source=onViewportSizeChanged result resized=false outgrewGuard=false candidateRows=24 candidateCols=80 emulatorRows=24 emulatorCols=80
2026-08-21T11:57:25.490 [viewport] source=onRealViewportChanged oldW=800 oldH=480 newW=800 newH=480 viewportSeeded=true emulatorRows=24 emulatorCols=80
2026-08-21T11:57:25.490 [reflow] source=resume view_width_px=800 cell_width_px=10 derived_cols=80 last_sent_cols=80
2026-08-21T11:57:25.490 [viewport] viewportOutgrewEmulator: source=onRealViewportChanged viewport_rows=24 emulator_rows=24 viewport_cols=80 emulator_cols=80 viewport_w=800 viewport_h=480 cell_w=10 cell_h=20 operandsReady=true → false
2026-08-21T11:57:25.490 [viewport] source=onRealViewportChanged cellsDirty=false resume_rows=24 emulator_rows=24 resume_cols=80 emulator_cols=80 outgrew=false mismatch=false → false
2026-08-21T11:57:25.490 [viewport] source=onRealViewportChanged result resized=false outgrewGuard=false candidateRows=24 candidateCols=80 emulatorRows=24 emulatorCols=80
2026-08-21T11:58:02.994 [viewport] source=onViewportSizeChanged oldW=800 oldH=480 newW=800 newH=480 viewportSeeded=true emulatorRows=24 emulatorCols=80
2026-08-21T11:58:02.994 [viewport] viewportOutgrewEmulator: source=onViewportSizeChanged viewport_rows=24 emulator_rows=24 viewport_cols=80 emulator_cols=80 viewport_w=800 viewport_h=480 cell_w=10 cell_h=20 operandsReady=true → false
2026-08-21T11:58:02.994 [viewport] source=onViewportSizeChanged result resized=false outgrewGuard=false candidateRows=24 candidateCols=80 emulatorRows=24 emulatorCols=80
2026-08-21T11:58:02.995 [viewport] source=onRealViewportChanged oldW=800 oldH=480 newW=800 newH=480 viewportSeeded=true emulatorRows=24 emulatorCols=80
2026-08-21T11:58:02.995 [reflow] source=resume view_width_px=800 cell_width_px=10 derived_cols=80 last_sent_cols=80
2026-08-21T11:58:02.995 [viewport] viewportOutgrewEmulator: source=onRealViewportChanged viewport_rows=24 emulator_rows=24 viewport_cols=80 emulator_cols=80 viewport_w=800 viewport_h=480 cell_w=10 cell_h=20 operandsReady=true → false
2026-08-21T11:58:02.995 [viewport] source=onRealViewportChanged cellsDirty=false resume_rows=24 emulator_rows=24 resume_cols=80 emulator_cols=80 outgrew=false mismatch=false → false
2026-08-21T11:58:02.995 [viewport] source=onRealViewportChanged result resized=false outgrewGuard=false candidateRows=24 candidateCols=80 emulatorRows=24 emulatorCols=80
2026-08-21T11:58:42.694 [viewport] source=onViewportSizeChanged oldW=800 oldH=480 newW=800 newH=480 viewportSeeded=true emulatorRows=24 emulatorCols=80
2026-08-21T11:58:42.694 [viewport] viewportOutgrewEmulator: source=onViewportSizeChanged viewport_rows=24 emulator_rows=24 viewport_cols=80 emulator_cols=80 viewport_w=800 viewport_h=480 cell_w=10 cell_h=20 operandsReady=true → false
2026-08-21T11:58:42.694 [viewport] source=onViewportSizeChanged result resized=false outgrewGuard=false candidateRows=24 candidateCols=80 emulatorRows=24 emulatorCols=80
2026-08-21T11:58:42.694 [viewport] source=onRealViewportChanged oldW=800 oldH=480 newW=800 newH=480 viewportSeeded=true emulatorRows=24 emulatorCols=80
2026-08-21T11:58:42.694 [reflow] source=resume view_width_px=800 cell_width_px=10 derived_cols=80 last_sent_cols=80
2026-08-21T11:58:42.694 [viewport] viewportOutgrewEmulator: source=onRealViewportChanged viewport_rows=24 emulator_rows=24 viewport_cols=80 emulator_cols=80 viewport_w=800 viewport_h=480 cell_w=10 cell_h=20 operandsReady=true → false
2026-08-21T11:58:42.694 [viewport] source=onRealViewportChanged cellsDirty=false resume_rows=24 emulator_rows=24 resume_cols=80 emulator_cols=80 outgrew=false mismatch=false → false
2026-08-21T11:58:42.694 [viewport] source=onRealViewportChanged result resized=false outgrewGuard=false candidateRows=24 candidateCols=80 emulatorRows=24 emulatorCols=80
2026-08-21T11:59:18.874 [viewport] source=onViewportSizeChanged oldW=800 oldH=480 newW=800 newH=480 viewportSeeded=true emulatorRows=24 emulatorCols=80
2026-08-21T11:59:18.874 [viewport] viewportOutgrewEmulator: source=onViewportSizeChanged viewport_rows=24 emulator_rows=24 viewport_cols=80 emulator_cols=80 viewport_w=800 viewport_h=480 cell_w=10 cell_h=20 operandsReady=true → false
2026-08-21T11:59:18.874 [viewport] source=onViewportSizeChanged result resized=false outgrewGuard=false candidateRows=24 candidateCols=80 emulatorRows=24 emulatorCols=80
2026-08-21T11:59:18.874 [viewport] source=onRealViewportChanged oldW=800 oldH=480 newW=800 newH=480 viewportSeeded=true emulatorRows=24 emulatorCols=80
2026-08-21T11:59:18.874 [reflow] source=resume view_width_px=800 cell_width_px=10 derived_cols=80 last_sent_cols=80
2026-08-21T11:59:18.874 [viewport] viewportOutgrewEmulator: source=onRealViewportChanged viewport_rows=24 emulator_rows=24 viewport_cols=80 emulator_cols=80 viewport_w=800 viewport_h=480 cell_w=10 cell_h=20 operandsReady=true → false
2026-08-21T11:59:18.874 [viewport] source=onRealViewportChanged cellsDirty=false resume_rows=24 emulator_rows=24 resume_cols=80 emulator_cols=80 outgrew=false mismatch=false → false
2026-08-21T11:59:18.874 [viewport] source=onRealViewportChanged result resized=false outgrewGuard=false candidateRows=24 candidateCols=80 emulatorRows=24 emulatorCols=80
2026-08-21T12:00:01.408 [viewport] source=onViewportSizeChanged oldW=800 oldH=480 newW=800 newH=480 viewportSeeded=true emulatorRows=24 emulatorCols=80
2026-08-21T12:00:01.408 [viewport] viewportOutgrewEmulator: source=onViewportSizeChanged viewport_rows=24 emulator_rows=24 viewport_cols=80 emulator_cols=80 viewport_w=800 viewport_h=480 cell_w=10 cell_h=20 operandsReady=true → false
2026-08-21T12:00:01.408 [viewport] source=onViewportSizeChanged result resized=false outgrewGuard=false candidateRows=24 candidateCols=80 emulatorRows=24 emulatorCols=80
2026-08-21T12:00:01.408 [viewport] source=onRealViewportChanged oldW=800 oldH=480 newW=800 newH=480 viewportSeeded=true emulatorRows=24 emulatorCols=80
2026-08-21T12:00:01.408 [reflow] source=resume view_width_px=800 cell_width_px=10 derived_cols=80 last_sent_cols=80
2026-08-21T12:00:01.408 [viewport] viewportOutgrewEmulator: source=onRealViewportChanged viewport_rows=24 emulator_rows=24 viewport_cols=80 emulator_cols=80 viewport_w=800 viewport_h=480 cell_w=10 cell_h=20 operandsReady=true → false
2026-08-21T12:00:01.408 [viewport] source=onRealViewportChanged cellsDirty=false resume_rows=24 emulator_rows=24 resume_cols=80 emulator_cols=80 outgrew=false mismatch=false → false
2026-08-21T12:00:01.408 [viewport] source=onRealViewportChanged result resized=false outgrewGuard=false candidateRows=24 candidateCols=80 emulatorRows=24 emulatorCols=80
2026-08-21T12:00:39.088 [viewport] source=onViewportSizeChanged oldW=800 oldH=480 newW=800 newH=480 viewportSeeded=true emulatorRows=24 emulatorCols=80
2026-08-21T12:00:39.088 [viewport] viewportOutgrewEmulator: source=onViewportSizeChanged viewport_rows=24 emulator_rows=24 viewport_cols=80 emulator_cols=80 viewport_w=800 viewport_h=480 cell_w=10 cell_h=20 operandsReady=true → false
2026-08-21T12:00:39.088 [viewport] source=onViewportSizeChanged result resized=false outgrewGuard=false candidateRows=24 candidateCols=80 emulatorRows=24 emulatorCols=80
2026-08-21T12:00:39.088 [viewport] source=onRealViewportChanged oldW=800 oldH=480 newW=800 newH=480 viewportSeeded=true emulatorRows=24 emulatorCols=80
2026-08-21T12:00:39.088 [reflow] source=resume view_width_px=800 cell_width_px=10 derived_cols=80 last_sent_cols=80
2026-08-21T12:00:39.088 [viewport] viewportOutgrewEmulator: source=onRealViewportChanged viewport_rows=24 emulator_rows=24 viewport_cols=80 emulator_cols=80 viewport_w=800 viewport_h=480 cell_w=10 cell_h=20 operandsReady=true → false
2026-08-21T12:00:39.088 [viewport] source=onRealViewportChanged cellsDirty=false resume_rows=24 emulator_rows=24 resume_cols=80 emulator_cols=80 outgrew=false mismatch=false → false
2026-08-21T12:00:39.088 [viewport] source=onRealViewportChanged result resized=false outgrewGuard=false candidateRows=24 candidateCols=80 emulatorRows=24 emulatorCols=80
2026-08-21T12:01:16.732 [viewport] source=onViewportSizeChanged oldW=800 oldH=480 newW=800 newH=480 viewportSeeded=true emulatorRows=24 emulatorCols=80
2026-08-21T12:01:16.732 [viewport] viewportOutgrewEmulator: source=onViewportSizeChanged viewport_rows=24 emulator_rows=24 viewport_cols=80 emulator_cols=80 viewport_w=800 viewport_h=480 cell_w=10 cell_h=20 operandsReady=true → false
2026-08-21T12:01:16.732 [viewport] source=onViewportSizeChanged result resized=false outgrewGuard=false candidateRows=24 candidateCols=80 emulatorRows=24 emulatorCols=80
2026-08-21T12:01:16.732 [viewport] source=onRealViewportChanged oldW=800 oldH=480 newW=800 newH=480 viewportSeeded=true emulatorRows=24 emulatorCols=80
2026-08-21T12:01:16.732 [reflow] source=resume view_width_px=800 cell_width_px=10 derived_cols=80 last_sent_cols=80
2026-08-21T12:01:16.732 [viewport] viewportOutgrewEmulator: source=onRealViewportChanged viewport_rows=24 emulator_rows=24 viewport_cols=80 emulator_cols=80 viewport_w=800 viewport_h=480 cell_w=10 cell_h=20 operandsReady=true → false
2026-08-21T12:01:16.732 [viewport] source=onRealViewportChanged cellsDirty=false resume_rows=24 emulator_rows=24 resume_cols=80 emulator_cols=80 outgrew=false mismatch=false → false
2026-08-21T12:01:16.732 [viewport] source=onRealViewportChanged result resized=false outgrewGuard=false candidateRows=24 candidateCols=80 emulatorRows=24 emulatorCols=80
2026-08-21T12:01:49.392 [viewport] source=onViewportSizeChanged oldW=800 oldH=480 newW=800 newH=480 viewportSeeded=true emulatorRows=24 emulatorCols=80
2026-08-21T12:01:49.392 [viewport] viewportOutgrewEmulator: source=onViewportSizeChanged viewport_rows=24 emulator_rows=24 viewport_cols=80 emulator_cols=80 viewport_w=800 viewport_h=480 cell_w=10 cell_h=20 operandsReady=true → false
2026-08-21T12:01:49.392 [viewport] source=onViewportSizeChanged result resized=false outgrewGuard=false candidateRows=24 candidateCols=80 emulatorRows=24 emulatorCols=80
2026-08-21T12:01:49.392 [viewport] source=onRealViewportChanged oldW=800 oldH=480 newW=800 newH=480 viewportSeeded=true emulatorRows=24 emulatorCols=80
2026-08-21T12:01:49.392 [reflow] source=resume view_width_px=800 cell_width_px=10 derived_cols=80 last_sent_cols=80
2026-08-21T12:01:49.392 [viewport] viewportOutgrewEmulator: source=onRealViewportChanged viewport_rows=24 emulator_rows=24 viewport_cols=80 emulator_cols=80 viewport_w=800 viewport_h=480 cell_w=10 cell_h=20 operandsReady=true → false
2026-08-21T12:01:49.392 [viewport] source=onRealViewportChanged cellsDirty=false resume_rows=24 emulator_rows=24 resume_cols=80 emulator_cols=80 outgrew=false mismatch=false → false
2026-08-21T12:01:49.392 [viewport] source=onRealViewportChanged result resized=false outgrewGuard=false candidateRows=24 candidateCols=80 emulatorRows=24 emulatorCols=80
2026-08-21T12:03:24.309 [viewport] source=onViewportSizeChanged oldW=800 oldH=480 newW=800 newH=480 viewportSeeded=true emulatorRows=24 emulatorCols=80
2026-08-21T12:03:24.309 [viewport] viewportOutgrewEmulator: source=onViewportSizeChanged viewport_rows=24 emulator_rows=24 viewport_cols=80 emulator_cols=80 viewport_w=800 viewport_h=480 cell_w=10 cell_h=20 operandsReady=true → false
2026-08-21T12:03:24.309 [viewport] source=onViewportSizeChanged result resized=false outgrewGuard=false candidateRows=24 candidateCols=80 emulatorRows=24 emulatorCols=80
2026-08-21T12:03:24.309 [viewport] source=onRealViewportChanged oldW=800 oldH=480 newW=800 newH=480 viewportSeeded=true emulatorRows=24 emulatorCols=80
2026-08-21T12:03:24.309 [reflow] source=resume view_width_px=800 cell_width_px=10 derived_cols=80 last_sent_cols=80
2026-08-21T12:03:24.309 [viewport] viewportOutgrewEmulator: source=onRealViewportChanged viewport_rows=24 emulator_rows=24 viewport_cols=80 emulator_cols=80 viewport_w=800 viewport_h=480 cell_w=10 cell_h=20 operandsReady=true → false
2026-08-21T12:03:24.309 [viewport] source=onRealViewportChanged cellsDirty=false resume_rows=24 emulator_rows=24 resume_cols=80 emulator_cols=80 outgrew=false mismatch=false → false
2026-08-21T12:03:24.309 [viewport] source=onRealViewportChanged result resized=false outgrewGuard=false candidateRows=24 candidateCols=80 emulatorRows=24 emulatorCols=80
2026-08-21T12:04:07.671 [viewport] source=onViewportSizeChanged oldW=800 oldH=480 newW=800 newH=480 viewportSeeded=true emulatorRows=24 emulatorCols=80
2026-08-21T12:04:07.671 [viewport] viewportOutgrewEmulator: source=onViewportSizeChanged viewport_rows=24 emulator_rows=24 viewport_cols=80 emulator_cols=80 viewport_w=800 viewport_h=480 cell_w=10 cell_h=20 operandsReady=true → false
2026-08-21T12:04:07.671 [viewport] source=onViewportSizeChanged result resized=false outgrewGuard=false candidateRows=24 candidateCols=80 emulatorRows=24 emulatorCols=80
2026-08-21T12:04:07.671 [viewport] source=onRealViewportChanged oldW=800 oldH=480 newW=800 newH=480 viewportSeeded=true emulatorRows=24 emulatorCols=80
2026-08-21T12:04:07.671 [reflow] source=resume view_width_px=800 cell_width_px=10 derived_cols=80 last_sent_cols=80
2026-08-21T12:04:07.671 [viewport] viewportOutgrewEmulator: source=onRealViewportChanged viewport_rows=24 emulator_rows=24 viewport_cols=80 emulator_cols=80 viewport_w=800 viewport_h=480 cell_w=10 cell_h=20 operandsReady=true → false
2026-08-21T12:04:07.671 [viewport] source=onRealViewportChanged cellsDirty=false resume_rows=24 emulator_rows=24 resume_cols=80 emulator_cols=80 outgrew=false mismatch=false → false
2026-08-21T12:04:07.671 [viewport] source=onRealViewportChanged result resized=false outgrewGuard=false candidateRows=24 candidateCols=80 emulatorRows=24 emulatorCols=80
2026-08-21T12:04:49.941 [viewport] source=onViewportSizeChanged oldW=800 oldH=480 newW=800 newH=480 viewportSeeded=true emulatorRows=24 emulatorCols=80
2026-08-21T12:04:49.941 [viewport] viewportOutgrewEmulator: source=onViewportSizeChanged viewport_rows=24 emulator_rows=24 viewport_cols=80 emulator_cols=80 viewport_w=800 viewport_h=480 cell_w=10 cell_h=20 operandsReady=true → false
2026-08-21T12:04:49.941 [viewport] source=onViewportSizeChanged result resized=false outgrewGuard=false candidateRows=24 candidateCols=80 emulatorRows=24 emulatorCols=80
2026-08-21T12:04:49.941 [viewport] source=onRealViewportChanged oldW=800 oldH=480 newW=800 newH=480 viewportSeeded=true emulatorRows=24 emulatorCols=80
2026-08-21T12:04:49.941 [reflow] source=resume view_width_px=800 cell_width_px=10 derived_cols=80 last_sent_cols=80
2026-08-21T12:04:49.941 [viewport] viewportOutgrewEmulator: source=onRealViewportChanged viewport_rows=24 emulator_rows=24 viewport_cols=80 emulator_cols=80 viewport_w=800 viewport_h=480 cell_w=10 cell_h=20 operandsReady=true → false
2026-08-21T12:04:49.941 [viewport] source=onRealViewportChanged cellsDirty=false resume_rows=24 emulator_rows=24 resume_cols=80 emulator_cols=80 outgrew=false mismatch=false → false
2026-08-21T12:04:49.941 [viewport] source=onRealViewportChanged result resized=false outgrewGuard=false candidateRows=24 candidateCols=80 emulatorRows=24 emulatorCols=80
2026-08-21T12:05:27.316 [viewport] source=onViewportSizeChanged oldW=800 oldH=480 newW=800 newH=480 viewportSeeded=true emulatorRows=24 emulatorCols=80
2026-08-21T12:05:27.316 [viewport] viewportOutgrewEmulator: source=onViewportSizeChanged viewport_rows=24 emulator_rows=24 viewport_cols=80 emulator_cols=80 viewport_w=800 viewport_h=480 cell_w=10 cell_h=20 operandsReady=true → false
2026-08-21T12:05:27.316 [viewport] source=onViewportSizeChanged result resized=false outgrewGuard=false candidateRows=24 candidateCols=80 emulatorRows=24 emulatorCols=80
2026-08-21T12:05:27.316 [viewport] source=onRealViewportChanged oldW=800 oldH=480 newW=800 newH=480 viewportSeeded=true emulatorRows=24 emulatorCols=80
2026-08-21T12:05:27.316 [reflow] source=resume view_width_px=800 cell_width_px=10 derived_cols=80 last_sent_cols=80
2026-08-21T12:05:27.316 [viewport] viewportOutgrewEmulator: source=onRealViewportChanged viewport_rows=24 emulator_rows=24 viewport_cols=80 emulator_cols=80 viewport_w=800 viewport_h=480 cell_w=10 cell_h=20 operandsReady=true → false
2026-08-21T12:05:27.316 [viewport] source=onRealViewportChanged cellsDirty=false resume_rows=24 emulator_rows=24 resume_cols=80 emulator_cols=80 outgrew=false mismatch=false → false
2026-08-21T12:05:27.316 [viewport] source=onRealViewportChanged result resized=false outgrewGuard=false candidateRows=24 candidateCols=80 emulatorRows=24 emulatorCols=80
2026-08-21T12:09:33.112 [viewport] source=onViewportSizeChanged oldW=800 oldH=480 newW=800 newH=480 viewportSeeded=true emulatorRows=24 emulatorCols=80
2026-08-21T12:09:33.112 [viewport] viewportOutgrewEmulator: source=onViewportSizeChanged viewport_rows=24 emulator_rows=24 viewport_cols=80 emulator_cols=80 viewport_w=800 viewport_h=480 cell_w=10 cell_h=20 operandsReady=true → false
2026-08-21T12:09:33.112 [viewport] source=onViewportSizeChanged result resized=false outgrewGuard=false candidateRows=24 candidateCols=80 emulatorRows=24 emulatorCols=80
2026-08-21T12:09:33.112 [viewport] source=onRealViewportChanged oldW=800 oldH=480 newW=800 newH=480 viewportSeeded=true emulatorRows=24 emulatorCols=80
2026-08-21T12:09:33.112 [reflow] source=resume view_width_px=800 cell_width_px=10 derived_cols=80 last_sent_cols=80
2026-08-21T12:09:33.112 [viewport] viewportOutgrewEmulator: source=onRealViewportChanged viewport_rows=24 emulator_rows=24 viewport_cols=80 emulator_cols=80 viewport_w=800 viewport_h=480 cell_w=10 cell_h=20 operandsReady=true → false
2026-08-21T12:09:33.112 [viewport] source=onRealViewportChanged cellsDirty=false resume_rows=24 emulator_rows=24 resume_cols=80 emulator_cols=80 outgrew=false mismatch=false → false
2026-08-21T12:09:33.112 [viewport] source=onRealViewportChanged result resized=false outgrewGuard=false candidateRows=24 candidateCols=80 emulatorRows=24 emulatorCols=80
2026-08-21T12:10:09.946 [viewport] source=onViewportSizeChanged oldW=800 oldH=480 newW=800 newH=480 viewportSeeded=true emulatorRows=24 emulatorCols=80
2026-08-21T12:10:09.946 [viewport] viewportOutgrewEmulator: source=onViewportSizeChanged viewport_rows=24 emulator_rows=24 viewport_cols=80 emulator_cols=80 viewport_w=800 viewport_h=480 cell_w=10 cell_h=20 operandsReady=true → false
2026-08-21T12:10:09.946 [viewport] source=onViewportSizeChanged result resized=false outgrewGuard=false candidateRows=24 candidateCols=80 emulatorRows=24 emulatorCols=80
2026-08-21T12:10:09.946 [viewport] source=onRealViewportChanged oldW=800 oldH=480 newW=800 newH=480 viewportSeeded=true emulatorRows=24 emulatorCols=80
2026-08-21T12:10:09.946 [reflow] source=resume view_width_px=800 cell_width_px=10 derived_cols=80 last_sent_cols=80
2026-08-21T12:10:09.946 [viewport] viewportOutgrewEmulator: source=onRealViewportChanged viewport_rows=24 emulator_rows=24 viewport_cols=80 emulator_cols=80 viewport_w=800 viewport_h=480 cell_w=10 cell_h=20 operandsReady=true → false
2026-08-21T12:10:09.946 [viewport] source=onRealViewportChanged cellsDirty=false resume_rows=24 emulator_rows=24 resume_cols=80 emulator_cols=80 outgrew=false mismatch=false → false
2026-08-21T12:10:09.946 [viewport] source=onRealViewportChanged result resized=false outgrewGuard=false candidateRows=24 candidateCols=80 emulatorRows=24 emulatorCols=80
2026-08-21T12:10:49.291 [viewport] source=onViewportSizeChanged oldW=800 oldH=480 newW=800 newH=480 viewportSeeded=true emulatorRows=24 emulatorCols=80
2026-08-21T12:10:49.291 [viewport] viewportOutgrewEmulator: source=onViewportSizeChanged viewport_rows=24 emulator_rows=24 viewport_cols=80 emulator_cols=80 viewport_w=800 viewport_h=480 cell_w=10 cell_h=20 operandsReady=true → false
2026-08-21T12:10:49.291 [viewport] source=onViewportSizeChanged result resized=false outgrewGuard=false candidateRows=24 candidateCols=80 emulatorRows=24 emulatorCols=80
2026-08-21T12:10:49.291 [viewport] source=onRealViewportChanged oldW=800 oldH=480 newW=800 newH=480 viewportSeeded=true emulatorRows=24 emulatorCols=80
2026-08-21T12:10:49.291 [reflow] source=resume view_width_px=800 cell_width_px=10 derived_cols=80 last_sent_cols=80
2026-08-21T12:10:49.291 [viewport] viewportOutgrewEmulator: source=onRealViewportChanged viewport_rows=24 emulator_rows=24 viewport_cols=80 emulator_cols=80 viewport_w=800 viewport_h=480 cell_w=10 cell_h=20 operandsReady=true → false
2026-08-21T12:10:49.291 [viewport] source=onRealViewportChanged cellsDirty=false resume_rows=24 emulator_rows=24 resume_cols=80 emulator_cols=80 outgrew=false mismatch=false → false
2026-08-21T12:10:49.291 [viewport] source=onRealViewportChanged result resized=false outgrewGuard=false candidateRows=24 candidateCols=80 emulatorRows=24 emulatorCols=80
2026-08-21T12:11:24.542 [viewport] source=onViewportSizeChanged oldW=800 oldH=480 newW=800 newH=480 viewportSeeded=true emulatorRows=24 emulatorCols=80
2026-08-21T12:11:24.542 [viewport] viewportOutgrewEmulator: source=onViewportSizeChanged viewport_rows=24 emulator_rows=24 viewport_cols=80 emulator_cols=80 viewport_w=800 viewport_h=480 cell_w=10 cell_h=20 operandsReady=true → false
2026-08-21T12:11:24.542 [viewport] source=onViewportSizeChanged result resized=false outgrewGuard=false candidateRows=24 candidateCols=80 emulatorRows=24 emulatorCols=80
2026-08-21T12:11:24.542 [viewport] source=onRealViewportChanged oldW=800 oldH=480 newW=800 newH=480 viewportSeeded=true emulatorRows=24 emulatorCols=80
2026-08-21T12:11:24.542 [reflow] source=resume view_width_px=800 cell_width_px=10 derived_cols=80 last_sent_cols=80
2026-08-21T12:11:24.542 [viewport] viewportOutgrewEmulator: source=onRealViewportChanged viewport_rows=24 emulator_rows=24 viewport_cols=80 emulator_cols=80 viewport_w=800 viewport_h=480 cell_w=10 cell_h=20 operandsReady=true → false
2026-08-21T12:11:24.542 [viewport] source=onRealViewportChanged cellsDirty=false resume_rows=24 emulator_rows=24 resume_cols=80 emulator_cols=80 outgrew=false mismatch=false → false
2026-08-21T12:11:24.542 [viewport] source=onRealViewportChanged result resized=false outgrewGuard=false candidateRows=24 candidateCols=80 emulatorRows=24 emulatorCols=80
2026-08-21T12:12:06.732 [viewport] source=onViewportSizeChanged oldW=800 oldH=480 newW=800 newH=480 viewportSeeded=true emulatorRows=24 emulatorCols=80
2026-08-21T12:12:06.732 [viewport] viewportOutgrewEmulator: source=onViewportSizeChanged viewport_rows=24 emulator_rows=24 viewport_cols=80 emulator_cols=80 viewport_w=800 viewport_h=480 cell_w=10 cell_h=20 operandsReady=true → false
2026-08-21T12:12:06.732 [viewport] source=onViewportSizeChanged result resized=false outgrewGuard=false candidateRows=24 candidateCols=80 emulatorRows=24 emulatorCols=80
2026-08-21T12:12:06.732 [viewport] source=onRealViewportChanged oldW=800 oldH=480 newW=800 newH=480 viewportSeeded=true emulatorRows=24 emulatorCols=80
2026-08-21T12:12:06.732 [reflow] source=resume view_width_px=800 cell_width_px=10 derived_cols=80 last_sent_cols=80
2026-08-21T12:12:06.732 [viewport] viewportOutgrewEmulator: source=onRealViewportChanged viewport_rows=24 emulator_rows=24 viewport_cols=80 emulator_cols=80 viewport_w=800 viewport_h=480 cell_w=10 cell_h=20 operandsReady=true → false
2026-08-21T12:12:06.732 [viewport] source=onRealViewportChanged cellsDirty=false resume_rows=24 emulator_rows=24 resume_cols=80 emulator_cols=80 outgrew=false mismatch=false → false
2026-08-21T12:12:06.732 [viewport] source=onRealViewportChanged result resized=false outgrewGuard=false candidateRows=24 candidateCols=80 emulatorRows=24 emulatorCols=80
2026-08-21T12:12:44.093 [viewport] source=onViewportSizeChanged oldW=800 oldH=480 newW=800 newH=480 viewportSeeded=true emulatorRows=24 emulatorCols=80
2026-08-21T12:12:44.093 [viewport] viewportOutgrewEmulator: source=onViewportSizeChanged viewport_rows=24 emulator_rows=24 viewport_cols=80 emulator_cols=80 viewport_w=800 viewport_h=480 cell_w=10 cell_h=20 operandsReady=true → false
2026-08-21T12:12:44.093 [viewport] source=onViewportSizeChanged result resized=false outgrewGuard=false candidateRows=24 candidateCols=80 emulatorRows=24 emulatorCols=80
2026-08-21T12:12:44.093 [viewport] source=onRealViewportChanged oldW=800 oldH=480 newW=800 newH=480 viewportSeeded=true emulatorRows=24 emulatorCols=80
2026-08-21T12:12:44.093 [reflow] source=resume view_width_px=800 cell_width_px=10 derived_cols=80 last_sent_cols=80
2026-08-21T12:12:44.093 [viewport] viewportOutgrewEmulator: source=onRealViewportChanged viewport_rows=24 emulator_rows=24 viewport_cols=80 emulator_cols=80 viewport_w=800 viewport_h=480 cell_w=10 cell_h=20 operandsReady=true → false
2026-08-21T12:12:44.093 [viewport] source=onRealViewportChanged cellsDirty=false resume_rows=24 emulator_rows=24 resume_cols=80 emulator_cols=80 outgrew=false mismatch=false → false
2026-08-21T12:12:44.093 [viewport] source=onRealViewportChanged result resized=false outgrewGuard=false candidateRows=24 candidateCols=80 emulatorRows=24 emulatorCols=80
2026-08-21T12:13:21.825 [viewport] source=onViewportSizeChanged oldW=800 oldH=480 newW=800 newH=480 viewportSeeded=true emulatorRows=24 emulatorCols=80
2026-08-21T12:13:21.825 [viewport] viewportOutgrewEmulator: source=onViewportSizeChanged viewport_rows=24 emulator_rows=24 viewport_cols=80 emulator_cols=80 viewport_w=800 viewport_h=480 cell_w=10 cell_h=20 operandsReady=true → false
2026-08-21T12:13:21.825 [viewport] source=onViewportSizeChanged result resized=false outgrewGuard=false candidateRows=24 candidateCols=80 emulatorRows=24 emulatorCols=80
2026-08-21T12:13:21.825 [viewport] source=onRealViewportChanged oldW=800 oldH=480 newW=800 newH=480 viewportSeeded=true emulatorRows=24 emulatorCols=80
2026-08-21T12:13:21.825 [reflow] source=resume view_width_px=800 cell_width_px=10 derived_cols=80 last_sent_cols=80
2026-08-21T12:13:21.825 [viewport] viewportOutgrewEmulator: source=onRealViewportChanged viewport_rows=24 emulator_rows=24 viewport_cols=80 emulator_cols=80 viewport_w=800 viewport_h=480 cell_w=10 cell_h=20 operandsReady=true → false
2026-08-21T12:13:21.825 [viewport] source=onRealViewportChanged cellsDirty=false resume_rows=24 emulator_rows=24 resume_cols=80 emulator_cols=80 outgrew=false mismatch=false → false
2026-08-21T12:13:21.825 [viewport] source=onRealViewportChanged result resized=false outgrewGuard=false candidateRows=24 candidateCols=80 emulatorRows=24 emulatorCols=80
2026-08-21T12:13:55.019 [viewport] source=onViewportSizeChanged oldW=800 oldH=480 newW=800 newH=480 viewportSeeded=true emulatorRows=24 emulatorCols=80
2026-08-21T12:13:55.019 [viewport] viewportOutgrewEmulator: source=onViewportSizeChanged viewport_rows=24 emulator_rows=24 viewport_cols=80 emulator_cols=80 viewport_w=800 viewport_h=480 cell_w=10 cell_h=20 operandsReady=true → false
2026-08-21T12:13:55.019 [viewport] source=onViewportSizeChanged result resized=false outgrewGuard=false candidateRows=24 candidateCols=80 emulatorRows=24 emulatorCols=80
2026-08-21T12:13:55.019 [viewport] source=onRealViewportChanged oldW=800 oldH=480 newW=800 newH=480 viewportSeeded=true emulatorRows=24 emulatorCols=80
2026-08-21T12:13:55.019 [reflow] source=resume view_width_px=800 cell_width_px=10 derived_cols=80 last_sent_cols=80
2026-08-21T12:13:55.019 [viewport] viewportOutgrewEmulator: source=onRealViewportChanged viewport_rows=24 emulator_rows=24 viewport_cols=80 emulator_cols=80 viewport_w=800 viewport_h=480 cell_w=10 cell_h=20 operandsReady=true → false
2026-08-21T12:13:55.019 [viewport] source=onRealViewportChanged cellsDirty=false resume_rows=24 emulator_rows=24 resume_cols=80 emulator_cols=80 outgrew=false mismatch=false → false
2026-08-21T12:13:55.019 [viewport] source=onRealViewportChanged result resized=false outgrewGuard=false candidateRows=24 candidateCols=80 emulatorRows=24 emulatorCols=80
2026-08-21T12:14:37.658 [viewport] source=onViewportSizeChanged oldW=800 oldH=480 newW=800 newH=480 viewportSeeded=true emulatorRows=24 emulatorCols=80
2026-08-21T12:14:37.658 [viewport] viewportOutgrewEmulator: source=onViewportSizeChanged viewport_rows=24 emulator_rows=24 viewport_cols=80 emulator_cols=80 viewport_w=800 viewport_h=480 cell_w=10 cell_h=20 operandsReady=true → false
2026-08-21T12:14:37.658 [viewport] source=onViewportSizeChanged result resized=false outgrewGuard=false candidateRows=24 candidateCols=80 emulatorRows=24 emulatorCols=80
2026-08-21T12:14:37.658 [viewport] source=onRealViewportChanged oldW=800 oldH=480 newW=800 newH=480 viewportSeeded=true emulatorRows=24 emulatorCols=80
2026-08-21T12:14:37.658 [reflow] source=resume view_width_px=800 cell_width_px=10 derived_cols=80 last_sent_cols=80
2026-08-21T12:14:37.658 [viewport] viewportOutgrewEmulator: source=onRealViewportChanged viewport_rows=24 emulator_rows=24 viewport_cols=80 emulator_cols=80 viewport_w=800 viewport_h=480 cell_w=10 cell_h=20 operandsReady=true → false
2026-08-21T12:14:37.658 [viewport] source=onRealViewportChanged cellsDirty=false resume_rows=24 emulator_rows=24 resume_cols=80 emulator_cols=80 outgrew=false mismatch=false → false
2026-08-21T12:14:37.658 [viewport] source=onRealViewportChanged result resized=false outgrewGuard=false candidateRows=24 candidateCols=80 emulatorRows=24 emulatorCols=80
2026-08-21T12:15:30.994 [viewport] source=onViewportSizeChanged oldW=800 oldH=480 newW=800 newH=480 viewportSeeded=true emulatorRows=24 emulatorCols=80
2026-08-21T12:15:30.994 [viewport] viewportOutgrewEmulator: source=onViewportSizeChanged viewport_rows=24 emulator_rows=24 viewport_cols=80 emulator_cols=80 viewport_w=800 viewport_h=480 cell_w=10 cell_h=20 operandsReady=true → false
2026-08-21T12:15:30.994 [viewport] source=onViewportSizeChanged result resized=false outgrewGuard=false candidateRows=24 candidateCols=80 emulatorRows=24 emulatorCols=80
2026-08-21T12:15:30.994 [viewport] source=onRealViewportChanged oldW=800 oldH=480 newW=800 newH=480 viewportSeeded=true emulatorRows=24 emulatorCols=80
2026-08-21T12:15:30.994 [reflow] source=resume view_width_px=800 cell_width_px=10 derived_cols=80 last_sent_cols=80
2026-08-21T12:15:30.994 [viewport] viewportOutgrewEmulator: source=onRealViewportChanged viewport_rows=24 emulator_rows=24 viewport_cols=80 emulator_cols=80 viewport_w=800 viewport_h=480 cell_w=10 cell_h=20 operandsReady=true → false
2026-08-21T12:15:30.994 [viewport] source=onRealViewportChanged cellsDirty=false resume_rows=24 emulator_rows=24 resume_cols=80 emulator_cols=80 outgrew=false mismatch=false → false
2026-08-21T12:15:30.994 [viewport] source=onRealViewportChanged result resized=false outgrewGuard=false candidateRows=24 candidateCols=80 emulatorRows=24 emulatorCols=80
2026-08-21T12:16:16.419 [viewport] source=onViewportSizeChanged oldW=800 oldH=480 newW=800 newH=480 viewportSeeded=true emulatorRows=24 emulatorCols=80
2026-08-21T12:16:16.419 [viewport] viewportOutgrewEmulator: source=onViewportSizeChanged viewport_rows=24 emulator_rows=24 viewport_cols=80 emulator_cols=80 viewport_w=800 viewport_h=480 cell_w=10 cell_h=20 operandsReady=true → false
2026-08-21T12:16:16.419 [viewport] source=onViewportSizeChanged result resized=false outgrewGuard=false candidateRows=24 candidateCols=80 emulatorRows=24 emulatorCols=80
2026-08-21T12:16:16.419 [viewport] source=onRealViewportChanged oldW=800 oldH=480 newW=800 newH=480 viewportSeeded=true emulatorRows=24 emulatorCols=80
2026-08-21T12:16:16.419 [reflow] source=resume view_width_px=800 cell_width_px=10 derived_cols=80 last_sent_cols=80
2026-08-21T12:16:16.419 [viewport] viewportOutgrewEmulator: source=onRealViewportChanged viewport_rows=24 emulator_rows=24 viewport_cols=80 emulator_cols=80 viewport_w=800 viewport_h=480 cell_w=10 cell_h=20 operandsReady=true → false
2026-08-21T12:16:16.419 [viewport] source=onRealViewportChanged cellsDirty=false resume_rows=24 emulator_rows=24 resume_cols=80 emulator_cols=80 outgrew=false mismatch=false → false
2026-08-21T12:16:16.419 [viewport] source=onRealViewportChanged result resized=false outgrewGuard=false candidateRows=24 candidateCols=80 emulatorRows=24 emulatorCols=80
2026-08-21T12:17:08.592 [viewport] source=onViewportSizeChanged oldW=800 oldH=480 newW=800 newH=480 viewportSeeded=true emulatorRows=24 emulatorCols=80
2026-08-21T12:17:08.592 [viewport] viewportOutgrewEmulator: source=onViewportSizeChanged viewport_rows=24 emulator_rows=24 viewport_cols=80 emulator_cols=80 viewport_w=800 viewport_h=480 cell_w=10 cell_h=20 operandsReady=true → false
2026-08-21T12:17:08.592 [viewport] source=onViewportSizeChanged result resized=false outgrewGuard=false candidateRows=24 candidateCols=80 emulatorRows=24 emulatorCols=80
2026-08-21T12:17:08.592 [viewport] source=onRealViewportChanged oldW=800 oldH=480 newW=800 newH=480 viewportSeeded=true emulatorRows=24 emulatorCols=80
2026-08-21T12:17:08.592 [reflow] source=resume view_width_px=800 cell_width_px=10 derived_cols=80 last_sent_cols=80
2026-08-21T12:17:08.592 [viewport] viewportOutgrewEmulator: source=onRealViewportChanged viewport_rows=24 emulator_rows=24 viewport_cols=80 emulator_cols=80 viewport_w=800 viewport_h=480 cell_w=10 cell_h=20 operandsReady=true → false
2026-08-21T12:17:08.592 [viewport] source=onRealViewportChanged cellsDirty=false resume_rows=24 emulator_rows=24 resume_cols=80 emulator_cols=80 outgrew=false mismatch=false → false
2026-08-21T12:17:08.592 [viewport] source=onRealViewportChanged result resized=false outgrewGuard=false candidateRows=24 candidateCols=80 emulatorRows=24 emulatorCols=80
2026-08-21T12:17:52.472 [viewport] source=onViewportSizeChanged oldW=800 oldH=480 newW=800 newH=480 viewportSeeded=true emulatorRows=24 emulatorCols=80
2026-08-21T12:17:52.472 [viewport] viewportOutgrewEmulator: source=onViewportSizeChanged viewport_rows=24 emulator_rows=24 viewport_cols=80 emulator_cols=80 viewport_w=800 viewport_h=480 cell_w=10 cell_h=20 operandsReady=true → false
2026-08-21T12:17:52.472 [viewport] source=onViewportSizeChanged result resized=false outgrewGuard=false candidateRows=24 candidateCols=80 emulatorRows=24 emulatorCols=80
2026-08-21T12:17:52.472 [viewport] source=onRealViewportChanged oldW=800 oldH=480 newW=800 newH=480 viewportSeeded=true emulatorRows=24 emulatorCols=80
2026-08-21T12:17:52.472 [reflow] source=resume view_width_px=800 cell_width_px=10 derived_cols=80 last_sent_cols=80
2026-08-21T12:17:52.472 [viewport] viewportOutgrewEmulator: source=onRealViewportChanged viewport_rows=24 emulator_rows=24 viewport_cols=80 emulator_cols=80 viewport_w=800 viewport_h=480 cell_w=10 cell_h=20 operandsReady=true → false
2026-08-21T12:17:52.472 [viewport] source=onRealViewportChanged cellsDirty=false resume_rows=24 emulator_rows=24 resume_cols=80 emulator_cols=80 outgrew=false mismatch=false → false
2026-08-21T12:17:52.472 [viewport] source=onRealViewportChanged result resized=false outgrewGuard=false candidateRows=24 candidateCols=80 emulatorRows=24 emulatorCols=80
2026-08-21T12:18:37.610 [viewport] source=onViewportSizeChanged oldW=800 oldH=480 newW=800 newH=480 viewportSeeded=true emulatorRows=24 emulatorCols=80
2026-08-21T12:18:37.610 [viewport] viewportOutgrewEmulator: source=onViewportSizeChanged viewport_rows=24 emulator_rows=24 viewport_cols=80 emulator_cols=80 viewport_w=800 viewport_h=480 cell_w=10 cell_h=20 operandsReady=true → false
2026-08-21T12:18:37.610 [viewport] source=onViewportSizeChanged result resized=false outgrewGuard=false candidateRows=24 candidateCols=80 emulatorRows=24 emulatorCols=80
2026-08-21T12:18:37.610 [viewport] source=onRealViewportChanged oldW=800 oldH=480 newW=800 newH=480 viewportSeeded=true emulatorRows=24 emulatorCols=80
2026-08-21T12:18:37.610 [reflow] source=resume view_width_px=800 cell_width_px=10 derived_cols=80 last_sent_cols=80
2026-08-21T12:18:37.610 [viewport] viewportOutgrewEmulator: source=onRealViewportChanged viewport_rows=24 emulator_rows=24 viewport_cols=80 emulator_cols=80 viewport_w=800 viewport_h=480 cell_w=10 cell_h=20 operandsReady=true → false
2026-08-21T12:18:37.610 [viewport] source=onRealViewportChanged cellsDirty=false resume_rows=24 emulator_rows=24 resume_cols=80 emulator_cols=80 outgrew=false mismatch=false → false
2026-08-21T12:18:37.610 [viewport] source=onRealViewportChanged result resized=false outgrewGuard=false candidateRows=24 candidateCols=80 emulatorRows=24 emulatorCols=80
2026-08-21T12:19:20.813 [viewport] source=onViewportSizeChanged oldW=800 oldH=480 newW=800 newH=480 viewportSeeded=true emulatorRows=24 emulatorCols=80
2026-08-21T12:19:20.813 [viewport] viewportOutgrewEmulator: source=onViewportSizeChanged viewport_rows=24 emulator_rows=24 viewport_cols=80 emulator_cols=80 viewport_w=800 viewport_h=480 cell_w=10 cell_h=20 operandsReady=true → false
2026-08-21T12:19:20.813 [viewport] source=onViewportSizeChanged result resized=false outgrewGuard=false candidateRows=24 candidateCols=80 emulatorRows=24 emulatorCols=80
2026-08-21T12:19:20.813 [viewport] source=onRealViewportChanged oldW=800 oldH=480 newW=800 newH=480 viewportSeeded=true emulatorRows=24 emulatorCols=80
2026-08-21T12:19:20.813 [reflow] source=resume view_width_px=800 cell_width_px=10 derived_cols=80 last_sent_cols=80
2026-08-21T12:19:20.813 [viewport] viewportOutgrewEmulator: source=onRealViewportChanged viewport_rows=24 emulator_rows=24 viewport_cols=80 emulator_cols=80 viewport_w=800 viewport_h=480 cell_w=10 cell_h=20 operandsReady=true → false
2026-08-21T12:19:20.813 [viewport] source=onRealViewportChanged cellsDirty=false resume_rows=24 emulator_rows=24 resume_cols=80 emulator_cols=80 outgrew=false mismatch=false → false
2026-08-21T12:19:20.813 [viewport] source=onRealViewportChanged result resized=false outgrewGuard=false candidateRows=24 candidateCols=80 emulatorRows=24 emulatorCols=80
2026-08-21T12:19:58.780 [viewport] source=onViewportSizeChanged oldW=800 oldH=480 newW=800 newH=480 viewportSeeded=true emulatorRows=24 emulatorCols=80
2026-08-21T12:19:58.780 [viewport] viewportOutgrewEmulator: source=onViewportSizeChanged viewport_rows=24 emulator_rows=24 viewport_cols=80 emulator_cols=80 viewport_w=800 viewport_h=480 cell_w=10 cell_h=20 operandsReady=true → false
2026-08-21T12:19:58.780 [viewport] source=onViewportSizeChanged result resized=false outgrewGuard=false candidateRows=24 candidateCols=80 emulatorRows=24 emulatorCols=80
2026-08-21T12:19:58.780 [viewport] source=onRealViewportChanged oldW=800 oldH=480 newW=800 newH=480 viewportSeeded=true emulatorRows=24 emulatorCols=80
2026-08-21T12:19:58.780 [reflow] source=resume view_width_px=800 cell_width_px=10 derived_cols=80 last_sent_cols=80
2026-08-21T12:19:58.780 [viewport] viewportOutgrewEmulator: source=onRealViewportChanged viewport_rows=24 emulator_rows=24 viewport_cols=80 emulator_cols=80 viewport_w=800 viewport_h=480 cell_w=10 cell_h=20 operandsReady=true → false
2026-08-21T12:19:58.780 [viewport] source=onRealViewportChanged cellsDirty=false resume_rows=24 emulator_rows=24 resume_cols=80 emulator_cols=80 outgrew=false mismatch=false → false
2026-08-21T12:19:58.780 [viewport] source=onRealViewportChanged result resized=false outgrewGuard=false candidateRows=24 candidateCols=80 emulatorRows=24 emulatorCols=80
2026-08-21T12:21:11.241 [viewport] source=onViewportSizeChanged oldW=800 oldH=480 newW=800 newH=480 viewportSeeded=true emulatorRows=24 emulatorCols=80
2026-08-21T12:21:11.241 [viewport] viewportOutgrewEmulator: source=onViewportSizeChanged viewport_rows=24 emulator_rows=24 viewport_cols=80 emulator_cols=80 viewport_w=800 viewport_h=480 cell_w=10 cell_h=20 operandsReady=true → false
2026-08-21T12:21:11.241 [viewport] source=onViewportSizeChanged result resized=false outgrewGuard=false candidateRows=24 candidateCols=80 emulatorRows=24 emulatorCols=80
2026-08-21T12:21:11.241 [viewport] source=onRealViewportChanged oldW=800 oldH=480 newW=800 newH=480 viewportSeeded=true emulatorRows=24 emulatorCols=80
2026-08-21T12:21:11.241 [reflow] source=resume view_width_px=800 cell_width_px=10 derived_cols=80 last_sent_cols=80
2026-08-21T12:21:11.241 [viewport] viewportOutgrewEmulator: source=onRealViewportChanged viewport_rows=24 emulator_rows=24 viewport_cols=80 emulator_cols=80 viewport_w=800 viewport_h=480 cell_w=10 cell_h=20 operandsReady=true → false
2026-08-21T12:21:11.241 [viewport] source=onRealViewportChanged cellsDirty=false resume_rows=24 emulator_rows=24 resume_cols=80 emulator_cols=80 outgrew=false mismatch=false → false
2026-08-21T12:21:11.241 [viewport] source=onRealViewportChanged result resized=false outgrewGuard=false candidateRows=24 candidateCols=80 emulatorRows=24 emulatorCols=80
2026-08-21T12:21:36.968 [viewport] source=onViewportSizeChanged oldW=800 oldH=480 newW=800 newH=480 viewportSeeded=true emulatorRows=24 emulatorCols=80
2026-08-21T12:21:36.968 [viewport] viewportOutgrewEmulator: source=onViewportSizeChanged viewport_rows=24 emulator_rows=24 viewport_cols=80 emulator_cols=80 viewport_w=800 viewport_h=480 cell_w=10 cell_h=20 operandsReady=true → false
2026-08-21T12:21:36.968 [viewport] source=onViewportSizeChanged result resized=false outgrewGuard=false candidateRows=24 candidateCols=80 emulatorRows=24 emulatorCols=80
2026-08-21T12:21:36.968 [viewport] source=onRealViewportChanged oldW=800 oldH=480 newW=800 newH=480 viewportSeeded=true emulatorRows=24 emulatorCols=80
2026-08-21T12:21:36.968 [reflow] source=resume view_width_px=800 cell_width_px=10 derived_cols=80 last_sent_cols=80
2026-08-21T12:21:36.968 [viewport] viewportOutgrewEmulator: source=onRealViewportChanged viewport_rows=24 emulator_rows=24 viewport_cols=80 emulator_cols=80 viewport_w=800 viewport_h=480 cell_w=10 cell_h=20 operandsReady=true → false
2026-08-21T12:21:36.968 [viewport] source=onRealViewportChanged cellsDirty=false resume_rows=24 emulator_rows=24 resume_cols=80 emulator_cols=80 outgrew=false mismatch=false → false
2026-08-21T12:21:36.968 [viewport] source=onRealViewportChanged result resized=false outgrewGuard=false candidateRows=24 candidateCols=80 emulatorRows=24 emulatorCols=80
2026-08-21T12:30:06.786 [viewport] source=onViewportSizeChanged oldW=800 oldH=480 newW=800 newH=480 viewportSeeded=true emulatorRows=24 emulatorCols=80
2026-08-21T12:30:06.786 [viewport] viewportOutgrewEmulator: source=onViewportSizeChanged viewport_rows=24 emulator_rows=24 viewport_cols=80 emulator_cols=80 viewport_w=800 viewport_h=480 cell_w=10 cell_h=20 operandsReady=true → false
2026-08-21T12:30:06.786 [viewport] source=onViewportSizeChanged result resized=false outgrewGuard=false candidateRows=24 candidateCols=80 emulatorRows=24 emulatorCols=80
2026-08-21T12:30:06.786 [viewport] source=onRealViewportChanged oldW=800 oldH=480 newW=800 newH=480 viewportSeeded=true emulatorRows=24 emulatorCols=80
2026-08-21T12:30:06.786 [reflow] source=resume view_width_px=800 cell_width_px=10 derived_cols=80 last_sent_cols=80
2026-08-21T12:30:06.786 [viewport] viewportOutgrewEmulator: source=onRealViewportChanged viewport_rows=24 emulator_rows=24 viewport_cols=80 emulator_cols=80 viewport_w=800 viewport_h=480 cell_w=10 cell_h=20 operandsReady=true → false
2026-08-21T12:30:06.786 [viewport] source=onRealViewportChanged cellsDirty=false resume_rows=24 emulator_rows=24 resume_cols=80 emulator_cols=80 outgrew=false mismatch=false → false
2026-08-21T12:30:06.786 [viewport] source=onRealViewportChanged result resized=false outgrewGuard=false candidateRows=24 candidateCols=80 emulatorRows=24 emulatorCols=80
